candidate_id,speaker,target,doc_name,para_idx,speech_date,era,raw_mention,function,stance,evidence_span,rationale,quotation_status,target_status,evidence_status
f54e790240a5080d5476bc34,Gerald Ford,Harry S. Truman,/the-presidency/presidential-speeches/april-10-1975-address-us-foreign-policy,6,1975-04-10 17:00:00,The Cold War,President Truman,institutional precedent,neutral,I recall quite vividly the words of President Truman to the Congress when the United States faced a far greater challenge at the end of the Second World War.,Fixed-rubric classification from the supplied sentence context.,narration,former_president,AI-classified; not human-validated
7a40f904f2b6c254061c6eea,Gerald Ford,Harry S. Truman,/the-presidency/presidential-speeches/april-10-1975-address-us-foreign-policy,6,1975-04-10 17:00:00,The Cold War,President Truman,other/unclear,neutral,""" President Truman's resolution must guide us today.",Fixed-rubric classification from the supplied sentence context.,deliberate_quotation,former_president,AI-classified; not human-validated
aec2be1f1deb102be315b8d8,Gerald Ford,Abraham Lincoln,/the-presidency/presidential-speeches/april-10-1975-address-us-foreign-policy,59,1975-04-10 17:00:00,The Cold War,Abraham Lincoln,other/unclear,neutral,"In an hour far darker than this, Abraham Lincoln told his fellow citizens, and I quote: ""We cannot escape history.",Fixed-rubric classification from the supplied sentence context.,deliberate_quotation,former_president,AI-classified; not human-validated
981e6f0952e59193647c2fad,William McKinley,Ulysses S. Grant,/the-presidency/presidential-speeches/april-11-1898-message-regarding-cuban-civil-war,16,1898-04-11 22:32:00,The Gilded Age,President Grant,policy inheritance,neutral,"Thereupon I reviewed these alternatives, in the light of President Grant's measured words, uttered in 1875, when after seven years of sanguinary, destructive, and cruel hostilities in Cuba he reached the conclusion that the recognition of the independence of Cuba was impracticable and indefensible, and that the recognition of belligerence was not warranted by the facts according to the tests of public law.",Fixed-rubric classification from the supplied sentence context.,narration,former_president,AI-classified; not human-validated
dfdca646ad31d6c4a057daa9,William McKinley,Andrew Jackson,/the-presidency/presidential-speeches/april-11-1898-message-regarding-cuban-civil-war,18,1898-04-11 22:32:00,The Gilded Age,President Jackson,institutional precedent,neutral,"They are well summed up in President Jackson's message to Congress, December 21, 1836, on the subject of the recognition of the independence of Texas.",Fixed-rubric classification from the supplied sentence context.,narration,former_president,AI-classified; not human-validated
0f3656f4de2fa3cb75f907e1,William McKinley,Andrew Jackson,/the-presidency/presidential-speeches/april-11-1898-message-regarding-cuban-civil-war,21,1898-04-11 22:32:00,The Gilded Age,Andrew Jackson,other/unclear,positive,"Thereupon Andrew Jackson proceeded to consider the risk that there might be imputed to the United States motives of selfish interest in view of the former claim on our part to the territory of Texas, and of the avowed purpose of the Texas in seeking recognition of independence as an incident to the incorporation of Texas into the Union, concluding thus: Prudence, therefore, seems to dictate that we should still stand aloof and maintain our present attitude, if not until Mexico itself or one of the great foreign powers shall recognize the independence of the new government, at least until the lapse of time or the course of events shall have proved beyond cavil or dispute the ability of the people of that country to maintain their separate sovereignty and to uphold the government constituted by them.",Fixed-rubric classification from the supplied sentence context.,narration,former_president,AI-classified; not human-validated
88c082136164e75b9b819091,William McKinley,Andrew Jackson,/the-presidency/presidential-speeches/april-11-1898-message-regarding-cuban-civil-war,22,1898-04-11 22:32:00,The Gilded Age,Jackson,other/unclear,neutral,These are the words of the resolute and patriotic Jackson.,Fixed-rubric classification from the supplied sentence context.,narration,former_president,AI-classified; not human-validated
3153090a6652d181399cd764,William McKinley,Andrew Jackson,/the-presidency/presidential-speeches/april-11-1898-message-regarding-cuban-civil-war,23,1898-04-11 22:32:00,The Gilded Age,President Jackson,institutional precedent,neutral,"The Congress to whom President Jackson referred the question as one ""probably leading to war,"" and therefore a proper subject for ""a previous understanding with that body by whom war can alone be declared and by whom all the provisions for sustaining its perils must be furnished,"" left the matter of the recognition of Texas to the discretion of the Executive, providing merely for the sending of a diplomatic agent when the President should be satisfied that the Republic of Texas had become ""an independent",Fixed-rubric classification from the supplied sentence context.,deliberate_quotation,former_president,AI-classified; not human-validated
dfa3e64ba2c1f494fd59b85f,William McKinley,Martin Van Buren,/the-presidency/presidential-speeches/april-11-1898-message-regarding-cuban-civil-war,23,1898-04-11 22:32:00,The Gilded Age,Buren,other/unclear,neutral,""" It was so recognized by President Van Buren, who commissioned a charge d'affaires March 7, 1837, after Mexico had abandoned an attempt to reconquer the Texan territory, and when there was at the time no bona fide contest going on between the insurgent province and its former Sovereign.",Fixed-rubric classification from the supplied sentence context.,deliberate_quotation,former_president,AI-classified; not human-validated
180efce4fb582ae357d5f787,William McKinley,Ulysses S. Grant,/the-presidency/presidential-speeches/april-11-1898-message-regarding-cuban-civil-war,32,1898-04-11 22:32:00,The Gilded Age,President Grant,other/unclear,neutral,"President Grant, in 1875, after discussing the phases of the contest as it then appeared, and its hopeless and apparent indefinite prolongation, said: In such event, I am of opinion that other nations will be compelled to assume the responsibility which devolves upon them, and to seriously consider the only remaining measures possible - mediation and intervention.",Fixed-rubric classification from the supplied sentence context.,narration,former_president,AI-classified; not human-validated
6d3c9a6dd6718fbf06611922,Lyndon B. Johnson,Abraham Lincoln,/the-presidency/presidential-speeches/april-11-1968-remarks-signing-civil-rights-act,1,1968-04-11 18:00:00,The Cold War,Abraham Lincoln,other/unclear,neutral,I shall never forget that it was more than 100 years ago when Abraham Lincoln issued the Emancipation Proclamation - but it was a proclamation; it was not a fact.,Fixed-rubric classification from the supplied sentence context.,narration,former_president,AI-classified; not human-validated
31099b4299ef4ee2016d619e,Donald Trump,Joe Biden,/the-presidency/presidential-speeches/april-13-2020-coronavirus-task-force-briefing,18,2020-04-13 21:30:00,The present era,Joe Biden,policy inheritance,neutral,"Because when I did act, I was criticized by Nancy Pelosi, by Sleepy Joe Biden.",Fixed-rubric classification from the supplied sentence context.,narration,not_yet_president,AI-classified; not human-validated
c4f241c4cb4cbdb2c841f0b4,Donald Trump,Joe Biden,/the-presidency/presidential-speeches/april-13-2020-coronavirus-task-force-briefing,25,2020-04-13 21:30:00,The present era,Joe Biden,other/unclear,neutral,""" Now, Joe Biden said, ""He's a",Fixed-rubric classification from the supplied sentence context.,deliberate_quotation,not_yet_president,AI-classified; not human-validated
b63a3a7a8e5a9d2400b36133,Donald Trump,Joe Biden,/the-presidency/presidential-speeches/april-13-2020-coronavirus-task-force-briefing,26,2020-04-13 21:30:00,The present era,Joe Biden,other/unclear,neutral,"Since then, on a Friday night, two weeks ago, Joe Biden issued a state- - it wasn't him; he didn't write it.",Fixed-rubric classification from the supplied sentence context.,narration,not_yet_president,AI-classified; not human-validated
c60d0e3992c50fe3f4f76c1b,Donald Trump,Joe Biden,/the-presidency/presidential-speeches/april-13-2020-coronavirus-task-force-briefing,26,2020-04-13 21:30:00,The present era,Joe Biden,other/unclear,positive,"But they issued a statement, saying that Joe Biden agrees that the Pres- - that President Trump was right to close it down to China.",Fixed-rubric classification from the supplied sentence context.,narration,not_yet_president,AI-classified; not human-validated
20e8c98db75e0d7022a39097,Donald Trump,Joe Biden,/the-presidency/presidential-speeches/april-13-2020-coronavirus-task-force-briefing,27,2020-04-13 21:30:00,The present era,Joe Biden,other/unclear,neutral,So Joe Biden issued - and it's one of those things.,Fixed-rubric classification from the supplied sentence context.,narration,not_yet_president,AI-classified; not human-validated
d9c3d7ac4dc1ebd021c2dd02,Donald Trump,Joe Biden,/the-presidency/presidential-speeches/april-13-2020-coronavirus-task-force-briefing,65,2020-04-13 21:30:00,The present era,Joe Biden,other/unclear,neutral,"But here's what happened: When, on January 31st, I instituted the ban, Joe Biden went crazy.",Fixed-rubric classification from the supplied sentence context.,narration,not_yet_president,AI-classified; not human-validated
e31cb2fab03311698be725e2,Donald Trump,Joe Biden,/the-presidency/presidential-speeches/april-13-2020-coronavirus-task-force-briefing,220,2020-04-13 21:30:00,The present era,Joe Biden,historical comparison,neutral,"So, you know, if Joe Biden would like a briefing, I'd certainly get him a briefing.",Fixed-rubric classification from the supplied sentence context.,narration,not_yet_president,AI-classified; not human-validated
50974c9fadd38bb48453bb19,Andrew Jackson,George Washington,/the-presidency/presidential-speeches/april-15-1834-protest-senate-censure,38,1834-04-15 18:17:58,Expansion,President Washington,institutional precedent,neutral,"Here, then, we have the concurrent authority of President Washington, of the Senate, and the House of Representatives, numbers of whom had taken an active part in the convention which framed the Constitution and in the State conventions which adopted it, that the President derived an unqualified power of removal from that instrument itself, which is ""beyond the reach of legislative",Fixed-rubric classification from the supplied sentence context.,deliberate_quotation,former_president,AI-classified; not human-validated
cbc2d429909d3fc79eaed3f1,Barack Obama,Dwight D. Eisenhower,/the-presidency/presidential-speeches/april-15-2010-remarks-space-exploration-21st-century,4,2010-04-15 06:00:00,Post-Cold War,President Eisenhower,other/unclear,neutral,"President Eisenhower signed legislation to create NASA and to invest in science and math education, from grade school to graduate school.",Fixed-rubric classification from the supplied sentence context.,narration,former_president,AI-classified; not human-validated
bdffd6d552d022f0d8c75bae,Barack Obama,John F. Kennedy,/the-presidency/presidential-speeches/april-15-2010-remarks-space-exploration-21st-century,4,2010-04-15 06:00:00,Post-Cold War,President Kennedy,institutional precedent,neutral,"In 1961, President Kennedy boldly declared before a joint session of Congress that the United States would send a man to the Moon and return him safely to the Earth within the decade.",Fixed-rubric classification from the supplied sentence context.,narration,former_president,AI-classified; not human-validated
19b85bb03551be93d2fdb6b0,Harry S. Truman,Franklin D. Roosevelt,/the-presidency/presidential-speeches/april-16-1945-first-speech-congress,2,1945-04-16 18:00:00,War & New Deal,Franklin Roosevelt,other/unclear,positive,With great humility I call upon all Americans to help me keep our nation united in defense of those ideals which have been so eloquently proclaimed by Franklin Roosevelt.,Fixed-rubric classification from the supplied sentence context.,narration,former_president,AI-classified; not human-validated
15908669344a74be33ef6ebe,Lyndon B. Johnson,Dwight D. Eisenhower,/the-presidency/presidential-speeches/april-16-1964-press-conference-state-department,17,1964-04-16 18:00:00,The Cold War,Eisenhower,institutional precedent,neutral,"When you realize that each year during the last 3 years we have spent approximately $6 billion more on our military budget than was spent the last year of the Eisenhower administration, when you realize that we are spending $8 billion more this year than was spent the last year of the Eisenhower administration on our military budget, you realize that approximately $25 billion more has been spent than would have been spent if we had gone on at the rate of the last year of the Republican administration.",Fixed-rubric classification from the supplied sentence context.,narration,former_president,AI-classified; not human-validated
0b5737674fb14c8a6a7c9f81,Lyndon B. Johnson,Dwight D. Eisenhower,/the-presidency/presidential-speeches/april-16-1964-press-conference-state-department,17,1964-04-16 18:00:00,The Cold War,Eisenhower,institutional precedent,neutral,"When you realize that each year during the last 3 years we have spent approximately $6 billion more on our military budget than was spent the last year of the Eisenhower administration, when you realize that we are spending $8 billion more this year than was spent the last year of the Eisenhower administration on our military budget, you realize that approximately $25 billion more has been spent than would have been spent if we had gone on at the rate of the last year of the Republican administration.",Fixed-rubric classification from the supplied sentence context.,narration,former_president,AI-classified; not human-validated
1a6b4b3f5a95f29500e8ba80,Lyndon B. Johnson,John F. Kennedy,/the-presidency/presidential-speeches/april-16-1964-press-conference-state-department,31,1964-04-16 18:00:00,The Cold War,President Kennedy,other/unclear,neutral,"President, to go back to politics, the late President Kennedy, in looking ahead to the '64 election, used to say that he expected a hard, close fight.",Fixed-rubric classification from the supplied sentence context.,narration,former_president,AI-classified; not human-validated
3067fb2c6a91d26da09bae24,Lyndon B. Johnson,Abraham Lincoln,/the-presidency/presidential-speeches/april-16-1964-press-conference-state-department,35,1964-04-16 18:00:00,The Cold War,Abraham Lincoln,other/unclear,neutral,"I only hope that we recognize that it has been a hundred years since Abraham Lincoln freed the slaves of their chains, but he has not freed all of the people of the bigotry that exists.",Fixed-rubric classification from the supplied sentence context.,narration,former_president,AI-classified; not human-validated
b538f1fb816354165cfab525,Lyndon B. Johnson,Abraham Lincoln,/the-presidency/presidential-speeches/april-16-1964-press-conference-state-department,35,1964-04-16 18:00:00,The Cold War,President Lincoln,other/unclear,positive,"It has been a hundred years since President Lincoln signed the Emancipation Proclamation, but a great many people do not have equal rights as of now.",Fixed-rubric classification from the supplied sentence context.,narration,former_president,AI-classified; not human-validated
9a1af763b566f26a8a7d8c20,Lyndon B. Johnson,George Washington,/the-presidency/presidential-speeches/april-20-1964-speech-associated-press-luncheon,3,1964-04-20 18:00:00,The Cold War,Washington,ceremonial/biographical,neutral,"So we seek today, as we did in Washington's time, to protect the life of our Nation, to preserve the liberty of our citizens, and to pursue the happiness of our people.",Fixed-rubric classification from the supplied sentence context.,narration,former_president,AI-classified; not human-validated
cb3e5afd78100cae4144c2c3,Lyndon B. Johnson,Dwight D. Eisenhower,/the-presidency/presidential-speeches/april-20-1964-speech-associated-press-luncheon,7,1964-04-20 18:00:00,The Cold War,Eisenhower,institutional precedent,neutral,"We have increased defense spending in these 3 years by approximately $6 billion a year over the last year of the Eisenhower administration, and this year we are spending approximately $8 billion more on defense than we were during that last year.",Fixed-rubric classification from the supplied sentence context.,narration,former_president,AI-classified; not human-validated
00083c0cde3501d24664f7c8,Lyndon B. Johnson,Woodrow Wilson,/the-presidency/presidential-speeches/april-20-1964-speech-associated-press-luncheon,27,1964-04-20 18:00:00,The Cold War,Woodrow Wilson,other/unclear,neutral,"We now move toward solution with the generosity of friends who realize, as Woodrow Wilson once said, ""You cannot be friends on any other terms than upon the terms of",Fixed-rubric classification from the supplied sentence context.,deliberate_quotation,former_president,AI-classified; not human-validated
316b14f5dda5900a8d3adea1,Lyndon B. Johnson,George Washington,/the-presidency/presidential-speeches/april-20-1964-speech-associated-press-luncheon,51,1964-04-20 18:00:00,The Cold War,Washington,ceremonial/biographical,neutral,"So we seek today, as we did in Washington's time, to protect the life of our Nation, to preserve the liberty of our citizens, and to pursue the happiness of our people.",Fixed-rubric classification from the supplied sentence context.,narration,former_president,AI-classified; not human-validated
89e8745d35b24114caecc9e2,Lyndon B. Johnson,Dwight D. Eisenhower,/the-presidency/presidential-speeches/april-20-1964-speech-associated-press-luncheon,55,1964-04-20 18:00:00,The Cold War,Eisenhower,institutional precedent,neutral,"We have increased defense spending in these 3 years by approximately $6 billion a year over the last year of the Eisenhower administration, and this year we are spending approximately $8 billion more on defense than we were during that last year.",Fixed-rubric classification from the supplied sentence context.,narration,former_president,AI-classified; not human-validated
20e0ed90550389e8691e8c9e,Lyndon B. Johnson,Woodrow Wilson,/the-presidency/presidential-speeches/april-20-1964-speech-associated-press-luncheon,75,1964-04-20 18:00:00,The Cold War,Woodrow Wilson,other/unclear,neutral,"We now move toward solution with the generosity of friends who realize, as Woodrow Wilson once said, ""You cannot be friends on any other terms than upon the terms of",Fixed-rubric classification from the supplied sentence context.,deliberate_quotation,former_president,AI-classified; not human-validated
6d805fec72407823f4b85b3e,Zachary Taylor,James K. Polk,/the-presidency/presidential-speeches/april-22-1850-message-regarding-treaty-great-britain,3,1850-04-22 16:40:58,Civil War & Reconstruction,President Polk,policy inheritance,positive,"It is in accordance with the whole spirit of the resolution of the Senate of the 3d of March, 1835, referred to by President Polk, and with the policy adopted by President Jackson immediately after the passage of that resolution, who dispatched an agent to Central America and New Granada ""to open negotiations with those Governments for the purpose of effectually protecting, by suitable treaty stipulations with them, such individuals or companies as might undertake to open a communication between the Atlantic and Pacific oceans by the construction of a ship canal across the isthmus which connects North and South America, and of securing forever by such stipulations the free and equal right of navigating such canal to all such nations on the payment of such reasonable tolls as might be established to compensate the capitalists who should engage in such undertaking and complete the",Fixed-rubric classification from the supplied sentence context.,deliberate_quotation,former_president,AI-classified; not human-validated
b9bdcf6b6c73ee3909ea6af9,Zachary Taylor,Andrew Jackson,/the-presidency/presidential-speeches/april-22-1850-message-regarding-treaty-great-britain,3,1850-04-22 16:40:58,Civil War & Reconstruction,President Jackson,policy inheritance,positive,"It is in accordance with the whole spirit of the resolution of the Senate of the 3d of March, 1835, referred to by President Polk, and with the policy adopted by President Jackson immediately after the passage of that resolution, who dispatched an agent to Central America and New Granada ""to open negotiations with those Governments for the purpose of effectually protecting, by suitable treaty stipulations with them, such individuals or companies as might undertake to open a communication between the Atlantic and Pacific oceans by the construction of a ship canal across the isthmus which connects North and South America, and of securing forever by such stipulations the free and equal right of navigating such canal to all such nations on the payment of such reasonable tolls as might be established to compensate the capitalists who should engage in such undertaking and complete the",Fixed-rubric classification from the supplied sentence context.,deliberate_quotation,former_president,AI-classified; not human-validated
b857fb7b711d7e6b8ec04e78,Gerald Ford,Abraham Lincoln,/the-presidency/presidential-speeches/april-23-1975-remarks-tulane-university,8,1975-04-23 17:00:00,The Cold War,Abraham Lincoln,other/unclear,neutral,"Abraham Lincoln asked, in his own words, and I quote, ""What constitutes the bulwark of our own liberty and",Fixed-rubric classification from the supplied sentence context.,deliberate_quotation,former_president,AI-classified; not human-validated
3c48b6c3026f776185870a16,Lyndon B. Johnson,Harry S. Truman,/the-presidency/presidential-speeches/april-27-1965-press-conference-east-room,6,1965-04-27 17:00:00,The Cold War,President Truman,other/unclear,neutral,"This was true under President Truman, under President Eisenhower, under President Kennedy, and it will be true again in southeast Asia.",Fixed-rubric classification from the supplied sentence context.,narration,former_president,AI-classified; not human-validated
5bb6b26f17f8b36f4535caed,Lyndon B. Johnson,Dwight D. Eisenhower,/the-presidency/presidential-speeches/april-27-1965-press-conference-east-room,6,1965-04-27 17:00:00,The Cold War,President Eisenhower,other/unclear,neutral,"This was true under President Truman, under President Eisenhower, under President Kennedy, and it will be true again in southeast Asia.",Fixed-rubric classification from the supplied sentence context.,narration,former_president,AI-classified; not human-validated
0aa46b2d79a864a8d7b1406b,Lyndon B. Johnson,John F. Kennedy,/the-presidency/presidential-speeches/april-27-1965-press-conference-east-room,6,1965-04-27 17:00:00,The Cold War,President Kennedy,other/unclear,neutral,"This was true under President Truman, under President Eisenhower, under President Kennedy, and it will be true again in southeast Asia.",Fixed-rubric classification from the supplied sentence context.,narration,former_president,AI-classified; not human-validated
4fc5c16955b9713067114b12,Lyndon B. Johnson,Harry S. Truman,/the-presidency/presidential-speeches/april-27-1965-press-conference-east-room,13,1965-04-27 17:00:00,The Cold War,President Truman,other/unclear,neutral,He was President Truman's Special Counsel in the White House.,Fixed-rubric classification from the supplied sentence context.,narration,former_president,AI-classified; not human-validated
fb4b7ff6aff4ed3cac387724,Ronald Reagan,Jimmy Carter,/the-presidency/presidential-speeches/april-27-1983-address-central-america,6,1983-04-27 18:00:00,The Cold War,President Carter,other/unclear,neutral,President Carter did not hesitate.,Fixed-rubric classification from the supplied sentence context.,narration,former_president,AI-classified; not human-validated
e339f93254f0786f9c03a48e,Ronald Reagan,Harry S. Truman,/the-presidency/presidential-speeches/april-27-1983-address-central-america,23,1983-04-27 18:00:00,The Cold War,President Truman,institutional precedent,neutral,"President Truman's words are as apt today as they were in 1947 when he, too, spoke before a joint session of the Congress: ""At the present moment in world history, nearly every nation must choose between alternate ways of life.",Fixed-rubric classification from the supplied sentence context.,deliberate_quotation,former_president,AI-classified; not human-validated
76ca742a6fad233bdb8297c8,Ronald Reagan,Harry S. Truman,/the-presidency/presidential-speeches/april-27-1983-address-central-america,25,1983-04-27 18:00:00,The Cold War,President Truman,other/unclear,neutral,""" The countries of Central America are smaller than the nations that prompted President Truman's message.",Fixed-rubric classification from the supplied sentence context.,deliberate_quotation,former_president,AI-classified; not human-validated
de815031a5003e45a64ecd72,Ronald Reagan,Harry S. Truman,/the-presidency/presidential-speeches/april-27-1983-address-central-america,25,1983-04-27 18:00:00,The Cold War,Mr. Truman,other/unclear,neutral,"Will our response - economic, social, military - be as appropriate and successful as Mr.",Fixed-rubric classification from the supplied sentence context.,narration,former_president,AI-classified; not human-validated
d3db4a8b2b0c23f29a687a13,Franklin D. Roosevelt,Woodrow Wilson,/the-presidency/presidential-speeches/april-28-1935-fireside-chat-7-works-relief-program-and-social,3,1935-04-28 17:00:00,War & New Deal,President Wilson,other/unclear,neutral,"I am reminded sometimes of what President Wilson once said: "" So many people come to Washington who know things that are not so, and so few people who know anything about what the people of the United States are thinking",Fixed-rubric classification from the supplied sentence context.,deliberate_quotation,former_president,AI-classified; not human-validated
78768eaaca8bdaa45dcadfd4,Ronald Reagan,Theodore Roosevelt,/the-presidency/presidential-speeches/april-28-1981-address-program-economic-recovery,19,1981-04-28 18:00:00,The Cold War,Teddy Roosevelt,institutional precedent,neutral,"As a matter fact, some 80 years ago, Teddy Roosevelt wrote these instructive words in his first message to the Congress: ""The American people are slow to wrath, but when their wrath is once kindled, it burns like a consuming",Fixed-rubric classification from the supplied sentence context.,deliberate_quotation,former_president,AI-classified; not human-validated
1a6d272054747e47993f70ac,Rutherford B. Hayes,Abraham Lincoln,/the-presidency/presidential-speeches/april-29-1879-veto-army-appropriations-bill,1,1879-04-29 19:20:58,The Gilded Age,President Lincoln,policy inheritance,neutral,""" This statute was adopted February 25, 1865, after a protracted debate in the Senate, and almost without opposition in the House of Representatives, by the concurrent votes of both of the leading political parties of the country, and became a law by the approval of President Lincoln.",Fixed-rubric classification from the supplied sentence context.,deliberate_quotation,former_president,AI-classified; not human-validated
f1d2e65a18a2c7a383e3579d,Richard M. Nixon,George Washington,/the-presidency/presidential-speeches/april-29-1974-address-nation-presidential-tape-recordings,6,1974-04-29 17:00:00,The Cold War,Washington,other/unclear,neutral,"This principle is recognized in the constitutional doctrine of executive privilege, which has been defended and maintained by every President since Washington and which has been recognized by the courts, whenever tested, as inherent in the Presidency.",Fixed-rubric classification from the supplied sentence context.,narration,former_president,AI-classified; not human-validated
42227868021c70f5425db787,Richard M. Nixon,Abraham Lincoln,/the-presidency/presidential-speeches/april-29-1974-address-nation-presidential-tape-recordings,34,1974-04-29 17:00:00,The Cold War,Abraham Lincoln,other/unclear,neutral,"Abraham Lincoln said: ""I do the very best I know how - the very best I can; and I mean to keep doing so until the end.",Fixed-rubric classification from the supplied sentence context.,deliberate_quotation,former_president,AI-classified; not human-validated
c2a9c57c8e20ee950e3395e8,Richard M. Nixon,Woodrow Wilson,/the-presidency/presidential-speeches/april-30-1970-address-nation-situation-southeast-asia,24,1970-04-30 17:00:00,The Cold War,Woodrow Wilson,other/unclear,positive,"In this room, Woodrow Wilson made the great decisions which led to victory in World War I.",Fixed-rubric classification from the supplied sentence context.,narration,former_president,AI-classified; not human-validated
73ee7196e8883e6c0d448afa,Richard M. Nixon,Franklin D. Roosevelt,/the-presidency/presidential-speeches/april-30-1970-address-nation-situation-southeast-asia,24,1970-04-30 17:00:00,The Cold War,Franklin Roosevelt,other/unclear,neutral,Franklin Roosevelt made the decisions which led to our victory in World War II.,Fixed-rubric classification from the supplied sentence context.,narration,former_president,AI-classified; not human-validated
514eb1cd298599c11e1ae5b2,Richard M. Nixon,Dwight D. Eisenhower,/the-presidency/presidential-speeches/april-30-1970-address-nation-situation-southeast-asia,24,1970-04-30 17:00:00,The Cold War,Dwight D. Eisenhower,other/unclear,neutral,Dwight D.,Fixed-rubric classification from the supplied sentence context.,narration,former_president,AI-classified; not human-validated
32bcf1d9d85a1c4aafb3ca41,Richard M. Nixon,John F. Kennedy,/the-presidency/presidential-speeches/april-30-1970-address-nation-situation-southeast-asia,24,1970-04-30 17:00:00,The Cold War,John F. Kennedy,other/unclear,neutral,John F.,Fixed-rubric classification from the supplied sentence context.,narration,former_president,AI-classified; not human-validated
0b1f2467f5dad70b04f1ab0e,Bill Clinton,Thomas Jefferson,/the-presidency/presidential-speeches/april-30-1993-national-service-address,22,1993-04-30 18:00:00,Post-Cold War,Thomas Jefferson,other/unclear,neutral,"It was Thomas Jefferson who first told the American people in essence that the more you know, the more you owe.",Fixed-rubric classification from the supplied sentence context.,narration,former_president,AI-classified; not human-validated
79170352d5da1ad22cb2436b,Bill Clinton,Thomas Jefferson,/the-presidency/presidential-speeches/april-30-1993-national-service-address,22,1993-04-30 18:00:00,Post-Cold War,Thomas Jefferson,historical comparison,positive,""" This statement reminds us that values never go out of fashion, that civic responsibility is as good for democracy today as it was when Thomas Jefferson said that, and that if you really want to be the best citizen of your country, you have to give something back to your country.",Fixed-rubric classification from the supplied sentence context.,deliberate_quotation,former_president,AI-classified; not human-validated
75358f833582b7c0e8c70c8e,Bill Clinton,Abraham Lincoln,/the-presidency/presidential-speeches/april-30-1993-national-service-address,34,1993-04-30 18:00:00,Post-Cold War,Abraham Lincoln,policy inheritance,neutral,"More than a century ago President Abraham Lincoln signed the Homestead Act, and the frontier of this country was settled by countless families who took up the challenge in exchange for 100 acres to call their own.",Fixed-rubric classification from the supplied sentence context.,narration,former_president,AI-classified; not human-validated
868a46a74070f4d5f0eca449,Bill Clinton,Franklin D. Roosevelt,/the-presidency/presidential-speeches/april-30-1993-national-service-address,34,1993-04-30 18:00:00,Post-Cold War,President Roosevelt,other/unclear,neutral,In the 1930's President Roosevelt enlisted millions of young people to restore the environment through the Civilian Conservation Corps.,Fixed-rubric classification from the supplied sentence context.,narration,former_president,AI-classified; not human-validated
9bf0de6626c46a7d0a7227a6,Bill Clinton,Franklin D. Roosevelt,/the-presidency/presidential-speeches/april-30-1993-national-service-address,34,1993-04-30 18:00:00,Post-Cold War,FDR,institutional precedent,neutral,FDR gave others a chance to support themselves through the buildings made possible by the Works Project Administration.,Fixed-rubric classification from the supplied sentence context.,narration,former_president,AI-classified; not human-validated
face70e679ccc39c71002626,Bill Clinton,John F. Kennedy,/the-presidency/presidential-speeches/april-30-1993-national-service-address,35,1993-04-30 18:00:00,Post-Cold War,President Kennedy,other/unclear,neutral,"A generation ago, the young people of my generation saw suffering in Latin America, Asia, and Africa, and many rushed to the challenge laid down by President Kennedy when he created the Peace Corps, which became our country's greatest ambassador, building bridges of understanding to far off cultures.",Fixed-rubric classification from the supplied sentence context.,narration,former_president,AI-classified; not human-validated
5056aa17cd6ee6327e7c3179,Chester A. Arthur,Rutherford B. Hayes,/the-presidency/presidential-speeches/april-4-1882-veto-chinese-exclusion-act,21,1882-04-04 19:53:58,The Gilded Age,President Hayes,policy inheritance,neutral,"I transmit herewith copies of the papers relating to the recent treaty with China, which accompanied the confidential message of President Hayes to the Senate of the 10th January, 1881, and also a copy of a memorandum respecting the act herewith returned, which was handed to the Secretary of State by the Chinese minister in Washington.",Fixed-rubric classification from the supplied sentence context.,narration,former_president,AI-classified; not human-validated
3d6e405bbc019b77f0639ea0,Benjamin Harrison,George Washington,/the-presidency/presidential-speeches/april-4-1889-commemoration-centennial-washingtons-inauguration,0,1889-04-04 20:09:00,The Gilded Age,George Washington,ceremonial/biographical,neutral,"At noon on the 30th day of April, 1789, in the city of New York, and in the presence of an assemblage of the heroic men whose patriotic devotion had led the colonies to victory and independence, George Washington took the oath of office as Chief Magistrate of the new-born Republic.",Fixed-rubric classification from the supplied sentence context.,narration,former_president,AI-classified; not human-validated
9a8d3107471d6b21875a16e6,Lyndon B. Johnson,Dwight D. Eisenhower,/the-presidency/presidential-speeches/april-7-1965-address-johns-hopkins-university,33,1965-04-07 18:00:00,The Cold War,Eisenhower,other/unclear,neutral,Eisenhower and Mr.,Fixed-rubric classification from the supplied sentence context.,narration,former_president,AI-classified; not human-validated
1e45cf9c2bac39f9983ddca0,Lyndon B. Johnson,Dwight D. Eisenhower,/the-presidency/presidential-speeches/april-7-1965-address-johns-hopkins-university,67,1965-04-07 18:00:00,The Cold War,Eisenhower,other/unclear,neutral,Eisenhower and Mr.,Fixed-rubric classification from the supplied sentence context.,narration,former_president,AI-classified; not human-validated
e111e559d953a54ba5780c76,Richard M. Nixon,Dwight D. Eisenhower,/the-presidency/presidential-speeches/april-7-1971-address-nation-situation-southeast-asia,1,1971-04-07 18:00:00,The Cold War,President Eisenhower,other/unclear,neutral,"When I left Washington in January of 1961, after serving eight years as Vice President under President Eisenhower, there were no American combat forces in Vietnam.",Fixed-rubric classification from the supplied sentence context.,narration,former_president,AI-classified; not human-validated
3367342c7c97df40a4a64c48,Richard M. Nixon,Thomas Jefferson,/the-presidency/presidential-speeches/april-7-1971-address-nation-situation-southeast-asia,10,1971-04-07 18:00:00,The Cold War,Thomas Jefferson,historical comparison,neutral,"I believe, as Thomas Jefferson did, that Americans will always choose hope over despair.",Fixed-rubric classification from the supplied sentence context.,narration,former_president,AI-classified; not human-validated
4f3b9546c65f558ab5cd065d,John Tyler,William Harrison,/the-presidency/presidential-speeches/april-9-1841-address-upon-assuming-office-president-united,0,1841-04-09 18:32:58,Expansion,William Henry Harrison,ceremonial/biographical,neutral,"To the People of the United States FELLOW-CITIZENS: Before my arrival at the seat of Government the painful communication was made to you by the officers presiding over the several Departments of the deeply regretted death of William Henry Harrison, late President of the United States.",Fixed-rubric classification from the supplied sentence context.,narration,former_president,AI-classified; not human-validated
e862c59257823fecf9ef7d97,Calvin Coolidge,George Washington,/the-presidency/presidential-speeches/august-10-1927-address-opening-work-mount-rushmore-black-hills,1,1927-08-10 17:00:00,Progressives & Depression,George Washington,other/unclear,neutral,"It is but natural that such a design should begin with George Washington, for with him begins that which is truly characteristic of America.",Fixed-rubric classification from the supplied sentence context.,narration,former_president,AI-classified; not human-validated
b335ef979315ba41321c8b8b,Calvin Coolidge,Thomas Jefferson,/the-presidency/presidential-speeches/august-10-1927-address-opening-work-mount-rushmore-black-hills,2,1927-08-10 17:00:00,Progressives & Depression,Thomas Jefferson,institutional precedent,positive,"Next to him will come Thomas Jefferson, whose wisdom insured that the Government which Washington had formed should be entrusted to the administration of the people.",Fixed-rubric classification from the supplied sentence context.,narration,former_president,AI-classified; not human-validated
6cfd49bcc5c8460f0f1a285a,Calvin Coolidge,Abraham Lincoln,/the-presidency/presidential-speeches/august-10-1927-address-opening-work-mount-rushmore-black-hills,3,1927-08-10 17:00:00,Progressives & Depression,Abraham Lincoln,other/unclear,neutral,The master of this supreme accomplishment was Abraham Lincoln.,Fixed-rubric classification from the supplied sentence context.,narration,former_president,AI-classified; not human-validated
15ca047ee291592ca11b54a5,Calvin Coolidge,George Washington,/the-presidency/presidential-speeches/august-10-1927-address-opening-work-mount-rushmore-black-hills,3,1927-08-10 17:00:00,Progressives & Depression,Washington,other/unclear,neutral,"The work which Washington and Jefferson began, he extended to its logical conclusions.",Fixed-rubric classification from the supplied sentence context.,narration,former_president,AI-classified; not human-validated
edc0e23a23fb53e14713c381,Calvin Coolidge,Thomas Jefferson,/the-presidency/presidential-speeches/august-10-1927-address-opening-work-mount-rushmore-black-hills,3,1927-08-10 17:00:00,Progressives & Depression,Jefferson,other/unclear,neutral,"The work which Washington and Jefferson began, he extended to its logical conclusions.",Fixed-rubric classification from the supplied sentence context.,narration,former_president,AI-classified; not human-validated
79e9c22f98545a141e49363c,Calvin Coolidge,Theodore Roosevelt,/the-presidency/presidential-speeches/august-10-1927-address-opening-work-mount-rushmore-black-hills,4,1927-08-10 17:00:00,Progressives & Depression,Theodore Roosevelt,other/unclear,neutral,That the principles for which these three men stood might be still more firmly established destiny raised up Theodore Roosevelt.,Fixed-rubric classification from the supplied sentence context.,narration,former_president,AI-classified; not human-validated
1aac17455912bd78796a4f7c,Calvin Coolidge,Thomas Jefferson,/the-presidency/presidential-speeches/august-10-1927-address-opening-work-mount-rushmore-black-hills,5,1927-08-10 17:00:00,Progressives & Depression,Jefferson,other/unclear,neutral,"Here in the heart of the continent, on the side of a mountain which probably no white man had ever beheld in the days of Washington, in territory which was acquired by the action of Jefferson, which remained an unbroken wilderness beyond the days of Lincoln, which was especially beloved by Roosevelt, the people of the future will see history and art combined to portray the spirit of patriotism.",Fixed-rubric classification from the supplied sentence context.,narration,former_president,AI-classified; not human-validated
2bdd74eaa33869f99ed85f0e,George W. Bush,Ronald Reagan,/the-presidency/presidential-speeches/august-10-2001-address-nation-stem-cell-research,12,2001-08-10 03:01:00,Post-Cold War,President Reagan,other/unclear,neutral,Nancy Reagan has written me about President Reagan's struggle with Alzheimer's.,Fixed-rubric classification from the supplied sentence context.,narration,former_president,AI-classified; not human-validated
41aba1cc4aa10827111db3dd,John Tyler,James Buchanan,/the-presidency/presidential-speeches/august-11-1842-message-senate-negotiations-britain,31,1842-08-11 19:03:58,Expansion,JAMES BUCHANAN,other/unclear,neutral,JAMES BUCHANAN.,Fixed-rubric classification from the supplied sentence context.,narration,not_yet_president,AI-classified; not human-validated
57a319c5e175ea966d1c1c7d,John Tyler,James Buchanan,/the-presidency/presidential-speeches/august-11-1842-message-senate-negotiations-britain,31,1842-08-11 19:03:58,Expansion,Mr. Buchanan,other/unclear,neutral,Smith to Mr.,Fixed-rubric classification from the supplied sentence context.,narration,not_yet_president,AI-classified; not human-validated
497f628b299896631aea8434,John Tyler,Lyndon B. Johnson,/the-presidency/presidential-speeches/august-11-1842-message-senate-negotiations-britain,40,1842-08-11 19:03:58,Expansion,Mr. Johnson,other/unclear,neutral,To return to the narration of operations: The exploring line of Colonel Bouchette and Mr.,Fixed-rubric classification from the supplied sentence context.,narration,not_yet_president,AI-classified; not human-validated
e46159dabe573bcbd08dbbdd,John Tyler,Lyndon B. Johnson,/the-presidency/presidential-speeches/august-11-1842-message-senate-negotiations-britain,40,1842-08-11 19:03:58,Expansion,Mr. Johnson,other/unclear,neutral,"Croix, as described in the report of Colonel Bouchette and Mr.",Fixed-rubric classification from the supplied sentence context.,narration,not_yet_president,AI-classified; not human-validated
3fb4836aeda910e93128140c,John Tyler,Lyndon B. Johnson,/the-presidency/presidential-speeches/august-11-1842-message-senate-negotiations-britain,41,1842-08-11 19:03:58,Expansion,Mr. Johnson,other/unclear,neutral,"An old line, cut out by the assistant surveyors of Colonel Bouchette and Mr.",Fixed-rubric classification from the supplied sentence context.,narration,not_yet_president,AI-classified; not human-validated
25bd5b42423fd20f1335ea5b,John Tyler,Lyndon B. Johnson,/the-presidency/presidential-speeches/august-11-1842-message-senate-negotiations-britain,41,1842-08-11 19:03:58,Expansion,Mr. Johnson,other/unclear,neutral,"Johnson, was also found, which terminated about half a mile north of the South Branch of the Meduxnikeag, where, by records to which the undersigned referred, they ascertained that it had been abandoned because of its deviation from the exploring fine of Colonel Bouchette and Mr.",Fixed-rubric classification from the supplied sentence context.,narration,not_yet_president,AI-classified; not human-validated
b0cecf923031402912175834,Herbert Hoover,Theodore Roosevelt,/the-presidency/presidential-speeches/august-11-1932-speech-accepting-republican-nomination,27,1932-08-11 16:09:00,Progressives & Depression,Theodore Roosevelt,institutional precedent,neutral,"Second: I am against their proposals to destroy the usefulness of the bipartisan Tariff Commission, the establishment of whose effective powers we secured during this administration just 25 years after it was first advocated by President Theodore Roosevelt.",Fixed-rubric classification from the supplied sentence context.,narration,former_president,AI-classified; not human-validated
ecbd08cbbcf22c03e6c5d358,Jimmy Carter,Harry S. Truman,/the-presidency/presidential-speeches/august-14-1980-acceptance-speech-democratic-national,1,1980-08-14 18:00:00,The Cold War,Truman,other/unclear,neutral,And we are the party of a courageous fighter who knew how to give 'em hell - Harry Truman.,Fixed-rubric classification from the supplied sentence context.,narration,former_president,AI-classified; not human-validated
ba96396386eb8b3d5d0a08fd,Jimmy Carter,Harry S. Truman,/the-presidency/presidential-speeches/august-14-1980-acceptance-speech-democratic-national,1,1980-08-14 18:00:00,The Cold War,Truman,other/unclear,neutral,"And as Truman said, he just told the truth and they thought it was hell.",Fixed-rubric classification from the supplied sentence context.,narration,former_president,AI-classified; not human-validated
0e56964d2d64bfdc016b6752,Jimmy Carter,Franklin D. Roosevelt,/the-presidency/presidential-speeches/august-14-1980-acceptance-speech-democratic-national,3,1980-08-14 18:00:00,The Cold War,Franklin Roosevelt,ceremonial/biographical,neutral,"And we have a memory of Franklin Roosevelt, 40 years ago, when he said that there are times in our history when concerns over our personal lives are overshadowed by our concern over ""what will happen to the county we have",Fixed-rubric classification from the supplied sentence context.,deliberate_quotation,former_president,AI-classified; not human-validated
35da8c4195c8b289a9ab1f3e,Jimmy Carter,Harry S. Truman,/the-presidency/presidential-speeches/august-14-1980-acceptance-speech-democratic-national,20,1980-08-14 18:00:00,The Cold War,Truman,other/unclear,neutral,"The Republican nominee advocates abandoning arms control policies which have been important and supported by every Democratic President since Harry, Truman, and also by every Republican President since Dwight D.",Fixed-rubric classification from the supplied sentence context.,narration,former_president,AI-classified; not human-validated
061c330f3e7c49ae9eec7d6d,Jimmy Carter,Dwight D. Eisenhower,/the-presidency/presidential-speeches/august-14-1980-acceptance-speech-democratic-national,20,1980-08-14 18:00:00,The Cold War,Dwight D. Eisenhower,other/unclear,neutral,"The Republican nominee advocates abandoning arms control policies which have been important and supported by every Democratic President since Harry, Truman, and also by every Republican President since Dwight D.",Fixed-rubric classification from the supplied sentence context.,narration,former_president,AI-classified; not human-validated
9a223739fb2bb4ab1665eeaa,Jimmy Carter,Herbert Hoover,/the-presidency/presidential-speeches/august-14-1980-acceptance-speech-democratic-national,39,1980-08-14 18:00:00,The Cold War,Herbert Hoover,other/unclear,neutral,Would you rather quote Herbert Hoover or Franklin Delano Roosevelt?,Fixed-rubric classification from the supplied sentence context.,narration,former_president,AI-classified; not human-validated
a69ef0b9351cc3af400b3aca,Jimmy Carter,Richard M. Nixon,/the-presidency/presidential-speeches/august-14-1980-acceptance-speech-democratic-national,39,1980-08-14 18:00:00,The Cold War,Richard Nixon,other/unclear,neutral,Would you rather quote Richard Nixon or John Fitzgerald Kennedy?,Fixed-rubric classification from the supplied sentence context.,narration,former_president,AI-classified; not human-validated
37d450b154ec252ff47cac9b,Richard M. Nixon,John F. Kennedy,/the-presidency/presidential-speeches/august-15-1973-address-nation-about-watergate-investigations,6,1973-08-15 17:00:00,The Cold War,President Kennedy,other/unclear,neutral,He told us it had been the most extensive investigation since the assassination of President Kennedy and that it had established that only those seven were involved.,Fixed-rubric classification from the supplied sentence context.,narration,former_president,AI-classified; not human-validated
9f7daf889a847325d312b3da,Richard M. Nixon,Harry S. Truman,/the-presidency/presidential-speeches/august-15-1973-address-nation-about-watergate-investigations,17,1973-08-15 17:00:00,The Cold War,President Truman,institutional precedent,neutral,"But until the Supreme Court spoke, I had been acting, as did my predecessors - President Truman, President Eisenhower, President Kennedy, and President Johnson - in a reasonable belief that in certain circumstances the Constitution permitted and sometimes even required such measures to protect the national security in the public interest.",Fixed-rubric classification from the supplied sentence context.,narration,former_president,AI-classified; not human-validated
1c0654258696d16d57a7a3f7,Richard M. Nixon,Dwight D. Eisenhower,/the-presidency/presidential-speeches/august-15-1973-address-nation-about-watergate-investigations,17,1973-08-15 17:00:00,The Cold War,President Eisenhower,institutional precedent,neutral,"But until the Supreme Court spoke, I had been acting, as did my predecessors - President Truman, President Eisenhower, President Kennedy, and President Johnson - in a reasonable belief that in certain circumstances the Constitution permitted and sometimes even required such measures to protect the national security in the public interest.",Fixed-rubric classification from the supplied sentence context.,narration,former_president,AI-classified; not human-validated
6745831a9006eb469437777f,Richard M. Nixon,John F. Kennedy,/the-presidency/presidential-speeches/august-15-1973-address-nation-about-watergate-investigations,17,1973-08-15 17:00:00,The Cold War,President Kennedy,institutional precedent,neutral,"But until the Supreme Court spoke, I had been acting, as did my predecessors - President Truman, President Eisenhower, President Kennedy, and President Johnson - in a reasonable belief that in certain circumstances the Constitution permitted and sometimes even required such measures to protect the national security in the public interest.",Fixed-rubric classification from the supplied sentence context.,narration,former_president,AI-classified; not human-validated
b892fce5f719e23c214d0c6e,Richard M. Nixon,Lyndon B. Johnson,/the-presidency/presidential-speeches/august-15-1973-address-nation-about-watergate-investigations,17,1973-08-15 17:00:00,The Cold War,President Johnson,institutional precedent,neutral,"But until the Supreme Court spoke, I had been acting, as did my predecessors - President Truman, President Eisenhower, President Kennedy, and President Johnson - in a reasonable belief that in certain circumstances the Constitution permitted and sometimes even required such measures to protect the national security in the public interest.",Fixed-rubric classification from the supplied sentence context.,narration,former_president,AI-classified; not human-validated
e124689ecdb48018e312b7bd,Ronald Reagan,Abraham Lincoln,/the-presidency/presidential-speeches/august-15-1988-farewell-address-republican-national-convention,4,1988-08-15 18:00:00,The Cold War,Abraham Lincoln,other/unclear,neutral,I can still remember my first Republican convention: Abraham Lincoln giving a speech that- - sent tingles down my spine.,Fixed-rubric classification from the supplied sentence context.,narration,former_president,AI-classified; not human-validated
5eaa90ee65540740fe2c7bac,Ronald Reagan,Theodore Roosevelt,/the-presidency/presidential-speeches/august-15-1988-farewell-address-republican-national-convention,4,1988-08-15 18:00:00,The Cold War,Teddy Roosevelt,other/unclear,positive,"But in that same city of Detroit, when the 20th century was only in its second year, another great Republican, Teddy Roosevelt, told Americans not to hold back from dangers ahead but to rejoice: ""Our hearts lifted with the faith that to us and to our children it shall be given to make this Republic the mightiest among the peoples of",Fixed-rubric classification from the supplied sentence context.,deliberate_quotation,former_president,AI-classified; not human-validated
c0b05bfca01af650e977f39a,Ronald Reagan,John Adams,/the-presidency/presidential-speeches/august-15-1988-farewell-address-republican-national-convention,7,1988-08-15 18:00:00,The Cold War,John Adams,other/unclear,neutral,"Those are the facts, and as John Adams said, ""Facts are stubborn",Fixed-rubric classification from the supplied sentence context.,deliberate_quotation,former_president,AI-classified; not human-validated
c5b0456076bb4581bd18752a,Ronald Reagan,George H. W. Bush,/the-presidency/presidential-speeches/august-15-1988-farewell-address-republican-national-convention,19,1988-08-15 18:00:00,The Cold War,George Bush,policy inheritance,neutral,"And then George Bush can have a team that will protect your tax cuts; keep America strong; hold down inflation and interest rates; appoint judges to preserve your rights; and, yes, reduce the budget deficit.",Fixed-rubric classification from the supplied sentence context.,narration,not_yet_president,AI-classified; not human-validated
647c860decaf48a676c9353f,Ronald Reagan,George H. W. Bush,/the-presidency/presidential-speeches/august-15-1988-farewell-address-republican-national-convention,21,1988-08-15 18:00:00,The Cold War,George Bush,other/unclear,neutral,George Bush headed up that task force that eliminated those regulations.,Fixed-rubric classification from the supplied sentence context.,narration,not_yet_president,AI-classified; not human-validated
6fde968a7d70f9e7f5b84a1b,Ronald Reagan,George H. W. Bush,/the-presidency/presidential-speeches/august-15-1988-farewell-address-republican-national-convention,23,1988-08-15 18:00:00,The Cold War,George Bush,other/unclear,neutral,"And without George Bush to build on those policies, everything we've achieved will be at risk.",Fixed-rubric classification from the supplied sentence context.,narration,not_yet_president,AI-classified; not human-validated
4fe368a4ade08d6eab29ae19,Ronald Reagan,George H. W. Bush,/the-presidency/presidential-speeches/august-15-1988-farewell-address-republican-national-convention,24,1988-08-15 18:00:00,The Cold War,George Bush,other/unclear,neutral,"Well, that's the George Bush that I've seen up close, when the staff and Cabinet members have closed the door and when the two of us are alone - someone who is not afraid to speak his mind and who can cut to the core of an issue, someone who never runs away from a fight, never backs away from his beliefs, and never makes excuses.",Fixed-rubric classification from the supplied sentence context.,narration,not_yet_president,AI-classified; not human-validated
ff11155d88e4c221992064ad,Ronald Reagan,George H. W. Bush,/the-presidency/presidential-speeches/august-15-1988-farewell-address-republican-national-convention,25,1988-08-15 18:00:00,The Cold War,George Bush,other/unclear,neutral,"To preserve what we have and not risk losing it all, America needs George Bush - and Barbara Bush as First Lady.",Fixed-rubric classification from the supplied sentence context.,narration,not_yet_president,AI-classified; not human-validated
c5e1d43610844c4a7feee416,Ronald Reagan,George H. W. Bush,/the-presidency/presidential-speeches/august-15-1988-farewell-address-republican-national-convention,26,1988-08-15 18:00:00,The Cold War,George Bush,other/unclear,neutral,"With George Bush, I'll know as we approach the new millennium our children will have a future secure with a nation at peace and protected against aggression.",Fixed-rubric classification from the supplied sentence context.,narration,not_yet_president,AI-classified; not human-validated
2861467517c8e4ebb54736df,Ronald Reagan,Harry S. Truman,/the-presidency/presidential-speeches/august-15-1988-farewell-address-republican-national-convention,28,1988-08-15 18:00:00,The Cold War,Truman,other/unclear,neutral,It was a party where Harry Truman committed a strong and resolute America to preserving freedom.,Fixed-rubric classification from the supplied sentence context.,narration,former_president,AI-classified; not human-validated
3829638ea52dab0db3c0aad6,Ronald Reagan,George W. Bush,/the-presidency/presidential-speeches/august-16-1982-address-tax-and-budget-legislation,22,1982-08-16 18:00:00,The Cold War,President Bush,other/unclear,neutral,Vice President Bush heads up a task force that's been reviewing excessive regulations.,Fixed-rubric classification from the supplied sentence context.,narration,not_yet_president,AI-classified; not human-validated
caf949c437b0b4eda90ec64d,Lyndon B. Johnson,Harry S. Truman,/the-presidency/presidential-speeches/august-18-1967-press-conference,36,1967-08-18 17:00:00,The Cold War,President Truman,other/unclear,neutral,"As a young Senator, I recall very vividly hearing Senator Taft speak on several occasions about President Truman's intervention in Korea.",Fixed-rubric classification from the supplied sentence context.,narration,former_president,AI-classified; not human-validated
e16fd79d355cd14f1796fa7c,Lyndon B. Johnson,Harry S. Truman,/the-presidency/presidential-speeches/august-18-1967-press-conference,37,1967-08-18 17:00:00,The Cold War,President Truman,institutional precedent,neutral,"Senator Taft thought that President Truman, before he committed our troops in Korea, should have asked the Congress not necessarily for a declaration but for an opinion-for a resolution.",Fixed-rubric classification from the supplied sentence context.,narration,former_president,AI-classified; not human-validated
a96eaa44fb2888b07c6c1473,Lyndon B. Johnson,Dwight D. Eisenhower,/the-presidency/presidential-speeches/august-18-1967-press-conference,37,1967-08-18 17:00:00,The Cold War,President Eisenhower,policy inheritance,neutral,"President Eisenhower followed that policy in several instances, asking the Congress for an opinion.",Fixed-rubric classification from the supplied sentence context.,narration,former_president,AI-classified; not human-validated
c90fe0340c5f09301583efb8,Lyndon B. Johnson,Dwight D. Eisenhower,/the-presidency/presidential-speeches/august-18-1967-press-conference,38,1967-08-18 17:00:00,The Cold War,President Eisenhower,institutional precedent,neutral,"We reviewed with them Senator Taft's statements about Korea, and the actions that President Eisenhower had taken, and asked their judgment about the resolution that would give us the opinion of the Congress.",Fixed-rubric classification from the supplied sentence context.,narration,former_president,AI-classified; not human-validated
e7f52885b235ffa5b464a51f,George H. W. Bush,Gerald Ford,/the-presidency/presidential-speeches/august-18-1988-acceptance-speech-republican-national,0,1988-08-18 18:00:00,The Cold War,Gerald Ford,other/unclear,neutral,"And, for their kind and stirring words, I thank Governor Tom Kean of New Jersey - Senator Phil Gramm of Texas - President Gerald Ford - and my friend, President Ronald Reagan.",Fixed-rubric classification from the supplied sentence context.,narration,former_president,AI-classified; not human-validated
3fa76baa2773312e1e9d7fff,George H. W. Bush,Ronald Reagan,/the-presidency/presidential-speeches/august-18-1988-acceptance-speech-republican-national,0,1988-08-18 18:00:00,The Cold War,Ronald Reagan,other/unclear,neutral,"And, for their kind and stirring words, I thank Governor Tom Kean of New Jersey - Senator Phil Gramm of Texas - President Gerald Ford - and my friend, President Ronald Reagan.",Fixed-rubric classification from the supplied sentence context.,narration,serving_or_contemporary,AI-classified; not human-validated
716b23daf32f71c0b5e23114,George H. W. Bush,Ronald Reagan,/the-presidency/presidential-speeches/august-18-1988-acceptance-speech-republican-national,2,1988-08-18 18:00:00,The Cold War,Ronald Reagan,other/unclear,neutral,"Ronald Reagan asked for, and received, my candor.",Fixed-rubric classification from the supplied sentence context.,narration,serving_or_contemporary,AI-classified; not human-validated
32ccda9edfd1c7d48099247d,George H. W. Bush,Ronald Reagan,/the-presidency/presidential-speeches/august-18-1988-acceptance-speech-republican-national,9,1988-08-18 18:00:00,The Cold War,Ronald Reagan,other/unclear,neutral,"Eight years ago I stood here with Ronald Reagan and we promised, together, to break with the past and return America to her greatness.",Fixed-rubric classification from the supplied sentence context.,narration,serving_or_contemporary,AI-classified; not human-validated
a1820ad17fb07b5723129daa,George H. W. Bush,Franklin D. Roosevelt,/the-presidency/presidential-speeches/august-18-1988-acceptance-speech-republican-national,21,1988-08-18 18:00:00,The Cold War,Franklin Roosevelt,other/unclear,neutral,"In 1940, when I was barely more than a boy, Franklin Roosevelt said we shouldn't change horses in midstream.",Fixed-rubric classification from the supplied sentence context.,narration,former_president,AI-classified; not human-validated
5781d21a16959a73036c7917,George H. W. Bush,John F. Kennedy,/the-presidency/presidential-speeches/august-18-1988-acceptance-speech-republican-national,39,1988-08-18 18:00:00,The Cold War,John Kennedy,other/unclear,neutral,John Kennedy discovered poverty when he campaigned in West Virginia; there were children there who had no milk.,Fixed-rubric classification from the supplied sentence context.,narration,former_president,AI-classified; not human-validated
6402405d403dad6a4f432319,George H. W. Bush,Theodore Roosevelt,/the-presidency/presidential-speeches/august-18-1988-acceptance-speech-republican-national,39,1988-08-18 18:00:00,The Cold War,Teddy Roosevelt,other/unclear,neutral,Young Teddy Roosevelt met the new America when he roamed the immigrant streets of New York.,Fixed-rubric classification from the supplied sentence context.,narration,former_president,AI-classified; not human-validated
99a2505a8296eaba9727f56d,Gerald Ford,Dwight D. Eisenhower,/the-presidency/presidential-speeches/august-19-1976-republican-national-convention,0,1976-08-19 17:00:00,The Cold War,Dwight D. Eisenhower,other/unclear,positive,This evening I am proud to stand before this great convention as the first incumbent President since Dwight D.,Fixed-rubric classification from the supplied sentence context.,narration,former_president,AI-classified; not human-validated
a6f3b18b22e82ab9f4e36e41,Gerald Ford,Jimmy Carter,/the-presidency/presidential-speeches/august-19-1976-republican-national-convention,1,1976-08-19 17:00:00,The Cold War,Jimmy Carter,other/unclear,neutral,"I am ready, I am eager to go before the American people and debate the real issues face to face with Jimmy Carter.",Fixed-rubric classification from the supplied sentence context.,narration,not_yet_president,AI-classified; not human-validated
69a2717275add65979e4a611,Gerald Ford,George Washington,/the-presidency/presidential-speeches/august-19-1976-republican-national-convention,5,1976-08-19 17:00:00,The Cold War,George Washington,other/unclear,neutral,"Two years ago, on August 9, 1974, I placed my hand on the Bible, which Betty held, and took the same constitutional oath that was administered to George Washington.",Fixed-rubric classification from the supplied sentence context.,narration,former_president,AI-classified; not human-validated
9c2cb1dd657bcc03719a5c66,Gerald Ford,Abraham Lincoln,/the-presidency/presidential-speeches/august-19-1976-republican-national-convention,6,1976-08-19 17:00:00,The Cold War,Abraham Lincoln,institutional precedent,neutral,Our governmental system was closer to stalemate than at any time since Abraham Lincoln took the same oath of office.,Fixed-rubric classification from the supplied sentence context.,narration,former_president,AI-classified; not human-validated
5875a4a61dafdb38478b12c5,Gerald Ford,Franklin D. Roosevelt,/the-presidency/presidential-speeches/august-19-1976-republican-national-convention,6,1976-08-19 17:00:00,The Cold War,Franklin D. Roosevelt,other/unclear,neutral,"Our economy was in the throes of runaway inflation, taking us headlong into the worst recession since Franklin D.",Fixed-rubric classification from the supplied sentence context.,narration,former_president,AI-classified; not human-validated
43c5e77aa27279b4e2974385,Gerald Ford,John Adams,/the-presidency/presidential-speeches/august-19-1976-republican-national-convention,6,1976-08-19 17:00:00,The Cold War,John Adams,other/unclear,neutral,""" On a marble fireplace in the White House is carved a prayer which John Adams wrote.",Fixed-rubric classification from the supplied sentence context.,deliberate_quotation,former_president,AI-classified; not human-validated
a2a7db659fcf97bbd114318c,Gerald Ford,William Taft,/the-presidency/presidential-speeches/august-19-1976-republican-national-convention,15,1976-08-19 17:00:00,The Cold War,Taft,other/unclear,neutral,Taft.,Fixed-rubric classification from the supplied sentence context.,narration,former_president,AI-classified; not human-validated
3e10f09268aa37d48164fe2c,Gerald Ford,Harry S. Truman,/the-presidency/presidential-speeches/august-19-1976-republican-national-convention,20,1976-08-19 17:00:00,The Cold War,Truman,other/unclear,neutral,So did Harry Truman.,Fixed-rubric classification from the supplied sentence context.,narration,former_president,AI-classified; not human-validated
d439667ac8f03862e25ef878,George H. W. Bush,Richard M. Nixon,/the-presidency/presidential-speeches/august-20-1992-republican-national-convention,5,1992-08-20 18:00:00,Post-Cold War,Richard Nixon,historical comparison,positive,"It took the strong leadership of Presidents from both parties, including Republicans like Richard Nixon and Gerald Ford and Ronald Reagan.",Fixed-rubric classification from the supplied sentence context.,narration,former_president,AI-classified; not human-validated
93bf09ec44ca62a7fb13c9f3,George H. W. Bush,Gerald Ford,/the-presidency/presidential-speeches/august-20-1992-republican-national-convention,5,1992-08-20 18:00:00,Post-Cold War,Gerald Ford,historical comparison,positive,"It took the strong leadership of Presidents from both parties, including Republicans like Richard Nixon and Gerald Ford and Ronald Reagan.",Fixed-rubric classification from the supplied sentence context.,narration,former_president,AI-classified; not human-validated
1e1b407b4fc52e7f3172c9e9,George H. W. Bush,Ronald Reagan,/the-presidency/presidential-speeches/august-20-1992-republican-national-convention,5,1992-08-20 18:00:00,Post-Cold War,Ronald Reagan,historical comparison,positive,"It took the strong leadership of Presidents from both parties, including Republicans like Richard Nixon and Gerald Ford and Ronald Reagan.",Fixed-rubric classification from the supplied sentence context.,narration,former_president,AI-classified; not human-validated
f802e35794f5c53956617518,George H. W. Bush,Gerald Ford,/the-presidency/presidential-speeches/august-20-1992-republican-national-convention,37,1992-08-20 18:00:00,Post-Cold War,President Ford,other/unclear,neutral,I heard President Ford tonight.,Fixed-rubric classification from the supplied sentence context.,narration,former_president,AI-classified; not human-validated
bde4466ace6b17a3fff52643,George H. W. Bush,Harry S. Truman,/the-presidency/presidential-speeches/august-20-1992-republican-national-convention,53,1992-08-20 18:00:00,Post-Cold War,Truman,other/unclear,neutral,His name was Harry S Truman.,Fixed-rubric classification from the supplied sentence context.,narration,former_president,AI-classified; not human-validated
3e52edf135123fb19233a61c,George H. W. Bush,Harry S. Truman,/the-presidency/presidential-speeches/august-20-1992-republican-national-convention,53,1992-08-20 18:00:00,Post-Cold War,Truman,other/unclear,positive,"As he stood before his party to accept their nomination, Harry Truman knew the freedom I know this evening, the freedom to talk about what's right for America, and let the chips fall where they may.",Fixed-rubric classification from the supplied sentence context.,narration,former_president,AI-classified; not human-validated
b9b56facca2f719d6eb629d5,George H. W. Bush,Harry S. Truman,/the-presidency/presidential-speeches/august-20-1992-republican-national-convention,53,1992-08-20 18:00:00,Post-Cold War,Truman,other/unclear,neutral,Harry Truman said this: This is more than a political call to arms.,Fixed-rubric classification from the supplied sentence context.,narration,former_president,AI-classified; not human-validated
5ca5a85f15aa7359d4e0c99a,Dwight D. Eisenhower,Richard M. Nixon,/the-presidency/presidential-speeches/august-23-1956-republican-national-convention,1,1956-08-23 17:00:00,The Cold War,Mr. Nixon,ceremonial/biographical,neutral,I am not here going to attempt a eulogy of Mr.,Fixed-rubric classification from the supplied sentence context.,narration,serving_or_contemporary,AI-classified; not human-validated
b019332346239433449db877,Dwight D. Eisenhower,Abraham Lincoln,/the-presidency/presidential-speeches/august-23-1956-republican-national-convention,1,1956-08-23 17:00:00,The Cold War,Abraham Lincoln,other/unclear,neutral,"Ladies and gentlemen, when Abraham Lincoln was nominated in 1860, and a committee brought the news to him at his home in Springfield, Illinois, his reply was two sentences long.",Fixed-rubric classification from the supplied sentence context.,narration,former_president,AI-classified; not human-validated
38c22fe0b5259f359c3df857,Dwight D. Eisenhower,Abraham Lincoln,/the-presidency/presidential-speeches/august-23-1956-republican-national-convention,2,1956-08-23 17:00:00,The Cold War,Abraham Lincoln,other/unclear,neutral,""" My answer is this: If we and our successors are as courageous and forward-looking and as militantly determined, here under the klieg-lights of the twentieth century, as Abraham Lincoln and his associates were in the bonfire-light of the nineteenth, the Republican Party will continue to grow in the confidence and affection of the American people, not only to November next, but indeed to, and beyond, its second centennial.",Fixed-rubric classification from the supplied sentence context.,deliberate_quotation,former_president,AI-classified; not human-validated
b111497a45115eb2a2cbbe93,Ronald Reagan,George H. W. Bush,/the-presidency/presidential-speeches/august-23-1984-republican-national-convention,8,1984-08-23 18:00:00,The Cold War,George Bush,other/unclear,neutral,A task force chaired by Vice President George Bush - the finest Vice President this country has ever had - it eliminated unnecessary regulations that had been strangling business and industry.,Fixed-rubric classification from the supplied sentence context.,narration,not_yet_president,AI-classified; not human-validated
0f4d79e6ed805c2be411f572,Ronald Reagan,Gerald Ford,/the-presidency/presidential-speeches/august-23-1984-republican-national-convention,8,1984-08-23 18:00:00,The Cold War,President Ford,other/unclear,neutral,"As President Ford told us the night before last, adding the unemployment and inflation rates, they got what they called a misery index.",Fixed-rubric classification from the supplied sentence context.,narration,former_president,AI-classified; not human-validated
136c083aabec7f772b73d546,Ronald Reagan,Harry S. Truman,/the-presidency/presidential-speeches/august-23-1984-republican-national-convention,16,1984-08-23 18:00:00,The Cold War,Truman,other/unclear,neutral,"Could you imagine Harry Truman, John Kennedy, Hubert Humphrey, or Scoop Jackson making such a shocking comparison?",Fixed-rubric classification from the supplied sentence context.,narration,former_president,AI-classified; not human-validated
6fdd416854a3f9069a4d01a9,Ronald Reagan,John F. Kennedy,/the-presidency/presidential-speeches/august-23-1984-republican-national-convention,16,1984-08-23 18:00:00,The Cold War,John Kennedy,other/unclear,neutral,"Could you imagine Harry Truman, John Kennedy, Hubert Humphrey, or Scoop Jackson making such a shocking comparison?",Fixed-rubric classification from the supplied sentence context.,narration,former_president,AI-classified; not human-validated
498aeff08c5c560804ee2db6,Ronald Reagan,Gerald Ford,/the-presidency/presidential-speeches/august-23-1984-republican-national-convention,19,1984-08-23 18:00:00,The Cold War,President Ford,institutional precedent,neutral,""" As a Senator, he voted to override President Ford's veto of billions of dollars in spending bills and then voted no on a proposal to cut the 1976 deficit in half.",Fixed-rubric classification from the supplied sentence context.,deliberate_quotation,former_president,AI-classified; not human-validated
071c8b1e570fcfe943a47959,Lyndon B. Johnson,Franklin D. Roosevelt,/the-presidency/presidential-speeches/august-25-1965-press-conference-white-house,11,1965-08-25 17:00:00,The Cold War,Mr. Roosevelt,other/unclear,neutral,Mr.,Fixed-rubric classification from the supplied sentence context.,narration,former_president,AI-classified; not human-validated
977fcd81dd92d4f75074d173,Lyndon B. Johnson,Franklin D. Roosevelt,/the-presidency/presidential-speeches/august-25-1965-press-conference-white-house,11,1965-08-25 17:00:00,The Cold War,Mr. Roosevelt,other/unclear,neutral,"Will you please stand, Mr.",Fixed-rubric classification from the supplied sentence context.,narration,former_president,AI-classified; not human-validated
b5a345051b416370036806d2,Lyndon B. Johnson,Zachary Taylor,/the-presidency/presidential-speeches/august-25-1965-press-conference-white-house,13,1965-08-25 17:00:00,The Cold War,Mr. Taylor,other/unclear,neutral,Mr.,Fixed-rubric classification from the supplied sentence context.,narration,former_president,AI-classified; not human-validated
3150a7b3c417876cbb8684ff,Lyndon B. Johnson,Zachary Taylor,/the-presidency/presidential-speeches/august-25-1965-press-conference-white-house,13,1965-08-25 17:00:00,The Cold War,Mr. Taylor,other/unclear,neutral,"Will you please stand, Mr.",Fixed-rubric classification from the supplied sentence context.,narration,former_president,AI-classified; not human-validated
d4db6790489e42433af3280b,Lyndon B. Johnson,Woodrow Wilson,/the-presidency/presidential-speeches/august-25-1965-press-conference-white-house,15,1965-08-25 17:00:00,The Cold War,Woodrow Wilson,other/unclear,neutral,"Fifty years ago, President Woodrow Wilson asked, ""Just what is it that America stands for?",Fixed-rubric classification from the supplied sentence context.,deliberate_quotation,former_president,AI-classified; not human-validated
7b0f5efa2230ad6916aea099,Lyndon B. Johnson,Thomas Jefferson,/the-presidency/presidential-speeches/august-25-1965-press-conference-white-house,17,1965-08-25 17:00:00,The Cold War,Jefferson,institutional precedent,neutral,"That new office will be opened in the town of Prentiss in Jefferson Davis County, Mississippi.",Fixed-rubric classification from the supplied sentence context.,narration,former_president,AI-classified; not human-validated
aa060fc48b3d6b4465bfffd0,Lyndon B. Johnson,Dwight D. Eisenhower,/the-presidency/presidential-speeches/august-25-1965-press-conference-white-house,31,1965-08-25 17:00:00,The Cold War,President Eisenhower,institutional precedent,neutral,"The President with whom I counsel often and who has had the greatest experience in not only political and diplomatic matters, but in matters of a military nature, President Eisenhower, has been a tower of strength to me, to the Joint Chiefs of Staff, to the Secretary of Defense, and to the leaders of the Congress.",Fixed-rubric classification from the supplied sentence context.,narration,former_president,AI-classified; not human-validated
533cc11908733cdba3d15291,Lyndon B. Johnson,John F. Kennedy,/the-presidency/presidential-speeches/august-25-1965-press-conference-white-house,35,1965-08-25 17:00:00,The Cold War,Mr. Kennedy,institutional precedent,neutral,"President, do you believe that the guidelines of your administration and Mr.",Fixed-rubric classification from the supplied sentence context.,narration,former_president,AI-classified; not human-validated
aa141ede23bfcd67f0a029be,Lyndon B. Johnson,William Taft,/the-presidency/presidential-speeches/august-25-1965-press-conference-white-house,41,1965-08-25 17:00:00,The Cold War,Taft,policy inheritance,neutral,"President, do you still consider the repeal of section 14(b) of the Taft-Hartley Act a major legislative goal in this session of the Congress?",Fixed-rubric classification from the supplied sentence context.,narration,former_president,AI-classified; not human-validated
67c5eaff6a2dc64dcea24a9a,Lyndon B. Johnson,Harry S. Truman,/the-presidency/presidential-speeches/august-27-1964-acceptance-speech-democratic-national,1,1964-08-27 17:00:00,The Cold War,Harry S. Truman,other/unclear,positive,"We will try to lead you as we were led by that great champion of freedom, the man from Independence, Harry S.",Fixed-rubric classification from the supplied sentence context.,narration,former_president,AI-classified; not human-validated
70ddc4b07a490b8d1a069b7a,Lyndon B. Johnson,John F. Kennedy,/the-presidency/presidential-speeches/august-27-1964-acceptance-speech-democratic-national,9,1964-08-27 17:00:00,The Cold War,John F. Kennedy,other/unclear,positive,"Since 1961, under the leadership of that great President, John F.",Fixed-rubric classification from the supplied sentence context.,narration,former_president,AI-classified; not human-validated
cdbed64181294e282a60d1f3,Lyndon B. Johnson,John F. Kennedy,/the-presidency/presidential-speeches/august-27-1964-acceptance-speech-democratic-national,11,1964-08-27 17:00:00,The Cold War,President Kennedy,policy inheritance,positive,And these qualities under the leadership of President Kennedy brought a treaty banning nuclear tests in the atmosphere.,Fixed-rubric classification from the supplied sentence context.,narration,former_president,AI-classified; not human-validated
86b5b5a117236abedc7cdcf1,Lyndon B. Johnson,Harry S. Truman,/the-presidency/presidential-speeches/august-27-1964-acceptance-speech-democratic-national,24,1964-08-27 17:00:00,The Cold War,Harry S. Truman,other/unclear,neutral,I know what kind of a dream Franklin Delano Roosevelt and Harry S.,Fixed-rubric classification from the supplied sentence context.,narration,former_president,AI-classified; not human-validated
28fbaf22c409008aec0aa632,Lyndon B. Johnson,John F. Kennedy,/the-presidency/presidential-speeches/august-27-1964-acceptance-speech-democratic-national,24,1964-08-27 17:00:00,The Cold War,John F. Kennedy,other/unclear,neutral,Truman and John F.,Fixed-rubric classification from the supplied sentence context.,narration,former_president,AI-classified; not human-validated
01ff82a540a5a7ef2d832714,Lyndon B. Johnson,Harry S. Truman,/the-presidency/presidential-speeches/august-27-1964-acceptance-speech-democratic-national,28,1964-08-27 17:00:00,The Cold War,Harry S. Truman,other/unclear,positive,"We will try to lead you as we were led by that great champion of freedom, the man from Independence, Harry S.",Fixed-rubric classification from the supplied sentence context.,narration,former_president,AI-classified; not human-validated
8b0097a284ae9a54f1fa184d,Lyndon B. Johnson,John F. Kennedy,/the-presidency/presidential-speeches/august-27-1964-acceptance-speech-democratic-national,36,1964-08-27 17:00:00,The Cold War,John F. Kennedy,other/unclear,positive,"Since 1961, under the leadership of that great President, John F.",Fixed-rubric classification from the supplied sentence context.,narration,former_president,AI-classified; not human-validated
26b7264e9dec689bfc5e0cf5,Lyndon B. Johnson,John F. Kennedy,/the-presidency/presidential-speeches/august-27-1964-acceptance-speech-democratic-national,38,1964-08-27 17:00:00,The Cold War,President Kennedy,policy inheritance,positive,And these qualities under the leadership of President Kennedy brought a treaty banning nuclear tests in the atmosphere.,Fixed-rubric classification from the supplied sentence context.,narration,former_president,AI-classified; not human-validated
61fccc01fcd49d42054ed9c5,Lyndon B. Johnson,Harry S. Truman,/the-presidency/presidential-speeches/august-27-1964-acceptance-speech-democratic-national,51,1964-08-27 17:00:00,The Cold War,Harry S. Truman,other/unclear,neutral,I know what kind of a dream Franklin Delano Roosevelt and Harry S.,Fixed-rubric classification from the supplied sentence context.,narration,former_president,AI-classified; not human-validated
3f70fe536d30f24a760a840b,Lyndon B. Johnson,John F. Kennedy,/the-presidency/presidential-speeches/august-27-1964-acceptance-speech-democratic-national,51,1964-08-27 17:00:00,The Cold War,John F. Kennedy,other/unclear,neutral,Truman and John F.,Fixed-rubric classification from the supplied sentence context.,narration,former_president,AI-classified; not human-validated
7ad6fe6a337cf727df66027f,Barack Obama,Bill Clinton,/the-presidency/presidential-speeches/august-28-2008-acceptance-speech-democratic-national,0,2008-08-28 18:00:00,Post-Cold War,President Clinton,other/unclear,neutral,"To President Clinton, who last night made the case for change as only he can make it; to Ted Kennedy, who embodies the spirit of service; and to the next Vice President of the United States, Joe Biden, I thank you.",Fixed-rubric classification from the supplied sentence context.,narration,former_president,AI-classified; not human-validated
067b4a1f370b0488dada7a1b,Barack Obama,Joe Biden,/the-presidency/presidential-speeches/august-28-2008-acceptance-speech-democratic-national,0,2008-08-28 18:00:00,Post-Cold War,Joe Biden,other/unclear,neutral,"To President Clinton, who last night made the case for change as only he can make it; to Ted Kennedy, who embodies the spirit of service; and to the next Vice President of the United States, Joe Biden, I thank you.",Fixed-rubric classification from the supplied sentence context.,narration,not_yet_president,AI-classified; not human-validated
dfd82d25d439c000b14df783,Barack Obama,George W. Bush,/the-presidency/presidential-speeches/august-28-2008-acceptance-speech-democratic-national,3,2008-08-28 18:00:00,Post-Cold War,George W. Bush,contemporary rivalry,negative,But the failure to respond is a direct result of a broken politics in Washington and the failed policies of George W.,Fixed-rubric classification from the supplied sentence context.,narration,serving_or_contemporary,AI-classified; not human-validated
8c2a713d0e0c7014de716335,Barack Obama,George H. W. Bush,/the-presidency/presidential-speeches/august-28-2008-acceptance-speech-democratic-national,5,2008-08-28 18:00:00,Post-Cold War,George Bush,other/unclear,neutral,"Because next week, in Minnesota, the same party that brought you two terms of George Bush and Dick Cheney will ask this country for a third.",Fixed-rubric classification from the supplied sentence context.,narration,former_president,AI-classified; not human-validated
7b38b7c77d8eac0b4eadac76,Barack Obama,George H. W. Bush,/the-presidency/presidential-speeches/august-28-2008-acceptance-speech-democratic-national,5,2008-08-28 18:00:00,Post-Cold War,George Bush,other/unclear,neutral,But the record's clear: John McCain has voted with George Bush ninety percent of the time.,Fixed-rubric classification from the supplied sentence context.,narration,former_president,AI-classified; not human-validated
f23d563ea941f20481cb00f9,Barack Obama,George H. W. Bush,/the-presidency/presidential-speeches/august-28-2008-acceptance-speech-democratic-national,6,2008-08-28 18:00:00,Post-Cold War,George Bush,other/unclear,positive,"Senator McCain likes to talk about judgment, but really, what does it say about your judgment when you think George Bush has been right more than ninety percent of the time?",Fixed-rubric classification from the supplied sentence context.,narration,former_president,AI-classified; not human-validated
5953c20c8e8477d529126bb7,Barack Obama,Bill Clinton,/the-presidency/presidential-speeches/august-28-2008-acceptance-speech-democratic-national,9,2008-08-28 18:00:00,Post-Cold War,Bill Clinton,historical comparison,neutral,"We measure progress in the 23 million new jobs that were created when Bill Clinton was President - when the average American family saw its income go up $7,500 instead of down $2,000 like it has under George Bush.",Fixed-rubric classification from the supplied sentence context.,narration,former_president,AI-classified; not human-validated
d8ea1e17036036ff8b52c4ff,Barack Obama,George H. W. Bush,/the-presidency/presidential-speeches/august-28-2008-acceptance-speech-democratic-national,9,2008-08-28 18:00:00,Post-Cold War,George Bush,historical comparison,neutral,"We measure progress in the 23 million new jobs that were created when Bill Clinton was President - when the average American family saw its income go up $7,500 instead of down $2,000 like it has under George Bush.",Fixed-rubric classification from the supplied sentence context.,narration,former_president,AI-classified; not human-validated
8c320c7f73c4fc0546762830,Barack Obama,John F. Kennedy,/the-presidency/presidential-speeches/august-28-2008-acceptance-speech-democratic-national,20,2008-08-28 18:00:00,Post-Cold War,John F. Kennedy,other/unclear,neutral,It will require a renewed sense of responsibility from each of us to recover what John F.,Fixed-rubric classification from the supplied sentence context.,narration,former_president,AI-classified; not human-validated
b293bddd1d9aa1f02fc4be98,Barack Obama,George H. W. Bush,/the-presidency/presidential-speeches/august-28-2008-acceptance-speech-democratic-national,23,2008-08-28 18:00:00,Post-Cold War,George Bush,other/unclear,negative,"If John McCain wants to follow George Bush with more tough talk and bad strategy, that is his choice - but it is not the change we need.",Fixed-rubric classification from the supplied sentence context.,narration,former_president,AI-classified; not human-validated
7891303312057245981ec04d,Barack Obama,Abraham Lincoln,/the-presidency/presidential-speeches/august-28-2008-acceptance-speech-democratic-national,33,2008-08-28 18:00:00,Post-Cold War,Lincoln,other/unclear,neutral,"And it is that promise that forty five years ago today, brought Americans from every corner of this land to stand together on a Mall in Washington, before Lincoln's Memorial, and hear a young preacher from Georgia speak of his dream.",Fixed-rubric classification from the supplied sentence context.,narration,former_president,AI-classified; not human-validated
8b895aa1dfbcc84f24f009e3,Bill Clinton,John F. Kennedy,/the-presidency/presidential-speeches/august-29-1996-remarks-democratic-national-convention,6,1996-08-29 18:00:00,Post-Cold War,John Kennedy,other/unclear,neutral,The federal work force is the smallest it has been since John Kennedy.,Fixed-rubric classification from the supplied sentence context.,narration,former_president,AI-classified; not human-validated
a5cd88a59448d4a222947366,James K. Polk,James Madison,/the-presidency/presidential-speeches/august-3-1846-veto-message-regarding-funding-internal,2,1846-08-03 15:50:58,Expansion,Mr. Madison,other/unclear,neutral,In determining whether a given power has been granted a sound rule of construction has been laid down by Mr.,Fixed-rubric classification from the supplied sentence context.,narration,former_president,AI-classified; not human-validated
aeba5ee97c452885a3891ea0,Barack Obama,George W. Bush,/the-presidency/presidential-speeches/august-31-2010-address-end-combat-mission-iraq,1,2010-08-31 06:00:00,Post-Cold War,President Bush,other/unclear,neutral,"From this desk, seven and a half years ago, President Bush announced the beginning of military operations in Iraq.",Fixed-rubric classification from the supplied sentence context.,narration,former_president,AI-classified; not human-validated
a3b30a5bacc2d3dc52fc2390,Barack Obama,Joe Biden,/the-presidency/presidential-speeches/august-31-2010-address-end-combat-mission-iraq,7,2010-08-31 06:00:00,Post-Cold War,President Biden,other/unclear,neutral,That's a message that Vice President Biden is delivering to the Iraqi people through his visit there today.,Fixed-rubric classification from the supplied sentence context.,narration,not_yet_president,AI-classified; not human-validated
25bba3ee738e51227f300ccd,Barack Obama,George W. Bush,/the-presidency/presidential-speeches/august-31-2010-address-end-combat-mission-iraq,10,2010-08-31 06:00:00,Post-Cold War,George W. Bush,other/unclear,neutral,"This afternoon, I spoke to former President George W.",Fixed-rubric classification from the supplied sentence context.,narration,former_president,AI-classified; not human-validated
d91617f20779fa8fc19a4713,Barack Obama,George W. Bush,/the-presidency/presidential-speeches/august-31-2010-address-end-combat-mission-iraq,10,2010-08-31 06:00:00,Post-Cold War,President Bush,other/unclear,neutral,"Yet no one can doubt President Bush's support for our troops, or his love of country and commitment to our security.",Fixed-rubric classification from the supplied sentence context.,narration,former_president,AI-classified; not human-validated
a2b72719f62849dcb9688169,Lyndon B. Johnson,Dwight D. Eisenhower,/the-presidency/presidential-speeches/august-5-1964-remarks-vietnam-syracuse-university,4,1964-08-05 17:00:00,The Cold War,President Eisenhower,other/unclear,neutral,"For 10 years three American Presidents-President Eisenhower, President Kennedy, and your present President--and the American people have been actively concerned with threats to the peace and security of the peoples of southeast Asia from the Communist government of North Viet-Nam.",Fixed-rubric classification from the supplied sentence context.,narration,former_president,AI-classified; not human-validated
75de8994a4fb3b3c9ae0ae20,Lyndon B. Johnson,John F. Kennedy,/the-presidency/presidential-speeches/august-5-1964-remarks-vietnam-syracuse-university,4,1964-08-05 17:00:00,The Cold War,President Kennedy,other/unclear,neutral,"For 10 years three American Presidents-President Eisenhower, President Kennedy, and your present President--and the American people have been actively concerned with threats to the peace and security of the peoples of southeast Asia from the Communist government of North Viet-Nam.",Fixed-rubric classification from the supplied sentence context.,narration,former_president,AI-classified; not human-validated
e87fafce688b0b3c9ee51f75,Lyndon B. Johnson,Dwight D. Eisenhower,/the-presidency/presidential-speeches/august-5-1964-remarks-vietnam-syracuse-university,5,1964-08-05 17:00:00,The Cold War,President Eisenhower,ceremonial/biographical,positive,President Eisenhower sought--and President Kennedy sought--the same objectives that I still seek: That the governments of southeast Asia honor the international agreements which apply in the area; That those governments leave each other alone; That they resolve their differences peacefully; That they devote their talents to bettering the lives of their peoples by working against poverty and disease and ignorance.,Fixed-rubric classification from the supplied sentence context.,narration,former_president,AI-classified; not human-validated
c2c731efa79adddde3db8c39,Lyndon B. Johnson,John F. Kennedy,/the-presidency/presidential-speeches/august-5-1964-remarks-vietnam-syracuse-university,5,1964-08-05 17:00:00,The Cold War,President Kennedy,ceremonial/biographical,positive,President Eisenhower sought--and President Kennedy sought--the same objectives that I still seek: That the governments of southeast Asia honor the international agreements which apply in the area; That those governments leave each other alone; That they resolve their differences peacefully; That they devote their talents to bettering the lives of their peoples by working against poverty and disease and ignorance.,Fixed-rubric classification from the supplied sentence context.,narration,former_president,AI-classified; not human-validated
4f4cff034ae68d6d4bfb3a79,Harry S. Truman,Franklin D. Roosevelt,/the-presidency/presidential-speeches/august-6-1945-statement-president-announcing-use-bomb,3,1945-08-06 19:00:00,War & New Deal,President Roosevelt,other/unclear,neutral,For these reasons Prime Minister Churchill and President Roosevelt agreed that it was wise to carry on the project here.,Fixed-rubric classification from the supplied sentence context.,narration,former_president,AI-classified; not human-validated
2099fc60f1295ea16dc83494,Lyndon B. Johnson,Andrew Jackson,/the-presidency/presidential-speeches/august-6-1965-remarks-signing-voting-rights-act,2,1965-08-06 17:00:00,The Cold War,Andrew Jackson,other/unclear,neutral,"When Andrew Jackson threw open the doors of democracy, they did not open for the Negro.",Fixed-rubric classification from the supplied sentence context.,narration,former_president,AI-classified; not human-validated
db382e3217580bc20ef35f4a,James K. Polk,Thomas Jefferson,/the-presidency/presidential-speeches/august-8-1846-message-regarding-settlement-mexico,2,1846-08-08 16:04:58,Expansion,Mr. Jefferson,institutional precedent,neutral,"Two precedents for such a proceeding exist in our past history, during the Administration of Mr.",Fixed-rubric classification from the supplied sentence context.,narration,former_president,AI-classified; not human-validated
3b04d9f24179dc31692e98d7,Richard M. Nixon,Gerald Ford,/the-presidency/presidential-speeches/august-8-1974-address-nation-announcing-decision-resign-office,2,1974-08-08 17:00:00,The Cold War,President Ford,institutional precedent,neutral,Vice President Ford will be sworn in as President at that hour in this office.,Fixed-rubric classification from the supplied sentence context.,narration,not_yet_president,AI-classified; not human-validated
9f2003eac7ea640207aa650b,Richard M. Nixon,Gerald Ford,/the-presidency/presidential-speeches/august-8-1974-address-nation-announcing-decision-resign-office,3,1974-08-08 17:00:00,The Cold War,President Ford,institutional precedent,positive,"But in turning over direction of the Government to Vice President Ford, I know, as I told the Nation when I nominated him for that office 10 months ago, that the leadership of America will be in good hands.",Fixed-rubric classification from the supplied sentence context.,narration,not_yet_president,AI-classified; not human-validated
904da37b17c28cfbcaecf137,Richard M. Nixon,Theodore Roosevelt,/the-presidency/presidential-speeches/august-8-1974-address-nation-announcing-decision-resign-office,10,1974-08-08 17:00:00,The Cold War,Theodore Roosevelt,other/unclear,mixed,"Sometimes I have succeeded and sometimes I have failed, but always I have taken heart from what Theodore Roosevelt once said about the man in the arena, ""whose face is marred by dust and sweat and blood, who strives valiantly, who errs and comes short again and again because there is not effort without error and shortcoming, but who does actually strive to do the deed, who knows the great enthusiasms, the great devotions, who spends himself in a worthy cause, who at the best knows in the end the triumphs of high achievements and who at the worst, if he fails, at least fails while daring",Fixed-rubric classification from the supplied sentence context.,deliberate_quotation,former_president,AI-classified; not human-validated
55b8e99958070be64f70b8f3,George H. W. Bush,Franklin D. Roosevelt,/the-presidency/presidential-speeches/august-8-1990-address-iraqs-invasion-kuwait,2,1990-08-08 18:00:00,Post-Cold War,President Roosevelt,institutional precedent,neutral,"And third, my administration, as has been the case with every President from President Roosevelt to President Reagan, is committed to the security and stability of the Persian Gulf.",Fixed-rubric classification from the supplied sentence context.,narration,former_president,AI-classified; not human-validated
e4ca4bd12b60c81ad4ed72c8,George H. W. Bush,Ronald Reagan,/the-presidency/presidential-speeches/august-8-1990-address-iraqs-invasion-kuwait,2,1990-08-08 18:00:00,Post-Cold War,President Reagan,institutional precedent,neutral,"And third, my administration, as has been the case with every President from President Roosevelt to President Reagan, is committed to the security and stability of the Persian Gulf.",Fixed-rubric classification from the supplied sentence context.,narration,former_president,AI-classified; not human-validated
d63cc3afbad184da62538282,Harry S. Truman,Franklin D. Roosevelt,/the-presidency/presidential-speeches/august-9-1945-radio-report-american-people-potsdam-conference,5,1945-08-09 19:00:00,War & New Deal,President Roosevelt,other/unclear,positive,Strong foundations of good will and cooperation had been laid by President Roosevelt.,Fixed-rubric classification from the supplied sentence context.,narration,former_president,AI-classified; not human-validated
3af1ee4bc1e3d2bad4b44fa6,Gerald Ford,George Washington,/the-presidency/presidential-speeches/august-9-1974-remarks-taking-oath-office,0,1974-08-09 17:00:00,The Cold War,George Washington,institutional precedent,neutral,"Chief Justice, my dear friends, my fellow Americans: The oath that I have taken is the same oath that was taken by George Washington and by every President under the Constitution.",Fixed-rubric classification from the supplied sentence context.,narration,former_president,AI-classified; not human-validated
523488874a0b46defe621927,Gerald Ford,Thomas Jefferson,/the-presidency/presidential-speeches/august-9-1974-remarks-taking-oath-office,2,1974-08-09 17:00:00,The Cold War,Thomas Jefferson,other/unclear,neutral,Thomas Jefferson said the people are the only sure reliance for the preservation of our liberty.,Fixed-rubric classification from the supplied sentence context.,narration,former_president,AI-classified; not human-validated
a27049aaa29e8e43528ac4a6,Gerald Ford,Abraham Lincoln,/the-presidency/presidential-speeches/august-9-1974-remarks-taking-oath-office,2,1974-08-09 17:00:00,The Cold War,Abraham Lincoln,other/unclear,neutral,"And down the years, Abraham Lincoln renewed this American article of faith asking, ""Is there any better way or equal hope in the",Fixed-rubric classification from the supplied sentence context.,deliberate_quotation,former_president,AI-classified; not human-validated
d85bfacece3c21e2e0c4c132,Gerald Ford,Richard M. Nixon,/the-presidency/presidential-speeches/august-9-1974-remarks-taking-oath-office,5,1974-08-09 17:00:00,The Cold War,Richard Nixon,other/unclear,neutral,"Before closing, I ask again your prayers, for Richard Nixon and for his family.",Fixed-rubric classification from the supplied sentence context.,narration,serving_or_contemporary,AI-classified; not human-validated
8f026ba6f29894e80c3119d0,Chester A. Arthur,Ulysses S. Grant,/the-presidency/presidential-speeches/december-1-1884-fourth-annual-message,86,1884-12-01 18:00:00,The Gilded Age,Ulysses S. Grant,other/unclear,neutral,I recommend that in recognition of the eminent services of Ulysses S.,Fixed-rubric classification from the supplied sentence context.,narration,former_president,AI-classified; not human-validated
4ba3e535c1358dd3a6916d2e,Barack Obama,Dwight D. Eisenhower,/the-presidency/presidential-speeches/december-1-2009-speech-strategy-afghanistan-and-pakistan,30,2009-12-01 06:00:00,Post-Cold War,President Eisenhower,other/unclear,neutral,"Indeed, I'm mindful of the words of President Eisenhower, who -- in discussing our national security -- said, ""Each proposal must be weighed in the light of a broader consideration: the need to maintain balance in and among national",Fixed-rubric classification from the supplied sentence context.,deliberate_quotation,former_president,AI-classified; not human-validated
f7e498b51dc87936a2df4350,Barack Obama,Franklin D. Roosevelt,/the-presidency/presidential-speeches/december-1-2009-speech-strategy-afghanistan-and-pakistan,39,2009-12-01 06:00:00,Post-Cold War,Franklin Roosevelt,historical comparison,positive,"Since the days of Franklin Roosevelt, and the service and sacrifice of our grandparents and great-grandparents, our country has borne a special burden in global affairs.",Fixed-rubric classification from the supplied sentence context.,narration,former_president,AI-classified; not human-validated
ba687457488ba2601af945dd,Barack Obama,Franklin D. Roosevelt,/the-presidency/presidential-speeches/december-1-2009-speech-strategy-afghanistan-and-pakistan,42,2009-12-01 06:00:00,Post-Cold War,Roosevelt,other/unclear,neutral,"As a country, we're not as young -- and perhaps not as innocent -- as we were when Roosevelt was President.",Fixed-rubric classification from the supplied sentence context.,narration,former_president,AI-classified; not human-validated
517070f3f120f2a28b2cc3d0,Barack Obama,Woodrow Wilson,/the-presidency/presidential-speeches/december-10-2009-acceptance-nobel-peace-prize,4,2009-12-10 06:00:00,Post-Cold War,Woodrow Wilson,policy inheritance,negative,"And so, a quarter century after the United States Senate rejected the League of Nations -- an idea for which Woodrow Wilson received this prize -- America led the world in constructing an architecture to keep the peace: a Marshall Plan and a United Nations, mechanisms to govern the waging of war, treaties to protect human rights, prevent genocide, restrict the most dangerous weapons.",Fixed-rubric classification from the supplied sentence context.,narration,former_president,AI-classified; not human-validated
a6a0d94d6d517738a410a7fd,Barack Obama,John F. Kennedy,/the-presidency/presidential-speeches/december-10-2009-acceptance-nobel-peace-prize,11,2009-12-10 06:00:00,Post-Cold War,President Kennedy,other/unclear,neutral,"Concretely, we must direct our effort to the task that President Kennedy called for long ago.",Fixed-rubric classification from the supplied sentence context.,narration,former_president,AI-classified; not human-validated
bc465796865a4627518a1aac,Barack Obama,Richard M. Nixon,/the-presidency/presidential-speeches/december-10-2009-acceptance-nobel-peace-prize,25,2009-12-10 06:00:00,Post-Cold War,Nixon,other/unclear,neutral,"In light of the Cultural Revolution's horrors, Nixon's meeting with Mao appeared inexcusable -- and yet it surely helped set China on a path where millions of its citizens have been lifted from poverty and connected to open societies.",Fixed-rubric classification from the supplied sentence context.,narration,former_president,AI-classified; not human-validated
fa34600172285a845f5cc46a,Barack Obama,Ronald Reagan,/the-presidency/presidential-speeches/december-10-2009-acceptance-nobel-peace-prize,25,2009-12-10 06:00:00,Post-Cold War,Ronald Reagan,other/unclear,neutral,"Ronald Reagan's efforts on arms control and embrace of perestroika not only improved relations with the Soviet Union, but empowered dissidents throughout Eastern Europe.",Fixed-rubric classification from the supplied sentence context.,narration,former_president,AI-classified; not human-validated
c18f2733fa2331ee05294518,Barack Obama,John F. Kennedy,/the-presidency/presidential-speeches/december-10-2009-acceptance-nobel-peace-prize,28,2009-12-10 06:00:00,Post-Cold War,President Kennedy,other/unclear,neutral,All these are vital ingredients in bringing about the evolution that President Kennedy spoke about.,Fixed-rubric classification from the supplied sentence context.,narration,former_president,AI-classified; not human-validated
abe3fd7affeb3964917ac1e7,Andrew Johnson,Ulysses S. Grant,/the-presidency/presidential-speeches/december-12-1867-message-regarding-suspension-secretary,0,1867-12-12 16:03:58,Civil War & Reconstruction,Ulysses S. Grant,other/unclear,neutral,You will at once transfer to General Ulysses S.,Fixed-rubric classification from the supplied sentence context.,narration,not_yet_president,AI-classified; not human-validated
e6460da8c7525d3436cf36c7,Andrew Johnson,Ulysses S. Grant,/the-presidency/presidential-speeches/december-12-1867-message-regarding-suspension-secretary,1,1867-12-12 16:03:58,Civil War & Reconstruction,ULYSSES S. GRANT,other/unclear,neutral,General ULYSSES S.,Fixed-rubric classification from the supplied sentence context.,narration,not_yet_president,AI-classified; not human-validated
2adc3a3c36899303e932aab0,Andrew Johnson,James Buchanan,/the-presidency/presidential-speeches/december-12-1867-message-regarding-suspension-secretary,14,1867-12-12 16:03:58,Civil War & Reconstruction,Mr. Buchanan,institutional precedent,neutral,"He referred to the constitutional provisions, the debates in Congress, especially to the speech of Mr.",Fixed-rubric classification from the supplied sentence context.,narration,former_president,AI-classified; not human-validated
563dcde9103ac2d7647064dc,Andrew Johnson,Abraham Lincoln,/the-presidency/presidential-speeches/december-12-1867-message-regarding-suspension-secretary,17,1867-12-12 16:03:58,Civil War & Reconstruction,Mr. Lincoln,other/unclear,neutral,At the time this subject was before the Cabinet it seemed to be taken for granted that as to those members of the Cabinet who had been appointed by Mr.,Fixed-rubric classification from the supplied sentence context.,narration,former_president,AI-classified; not human-validated
6a20d9405d0948b09805e220,Andrew Johnson,Abraham Lincoln,/the-presidency/presidential-speeches/december-12-1867-message-regarding-suspension-secretary,17,1867-12-12 16:03:58,Civil War & Reconstruction,Mr. Lincoln,other/unclear,neutral,"I do not remember that the point was distinctly decided, but I well recollect that it was suggested by one member of the Cabinet who was appointed by Mr.",Fixed-rubric classification from the supplied sentence context.,narration,former_president,AI-classified; not human-validated
07b02845c68668755d456bf4,Andrew Johnson,Abraham Lincoln,/the-presidency/presidential-speeches/december-12-1867-message-regarding-suspension-secretary,19,1867-12-12 16:03:58,Civil War & Reconstruction,Mr. Lincoln,institutional precedent,neutral,"When, on the 15th of April, 1865, the duties of the Presidential office devolved upon me, I found a full Cabinet of seven members, all of them selected by Mr.",Fixed-rubric classification from the supplied sentence context.,narration,former_president,AI-classified; not human-validated
0235d8684677809f90d101bd,Andrew Johnson,Abraham Lincoln,/the-presidency/presidential-speeches/december-12-1867-message-regarding-suspension-secretary,19,1867-12-12 16:03:58,Civil War & Reconstruction,Mr. Lincoln,other/unclear,neutral,"On the contrary, I shortly afterwards ratified a change determined upon by Mr.",Fixed-rubric classification from the supplied sentence context.,narration,former_president,AI-classified; not human-validated
fb70f485fcfdc72f1575dd51,Andrew Johnson,Abraham Lincoln,/the-presidency/presidential-speeches/december-12-1867-message-regarding-suspension-secretary,20,1867-12-12 16:03:58,Civil War & Reconstruction,Mr. Lincoln,policy inheritance,neutral,"A leading feature of that plan was that it should be carried out by the Executive authority, for, so far as I have been informed, neither Mr.",Fixed-rubric classification from the supplied sentence context.,narration,former_president,AI-classified; not human-validated
de02828eb10245148a2c5b37,Andrew Johnson,Abraham Lincoln,/the-presidency/presidential-speeches/december-12-1867-message-regarding-suspension-secretary,20,1867-12-12 16:03:58,Civil War & Reconstruction,Mr. Lincoln,policy inheritance,neutral,A plan or scheme of reconstruction was produced which had been prepared for Mr.,Fixed-rubric classification from the supplied sentence context.,narration,former_president,AI-classified; not human-validated
56f4526508f18c65c934cb6d,Andrew Johnson,James Madison,/the-presidency/presidential-speeches/december-12-1867-message-regarding-suspension-secretary,38,1867-12-12 16:03:58,Civil War & Reconstruction,Mr. Madison,other/unclear,positive,"In the great debate which took place in the House of Representatives in 1789, in the first organization of the principal Departments, Mr.",Fixed-rubric classification from the supplied sentence context.,narration,former_president,AI-classified; not human-validated
41e86179c5d52ad333dc9177,Jimmy Carter,Richard M. Nixon,/the-presidency/presidential-speeches/december-15-1978-speech-establishing-diplomatic-relations,5,1978-12-15 18:00:00,The Cold War,President Nixon,other/unclear,neutral,"As the United States asserted in the Shanghai Communiqué of 1972, issued on President Nixon's historic visit, we will continue to have an interest in the peaceful resolution of the Taiwan issue.",Fixed-rubric classification from the supplied sentence context.,narration,former_president,AI-classified; not human-validated
a9195153c66c1217154edd02,Jimmy Carter,Richard M. Nixon,/the-presidency/presidential-speeches/december-15-1978-speech-establishing-diplomatic-relations,6,1978-12-15 18:00:00,The Cold War,President Nixon,other/unclear,positive,"These events are the final result of long and serious negotiations begun by President Nixon in 1972, and continued under the leadership of President Ford.",Fixed-rubric classification from the supplied sentence context.,narration,former_president,AI-classified; not human-validated
4c193a23d3ffbbfbd455fd9f,Jimmy Carter,Gerald Ford,/the-presidency/presidential-speeches/december-15-1978-speech-establishing-diplomatic-relations,6,1978-12-15 18:00:00,The Cold War,President Ford,other/unclear,positive,"These events are the final result of long and serious negotiations begun by President Nixon in 1972, and continued under the leadership of President Ford.",Fixed-rubric classification from the supplied sentence context.,narration,former_president,AI-classified; not human-validated
4222a943789d9a3a0494cd17,George H. W. Bush,Abraham Lincoln,/the-presidency/presidential-speeches/december-15-1992-remarks-texas-am-university,3,1992-12-15 18:00:00,Post-Cold War,Lincoln,other/unclear,neutral,"Amid the triumph and the tumult of the recent past, one truth rings out more clearly than ever: America remains today what Lincoln said it was more than a century ago, ""the last best hope of man on",Fixed-rubric classification from the supplied sentence context.,deliberate_quotation,former_president,AI-classified; not human-validated
5c3b5fecdc7c9ba434eddf84,Ronald Reagan,Thomas Jefferson,/the-presidency/presidential-speeches/december-16-1988-speech-foreign-policy,0,1988-12-16 18:00:00,The Cold War,Thomas Jefferson,other/unclear,neutral,"But here at UVA, we are surrounded with memories of Thomas Jefferson.",Fixed-rubric classification from the supplied sentence context.,narration,former_president,AI-classified; not human-validated
286795befdfa90d578796ff3,Ronald Reagan,Thomas Jefferson,/the-presidency/presidential-speeches/december-16-1988-speech-foreign-policy,0,1988-12-16 18:00:00,The Cold War,Thomas Jefferson,other/unclear,neutral,"One of my staff mentioned that Thomas Jefferson's favorite recreation was horseback riding, and I said he was a wise man.",Fixed-rubric classification from the supplied sentence context.,narration,former_president,AI-classified; not human-validated
90f26c9f7470ca8ed8659bb5,Ronald Reagan,Thomas Jefferson,/the-presidency/presidential-speeches/december-16-1988-speech-foreign-policy,0,1988-12-16 18:00:00,The Cold War,Thomas Jefferson,other/unclear,neutral,"And another member of the staff said that Thomas Jefferson thought the White House was a noble edifice, and I said he was a man of refined taste.",Fixed-rubric classification from the supplied sentence context.,narration,former_president,AI-classified; not human-validated
7a805ace6fa64460e3052783,Ronald Reagan,Thomas Jefferson,/the-presidency/presidential-speeches/december-16-1988-speech-foreign-policy,0,1988-12-16 18:00:00,The Cold War,Thomas Jefferson,other/unclear,neutral,"And a third staff member noted that, after retiring as President, Thomas Jefferson, in his seventies, didn't sit back and rest, but founded the University of Virginia; and I said: There's always an overachiever which makes it hard for the rest of us.",Fixed-rubric classification from the supplied sentence context.,narration,former_president,AI-classified; not human-validated
8209c7ea030e5a571f534bd1,Ronald Reagan,Thomas Jefferson,/the-presidency/presidential-speeches/december-16-1988-speech-foreign-policy,1,1988-12-16 18:00:00,The Cold War,Mr. Jefferson,other/unclear,neutral,The man to whom that mind belonged is known to you as Mr.,Fixed-rubric classification from the supplied sentence context.,narration,former_president,AI-classified; not human-validated
d9af7bab98f8675f9c53f9e8,Ronald Reagan,John F. Kennedy,/the-presidency/presidential-speeches/december-16-1988-speech-foreign-policy,2,1988-12-16 18:00:00,The Cold War,John F. Kennedy,other/unclear,neutral,"You've heard many times that during the first year of his Presidency, John F.",Fixed-rubric classification from the supplied sentence context.,narration,former_president,AI-classified; not human-validated
98ad3c5824f6d45871c5c45f,Ronald Reagan,Thomas Jefferson,/the-presidency/presidential-speeches/december-16-1988-speech-foreign-policy,2,1988-12-16 18:00:00,The Cold War,Jefferson,other/unclear,neutral,Kennedy said to a group of Nobel laureates in the State Dining Room of the White House that there had not been such a collection of talent in that place since Jefferson dined there alone.,Fixed-rubric classification from the supplied sentence context.,narration,former_president,AI-classified; not human-validated
d27c56c6a0794a957534a54e,Ronald Reagan,Thomas Jefferson,/the-presidency/presidential-speeches/december-16-1988-speech-foreign-policy,2,1988-12-16 18:00:00,The Cold War,Jefferson,other/unclear,neutral,"And directly down the lawn and across the Ellipse from the White House are those ordered, classic lines of the Jefferson Memorial and the eyes of the 19-foot statue that gaze directly into the White House, a reminder to any of us who might occupy that mansion of the quality of mind and generosity of heart that once abided there and has been so rarely seen there again.",Fixed-rubric classification from the supplied sentence context.,narration,former_president,AI-classified; not human-validated
2976e01d81bb6a892e757769,Ronald Reagan,Thomas Jefferson,/the-presidency/presidential-speeches/december-16-1988-speech-foreign-policy,3,1988-12-16 18:00:00,The Cold War,Mr. Jefferson,other/unclear,neutral,"But it's not just students and Presidents, it is every American -- indeed, every human life ever touched by the daring idea of self-government -- that Mr.",Fixed-rubric classification from the supplied sentence context.,narration,former_president,AI-classified; not human-validated
e9bbbb841059cbb1d65dd578,Ronald Reagan,Thomas Jefferson,/the-presidency/presidential-speeches/december-16-1988-speech-foreign-policy,3,1988-12-16 18:00:00,The Cold War,Mr. Jefferson,other/unclear,neutral,"Yes, Mr.",Fixed-rubric classification from the supplied sentence context.,narration,former_president,AI-classified; not human-validated
e2088b41c09719501959b4b5,Ronald Reagan,Thomas Jefferson,/the-presidency/presidential-speeches/december-16-1988-speech-foreign-policy,4,1988-12-16 18:00:00,The Cold War,Thomas Jefferson,ceremonial/biographical,neutral,"And so, it's no wonder he asked that his epitaph read simply: ``Here was born [buried] Thomas Jefferson, Author of the Declaration of [American] Independence, of the Statute of Virginia for religious freedom, and Father of the University of",Fixed-rubric classification from the supplied sentence context.,narration,former_president,AI-classified; not human-validated
f3a24c3919a6be0e3badc0bb,Ronald Reagan,Thomas Jefferson,/the-presidency/presidential-speeches/december-16-1988-speech-foreign-policy,5,1988-12-16 18:00:00,The Cold War,Mr. Jefferson,other/unclear,neutral,"Well, as that epitaph shows, for all his learning and bookishness, Mr.",Fixed-rubric classification from the supplied sentence context.,narration,former_president,AI-classified; not human-validated
65b555cf5cf4257ab46ffef3,Ronald Reagan,George Washington,/the-presidency/presidential-speeches/december-16-1988-speech-foreign-policy,7,1988-12-16 18:00:00,The Cold War,George Washington,other/unclear,neutral,"You see, despite all of George Washington's warnings about the divisiveness of the partisan spirit, Federalists and Republicans were constantly at each other in those days.",Fixed-rubric classification from the supplied sentence context.,narration,former_president,AI-classified; not human-validated
8886367b01724e79a8993366,Ronald Reagan,Thomas Jefferson,/the-presidency/presidential-speeches/december-16-1988-speech-foreign-policy,7,1988-12-16 18:00:00,The Cold War,Mr. Jefferson,other/unclear,neutral,'' The Federalists referred to Mr.,Fixed-rubric classification from the supplied sentence context.,narration,former_president,AI-classified; not human-validated
48df401ff6ed39e35cd790d6,Ronald Reagan,Thomas Jefferson,/the-presidency/presidential-speeches/december-16-1988-speech-foreign-policy,7,1988-12-16 18:00:00,The Cold War,Mr. Jefferson,other/unclear,neutral,And an editorial in the Federalist Connecticut Courant also announced that as soon as Mr.,Fixed-rubric classification from the supplied sentence context.,narration,former_president,AI-classified; not human-validated
55071078025ad610cbbf3ca0,Ronald Reagan,Thomas Jefferson,/the-presidency/presidential-speeches/december-16-1988-speech-foreign-policy,8,1988-12-16 18:00:00,The Cold War,Thomas Jefferson,other/unclear,neutral,"Actually, I've taken a moment for these brief reflections on Thomas Jefferson and his time precisely because there are such clear parallels to our own.",Fixed-rubric classification from the supplied sentence context.,narration,former_president,AI-classified; not human-validated
506fec565cebc926c4053f49,Ronald Reagan,Thomas Jefferson,/the-presidency/presidential-speeches/december-16-1988-speech-foreign-policy,8,1988-12-16 18:00:00,The Cold War,Jefferson,historical comparison,neutral,"We too have seen a new populism in America, not at all unlike that of Jefferson's time.",Fixed-rubric classification from the supplied sentence context.,narration,former_president,AI-classified; not human-validated
69fd8178685692ffca213cfe,Ronald Reagan,Thomas Jefferson,/the-presidency/presidential-speeches/december-16-1988-speech-foreign-policy,8,1988-12-16 18:00:00,The Cold War,Jefferson,policy inheritance,neutral,"We've seen the growth of a Jefferson-like populism that rejects the burden placed on the people by excessive regulation and taxation; that rejects the notion that judgeships should be used to further privately held beliefs not yet approved by the people; and finally, rejects, too, the notion that foreign policy must reflect only the rarefied concerns of Washington rather than the common sense of a people who can frequently see far more plainly dangers to their freedom and to our national well-being.",Fixed-rubric classification from the supplied sentence context.,narration,former_president,AI-classified; not human-validated
b4394258f53aa0a03f651526,Ronald Reagan,Thomas Jefferson,/the-presidency/presidential-speeches/december-16-1988-speech-foreign-policy,9,1988-12-16 18:00:00,The Cold War,Jefferson,historical comparison,neutral,"I think I detected a sense of excitement, even perhaps like that felt by those who lived in Jefferson's time: a sense of new possibilities for the idea of popular government.",Fixed-rubric classification from the supplied sentence context.,narration,former_president,AI-classified; not human-validated
686b50087d668dfc2d7668a7,Ronald Reagan,Thomas Jefferson,/the-presidency/presidential-speeches/december-16-1988-speech-foreign-policy,22,1988-12-16 18:00:00,The Cold War,Mr. Jefferson,other/unclear,neutral,The same idea that so energized Mr.,Fixed-rubric classification from the supplied sentence context.,narration,former_president,AI-classified; not human-validated
f35c4591d8f96ae83b8a89d8,Ronald Reagan,Thomas Jefferson,/the-presidency/presidential-speeches/december-16-1988-speech-foreign-policy,40,1988-12-16 18:00:00,The Cold War,Jefferson,other/unclear,neutral,The issue before the world is still the same as the one that Jefferson faced so squarely and so memorably: Can human beings manage their own affairs?,Fixed-rubric classification from the supplied sentence context.,narration,former_president,AI-classified; not human-validated
2478d90fde6bbb4bda2438fc,Ronald Reagan,Thomas Jefferson,/the-presidency/presidential-speeches/december-16-1988-speech-foreign-policy,40,1988-12-16 18:00:00,The Cold War,Mr. Jefferson,other/unclear,neutral,Mr.,Fixed-rubric classification from the supplied sentence context.,narration,former_president,AI-classified; not human-validated
3e23b0be743bb69846ad8cf4,Ronald Reagan,Thomas Jefferson,/the-presidency/presidential-speeches/december-16-1988-speech-foreign-policy,40,1988-12-16 18:00:00,The Cold War,Jefferson,other/unclear,neutral,"So, too, will yours and America's if we can keep in mind the greatest and last lesson of Jefferson's life.",Fixed-rubric classification from the supplied sentence context.,narration,former_president,AI-classified; not human-validated
c6a581e6cf563c15dbef4524,Ronald Reagan,John Adams,/the-presidency/presidential-speeches/december-16-1988-speech-foreign-policy,41,1988-12-16 18:00:00,The Cold War,John Adams,other/unclear,neutral,"I'm fond of recollecting that in the last years of their lives John Adams and Thomas Jefferson, who had worked so hard and well together for the Nation's independence, both came to regret that they had let partisan differences come between them.",Fixed-rubric classification from the supplied sentence context.,narration,former_president,AI-classified; not human-validated
ad137694942c2f1534fa497f,Ronald Reagan,Thomas Jefferson,/the-presidency/presidential-speeches/december-16-1988-speech-foreign-policy,41,1988-12-16 18:00:00,The Cold War,Thomas Jefferson,other/unclear,neutral,"I'm fond of recollecting that in the last years of their lives John Adams and Thomas Jefferson, who had worked so hard and well together for the Nation's independence, both came to regret that they had let partisan differences come between them.",Fixed-rubric classification from the supplied sentence context.,narration,former_president,AI-classified; not human-validated
3c2d7022e96eb54de2e668f0,Ronald Reagan,Thomas Jefferson,/the-presidency/presidential-speeches/december-16-1988-speech-foreign-policy,41,1988-12-16 18:00:00,The Cold War,Jefferson,other/unclear,positive,"But then, when both retired, Jefferson at 68 to Monticello and Adams at 76 to Quincy, they began through their letters to speak again to each other, letters that discussed almost every conceivable subject: gardening, horseback riding, even sneezing as a cure for hiccups -- -- but other subjects as well: the loss of loved ones; the mystery of grief and sorrow; the importance of religion; and, of course, the last thoughts, the final hopes of two old men, two great patriarchs, for the country that they had helped to found and loved so deeply.",Fixed-rubric classification from the supplied sentence context.,narration,former_president,AI-classified; not human-validated
236b7a0ac77f77a4cf71a490,Ronald Reagan,Thomas Jefferson,/the-presidency/presidential-speeches/december-16-1988-speech-foreign-policy,42,1988-12-16 18:00:00,The Cold War,Jefferson,other/unclear,positive,"``It carries me back,'' Jefferson wrote about his correspondence with his cosigner of the Declaration of Independence, ``to the times when, beset with difficulties and dangers, we were fellow laborers in the same cause, struggling for what is most valuable to man: his right to self-government.",Fixed-rubric classification from the supplied sentence context.,narration,former_president,AI-classified; not human-validated
32963c5f1096865407a76a7c,Ronald Reagan,Thomas Jefferson,/the-presidency/presidential-speeches/december-16-1988-speech-foreign-policy,43,1988-12-16 18:00:00,The Cold War,Mr. Jefferson,other/unclear,positive,A great future is ours and the world's if we but remember the power of those words Mr.,Fixed-rubric classification from the supplied sentence context.,narration,former_president,AI-classified; not human-validated
6260bd28e56145431914c4f3,Ronald Reagan,John F. Kennedy,/the-presidency/presidential-speeches/december-16-1988-speech-foreign-policy,59,1988-12-16 18:00:00,The Cold War,President Kennedy,policy inheritance,neutral,"And the same thing happened to a certain extent with President Kennedy's tax reduction, which was similar to ours.",Fixed-rubric classification from the supplied sentence context.,narration,former_president,AI-classified; not human-validated
d2da894dc7dc202a1df3a00d,Ronald Reagan,George H. W. Bush,/the-presidency/presidential-speeches/december-16-1988-speech-foreign-policy,62,1988-12-16 18:00:00,The Cold War,George Bush,other/unclear,neutral,George Bush I put in charge of a task force to see how many government regulations he could eliminate.,Fixed-rubric classification from the supplied sentence context.,narration,serving_or_contemporary,AI-classified; not human-validated
435056f0b8fcc1cd72bc5fa0,Ronald Reagan,George H. W. Bush,/the-presidency/presidential-speeches/december-16-1988-speech-foreign-policy,63,1988-12-16 18:00:00,The Cold War,George Bush,other/unclear,neutral,"After the inauguration of George Bush, what does the future hold for Ronald Reagan?",Fixed-rubric classification from the supplied sentence context.,narration,serving_or_contemporary,AI-classified; not human-validated
baf17ce01a7fa7851b402455,Grover Cleveland,James Monroe,/the-presidency/presidential-speeches/december-17-1895-message-regarding-venezuelan-british-dispute,0,1895-12-17 21:24:00,The Gilded Age,President Monroe,other/unclear,positive,"It will be seen that one of these communications is devoted exclusively to observations upon the Monroe doctrine, and claims that in the present instance a new and strange extension and development of this doctrine is insisted on by the United States; that the reasons justifying an appeal to the doctrine enunciated by President Monroe are generally inapplicable ""to the state of things in which we live at the present day,"" and especially inapplicable to a controversy involving the boundary line between Great Britain and Venezuela.",Fixed-rubric classification from the supplied sentence context.,deliberate_quotation,former_president,AI-classified; not human-validated
a2c5106cae99ed8e3b8df368,Grover Cleveland,James Monroe,/the-presidency/presidential-speeches/december-17-1895-message-regarding-venezuelan-british-dispute,1,1895-12-17 21:24:00,The Gilded Age,Monroe,other/unclear,neutral,"If the balance of power is justly a cause for jealous anxiety among the Governments of the Old World and a subject for our absolute noninterference, none the less is an observance of the Monroe doctrine of vital concern to our people and their Government.",Fixed-rubric classification from the supplied sentence context.,narration,former_president,AI-classified; not human-validated
928999514d8f6247691d928c,Grover Cleveland,James Monroe,/the-presidency/presidential-speeches/december-17-1895-message-regarding-venezuelan-british-dispute,2,1895-12-17 21:24:00,The Gilded Age,President Monroe,other/unclear,negative,"This is the precise action which President Monroe declared to be ""dangerous to our peace and safety,"" and it can make no difference whether the European system is extended by an advance of frontier or otherwise.",Fixed-rubric classification from the supplied sentence context.,deliberate_quotation,former_president,AI-classified; not human-validated
c42d9e0d380113b2ce674935,Grover Cleveland,James Monroe,/the-presidency/presidential-speeches/december-17-1895-message-regarding-venezuelan-british-dispute,3,1895-12-17 21:24:00,The Gilded Age,Monroe,policy inheritance,neutral,"It is also suggested in the British reply that we should not seek to apply the Monroe doctrine to the pending dispute because it does not embody any principle of international law which ""is rounded on the general consent of nations,"" and that ""no statesman, however eminent, and no nation, however powerful, are competent to insert into the code of international law a novel principle which was never recognized before and which has not since been accepted by the government of any other",Fixed-rubric classification from the supplied sentence context.,deliberate_quotation,former_president,AI-classified; not human-validated
8315a2322490bb93c43c79a6,Grover Cleveland,James Monroe,/the-presidency/presidential-speeches/december-17-1895-message-regarding-venezuelan-british-dispute,3,1895-12-17 21:24:00,The Gilded Age,Monroe,policy inheritance,positive,"It may not have been admitted in so many words to the code of international law, but since in international councils every nation is entitled to the rights belonging to it, if the enforcement of the Monroe doctrine is something we may justly claim it has its place in the code of international law as certainly and as securely as if it were specifically mentioned; and when the United States is a suitor before the high tribunal that administers international law the question to be determined is whether or not we present claims which the justice of that code of law can find to be right and valid.",Fixed-rubric classification from the supplied sentence context.,narration,former_president,AI-classified; not human-validated
dd6acb4a91e649f99c332912,Grover Cleveland,James Monroe,/the-presidency/presidential-speeches/december-17-1895-message-regarding-venezuelan-british-dispute,4,1895-12-17 21:24:00,The Gilded Age,President Monroe,policy inheritance,neutral,"The prime minister, while not admitting that the Monroe doctrine is applicable to present conditions, states: In declaring that the United States would resist any such enterprise if it was contemplated, President Monroe adopted a policy which received the entire sympathy of the English Government of that date.",Fixed-rubric classification from the supplied sentence context.,narration,former_president,AI-classified; not human-validated
3cd65379cd3e04a3560f97e7,Grover Cleveland,James Monroe,/the-presidency/presidential-speeches/december-17-1895-message-regarding-venezuelan-british-dispute,4,1895-12-17 21:24:00,The Gilded Age,President Monroe,policy inheritance,neutral,"He further declares: Though the language of President Monroe is directed to the attainment of objects which most Englishmen would agree to be salutary, it is impossible to admit that they have been inscribed By any adequate authority in the code of international law.",Fixed-rubric classification from the supplied sentence context.,narration,former_president,AI-classified; not human-validated
1e52b00d58a69a85d4f3301b,Grover Cleveland,James Monroe,/the-presidency/presidential-speeches/december-17-1895-message-regarding-venezuelan-british-dispute,5,1895-12-17 21:24:00,The Gilded Age,president Monroe,other/unclear,neutral,"Again he says: They (Her Majesty's Government) fully concur with the view which president Monroe apparently entertained, that any disturbance of the existing territorial distribution in that hemisphere by any fresh acquisitions on the part of any European State would be a highly inexpedient change.",Fixed-rubric classification from the supplied sentence context.,narration,former_president,AI-classified; not human-validated
9042248eb621d5181f7fd964,Theodore Roosevelt,Andrew Jackson,/the-presidency/presidential-speeches/december-17-1906-message-regarding-conditions-panama,11,1906-12-17 23:08:00,Progressives & Depression,Mr. Jackson,other/unclear,neutral,"Ripley, the Principal Assistant Engineer; by Mr.",Fixed-rubric classification from the supplied sentence context.,narration,former_president,AI-classified; not human-validated
549475eb3b9b392c5a826ac0,Theodore Roosevelt,Ulysses S. Grant,/the-presidency/presidential-speeches/december-17-1906-message-regarding-conditions-panama,31,1906-12-17 23:08:00,Progressives & Depression,Grant,institutional precedent,negative,Taken as a whole they were undoubtedly very bad; as bad as Pennsylvania avenue in Washington before Grant's Administration.,Fixed-rubric classification from the supplied sentence context.,narration,former_president,AI-classified; not human-validated
0936fe87f52839300d317762,Theodore Roosevelt,Andrew Jackson,/the-presidency/presidential-speeches/december-17-1906-message-regarding-conditions-panama,41,1906-12-17 23:08:00,Progressives & Depression,Mr. Jackson,other/unclear,positive,This great task has been under the control of Mr.,Fixed-rubric classification from the supplied sentence context.,narration,former_president,AI-classified; not human-validated
f7e6c986a6cce5a00dbaf707,Lyndon B. Johnson,John F. Kennedy,/the-presidency/presidential-speeches/december-17-1963-address-un-general-assembly,0,1963-12-17 18:00:00,The Cold War,John F. Kennedy,other/unclear,neutral,But John F.,Fixed-rubric classification from the supplied sentence context.,narration,former_president,AI-classified; not human-validated
1edaa149b07cf33face8aba0,Lyndon B. Johnson,John F. Kennedy,/the-presidency/presidential-speeches/december-17-1963-address-un-general-assembly,9,1963-12-17 18:00:00,The Cold War,President Kennedy,other/unclear,neutral,"In my travels on behalf of my country and President Kennedy, I have seen too much of misery and despair in Africa, in Asia, in Latin America.",Fixed-rubric classification from the supplied sentence context.,narration,former_president,AI-classified; not human-validated
844ca71549ead693a8e04658,Lyndon B. Johnson,John F. Kennedy,/the-presidency/presidential-speeches/december-17-1963-address-un-general-assembly,14,1963-12-17 18:00:00,The Cold War,President Kennedy,other/unclear,neutral,"President Kennedy, I am sure, would regard as his best memorial the fact that in his 3 years as President the world became a little safer and the way ahead became a little brighter.",Fixed-rubric classification from the supplied sentence context.,narration,former_president,AI-classified; not human-validated
2c48c6e62ebc8dd25c164eb3,Lyndon B. Johnson,John F. Kennedy,/the-presidency/presidential-speeches/december-17-1963-address-un-general-assembly,17,1963-12-17 18:00:00,The Cold War,John F. Kennedy,other/unclear,neutral,But John F.,Fixed-rubric classification from the supplied sentence context.,narration,former_president,AI-classified; not human-validated
828d6fbafd96a536c5e34ca8,Lyndon B. Johnson,John F. Kennedy,/the-presidency/presidential-speeches/december-17-1963-address-un-general-assembly,26,1963-12-17 18:00:00,The Cold War,President Kennedy,other/unclear,neutral,"In my travels on behalf of my country and President Kennedy, I have seen too much of misery and despair in Africa, in Asia, in Latin America.",Fixed-rubric classification from the supplied sentence context.,narration,former_president,AI-classified; not human-validated
f8037ad06563b7a1602395ba,Lyndon B. Johnson,John F. Kennedy,/the-presidency/presidential-speeches/december-17-1963-address-un-general-assembly,31,1963-12-17 18:00:00,The Cold War,President Kennedy,other/unclear,neutral,"President Kennedy, I am sure, would regard as his best memorial the fact that in his three years as President the world became a little safer and the way ahead became a little brighter.",Fixed-rubric classification from the supplied sentence context.,narration,former_president,AI-classified; not human-validated
bb239e9628dcfbabebe13748,Grover Cleveland,Andrew Jackson,/the-presidency/presidential-speeches/december-18-1893-message-regarding-hawaiian-annexation,34,1893-12-18 21:09:00,The Gilded Age,President Jackson,other/unclear,neutral,"Several months after the battle of San Jacinto, by which Texan independence was practically assured and established, President Jackson declined to recognize it, alleging as one of his reasons that in the circumstances it became us ""to beware of a too early movement, as it might subject us, however unjustly, to the imputation of seeking to establish the claim of our neighbors to a territory with a view to its subsequent acquisition by",Fixed-rubric classification from the supplied sentence context.,deliberate_quotation,former_president,AI-classified; not human-validated
c4c45e502285c6261eb170f7,John Adams,George Washington,/the-presidency/presidential-speeches/december-19-1799-death-george-washington,0,1799-12-19 17:59:58,The founding,George Washington,other/unclear,neutral,"Gentlemen of the Senate and Gentlemen of the House of Representatives: The letter herewith transmitted will inform you that it has pleased Divine Providence to remove from this life our excellent fellow-citizen, George Washington, by the purity of his character and a long series of services to his country rendered illustrious through the world.",Fixed-rubric classification from the supplied sentence context.,narration,former_president,AI-classified; not human-validated
68f9ea763bd010b7856c2162,John Adams,George Washington,/the-presidency/presidential-speeches/december-19-1799-death-george-washington,2,1799-12-19 17:59:58,The founding,George Washington,ceremonial/biographical,neutral,"The Senate, having resolved to wait on the President of the United States ""to condole with him on the distressing event of the death of General George Washington,"" proceeded to the house of the President, when the President of the Senate, in their name, presented the address which had previously been agreed to, as follows:",Fixed-rubric classification from the supplied sentence context.,deliberate_quotation,former_president,AI-classified; not human-validated
081696809e7219d65506f9d6,John Adams,George Washington,/the-presidency/presidential-speeches/december-19-1799-death-george-washington,3,1799-12-19 17:59:58,The founding,George Washington,ceremonial/biographical,neutral,"The PRESIDENT OF THE UNITED STATES: The Senate of the United States respectfully take leave, sir, to to you their deep regret for the loss their country sustains in the death of General George Washington.",Fixed-rubric classification from the supplied sentence context.,narration,former_president,AI-classified; not human-validated
3abeea2aee3527eb10ae6793,Theodore Roosevelt,Benjamin Harrison,/the-presidency/presidential-speeches/december-19-1906-message-regarding-disturbances-texas,4,1906-12-19 23:10:00,Progressives & Depression,President Harrison,other/unclear,neutral,"Nettleton, made in a letter to the Secretary of War, which I herewith append; General Nettleton being an ex-Union soldier, a consistent friend of the colored man throughout his life, a lifelong Republican, a citizen of Illinois, and Assistant Secretary of the Treasury under President Harrison.",Fixed-rubric classification from the supplied sentence context.,narration,former_president,AI-classified; not human-validated
49a71583d1ce19ce285b6977,Lyndon B. Johnson,John F. Kennedy,/the-presidency/presidential-speeches/december-19-1967-conversation-president-lyndon-johnson,37,1967-12-19 18:00:00,The Cold War,Mr. Kennedy,other/unclear,negative,"But we don't think that things are as tense, or as serious, or as dangerous as they were when the Berlin Wall went up, in the Cuban missile crisis, or following Mr.",Fixed-rubric classification from the supplied sentence context.,narration,former_president,AI-classified; not human-validated
eba01d3f946c24a7b2bf6dc1,Lyndon B. Johnson,Franklin D. Roosevelt,/the-presidency/presidential-speeches/december-19-1967-conversation-president-lyndon-johnson,44,1967-12-19 18:00:00,The Cold War,President Roosevelt,institutional precedent,neutral,We had a riot in Detroit during President Roosevelt's administration where he had to send out troops that compared very much to the same one we had there this year.,Fixed-rubric classification from the supplied sentence context.,narration,former_president,AI-classified; not human-validated
4cc1fa30ff2645d0f7cbc53a,James K. Polk,James Monroe,/the-presidency/presidential-speeches/december-2-1845-first-annual-message,25,1845-12-02 15:38:58,Expansion,Mr. Monroe,institutional precedent,neutral,"These negotiations took place at London in the years 1818, 1824, and 1826--the two first under the Administration of Mr.",Fixed-rubric classification from the supplied sentence context.,narration,former_president,AI-classified; not human-validated
04c62467ea7ca86fe48077d4,James K. Polk,John Quincy Adams,/the-presidency/presidential-speeches/december-2-1845-first-annual-message,25,1845-12-02 15:38:58,Expansion,Mr. Adams,other/unclear,neutral,Monroe and the last under that of Mr.,Fixed-rubric classification from the supplied sentence context.,narration,former_president,AI-classified; not human-validated
42e31948c0c7f3dad169e893,James K. Polk,James Monroe,/the-presidency/presidential-speeches/december-2-1845-first-annual-message,46,1845-12-02 15:38:58,Expansion,Mr. Monroe,other/unclear,neutral,In the existing circumstances of the world the present is deemed a proper occasion to reiterate and reaffirm the principle avowed by Mr.,Fixed-rubric classification from the supplied sentence context.,narration,former_president,AI-classified; not human-validated
b719521d936bdb54ee83237b,James K. Polk,James Madison,/the-presidency/presidential-speeches/december-2-1845-first-annual-message,104,1845-12-02 15:38:58,Expansion,Mr. Madison,institutional precedent,neutral,In his last annual message to Congress Mr.,Fixed-rubric classification from the supplied sentence context.,narration,former_president,AI-classified; not human-validated
ea1c06d078d0704f567977fe,James K. Polk,Andrew Jackson,/the-presidency/presidential-speeches/december-2-1845-first-annual-message,107,1845-12-02 15:38:58,Expansion,Andrew Jackson,other/unclear,neutral,"The enjoyment of contemplating, at the advanced age of near fourscore years, the happy condition of his country cheered the last hours of Andrew Jackson, who departed this life in the tranquil hope of a blessed immortality.",Fixed-rubric classification from the supplied sentence context.,narration,former_president,AI-classified; not human-validated
5e28ea2ee6065576d5d47a9a,Millard Fillmore,Thomas Jefferson,/the-presidency/presidential-speeches/december-2-1851-second-annual-message,12,1851-12-02 18:03:58,Civil War & Reconstruction,Jefferson,policy inheritance,neutral,"This was admitted by one of the most eminent of modern British statesmen, who said in Parliament, while a minister of the Crown, ""that if he wished for a guide in a system of neutrality he should take that laid down by America in the days of Washington and the secretaryship of Jefferson;"" and we see, in fact, that the act of Congress of 1818 was followed the succeeding year by an act of the Parliament of England substantially the same in its general provisions.",Fixed-rubric classification from the supplied sentence context.,deliberate_quotation,former_president,AI-classified; not human-validated
8e94eddea06d2f434538031d,Millard Fillmore,George Washington,/the-presidency/presidential-speeches/december-2-1851-second-annual-message,87,1851-12-02 18:03:58,Civil War & Reconstruction,President Washington,policy inheritance,neutral,"This was done by an act passed during the first term of President Washington, which was amended by that enacted by the last Congress, and it now remains for the executive and judicial departments to take care that these laws be faithfully executed.",Fixed-rubric classification from the supplied sentence context.,narration,former_president,AI-classified; not human-validated
84c8f88ad1b745e5b8aff8c3,Ulysses S. Grant,John Quincy Adams,/the-presidency/presidential-speeches/december-2-1872-fourth-annual-message,5,1872-12-02 17:59:58,Civil War & Reconstruction,Mr. Adams,other/unclear,neutral,Her Majesty's Government has communicated to me the appreciation by Her Majesty of the ability and indefatigable industry displayed by Mr.,Fixed-rubric classification from the supplied sentence context.,narration,former_president,AI-classified; not human-validated
8fa8a14e8b9e7e5f5d123bcf,Theodore Roosevelt,Ulysses S. Grant,/the-presidency/presidential-speeches/december-2-1902-second-annual-message,40,1902-12-02 18:00:00,Progressives & Depression,President Grant,institutional precedent,neutral,"This course was, moreover, in accordance with a line of precedents, including President Grant's action in the case of the first French cable, explained to the Congress in his Annual Message of December, 1875, and the instance occurring in 1879 of the second French cable from Brest to St.",Fixed-rubric classification from the supplied sentence context.,narration,former_president,AI-classified; not human-validated
08ae86eb8ca1d6ea3c3ab4d7,Theodore Roosevelt,Thomas Jefferson,/the-presidency/presidential-speeches/december-2-1902-second-annual-message,81,1902-12-02 18:00:00,Progressives & Depression,Jefferson,other/unclear,neutral,"In making the restorations the utmost care has been exercised to come as near as possible to the early plans and to supplement these plans by a careful study of such buildings as that of the University of Virginia, which was built by Jefferson.",Fixed-rubric classification from the supplied sentence context.,narration,former_president,AI-classified; not human-validated
4f5d8ea6a68528b8319d9557,George H. W. Bush,Gerald Ford,/the-presidency/presidential-speeches/december-20-1989-address-nation-panama,3,1989-12-20 18:00:00,Post-Cold War,President Ford,other/unclear,neutral,"You remember those horrible pictures of newly elected Vice President Ford, covered head to toe with blood, beaten mercilessly by so-called ""dignity",Fixed-rubric classification from the supplied sentence context.,deliberate_quotation,former_president,AI-classified; not human-validated
ffb47fa15c9530190c50737e,Ronald Reagan,John F. Kennedy,/the-presidency/presidential-speeches/december-23-1981-address-nation-christmas-and-situation-poland,7,1981-12-23 18:00:00,The Cold War,John Kennedy,other/unclear,neutral,"A few months before he took up residence in this house, one of my predecessors, John Kennedy, tried to sum up the temper of the times with a quote from an author closely tied to Christmas, Charles Dickens.",Fixed-rubric classification from the supplied sentence context.,narration,former_president,AI-classified; not human-validated
01a4c25b669c21e2018582a1,Franklin D. Roosevelt,James Monroe,/the-presidency/presidential-speeches/december-29-1940-fireside-chat-16-arsenal-democracy,7,1940-12-29 19:00:00,War & New Deal,Monroe,other/unclear,neutral,One hundred and seventeen years ago the Monroe Doctrine was conceived by our Government as a measure of defense in the face of a threat against this hemisphere by an alliance in Continental Europe.,Fixed-rubric classification from the supplied sentence context.,narration,former_president,AI-classified; not human-validated
61894ad32686d319f8a3d661,Martin Van Buren,Thomas Jefferson,/the-presidency/presidential-speeches/december-3-1838-second-annual-message-congress,58,1838-12-03 17:59:58,Expansion,Jefferson,other/unclear,neutral,"Jefferson, consists in an extinction, for a fair consideration, of the title to all the lands still occupied by the Indians within the States and Territories of the United States; their removal to a country west of the Mississippi much more extensive and better adapted to their condition than that on which they then resided; the guarantee to them by the United States of their exclusive possession of that country forever, exempt from all intrusions by white men, with ample provisions for their security against external violence and internal dissensions, and the extension to them of suitable facilities for their advancement in civilization.",Fixed-rubric classification from the supplied sentence context.,narration,former_president,AI-classified; not human-validated
f50d7ace1a235c0238ab3321,Martin Van Buren,James Monroe,/the-presidency/presidential-speeches/december-3-1838-second-annual-message-congress,59,1838-12-03 17:59:58,Expansion,Monroe,other/unclear,neutral,Monroe.,Fixed-rubric classification from the supplied sentence context.,narration,former_president,AI-classified; not human-validated
9563252b41474d0e7910cc05,James Buchanan,James Madison,/the-presidency/presidential-speeches/december-3-1860-fourth-annual-message,26,1860-12-03 17:59:58,Civil War & Reconstruction,Mr. Madison,other/unclear,neutral,In the language of Mr.,Fixed-rubric classification from the supplied sentence context.,narration,former_president,AI-classified; not human-validated
e65b715f45f539410201d614,James Buchanan,James Madison,/the-presidency/presidential-speeches/december-3-1860-fourth-annual-message,44,1860-12-03 17:59:58,Civil War & Reconstruction,Mr. Madison,other/unclear,neutral,Mr.,Fixed-rubric classification from the supplied sentence context.,narration,former_president,AI-classified; not human-validated
f2df31659e966917b5aab1b5,James Buchanan,Thomas Jefferson,/the-presidency/presidential-speeches/december-3-1860-fourth-annual-message,52,1860-12-03 17:59:58,Civil War & Reconstruction,President Jefferson,institutional precedent,neutral,"Again the Constitution was amended by the same process, after the election of President Jefferson by the House of Representatives, in February, 1803.",Fixed-rubric classification from the supplied sentence context.,narration,former_president,AI-classified; not human-validated
3123b6838d1058226341bc2e,James Buchanan,James Madison,/the-presidency/presidential-speeches/december-3-1860-fourth-annual-message,52,1860-12-03 17:59:58,Civil War & Reconstruction,Mr. Madison,other/unclear,neutral,In this connection I shall merely call attention to a few sentences in Mr.,Fixed-rubric classification from the supplied sentence context.,narration,former_president,AI-classified; not human-validated
a077108c4efaaaa551d9058b,Abraham Lincoln,Thomas Jefferson,/the-presidency/presidential-speeches/december-3-1861-first-annual-message,42,1861-12-03 17:59:58,Civil War & Reconstruction,Mr. Jefferson,other/unclear,neutral,The power was questioned at first by Mr.,Fixed-rubric classification from the supplied sentence context.,narration,former_president,AI-classified; not human-validated
2823b51425b1e554e5e7a268,Abraham Lincoln,Thomas Jefferson,/the-presidency/presidential-speeches/december-3-1861-first-annual-message,42,1861-12-03 17:59:58,Civil War & Reconstruction,Mr. Jefferson,other/unclear,neutral,Mr.,Fixed-rubric classification from the supplied sentence context.,narration,former_president,AI-classified; not human-validated
918fcdb6e48f5b80c5fb8ce2,Andrew Johnson,Thomas Jefferson,/the-presidency/presidential-speeches/december-3-1866-second-annual-message,16,1866-12-03 19:15:58,Civil War & Reconstruction,Jefferson,institutional precedent,neutral,"""To keep in all things within the pale of our constitutional powers and cherish the Federal Union as the only rock of safety"" were prescribed by Jefferson as rules of action to endear to his ""countrymen the true principles of their Constitution and promote a union of sentiment and action, equally auspicious to their happiness and",Fixed-rubric classification from the supplied sentence context.,deliberate_quotation,former_president,AI-classified; not human-validated
54dd8e35e8966aecda2ddce4,Grover Cleveland,George Washington,/the-presidency/presidential-speeches/december-3-1888-fourth-annual-message,62,1888-12-03 18:00:00,The Gilded Age,George Washington,institutional precedent,neutral,"Preparations for the centennial celebration, on April 30, 1889, of the inauguration of George Washington as President of the United States, at the city of New York, have been made by a voluntary organization of the citizens of that locality, and believing that an opportunity should be afforded for the expression of the interest felt throughout the country in this event, I respectfully recommend fitting and cooperative action by Congress on behalf of the people of the United States.",Fixed-rubric classification from the supplied sentence context.,narration,former_president,AI-classified; not human-validated
6d31446a161bcc7d2a7ab3b3,William McKinley,Grover Cleveland,/the-presidency/presidential-speeches/december-3-1900-fourth-annual-message,47,1900-12-03 18:00:00,The Gilded Age,President Cleveland,other/unclear,neutral,"It is gratifying to announce that the residual questions between Costa Rica and Nicaragua growing out of the Award of President Cleveland in 1888 have been adjusted through the choice of an American engineer, General E.",Fixed-rubric classification from the supplied sentence context.,narration,former_president,AI-classified; not human-validated
f261d92fb32d27520a2d2eeb,William McKinley,Benjamin Harrison,/the-presidency/presidential-speeches/december-3-1900-fourth-annual-message,72,1900-12-03 18:00:00,The Gilded Age,Benjamin Harrison,other/unclear,neutral,"Benjamin Harrison, of Indiana, ex-President of the United States; Hon.",Fixed-rubric classification from the supplied sentence context.,narration,former_president,AI-classified; not human-validated
3ce5593e52341ac333a89da0,William McKinley,Grover Cleveland,/the-presidency/presidential-speeches/december-3-1900-fourth-annual-message,149,1900-12-03 18:00:00,The Gilded Age,President Cleveland,other/unclear,neutral,In 1888 a Board of Officers convened by President Cleveland adopted a comprehensive scheme of coast-defense fortifications which involved the outlay of something over one hundred million dollars.,Fixed-rubric classification from the supplied sentence context.,narration,former_president,AI-classified; not human-validated
f292f71dcfbe5ce1564b02c8,Theodore Roosevelt,William McKinley,/the-presidency/presidential-speeches/december-3-1901-first-annual-message,0,1901-12-03 18:00:00,Progressives & Depression,President McKinley,ceremonial/biographical,neutral,"On the sixth of September, President McKinley was shot by an anarchist while attending the Pan-American Exposition at Buffalo, and died in that city on the fourteenth of that month.",Fixed-rubric classification from the supplied sentence context.,narration,former_president,AI-classified; not human-validated
0c613cb7f10f470082c6fa28,Theodore Roosevelt,Abraham Lincoln,/the-presidency/presidential-speeches/december-3-1901-first-annual-message,0,1901-12-03 18:00:00,Progressives & Depression,President Lincoln,institutional precedent,neutral,"Both President Lincoln and President Garfield were killed by assassins of types unfortunately not uncommon in history; President Lincoln falling a victim to the terrible passions aroused by four years of civil war, and President Garfield to the revengeful vanity of a disappointed office-seeker.",Fixed-rubric classification from the supplied sentence context.,narration,former_president,AI-classified; not human-validated
35aa1057bb18d445340a4a44,Theodore Roosevelt,James A. Garfield,/the-presidency/presidential-speeches/december-3-1901-first-annual-message,0,1901-12-03 18:00:00,Progressives & Depression,President Garfield,institutional precedent,neutral,"Both President Lincoln and President Garfield were killed by assassins of types unfortunately not uncommon in history; President Lincoln falling a victim to the terrible passions aroused by four years of civil war, and President Garfield to the revengeful vanity of a disappointed office-seeker.",Fixed-rubric classification from the supplied sentence context.,narration,former_president,AI-classified; not human-validated
84dd347e85496de0a3413636,Theodore Roosevelt,Abraham Lincoln,/the-presidency/presidential-speeches/december-3-1901-first-annual-message,0,1901-12-03 18:00:00,Progressives & Depression,President Lincoln,institutional precedent,neutral,"Both President Lincoln and President Garfield were killed by assassins of types unfortunately not uncommon in history; President Lincoln falling a victim to the terrible passions aroused by four years of civil war, and President Garfield to the revengeful vanity of a disappointed office-seeker.",Fixed-rubric classification from the supplied sentence context.,narration,former_president,AI-classified; not human-validated
6a86beffaf2cdf1a2bc981e1,Theodore Roosevelt,James A. Garfield,/the-presidency/presidential-speeches/december-3-1901-first-annual-message,0,1901-12-03 18:00:00,Progressives & Depression,President Garfield,institutional precedent,neutral,"Both President Lincoln and President Garfield were killed by assassins of types unfortunately not uncommon in history; President Lincoln falling a victim to the terrible passions aroused by four years of civil war, and President Garfield to the revengeful vanity of a disappointed office-seeker.",Fixed-rubric classification from the supplied sentence context.,narration,former_president,AI-classified; not human-validated
89ff60f5a3d8e036c31d3c62,Theodore Roosevelt,William McKinley,/the-presidency/presidential-speeches/december-3-1901-first-annual-message,0,1901-12-03 18:00:00,Progressives & Depression,President McKinley,other/unclear,mixed,"President McKinley was killed by an utterly depraved criminal belonging to that body of criminals who object to all governments, good and bad alike, who are against any form of popular liberty if it is guaranteed by even the most just and liberal laws, and who are as hostile to the upright exponent of a free people's sober will as to the tyrannical and irresponsible despot.",Fixed-rubric classification from the supplied sentence context.,narration,former_president,AI-classified; not human-validated
490912144ce216bea94a0676,Theodore Roosevelt,William McKinley,/the-presidency/presidential-speeches/december-3-1901-first-annual-message,1,1901-12-03 18:00:00,Progressives & Depression,President McKinley,ceremonial/biographical,neutral,It is not too much to say that at the time of President McKinley's death he was the most widely loved man in all the United States; while we have never had any public man of his position who has been so wholly free from the bitter animosities incident to public life.,Fixed-rubric classification from the supplied sentence context.,narration,former_president,AI-classified; not human-validated
6b878eefede2fc9e016d49d2,Theodore Roosevelt,William McKinley,/the-presidency/presidential-speeches/december-3-1901-first-annual-message,2,1901-12-03 18:00:00,Progressives & Depression,President McKinley,other/unclear,neutral,"President McKinley was a man of moderate means, a man whose stock sprang from the sturdy tillers of the soil, who had himself belonged among the wage-workers, who had entered the Army as a private soldier.",Fixed-rubric classification from the supplied sentence context.,narration,former_president,AI-classified; not human-validated
0715477f1e40bb97831ef30a,Theodore Roosevelt,William McKinley,/the-presidency/presidential-speeches/december-3-1901-first-annual-message,3,1901-12-03 18:00:00,Progressives & Depression,President McKinley,institutional precedent,neutral,"President McKinley filled that political office for which the entire people vote, and no President not even Lincoln himself--was ever more earnestly anxious to represent the well thought-out wishes of the people; his one anxiety in every crisis was to keep in closest touch with the people--to find out what they thought and to endeavor to give expression to their thought, after having endeavored to guide that thought aright.",Fixed-rubric classification from the supplied sentence context.,narration,former_president,AI-classified; not human-validated
07ca74625990c50e9dcb3d19,Theodore Roosevelt,William McKinley,/the-presidency/presidential-speeches/december-3-1901-first-annual-message,7,1901-12-03 18:00:00,Progressives & Depression,President McKinley,policy inheritance,neutral,President McKinley was as emphatically the embodiment of the popular will of the Nation expressed through the forms of law as a New England town meeting is in similar fashion the embodiment of the law-abiding purpose and practice of the people of the town.,Fixed-rubric classification from the supplied sentence context.,narration,former_president,AI-classified; not human-validated
822b6bdfd0aeb7fb606ad76a,Theodore Roosevelt,James Monroe,/the-presidency/presidential-speeches/december-3-1901-first-annual-message,84,1901-12-03 18:00:00,Progressives & Depression,Monroe,other/unclear,neutral,This same peace conference acquiesced in our statement of the Monroe Doctrine as compatible with the purposes and aims of the conference.,Fixed-rubric classification from the supplied sentence context.,narration,former_president,AI-classified; not human-validated
6681e0342598342faacb3b0d,Theodore Roosevelt,James Monroe,/the-presidency/presidential-speeches/december-3-1901-first-annual-message,84,1901-12-03 18:00:00,Progressives & Depression,President Monroe,other/unclear,neutral,"Just seventy-eight years have passed since President Monroe in his Annual Message announced that ""The American continents are henceforth not to be considered as subjects for future colonization by any European",Fixed-rubric classification from the supplied sentence context.,deliberate_quotation,former_president,AI-classified; not human-validated
7ea685085baad78af8dd04f2,Theodore Roosevelt,James Monroe,/the-presidency/presidential-speeches/december-3-1901-first-annual-message,84,1901-12-03 18:00:00,Progressives & Depression,Monroe,other/unclear,neutral,""" In other words, the Monroe Doctrine is a declaration that there must be no territorial aggrandizement by any non-American power at the expense of any American power on American soil.",Fixed-rubric classification from the supplied sentence context.,deliberate_quotation,former_president,AI-classified; not human-validated
55394f6e8d2b5ad574903426,Theodore Roosevelt,James Monroe,/the-presidency/presidential-speeches/december-3-1901-first-annual-message,85,1901-12-03 18:00:00,Progressives & Depression,Monroe,historical comparison,neutral,Through the Monroe Doctrine we hope to be able to safeguard like independence and secure like permanence for the lesser among the New World nations.,Fixed-rubric classification from the supplied sentence context.,narration,former_president,AI-classified; not human-validated
2c98125f994c67dec8a4eade,Theodore Roosevelt,James Monroe,/the-presidency/presidential-speeches/december-3-1901-first-annual-message,90,1901-12-03 18:00:00,Progressives & Depression,Monroe,other/unclear,neutral,Our people intend to abide by the Monroe Doctrine and to insist upon it as the one sure means of securing the peace of the Western Hemisphere.,Fixed-rubric classification from the supplied sentence context.,narration,former_president,AI-classified; not human-validated
d9587cf0b1cd940fe872c58f,Theodore Roosevelt,James Monroe,/the-presidency/presidential-speeches/december-3-1901-first-annual-message,90,1901-12-03 18:00:00,Progressives & Depression,Monroe,other/unclear,neutral,The Navy offers us the only means of making our insistence upon the Monroe Doctrine anything but a subject of derision to whatever nation chooses to disregard it.,Fixed-rubric classification from the supplied sentence context.,narration,former_president,AI-classified; not human-validated
5ba9a8293fc8598ec06da48f,Theodore Roosevelt,William McKinley,/the-presidency/presidential-speeches/december-3-1901-first-annual-message,142,1901-12-03 18:00:00,Progressives & Depression,President McKinley,ceremonial/biographical,neutral,"When President McKinley died, our Nation in turn received from every quarter of the British Empire expressions of grief and sympathy no less sincere.",Fixed-rubric classification from the supplied sentence context.,narration,former_president,AI-classified; not human-validated
4d6b8d2dd94468caa6917f8d,Theodore Roosevelt,James Monroe,/the-presidency/presidential-speeches/december-3-1906-sixth-annual-message,139,1906-12-03 18:00:00,Progressives & Depression,Monroe,other/unclear,positive,"An idea had become prevalent that our assertion of the Monroe Doctrine implied, or carried with it, an assumption of superiority, and of a right to exercise some kind of protectorate over the countries to whose territory that doctrine applies.",Fixed-rubric classification from the supplied sentence context.,narration,former_president,AI-classified; not human-validated
60cf03b52b8ece2a8cdf6f7e,Theodore Roosevelt,James Monroe,/the-presidency/presidential-speeches/december-3-1906-sixth-annual-message,144,1906-12-03 18:00:00,Progressives & Depression,Monroe,other/unclear,neutral,"I can not better characterize the true attitude of the United States in its assertion of the Monroe Doctrine than in the words of the distinguished former minister of foreign affairs of Argentina, Doctor Drago, in his speech welcoming Mr.",Fixed-rubric classification from the supplied sentence context.,narration,former_president,AI-classified; not human-validated
dd861e0441b1615d41135af2,Theodore Roosevelt,George Washington,/the-presidency/presidential-speeches/december-3-1906-sixth-annual-message,145,1906-12-03 18:00:00,Progressives & Depression,Washington,other/unclear,positive,""" It is gratifying to know that in the great city of Buenos Ayres, upon the arches which spanned the streets, entwined with Argentine and American flags for the reception of our representative, there were emblazoned not' only the names of Washington and Jefferson and Marshall, but also, in appreciative recognition of their services to the cause of South American independence, the names of James Monroe, John Quincy Adams, Henry Clay, and Richard Rush.",Fixed-rubric classification from the supplied sentence context.,deliberate_quotation,former_president,AI-classified; not human-validated
b941c63d631e00b471acb8a1,Theodore Roosevelt,Thomas Jefferson,/the-presidency/presidential-speeches/december-3-1906-sixth-annual-message,145,1906-12-03 18:00:00,Progressives & Depression,Jefferson,other/unclear,positive,""" It is gratifying to know that in the great city of Buenos Ayres, upon the arches which spanned the streets, entwined with Argentine and American flags for the reception of our representative, there were emblazoned not' only the names of Washington and Jefferson and Marshall, but also, in appreciative recognition of their services to the cause of South American independence, the names of James Monroe, John Quincy Adams, Henry Clay, and Richard Rush.",Fixed-rubric classification from the supplied sentence context.,deliberate_quotation,former_president,AI-classified; not human-validated
b1f96e585a2e6fef16e5f929,Theodore Roosevelt,James Monroe,/the-presidency/presidential-speeches/december-3-1906-sixth-annual-message,145,1906-12-03 18:00:00,Progressives & Depression,James Monroe,other/unclear,positive,""" It is gratifying to know that in the great city of Buenos Ayres, upon the arches which spanned the streets, entwined with Argentine and American flags for the reception of our representative, there were emblazoned not' only the names of Washington and Jefferson and Marshall, but also, in appreciative recognition of their services to the cause of South American independence, the names of James Monroe, John Quincy Adams, Henry Clay, and Richard Rush.",Fixed-rubric classification from the supplied sentence context.,deliberate_quotation,former_president,AI-classified; not human-validated
7939f15133d16f7a1e630961,Theodore Roosevelt,John Quincy Adams,/the-presidency/presidential-speeches/december-3-1906-sixth-annual-message,145,1906-12-03 18:00:00,Progressives & Depression,John Quincy Adams,other/unclear,positive,""" It is gratifying to know that in the great city of Buenos Ayres, upon the arches which spanned the streets, entwined with Argentine and American flags for the reception of our representative, there were emblazoned not' only the names of Washington and Jefferson and Marshall, but also, in appreciative recognition of their services to the cause of South American independence, the names of James Monroe, John Quincy Adams, Henry Clay, and Richard Rush.",Fixed-rubric classification from the supplied sentence context.,deliberate_quotation,former_president,AI-classified; not human-validated
77e527d0aadba97c55f915f2,Theodore Roosevelt,Andrew Jackson,/the-presidency/presidential-speeches/december-3-1907-seventh-annual-message,116,1907-12-03 18:00:00,Progressives & Depression,Mr. Jackson,other/unclear,neutral,"Army, and Mr.",Fixed-rubric classification from the supplied sentence context.,narration,former_president,AI-classified; not human-validated
5c77a8e15d76ab607c4198da,Theodore Roosevelt,Andrew Jackson,/the-presidency/presidential-speeches/december-3-1907-seventh-annual-message,132,1907-12-03 18:00:00,Progressives & Depression,Andrew Jackson,institutional precedent,neutral,"I strongly recommend to the Congress to provide funds for keeping up the Hermitage, the home of Andrew Jackson; these funds to be used through the existing Hermitage Association for the preservation of a historic building which should ever be dear to Americans.",Fixed-rubric classification from the supplied sentence context.,narration,former_president,AI-classified; not human-validated
f1202e71c3d9db172b9e8c14,Theodore Roosevelt,Grover Cleveland,/the-presidency/presidential-speeches/december-3-1907-seventh-annual-message,206,1907-12-03 18:00:00,Progressives & Depression,President Cleveland,institutional precedent,neutral,"The invitation to the French Exposition of 1900 was brought to the attention of the Congress by President Cleveland in December, 1895; and so many are the delays necessary to such proceedings that the period of font years and a half which then intervened before the exposition proved none too long for the proper preparation of the exhibits.",Fixed-rubric classification from the supplied sentence context.,narration,former_president,AI-classified; not human-validated
ee551dc7b83014d869e4c17d,William Taft,Grover Cleveland,/the-presidency/presidential-speeches/december-3-1912-fourth-annual-message,9,1912-12-03 18:00:00,Progressives & Depression,President Cleveland,other/unclear,neutral,President Cleveland had taken the first step toward introducing the merit system in the foreign service.,Fixed-rubric classification from the supplied sentence context.,narration,former_president,AI-classified; not human-validated
7a06654e5ea41e2aed523215,William Taft,James Monroe,/the-presidency/presidential-speeches/december-3-1912-fourth-annual-message,22,1912-12-03 18:00:00,Progressives & Depression,Monroe,other/unclear,neutral,it is obvious that the Monroe doctrine is more vital in the neighborhood of the Panama Canal and the zone of the Caribbean than anywhere else.,Fixed-rubric classification from the supplied sentence context.,narration,former_president,AI-classified; not human-validated
c30e0ea0509a82101e5acd7e,William Taft,Theodore Roosevelt,/the-presidency/presidential-speeches/december-3-1912-fourth-annual-message,185,1912-12-03 18:00:00,Progressives & Depression,President Roosevelt,other/unclear,neutral,"For this reason President Roosevelt felt justified in creating a board of experts, known as the Remsen Board, to whom in cases of much importance an appeal might be taken and a review had of a decision of the Bureau of Chemistry in the Agricultural Department.",Fixed-rubric classification from the supplied sentence context.,narration,former_president,AI-classified; not human-validated
6a25358203631b8fb949e134,Herbert Hoover,George Washington,/the-presidency/presidential-speeches/december-3-1929-first-state-union-address,35,1929-12-03 16:36:00,Progressives & Depression,President Washington,policy inheritance,neutral,The earlier completion of this program which is an acknowledged need would add dignity to the celebration in 1932 of the two hundredth anniversary of the birth of President Washington.,Fixed-rubric classification from the supplied sentence context.,narration,former_president,AI-classified; not human-validated
25ca033cfe76da5d231e3e39,Franklin Pierce,John Quincy Adams,/the-presidency/presidential-speeches/december-30-1854-expansion-august-4-veto-message,2,1854-12-30 18:14:58,Civil War & Reconstruction,John Quincy Adams,institutional precedent,neutral,"President John Quincy Adams, in claiming on one occasion, after his retirement from office, the authorship of the idea of introducing into the administration of the affairs of the General Government ""a permanent and regular system"" of internal improvements, speaks of it as a system by which ""the whole Union would have been checkered over with railroads and canals,"" affording ""high wages and constant employment to hundreds of thousands of laborers;"" and he places it in express contrast with the construction of such works by the legislation of the States and by private enterprise.",Fixed-rubric classification from the supplied sentence context.,deliberate_quotation,former_president,AI-classified; not human-validated
4bd04d83fd65af0446932ebe,Franklin Pierce,Thomas Jefferson,/the-presidency/presidential-speeches/december-30-1854-expansion-august-4-veto-message,4,1854-12-30 18:14:58,Civil War & Reconstruction,President Jefferson,institutional precedent,negative,"President Jefferson, while intimating the expediency of so amending the Constitution as to comprise objects of physical progress and well-being, does not fail to perceive that ""other objects of public improvement,"" including ""public education"" by name, belong to the same class of powers.",Fixed-rubric classification from the supplied sentence context.,deliberate_quotation,former_president,AI-classified; not human-validated
5b52ea9852847cb6d5dde4a3,Franklin Pierce,George Washington,/the-presidency/presidential-speeches/december-30-1854-expansion-august-4-veto-message,18,1854-12-30 18:14:58,Civil War & Reconstruction,President Washington,policy inheritance,neutral,"Among the very earliest acts of the first session of Congress was that for the establishment and support of light-houses, approved by President Washington on the 7th of August, 1789, which contains the following provisions: That all expenses which shall accrue from and after the 15th day of August, 1789, in the necessary support, maintenance, and repairs of all light-houses, beacons, buoys, and public piers erected, placed, or sunk before the passing of this act at the entrance of or within any bay, inlet, harbor, or port of the United States, for rendering the navigation thereof easy and safe, shall be defrayed out of the Treasury of the United States: Provided, nevertheless , That none of the said expenses shall continue to be so defrayed after the expiration of one year from the day aforesaid unless such light-houses, beacons, buoys, and public piers shall in the meantime be ceded to and vested in the United States by the State or States, respectively, in which the same may be, together with the lands and tenements thereunto belonging and together with the jurisdiction of the same.",Fixed-rubric classification from the supplied sentence context.,narration,former_president,AI-classified; not human-validated
397d49c249f5efef8b88aa1d,Franklin Pierce,Andrew Jackson,/the-presidency/presidential-speeches/december-30-1854-expansion-august-4-veto-message,25,1854-12-30 18:14:58,Civil War & Reconstruction,President Jackson,institutional precedent,positive,"In confirmation of this it is to be remarked that one of the most important acts of appropriation of this class, that of the year 1833, under the Administration of President Jackson, by including together and providing for in one bill as well river and harbor works as road works, impliedly recognizes the fact that they are alike branches of the same great subject of internal improvements.",Fixed-rubric classification from the supplied sentence context.,narration,former_president,AI-classified; not human-validated
74a03b84ae96f2f39e266896,Franklin Pierce,James Monroe,/the-presidency/presidential-speeches/december-30-1854-expansion-august-4-veto-message,26,1854-12-30 18:14:58,Civil War & Reconstruction,Monroe,institutional precedent,neutral,"Hence the recognition in the messages of Presidents Jefferson, Madison, and Monroe of the eminent desirableness of such works, with admission that some of them could lawfully and should be conducted by the General Government, but with obvious uncertainty of opinion as to the line between such as are constitutional and such as are not, such as ought to receive appropriations from Congress and such as ought to be consigned to private enterprise or the legislation of the several States.",Fixed-rubric classification from the supplied sentence context.,narration,former_president,AI-classified; not human-validated
80e36a5332e412f20bbd69f5,Franklin Pierce,Andrew Jackson,/the-presidency/presidential-speeches/december-30-1854-expansion-august-4-veto-message,28,1854-12-30 18:14:58,Civil War & Reconstruction,President Jackson,institutional precedent,neutral,"President Jackson conceded the constitutionality, under suitable circumstances, of the improvement of rivers and harbors through the agency of Congress, and President Polk admitted the propriety of the establishment and support by appropriations from the Treasury of light-houses, beacons, buoys, and other improvements within the bays, inlets, and harbors of the ocean and lake coasts immediately connected with foreign commerce.",Fixed-rubric classification from the supplied sentence context.,narration,former_president,AI-classified; not human-validated
24b979389931fe6eca9e6a7c,Franklin Pierce,James K. Polk,/the-presidency/presidential-speeches/december-30-1854-expansion-august-4-veto-message,28,1854-12-30 18:14:58,Civil War & Reconstruction,President Polk,institutional precedent,neutral,"President Jackson conceded the constitutionality, under suitable circumstances, of the improvement of rivers and harbors through the agency of Congress, and President Polk admitted the propriety of the establishment and support by appropriations from the Treasury of light-houses, beacons, buoys, and other improvements within the bays, inlets, and harbors of the ocean and lake coasts immediately connected with foreign commerce.",Fixed-rubric classification from the supplied sentence context.,narration,former_president,AI-classified; not human-validated
2abe3186c291a8ea23174ee3,Franklin Pierce,Andrew Jackson,/the-presidency/presidential-speeches/december-30-1854-expansion-august-4-veto-message,38,1854-12-30 18:14:58,Civil War & Reconstruction,President Jackson,other/unclear,neutral,This reflection may serve to relieve from undeserved reproach an idea of one of the greatest men of the Republic--President Jackson.,Fixed-rubric classification from the supplied sentence context.,narration,former_president,AI-classified; not human-validated
1f3150ff3bef48c2e6c6c8e3,Chester A. Arthur,James A. Garfield,/the-presidency/presidential-speeches/december-4-1882-second-annual-message,94,1882-12-04 17:59:58,The Gilded Age,Mr. Garfield,other/unclear,neutral,The facts are as follows: The whole number of Executive appointments during the four years immediately preceding Mr.,Fixed-rubric classification from the supplied sentence context.,narration,former_president,AI-classified; not human-validated
5621fd5275e0564c5665161c,Chester A. Arthur,James A. Garfield,/the-presidency/presidential-speeches/december-4-1882-second-annual-message,95,1882-12-04 17:59:58,The Gilded Age,President Garfield,institutional precedent,neutral,"In the four months of President Garfield's Administration there were 390 appointments and 89 removals, or",Fixed-rubric classification from the supplied sentence context.,narration,former_president,AI-classified; not human-validated
ba6d4155a76d868648fab1c8,Barack Obama,Abraham Lincoln,/the-presidency/presidential-speeches/december-4-2013-speech-economic-mobility,5,2013-12-04 06:00:00,Post-Cold War,Abraham Lincoln,other/unclear,neutral,"It was Abraham Lincoln, a self-described ""poor man's son,"" who started a system of land grant colleges all over this country so that any poor man's son could go learn something new.",Fixed-rubric classification from the supplied sentence context.,deliberate_quotation,former_president,AI-classified; not human-validated
ac421de73f99bd6b940b27e7,Barack Obama,Theodore Roosevelt,/the-presidency/presidential-speeches/december-4-2013-speech-economic-mobility,5,2013-12-04 06:00:00,Post-Cold War,Teddy Roosevelt,other/unclear,neutral,"When farms gave way to factories, a rich man's son named Teddy Roosevelt fought for an eight-hour workday, protections for workers, and busted monopolies that kept prices high and wages low.",Fixed-rubric classification from the supplied sentence context.,narration,former_president,AI-classified; not human-validated
64c7d7a1c5c855c7173dc4b7,Barack Obama,Franklin D. Roosevelt,/the-presidency/presidential-speeches/december-4-2013-speech-economic-mobility,5,2013-12-04 06:00:00,Post-Cold War,FDR,policy inheritance,neutral,"When millions lived in poverty, FDR fought for Social Security, and insurance for the unemployed, and a minimum wage.",Fixed-rubric classification from the supplied sentence context.,narration,former_president,AI-classified; not human-validated
f4a5b7509cbdf5e96c284983,Barack Obama,Lyndon B. Johnson,/the-presidency/presidential-speeches/december-4-2013-speech-economic-mobility,6,2013-12-04 06:00:00,Post-Cold War,LBJ,ceremonial/biographical,neutral,"When millions died without health insurance, LBJ fought for Medicare and Medicaid.",Fixed-rubric classification from the supplied sentence context.,narration,former_president,AI-classified; not human-validated
2f48d8adfb5f68afb86bf71b,Barack Obama,Harry S. Truman,/the-presidency/presidential-speeches/december-4-2013-speech-economic-mobility,30,2013-12-04 06:00:00,Post-Cold War,Truman,institutional precedent,positive,And that's why it's well past the time to raise a minimum wage that in real terms right now is below where it was when Harry Truman was in office.,Fixed-rubric classification from the supplied sentence context.,narration,former_president,AI-classified; not human-validated
93a146bcbf64d4542e6f2dc3,Martin Van Buren,Thomas Jefferson,/the-presidency/presidential-speeches/december-5-1837-first-annual-message-congress,67,1837-12-05 17:59:58,Expansion,Mr. Jefferson,other/unclear,neutral,"The system of removing the Indians west of the Mississippi, commenced by Mr.",Fixed-rubric classification from the supplied sentence context.,narration,former_president,AI-classified; not human-validated
464f080ae1216c8eae9c5417,James K. Polk,Thomas Jefferson,/the-presidency/presidential-speeches/december-5-1848-fourth-annual-message-congress,57,1848-12-05 16:29:58,Expansion,Jefferson,institutional precedent,neutral,"The authority to raise such a force not having been granted by Congress, as soon as their services could be dispensed with in Mexico orders were issued to the regiment of mounted riflemen to proceed to Jefferson Barracks, in Missouri, and to prepare to march to Oregon as soon as the necessary provision could be made.",Fixed-rubric classification from the supplied sentence context.,narration,former_president,AI-classified; not human-validated
5d482d72f77936785232f30b,James K. Polk,George Washington,/the-presidency/presidential-speeches/december-5-1848-fourth-annual-message-congress,104,1848-12-05 16:29:58,Expansion,President Washington,other/unclear,neutral,"But it has been urged that the national bank, which constituted so essential a branch of this combined system of measures, was not a new measure, and that its constitutionality had been previously sanctioned, because a bank had been chartered in 1791 and had received the official signature of President Washington.",Fixed-rubric classification from the supplied sentence context.,narration,former_president,AI-classified; not human-validated
7c779d941d616da575bfdbca,James K. Polk,George Washington,/the-presidency/presidential-speeches/december-5-1848-fourth-annual-message-congress,105,1848-12-05 16:29:58,Expansion,President Washington,other/unclear,positive,"It is well known that President Washington entertained serious doubts both as to the constitutionality and expediency of the measure, and while the bill was before him for his official approval or disapproval so great were these doubts that he required ""the opinion in writing"" of the members of his Cabinet to aid him in arriving at a decision.",Fixed-rubric classification from the supplied sentence context.,deliberate_quotation,former_president,AI-classified; not human-validated
3ff70943aebe1df5afefb013,James K. Polk,Thomas Jefferson,/the-presidency/presidential-speeches/december-5-1848-fourth-annual-message-congress,105,1848-12-05 16:29:58,Expansion,Mr. Jefferson,other/unclear,neutral,"His Cabinet gave their opinions and were divided upon the subject, General Hamilton being in favor of and Mr.",Fixed-rubric classification from the supplied sentence context.,narration,former_president,AI-classified; not human-validated
998b1c47ae2af5ab0ec34624,James K. Polk,George Washington,/the-presidency/presidential-speeches/december-5-1848-fourth-annual-message-congress,106,1848-12-05 16:29:58,Expansion,President Washington,institutional precedent,neutral,"It is well known also that President Washington retained the bill from Monday, the 14th, when it was presented to him, until Friday, the 25th of February, being the last moment permitted him by the Constitution to deliberate, when he finally yielded to it his reluctant assent and gave it his signature.",Fixed-rubric classification from the supplied sentence context.,narration,former_president,AI-classified; not human-validated
2fee68b09f92ecdad6061a0b,James K. Polk,James Madison,/the-presidency/presidential-speeches/december-5-1848-fourth-annual-message-congress,108,1848-12-05 16:29:58,Expansion,Mr. Madison,other/unclear,neutral,This is found among the manuscript papers of Mr.,Fixed-rubric classification from the supplied sentence context.,narration,former_president,AI-classified; not human-validated
3fce937fe43bc38fee8efdbe,James K. Polk,George Washington,/the-presidency/presidential-speeches/december-5-1848-fourth-annual-message-congress,108,1848-12-05 16:29:58,Expansion,President Washington,other/unclear,neutral,"From these papers it appears that President Washington, while he yet held the bank bill in his hands, actually requested Mr.",Fixed-rubric classification from the supplied sentence context.,narration,former_president,AI-classified; not human-validated
886e0ce7cb8516a8ce9e39e4,James K. Polk,James Madison,/the-presidency/presidential-speeches/december-5-1848-fourth-annual-message-congress,108,1848-12-05 16:29:58,Expansion,Mr. Madison,other/unclear,neutral,"From these papers it appears that President Washington, while he yet held the bank bill in his hands, actually requested Mr.",Fixed-rubric classification from the supplied sentence context.,narration,former_president,AI-classified; not human-validated
7a6cd27c1289d4c525645acf,James K. Polk,James Madison,/the-presidency/presidential-speeches/december-5-1848-fourth-annual-message-congress,108,1848-12-05 16:29:58,Expansion,Mr. Madison,other/unclear,neutral,Mr.,Fixed-rubric classification from the supplied sentence context.,narration,former_president,AI-classified; not human-validated
e375678e702d16d71680a28b,James K. Polk,James Madison,/the-presidency/presidential-speeches/december-5-1848-fourth-annual-message-congress,108,1848-12-05 16:29:58,Expansion,Mr. Madison,other/unclear,neutral,"A copy of this original draft, in Mr.",Fixed-rubric classification from the supplied sentence context.,narration,former_president,AI-classified; not human-validated
46d02b033a8756673adbe94e,James K. Polk,James Madison,/the-presidency/presidential-speeches/december-5-1848-fourth-annual-message-congress,109,1848-12-05 16:29:58,Expansion,Mr. Madison,other/unclear,neutral,"It is preceded by a note, written on the same sheet, which is also in Mr.",Fixed-rubric classification from the supplied sentence context.,narration,former_president,AI-classified; not human-validated
a5a676abf70ecaaa1f030235,James K. Polk,Andrew Jackson,/the-presidency/presidential-speeches/december-5-1848-fourth-annual-message-congress,111,1848-12-05 16:29:58,Expansion,President Jackson,institutional precedent,neutral,"Under the repeated blows of President Jackson it reeled and fell, and a subsequent attempt to charter a similar institution was arrested by the veto of President Tyler.",Fixed-rubric classification from the supplied sentence context.,narration,former_president,AI-classified; not human-validated
0fd3fd9e6c238d51ad04b0f2,James K. Polk,John Tyler,/the-presidency/presidential-speeches/december-5-1848-fourth-annual-message-congress,111,1848-12-05 16:29:58,Expansion,President Tyler,institutional precedent,neutral,"Under the repeated blows of President Jackson it reeled and fell, and a subsequent attempt to charter a similar institution was arrested by the veto of President Tyler.",Fixed-rubric classification from the supplied sentence context.,narration,former_president,AI-classified; not human-validated
5f0ee9108f03f3a00c1483c7,James K. Polk,James Madison,/the-presidency/presidential-speeches/december-5-1848-fourth-annual-message-congress,111,1848-12-05 16:29:58,Expansion,Mr. Madison,other/unclear,neutral,Mr.,Fixed-rubric classification from the supplied sentence context.,narration,former_president,AI-classified; not human-validated
7803ea8102678c2b6a45e889,Franklin Pierce,Thomas Jefferson,/the-presidency/presidential-speeches/december-5-1853-first-annual-message,39,1853-12-05 17:59:58,Civil War & Reconstruction,Mr. Jefferson,institutional precedent,neutral,"Congress, representing the proprietors of the territorial domain and charged especially with power to dispose of territory belonging to the United States, has for a long course of years, beginning with the Administration of Mr.",Fixed-rubric classification from the supplied sentence context.,narration,former_president,AI-classified; not human-validated
8c50185b17cacfad4ea31b76,Franklin Pierce,Andrew Jackson,/the-presidency/presidential-speeches/december-5-1853-first-annual-message,48,1853-12-05 17:59:58,Civil War & Reconstruction,President Jackson,other/unclear,neutral,"Memorable as an epoch in the history of this subject is the message of President Jackson of the 27th of May, 1830, which met the system of internal improvements in its comparative infancy; but so rapid had been its growth that the projected appropriations in that year for works of this character had risen to the alarming amount of more than $100,000,000",Fixed-rubric classification from the supplied sentence context.,narration,former_president,AI-classified; not human-validated
cf1e745d78fbcc4ee44c6933,Ulysses S. Grant,James Monroe,/the-presidency/presidential-speeches/december-5-1870-second-annual-message,12,1870-12-05 17:59:58,Civil War & Reconstruction,Mr. Monroe,policy inheritance,neutral,"Our policy should be shaped, in view of this probability, so as to ally the commercial interests of the Spanish American States more closely to our own, and thus give the United States all the preeminence and all the advantage which Mr.",Fixed-rubric classification from the supplied sentence context.,narration,former_president,AI-classified; not human-validated
4d300c7b0daeb7510d4a6dbe,Ulysses S. Grant,John Quincy Adams,/the-presidency/presidential-speeches/december-5-1870-second-annual-message,12,1870-12-05 17:59:58,Civil War & Reconstruction,Mr. Adams,other/unclear,neutral,"Monroe, Mr.",Fixed-rubric classification from the supplied sentence context.,narration,former_president,AI-classified; not human-validated
e56f68bce8e6d6c67281671d,Ulysses S. Grant,James Monroe,/the-presidency/presidential-speeches/december-5-1870-second-annual-message,17,1870-12-05 17:59:58,Civil War & Reconstruction,Monroe,other/unclear,positive,"The acquisition of San Domingo is an adherence to the ""Monroe doctrine;"" it is a measure of national protection; it is asserting our just claim to a controlling influence over the great commercial traffic soon to flow from west to east by way of the Isthmus of Darien; it is to build up our merchant marine; it is to furnish new markets for the products of our farms, shops, and manufactories; it is to make slavery insupportable in Cuba and Porto Rico at once, and ultimately so in Brazil; it is to settle the unhappy condition of Cuba and end an exterminating conflict; it is to provide honest means of paying our honest debts without overtaxing the people; it is to furnish our citizens with the necessaries of everyday life at cheaper rates than ever before; and it is, in fine, a rapid stride toward that greatness which the intelligence, industry, and enterprise of the citizens of the United States entitle this country to assume among nations.",Fixed-rubric classification from the supplied sentence context.,deliberate_quotation,former_president,AI-classified; not human-validated
c6f8b1d0ca0a7c85af375a0c,Ulysses S. Grant,John Quincy Adams,/the-presidency/presidential-speeches/december-5-1870-second-annual-message,35,1870-12-05 17:59:58,Civil War & Reconstruction,John Quincy Adams,other/unclear,neutral,John Quincy Adams Mr.,Fixed-rubric classification from the supplied sentence context.,narration,former_president,AI-classified; not human-validated
1f8f3ba0f13dad21b53b020e,William McKinley,Thomas Jefferson,/the-presidency/presidential-speeches/december-5-1898-second-annual-message,68,1898-12-05 18:00:00,The Gilded Age,Thomas Jefferson,other/unclear,neutral,"The claim of Thomas Jefferson Page against Argentina, which has been pending many years, has been adjusted.",Fixed-rubric classification from the supplied sentence context.,narration,former_president,AI-classified; not human-validated
a24f5581e2337153e5d538fc,William McKinley,Benjamin Harrison,/the-presidency/presidential-speeches/december-5-1899-third-annual-message,19,1899-12-05 18:00:00,The Gilded Age,President Harrison,institutional precedent,neutral,"President Harrison in his annual message of December 3, 1889, says: Earnest attention should be given by Congress to a consideration of the question how far the restraint of those combinations of capital commonly called 11 trusts"" is matter of Federal jurisdiction.",Fixed-rubric classification from the supplied sentence context.,deliberate_quotation,former_president,AI-classified; not human-validated
ec4401a745516b476b651c2f,William McKinley,Grover Cleveland,/the-presidency/presidential-speeches/december-5-1899-third-annual-message,22,1899-12-05 18:00:00,The Gilded Age,President Cleveland,policy inheritance,neutral,"President Cleveland in his annual message of December 7, 1896 -- more than six years subsequent to the enactment of this law -- after stating the evils of these trust combinations, says:",Fixed-rubric classification from the supplied sentence context.,narration,former_president,AI-classified; not human-validated
c5ca51fd7a7dd33574dc4682,William McKinley,Grover Cleveland,/the-presidency/presidential-speeches/december-5-1899-third-annual-message,25,1899-12-05 18:00:00,The Gilded Age,President Cleveland,other/unclear,negative,The State legislation to which President Cleveland looked for relief from the evils of trusts has failed to accomplish fully that object.,Fixed-rubric classification from the supplied sentence context.,narration,former_president,AI-classified; not human-validated
f2eb45665b429ecba122dd20,William McKinley,Benjamin Harrison,/the-presidency/presidential-speeches/december-5-1899-third-annual-message,62,1899-12-05 18:00:00,The Gilded Age,President Harrison,other/unclear,neutral,"In his annual message of December 9, 1891, my predecessor, President Harrison, said:",Fixed-rubric classification from the supplied sentence context.,narration,former_president,AI-classified; not human-validated
73aa24328b240425f7f091cb,Theodore Roosevelt,William McKinley,/the-presidency/presidential-speeches/december-5-1905-fifth-annual-message,54,1905-12-05 18:00:00,Progressives & Depression,McKinley,other/unclear,neutral,"During the administrations of Presidents Cleveland, Harrison, and McKinley the State Department exercised its influence, through diplomatic channels, to prevent unjust discrimination by foreign countries against American insurance companies.",Fixed-rubric classification from the supplied sentence context.,narration,former_president,AI-classified; not human-validated
6c59dd99b4e2032079c3767a,Theodore Roosevelt,James Monroe,/the-presidency/presidential-speeches/december-5-1905-fifth-annual-message,83,1905-12-05 18:00:00,Progressives & Depression,Monroe,other/unclear,neutral,One of the most effective instruments for peace is the Monroe Doctrine as it has been and is being gradually developed by this Nation and accepted by other nations.,Fixed-rubric classification from the supplied sentence context.,narration,former_president,AI-classified; not human-validated
91fe0f1ee035aff627be4a69,Theodore Roosevelt,James Monroe,/the-presidency/presidential-speeches/december-5-1905-fifth-annual-message,83,1905-12-05 18:00:00,Progressives & Depression,Monroe,policy inheritance,neutral,"When we announce a policy such as the Monroe Doctrine we thereby commit ourselves to the consequences of the policy, and those consequences from time to time alter.",Fixed-rubric classification from the supplied sentence context.,narration,former_president,AI-classified; not human-validated
73e782e2fa17317c2f2422ed,Theodore Roosevelt,James Monroe,/the-presidency/presidential-speeches/december-5-1905-fifth-annual-message,85,1905-12-05 18:00:00,Progressives & Depression,Monroe,other/unclear,neutral,There are certain essential points which must never be forgotten as regards the Monroe Doctrine.,Fixed-rubric classification from the supplied sentence context.,narration,former_president,AI-classified; not human-validated
eabcf525d0bba86806750bdf,Theodore Roosevelt,James Monroe,/the-presidency/presidential-speeches/december-5-1905-fifth-annual-message,85,1905-12-05 18:00:00,Progressives & Depression,Monroe,other/unclear,neutral,"We must recognize the fact that in some South American countries there has been much suspicion lest we should interpret the Monroe Doctrine as in some way inimical to their interests, and we must try to convince all the other nations of this continent once and for all that no just and orderly Government has anything to fear from us.",Fixed-rubric classification from the supplied sentence context.,narration,former_president,AI-classified; not human-validated
6698dd124da74f74b946e461,Theodore Roosevelt,James Monroe,/the-presidency/presidential-speeches/december-5-1905-fifth-annual-message,87,1905-12-05 18:00:00,Progressives & Depression,Monroe,other/unclear,neutral,It must be understood that under no circumstances will the United States use the Monroe Doctrine as a cloak for territorial aggression.,Fixed-rubric classification from the supplied sentence context.,narration,former_president,AI-classified; not human-validated
3f8ff9ec87c25293859b518c,Theodore Roosevelt,James Monroe,/the-presidency/presidential-speeches/december-5-1905-fifth-annual-message,88,1905-12-05 18:00:00,Progressives & Depression,Monroe,other/unclear,neutral,"Moreover, we must make it evident that we do not intend to permit the Monroe Doctrine to be used by any nation on this Continent as a shield to protect it from the consequences of its own misdeeds against foreign nations.",Fixed-rubric classification from the supplied sentence context.,narration,former_president,AI-classified; not human-validated
87f881f75da20dfd0574ef7a,Theodore Roosevelt,James Monroe,/the-presidency/presidential-speeches/december-5-1905-fifth-annual-message,88,1905-12-05 18:00:00,Progressives & Depression,Monroe,other/unclear,neutral,"If a republic to the south of us commits a tort against a foreign nation, such as an outrage against a citizen of that nation, then the Monroe Doctrine does not force us to interfere to prevent punishment of the tort, save to see that the punishment does not assume the form of territorial occupation in any shape.",Fixed-rubric classification from the supplied sentence context.,narration,former_president,AI-classified; not human-validated
5cefa059af0a44e2544f33dd,Theodore Roosevelt,James Monroe,/the-presidency/presidential-speeches/december-5-1905-fifth-annual-message,91,1905-12-05 18:00:00,Progressives & Depression,Monroe,other/unclear,neutral,This brings me to what should be one of the fundamental objects of the Monroe Doctrine.,Fixed-rubric classification from the supplied sentence context.,narration,former_president,AI-classified; not human-validated
65aa43edf1c4af2cca97d000,Theodore Roosevelt,James Monroe,/the-presidency/presidential-speeches/december-5-1905-fifth-annual-message,92,1905-12-05 18:00:00,Progressives & Depression,Monroe,other/unclear,neutral,"It is not of the slightest consequence whether we grant the aid needed by Santo Domingo as an incident to the wise development of the Monroe Doctrine or because we regard the case of Santo Domingo as standing wholly by itself, and to be treated as such, and not on general principles or with any reference to the Monroe Doctrine.",Fixed-rubric classification from the supplied sentence context.,narration,former_president,AI-classified; not human-validated
8be8a55eccc9da88aaaa1677,Theodore Roosevelt,James Monroe,/the-presidency/presidential-speeches/december-5-1905-fifth-annual-message,92,1905-12-05 18:00:00,Progressives & Depression,Monroe,other/unclear,neutral,"It is not of the slightest consequence whether we grant the aid needed by Santo Domingo as an incident to the wise development of the Monroe Doctrine or because we regard the case of Santo Domingo as standing wholly by itself, and to be treated as such, and not on general principles or with any reference to the Monroe Doctrine.",Fixed-rubric classification from the supplied sentence context.,narration,former_president,AI-classified; not human-validated
e82801058f30c5a928d3dbaa,Theodore Roosevelt,James Monroe,/the-presidency/presidential-speeches/december-5-1905-fifth-annual-message,99,1905-12-05 18:00:00,Progressives & Depression,Monroe,policy inheritance,neutral,"Under the proposed treaty the independence of the island is scrupulously respected, the danger of violation of the Monroe Doctrine by the intervention of foreign powers vanishes, and the interference of our Government is minimized, so that we shall only act in conjunction with the Santo Domingo authorities to secure the proper administration of the customs, and therefore to secure the payment of just debts and to secure the Dominican Government against demands for unjust debts.",Fixed-rubric classification from the supplied sentence context.,narration,former_president,AI-classified; not human-validated
b289735dc3e5edff68d2e96e,Theodore Roosevelt,William McKinley,/the-presidency/presidential-speeches/december-5-1905-fifth-annual-message,131,1905-12-05 18:00:00,Progressives & Depression,President McKinley,other/unclear,neutral,"Seven years ago my lamented predecessor, President McKinley, stated that the time had come for the Nation to care for the graves of the Confederate dead.",Fixed-rubric classification from the supplied sentence context.,narration,former_president,AI-classified; not human-validated
db5a8a186e1bc07c8d9c6f2d,William Taft,Woodrow Wilson,/the-presidency/presidential-speeches/december-5-1911-third-annual-message,49,1911-12-05 18:00:00,Progressives & Depression,Mr. Wilson,other/unclear,neutral,"On the 6th of March last, in the absence of the Secretary of State, I had a personal interview with Mr.",Fixed-rubric classification from the supplied sentence context.,narration,not_yet_president,AI-classified; not human-validated
7fc9769aa727cfe49bf1de60,Thomas Jefferson,James Monroe,/the-presidency/presidential-speeches/december-6-1805-special-message-congress-foreign-policy,2,1805-12-06 17:59:58,The founding,James Monroe,other/unclear,neutral,"To obtain justice as well as to restore friendship I thought a special mission advisable, and accordingly appointed James Monroe minister extraordinary and plenipotentiary to repair to Madrid, and in conjunction with our minister resident there to endeavor to procure a ratification of the former convention and to come to an understanding with Spain as to the boundaries of Louisiana.",Fixed-rubric classification from the supplied sentence context.,narration,not_yet_president,AI-classified; not human-validated
c3cba5c74d906b28cc8aa383,Andrew Jackson,Thomas Jefferson,/the-presidency/presidential-speeches/december-6-1830-second-annual-message-congress,96,1830-12-06 17:59:58,Expansion,Jefferson,institutional precedent,positive,"In this conclusion I am confirmed as well by the opinions of Presidents Washington, Jefferson, Madison, and Monroe, who have each repeatedly recommended the exercise of this right under the Constitution, as by the uniform practice of Congress, the continued acquiescence of the states, and the general understanding of the people.",Fixed-rubric classification from the supplied sentence context.,narration,former_president,AI-classified; not human-validated
cb0948a14b67e2ddb76b65d7,Andrew Jackson,James Monroe,/the-presidency/presidential-speeches/december-6-1830-second-annual-message-congress,96,1830-12-06 17:59:58,Expansion,Monroe,institutional precedent,positive,"In this conclusion I am confirmed as well by the opinions of Presidents Washington, Jefferson, Madison, and Monroe, who have each repeatedly recommended the exercise of this right under the Constitution, as by the uniform practice of Congress, the continued acquiescence of the states, and the general understanding of the people.",Fixed-rubric classification from the supplied sentence context.,narration,former_president,AI-classified; not human-validated
c862b3f8876cdfeb3c4cbe0b,Millard Fillmore,Thomas Jefferson,/the-presidency/presidential-speeches/december-6-1852-third-annual-message,20,1852-12-06 18:05:58,Civil War & Reconstruction,Jefferson,other/unclear,neutral,"I would also suggest that the building appropriated to the State Department is not fireproof; that there is reason to think there are defects in its construction, and that the archives of the Government in charge of the Department, with the precious collections of the manuscript papers of Washington, Jefferson, Hamilton, Madison, and Monroe, are exposed to destruction by fire.",Fixed-rubric classification from the supplied sentence context.,narration,former_president,AI-classified; not human-validated
1aa745becaa747d9a3a40cf2,Millard Fillmore,James Monroe,/the-presidency/presidential-speeches/december-6-1852-third-annual-message,20,1852-12-06 18:05:58,Civil War & Reconstruction,Monroe,other/unclear,neutral,"I would also suggest that the building appropriated to the State Department is not fireproof; that there is reason to think there are defects in its construction, and that the archives of the Government in charge of the Department, with the precious collections of the manuscript papers of Washington, Jefferson, Hamilton, Madison, and Monroe, are exposed to destruction by fire.",Fixed-rubric classification from the supplied sentence context.,narration,former_president,AI-classified; not human-validated
6891c0bb6bd9638cf29cb4f7,Millard Fillmore,George Washington,/the-presidency/presidential-speeches/december-6-1852-third-annual-message,55,1852-12-06 18:05:58,Civil War & Reconstruction,President Washington,other/unclear,positive,During the terrific contest of nation against nation which succeeded the French Revolution we were enabled by the wisdom and firmness of President Washington to maintain our neutrality.,Fixed-rubric classification from the supplied sentence context.,narration,former_president,AI-classified; not human-validated
75aa2cc58342402b1d536c47,James Buchanan,Thomas Jefferson,/the-presidency/presidential-speeches/december-6-1858-second-annual-message,58,1858-12-06 17:59:58,Civil War & Reconstruction,Mr. Jefferson,legacy/inheritance,neutral,I am encouraged to make this suggestion by the example of Mr.,Fixed-rubric classification from the supplied sentence context.,narration,former_president,AI-classified; not human-validated
d9378d85315e966e9309f65a,James Buchanan,James K. Polk,/the-presidency/presidential-speeches/december-6-1858-second-annual-message,58,1858-12-06 17:59:58,Civil War & Reconstruction,Mr. Polk,other/unclear,neutral,Jefferson previous to the purchase of Louisiana from France and by that of Mr.,Fixed-rubric classification from the supplied sentence context.,narration,former_president,AI-classified; not human-validated
b3f34d54ede15d7ba9be05d9,James Buchanan,James K. Polk,/the-presidency/presidential-speeches/december-6-1858-second-annual-message,59,1858-12-06 17:59:58,Civil War & Reconstruction,President Polk,other/unclear,neutral,""" President Polk first made a similar recommendation in December, 1847, and it was repeated by my immediate predecessor in December, 1853.",Fixed-rubric classification from the supplied sentence context.,deliberate_quotation,former_president,AI-classified; not human-validated
acfa02069d60e350a9ee2396,James Buchanan,James Monroe,/the-presidency/presidential-speeches/december-6-1858-second-annual-message,122,1858-12-06 17:59:58,Civil War & Reconstruction,Mr. Monroe,other/unclear,neutral,Mr.,Fixed-rubric classification from the supplied sentence context.,narration,former_president,AI-classified; not human-validated
82d97ee1f2828279dca09ea2,James Buchanan,James Monroe,/the-presidency/presidential-speeches/december-6-1858-second-annual-message,123,1858-12-06 17:59:58,Civil War & Reconstruction,Monroe,other/unclear,neutral,Monroe proceeded to carry it into execution according to his own interpretation.,Fixed-rubric classification from the supplied sentence context.,narration,former_president,AI-classified; not human-validated
e86cd7fc91a0c71cc25b1362,Chester A. Arthur,James A. Garfield,/the-presidency/presidential-speeches/december-6-1881-first-annual-message,15,1881-12-06 17:59:58,The Gilded Age,President Garfield,ceremonial/biographical,neutral,A special envoy of Guatemala has brought to me the condolences of hisGovernment and people on the death of President Garfield.,Fixed-rubric classification from the supplied sentence context.,narration,former_president,AI-classified; not human-validated
b88eda230197800f57605844,William McKinley,Ulysses S. Grant,/the-presidency/presidential-speeches/december-6-1897-first-annual-message,32,1897-12-06 18:00:00,The Gilded Age,President Grant,other/unclear,neutral,"The wise utterances of President Grant in his memorable message of December 7, 1875, are signally relevant to the present situation in Cuba, and it may be wholesome now to recall them.",Fixed-rubric classification from the supplied sentence context.,narration,former_president,AI-classified; not human-validated
bb0b39960e4553ea7cd44e9f,Theodore Roosevelt,William McKinley,/the-presidency/presidential-speeches/december-6-1904-fourth-annual-message,84,1904-12-06 18:00:00,Progressives & Depression,President McKinley,institutional precedent,neutral,"The growing importance of the Orient as a field for American exports drew from my predecessor, President McKinley, an urgent request for its special consideration by the Congress.",Fixed-rubric classification from the supplied sentence context.,narration,former_president,AI-classified; not human-validated
5b5b62ee3395ae8a05b09c31,Theodore Roosevelt,James Monroe,/the-presidency/presidential-speeches/december-6-1904-fourth-annual-message,118,1904-12-06 18:00:00,Progressives & Depression,Monroe,other/unclear,negative,"Chronic wrongdoing, or an impotence which results in a general loosening of the ties of civilized society, may in America, as elsewhere, ultimately require intervention by some civilized nation, and in the Western Hemisphere the adherence of the United States to the Monroe Doctrine may force the United States, however reluctantly, in flagrant cases of such wrongdoing or impotence, to the exercise of an international police power.",Fixed-rubric classification from the supplied sentence context.,narration,former_president,AI-classified; not human-validated
08a626da5560adf7452a4726,Theodore Roosevelt,James Monroe,/the-presidency/presidential-speeches/december-6-1904-fourth-annual-message,121,1904-12-06 18:00:00,Progressives & Depression,Monroe,other/unclear,neutral,"In asserting the Monroe Doctrine, in taking such steps as we have taken in regard to Cuba, Venezuela, and Panama, and in endeavoring to circumscribe the theater of war in the Far East, and to secure the open door in China, we have acted in our own interest as well as in the interest of humanity at large.",Fixed-rubric classification from the supplied sentence context.,narration,former_president,AI-classified; not human-validated
5aa97ab66846a505737fbbd5,Theodore Roosevelt,James Monroe,/the-presidency/presidential-speeches/december-6-1904-fourth-annual-message,126,1904-12-06 18:00:00,Progressives & Depression,Monroe,other/unclear,neutral,We continue steadily to insist on the application of the Monroe Doctrine to the Western Hemisphere.,Fixed-rubric classification from the supplied sentence context.,narration,former_president,AI-classified; not human-validated
5adc6123573b5b87654be5d5,William Taft,Theodore Roosevelt,/the-presidency/presidential-speeches/december-6-1910-second-annual-message,133,1910-12-06 18:00:00,Progressives & Depression,President Roosevelt,other/unclear,neutral,"Justice Moody, and submitted to President Roosevelt on February 26, 1909.",Fixed-rubric classification from the supplied sentence context.,narration,former_president,AI-classified; not human-validated
883cf33c32bdac770f262783,William Taft,Abraham Lincoln,/the-presidency/presidential-speeches/december-6-1910-second-annual-message,157,1910-12-06 18:00:00,Progressives & Depression,Mr. Lincoln,other/unclear,neutral,The true spirit of the pension laws is to be found in the noble sentiments expressed by Mr.,Fixed-rubric classification from the supplied sentence context.,narration,former_president,AI-classified; not human-validated
55eb94686b8c1ae3590d9b7d,William Taft,Ulysses S. Grant,/the-presidency/presidential-speeches/december-6-1910-second-annual-message,173,1910-12-06 18:00:00,Progressives & Depression,President Grant,policy inheritance,neutral,"The first declaration of this view was not accompanied with any penal clause or with any provision for its enforcement, and, though President Grant by a proclamation twice attempted to give it his sanction and to require the officers of the Government to carry it out, the purpose of the framers of the law was ultimately defeated by a decision of the Supreme Court holding that the statute as drawn was merely a direction of the Government to its agents and did not invalidate a contract made in behalf of the Government which provided in the contract for labor for a day of longer hours than eight.",Fixed-rubric classification from the supplied sentence context.,narration,former_president,AI-classified; not human-validated
0760e7dc82feff33168f3b29,William Taft,George Washington,/the-presidency/presidential-speeches/december-6-1910-second-annual-message,186,1910-12-06 18:00:00,Progressives & Depression,Washington,historical comparison,neutral,"The Commissioners of the District have its affairs well in hand, and, while not extravagant, are constantly looking to those municipal improvements that are expensive but that must be made in a modern growing city like Washington.",Fixed-rubric classification from the supplied sentence context.,narration,former_president,AI-classified; not human-validated
1e741fc75178d703eb9ae532,William Taft,Abraham Lincoln,/the-presidency/presidential-speeches/december-6-1910-second-annual-message,203,1910-12-06 18:00:00,Progressives & Depression,Mr. Lincoln,other/unclear,neutral,I also renew my recommendation that steps be taken looking to the holding of a Negro exposition in celebration of the fiftieth anniversary of the issuing by Mr.,Fixed-rubric classification from the supplied sentence context.,narration,former_president,AI-classified; not human-validated
65b12fba9abd2f46794ca91b,William Taft,Chester A. Arthur,/the-presidency/presidential-speeches/december-6-1910-second-annual-message,216,1910-12-06 18:00:00,Progressives & Depression,President Arthur,other/unclear,neutral,It consists of President Arthur T.,Fixed-rubric classification from the supplied sentence context.,narration,former_president,AI-classified; not human-validated
09649acefd36f195265735a7,Calvin Coolidge,Warren G. Harding,/the-presidency/presidential-speeches/december-6-1923-first-annual-message,0,1923-12-06 18:00:00,Progressives & Depression,President Harding,institutional precedent,neutral,Since the close of the last Congress the Nation has lost President Harding.,Fixed-rubric classification from the supplied sentence context.,narration,former_president,AI-classified; not human-validated
4cc3963072bd9e32214941bb,Calvin Coolidge,James Monroe,/the-presidency/presidential-speeches/december-6-1923-first-annual-message,54,1923-12-06 18:00:00,Progressives & Depression,Monroe,other/unclear,neutral,It is 100 years since our country announced the Monroe doctrine.,Fixed-rubric classification from the supplied sentence context.,narration,former_president,AI-classified; not human-validated
5676c1f57757fe5aa461d093,Calvin Coolidge,George Washington,/the-presidency/presidential-speeches/december-6-1927-fifth-annual-message,59,1927-12-06 18:00:00,Progressives & Depression,George Washington,other/unclear,neutral,HISTORICAL CELEBRATIONS Provision is being made to commemorate the two hundredth anniversary of the birth of George Washington.,Fixed-rubric classification from the supplied sentence context.,narration,former_president,AI-classified; not human-validated
1b4bce5b4f13679e7680bc8a,John F. Kennedy,William McKinley,/the-presidency/presidential-speeches/december-6-1961-address-national-association-manufacturers,0,1961-12-06 18:00:00,The Cold War,President McKinley,other/unclear,neutral,"President, and gentlemen: I understand that President McKinley and I are the only two Presidents of the United States to ever address such an occasion.",Fixed-rubric classification from the supplied sentence context.,narration,former_president,AI-classified; not human-validated
92e20e83d10ab71419e1c7e7,John F. Kennedy,William McKinley,/the-presidency/presidential-speeches/december-6-1961-address-national-association-manufacturers,0,1961-12-06 18:00:00,The Cold War,President McKinley,other/unclear,neutral,I suppose that President McKinley and I are the only two that are regarded as fiscally sound enough to be qualified for admission to this organization on an occasion such as this.,Fixed-rubric classification from the supplied sentence context.,narration,former_president,AI-classified; not human-validated
75c404d78f8ef9f494be2174,John F. Kennedy,Calvin Coolidge,/the-presidency/presidential-speeches/december-6-1961-address-national-association-manufacturers,0,1961-12-06 18:00:00,The Cold War,Calvin Coolidge,other/unclear,neutral,For the first attack I quoted was on Calvin Coolidge and the second on Herbert Hoover.,Fixed-rubric classification from the supplied sentence context.,narration,former_president,AI-classified; not human-validated
6c990c30fa2691ecf87579ad,John F. Kennedy,Herbert Hoover,/the-presidency/presidential-speeches/december-6-1961-address-national-association-manufacturers,0,1961-12-06 18:00:00,The Cold War,Herbert Hoover,other/unclear,neutral,For the first attack I quoted was on Calvin Coolidge and the second on Herbert Hoover.,Fixed-rubric classification from the supplied sentence context.,narration,former_president,AI-classified; not human-validated
264479377d17354bf8a6aef9,John F. Kennedy,Dwight D. Eisenhower,/the-presidency/presidential-speeches/december-6-1961-address-national-association-manufacturers,19,1961-12-06 18:00:00,The Cold War,President Eisenhower,other/unclear,neutral,And it was because of that reason that President Eisenhower last year suggested the exceptional step of bringing back our dependents from Western Europe which would have saved two hundred and fifty million dollars.,Fixed-rubric classification from the supplied sentence context.,narration,former_president,AI-classified; not human-validated
6c8d183ff157157329c03a4e,Andrew Jackson,George Washington,/the-presidency/presidential-speeches/december-7-1835-seventh-annual-address-congress,40,1835-12-07 17:59:58,Expansion,President Washington,other/unclear,neutral,President Washington and the first President Adams in the performance of their duties to the American people fell under the animadversions of the French Directory.,Fixed-rubric classification from the supplied sentence context.,narration,former_president,AI-classified; not human-validated
4b700cc7a8a1793d278cccda,Andrew Jackson,John Quincy Adams,/the-presidency/presidential-speeches/december-7-1835-seventh-annual-address-congress,40,1835-12-07 17:59:58,Expansion,President Adams,other/unclear,neutral,President Washington and the first President Adams in the performance of their duties to the American people fell under the animadversions of the French Directory.,Fixed-rubric classification from the supplied sentence context.,narration,former_president,AI-classified; not human-validated
24b432a9ed3b806e621772c5,James K. Polk,James Monroe,/the-presidency/presidential-speeches/december-7-1847-third-annual-message,24,1847-12-07 16:12:58,Expansion,President Monroe,other/unclear,neutral,"Should any foreign government attempt to possess it as a colony, or otherwise to incorporate it with itself, the principle avowed by President Monroe in 1824, and reaffirmed in my first annual message, that no foreign power shall with our consent be permitted to plant or establish any new colony or dominion on any part of the North American continent must be maintained.",Fixed-rubric classification from the supplied sentence context.,narration,former_president,AI-classified; not human-validated
af752a94aabf78b11804bf3c,Theodore Roosevelt,William McKinley,/the-presidency/presidential-speeches/december-7-1903-third-annual-message,40,1903-12-07 18:00:00,Progressives & Depression,President McKinley,other/unclear,neutral,"In President McKinley's annual Message of December 5, 1898, he made the following recommendation: ""The experiences of the last year bring forcibly home to us a sense of the burdens and the waste of war.",Fixed-rubric classification from the supplied sentence context.,deliberate_quotation,former_president,AI-classified; not human-validated
329e3ef574a6084cab1ccc1b,Theodore Roosevelt,William McKinley,/the-presidency/presidential-speeches/december-7-1903-third-annual-message,75,1903-12-07 18:00:00,Progressives & Depression,President McKinley,institutional precedent,neutral,"President McKinley appointed five men who had been active and prominent in the public charities in Washington, all of whom upon taking office July 1, 1900, resigned from the different charities with which they had been connected.",Fixed-rubric classification from the supplied sentence context.,narration,former_president,AI-classified; not human-validated
9e425a6b55a7a820bb0609e6,Theodore Roosevelt,James Monroe,/the-presidency/presidential-speeches/december-7-1903-third-annual-message,82,1903-12-07 18:00:00,Progressives & Depression,President Monroe,policy inheritance,neutral,"Shortly after the enunciation of that famous principle of American foreign policy now known as the ""Monroe Doctrine,"" President Monroe, in a special Message to Congress on January 30, 1824, spoke as follows: ""The Navy is the arm from which our Government will always derive most aid in support of our rights.",Fixed-rubric classification from the supplied sentence context.,deliberate_quotation,former_president,AI-classified; not human-validated
7f8b7951c2c6d2835ce88120,William Taft,James Monroe,/the-presidency/presidential-speeches/december-7-1909-first-annual-message,25,1909-12-07 18:00:00,Progressives & Depression,Monroe,policy inheritance,positive,"With the changed circumstances of the United States and of the Republics to the south of us, most of which have great natural resources, stable government and progressive ideals, the apprehension which gave rise to the Monroe Doctrine may be said to have nearly disappeared, and neither the doctrine as it exists nor any other doctrine of American policy should be permitted to operate for the perpetuation of irresponsible government, the escape of just obligations, or the insidious allegation of dominating ambitions on the part of the United States.",Fixed-rubric classification from the supplied sentence context.,narration,former_president,AI-classified; not human-validated
2e18f1f4bdcc65edb12b4687,Woodrow Wilson,James Monroe,/the-presidency/presidential-speeches/december-7-1915-third-annual-message,4,1915-12-07 18:00:00,Progressives & Depression,President Monroe,ceremonial/biographical,neutral,We retain unabated the spirit that has inspired us throughout the whole life of our government and which was so frankly put into words by President Monroe.,Fixed-rubric classification from the supplied sentence context.,narration,former_president,AI-classified; not human-validated
077b16239543347993c22ecd,Woodrow Wilson,Abraham Lincoln,/the-presidency/presidential-speeches/december-7-1920-eighth-annual-message,0,1920-12-07 18:00:00,Progressives & Depression,Abraham Lincoln,institutional precedent,positive,"GENTLEMEN OF THE CONGRESS: When I addressed myself to performing the duty laid upon the President by the Constitution to present to you an annual report on the state of the Union, I found my thought dominated by an immortal sentence of Abraham Lincoln's-""Let us have faith that right makes might, and in that faith let us dare to do our duty as we understand it"" -a sentence immortal because it embodies in a form of utter simplicity and purity the essential faith of the nation, the faith in which it was conceived, and the faith in which it has grown to glory and power.",Fixed-rubric classification from the supplied sentence context.,deliberate_quotation,former_president,AI-classified; not human-validated
0f10d0103e31fa424f0ce9d7,John F. Kennedy,Franklin D. Roosevelt,/the-presidency/presidential-speeches/december-7-1961-address-miami-opening-afl-cio-convention,2,1961-12-07 18:00:00,The Cold War,Franklin Roosevelt,ceremonial/biographical,neutral,"I suppose, really, the only two dates that most people remember where they were, were Pearl Harbor and the death of President Franklin Roosevelt.",Fixed-rubric classification from the supplied sentence context.,narration,former_president,AI-classified; not human-validated
4bda462a83c621af549bc180,John F. Kennedy,Thomas Jefferson,/the-presidency/presidential-speeches/december-7-1961-address-miami-opening-afl-cio-convention,18,1961-12-07 18:00:00,The Cold War,Thomas Jefferson,other/unclear,neutral,"Thomas Jefferson once said, ""If you expect a country to be ignorant and free, you expect what never was and never will",Fixed-rubric classification from the supplied sentence context.,deliberate_quotation,former_president,AI-classified; not human-validated
8f4312e1818436f08b403ee3,John F. Kennedy,Woodrow Wilson,/the-presidency/presidential-speeches/december-7-1961-address-miami-opening-afl-cio-convention,37,1961-12-07 18:00:00,The Cold War,Woodrow Wilson,other/unclear,neutral,"And I come to Miami today and ask your help, as on other occasions other Presidents of the United States, stretching back to the time of Woodrow Wilson and Roosevelt and Truman, have come to the AF of L and the CIO--and each time this organization has said yes.",Fixed-rubric classification from the supplied sentence context.,narration,former_president,AI-classified; not human-validated
9a903f07c66bb7f31661923a,John F. Kennedy,Franklin D. Roosevelt,/the-presidency/presidential-speeches/december-7-1961-address-miami-opening-afl-cio-convention,37,1961-12-07 18:00:00,The Cold War,Roosevelt,other/unclear,neutral,"And I come to Miami today and ask your help, as on other occasions other Presidents of the United States, stretching back to the time of Woodrow Wilson and Roosevelt and Truman, have come to the AF of L and the CIO--and each time this organization has said yes.",Fixed-rubric classification from the supplied sentence context.,narration,former_president,AI-classified; not human-validated
b7b93afed863a9e2583821ac,John F. Kennedy,Harry S. Truman,/the-presidency/presidential-speeches/december-7-1961-address-miami-opening-afl-cio-convention,37,1961-12-07 18:00:00,The Cold War,Truman,other/unclear,neutral,"And I come to Miami today and ask your help, as on other occasions other Presidents of the United States, stretching back to the time of Woodrow Wilson and Roosevelt and Truman, have come to the AF of L and the CIO--and each time this organization has said yes.",Fixed-rubric classification from the supplied sentence context.,narration,former_president,AI-classified; not human-validated
239e6302741859f05d15dc5e,Andrew Jackson,James Madison,/the-presidency/presidential-speeches/december-8-1829-first-annual-message-congress,80,1829-12-08 17:59:58,Expansion,Mr. Madison,other/unclear,neutral,"Thirteen years ago it was, in Mr.",Fixed-rubric classification from the supplied sentence context.,narration,former_president,AI-classified; not human-validated
3e78564b755c62788469854a,James K. Polk,Andrew Jackson,/the-presidency/presidential-speeches/december-8-1846-second-annual-message-congress,8,1846-12-08 16:06:58,Expansion,President Jackson,policy inheritance,neutral,In less than seven years after the conclusion of that treaty our grievances had become so intolerable that in the opinion of President Jackson they should no longer be endured.,Fixed-rubric classification from the supplied sentence context.,narration,former_president,AI-classified; not human-validated
8540c75bbd6b920c0d36ad78,James K. Polk,Martin Van Buren,/the-presidency/presidential-speeches/december-8-1846-second-annual-message-congress,13,1846-12-08 16:06:58,Expansion,Buren,institutional precedent,negative,"President Van Buren, in his annual message to Congress of the 5th of December, 1837, states that ""although the larger number"" of our demands for redress, ""and many of them aggravated cases of personal wrongs, have been now for years before the Mexican Government, and some of the causes of national complaint, and those of the most offensive character, admitted of immediate, simple, and satisfactory replies, it is only within a few days past that any specific communication in answer to our last demand, made five months ago, has been received from the Mexican minister;"" and that ""for not one of our public complaints has satisfaction been given or offered, that but one of the cases of personal wrong has been favorably considered, and that but four cases of both descriptions out of all those formally presented and earnestly pressed have as yet been decided upon by the Mexican",Fixed-rubric classification from the supplied sentence context.,deliberate_quotation,former_president,AI-classified; not human-validated
7239f0fca87704783441dcdd,James K. Polk,Martin Van Buren,/the-presidency/presidential-speeches/december-8-1846-second-annual-message-congress,13,1846-12-08 16:06:58,Expansion,Buren,institutional precedent,neutral,""" President Van Buren, believing that it would be vain to make any further attempt to obtain redress by the ordinary means within the power of the Executive, communicated this opinion to Congress in the message referred to, in which he said: On a careful and deliberate examination of their contents of the correspondence with the Mexican Government], and considering the spirit manifested by the Mexican Government, it has become my painful duty to return the subject as it now stands to Congress, to whom it belongs to decide upon the time, the mode, and the measure of redress.",Fixed-rubric classification from the supplied sentence context.,deliberate_quotation,former_president,AI-classified; not human-validated
855596fef7a5f6655c0c9e09,James K. Polk,Thomas Jefferson,/the-presidency/presidential-speeches/december-8-1846-second-annual-message-congress,37,1846-12-08 16:06:58,Expansion,Mr. Jefferson,other/unclear,neutral,During Mr.,Fixed-rubric classification from the supplied sentence context.,narration,former_president,AI-classified; not human-validated
c7f8dfe15a79e16930522ca0,James K. Polk,James Monroe,/the-presidency/presidential-speeches/december-8-1846-second-annual-message-congress,37,1846-12-08 16:06:58,Expansion,Monroe,other/unclear,positive,"Monroe and Pinckney, who had been sent on a special mission to Madrid, charged among other things with the adjustment of boundary between the two countries, in a note addressed to the Spanish minister of foreign affairs under date of the 28th of January, 1805, assert that the boundaries of Louisiana, as ceded to the United States by France, ""are the river Perdido on the east and the river Bravo on the west,"" and they add that ""the facts and principles which justify this conclusion are so satisfactory to our Government as to convince it that the United States have not a better right to the island of New Orleans under the cession referred to than they have to the whole district of territory which is above",Fixed-rubric classification from the supplied sentence context.,deliberate_quotation,former_president,AI-classified; not human-validated
a99714e74554bb58eb2f1c34,James K. Polk,James Monroe,/the-presidency/presidential-speeches/december-8-1846-second-annual-message-congress,38,1846-12-08 16:06:58,Expansion,Mr. Monroe,other/unclear,neutral,"In the month of June, 1818, during Mr.",Fixed-rubric classification from the supplied sentence context.,narration,former_president,AI-classified; not human-validated
7ad25dea48b97622a0d39dd5,James K. Polk,Thomas Jefferson,/the-presidency/presidential-speeches/december-8-1846-second-annual-message-congress,80,1846-12-08 16:06:58,Expansion,President Jefferson,institutional precedent,neutral,"Near the close of your last session, for reasons communicated to Congress, I deemed it important as a measure for securing a speedy peace with Mexico, that a sum of money should be appropriated and placed in the power of the Executive, similar to that which had been made upon two former occasions during the Administration of President Jefferson.",Fixed-rubric classification from the supplied sentence context.,narration,former_president,AI-classified; not human-validated
01dc890680ab85f722749752,James Buchanan,James K. Polk,/the-presidency/presidential-speeches/december-8-1857-first-annual-message,39,1857-12-08 17:59:58,Civil War & Reconstruction,President Polk,institutional precedent,neutral,"In the meantime, whenever our minister urges the just claims of our citizens on the notice of the Spanish Government he is met with the objection that Congress has never made the appropriation recommended by President Polk in his annual message of December, 1847, ""to be paid to the Spanish Government for the purpose of distribution among the claimants in the Amistad",Fixed-rubric classification from the supplied sentence context.,deliberate_quotation,former_president,AI-classified; not human-validated
e16aa5c4ef559d923e972413,Andrew Johnson,Andrew Jackson,/the-presidency/presidential-speeches/december-8-1868-fourth-annual-message-congress,18,1868-12-08 16:42:58,Civil War & Reconstruction,President Jackson,institutional precedent,positive,"Wise and economical legislation, however, enabled the Government to pay the entire amount within a period of twenty years, and the extinguishment of the national debt filled the land with rejoicing and was one of the great events of President Jackson's Administration.",Fixed-rubric classification from the supplied sentence context.,narration,former_president,AI-classified; not human-validated
6d52cf42e95fdc6d58194caf,Grover Cleveland,George Washington,/the-presidency/presidential-speeches/december-8-1885-first-annual-message,12,1885-12-08 18:00:00,The Gilded Age,Washington,policy inheritance,neutral,"Maintaining, as I do, the tenets of a line of precedents from Washington's day, which proscribe entangling alliances with foreign states, I do not favor a policy of acquisition of new and distant territory or the incorporation of remote interests with our own.",Fixed-rubric classification from the supplied sentence context.,narration,former_president,AI-classified; not human-validated
f184c3a74b4c0cdd563ec0ee,Bill Clinton,Harry S. Truman,/the-presidency/presidential-speeches/december-8-1993-remarks-signing-nafta,11,1993-12-08 18:00:00,Post-Cold War,Truman,policy inheritance,positive,"In this very auditorium in 1949, President Harry Truman signed one of the charter documents of this golden era of American leadership, the North Atlantic Treaty that created NATO.",Fixed-rubric classification from the supplied sentence context.,narration,former_president,AI-classified; not human-validated
86de6d0c0340d080bd240f13,Bill Clinton,Harry S. Truman,/the-presidency/presidential-speeches/december-8-1993-remarks-signing-nafta,12,1993-12-08 18:00:00,Post-Cold War,Truman,other/unclear,neutral,"Now, the institutions built by Truman and Acheson, by Marshall and Vandenberg, have accomplished their task.",Fixed-rubric classification from the supplied sentence context.,narration,former_president,AI-classified; not human-validated
2a4b27636bf987f45f792b2e,George W. Bush,Lyndon B. Johnson,/the-presidency/presidential-speeches/december-8-2003-address-signing-medicare-legislation,1,2003-12-08 17:10:00,Post-Cold War,Lyndon Johnson,policy inheritance,neutral,Lyndon Johnson established that commitment by signing the Medicare Act of 1965.,Fixed-rubric classification from the supplied sentence context.,narration,former_president,AI-classified; not human-validated
efd251c5d7659086385c648f,Lyndon B. Johnson,Dwight D. Eisenhower,/the-presidency/presidential-speeches/february-1-1964-press-conference,21,1964-02-01 18:00:00,The Cold War,President Eisenhower,other/unclear,neutral,"But I found in the 8 years that I served as Democratic Leader under President Eisenhower that it was not necessary to sling mud or to indulge in personalities, and I hope that our Democratic people will follow that course.",Fixed-rubric classification from the supplied sentence context.,narration,former_president,AI-classified; not human-validated
18f6786b7e6f6c8e28f38f47,Lyndon B. Johnson,Abraham Lincoln,/the-presidency/presidential-speeches/february-1-1964-press-conference,28,1964-02-01 18:00:00,The Cold War,President Lincoln,ceremonial/biographical,positive,"I hope it is acted upon in the House before the Members leave to attend Lincoln Day birthday meetings throughout the Nation, because it would be a great tribute to President Lincoln to have that bill finally acted upon in the House before we go out to celebrate his birthday.",Fixed-rubric classification from the supplied sentence context.,narration,former_president,AI-classified; not human-validated
bd4df7ff68157f13b1c8acd7,Lyndon B. Johnson,Abraham Lincoln,/the-presidency/presidential-speeches/february-1-1964-press-conference,29,1964-02-01 18:00:00,The Cold War,Lincoln,ceremonial/biographical,neutral,"It will be carefully deliberated, but I hope that we can pass it before we take a recess for Lincoln's Birthday on February 12.",Fixed-rubric classification from the supplied sentence context.,narration,former_president,AI-classified; not human-validated
51aecfc73d9b5dc74d1b822d,Barack Obama,John F. Kennedy,/the-presidency/presidential-speeches/february-13-2013-2013-state-union-address,0,2013-02-13 06:00:00,Post-Cold War,John F. Kennedy,institutional precedent,neutral,"Vice President, members of Congress, fellow citizens: Fifty-one years ago, John F.",Fixed-rubric classification from the supplied sentence context.,narration,former_president,AI-classified; not human-validated
bf46d40cd929c2b3e8cb57fd,Barack Obama,Joe Biden,/the-presidency/presidential-speeches/february-13-2013-2013-state-union-address,29,2013-02-13 06:00:00,Post-Cold War,Joe Biden,policy inheritance,neutral,"Today, the Senate passed the Violence Against Women Act that Joe Biden originally wrote almost 20 years ago.",Fixed-rubric classification from the supplied sentence context.,narration,not_yet_president,AI-classified; not human-validated
f25547b2b06fcd7547843713,Donald Trump,Barack Obama,/the-presidency/presidential-speeches/february-15-2019-speech-declaring-national-emergency,27,2019-02-15 16:30:00,The present era,President Obama,other/unclear,neutral,"President Obama - in fact, we may be using one of the national emergencies that he signed, having to do with cartels.",Fixed-rubric classification from the supplied sentence context.,narration,former_president,AI-classified; not human-validated
e9780b2d3055d1da3fb0a0e8,Donald Trump,Barack Obama,/the-presidency/presidential-speeches/february-15-2019-speech-declaring-national-emergency,52,2019-02-15 16:30:00,The present era,President Obama,institutional precedent,neutral,"I just want to say, in the past, when President Obama tried to use executive action as it related to immigration, you said, ""The whole concept of executive order, it's not the way the country is supposed to be",Fixed-rubric classification from the supplied sentence context.,deliberate_quotation,former_president,AI-classified; not human-validated
43f9981a46d4f963b2e2eee9,Donald Trump,Barack Obama,/the-presidency/presidential-speeches/february-15-2019-speech-declaring-national-emergency,87,2019-02-15 16:30:00,The present era,President Obama,other/unclear,neutral,"But before I - Q THE PRESIDENT: - really focus on that - and you have to remember, President Obama put on more debt on this country than every President in the history of our country combined.",Fixed-rubric classification from the supplied sentence context.,narration,former_president,AI-classified; not human-validated
fce5a0dd6f91666bc82223dd,Donald Trump,Barack Obama,/the-presidency/presidential-speeches/february-15-2019-speech-declaring-national-emergency,91,2019-02-15 16:30:00,The present era,President Obama,institutional precedent,positive,"When I came into office, I met right there, in the Oval Office, with President Obama.",Fixed-rubric classification from the supplied sentence context.,narration,former_president,AI-classified; not human-validated
8f349dc9101b1c364aa95792,Bill Clinton,Ronald Reagan,/the-presidency/presidential-speeches/february-17-1993-address-joint-session-congress,3,1993-02-17 18:00:00,Post-Cold War,President Reagan,other/unclear,neutral,"I well remember 12 years ago President Reagan stood at this very podium and told you and the American people that if our national debt were stacked in thousand-dollar bills, the stack would reach 67 miles into space.",Fixed-rubric classification from the supplied sentence context.,narration,former_president,AI-classified; not human-validated
944b8427d7c4fc9e42e28f85,Bill Clinton,John F. Kennedy,/the-presidency/presidential-speeches/february-17-1993-address-joint-session-congress,21,1993-02-17 18:00:00,Post-Cold War,President Kennedy,institutional precedent,neutral,"A generation ago when President Kennedy proposed and the United States Congress embraced the Peace Corps, it defined the character of a whole generation of Americans committed to serving people around the world.",Fixed-rubric classification from the supplied sentence context.,narration,former_president,AI-classified; not human-validated
97d6dd81c5476e6b0bcc9a45,Ronald Reagan,Calvin Coolidge,/the-presidency/presidential-speeches/february-18-1983-speech-conservative-political-action,1,1983-02-18 18:00:00,The Cold War,Calvin Coolidge,other/unclear,neutral,"In fact, my attitude about that unfinished agenda isn't very different from that expressed in an anecdote about one of my favorite Presidents, Calvin Coolidge.",Fixed-rubric classification from the supplied sentence context.,narration,former_president,AI-classified; not human-validated
6dc394939930815dd5ac8b1b,Dwight D. Eisenhower,Theodore Roosevelt,/the-presidency/presidential-speeches/february-2-1953-state-union-address,49,1953-02-02 23:00:00,The Cold War,Theodore Roosevelt,other/unclear,neutral,We must more than match the substantial achievements in the half-century since President Theodore Roosevelt awakened the Nation to the problem of conservation.,Fixed-rubric classification from the supplied sentence context.,narration,former_president,AI-classified; not human-validated
c22c571265a6e50b0c2b9570,Dwight D. Eisenhower,William Taft,/the-presidency/presidential-speeches/february-2-1953-state-union-address,57,1953-02-02 23:00:00,The Cold War,Taft,policy inheritance,neutral,"We have now had 5 years' experience with the Labor Management Act of 1947, commonly known as the Taft-Hartley Act.",Fixed-rubric classification from the supplied sentence context.,narration,former_president,AI-classified; not human-validated
163af7511fdc1ef3362f727d,Lyndon B. Johnson,Herbert Hoover,/the-presidency/presidential-speeches/february-2-1967-press-conference,3,1967-02-02 18:00:00,The Cold War,Mr. Hoover,other/unclear,neutral,"If an additional consulate were opened, and if another 10 were added to the 452, Mr.",Fixed-rubric classification from the supplied sentence context.,narration,former_president,AI-classified; not human-validated
0ac2c947eca24b0374b1d665,Jimmy Carter,Franklin D. Roosevelt,/the-presidency/presidential-speeches/february-2-1977-report-american-people-energy,15,1977-02-02 18:00:00,The Cold War,Franklin Roosevelt,other/unclear,neutral,"The passage of this legislation, which will give me the same authority extended to every President from Franklin Roosevelt through Richard Nixon, and used by many Governors across the country, is absolutely crucial to a successful reorganization effort.",Fixed-rubric classification from the supplied sentence context.,narration,former_president,AI-classified; not human-validated
c3ca8619dd72814223445544,Jimmy Carter,Richard M. Nixon,/the-presidency/presidential-speeches/february-2-1977-report-american-people-energy,15,1977-02-02 18:00:00,The Cold War,Richard Nixon,other/unclear,neutral,"The passage of this legislation, which will give me the same authority extended to every President from Franklin Roosevelt through Richard Nixon, and used by many Governors across the country, is absolutely crucial to a successful reorganization effort.",Fixed-rubric classification from the supplied sentence context.,narration,former_president,AI-classified; not human-validated
5f2023c5a1c59c82c0780c2c,George W. Bush,Bill Clinton,/the-presidency/presidential-speeches/february-2-2005-state-union-address,15,2005-02-02 18:00:00,Post-Cold War,President Clinton,other/unclear,neutral,"During the 1990s, my predecessor, President Clinton, spoke of increasing the retirement age.",Fixed-rubric classification from the supplied sentence context.,narration,former_president,AI-classified; not human-validated
569d06646f74c86e1eb4d170,George W. Bush,Franklin D. Roosevelt,/the-presidency/presidential-speeches/february-2-2005-state-union-address,42,2005-02-02 18:00:00,Post-Cold War,Franklin Roosevelt,other/unclear,neutral,"As Franklin Roosevelt once reminded Americans, ""each age is a dream that is dying, or one that is coming to",Fixed-rubric classification from the supplied sentence context.,deliberate_quotation,former_president,AI-classified; not human-validated
7e74f21ef4c0b89c2a8385f9,John F. Kennedy,Theodore Roosevelt,/the-presidency/presidential-speeches/february-21-1961-remarks-youth-fitness-program,1,1961-02-21 18:00:00,The Cold War,Theodore Roosevelt,other/unclear,neutral,"Theodore Roosevelt, expressed some ambition that--I think members of the armed services would improve their physical fitness.",Fixed-rubric classification from the supplied sentence context.,narration,former_president,AI-classified; not human-validated
d8165f1b742427f7f7f641c6,Lyndon B. Johnson,Harry S. Truman,/the-presidency/presidential-speeches/february-21-1964-remarks-ninety-sixth-charter-day-observances,5,1964-02-21 18:00:00,The Cold War,President Truman,other/unclear,neutral,America's partnership with Europe began with President Truman's brave pledge of assistance to Greece and Turkey.,Fixed-rubric classification from the supplied sentence context.,narration,former_president,AI-classified; not human-validated
684698e490d0a57b004764cf,Lyndon B. Johnson,Thomas Jefferson,/the-presidency/presidential-speeches/february-21-1964-remarks-ninety-sixth-charter-day-observances,10,1964-02-21 18:00:00,The Cold War,Jefferson,other/unclear,neutral,"for America today, as in Jefferson's time, peace must be our passion.",Fixed-rubric classification from the supplied sentence context.,narration,former_president,AI-classified; not human-validated
e87ea6a80478d1875dd19526,Calvin Coolidge,George Washington,/the-presidency/presidential-speeches/february-22-1927-address-regarding-washingtons-birthday,0,1927-02-22 23:56:00,Progressives & Depression,George Washington,other/unclear,neutral,"My fellow Americans: On the 22d day of February, 1932, America will celebrate the two hundredth anniversary of the birth of George Washington.",Fixed-rubric classification from the supplied sentence context.,narration,former_president,AI-classified; not human-validated
59085268d4ba2e2d08b910ad,Calvin Coolidge,George Washington,/the-presidency/presidential-speeches/february-22-1927-address-regarding-washingtons-birthday,7,1927-02-22 23:56:00,Progressives & Depression,George Washington,other/unclear,neutral,"If ever there was a self-made man, it was George Washington.",Fixed-rubric classification from the supplied sentence context.,narration,former_president,AI-classified; not human-validated
99920ad8befa1a6726dc1c90,Calvin Coolidge,James Monroe,/the-presidency/presidential-speeches/february-22-1927-address-regarding-washingtons-birthday,13,1927-02-22 23:56:00,Progressives & Depression,Monroe,other/unclear,neutral,They were joined by Madison and Monroe.,Fixed-rubric classification from the supplied sentence context.,narration,former_president,AI-classified; not human-validated
b52b23caae59ae50588fdafa,Calvin Coolidge,George Washington,/the-presidency/presidential-speeches/february-22-1927-address-regarding-washingtons-birthday,18,1927-02-22 23:56:00,Progressives & Depression,Washington,other/unclear,neutral,It has been thought that these negotiations entered into by Washington led up almost directly to the calling of the Constitutional Convention.,Fixed-rubric classification from the supplied sentence context.,narration,former_president,AI-classified; not human-validated
2161bcdfbf2fb1d840e9ef4e,Calvin Coolidge,George Washington,/the-presidency/presidential-speeches/february-22-1927-address-regarding-washingtons-birthday,20,1927-02-22 23:56:00,Progressives & Depression,Washington,policy inheritance,neutral,This action was rescinded after Washington put forth his waterway plan.,Fixed-rubric classification from the supplied sentence context.,narration,former_president,AI-classified; not human-validated
d53e7446437390c02f298f20,Calvin Coolidge,Thomas Jefferson,/the-presidency/presidential-speeches/february-22-1927-address-regarding-washingtons-birthday,29,1927-02-22 23:56:00,Progressives & Depression,Jefferson,other/unclear,neutral,"Washington placed in the most important positions in his Cabinet, Jefferson, with his advocacy of the utmost degree of local self-government and of States' rights, and Hamilton, whose theories of a strong national government led him to advocate the appointment of State governors by the President.",Fixed-rubric classification from the supplied sentence context.,narration,former_president,AI-classified; not human-validated
b165c4326a3d90948ac6c4ff,Calvin Coolidge,George Washington,/the-presidency/presidential-speeches/february-22-1927-address-regarding-washingtons-birthday,30,1927-02-22 23:56:00,Progressives & Depression,George Washington,other/unclear,neutral,"As it was George Washington, of course he performed them extraordinarily well.",Fixed-rubric classification from the supplied sentence context.,narration,former_president,AI-classified; not human-validated
8cc806433348070f31cd06f3,Franklin D. Roosevelt,George Washington,/the-presidency/presidential-speeches/february-23-1942-fireside-chat-20-progress-war,0,1942-02-23 18:00:00,War & New Deal,Washington,ceremonial/biographical,neutral,My fellow Americans: Washington's Birthday is a most appropriate occasion for us to talk with each other about things as they are today and things as we know they shall be in the future.,Fixed-rubric classification from the supplied sentence context.,narration,former_president,AI-classified; not human-validated
256d438fae34480a7591c390,Lyndon B. Johnson,Franklin D. Roosevelt,/the-presidency/presidential-speeches/february-23-1966-remarks-receiving-national-freedom-award,1,1966-02-23 18:00:00,The Cold War,Franklin Roosevelt,other/unclear,neutral,"Twenty-five years ago, to a world that was darkened by war, President Franklin Roosevelt described the four freedoms of mankind: --Freedom of speech and expression.",Fixed-rubric classification from the supplied sentence context.,narration,former_president,AI-classified; not human-validated
5de293ae2d251c3655d35348,Lyndon B. Johnson,Franklin D. Roosevelt,/the-presidency/presidential-speeches/february-23-1966-remarks-receiving-national-freedom-award,1,1966-02-23 18:00:00,The Cold War,Franklin Roosevelt,other/unclear,neutral,Franklin Roosevelt knew that these freedoms could not be the province of one people alone.,Fixed-rubric classification from the supplied sentence context.,narration,former_president,AI-classified; not human-validated
d231a54057eb6dadce8a9760,Lyndon B. Johnson,Franklin D. Roosevelt,/the-presidency/presidential-speeches/february-23-1966-remarks-receiving-national-freedom-award,2,1966-02-23 18:00:00,The Cold War,Franklin Roosevelt,other/unclear,neutral,""" Wendell Willkie, Franklin Roosevelt's opponent in the campaign of 1940, shared his belief that freedom could not be founded only on American shores or only for those whose skin is white.",Fixed-rubric classification from the supplied sentence context.,deliberate_quotation,former_president,AI-classified; not human-validated
77555a36be342040a0576e7d,Lyndon B. Johnson,Franklin D. Roosevelt,/the-presidency/presidential-speeches/february-23-1966-remarks-receiving-national-freedom-award,8,1966-02-23 18:00:00,The Cold War,Franklin Roosevelt,ceremonial/biographical,neutral,"It is a testimony also to an enlightened public policy, established by Franklin Roosevelt and strengthened by every administration since his death.",Fixed-rubric classification from the supplied sentence context.,narration,former_president,AI-classified; not human-validated
fd0b0678bfe797c70e3a0c95,Lyndon B. Johnson,Franklin D. Roosevelt,/the-presidency/presidential-speeches/february-23-1966-remarks-receiving-national-freedom-award,10,1966-02-23 18:00:00,The Cold War,Franklin Roosevelt,other/unclear,neutral,"Thus we address the spirit of Franklin Roosevelt, 25 years after his message to America and the world, with confidence and with an unflagging determination.",Fixed-rubric classification from the supplied sentence context.,narration,former_president,AI-classified; not human-validated
fe8b4d68f25a77cdf1ddf0f1,Lyndon B. Johnson,Franklin D. Roosevelt,/the-presidency/presidential-speeches/february-23-1966-remarks-receiving-national-freedom-award,31,1966-02-23 18:00:00,The Cold War,President Roosevelt,other/unclear,neutral,"When the forces of freedom were driven from the Philippines, President Roosevelt could not and did not name the date that we would return.",Fixed-rubric classification from the supplied sentence context.,narration,former_president,AI-classified; not human-validated
ab7e7c9aa81d56f278d55568,Lyndon B. Johnson,Franklin D. Roosevelt,/the-presidency/presidential-speeches/february-23-1966-remarks-receiving-national-freedom-award,34,1966-02-23 18:00:00,The Cold War,Franklin D. Roosevelt,other/unclear,neutral,The first was Franklin D.,Fixed-rubric classification from the supplied sentence context.,narration,former_president,AI-classified; not human-validated
9e3e39fcafd38c7d3c03580a,Lyndon B. Johnson,Harry S. Truman,/the-presidency/presidential-speeches/february-23-1966-remarks-receiving-national-freedom-award,35,1966-02-23 18:00:00,The Cold War,Harry S. Truman,other/unclear,neutral,The second was Harry S.,Fixed-rubric classification from the supplied sentence context.,narration,former_president,AI-classified; not human-validated
0326bdd7bbf33370c593fc00,Lyndon B. Johnson,Dwight D. Eisenhower,/the-presidency/presidential-speeches/february-23-1966-remarks-receiving-national-freedom-award,36,1966-02-23 18:00:00,The Cold War,Dwight D. Eisenhower,other/unclear,neutral,The third was Dwight D.,Fixed-rubric classification from the supplied sentence context.,narration,former_president,AI-classified; not human-validated
3ec0fec1ef18a4916282c394,Lyndon B. Johnson,John F. Kennedy,/the-presidency/presidential-speeches/february-23-1966-remarks-receiving-national-freedom-award,37,1966-02-23 18:00:00,The Cold War,John F. Kennedy,other/unclear,neutral,"And then 5 years ago, John F.",Fixed-rubric classification from the supplied sentence context.,narration,former_president,AI-classified; not human-validated
57f527d04b91a2d9eb14e63e,Donald Trump,Ronald Reagan,/the-presidency/presidential-speeches/february-23-2018-remarks-conservative-political-action,49,2018-02-23 17:12:12,The present era,Ronald Reagan,other/unclear,neutral,"But very few people - you look back, Ronald Reagan was so honored.",Fixed-rubric classification from the supplied sentence context.,narration,former_president,AI-classified; not human-validated
f3cb9b6b3027211da7aece04,Barack Obama,Joe Biden,/the-presidency/presidential-speeches/february-24-2009-address-joint-session-congress,8,2009-02-24 18:00:00,Post-Cold War,President Biden,other/unclear,neutral,"And that's why I've asked Vice President Biden to lead a tough, unprecedented oversight effort; because nobody messes with Joe.",Fixed-rubric classification from the supplied sentence context.,narration,not_yet_president,AI-classified; not human-validated
4c2f43dd8006e1c76d2ad09e,Barack Obama,Theodore Roosevelt,/the-presidency/presidential-speeches/february-24-2009-address-joint-session-congress,26,2009-02-24 18:00:00,Post-Cold War,Teddy Roosevelt,policy inheritance,neutral,"But I also know that nearly a century after Teddy Roosevelt first called for reform, the cost of our health care has weighed down our economy and our conscience long enough.",Fixed-rubric classification from the supplied sentence context.,narration,former_president,AI-classified; not human-validated
9d48e0902e5240dd41a101ac,Richard M. Nixon,Harry S. Truman,/the-presidency/presidential-speeches/february-25-1974-presidents-news-conference,25,1974-02-25 17:00:00,The Cold War,President Truman,other/unclear,neutral,"Fulbright, as you may recall, called for President Truman's resignation in the spring because the economy was in a slump and President Truman had other problems, and we proceeded to campaign against Mr.",Fixed-rubric classification from the supplied sentence context.,narration,former_president,AI-classified; not human-validated
50456a0a57203656c9b0d5f6,Richard M. Nixon,Harry S. Truman,/the-presidency/presidential-speeches/february-25-1974-presidents-news-conference,25,1974-02-25 17:00:00,The Cold War,President Truman,other/unclear,neutral,"Fulbright, as you may recall, called for President Truman's resignation in the spring because the economy was in a slump and President Truman had other problems, and we proceeded to campaign against Mr.",Fixed-rubric classification from the supplied sentence context.,narration,former_president,AI-classified; not human-validated
50b92fe24be2dd4875849d40,Richard M. Nixon,Harry S. Truman,/the-presidency/presidential-speeches/february-25-1974-presidents-news-conference,25,1974-02-25 17:00:00,The Cold War,Mr. Truman,other/unclear,neutral,"Fulbright, as you may recall, called for President Truman's resignation in the spring because the economy was in a slump and President Truman had other problems, and we proceeded to campaign against Mr.",Fixed-rubric classification from the supplied sentence context.,narration,former_president,AI-classified; not human-validated
2dc1c1b73451908617dfd532,Richard M. Nixon,Lyndon B. Johnson,/the-presidency/presidential-speeches/february-25-1974-presidents-news-conference,36,1974-02-25 17:00:00,The Cold War,President Johnson,other/unclear,neutral,"The President: Well, I would point out that those who made deductions, such as I made in this particular instance, included John Kenneth Galbraith, Jerome Wiesner, Vice President Humphrey, President Johnson, a number of others.",Fixed-rubric classification from the supplied sentence context.,narration,former_president,AI-classified; not human-validated
7fb6c5a82cb6ce6cfbac117e,Richard M. Nixon,Lyndon B. Johnson,/the-presidency/presidential-speeches/february-25-1974-presidents-news-conference,37,1974-02-25 17:00:00,The Cold War,President Johnson,other/unclear,neutral,"When it was brought to my attention, rather vigorously by President Johnson when I saw him shortly after my election, he thought that it would be wise for me to give my papers to the Government and take the proper deduction.",Fixed-rubric classification from the supplied sentence context.,narration,former_president,AI-classified; not human-validated
dfe33c6eec21b0d3e46104c8,Abraham Lincoln,James Madison,/the-presidency/presidential-speeches/february-27-1860-cooper-union-address,6,1860-02-27 17:59:58,Civil War & Reconstruction,James Madison,other/unclear,neutral,"Fitzsimmons, William Few, Abraham Baldwin, Rufus King, William Paterson, George Clymer, Richard Bassett, George Read, Pierce Butler, Daniel Carroll, James Madison.",Fixed-rubric classification from the supplied sentence context.,narration,former_president,AI-classified; not human-validated
b7976fac09c2e38ec8160218,Abraham Lincoln,George Washington,/the-presidency/presidential-speeches/february-27-1860-cooper-union-address,7,1860-02-27 17:59:58,Civil War & Reconstruction,George Washington,policy inheritance,neutral,"Again, George Washington, another of the ""thirty-nine,"" was then President of the United States, and, as such approved and signed the bill; thus completing its validity as a law, and thus showing that, in his understanding, no line dividing local from federal authority, nor anything in the Constitution, forbade the Federal Government, to control as to slavery in federal territory.",Fixed-rubric classification from the supplied sentence context.,deliberate_quotation,former_president,AI-classified; not human-validated
a825b8b0212505ba637ad793,Abraham Lincoln,George Washington,/the-presidency/presidential-speeches/february-27-1860-cooper-union-address,29,1860-02-27 17:59:58,Civil War & Reconstruction,Washington,policy inheritance,neutral,"Less than eight years before Washington gave that warning, he had, as President of the United States, approved and signed an act of Congress, enforcing the prohibition of slavery in the Northwestern Territory, which act embodied the policy of the Government upon that subject up to and at the very moment he penned that warning; and about one year after he penned it, he wrote LaFayette that he considered that prohibition a wise measure, expressing in the same connection his hope that we should at some time have a confederacy of free States.",Fixed-rubric classification from the supplied sentence context.,narration,former_president,AI-classified; not human-validated
cb82ae1e24ced2aa408475ae,Abraham Lincoln,Thomas Jefferson,/the-presidency/presidential-speeches/february-27-1860-cooper-union-address,38,1860-02-27 17:59:58,Civil War & Reconstruction,Mr. Jefferson,other/unclear,neutral,In the language of Mr.,Fixed-rubric classification from the supplied sentence context.,narration,former_president,AI-classified; not human-validated
dea9d9006ca05202231573e8,Abraham Lincoln,Thomas Jefferson,/the-presidency/presidential-speeches/february-27-1860-cooper-union-address,39,1860-02-27 17:59:58,Civil War & Reconstruction,Mr. Jefferson,other/unclear,neutral,""" Mr.",Fixed-rubric classification from the supplied sentence context.,narration,former_president,AI-classified; not human-validated
f66f5aa1a8744127c8789912,Abraham Lincoln,George Washington,/the-presidency/presidential-speeches/february-27-1860-cooper-union-address,53,1860-02-27 17:59:58,Civil War & Reconstruction,Washington,policy inheritance,mixed,"Let us be diverted by none of those sophistical contrivances wherewith we are so industriously plied and belabored - contrivances such as groping for some middle ground between the right and the wrong, vain as the search for a man who should be neither a living man nor a dead man - such as a policy of ""don't care"" on a question about which all true men do care - such as Union appeals beseeching true Union men to yield to Disunionists, reversing the divine rule, and calling, not the sinners, but the righteous to repentance - such as invocations to Washington, imploring men to unsay what Washington said, and undo what Washington did.",Fixed-rubric classification from the supplied sentence context.,deliberate_quotation,former_president,AI-classified; not human-validated
eccfcf7628eed5f33a073800,Abraham Lincoln,George Washington,/the-presidency/presidential-speeches/february-27-1860-cooper-union-address,53,1860-02-27 17:59:58,Civil War & Reconstruction,Washington,policy inheritance,mixed,"Let us be diverted by none of those sophistical contrivances wherewith we are so industriously plied and belabored - contrivances such as groping for some middle ground between the right and the wrong, vain as the search for a man who should be neither a living man nor a dead man - such as a policy of ""don't care"" on a question about which all true men do care - such as Union appeals beseeching true Union men to yield to Disunionists, reversing the divine rule, and calling, not the sinners, but the righteous to repentance - such as invocations to Washington, imploring men to unsay what Washington said, and undo what Washington did.",Fixed-rubric classification from the supplied sentence context.,deliberate_quotation,former_president,AI-classified; not human-validated
4b4f9b61d372ad65344979e0,Abraham Lincoln,George Washington,/the-presidency/presidential-speeches/february-27-1860-cooper-union-address,53,1860-02-27 17:59:58,Civil War & Reconstruction,Washington,policy inheritance,mixed,"Let us be diverted by none of those sophistical contrivances wherewith we are so industriously plied and belabored - contrivances such as groping for some middle ground between the right and the wrong, vain as the search for a man who should be neither a living man nor a dead man - such as a policy of ""don't care"" on a question about which all true men do care - such as Union appeals beseeching true Union men to yield to Disunionists, reversing the divine rule, and calling, not the sinners, but the righteous to repentance - such as invocations to Washington, imploring men to unsay what Washington said, and undo what Washington did.",Fixed-rubric classification from the supplied sentence context.,deliberate_quotation,former_president,AI-classified; not human-validated
5d05e26eb13db85966fdbb78,Abraham Lincoln,George Washington,/the-presidency/presidential-speeches/february-27-1860-cooper-union-address,62,1860-02-27 17:59:58,Civil War & Reconstruction,George Washington,policy inheritance,neutral,"Again, George Washington, another of the ""39,"" was then President of the United States, and, as such, approved and signed the bill; thus completing its validity as a law, and thus showing that, in his understanding, no line dividing local from federal authority, nor anything in the Constitution, forbade the federal government, to control as to slavery in federal territory.",Fixed-rubric classification from the supplied sentence context.,deliberate_quotation,former_president,AI-classified; not human-validated
9444f05c45972284a9d1c4b2,Abraham Lincoln,George Washington,/the-presidency/presidential-speeches/february-27-1860-cooper-union-address,86,1860-02-27 17:59:58,Civil War & Reconstruction,Washington,policy inheritance,neutral,"Less than eight years before Washington gave that warning, he had, as President of the United States, approved and signed an act of Congress, enforcing the prohibition of slavery in the Northwestern Territory, which act embodied the policy of the government upon that subject up to and at the very moment he penned that warning; and about one year after he penned it, he wrote La Fayette that he considered that prohibition a wise measure, expressing in the same connection his hope that we should at some time have a confederacy of free states.",Fixed-rubric classification from the supplied sentence context.,narration,former_president,AI-classified; not human-validated
944b47bced8b6f8cbf2c60cb,Abraham Lincoln,Thomas Jefferson,/the-presidency/presidential-speeches/february-27-1860-cooper-union-address,95,1860-02-27 17:59:58,Civil War & Reconstruction,Mr. Jefferson,other/unclear,neutral,Mr.,Fixed-rubric classification from the supplied sentence context.,narration,former_president,AI-classified; not human-validated
1108a31a54997943152214c7,Abraham Lincoln,George Washington,/the-presidency/presidential-speeches/february-27-1860-cooper-union-address,106,1860-02-27 17:59:58,Civil War & Reconstruction,Washington,policy inheritance,mixed,"Let us be diverted by none of those sophistical contrivances wherewith we are so industriously plied and belabored - contrivances such as groping for some middle ground between the right and the wrong, vain as the search for a man who should be neither a living man nor a dead man - such as a policy of ""don't care"" on a question about which all true men do care - such as Union appeals beseeching true Union men to yield to Disunionists, reversing the divine rule, and calling, not the sinners, but the righteous to repentance - such as invocations to Washington, imploring men to unsay what Washington said, and undo what Washington did.",Fixed-rubric classification from the supplied sentence context.,deliberate_quotation,former_president,AI-classified; not human-validated
f45f0b995764d025afbe9d7a,Abraham Lincoln,George Washington,/the-presidency/presidential-speeches/february-27-1860-cooper-union-address,106,1860-02-27 17:59:58,Civil War & Reconstruction,Washington,policy inheritance,mixed,"Let us be diverted by none of those sophistical contrivances wherewith we are so industriously plied and belabored - contrivances such as groping for some middle ground between the right and the wrong, vain as the search for a man who should be neither a living man nor a dead man - such as a policy of ""don't care"" on a question about which all true men do care - such as Union appeals beseeching true Union men to yield to Disunionists, reversing the divine rule, and calling, not the sinners, but the righteous to repentance - such as invocations to Washington, imploring men to unsay what Washington said, and undo what Washington did.",Fixed-rubric classification from the supplied sentence context.,deliberate_quotation,former_president,AI-classified; not human-validated
f4d6ef24af6b8be959c0c0f8,Abraham Lincoln,George Washington,/the-presidency/presidential-speeches/february-27-1860-cooper-union-address,106,1860-02-27 17:59:58,Civil War & Reconstruction,Washington,policy inheritance,mixed,"Let us be diverted by none of those sophistical contrivances wherewith we are so industriously plied and belabored - contrivances such as groping for some middle ground between the right and the wrong, vain as the search for a man who should be neither a living man nor a dead man - such as a policy of ""don't care"" on a question about which all true men do care - such as Union appeals beseeching true Union men to yield to Disunionists, reversing the divine rule, and calling, not the sinners, but the righteous to repentance - such as invocations to Washington, imploring men to unsay what Washington said, and undo what Washington did.",Fixed-rubric classification from the supplied sentence context.,deliberate_quotation,former_president,AI-classified; not human-validated
42c55e40e1e82343d89191f7,Donald Trump,Abraham Lincoln,/the-presidency/presidential-speeches/february-28-2017-address-joint-session-congress,25,2017-03-01 01:00:00,The present era,Abraham Lincoln,policy inheritance,neutral,"The first Republican President, Abraham Lincoln, warned that the ""abandonment of the protective policy by the American Government [will] produce want and ruin among our",Fixed-rubric classification from the supplied sentence context.,deliberate_quotation,former_president,AI-classified; not human-validated
faee1b48d4570b53fb977ec1,Donald Trump,Abraham Lincoln,/the-presidency/presidential-speeches/february-28-2017-address-joint-session-congress,25,2017-03-01 01:00:00,The present era,Lincoln,other/unclear,positive,""" Lincoln was right -- and it is time we heeded his words.",Fixed-rubric classification from the supplied sentence context.,deliberate_quotation,former_president,AI-classified; not human-validated
3531a463b7c08fe45c3d11e6,Donald Trump,Dwight D. Eisenhower,/the-presidency/presidential-speeches/february-28-2017-address-joint-session-congress,27,2017-03-01 01:00:00,The present era,Dwight D. Eisenhower,other/unclear,neutral,"Another Republican President, Dwight D.",Fixed-rubric classification from the supplied sentence context.,narration,former_president,AI-classified; not human-validated
b32ed7015bb662b92e412dac,Lyndon B. Johnson,Dwight D. Eisenhower,/the-presidency/presidential-speeches/february-29-1964-press-conference-state-department,15,1964-02-29 18:00:00,The Cold War,President Eisenhower,institutional precedent,neutral,He served his country well at the United Nations under the administration of President Eisenhower.,Fixed-rubric classification from the supplied sentence context.,narration,former_president,AI-classified; not human-validated
73717f3b8bebbcf75c42d504,Lyndon B. Johnson,John F. Kennedy,/the-presidency/presidential-speeches/february-29-1964-press-conference-state-department,15,1964-02-29 18:00:00,The Cold War,President Kennedy,other/unclear,neutral,He was selected by President Kennedy upon the recommendation of Secretary Rusk.,Fixed-rubric classification from the supplied sentence context.,narration,former_president,AI-classified; not human-validated
0cdafd7724539ff43fa7e679,Lyndon B. Johnson,John F. Kennedy,/the-presidency/presidential-speeches/february-29-1964-press-conference-state-department,29,1964-02-29 18:00:00,The Cold War,President Kennedy,other/unclear,neutral,"President Kennedy told us that he would be willing to debate his Republican opponent in this coming election, had he lived.",Fixed-rubric classification from the supplied sentence context.,narration,former_president,AI-classified; not human-validated
9877a2bac1cfd98339b1b9b9,Lyndon B. Johnson,Richard M. Nixon,/the-presidency/presidential-speeches/february-29-1964-press-conference-state-department,31,1964-02-29 18:00:00,The Cold War,Richard Nixon,other/unclear,neutral,"President, I have seen speculation in print that it is your guess that you will run against Richard Nixon.",Fixed-rubric classification from the supplied sentence context.,narration,serving_or_contemporary,AI-classified; not human-validated
23caec4c1fcfd23ec133bdc7,Lyndon B. Johnson,Richard M. Nixon,/the-presidency/presidential-speeches/february-29-1964-press-conference-state-department,32,1964-02-29 18:00:00,The Cold War,Richard Nixon,other/unclear,neutral,I have read in print speculation that you expect that you will be running against Richard Nixon next year.,Fixed-rubric classification from the supplied sentence context.,narration,serving_or_contemporary,AI-classified; not human-validated
43c0363b26274ed2b5a0c873,Lyndon B. Johnson,Thomas Jefferson,/the-presidency/presidential-speeches/february-29-1964-press-conference-state-department,38,1964-02-29 18:00:00,The Cold War,Jefferson,other/unclear,neutral,"So I go along with the view expressed by Jefferson, that the collective judgment of the many is much to be preferred to the selective decisions of the few.",Fixed-rubric classification from the supplied sentence context.,narration,former_president,AI-classified; not human-validated
0d60813359ffb9dc7e6f14bf,Lyndon B. Johnson,Dwight D. Eisenhower,/the-presidency/presidential-speeches/february-29-1964-press-conference-state-department,61,1964-02-29 18:00:00,The Cold War,President Eisenhower,institutional precedent,neutral,He served his country well at the United Nations under the administration of President Eisenhower.,Fixed-rubric classification from the supplied sentence context.,narration,former_president,AI-classified; not human-validated
d9120c75037d01d68f27abd6,Lyndon B. Johnson,John F. Kennedy,/the-presidency/presidential-speeches/february-29-1964-press-conference-state-department,61,1964-02-29 18:00:00,The Cold War,President Kennedy,other/unclear,neutral,He was selected by President Kennedy upon the recommendation of Secretary Rusk.,Fixed-rubric classification from the supplied sentence context.,narration,former_president,AI-classified; not human-validated
58f10685100fcd909c4df2fe,Lyndon B. Johnson,John F. Kennedy,/the-presidency/presidential-speeches/february-29-1964-press-conference-state-department,75,1964-02-29 18:00:00,The Cold War,President Kennedy,other/unclear,neutral,"President Kennedy told us that he would be willing to debate his Republican opponent in this coming election, had he lived.",Fixed-rubric classification from the supplied sentence context.,narration,former_president,AI-classified; not human-validated
e6dffb77b4691ce58a60d537,Lyndon B. Johnson,Richard M. Nixon,/the-presidency/presidential-speeches/february-29-1964-press-conference-state-department,77,1964-02-29 18:00:00,The Cold War,Richard Nixon,other/unclear,neutral,"President, I have seen speculation in print that it is your guess that you will run against Richard Nixon.",Fixed-rubric classification from the supplied sentence context.,narration,serving_or_contemporary,AI-classified; not human-validated
21a51dd16b3da869bcbe84a1,Lyndon B. Johnson,Richard M. Nixon,/the-presidency/presidential-speeches/february-29-1964-press-conference-state-department,78,1964-02-29 18:00:00,The Cold War,Richard Nixon,other/unclear,neutral,I have read in print speculation that you expect that you will be running against Richard Nixon next year.,Fixed-rubric classification from the supplied sentence context.,narration,serving_or_contemporary,AI-classified; not human-validated
07e16dc7091b3c02aac5c13f,Lyndon B. Johnson,Thomas Jefferson,/the-presidency/presidential-speeches/february-29-1964-press-conference-state-department,84,1964-02-29 18:00:00,The Cold War,Jefferson,other/unclear,neutral,"So I go along with the view expressed by Jefferson, that the collective judgment of the many is much to be preferred to the selective decisions of the few.",Fixed-rubric classification from the supplied sentence context.,narration,former_president,AI-classified; not human-validated
ebf34e1e115a34401e6612a5,Herbert Hoover,Grover Cleveland,/the-presidency/presidential-speeches/february-3-1931-statement-unemployment-relief,1,1931-02-03 16:53:00,Progressives & Depression,President Cleveland,other/unclear,neutral,"President Cleveland, in 1887, confronted with a similar issue stated in part: ""A prevalent tendency to disregard the limited mission of this power and duty should, I think, be steadfastly resisted, to the end that the lesson should be constantly enforced that though the people support the Government, the Government should not support the people.",Fixed-rubric classification from the supplied sentence context.,deliberate_quotation,former_president,AI-classified; not human-validated
f059f6cec37de6ea117a2e9a,Lyndon B. Johnson,Harry S. Truman,/the-presidency/presidential-speeches/february-4-1965-press-conference,13,1965-02-04 18:00:00,The Cold War,President Truman,other/unclear,neutral,But I had my staff contact President Truman and President Eisenhower and express the hope they could accompany me.,Fixed-rubric classification from the supplied sentence context.,narration,former_president,AI-classified; not human-validated
75c76ed60ccddd03a95cb378,Lyndon B. Johnson,Dwight D. Eisenhower,/the-presidency/presidential-speeches/february-4-1965-press-conference,13,1965-02-04 18:00:00,The Cold War,President Eisenhower,other/unclear,neutral,But I had my staff contact President Truman and President Eisenhower and express the hope they could accompany me.,Fixed-rubric classification from the supplied sentence context.,narration,former_president,AI-classified; not human-validated
b7ac3d6098e0dbe79de37f26,Lyndon B. Johnson,Harry S. Truman,/the-presidency/presidential-speeches/february-4-1965-press-conference,13,1965-02-04 18:00:00,The Cold War,President Truman,other/unclear,neutral,President Truman was unable to go and President Eisenhower informed us that he had accepted the invitation of the family and he would be going and that he would be in attendance and would be doing other things there.,Fixed-rubric classification from the supplied sentence context.,narration,former_president,AI-classified; not human-validated
cde94f41d6575f348d7fe9e8,Lyndon B. Johnson,Dwight D. Eisenhower,/the-presidency/presidential-speeches/february-4-1965-press-conference,13,1965-02-04 18:00:00,The Cold War,President Eisenhower,other/unclear,neutral,President Truman was unable to go and President Eisenhower informed us that he had accepted the invitation of the family and he would be going and that he would be in attendance and would be doing other things there.,Fixed-rubric classification from the supplied sentence context.,narration,former_president,AI-classified; not human-validated
f279fb4fd6232f6a6cd826ea,Lyndon B. Johnson,John F. Kennedy,/the-presidency/presidential-speeches/february-4-1965-press-conference,37,1965-02-04 18:00:00,The Cold War,President Kennedy,historical comparison,positive,"President, in light of President Kennedy's much stated views that he thinks the moral leadership on these ethical questions should come from the White House, I wonder if you would like to give us your opinion now on Bobby Baker, when he was your assistant and the time afterward?",Fixed-rubric classification from the supplied sentence context.,narration,former_president,AI-classified; not human-validated
3512a118d66efa70275620a0,Ronald Reagan,Theodore Roosevelt,/the-presidency/presidential-speeches/february-4-1986-state-union-address,3,1986-02-04 18:00:00,The Cold War,Teddy Roosevelt,other/unclear,positive,Teddy Roosevelt said that a nation that does great work lives forever.,Fixed-rubric classification from the supplied sentence context.,narration,former_president,AI-classified; not human-validated
762ef213b2f5bcb054d325d1,Ronald Reagan,John F. Kennedy,/the-presidency/presidential-speeches/february-4-1986-state-union-address,10,1986-02-04 18:00:00,The Cold War,John Kennedy,policy inheritance,neutral,I believe our tax rate cuts for the people have done more to spur a spirit of risk-taking and help America's economy break free than any program since John Kennedy's tax cut almost a quarter century ago.,Fixed-rubric classification from the supplied sentence context.,narration,former_president,AI-classified; not human-validated
e211188d45531d5671cef6d6,Ronald Reagan,Franklin D. Roosevelt,/the-presidency/presidential-speeches/february-4-1986-state-union-address,15,1986-02-04 18:00:00,The Cold War,Franklin Roosevelt,other/unclear,neutral,"As Franklin Roosevelt warned 51 years ago, standing before this Chamber, he said, ""Welfare is a narcotic, a subtle destroyer of the human",Fixed-rubric classification from the supplied sentence context.,deliberate_quotation,former_president,AI-classified; not human-validated
06445554a06db2fa79e245c7,Bill Clinton,George H. W. Bush,/the-presidency/presidential-speeches/february-4-1997-state-union-address,43,1997-02-04 18:00:00,Post-Cold War,President Bush,other/unclear,neutral,"That's why President Bush, General Colin Powell, former Housing Secretary Henry Cisneros will join the Vice President and me to lead the President's summit of service in Philadelphia in April.",Fixed-rubric classification from the supplied sentence context.,narration,former_president,AI-classified; not human-validated
096f87d0667fdeaa36814bad,Bill Clinton,Harry S. Truman,/the-presidency/presidential-speeches/february-4-1997-state-union-address,56,1997-02-04 18:00:00,Post-Cold War,President Truman,institutional precedent,positive,"Almost exactly 50 years ago, in the first winter of the Cold War, President Truman stood before a Republican Congress and called upon our country to meet its responsibilities of leadership.",Fixed-rubric classification from the supplied sentence context.,narration,former_president,AI-classified; not human-validated
3fa6a5784af239c6e0278286,Bill Clinton,Harry S. Truman,/the-presidency/presidential-speeches/february-4-1997-state-union-address,56,1997-02-04 18:00:00,Post-Cold War,President Truman,institutional precedent,neutral,""" That Congress, led by Republicans like Senator Arthur Vandenberg, answered President Truman's call.",Fixed-rubric classification from the supplied sentence context.,deliberate_quotation,former_president,AI-classified; not human-validated
c4d3c34fc9449d0a80fa13e6,Donald Trump,Dwight D. Eisenhower,/the-presidency/presidential-speeches/february-5-2019-state-union-address,2,2019-02-06 02:00:00,The present era,Dwight D. Eisenhower,other/unclear,neutral,"In June, we mark 75 years since the start of what General Dwight D.",Fixed-rubric classification from the supplied sentence context.,narration,former_president,AI-classified; not human-validated
0f15ec9a80235060f3104fbd,Ronald Reagan,Abraham Lincoln,/the-presidency/presidential-speeches/february-6-1985-state-union-address,5,1985-02-06 18:00:00,The Cold War,Abraham Lincoln,other/unclear,positive,"When asked what great principle holds our Union together, Abraham Lincoln said: ""Something in [the] Declaration giving liberty, not alone to the people of this country, but hope to the world for all future",Fixed-rubric classification from the supplied sentence context.,deliberate_quotation,former_president,AI-classified; not human-validated
52baf223ebfe5ebda7ea9e31,Ronald Reagan,Harry S. Truman,/the-presidency/presidential-speeches/february-6-1985-state-union-address,38,1985-02-06 18:00:00,The Cold War,Truman,other/unclear,neutral,"Harry Truman once said that, ultimately, our security and the world's hopes for peace and human progress ""lie not in measures of defense or in the control of weapons, but in the growth and expansion of freedom and",Fixed-rubric classification from the supplied sentence context.,deliberate_quotation,former_president,AI-classified; not human-validated
1fa322536033647207b2f720,Donald Trump,Barack Obama,/the-presidency/presidential-speeches/february-6-2020-remarks-after-his-acquittal,2,2020-02-06 17:30:00,The present era,President Obama,other/unclear,neutral,"If this happened to President Obama, a lot of people would have been in jail for a long time already.",Fixed-rubric classification from the supplied sentence context.,narration,former_president,AI-classified; not human-validated
12a785feb9fb193f5b8cdc37,Donald Trump,Andrew Jackson,/the-presidency/presidential-speeches/february-6-2020-remarks-after-his-acquittal,8,2020-02-06 17:30:00,The present era,Andrew Jackson,other/unclear,neutral,They say Andrew Jackson was always the nastiest campaign.,Fixed-rubric classification from the supplied sentence context.,narration,former_president,AI-classified; not human-validated
6fc8bcdc6979fe61c8ab949a,Donald Trump,George Washington,/the-presidency/presidential-speeches/february-6-2020-remarks-after-his-acquittal,36,2020-02-06 17:30:00,The present era,George Washington,other/unclear,neutral,You could be George Washington.,Fixed-rubric classification from the supplied sentence context.,narration,former_president,AI-classified; not human-validated
160a2c7c429997a9a35b226d,Barack Obama,Joe Biden,/the-presidency/presidential-speeches/february-7-2009-remarks-american-recovery-and-reinvestment-act,1,2009-02-07 06:00:00,Post-Cold War,Joe Biden,other/unclear,neutral,And to the best Vice President that we've had in a long time -- Joe Biden.,Fixed-rubric classification from the supplied sentence context.,narration,not_yet_president,AI-classified; not human-validated
16b369637c139dde4a98bacf,Barack Obama,Joe Biden,/the-presidency/presidential-speeches/february-7-2009-remarks-american-recovery-and-reinvestment-act,4,2009-02-07 06:00:00,Post-Cold War,Joe Biden,policy inheritance,neutral,I also want to thank Joe Biden for working behind the scenes from the very start to make this recovery act possible.,Fixed-rubric classification from the supplied sentence context.,narration,not_yet_president,AI-classified; not human-validated
efd22ca9d9b5a12f589779ce,Barack Obama,Dwight D. Eisenhower,/the-presidency/presidential-speeches/february-7-2009-remarks-american-recovery-and-reinvestment-act,5,2009-02-07 06:00:00,Post-Cold War,Eisenhower,other/unclear,neutral,"Because we know we can't build our economic future on the transportation and information networks of the past, we are remaking the American landscape with the largest new investment in our nation's infrastructure since Eisenhower built an Interstate Highway System in the 1950s.",Fixed-rubric classification from the supplied sentence context.,narration,former_president,AI-classified; not human-validated
eb6c6307da2ad1e91e197ea0,Barack Obama,John F. Kennedy,/the-presidency/presidential-speeches/february-7-2009-remarks-american-recovery-and-reinvestment-act,12,2009-02-07 06:00:00,Post-Cold War,President Kennedy,other/unclear,neutral,"And just as President Kennedy sparked an explosion of innovation when he set America's sights on the moon, I hope this investment will ignite our imagination once more, spurring new discoveries and breakthroughs in science, in medicine, in energy, to make our economy stronger and our nation more secure and our planet safer for our children.",Fixed-rubric classification from the supplied sentence context.,narration,former_president,AI-classified; not human-validated
1a4de71447d64d89801f3866,Joe Biden,Dwight D. Eisenhower,/the-presidency/presidential-speeches/february-7-2023-state-union-address,17,2023-02-08 02:00:00,The present era,President Eisenhower,policy inheritance,neutral,"Now we're coming back because we came together to pass the Bipartisan Infrastructure Law, the largest investment in infrastructure since President Eisenhower's Interstate Highway System.",Fixed-rubric classification from the supplied sentence context.,narration,former_president,AI-classified; not human-validated
471b58aed22b99f677372e7a,Joe Biden,Barack Obama,/the-presidency/presidential-speeches/february-7-2023-state-union-address,91,2023-02-08 02:00:00,The present era,President Obama,institutional precedent,neutral,"And fourth, last year Jill and I re-ignited the Cancer Moonshot that President Obama asked me to lead in our Administration.",Fixed-rubric classification from the supplied sentence context.,narration,former_president,AI-classified; not human-validated
8040799d72672ec5b42b6d6d,Joe Biden,George W. Bush,/the-presidency/presidential-speeches/february-7-2023-state-union-address,95,2023-02-08 02:00:00,The present era,President Bush,other/unclear,positive,"Twenty years ago, under the leadership of President Bush and countless advocates and champions, we undertook a bipartisan effort through PEPFAR to transform the global fight against HIV/AIDS.",Fixed-rubric classification from the supplied sentence context.,narration,former_president,AI-classified; not human-validated
5210934136b0b85d694c4aff,George H. W. Bush,Ronald Reagan,/the-presidency/presidential-speeches/february-9-1989-address-joint-session-congress,1,1989-02-09 18:00:00,Post-Cold War,President Reagan,other/unclear,neutral,"And 8 years ago, I sat in that very chair as President Reagan spoke of punishing inflation and devastatingly high interest rates and people out of work - American confidence on the wane.",Fixed-rubric classification from the supplied sentence context.,narration,former_president,AI-classified; not human-validated
587f082b4999c72eeccf66c9,George H. W. Bush,Abraham Lincoln,/the-presidency/presidential-speeches/february-9-1989-address-joint-session-congress,30,1989-02-09 18:00:00,Post-Cold War,Abraham Lincoln,ceremonial/biographical,neutral,"In just 3 days, we mark the birthday of Abraham Lincoln, the man who saved our Union and gave new meaning to the word",Fixed-rubric classification from the supplied sentence context.,narration,former_president,AI-classified; not human-validated
040972022fd5d5340642e4ab,George H. W. Bush,Franklin D. Roosevelt,/the-presidency/presidential-speeches/february-9-1989-address-joint-session-congress,34,1989-02-09 18:00:00,Post-Cold War,President Roosevelt,other/unclear,neutral,"He'd received from President Roosevelt a hand-carried letter quoting Longfellow's famous poem: ""Sail on, O Ship of State!",Fixed-rubric classification from the supplied sentence context.,deliberate_quotation,former_president,AI-classified; not human-validated
1cef98c0492c13cf32471010,George H. W. Bush,Franklin D. Roosevelt,/the-presidency/presidential-speeches/february-9-1989-address-joint-session-congress,34,1989-02-09 18:00:00,Post-Cold War,Franklin Roosevelt,other/unclear,neutral,""" And Churchill responded on this night by radio broadcast to a nation at war, but he directed his words to Franklin Roosevelt.",Fixed-rubric classification from the supplied sentence context.,deliberate_quotation,former_president,AI-classified; not human-validated
ea1890afce31c9813e5f10bd,Barack Obama,George Washington,/the-presidency/presidential-speeches/february-9-2010-news-conference-congressional-gridlock,20,2010-02-09 06:00:00,Post-Cold War,Washington,historical comparison,neutral,What I've also heard is them saying that we would like to feel like Washington is working and able to get some things done.,Fixed-rubric classification from the supplied sentence context.,narration,former_president,AI-classified; not human-validated
e676478eda3b65ba4b752c48,Abraham Lincoln,Thomas Jefferson,/the-presidency/presidential-speeches/january-1-1863-emancipation-proclamation,3,1863-01-01 17:59:58,Civil War & Reconstruction,Jefferson,other/unclear,neutral,"Bernard, Plaquemines, Jefferson, St.",Fixed-rubric classification from the supplied sentence context.,narration,former_president,AI-classified; not human-validated
be57d83cdbfe08eb12d2a74e,Lyndon B. Johnson,Abraham Lincoln,/the-presidency/presidential-speeches/january-10-1967-state-union-address,2,1967-01-10 18:00:00,The Cold War,Abraham Lincoln,other/unclear,neutral,"As President Abraham Lincoln said, ""We must ask where we are, and whither we are",Fixed-rubric classification from the supplied sentence context.,deliberate_quotation,former_president,AI-classified; not human-validated
1b752cd84fd43c2a95556b69,Lyndon B. Johnson,Harry S. Truman,/the-presidency/presidential-speeches/january-10-1967-state-union-address,8,1967-01-10 18:00:00,The Cold War,Harry S. Truman,other/unclear,positive,"On a similar occasion, at this rostrum in 1949, I heard a great American President, Harry S.",Fixed-rubric classification from the supplied sentence context.,narration,former_president,AI-classified; not human-validated
e4916d61e6c8b683aad0b551,Lyndon B. Johnson,Harry S. Truman,/the-presidency/presidential-speeches/january-10-1967-state-union-address,8,1967-01-10 18:00:00,The Cold War,President Truman,other/unclear,neutral,""" Many listened to President Truman that day here in this Chamber, but few understood what was required and did anything about it.",Fixed-rubric classification from the supplied sentence context.,deliberate_quotation,former_president,AI-classified; not human-validated
caf8456ffa2fc44a56da37bb,Lyndon B. Johnson,Abraham Lincoln,/the-presidency/presidential-speeches/january-10-1967-state-union-address,30,1967-01-10 18:00:00,The Cold War,Abraham Lincoln,other/unclear,neutral,"At the heart of this attack on crime must be the conviction that a free America--as Abraham Lincoln once said--must ""let reverence for the laws .",Fixed-rubric classification from the supplied sentence context.,deliberate_quotation,former_president,AI-classified; not human-validated
b286016a7a38a9e3adcbc79d,Lyndon B. Johnson,Dwight D. Eisenhower,/the-presidency/presidential-speeches/january-10-1967-state-union-address,44,1967-01-10 18:00:00,The Cold War,President Eisenhower,other/unclear,positive,We have come a long way in this hemisphere since the inter-American effort in economic and social development was launched by the conference at Bogota in 1960 under the leadership of President Eisenhower.,Fixed-rubric classification from the supplied sentence context.,narration,former_president,AI-classified; not human-validated
685f1fe221b02f27dea6cf81,Lyndon B. Johnson,John F. Kennedy,/the-presidency/presidential-speeches/january-10-1967-state-union-address,44,1967-01-10 18:00:00,The Cold War,President Kennedy,other/unclear,neutral,The Alliance for Progress moved dramatically forward under President Kennedy.,Fixed-rubric classification from the supplied sentence context.,narration,former_president,AI-classified; not human-validated
fdd33bd6e17b25c4e5959f2e,Lyndon B. Johnson,Thomas Jefferson,/the-presidency/presidential-speeches/january-10-1967-state-union-address,59,1967-01-10 18:00:00,The Cold War,Thomas Jefferson,policy inheritance,positive,"No better words could describe our present course than those once spoken by the great Thomas Jefferson: ""It is the melancholy law of human societies to be compelled sometimes to choose a great evil in order to ward off a",Fixed-rubric classification from the supplied sentence context.,deliberate_quotation,former_president,AI-classified; not human-validated
df879c32bd4b52f0f587c9d8,Lyndon B. Johnson,Abraham Lincoln,/the-presidency/presidential-speeches/january-10-1967-state-union-address,80,1967-01-10 18:00:00,The Cold War,Abraham Lincoln,other/unclear,neutral,"As President Abraham Lincoln said, ""We must ask where we are, and whither we are",Fixed-rubric classification from the supplied sentence context.,deliberate_quotation,former_president,AI-classified; not human-validated
a10830adfe88ecc13d34b494,Lyndon B. Johnson,Harry S. Truman,/the-presidency/presidential-speeches/january-10-1967-state-union-address,86,1967-01-10 18:00:00,The Cold War,Harry S. Truman,other/unclear,positive,"On a similar occasion, at this rostrum in 1949, I heard a great American President, Harry S.",Fixed-rubric classification from the supplied sentence context.,narration,former_president,AI-classified; not human-validated
e2244254ee547dc652a39c69,Lyndon B. Johnson,Harry S. Truman,/the-presidency/presidential-speeches/january-10-1967-state-union-address,86,1967-01-10 18:00:00,The Cold War,President Truman,other/unclear,neutral,""" Many listened to President Truman that day here in this Chamber, but few understood what was required and did anything about it.",Fixed-rubric classification from the supplied sentence context.,deliberate_quotation,former_president,AI-classified; not human-validated
336220f094cf1ab4b0eb2428,Lyndon B. Johnson,Abraham Lincoln,/the-presidency/presidential-speeches/january-10-1967-state-union-address,108,1967-01-10 18:00:00,The Cold War,Abraham Lincoln,other/unclear,neutral,"At the heart of this attack on crime must be the conviction that a free America--as Abraham Lincoln once said--must ""let reverence for the laws .",Fixed-rubric classification from the supplied sentence context.,deliberate_quotation,former_president,AI-classified; not human-validated
aa9f7524847d364ac9b27497,Lyndon B. Johnson,Dwight D. Eisenhower,/the-presidency/presidential-speeches/january-10-1967-state-union-address,122,1967-01-10 18:00:00,The Cold War,President Eisenhower,other/unclear,positive,We have come a long way in this hemisphere since the inter-American effort in economic and social development was launched by the conference at Bogota in 1960 under the leadership of President Eisenhower.,Fixed-rubric classification from the supplied sentence context.,narration,former_president,AI-classified; not human-validated
d78ab29f2293bcf15f3733ff,Lyndon B. Johnson,John F. Kennedy,/the-presidency/presidential-speeches/january-10-1967-state-union-address,122,1967-01-10 18:00:00,The Cold War,President Kennedy,other/unclear,neutral,The Alliance for Progress moved dramatically forward under President Kennedy.,Fixed-rubric classification from the supplied sentence context.,narration,former_president,AI-classified; not human-validated
583747210fe9f60449e30b31,Lyndon B. Johnson,Thomas Jefferson,/the-presidency/presidential-speeches/january-10-1967-state-union-address,137,1967-01-10 18:00:00,The Cold War,Thomas Jefferson,policy inheritance,positive,"No better words could describe our present course than those once spoken by the great Thomas Jefferson: ""It is the melancholy law of human societies to be compelled sometimes to choose a great evil in order to ward off a",Fixed-rubric classification from the supplied sentence context.,deliberate_quotation,former_president,AI-classified; not human-validated
0ab3e419d13308e851a47474,Barack Obama,George W. Bush,/the-presidency/presidential-speeches/january-10-2017-farewell-address-nation,8,2017-01-11 01:00:00,The present era,President Bush,institutional precedent,neutral,"I committed to President-elect Trump that my administration would ensure the smoothest possible transition, just as President Bush did for me.",Fixed-rubric classification from the supplied sentence context.,narration,former_president,AI-classified; not human-validated
b7800fcf6bf33076b4b68977,Barack Obama,George Washington,/the-presidency/presidential-speeches/january-10-2017-farewell-address-nation,33,2017-01-11 01:00:00,The present era,George Washington,other/unclear,neutral,"In his own Farewell Address, George Washington wrote that self-government is the underpinning of our safety, prosperity, and liberty, but ""from different causes and from different quarters much pains will be taken .",Fixed-rubric classification from the supplied sentence context.,deliberate_quotation,former_president,AI-classified; not human-validated
864d6842d3eaca2742592809,Barack Obama,Joe Biden,/the-presidency/presidential-speeches/january-10-2017-farewell-address-nation,41,2017-01-11 01:00:00,The present era,Joe Biden,other/unclear,neutral,"To Joe Biden, the scrappy kid from Scranton who became Delaware's favorite son, you were the first decision I made as a nominee, and it was the best.",Fixed-rubric classification from the supplied sentence context.,narration,not_yet_president,AI-classified; not human-validated
2df2e8d712909620ad84dd5f,John F. Kennedy,Woodrow Wilson,/the-presidency/presidential-speeches/january-11-1962-state-union-address,28,1962-01-11 18:00:00,The Cold War,Woodrow Wilson,other/unclear,neutral,"""I believe in democracy,"" said Woodrow Wilson, ""because it releases the energy of every human",Fixed-rubric classification from the supplied sentence context.,deliberate_quotation,former_president,AI-classified; not human-validated
26da9ce835658cbd319c2d55,Ronald Reagan,Thomas Jefferson,/the-presidency/presidential-speeches/january-11-1989-farewell-address,1,1989-01-11 18:00:00,Post-Cold War,Jefferson,other/unclear,neutral,"The view is over the grounds here to the Washington Monument, and then the Mall and the Jefferson Memorial.",Fixed-rubric classification from the supplied sentence context.,narration,former_president,AI-classified; not human-validated
e058066706418c4b0949959b,Ronald Reagan,Thomas Jefferson,/the-presidency/presidential-speeches/january-11-1989-farewell-address,2,1989-01-11 18:00:00,Post-Cold War,Jefferson,other/unclear,neutral,"But on mornings when the humidity is low, you can see past the Jefferson to the river, the Potomac, and the Virginia shore.",Fixed-rubric classification from the supplied sentence context.,narration,former_president,AI-classified; not human-validated
48f17bab07a49709e7f8c644,Ronald Reagan,Abraham Lincoln,/the-presidency/presidential-speeches/january-11-1989-farewell-address,2,1989-01-11 18:00:00,Post-Cold War,Lincoln,other/unclear,neutral,Someone said that's the view Lincoln had when he saw the smoke rising from the Battle of Bull Run.,Fixed-rubric classification from the supplied sentence context.,narration,former_president,AI-classified; not human-validated
7256bf9b579f86353a18c46e,Lyndon B. Johnson,William Taft,/the-presidency/presidential-speeches/january-12-1966-state-union,12,1966-01-12 18:00:00,The Cold War,Taft,policy inheritance,positive,"For those who labor, I propose to improve unemployment insurance, to expand minimum wage benefits, and by the repeal of section 14(b) of the Taft-Hartley Act to make the labor laws in all our states equal to the laws of the 31 states which do not have tonight right-to-work measures.",Fixed-rubric classification from the supplied sentence context.,narration,former_president,AI-classified; not human-validated
d197c736277808178334598c,Lyndon B. Johnson,Harry S. Truman,/the-presidency/presidential-speeches/january-12-1966-state-union,21,1966-01-12 18:00:00,The Cold War,President Truman,other/unclear,neutral,In this pursuit we have defended against Communist aggression - in Korea under President Truman - in the Formosa Straits under President Eisenhower - in Cuba under President Kennedy - and again in Vietnam.,Fixed-rubric classification from the supplied sentence context.,narration,former_president,AI-classified; not human-validated
19ad3f13c474fb8893e7e4e9,Lyndon B. Johnson,Dwight D. Eisenhower,/the-presidency/presidential-speeches/january-12-1966-state-union,21,1966-01-12 18:00:00,The Cold War,President Eisenhower,other/unclear,neutral,In this pursuit we have defended against Communist aggression - in Korea under President Truman - in the Formosa Straits under President Eisenhower - in Cuba under President Kennedy - and again in Vietnam.,Fixed-rubric classification from the supplied sentence context.,narration,former_president,AI-classified; not human-validated
7de2459b02ba5f151ccf5090,Lyndon B. Johnson,John F. Kennedy,/the-presidency/presidential-speeches/january-12-1966-state-union,21,1966-01-12 18:00:00,The Cold War,President Kennedy,other/unclear,neutral,In this pursuit we have defended against Communist aggression - in Korea under President Truman - in the Formosa Straits under President Eisenhower - in Cuba under President Kennedy - and again in Vietnam.,Fixed-rubric classification from the supplied sentence context.,narration,former_president,AI-classified; not human-validated
79ebaeb089bd189cfc8c2761,Gerald Ford,George Washington,/the-presidency/presidential-speeches/january-12-1977-state-union-address,43,1977-01-12 18:00:00,The Cold War,President Washington,historical comparison,neutral,"Like President Washington, like the more fortunate of his successors, I look forward to the status of private citizen with gladness and gratitude.",Fixed-rubric classification from the supplied sentence context.,narration,former_president,AI-classified; not human-validated
54e217af1409995b8946b1d1,George W. Bush,Barack Obama,/the-presidency/presidential-speeches/january-12-2009-final-press-conference,13,2009-01-12 15:17:00,Post-Cold War,Barack Obama,other/unclear,neutral,And what is the greatest and most urgent threat when it comes to security that Barack Obama has to deal with?,Fixed-rubric classification from the supplied sentence context.,narration,serving_or_contemporary,AI-classified; not human-validated
d6a1420950f1ac27d70ffb23,George W. Bush,George H. W. Bush,/the-presidency/presidential-speeches/january-12-2009-final-press-conference,18,2009-01-12 15:17:00,Post-Cold War,George Bush,other/unclear,neutral,But it wasn't just George Bush who got defeated; the Republican Party was pretty well decimated at the time.,Fixed-rubric classification from the supplied sentence context.,narration,former_president,AI-classified; not human-validated
6a3416f0ddaecae11fdc191e,George W. Bush,Barack Obama,/the-presidency/presidential-speeches/january-12-2009-final-press-conference,19,2009-01-12 15:17:00,Post-Cold War,President Obama,other/unclear,neutral,THE PRESIDENT: So are you going to be here for President Obama?,Fixed-rubric classification from the supplied sentence context.,narration,serving_or_contemporary,AI-classified; not human-validated
38ec1f80a18030dae70888c9,George W. Bush,Abraham Lincoln,/the-presidency/presidential-speeches/january-12-2009-final-press-conference,28,2009-01-12 15:17:00,Post-Cold War,Abraham Lincoln,historical comparison,neutral,"I've been reading, you know, a lot about Abraham Lincoln during my presidency, and there was some pretty harsh discord when it came to the 16th President, just like there's been harsh discord for the 43rd President.",Fixed-rubric classification from the supplied sentence context.,narration,former_president,AI-classified; not human-validated
b98e76b181869a12bac679ff,George W. Bush,Barack Obama,/the-presidency/presidential-speeches/january-12-2009-final-press-conference,54,2009-01-12 15:17:00,Post-Cold War,Barack Obama,institutional precedent,neutral,"President, you spoke of the moment that the responsibility of the office would hit Barack Obama.",Fixed-rubric classification from the supplied sentence context.,narration,serving_or_contemporary,AI-classified; not human-validated
e8d4d23d0d3bdf027f7eac95,George W. Bush,Barack Obama,/the-presidency/presidential-speeches/january-12-2009-final-press-conference,73,2009-01-12 15:17:00,Post-Cold War,Barack Obama,other/unclear,neutral,"Do you think Barack Obama can be a uniter, not a divider?",Fixed-rubric classification from the supplied sentence context.,narration,serving_or_contemporary,AI-classified; not human-validated
65f2a20990f5c7a51f2d42fa,Barack Obama,George H. W. Bush,/the-presidency/presidential-speeches/january-12-2011-remarks-memorial-victims-tucson-az-shooting,3,2011-01-12 06:00:00,Post-Cold War,George H.W. Bush,policy inheritance,neutral,A graduate of this university and a graduate of this law school -- -- Judge Roll was recommended for the federal bench by John McCain 20 years ago -- -- appointed by President George,Fixed-rubric classification from the supplied sentence context.,narration,former_president,AI-classified; not human-validated
9b4c32b0a45733d8c8cf7683,Barack Obama,George Washington,/the-presidency/presidential-speeches/january-12-2016-2016-state-union-address,20,2016-01-12 06:00:00,Post-Cold War,George Washington,other/unclear,neutral,America is Thomas Edison and the Wright Brothers and George Washington Carver.,Fixed-rubric classification from the supplied sentence context.,narration,former_president,AI-classified; not human-validated
683e227d2eae92dfbb82e334,Barack Obama,Joe Biden,/the-presidency/presidential-speeches/january-12-2016-2016-state-union-address,21,2016-01-12 06:00:00,Post-Cold War,President Biden,other/unclear,neutral,"Last year, Vice President Biden said that with a new moonshot,America can cure cancer.",Fixed-rubric classification from the supplied sentence context.,narration,not_yet_president,AI-classified; not human-validated
96fb71318b7c165ff92f1b13,Barack Obama,Abraham Lincoln,/the-presidency/presidential-speeches/january-12-2016-2016-state-union-address,46,2016-01-12 06:00:00,Post-Cold War,Lincoln,institutional precedent,neutral,"I have no doubt a president with the gifts of Lincoln or Roosevelt might have better bridged the divide, and I guarantee I'll keep trying to be better so long as I hold this office.",Fixed-rubric classification from the supplied sentence context.,narration,former_president,AI-classified; not human-validated
3b9ff644f68b286f1280124c,John F. Kennedy,Thomas Jefferson,/the-presidency/presidential-speeches/january-14-1963-state-union-address,53,1963-01-14 18:00:00,The Cold War,Thomas Jefferson,other/unclear,neutral,"We steer our ship with hope, as Thomas Jefferson said, ""leaving Fear",Fixed-rubric classification from the supplied sentence context.,deliberate_quotation,former_president,AI-classified; not human-validated
5a26e9c48c066873ab3ff42f,Lyndon B. Johnson,Richard M. Nixon,/the-presidency/presidential-speeches/january-14-1969-state-union-address,27,1969-01-14 18:00:00,The Cold War,Mr. Nixon,other/unclear,neutral,"I have communicated with the President-elect, Mr.",Fixed-rubric classification from the supplied sentence context.,narration,serving_or_contemporary,AI-classified; not human-validated
4c9a93f0bf5af770df558804,Lyndon B. Johnson,Richard M. Nixon,/the-presidency/presidential-speeches/january-14-1969-state-union-address,28,1969-01-14 18:00:00,The Cold War,Mr. Nixon,institutional precedent,neutral,"I want to tell you that both of us want to see it removed just as soon as circumstances will permit, but the President-elect has told me that he has concluded that until his administration, and this Congress, can examine the appropriation bills, and each item in the budget, and can ascertain that the facts justify permitting the surtax to expire or to be reduced, he, Mr.",Fixed-rubric classification from the supplied sentence context.,narration,serving_or_contemporary,AI-classified; not human-validated
854b152f0d9a8a3f48379f9b,Lyndon B. Johnson,Harry S. Truman,/the-presidency/presidential-speeches/january-14-1969-state-union-address,45,1969-01-14 18:00:00,The Cold War,Harry S. Truman,other/unclear,positive,"Now for five most demanding years in the White House, I have been strengthened by the counsel and the cooperation of two great former Presidents, Harry S.",Fixed-rubric classification from the supplied sentence context.,narration,former_president,AI-classified; not human-validated
21d20e7290e2281a815d1726,Lyndon B. Johnson,John F. Kennedy,/the-presidency/presidential-speeches/january-14-1969-state-union-address,45,1969-01-14 18:00:00,The Cold War,John F. Kennedy,ceremonial/biographical,neutral,I have been guided by the memory of my pleasant and close association with the beloved John F.,Fixed-rubric classification from the supplied sentence context.,narration,former_president,AI-classified; not human-validated
c7b82c81ed17d5427088f554,Lyndon B. Johnson,Gerald Ford,/the-presidency/presidential-speeches/january-14-1969-state-union-address,47,1969-01-14 18:00:00,The Cold War,Gerald Ford,institutional precedent,neutral,"I have received the most generous cooperation from the leaders of the Republican Party in the Congress of the United States, Senator Dirksen and Congressman Gerald Ford, the Minority Leader.",Fixed-rubric classification from the supplied sentence context.,narration,not_yet_president,AI-classified; not human-validated
cbb666764c7f527c0511c593,Lyndon B. Johnson,Richard M. Nixon,/the-presidency/presidential-speeches/january-14-1969-state-union-address,47,1969-01-14 18:00:00,The Cold War,Nixon,historical comparison,neutral,"President-elect Nixon, in the days ahead, is going to need your understanding, just as I did.",Fixed-rubric classification from the supplied sentence context.,narration,serving_or_contemporary,AI-classified; not human-validated
a2d0eadc3d1dc8a24749f074,Lyndon B. Johnson,Richard M. Nixon,/the-presidency/presidential-speeches/january-14-1969-state-union-address,76,1969-01-14 18:00:00,The Cold War,Mr. Nixon,other/unclear,neutral,"I have communicated with the President-elect, Mr.",Fixed-rubric classification from the supplied sentence context.,narration,serving_or_contemporary,AI-classified; not human-validated
de29458f3b75a88a8e937033,Lyndon B. Johnson,Richard M. Nixon,/the-presidency/presidential-speeches/january-14-1969-state-union-address,77,1969-01-14 18:00:00,The Cold War,Mr. Nixon,institutional precedent,neutral,"I want to tell you that both of us want to see it removed just as soon as circumstances will permit, but the President-elect has told me that he has concluded that until his administration, and this Congress, can examine the appropriation bills, and each item in the budget, and can ascertain that the facts justify permitting the surtax to expire or to be reduced, he, Mr.",Fixed-rubric classification from the supplied sentence context.,narration,serving_or_contemporary,AI-classified; not human-validated
e79737e349e39592409d53f1,Lyndon B. Johnson,Harry S. Truman,/the-presidency/presidential-speeches/january-14-1969-state-union-address,94,1969-01-14 18:00:00,The Cold War,Harry S. Truman,other/unclear,positive,"Now for five most demanding years in the White House, I have been strengthened by the counsel and the cooperation of two great former Presidents, Harry S.",Fixed-rubric classification from the supplied sentence context.,narration,former_president,AI-classified; not human-validated
fe83b1f4bc43e1b0a94d0099,Lyndon B. Johnson,John F. Kennedy,/the-presidency/presidential-speeches/january-14-1969-state-union-address,94,1969-01-14 18:00:00,The Cold War,John F. Kennedy,ceremonial/biographical,neutral,I have been guided by the memory of my pleasant and close association with the beloved John F.,Fixed-rubric classification from the supplied sentence context.,narration,former_president,AI-classified; not human-validated
9fbc998d10a83e80a3c4e12a,Lyndon B. Johnson,Gerald Ford,/the-presidency/presidential-speeches/january-14-1969-state-union-address,96,1969-01-14 18:00:00,The Cold War,Gerald Ford,institutional precedent,neutral,"I have received the most generous cooperation from the leaders of the Republican Party in the Congress of the United States, Senator Dirksen and Congressman Gerald Ford, the Minority Leader.",Fixed-rubric classification from the supplied sentence context.,narration,not_yet_president,AI-classified; not human-validated
6e3ab9d571a9261cea9cca46,Lyndon B. Johnson,Richard M. Nixon,/the-presidency/presidential-speeches/january-14-1969-state-union-address,96,1969-01-14 18:00:00,The Cold War,Nixon,historical comparison,neutral,"President-elect Nixon, in the days ahead, is going to need your understanding, just as I did.",Fixed-rubric classification from the supplied sentence context.,narration,serving_or_contemporary,AI-classified; not human-validated
47c6c98756897e46a70b4ea5,Harry S. Truman,Franklin D. Roosevelt,/the-presidency/presidential-speeches/january-15-1953-farewell-address,6,1953-01-15 18:00:00,The Cold War,President Roosevelt,other/unclear,neutral,"Early, one of President Roosevelt's secretaries, wanted me to call.",Fixed-rubric classification from the supplied sentence context.,narration,former_president,AI-classified; not human-validated
296a489a97bac55b584c8080,Harry S. Truman,Franklin D. Roosevelt,/the-presidency/presidential-speeches/january-15-1953-farewell-address,7,1953-01-15 18:00:00,The Cold War,Roosevelt,other/unclear,neutral,"Roosevelt told me the tragic news, and I felt the shock that all of you felt a little later - when the word came over the radio and appeared in the newspapers.",Fixed-rubric classification from the supplied sentence context.,narration,former_president,AI-classified; not human-validated
f8cd72e1e2aac67a2b69d713,Harry S. Truman,Franklin D. Roosevelt,/the-presidency/presidential-speeches/january-15-1953-farewell-address,7,1953-01-15 18:00:00,The Cold War,President Roosevelt,ceremonial/biographical,neutral,President Roosevelt had died.,Fixed-rubric classification from the supplied sentence context.,narration,former_president,AI-classified; not human-validated
eb67048fa88b1fb100dd09f1,Harry S. Truman,Franklin D. Roosevelt,/the-presidency/presidential-speeches/january-15-1953-farewell-address,7,1953-01-15 18:00:00,The Cold War,President Roosevelt,institutional precedent,neutral,"After attending President Roosevelt's funeral, I went to the Hall of the House of Representatives and told a joint session of the Congress that I would carry on President Roosevelt's policies.",Fixed-rubric classification from the supplied sentence context.,narration,former_president,AI-classified; not human-validated
6f73a424b0f01e8d4972b54d,Harry S. Truman,Franklin D. Roosevelt,/the-presidency/presidential-speeches/january-15-1953-farewell-address,7,1953-01-15 18:00:00,The Cold War,President Roosevelt,institutional precedent,neutral,"After attending President Roosevelt's funeral, I went to the Hall of the House of Representatives and told a joint session of the Congress that I would carry on President Roosevelt's policies.",Fixed-rubric classification from the supplied sentence context.,narration,former_president,AI-classified; not human-validated
a05f792daaff552a9a7bcc9a,Harry S. Truman,Franklin D. Roosevelt,/the-presidency/presidential-speeches/january-15-1953-farewell-address,28,1953-01-15 18:00:00,The Cold War,Franklin Roosevelt,ceremonial/biographical,neutral,"When Franklin Roosevelt died, I felt there must be a million men better qualified than I, to take up the Presidential task.",Fixed-rubric classification from the supplied sentence context.,narration,former_president,AI-classified; not human-validated
f6cbfada878dbe448afd864f,Gerald Ford,Harry S. Truman,/the-presidency/presidential-speeches/january-15-1975-state-union-address,1,1975-01-15 18:00:00,The Cold War,President Truman,institutional precedent,positive,"Two days later, that same freshman stood at the back of this great chamber - over there someplace - as President Truman, all charged up by his single-handed election victory, reported as the Constitution requires on the state of the Union.",Fixed-rubric classification from the supplied sentence context.,narration,former_president,AI-classified; not human-validated
199173881b54c46f7e18163a,Gerald Ford,Harry S. Truman,/the-presidency/presidential-speeches/january-15-1975-state-union-address,1,1975-01-15 18:00:00,The Cold War,President Truman,institutional precedent,positive,"When the bipartisan applause stopped, President Truman said, ""I am happy to report to this 81st Congress that the state of the Union is good.",Fixed-rubric classification from the supplied sentence context.,deliberate_quotation,former_president,AI-classified; not human-validated
11a5fcfccab73b00fbe7fbd6,Gerald Ford,Harry S. Truman,/the-presidency/presidential-speeches/january-15-1975-state-union-address,2,1975-01-15 18:00:00,The Cold War,Mr. Truman,other/unclear,neutral,"Today, that freshman member from Michigan stands where Mr.",Fixed-rubric classification from the supplied sentence context.,narration,former_president,AI-classified; not human-validated
0507b4373c49d0a2e015121b,Gerald Ford,Harry S. Truman,/the-presidency/presidential-speeches/january-15-1975-state-union-address,3,1975-01-15 18:00:00,The Cold War,President Truman,other/unclear,neutral,"Yet, what President Truman said on January 5, 1949, is even more true in 1975.",Fixed-rubric classification from the supplied sentence context.,narration,former_president,AI-classified; not human-validated
74b68a373bb90cb031414f56,Gerald Ford,Franklin D. Roosevelt,/the-presidency/presidential-speeches/january-15-1975-state-union-address,32,1975-01-15 18:00:00,The Cold War,Franklin D. Roosevelt,other/unclear,neutral,In another crisis - the one in 1942 President Franklin D.,Fixed-rubric classification from the supplied sentence context.,narration,former_president,AI-classified; not human-validated
f58f64ebd2313fd2bfa079d0,George W. Bush,Thomas Jefferson,/the-presidency/presidential-speeches/january-15-2009-farewell-address-nation,10,2009-01-15 18:00:00,Post-Cold War,Thomas Jefferson,historical comparison,neutral,"President Thomas Jefferson once wrote, ""I like the dreams of the future better than the history of the",Fixed-rubric classification from the supplied sentence context.,deliberate_quotation,former_president,AI-classified; not human-validated
c9a1ba3bc56a613cc8493879,Joe Biden,Dwight D. Eisenhower,/the-presidency/presidential-speeches/january-15-2025-farewell-address,18,2025-01-16 01:00:00,The present era,President Eisenhower,other/unclear,neutral,"You know, his farewell address, President Eisenhower spoke of the dangers of the military-industrial complex.",Fixed-rubric classification from the supplied sentence context.,narration,former_president,AI-classified; not human-validated
3123dbb381407184e2fc841a,Bill Clinton,Thomas Jefferson,/the-presidency/presidential-speeches/january-18-2001-farewell-address,5,2001-01-18 18:00:00,Post-Cold War,Thomas Jefferson,other/unclear,neutral,"In his first Inaugural Address, Thomas Jefferson warned of entangling alliances.",Fixed-rubric classification from the supplied sentence context.,narration,former_president,AI-classified; not human-validated
fbdb1753ffa7050d55f81b20,Bill Clinton,George W. Bush,/the-presidency/presidential-speeches/january-18-2001-farewell-address,7,2001-01-18 18:00:00,Post-Cold War,George W. Bush,other/unclear,neutral,"Hillary, Chelsea, and I join all Americans in wishing our very best to the next President, George W.",Fixed-rubric classification from the supplied sentence context.,narration,not_yet_president,AI-classified; not human-validated
b45ffdc80ac8a143a306220a,Gerald Ford,Dwight D. Eisenhower,/the-presidency/presidential-speeches/january-19-1976-state-union-address,57,1976-01-19 18:00:00,The Cold War,Dwight D. Eisenhower,other/unclear,neutral,"I have heard many inspiring Presidential speeches, but the words I remember best were spoken by Dwight D.",Fixed-rubric classification from the supplied sentence context.,narration,former_president,AI-classified; not human-validated
e7a442686cfff178ab47f753,Gerald Ford,Dwight D. Eisenhower,/the-presidency/presidential-speeches/january-19-1976-state-union-address,58,1976-01-19 18:00:00,The Cold War,President Eisenhower,other/unclear,neutral,President Eisenhower was raised in a poor but religious home in the heart of America.,Fixed-rubric classification from the supplied sentence context.,narration,former_president,AI-classified; not human-validated
c4da93c1a15d5b504bdc1ce2,Gerald Ford,Abraham Lincoln,/the-presidency/presidential-speeches/january-19-1976-state-union-address,58,1976-01-19 18:00:00,The Cold War,President Lincoln,other/unclear,positive,"His simple words echoed President Lincoln's eloquent testament that ""right makes",Fixed-rubric classification from the supplied sentence context.,deliberate_quotation,former_president,AI-classified; not human-validated
5328fe4ecf3085c6dd896dc5,Gerald Ford,George Washington,/the-presidency/presidential-speeches/january-19-1976-state-union-address,58,1976-01-19 18:00:00,The Cold War,George Washington,other/unclear,neutral,""" And Lincoln in turn evoked the silent image of George Washington kneeling in prayer at Valley Forge.",Fixed-rubric classification from the supplied sentence context.,deliberate_quotation,former_president,AI-classified; not human-validated
728158e2307826396946f582,Jimmy Carter,Abraham Lincoln,/the-presidency/presidential-speeches/january-19-1978-state-union-address,3,1978-01-19 18:00:00,The Cold War,Abraham Lincoln,other/unclear,neutral,That was the duty Abraham Lincoln faced when our land was torn apart by conflict in the War Between the States.,Fixed-rubric classification from the supplied sentence context.,narration,former_president,AI-classified; not human-validated
1620e63e879944f70d525349,Jimmy Carter,Franklin D. Roosevelt,/the-presidency/presidential-speeches/january-19-1978-state-union-address,3,1978-01-19 18:00:00,The Cold War,Franklin Roosevelt,other/unclear,neutral,That was the duty faced by Franklin Roosevelt when he led America out of an economic depression and again when he led America to victory in war.,Fixed-rubric classification from the supplied sentence context.,narration,former_president,AI-classified; not human-validated
329276ec70afbfe25883b770,Jimmy Carter,Harry S. Truman,/the-presidency/presidential-speeches/january-19-1978-state-union-address,4,1978-01-19 18:00:00,The Cold War,Truman,other/unclear,neutral,"That is what Harry Truman did in the years after the Second World War, when we helped Europe and Japan rebuild themselves and secured an international order that has protected freedom from aggression.",Fixed-rubric classification from the supplied sentence context.,narration,former_president,AI-classified; not human-validated
7181caad307e28595ee70357,Jimmy Carter,Abraham Lincoln,/the-presidency/presidential-speeches/january-19-1978-state-union-address,31,1978-01-19 18:00:00,The Cold War,Abraham Lincoln,other/unclear,neutral,We must have what Abraham Lincoln wanted - a government for the people.,Fixed-rubric classification from the supplied sentence context.,narration,former_president,AI-classified; not human-validated
c92aeb59fc71fa530778c808,Bill Clinton,Franklin D. Roosevelt,/the-presidency/presidential-speeches/january-19-1999-state-union-address,5,1999-01-19 18:00:00,Post-Cold War,President Roosevelt,policy inheritance,neutral,"When President Roosevelt created Social Security, thousands wrote to thank him for eliminating what one woman called ""the stark terror of penniless, helpless old",Fixed-rubric classification from the supplied sentence context.,deliberate_quotation,former_president,AI-classified; not human-validated
17fccfe61221b66eccf9f8ae,Bill Clinton,Theodore Roosevelt,/the-presidency/presidential-speeches/january-19-1999-state-union-address,63,1999-01-19 18:00:00,Post-Cold War,Theodore Roosevelt,other/unclear,positive,"A century ago, President Theodore Roosevelt defined our ""great, central task"" as ""leaving this land even a better land for our descendants than it is for",Fixed-rubric classification from the supplied sentence context.,deliberate_quotation,former_president,AI-classified; not human-validated
89c0a760d92379908f971cbd,Bill Clinton,George Washington,/the-presidency/presidential-speeches/january-19-1999-state-union-address,74,1999-01-19 18:00:00,Post-Cold War,George Washington,other/unclear,neutral,"In ways large and small, as we look to the millennium we are keeping alive what George Washington called ""the sacred fire of",Fixed-rubric classification from the supplied sentence context.,deliberate_quotation,former_president,AI-classified; not human-validated
287384e942e0694386f3cb62,John F. Kennedy,Andrew Johnson,/the-presidency/presidential-speeches/january-20-1961-inaugural-address,0,1961-01-20 18:00:00,The Cold War,President Johnson,other/unclear,neutral,"Vice President Johnson, Mr.",Fixed-rubric classification from the supplied sentence context.,narration,former_president,AI-classified; not human-validated
30204411a777a13b7e2c1a7f,John F. Kennedy,Dwight D. Eisenhower,/the-presidency/presidential-speeches/january-20-1961-inaugural-address,0,1961-01-20 18:00:00,The Cold War,President Eisenhower,other/unclear,neutral,"Chief Justice, President Eisenhower, Vice President Nixon, President Truman, Reverend Clergy, fellow citizens: We observe today not a victory of party but a celebration of freedom - symbolizing an end as well as a beginning - signifying renewal as well as change.",Fixed-rubric classification from the supplied sentence context.,narration,former_president,AI-classified; not human-validated
1a149a168063d8e9c1710e8e,John F. Kennedy,Richard M. Nixon,/the-presidency/presidential-speeches/january-20-1961-inaugural-address,0,1961-01-20 18:00:00,The Cold War,President Nixon,contemporary rivalry,neutral,"Chief Justice, President Eisenhower, Vice President Nixon, President Truman, Reverend Clergy, fellow citizens: We observe today not a victory of party but a celebration of freedom - symbolizing an end as well as a beginning - signifying renewal as well as change.",Fixed-rubric classification from the supplied sentence context.,narration,serving_or_contemporary,AI-classified; not human-validated
365ae361d4254a390172b965,John F. Kennedy,Harry S. Truman,/the-presidency/presidential-speeches/january-20-1961-inaugural-address,0,1961-01-20 18:00:00,The Cold War,President Truman,other/unclear,neutral,"Chief Justice, President Eisenhower, Vice President Nixon, President Truman, Reverend Clergy, fellow citizens: We observe today not a victory of party but a celebration of freedom - symbolizing an end as well as a beginning - signifying renewal as well as change.",Fixed-rubric classification from the supplied sentence context.,narration,former_president,AI-classified; not human-validated
5979d5894046712031773207,Richard M. Nixon,Lyndon B. Johnson,/the-presidency/presidential-speeches/january-20-1969-first-inaugural-address,0,1969-01-20 18:00:00,The Cold War,President Johnson,other/unclear,neutral,"Vice President, President Johnson, Vice President Humphrey, my fellow Americans--and my fellow citizens of the world community: I ask you to share with me today the majesty of this moment.",Fixed-rubric classification from the supplied sentence context.,narration,former_president,AI-classified; not human-validated
a3544ca20bdae7b9895f83fa,Richard M. Nixon,Harry S. Truman,/the-presidency/presidential-speeches/january-20-1972-state-union-address,0,1972-01-20 18:00:00,The Cold War,President Truman,other/unclear,neutral,"As all of you are aware, I had some differences with President Truman.",Fixed-rubric classification from the supplied sentence context.,narration,former_president,AI-classified; not human-validated
fb43a5cf53a01b69c37e8a98,Richard M. Nixon,John F. Kennedy,/the-presidency/presidential-speeches/january-20-1972-state-union-address,7,1972-01-20 18:00:00,The Cold War,John Kennedy,other/unclear,neutral,"The world has changed greatly in the 11 years since President John Kennedy said in his Inaugural Address,",Fixed-rubric classification from the supplied sentence context.,narration,former_president,AI-classified; not human-validated
b84669290f4295bee15862ec,Richard M. Nixon,Dwight D. Eisenhower,/the-presidency/presidential-speeches/january-20-1973-second-inaugural-address,0,1973-01-20 18:00:00,The Cold War,Eisenhower,other/unclear,positive,"Eisenhower, and my fellow citizens of this great and good country we share together: When we met here four years ago, America was bleak in spirit, depressed by the prospect of seemingly endless war abroad and of destructive conflict at home.",Fixed-rubric classification from the supplied sentence context.,narration,former_president,AI-classified; not human-validated
f5ce2b4703f0d9f8861d0a58,Ronald Reagan,George W. Bush,/the-presidency/presidential-speeches/january-20-1981-first-inaugural-address,0,1981-01-20 18:00:00,The Cold War,President Bush,other/unclear,neutral,"President, Vice President Bush, Vice President Mondale, Senator Baker, Speaker O'Neill, Reverend Moomaw, and my fellow citizens: To a few of us here today this is a solemn and most momentous occasion, and yet in the history of our nation it is a commonplace occurrence.",Fixed-rubric classification from the supplied sentence context.,narration,not_yet_president,AI-classified; not human-validated
490ccf0a105d132ee7826a27,Ronald Reagan,George Washington,/the-presidency/presidential-speeches/january-20-1981-first-inaugural-address,16,1981-01-20 18:00:00,The Cold War,George Washington,other/unclear,neutral,"Directly in front of me, the monument to a monumental man, George Washington, father of our country.",Fixed-rubric classification from the supplied sentence context.,narration,former_president,AI-classified; not human-validated
adf81e383047686cd4953ef1,Ronald Reagan,Thomas Jefferson,/the-presidency/presidential-speeches/january-20-1981-first-inaugural-address,16,1981-01-20 18:00:00,The Cold War,Thomas Jefferson,other/unclear,neutral,"Off to one side, the stately memorial to Thomas Jefferson.",Fixed-rubric classification from the supplied sentence context.,narration,former_president,AI-classified; not human-validated
89bb1c4da901fb29b578960e,Ronald Reagan,Abraham Lincoln,/the-presidency/presidential-speeches/january-20-1981-first-inaugural-address,16,1981-01-20 18:00:00,The Cold War,Abraham Lincoln,ceremonial/biographical,neutral,Whoever would understand in his heart the meaning of America will find it in the life of Abraham Lincoln.,Fixed-rubric classification from the supplied sentence context.,narration,former_president,AI-classified; not human-validated
e4188897b1c2b20f00092363,George H. W. Bush,Ronald Reagan,/the-presidency/presidential-speeches/january-20-1989-inaugural-address,0,1989-01-20 18:00:00,Post-Cold War,President Reagan,other/unclear,neutral,"President Reagan, on behalf of our nation, I thank you for the wonderful things that you have done for America.",Fixed-rubric classification from the supplied sentence context.,narration,former_president,AI-classified; not human-validated
81445a6f349f3db66a9caf8d,George H. W. Bush,George Washington,/the-presidency/presidential-speeches/january-20-1989-inaugural-address,0,1989-01-20 18:00:00,Post-Cold War,George Washington,other/unclear,neutral,"I've just repeated word for word the oath taken by George Washington 200 years ago, and the Bible on which I placed my hand is the Bible on which he placed his.",Fixed-rubric classification from the supplied sentence context.,narration,former_president,AI-classified; not human-validated
d480873f29d1c503bf6708cd,Bill Clinton,George H. W. Bush,/the-presidency/presidential-speeches/january-20-1993-first-inaugural,1,1993-01-20 18:00:00,Post-Cold War,President Bush,other/unclear,neutral,"On behalf of our Nation, I salute my predecessor, President Bush, for his half-century of service to America.",Fixed-rubric classification from the supplied sentence context.,narration,former_president,AI-classified; not human-validated
f2e3a9df190bb2ea1603dba5,Bill Clinton,George Washington,/the-presidency/presidential-speeches/january-20-1993-first-inaugural,1,1993-01-20 18:00:00,Post-Cold War,George Washington,other/unclear,neutral,"When George Washington first took the oath I have just sworn to uphold, news traveled slowly across the land by horseback and across the ocean by boat.",Fixed-rubric classification from the supplied sentence context.,narration,former_president,AI-classified; not human-validated
7e6783ab6865825973d2bf18,Bill Clinton,Thomas Jefferson,/the-presidency/presidential-speeches/january-20-1993-first-inaugural,3,1993-01-20 18:00:00,Post-Cold War,Thomas Jefferson,other/unclear,neutral,"Thomas Jefferson believed that to preserve the very foundations of our Nation, we would need dramatic change from time to time.",Fixed-rubric classification from the supplied sentence context.,narration,former_president,AI-classified; not human-validated
4f42ca9cbe141e891eeb80f6,Bill Clinton,Franklin D. Roosevelt,/the-presidency/presidential-speeches/january-20-1993-first-inaugural,7,1993-01-20 18:00:00,Post-Cold War,Franklin Roosevelt,other/unclear,neutral,"Let us resolve to make our Government a place for what Franklin Roosevelt called bold, persistent experimentation, a Government for our tomorrows, not our yesterdays.",Fixed-rubric classification from the supplied sentence context.,narration,former_president,AI-classified; not human-validated
74a5a2f29709852cb1a08374,George W. Bush,Bill Clinton,/the-presidency/presidential-speeches/january-20-2001-first-inaugural-address,0,2001-01-20 18:00:00,Post-Cold War,President Clinton,other/unclear,neutral,"President Clinton, distinguished guests and my fellow citizens, the peaceful transfer of authority is rare in history, yet common in our country.",Fixed-rubric classification from the supplied sentence context.,narration,former_president,AI-classified; not human-validated
cf4e9f38ba886567aababa4b,George W. Bush,Bill Clinton,/the-presidency/presidential-speeches/january-20-2001-first-inaugural-address,0,2001-01-20 18:00:00,Post-Cold War,President Clinton,other/unclear,neutral,"As I begin, I thank President Clinton for his service to our nation.",Fixed-rubric classification from the supplied sentence context.,narration,former_president,AI-classified; not human-validated
b701c1a9ccadcfc87b0a3932,George W. Bush,Thomas Jefferson,/the-presidency/presidential-speeches/january-20-2001-first-inaugural-address,10,2001-01-20 18:00:00,Post-Cold War,Thomas Jefferson,other/unclear,neutral,"After the Declaration of Independence was signed, Virginia statesman John Page wrote to Thomas Jefferson: ""We know the race is not to the swift nor the battle to the strong.",Fixed-rubric classification from the supplied sentence context.,deliberate_quotation,former_president,AI-classified; not human-validated
ed24e94f1a265c8121cacd57,George W. Bush,Thomas Jefferson,/the-presidency/presidential-speeches/january-20-2001-first-inaugural-address,10,2001-01-20 18:00:00,Post-Cold War,Jefferson,other/unclear,neutral,""" Much time has passed since Jefferson arrived for his inauguration.",Fixed-rubric classification from the supplied sentence context.,deliberate_quotation,former_president,AI-classified; not human-validated
b426f00651795aa8fea1b8d9,George W. Bush,Bill Clinton,/the-presidency/presidential-speeches/january-20-2004-state-union-address,40,2004-01-20 18:00:00,Post-Cold War,President Clinton,policy inheritance,neutral,"Congress has already taken a stand on this issue by passing the Defense of Marriage Act, signed in 1996 by President Clinton.",Fixed-rubric classification from the supplied sentence context.,narration,former_president,AI-classified; not human-validated
66b227f98cea37a4eade0592,George W. Bush,Jimmy Carter,/the-presidency/presidential-speeches/january-20-2005-second-inaugural-address-0,0,2005-01-20 06:00:00,Post-Cold War,President Carter,policy inheritance,positive,"Chief Justice, President Carter, President Bush, President Clinton, reverend clergy, distinguished guests, fellow citizens: On this day, prescribed by law and marked by ceremony, we celebrate the durable wisdom of our Constitution, and recall the deep commitments that unite our country.",Fixed-rubric classification from the supplied sentence context.,narration,former_president,AI-classified; not human-validated
910036981c6cb9fe0c4b796b,George W. Bush,Bill Clinton,/the-presidency/presidential-speeches/january-20-2005-second-inaugural-address-0,0,2005-01-20 06:00:00,Post-Cold War,President Clinton,policy inheritance,positive,"Chief Justice, President Carter, President Bush, President Clinton, reverend clergy, distinguished guests, fellow citizens: On this day, prescribed by law and marked by ceremony, we celebrate the durable wisdom of our Constitution, and recall the deep commitments that unite our country.",Fixed-rubric classification from the supplied sentence context.,narration,former_president,AI-classified; not human-validated
857ea68c7b001f8e11e9a142,George W. Bush,Abraham Lincoln,/the-presidency/presidential-speeches/january-20-2005-second-inaugural-address-0,9,2005-01-20 06:00:00,Post-Cold War,Abraham Lincoln,historical comparison,neutral,"The rulers of outlaw regimes can know that we still believe as Abraham Lincoln did: ""Those who deny freedom to others deserve it not for themselves; and, under the rule of a just God, cannot long retain",Fixed-rubric classification from the supplied sentence context.,deliberate_quotation,former_president,AI-classified; not human-validated
e8da3c3220389e54353d6731,Barack Obama,George W. Bush,/the-presidency/presidential-speeches/january-20-2009-inaugural-address,0,2009-01-20 18:00:00,Post-Cold War,President Bush,other/unclear,neutral,"I thank President Bush for his service to our nation, as well as the generosity and cooperation he has shown throughout this transition.",Fixed-rubric classification from the supplied sentence context.,narration,former_president,AI-classified; not human-validated
4e8662e2f38d18e004c76ed0,Barack Obama,Joe Biden,/the-presidency/presidential-speeches/january-20-2015-2015-state-union-address,18,2015-01-20 06:00:00,Post-Cold War,President Biden,historical comparison,positive,"Thanks to Vice President Biden's great work to update our job training system, we're connecting community colleges with local employers to train workers to fill high-paying jobs like coding, and nursing, and robotics.",Fixed-rubric classification from the supplied sentence context.,narration,not_yet_president,AI-classified; not human-validated
925670d3cd7f0993c9302433,Donald Trump,Jimmy Carter,/the-presidency/presidential-speeches/january-20-2017-inaugural-address,0,2017-01-20 16:00:00,The present era,President Carter,other/unclear,neutral,"Chief Justice Roberts, President Carter, President Clinton, President Bush, President Obama, fellow Americans, and people of the world: thank you.",Fixed-rubric classification from the supplied sentence context.,narration,former_president,AI-classified; not human-validated
90af5b5b22a0286a41963f67,Donald Trump,Bill Clinton,/the-presidency/presidential-speeches/january-20-2017-inaugural-address,0,2017-01-20 16:00:00,The present era,President Clinton,other/unclear,neutral,"Chief Justice Roberts, President Carter, President Clinton, President Bush, President Obama, fellow Americans, and people of the world: thank you.",Fixed-rubric classification from the supplied sentence context.,narration,former_president,AI-classified; not human-validated
5457b53a397e866f719ff02d,Donald Trump,George W. Bush,/the-presidency/presidential-speeches/january-20-2017-inaugural-address,0,2017-01-20 16:00:00,The present era,President Bush,other/unclear,neutral,"Chief Justice Roberts, President Carter, President Clinton, President Bush, President Obama, fellow Americans, and people of the world: thank you.",Fixed-rubric classification from the supplied sentence context.,narration,former_president,AI-classified; not human-validated
3a0dcb416e46780728789cf3,Donald Trump,Barack Obama,/the-presidency/presidential-speeches/january-20-2017-inaugural-address,0,2017-01-20 16:00:00,The present era,President Obama,other/unclear,neutral,"Chief Justice Roberts, President Carter, President Clinton, President Bush, President Obama, fellow Americans, and people of the world: thank you.",Fixed-rubric classification from the supplied sentence context.,narration,former_president,AI-classified; not human-validated
e7fa839e4934f3c1825a4c58,Donald Trump,Barack Obama,/the-presidency/presidential-speeches/january-20-2017-inaugural-address,1,2017-01-20 16:00:00,The present era,President Obama,other/unclear,neutral,"Every four years, we gather on these steps to carry out the orderly and peaceful transfer of power, and we are grateful to President Obama and First Lady Michelle Obama for their gracious aid throughout this transition.",Fixed-rubric classification from the supplied sentence context.,narration,former_president,AI-classified; not human-validated
c0f5494933ff07026f812a7b,Donald Trump,Bill Clinton,/the-presidency/presidential-speeches/january-20-2025-inaugural-address,0,2025-01-20 17:10:00,The present era,President Clinton,other/unclear,positive,"Vice President Vance, Speaker Johnson, Senator Thune, Chief Justice Roberts, justices of the Supreme Court of the United States, President Clinton, President Bush, President Obama, President Biden, Vice President Harris, and my fellow citizens, the golden age of America begins right now.",Fixed-rubric classification from the supplied sentence context.,narration,former_president,AI-classified; not human-validated
c9cd7d3423ffb272d0d5e2a9,Donald Trump,George W. Bush,/the-presidency/presidential-speeches/january-20-2025-inaugural-address,0,2025-01-20 17:10:00,The present era,President Bush,other/unclear,positive,"Vice President Vance, Speaker Johnson, Senator Thune, Chief Justice Roberts, justices of the Supreme Court of the United States, President Clinton, President Bush, President Obama, President Biden, Vice President Harris, and my fellow citizens, the golden age of America begins right now.",Fixed-rubric classification from the supplied sentence context.,narration,former_president,AI-classified; not human-validated
6c3c2e39669167079c107a43,Donald Trump,Barack Obama,/the-presidency/presidential-speeches/january-20-2025-inaugural-address,0,2025-01-20 17:10:00,The present era,President Obama,other/unclear,positive,"Vice President Vance, Speaker Johnson, Senator Thune, Chief Justice Roberts, justices of the Supreme Court of the United States, President Clinton, President Bush, President Obama, President Biden, Vice President Harris, and my fellow citizens, the golden age of America begins right now.",Fixed-rubric classification from the supplied sentence context.,narration,former_president,AI-classified; not human-validated
a61ce7cfc1a8c8df9248c855,Donald Trump,Joe Biden,/the-presidency/presidential-speeches/january-20-2025-inaugural-address,0,2025-01-20 17:10:00,The present era,President Biden,other/unclear,positive,"Vice President Vance, Speaker Johnson, Senator Thune, Chief Justice Roberts, justices of the Supreme Court of the United States, President Clinton, President Bush, President Obama, President Biden, Vice President Harris, and my fellow citizens, the golden age of America begins right now.",Fixed-rubric classification from the supplied sentence context.,narration,former_president,AI-classified; not human-validated
04016a3d7be82a41bc485738,Donald Trump,William McKinley,/the-presidency/presidential-speeches/january-20-2025-inaugural-address,24,2025-01-20 17:10:00,The present era,William McKinley,other/unclear,positive,"A short time from now, we are going to be changing the name of the Gulf of Mexico to the Gulf of America, and we will restore the name of a great president, William McKinley, to Mount McKinley, where it should be and where it belongs.",Fixed-rubric classification from the supplied sentence context.,narration,former_president,AI-classified; not human-validated
badf2607a242c53bfb19074a,Donald Trump,William McKinley,/the-presidency/presidential-speeches/january-20-2025-inaugural-address,25,2025-01-20 17:10:00,The present era,President McKinley,other/unclear,positive,"President McKinley made our country very rich through tariffs and through talent - he was a natural businessman - and gave Teddy Roosevelt the money for many of the great things he did, including the Panama Canal, which has foolishly been given to the country of Panama after the United Spates - the United States, I mean, think of this - spent more money than ever spent on a project before and lost 38,000 lives in the building of the Panama Canal.",Fixed-rubric classification from the supplied sentence context.,narration,former_president,AI-classified; not human-validated
a1fab0df6ab6900af850a0c8,Donald Trump,Theodore Roosevelt,/the-presidency/presidential-speeches/january-20-2025-inaugural-address,25,2025-01-20 17:10:00,The present era,Teddy Roosevelt,other/unclear,positive,"President McKinley made our country very rich through tariffs and through talent - he was a natural businessman - and gave Teddy Roosevelt the money for many of the great things he did, including the Panama Canal, which has foolishly been given to the country of Panama after the United Spates - the United States, I mean, think of this - spent more money than ever spent on a project before and lost 38,000 lives in the building of the Panama Canal.",Fixed-rubric classification from the supplied sentence context.,narration,former_president,AI-classified; not human-validated
9853c38abbe4e5325a236cfe,Ronald Reagan,George W. Bush,/the-presidency/presidential-speeches/january-21-1985-second-inaugural-address,0,1985-01-21 18:00:00,The Cold War,President Bush,other/unclear,neutral,"Senator Mathias, Chief Justice Burger, Vice President Bush, Speaker O'Neill, Senator Dole, reverend clergy, and members of my family and friends and my fellow citizens: This day has been made brighter with the presence here of one who, for a time, has been absent.",Fixed-rubric classification from the supplied sentence context.,narration,not_yet_president,AI-classified; not human-validated
a4062acb01b5bd108a0dad71,Ronald Reagan,George Washington,/the-presidency/presidential-speeches/january-21-1985-second-inaugural-address,1,1985-01-21 18:00:00,The Cold War,George Washington,other/unclear,neutral,"When the first President, George Washington, placed his hand upon the Bible, he stood less than a single day's journey by horseback from raw, untamed wilderness.",Fixed-rubric classification from the supplied sentence context.,narration,former_president,AI-classified; not human-validated
0b94ce52b64a3366ef104fba,Ronald Reagan,Thomas Jefferson,/the-presidency/presidential-speeches/january-21-1985-second-inaugural-address,5,1985-01-21 18:00:00,The Cold War,Jefferson,other/unclear,neutral,"Two of our Founding Fathers, a Boston lawyer named Adams and a Virginia planter named Jefferson, members of that remarkable group who met in Independence Hall and dared to think they could start the world over again, left us an important lesson.",Fixed-rubric classification from the supplied sentence context.,narration,former_president,AI-classified; not human-validated
e05fb87f012d09599834de1c,Ronald Reagan,Thomas Jefferson,/the-presidency/presidential-speeches/january-21-1985-second-inaugural-address,6,1985-01-21 18:00:00,The Cold War,Jefferson,other/unclear,positive,"In one of those letters exchanged in the sunset of their lives, Jefferson wrote: ""It carries me back to the times when, beset with difficulties and dangers, we were fellow laborers in the same cause, struggling for what is most valuable to man, his right of self-government.",Fixed-rubric classification from the supplied sentence context.,deliberate_quotation,former_president,AI-classified; not human-validated
ed08bce99db2aff788138277,Barack Obama,Joe Biden,/the-presidency/presidential-speeches/january-21-2013-second-inaugural-address,0,2013-01-21 06:00:00,Post-Cold War,President Biden,other/unclear,neutral,"Vice President Biden, Mr.",Fixed-rubric classification from the supplied sentence context.,narration,not_yet_president,AI-classified; not human-validated
e8a51cdbee5c404fb6bbae09,Woodrow Wilson,James Monroe,/the-presidency/presidential-speeches/january-22-1917-world-league-peace-speech,28,1917-01-22 18:00:00,Progressives & Depression,President Monroe,other/unclear,positive,"I am proposing, as it were, that the nations should with one accord adopt the doctrine of President Monroe as the doctrine of the world: that no nation should seek to extend its polity over any other nation or people, but that every people should be left free to determine its own polity, its own way of development, unhindered, unthreatened, unafraid, the little along with the great and powerful.",Fixed-rubric classification from the supplied sentence context.,narration,former_president,AI-classified; not human-validated
78bc2958d62fa635550916e6,Richard M. Nixon,Thomas Jefferson,/the-presidency/presidential-speeches/january-22-1970-state-union-address,31,1970-01-22 18:00:00,The Cold War,Thomas Jefferson,policy inheritance,neutral,"Listen to President Thomas Jefferson in 1802: We act not ""for ourselves alone, but for the whole human",Fixed-rubric classification from the supplied sentence context.,deliberate_quotation,former_president,AI-classified; not human-validated
ef5ce447a7ede47641ecef44,Richard M. Nixon,Abraham Lincoln,/the-presidency/presidential-speeches/january-22-1971-state-union-address,25,1971-01-22 18:00:00,The Cold War,Abraham Lincoln,other/unclear,neutral,"One hundred years ago, Abraham Lincoln stood on a battlefield and spoke of a ""government of the people, by the people, for the",Fixed-rubric classification from the supplied sentence context.,deliberate_quotation,former_president,AI-classified; not human-validated
28838661ba509c8fc06bccd1,Richard M. Nixon,Lyndon B. Johnson,/the-presidency/presidential-speeches/january-23-1973-address-nation-announcing-agreement-ending-war,8,1973-01-23 18:00:00,The Cold War,President Johnson,other/unclear,neutral,"In his life, President Johnson endured the vilification of those who sought to portray him as a man of war.",Fixed-rubric classification from the supplied sentence context.,narration,former_president,AI-classified; not human-validated
eddfe7cea6acea6358dfb1e8,Bill Clinton,Richard M. Nixon,/the-presidency/presidential-speeches/january-23-1996-state-union-address,31,1996-01-23 18:00:00,Post-Cold War,Richard Nixon,institutional precedent,neutral,The most significant environmental gains in the last 30 years were made under a Democratic Congress and President Richard Nixon.,Fixed-rubric classification from the supplied sentence context.,narration,former_president,AI-classified; not human-validated
a93b9e4efc920e2e019c8bef,George W. Bush,Harry S. Truman,/the-presidency/presidential-speeches/january-23-2007-state-union-address,0,2007-01-23 18:00:00,Post-Cold War,Truman,other/unclear,neutral,", from Baltimore, Maryland, saw Presidents Roosevelt and Truman at this rostrum.",Fixed-rubric classification from the supplied sentence context.,narration,former_president,AI-classified; not human-validated
575fd388652e029d371384c8,Bill Clinton,Theodore Roosevelt,/the-presidency/presidential-speeches/january-24-1995-state-union-address,3,1995-01-24 18:00:00,Post-Cold War,Theodore Roosevelt,institutional precedent,mixed,"It has fallen to every generation since then to preserve that idea, the American idea, and to deepen and expand its meaning in new and different times: to Lincoln and to his Congress to preserve the Union and to end slavery; to Theodore Roosevelt and Woodrow Wilson to restrain the abuses and excesses of the industrial revolution and to assert our leadership in the world; to Franklin Roosevelt to fight the failure and pain of the Great Depression and to win our country's great struggle against fascism; and to all our Presidents since to fight the Cold War.",Fixed-rubric classification from the supplied sentence context.,narration,former_president,AI-classified; not human-validated
6bf56596e63734d0cfedecb5,Bill Clinton,Woodrow Wilson,/the-presidency/presidential-speeches/january-24-1995-state-union-address,3,1995-01-24 18:00:00,Post-Cold War,Woodrow Wilson,institutional precedent,mixed,"It has fallen to every generation since then to preserve that idea, the American idea, and to deepen and expand its meaning in new and different times: to Lincoln and to his Congress to preserve the Union and to end slavery; to Theodore Roosevelt and Woodrow Wilson to restrain the abuses and excesses of the industrial revolution and to assert our leadership in the world; to Franklin Roosevelt to fight the failure and pain of the Great Depression and to win our country's great struggle against fascism; and to all our Presidents since to fight the Cold War.",Fixed-rubric classification from the supplied sentence context.,narration,former_president,AI-classified; not human-validated
4b5f49d458c34ddb23f32e4e,Bill Clinton,Franklin D. Roosevelt,/the-presidency/presidential-speeches/january-24-1995-state-union-address,3,1995-01-24 18:00:00,Post-Cold War,Franklin Roosevelt,institutional precedent,mixed,"It has fallen to every generation since then to preserve that idea, the American idea, and to deepen and expand its meaning in new and different times: to Lincoln and to his Congress to preserve the Union and to end slavery; to Theodore Roosevelt and Woodrow Wilson to restrain the abuses and excesses of the industrial revolution and to assert our leadership in the world; to Franklin Roosevelt to fight the failure and pain of the Great Depression and to win our country's great struggle against fascism; and to all our Presidents since to fight the Cold War.",Fixed-rubric classification from the supplied sentence context.,narration,former_president,AI-classified; not human-validated
45acb75fcdcc49b345269505,Bill Clinton,Harry S. Truman,/the-presidency/presidential-speeches/january-24-1995-state-union-address,3,1995-01-24 18:00:00,Post-Cold War,Truman,other/unclear,neutral,"Especially, I recall two who struggled to fight that Cold War in partnership with Congresses where the majority was of a different party: to Harry Truman, who summoned us to unparalleled prosperity at home and who built the architecture of the Cold War; and to Ronald Reagan, whom we wish well tonight and who exhorted us to carry on until the twilight struggle against Communism was won.",Fixed-rubric classification from the supplied sentence context.,narration,former_president,AI-classified; not human-validated
a18cebfd06e3fc97bbe2c8bf,Bill Clinton,Ronald Reagan,/the-presidency/presidential-speeches/january-24-1995-state-union-address,3,1995-01-24 18:00:00,Post-Cold War,Ronald Reagan,other/unclear,neutral,"Especially, I recall two who struggled to fight that Cold War in partnership with Congresses where the majority was of a different party: to Harry Truman, who summoned us to unparalleled prosperity at home and who built the architecture of the Cold War; and to Ronald Reagan, whom we wish well tonight and who exhorted us to carry on until the twilight struggle against Communism was won.",Fixed-rubric classification from the supplied sentence context.,narration,former_president,AI-classified; not human-validated
ce982448797f097ec62deb26,Bill Clinton,Franklin D. Roosevelt,/the-presidency/presidential-speeches/january-24-1995-state-union-address,7,1995-01-24 18:00:00,Post-Cold War,President Roosevelt,other/unclear,neutral,"More than 60 years ago, at the dawn of another new era, President Roosevelt told our nation, ""New conditions impose new requirements on government and those who conduct",Fixed-rubric classification from the supplied sentence context.,deliberate_quotation,former_president,AI-classified; not human-validated
e27f945c33310eba23ef02f5,Bill Clinton,John F. Kennedy,/the-presidency/presidential-speeches/january-24-1995-state-union-address,19,1995-01-24 18:00:00,Post-Cold War,John Kennedy,other/unclear,neutral,"Based on decisions already made, we will have cut a total of more than a quarter of a million positions from the federal government, making it the smallest it has been since John Kennedy was President, by the time I come here again next year.",Fixed-rubric classification from the supplied sentence context.,narration,former_president,AI-classified; not human-validated
82986d9568b7f8a188898aa5,Bill Clinton,Harry S. Truman,/the-presidency/presidential-speeches/january-24-1995-state-union-address,50,1995-01-24 18:00:00,Post-Cold War,Mr. Truman,other/unclear,neutral,It's coming down three years in a row for the first time since Mr.,Fixed-rubric classification from the supplied sentence context.,narration,former_president,AI-classified; not human-validated
f50a408f0c4652adcc73fdaa,Barack Obama,Abraham Lincoln,/the-presidency/presidential-speeches/january-24-2012-2012-state-union-address,60,2012-01-24 06:00:00,Post-Cold War,Abraham Lincoln,other/unclear,neutral,"But I believe what Republican Abraham Lincoln believed: That government should do for people only what they cannot do better by themselves, and no more.",Fixed-rubric classification from the supplied sentence context.,narration,former_president,AI-classified; not human-validated
b26a72212a5adb317885d27b,Barack Obama,George H. W. Bush,/the-presidency/presidential-speeches/january-24-2012-2012-state-union-address,72,2012-01-24 06:00:00,Post-Cold War,George Bush,historical comparison,neutral,"Just like it didn't matter that day in the Situation Room, when I sat next to Bob Gates -- a man who was George Bush's defense secretary -- and Hillary Clinton -- a woman who ran against me for president.",Fixed-rubric classification from the supplied sentence context.,narration,former_president,AI-classified; not human-validated
bcdfbf591581ea9b64bbafad,Ronald Reagan,George Washington,/the-presidency/presidential-speeches/january-25-1983-state-union-address,0,1983-01-25 18:00:00,The Cold War,George Washington,institutional precedent,neutral,"President, distinguished Members of the Congress, honored guests, and fellow citizens: This solemn occasion marks the 196th time that a President of the United States has reported on the State of the Union since George Washington first did so in 1790.",Fixed-rubric classification from the supplied sentence context.,narration,former_president,AI-classified; not human-validated
fe7d44baaf78262b6f9b3589,Ronald Reagan,Franklin D. Roosevelt,/the-presidency/presidential-speeches/january-25-1984-state-union-address,10,1984-01-25 18:00:00,The Cold War,Franklin Roosevelt,other/unclear,neutral,"Franklin Roosevelt told us 50 years ago this month: ""Civilization can not go back; civilization must not stand still.",Fixed-rubric classification from the supplied sentence context.,deliberate_quotation,former_president,AI-classified; not human-validated
42a15e91e4b20d06b8a451a3,Ronald Reagan,George W. Bush,/the-presidency/presidential-speeches/january-25-1984-state-union-address,12,1984-01-25 18:00:00,The Cold War,President Bush,other/unclear,positive,"Under the leadership of Vice President Bush, we have reduced the growth of federal regulations by more than 25 percent and cut well over 300 million hours of government-required paperwork each year.",Fixed-rubric classification from the supplied sentence context.,narration,not_yet_president,AI-classified; not human-validated
09a2f8ac09aac28579cfcf19,Ronald Reagan,John F. Kennedy,/the-presidency/presidential-speeches/january-25-1984-state-union-address,14,1984-01-25 18:00:00,The Cold War,President Kennedy,other/unclear,neutral,"During the years of President Kennedy and of the years before that, defense was almost half the total budget.",Fixed-rubric classification from the supplied sentence context.,narration,former_president,AI-classified; not human-validated
b58f7d5979d173cf3a463fc2,Ronald Reagan,Dwight D. Eisenhower,/the-presidency/presidential-speeches/january-25-1984-state-union-address,44,1984-01-25 18:00:00,The Cold War,Eisenhower,other/unclear,neutral,"People of the Soviet, President Dwight Eisenhower, who fought by your side in World War II, said the essential struggle ""is not merely man against man or nation against nation.",Fixed-rubric classification from the supplied sentence context.,deliberate_quotation,former_president,AI-classified; not human-validated
ffe4d073f0b1dada0dc6d47f,Ronald Reagan,Thomas Jefferson,/the-presidency/presidential-speeches/january-25-1988-state-union-address,3,1988-01-25 18:00:00,The Cold War,Jefferson,other/unclear,neutral,"In the spirit of Jefferson, let us affirm that in this Chamber tonight there are no Republicans, no Democrats - just Americans.",Fixed-rubric classification from the supplied sentence context.,narration,former_president,AI-classified; not human-validated
a6cb272b3c67e0d51df60b1f,Bill Clinton,Harry S. Truman,/the-presidency/presidential-speeches/january-25-1994-state-union-address,10,1994-01-25 18:00:00,Post-Cold War,Truman,policy inheritance,neutral,"If you will stick with this plan, we will post three consecutive years of declining deficits for the first time since Harry Truman lived in the White House.",Fixed-rubric classification from the supplied sentence context.,narration,former_president,AI-classified; not human-validated
3bdae106c5d754e45a85d3d5,Bill Clinton,Richard M. Nixon,/the-presidency/presidential-speeches/january-25-1994-state-union-address,28,1994-01-25 18:00:00,Post-Cold War,Richard Nixon,institutional precedent,neutral,"And I might say, employer-based private insurance for every American was proposed 20 years ago by President Richard Nixon to the United States Congress.",Fixed-rubric classification from the supplied sentence context.,narration,former_president,AI-classified; not human-validated
f25090bbbef0b67cf87ee086,Bill Clinton,Franklin D. Roosevelt,/the-presidency/presidential-speeches/january-25-1994-state-union-address,32,1994-01-25 18:00:00,Post-Cold War,President Roosevelt,other/unclear,neutral,President Roosevelt tried.,Fixed-rubric classification from the supplied sentence context.,narration,former_president,AI-classified; not human-validated
86222b8a7be13272b6a525c9,Bill Clinton,Harry S. Truman,/the-presidency/presidential-speeches/january-25-1994-state-union-address,32,1994-01-25 18:00:00,Post-Cold War,President Truman,other/unclear,neutral,President Truman tried.,Fixed-rubric classification from the supplied sentence context.,narration,former_president,AI-classified; not human-validated
0e1a629d4b991a13103739ac,Bill Clinton,Richard M. Nixon,/the-presidency/presidential-speeches/january-25-1994-state-union-address,32,1994-01-25 18:00:00,Post-Cold War,President Nixon,other/unclear,neutral,President Nixon tried.,Fixed-rubric classification from the supplied sentence context.,narration,former_president,AI-classified; not human-validated
995c6734ee80631ebd998e3a,Bill Clinton,Jimmy Carter,/the-presidency/presidential-speeches/january-25-1994-state-union-address,32,1994-01-25 18:00:00,Post-Cold War,President Carter,other/unclear,neutral,President Carter tried.,Fixed-rubric classification from the supplied sentence context.,narration,former_president,AI-classified; not human-validated
f2d1288759d61277c46b769c,Barack Obama,Dwight D. Eisenhower,/the-presidency/presidential-speeches/january-25-2011-2011-state-union-address,32,2011-01-25 06:00:00,Post-Cold War,Eisenhower,other/unclear,neutral,"Now, this would reduce the deficit by more than $400 billion over the next decade, and will bring discretionary spending to the lowest share of our economy since Dwight Eisenhower was President.",Fixed-rubric classification from the supplied sentence context.,narration,former_president,AI-classified; not human-validated
7504b925c571c38e207d4f8c,Ronald Reagan,George Washington,/the-presidency/presidential-speeches/january-26-1982-state-union-address,0,1982-01-26 18:00:00,The Cold War,President Washington,legacy/inheritance,neutral,"President Washington began this tradition in 1790 after reminding the Nation that the destiny of self-government and the ""preservation of the sacred fire of liberty"" is ""finally staked on the experiment entrusted to the hands of the American",Fixed-rubric classification from the supplied sentence context.,deliberate_quotation,former_president,AI-classified; not human-validated
cb8453eecd604b4d51dc1de6,Ronald Reagan,George Washington,/the-presidency/presidential-speeches/january-26-1982-state-union-address,0,1982-01-26 18:00:00,The Cold War,George Washington,other/unclear,neutral,""" For our friends in the press, who place a high premium on accuracy, let me say: I did not actually hear George Washington say that.",Fixed-rubric classification from the supplied sentence context.,deliberate_quotation,former_president,AI-classified; not human-validated
6fc4fa6e7dff303ba42eeb73,Ronald Reagan,Dwight D. Eisenhower,/the-presidency/presidential-speeches/january-26-1982-state-union-address,1,1982-01-26 18:00:00,The Cold War,Eisenhower,other/unclear,neutral,Dwight Eisenhower reminded us that peace was purchased only at the price of strength.,Fixed-rubric classification from the supplied sentence context.,narration,former_president,AI-classified; not human-validated
92826028315ca653f6f2daa1,Ronald Reagan,John F. Kennedy,/the-presidency/presidential-speeches/january-26-1982-state-union-address,1,1982-01-26 18:00:00,The Cold War,John F. Kennedy,other/unclear,neutral,And John F.,Fixed-rubric classification from the supplied sentence context.,narration,former_president,AI-classified; not human-validated
d79c28d493344dc8e739bd59,Ronald Reagan,Abraham Lincoln,/the-presidency/presidential-speeches/january-26-1982-state-union-address,51,1982-01-26 18:00:00,The Cold War,Abraham Lincoln,other/unclear,neutral,"""We cannot escape history,"" Abraham Lincoln warned.",Fixed-rubric classification from the supplied sentence context.,deliberate_quotation,former_president,AI-classified; not human-validated
c4b72d55ba858864ef0e7454,Donald Trump,Ronald Reagan,/the-presidency/presidential-speeches/january-26-2018-address-world-economic-forum,22,2018-01-26 19:02:00,The present era,Ronald Reagan,policy inheritance,neutral,"Many people tried, and Ronald Reagan was really the last to make a meaningful cut and reform.",Fixed-rubric classification from the supplied sentence context.,narration,former_president,AI-classified; not human-validated
183702f243468846b1e11a2f,Ronald Reagan,Dwight D. Eisenhower,/the-presidency/presidential-speeches/january-27-1987-state-union-address,2,1987-01-27 18:00:00,The Cold War,President Eisenhower,other/unclear,neutral,I cannot find better words than those used by President Eisenhower that evening.,Fixed-rubric classification from the supplied sentence context.,narration,former_president,AI-classified; not human-validated
1b567579bb77468a5615dbea,Ronald Reagan,James Monroe,/the-presidency/presidential-speeches/january-27-1987-state-union-address,10,1987-01-27 18:00:00,The Cold War,Monroe,policy inheritance,neutral,It began with the Monroe Doctrine in 1823 and continues our historic bipartisan American policy.,Fixed-rubric classification from the supplied sentence context.,narration,former_president,AI-classified; not human-validated
abb6fe4e82f53634c23200ad,Ronald Reagan,Franklin D. Roosevelt,/the-presidency/presidential-speeches/january-27-1987-state-union-address,10,1987-01-27 18:00:00,The Cold War,Franklin Roosevelt,other/unclear,neutral,"Franklin Roosevelt said we ""are determined to do everything possible to maintain peace on this",Fixed-rubric classification from the supplied sentence context.,deliberate_quotation,former_president,AI-classified; not human-validated
a4c23561e976fc7c20e044ea,Ronald Reagan,Harry S. Truman,/the-presidency/presidential-speeches/january-27-1987-state-union-address,10,1987-01-27 18:00:00,The Cold War,President Truman,other/unclear,neutral,""" President Truman was very blunt: ""International communism seeks to crush and undermine and destroy the independence of the Americas.",Fixed-rubric classification from the supplied sentence context.,deliberate_quotation,former_president,AI-classified; not human-validated
3a82c7461ddb51eaed900ac5,Ronald Reagan,John F. Kennedy,/the-presidency/presidential-speeches/january-27-1987-state-union-address,10,1987-01-27 18:00:00,The Cold War,John F. Kennedy,other/unclear,neutral,""" And John F.",Fixed-rubric classification from the supplied sentence context.,narration,former_president,AI-classified; not human-validated
445f6c8c64b7e3d2f879856d,Ronald Reagan,James Madison,/the-presidency/presidential-speeches/january-27-1987-state-union-address,30,1987-01-27 18:00:00,The Cold War,James Madison,other/unclear,neutral,"Well, I can't tell it any better than the real thing - a story recorded by James Madison from the final moments of the Constitutional Convention, September 17th, 1787.",Fixed-rubric classification from the supplied sentence context.,narration,former_president,AI-classified; not human-validated
c4de72e85e861465b3c61788,Ronald Reagan,George Washington,/the-presidency/presidential-speeches/january-27-1987-state-union-address,30,1987-01-27 18:00:00,The Cold War,George Washington,other/unclear,neutral,"As the last few members signed the document, Benjamin Franklin - the oldest delegate at 81 years and in frail health - looked over toward the chair where George Washington daily presided.",Fixed-rubric classification from the supplied sentence context.,narration,former_president,AI-classified; not human-validated
707d1659e7b85575eb89ea25,Bill Clinton,Dwight D. Eisenhower,/the-presidency/presidential-speeches/january-27-1998-state-union-address,36,1998-01-27 18:00:00,Post-Cold War,President Eisenhower,other/unclear,neutral,"This year, four decades after it was first proposed by President Eisenhower, a comprehensive nuclear test ban is within reach.",Fixed-rubric classification from the supplied sentence context.,narration,former_president,AI-classified; not human-validated
c0ba29625f8405bb6eb4bf38,Bill Clinton,Theodore Roosevelt,/the-presidency/presidential-speeches/january-27-2000-state-union-address,7,2000-01-27 18:00:00,Post-Cold War,Theodore Roosevelt,other/unclear,neutral,"At the dawn of the last century, Theodore Roosevelt said, ""The one characteristic more essential than any other is foresight .",Fixed-rubric classification from the supplied sentence context.,deliberate_quotation,former_president,AI-classified; not human-validated
e4e945790c93c735af2f890d,Bill Clinton,Andrew Jackson,/the-presidency/presidential-speeches/january-27-2000-state-union-address,11,2000-01-27 18:00:00,Post-Cold War,Andrew Jackson,other/unclear,neutral,"Now, if we stay on this path, we can pay down the debt entirely in just 13 years now and make America debt-free for the first time since Andrew Jackson was President in 1835.",Fixed-rubric classification from the supplied sentence context.,narration,former_president,AI-classified; not human-validated
4ced6ca4d66a7ab8123e16d2,Barack Obama,Joe Biden,/the-presidency/presidential-speeches/january-27-2010-2010-state-union-address,0,2010-01-27 18:00:00,Post-Cold War,President Biden,institutional precedent,neutral,"Madam Speaker, Vice President Biden, Members of Congress, distinguished guests, and fellow Americans: Our Constitution declares that from time to time, the President shall give to Congress information about the state of our Union.",Fixed-rubric classification from the supplied sentence context.,narration,not_yet_president,AI-classified; not human-validated
0e21710ec99376526abe2b59,Barack Obama,Joe Biden,/the-presidency/presidential-speeches/january-27-2010-2010-state-union-address,33,2010-01-27 18:00:00,Post-Cold War,President Biden,other/unclear,neutral,"That's why last year, I asked Vice President Biden to chair a task force on middle class families.",Fixed-rubric classification from the supplied sentence context.,narration,not_yet_president,AI-classified; not human-validated
184eb8e4278f5ba754fb3875,Barack Obama,John F. Kennedy,/the-presidency/presidential-speeches/january-27-2010-2010-state-union-address,61,2010-01-27 18:00:00,Post-Cold War,John F. Kennedy,legacy/inheritance,neutral,I've embraced the vision of John F.,Fixed-rubric classification from the supplied sentence context.,narration,former_president,AI-classified; not human-validated
8821c8a5e94711eb597855ce,Barack Obama,Ronald Reagan,/the-presidency/presidential-speeches/january-27-2010-2010-state-union-address,61,2010-01-27 18:00:00,Post-Cold War,Ronald Reagan,other/unclear,neutral,Kennedy and Ronald Reagan through a strategy that reverses the spread of these weapons and seeks a world without them.,Fixed-rubric classification from the supplied sentence context.,narration,former_president,AI-classified; not human-validated
3f92fdbc68120bba2421ab85,James Buchanan,John Tyler,/the-presidency/presidential-speeches/january-28-1861-message-resolutions-virginia,0,1861-01-28 15:56:58,Civil War & Reconstruction,President Tyler,other/unclear,neutral,"They were delivered to me on Thursday, the 24th instant, by ex-President Tyler, who has left his dignified and honored retirement in the hope that he may render service to his country in this its hour of peril.",Fixed-rubric classification from the supplied sentence context.,narration,former_president,AI-classified; not human-validated
07287240108a9a1be8fbce78,James Buchanan,John Tyler,/the-presidency/presidential-speeches/january-28-1861-message-resolutions-virginia,1,1861-01-28 15:56:58,Civil War & Reconstruction,John Tyler,historical comparison,neutral,"The general assembly of Virginia have also resolved-- That ex-President John Tyler is hereby appointed, by the concurrent vote of each branch of the general assembly, a commissioner to the President of the United States, and Judge John Robertson is hereby appointed, by a like vote, a commissioner to the State of South Carolina and the other States that have seceded or shall secede, with instructions respectfully to request the President of the United States and the authorities of such States to agree to abstain, pending the proceedings contemplated by the action of this general assembly, from any and all acts calculated to produce a collision of arms between the States and the Government of the United States.",Fixed-rubric classification from the supplied sentence context.,narration,former_president,AI-classified; not human-validated
4b69c0ded0da39b7a889cc4f,George H. W. Bush,Franklin D. Roosevelt,/the-presidency/presidential-speeches/january-28-1992-state-union-address,45,1992-01-28 18:00:00,Post-Cold War,Franklin Roosevelt,policy inheritance,neutral,"But we have to go back to the insight of Franklin Roosevelt who, when he spoke of what became the welfare program, warned that it must not become ""a narcotic"" and a ""subtle destroyer"" of the spirit.",Fixed-rubric classification from the supplied sentence context.,deliberate_quotation,former_president,AI-classified; not human-validated
2ac3d7e145bee899b5a57927,Barack Obama,Joe Biden,/the-presidency/presidential-speeches/january-28-2014-2014-state-union-address,22,2014-01-28 06:00:00,Post-Cold War,President Biden,policy inheritance,positive,"So tonight, I've asked Vice President Biden to lead an across-the-board reform of America's training programs to make sure they have one mission: train Americans with the skills employers need, and match them to good jobs that need to be filled right now.",Fixed-rubric classification from the supplied sentence context.,narration,not_yet_president,AI-classified; not human-validated
202fc090932c7737ea8cc4ae,Barack Obama,Ronald Reagan,/the-presidency/presidential-speeches/january-28-2014-2014-state-union-address,35,2014-01-28 06:00:00,Post-Cold War,Ronald Reagan,other/unclear,neutral,"Today, the federal minimum wage is worth about twenty percent less than it was when Ronald Reagan first stood here.",Fixed-rubric classification from the supplied sentence context.,narration,former_president,AI-classified; not human-validated
c2eb0ca7a7122f52b5ef9c89,Barack Obama,John F. Kennedy,/the-presidency/presidential-speeches/january-28-2014-2014-state-union-address,53,2014-01-28 06:00:00,Post-Cold War,John F. Kennedy,other/unclear,neutral,If John F.,Fixed-rubric classification from the supplied sentence context.,narration,former_president,AI-classified; not human-validated
6e6eb6ff3fdeb2b7b2e155c7,Barack Obama,Ronald Reagan,/the-presidency/presidential-speeches/january-28-2014-2014-state-union-address,53,2014-01-28 06:00:00,Post-Cold War,Ronald Reagan,other/unclear,neutral,"Kennedy and Ronald Reagan could negotiate with the Soviet Union, then surely a strong and confident America can negotiate with less powerful adversaries today.",Fixed-rubric classification from the supplied sentence context.,narration,former_president,AI-classified; not human-validated
66bbf8d682aef0399f76ac49,Ronald Reagan,Jimmy Carter,/the-presidency/presidential-speeches/january-29-1981-first-press-conference,23,1981-01-29 18:00:00,The Cold War,President Carter,other/unclear,neutral,"Do you intend to follow that suggestion, and if so, how would your policies differ from those of former President Carter?",Fixed-rubric classification from the supplied sentence context.,narration,former_president,AI-classified; not human-validated
4683e94c60589a4ab2e15b90,Ronald Reagan,Jimmy Carter,/the-presidency/presidential-speeches/january-29-1981-first-press-conference,26,1981-01-29 18:00:00,The Cold War,President Carter,policy inheritance,neutral,"President, about the draft registration law that was passed during President Carter's administration?",Fixed-rubric classification from the supplied sentence context.,narration,former_president,AI-classified; not human-validated
65daec77dd36dd1f72eccdde,Ronald Reagan,George W. Bush,/the-presidency/presidential-speeches/january-29-1984-address-announcing-his-candidacy-reelection,8,1984-01-29 18:00:00,The Cold War,President Bush,historical comparison,neutral,Vice President Bush and I would like to have your continued support and cooperation in completing what we began three years ago.,Fixed-rubric classification from the supplied sentence context.,narration,not_yet_president,AI-classified; not human-validated
c9dede8709a0167bad01df5a,Barack Obama,George W. Bush,/the-presidency/presidential-speeches/january-29-2013-remarks-immigration-reform,12,2013-01-29 06:00:00,Post-Cold War,George W. Bush,institutional precedent,neutral,"And my hope is that this provides some key markers to members of Congress as they craft a bill, because the ideas I'm proposing have traditionally been supported by both Democrats like Ted Kennedy and Republicans like President George W.",Fixed-rubric classification from the supplied sentence context.,narration,former_president,AI-classified; not human-validated
9b935a4f808c99c685a42cf3,Richard M. Nixon,Thomas Jefferson,/the-presidency/presidential-speeches/january-30-1974-state-union-address,26,1974-01-30 17:00:00,The Cold War,Thomas Jefferson,other/unclear,neutral,Thomas Jefferson once observed that the price of liberty is eternal vigilance.,Fixed-rubric classification from the supplied sentence context.,narration,former_president,AI-classified; not human-validated
1b54e2350fbdeb33002d79ca,Richard M. Nixon,John F. Kennedy,/the-presidency/presidential-speeches/january-30-1974-state-union-address,33,1974-01-30 17:00:00,The Cold War,John F. Kennedy,other/unclear,neutral,It was 27 years ago that John F.,Fixed-rubric classification from the supplied sentence context.,narration,former_president,AI-classified; not human-validated
6e37b87a55e783030c523207,Richard M. Nixon,Harry S. Truman,/the-presidency/presidential-speeches/january-30-1974-state-union-address,33,1974-01-30 17:00:00,The Cold War,Truman,other/unclear,neutral,"Kennedy and I sat in this chamber, as freshmen Congressmen, hearing our first State of the Union address delivered by Harry Truman.",Fixed-rubric classification from the supplied sentence context.,narration,former_president,AI-classified; not human-validated
1d0b93027ba8a41de403a222,Richard M. Nixon,George Washington,/the-presidency/presidential-speeches/january-30-1974-state-union-address,36,1974-01-30 17:00:00,The Cold War,George Washington,institutional precedent,neutral,I will follow the precedent that has been followed by and defended by every President from George Washington to Lyndon B.,Fixed-rubric classification from the supplied sentence context.,narration,former_president,AI-classified; not human-validated
5d28472a955dfb815bfccd15,Richard M. Nixon,Lyndon B. Johnson,/the-presidency/presidential-speeches/january-30-1974-state-union-address,36,1974-01-30 17:00:00,The Cold War,Lyndon B. Johnson,institutional precedent,neutral,I will follow the precedent that has been followed by and defended by every President from George Washington to Lyndon B.,Fixed-rubric classification from the supplied sentence context.,narration,former_president,AI-classified; not human-validated
0aebe3738a66a4d58adfecbe,Donald Trump,George Washington,/the-presidency/presidential-speeches/january-30-2018-state-union-address,60,2018-01-31 02:00:00,The present era,Washington,other/unclear,neutral,Monuments to Washington and Jefferson - to Lincoln and King.,Fixed-rubric classification from the supplied sentence context.,narration,former_president,AI-classified; not human-validated
11a1f61c13cd8e04fc7f4fbb,Donald Trump,Thomas Jefferson,/the-presidency/presidential-speeches/january-30-2018-state-union-address,60,2018-01-31 02:00:00,The present era,Jefferson,other/unclear,neutral,Monuments to Washington and Jefferson - to Lincoln and King.,Fixed-rubric classification from the supplied sentence context.,narration,former_president,AI-classified; not human-validated
172ea7d0eef78bdf5b93477d,Benjamin Harrison,Chester A. Arthur,/the-presidency/presidential-speeches/january-31-1891-message-regarding-death-treasury-secretary,2,1891-01-31 20:41:00,The Gilded Age,President Arthur,policy inheritance,neutral,"President Arthur in that case allowed one of the assistant secretaries, who had been designated to act in the absence of the Secretary, to continue in the discharge of such duties for ten days, then designated the same person to discharge the duties for a further term of ten days, and then made a temporary appointment as Secretary, in order to secure the consideration that he needed in filling this important place.",Fixed-rubric classification from the supplied sentence context.,narration,former_president,AI-classified; not human-validated
4b56f7dfb4adb4710833a690,George H. W. Bush,Harry S. Truman,/the-presidency/presidential-speeches/january-31-1990-state-union-address,28,1990-01-31 18:00:00,Post-Cold War,Truman,institutional precedent,neutral,"Nearly 40 years ago, in his last address to the Congress, President Harry Truman predicted such a time would come.",Fixed-rubric classification from the supplied sentence context.,narration,former_president,AI-classified; not human-validated
f8b0a9b1485931a8163a68c1,George W. Bush,Franklin D. Roosevelt,/the-presidency/presidential-speeches/january-31-2006-state-union-address,22,2006-01-31 18:00:00,Post-Cold War,Roosevelt,other/unclear,neutral,"American leaders - from Roosevelt to Truman to Kennedy to Reagan - rejected isolation and retreat, because they knew that America is always more secure when freedom is on the march.",Fixed-rubric classification from the supplied sentence context.,narration,former_president,AI-classified; not human-validated
fe2fb80d1d16cc9588ae7ab6,George W. Bush,Harry S. Truman,/the-presidency/presidential-speeches/january-31-2006-state-union-address,22,2006-01-31 18:00:00,Post-Cold War,Truman,other/unclear,neutral,"American leaders - from Roosevelt to Truman to Kennedy to Reagan - rejected isolation and retreat, because they knew that America is always more secure when freedom is on the march.",Fixed-rubric classification from the supplied sentence context.,narration,former_president,AI-classified; not human-validated
676cea69393920bf48cc6d82,George W. Bush,Bill Clinton,/the-presidency/presidential-speeches/january-31-2006-state-union-address,28,2006-01-31 18:00:00,Post-Cold War,President Clinton,other/unclear,neutral,"This year, the first of about 78 million baby boomers turn 60, including two of my dad's favorite people - me and President Clinton.",Fixed-rubric classification from the supplied sentence context.,narration,former_president,AI-classified; not human-validated
5acbd570228bd1c0151fb21c,Lyndon B. Johnson,Andrew Jackson,/the-presidency/presidential-speeches/january-4-1965-state-union,4,1965-01-04 18:00:00,The Cold War,Andrew Jackson,legacy/inheritance,positive,"In our relations with the world we shall follow the example of Andrew Jackson who said: ""I intend to ask for nothing that is not clearly right and to submit to nothing that is",Fixed-rubric classification from the supplied sentence context.,deliberate_quotation,former_president,AI-classified; not human-validated
21497b907a6276a0e32a6357,Lyndon B. Johnson,William Taft,/the-presidency/presidential-speeches/january-4-1965-state-union,20,1965-01-04 18:00:00,The Cold War,Taft,policy inheritance,neutral,"And as pledged in our 1960 and 1964 Democratic platforms, I will propose to Congress changes in the Taft-Hartley Act including section 14(b).",Fixed-rubric classification from the supplied sentence context.,narration,former_president,AI-classified; not human-validated
cfe2255db39941d2d0ee9fbc,Lyndon B. Johnson,Thomas Jefferson,/the-presidency/presidential-speeches/january-4-1965-state-union,22,1965-01-04 18:00:00,The Cold War,Thomas Jefferson,other/unclear,neutral,Thomas Jefferson said that no nation can be both ignorant and free.,Fixed-rubric classification from the supplied sentence context.,narration,former_president,AI-classified; not human-validated
2c07a41a0db7d87727d3a630,George H. W. Bush,George Washington,/the-presidency/presidential-speeches/january-5-1993-address-west-point,7,1993-01-05 18:00:00,Post-Cold War,Washington,other/unclear,neutral,"But what was ""entangling"" in Washington's day is now essential.",Fixed-rubric classification from the supplied sentence context.,deliberate_quotation,former_president,AI-classified; not human-validated
f3871d99c0f36a316836cbdc,George H. W. Bush,Ronald Reagan,/the-presidency/presidential-speeches/january-5-1993-address-west-point,22,1993-01-05 18:00:00,Post-Cold War,Ronald Reagan,other/unclear,neutral,"interests abroad was made possible because past Presidents, and I would single out in particular my predecessor, Ronald Reagan, and past Secretaries of Defense sustained a strong military.",Fixed-rubric classification from the supplied sentence context.,narration,former_president,AI-classified; not human-validated
3d488d3330463f87325d6675,Joe Biden,George Washington,/the-presidency/presidential-speeches/january-5-2024-speech-third-anniversary-january-6th-attack,1,2024-01-05 20:00:00,The present era,George Washington,other/unclear,neutral,General George Washington knew he faced the most daunting of tasks: to fight and win a war against the most powerful empire that existed in the world at the time.,Fixed-rubric classification from the supplied sentence context.,narration,former_president,AI-classified; not human-validated
861613edb3bf5ecf53760a46,Joe Biden,George Washington,/the-presidency/presidential-speeches/january-5-2024-speech-third-anniversary-january-6th-attack,3,2024-01-05 20:00:00,The present era,George Washington,other/unclear,neutral,"Their mission, George Washington declared, was nothing less than ""a sacred",Fixed-rubric classification from the supplied sentence context.,deliberate_quotation,former_president,AI-classified; not human-validated
bff97cf25376a077cdbcbe2b,Joe Biden,Donald Trump,/the-presidency/presidential-speeches/january-5-2024-speech-third-anniversary-january-6th-attack,5,2024-01-05 20:00:00,The present era,Donald Trump,contemporary rivalry,neutral,"Donald Trump's campaign is about him, not America, not you.",Fixed-rubric classification from the supplied sentence context.,narration,serving_or_contemporary,AI-classified; not human-validated
5ceb6e7c39449c78d962b83b,Joe Biden,Donald Trump,/the-presidency/presidential-speeches/january-5-2024-speech-third-anniversary-january-6th-attack,5,2024-01-05 20:00:00,The present era,Donald Trump,contemporary rivalry,neutral,"Donald Trump's campaign is obsessed with the past, not the future.",Fixed-rubric classification from the supplied sentence context.,narration,serving_or_contemporary,AI-classified; not human-validated
5f1a67bce348a1b16c08e3bd,Joe Biden,Donald Trump,/the-presidency/presidential-speeches/january-5-2024-speech-third-anniversary-january-6th-attack,7,2024-01-05 20:00:00,The present era,Donald Trump,ceremonial/biographical,neutral,"And because Donald - because of Donald Trump's lies, they died because these lies brought a mob to Washington.",Fixed-rubric classification from the supplied sentence context.,narration,serving_or_contemporary,AI-classified; not human-validated
d72aee9861c6e1f8aa9cc52c,Joe Biden,Donald Trump,/the-presidency/presidential-speeches/january-5-2024-speech-third-anniversary-january-6th-attack,8,2024-01-05 20:00:00,The present era,Donald Trump,institutional precedent,neutral,"As America was attacked from within, Donald Trump watched on TV in the private small dining room off my Oval - off the Oval Office.",Fixed-rubric classification from the supplied sentence context.,narration,serving_or_contemporary,AI-classified; not human-validated
ce8dadf3e459d12f7feb3953,Joe Biden,Donald Trump,/the-presidency/presidential-speeches/january-5-2024-speech-third-anniversary-january-6th-attack,9,2024-01-05 20:00:00,The present era,Trump,other/unclear,neutral,""" And still, Trump did nothing.",Fixed-rubric classification from the supplied sentence context.,deliberate_quotation,serving_or_contemporary,AI-classified; not human-validated
e36a8e65c5af99dbd15da40d,Joe Biden,Donald Trump,/the-presidency/presidential-speeches/january-5-2024-speech-third-anniversary-january-6th-attack,10,2024-01-05 20:00:00,The present era,Trump,other/unclear,neutral,Trump lost the popular vote by 7 million.,Fixed-rubric classification from the supplied sentence context.,narration,serving_or_contemporary,AI-classified; not human-validated
ec97a55de3725b5f8cdb0e5a,Joe Biden,Donald Trump,/the-presidency/presidential-speeches/january-5-2024-speech-third-anniversary-january-6th-attack,10,2024-01-05 20:00:00,The present era,Trump,other/unclear,neutral,Trump's claims about the 2020 election never could stand up in court.,Fixed-rubric classification from the supplied sentence context.,narration,serving_or_contemporary,AI-classified; not human-validated
4294410d9ccfd21ee32fcb60,Joe Biden,Donald Trump,/the-presidency/presidential-speeches/january-5-2024-speech-third-anniversary-january-6th-attack,10,2024-01-05 20:00:00,The present era,Trump,other/unclear,neutral,Trump lost 60 court cases - 60.,Fixed-rubric classification from the supplied sentence context.,narration,serving_or_contemporary,AI-classified; not human-validated
58e3255613a4be28dfb16769,Joe Biden,Donald Trump,/the-presidency/presidential-speeches/january-5-2024-speech-third-anniversary-january-6th-attack,10,2024-01-05 20:00:00,The present era,Trump,contemporary rivalry,neutral,Trump lost the Republican-controlled states.,Fixed-rubric classification from the supplied sentence context.,narration,serving_or_contemporary,AI-classified; not human-validated
17c60d6944349b11300b4069,Joe Biden,Donald Trump,/the-presidency/presidential-speeches/january-5-2024-speech-third-anniversary-january-6th-attack,10,2024-01-05 20:00:00,The present era,Trump,other/unclear,neutral,Trump lost before a Trump-appointed judge - and then judges.,Fixed-rubric classification from the supplied sentence context.,narration,serving_or_contemporary,AI-classified; not human-validated
8acf33a36f97d6dafa6e6eb5,Joe Biden,Donald Trump,/the-presidency/presidential-speeches/january-5-2024-speech-third-anniversary-january-6th-attack,10,2024-01-05 20:00:00,The present era,Trump,other/unclear,neutral,Trump lost before a Trump-appointed judge - and then judges.,Fixed-rubric classification from the supplied sentence context.,narration,serving_or_contemporary,AI-classified; not human-validated
36772b7a6c4b3e6991060e5d,Joe Biden,Donald Trump,/the-presidency/presidential-speeches/january-5-2024-speech-third-anniversary-january-6th-attack,11,2024-01-05 20:00:00,The present era,Trump,other/unclear,neutral,Trump lost recount after recount after recount in state after state.,Fixed-rubric classification from the supplied sentence context.,narration,serving_or_contemporary,AI-classified; not human-validated
fbc8c365a568707f01364ff1,Joe Biden,Donald Trump,/the-presidency/presidential-speeches/january-5-2024-speech-third-anniversary-january-6th-attack,11,2024-01-05 20:00:00,The present era,Trump,other/unclear,negative,"But in desperation and weakness, Trump and his MAGA followers went after election officials who en- - who ensured your power as a citizen would be heard.",Fixed-rubric classification from the supplied sentence context.,narration,serving_or_contemporary,AI-classified; not human-validated
b13340772c140faf1a0b8ebb,Joe Biden,Donald Trump,/the-presidency/presidential-speeches/january-5-2024-speech-third-anniversary-january-6th-attack,11,2024-01-05 20:00:00,The present era,Donald Trump,other/unclear,neutral,"In Atlanta, Georgia, a brave Black mother and her daughter, Ruby Freeman and Shaye Moss, were doing their jobs as elected workers until Donald Trump and his MAGA followers targeted and threatened them, forcing them from their homes and unleashing racist vitriol on them.",Fixed-rubric classification from the supplied sentence context.,narration,serving_or_contemporary,AI-classified; not human-validated
822c76faeda3cd39f4b8a30b,Joe Biden,Donald Trump,/the-presidency/presidential-speeches/january-5-2024-speech-third-anniversary-january-6th-attack,11,2024-01-05 20:00:00,The present era,Trump,other/unclear,neutral,"Trump's personal lawyer, Rudy Giuliani, was just hit with $148 million judgment for cruelty and defamation that he inflicted against them.",Fixed-rubric classification from the supplied sentence context.,narration,serving_or_contemporary,AI-classified; not human-validated
a961be42f3b6db179c879f1b,Joe Biden,Donald Trump,/the-presidency/presidential-speeches/january-5-2024-speech-third-anniversary-january-6th-attack,12,2024-01-05 20:00:00,The present era,Trump,other/unclear,neutral,Trump exhausted every legal avenue available to him to overturn the election - every one.,Fixed-rubric classification from the supplied sentence context.,narration,serving_or_contemporary,AI-classified; not human-validated
a7fad206f446113a1e491f9b,Joe Biden,Donald Trump,/the-presidency/presidential-speeches/january-5-2024-speech-third-anniversary-january-6th-attack,12,2024-01-05 20:00:00,The present era,Trump,other/unclear,neutral,But the legal path just took Trump back to the truth that I had won the election and he was a loser.,Fixed-rubric classification from the supplied sentence context.,narration,serving_or_contemporary,AI-classified; not human-validated
652d1236dc5c108345fa5c3c,Joe Biden,Donald Trump,/the-presidency/presidential-speeches/january-5-2024-speech-third-anniversary-january-6th-attack,14,2024-01-05 20:00:00,The present era,Trump,other/unclear,neutral,And what has Trump done?,Fixed-rubric classification from the supplied sentence context.,narration,serving_or_contemporary,AI-classified; not human-validated
7274c25e661b13624673e94d,Joe Biden,Donald Trump,/the-presidency/presidential-speeches/january-5-2024-speech-third-anniversary-january-6th-attack,14,2024-01-05 20:00:00,The present era,Trump,other/unclear,neutral,"Trump said that there was ""a lot of love"" on January the 6th.",Fixed-rubric classification from the supplied sentence context.,deliberate_quotation,serving_or_contemporary,AI-classified; not human-validated
7a8a83ad9eb6dcf61e2ce753,Joe Biden,Donald Trump,/the-presidency/presidential-speeches/january-5-2024-speech-third-anniversary-january-6th-attack,15,2024-01-05 20:00:00,The present era,Trump,other/unclear,neutral,"In trying to rewrite the facts of January 6th, Trump is trying to steal history the same way he tried to steal the election.",Fixed-rubric classification from the supplied sentence context.,narration,serving_or_contemporary,AI-classified; not human-validated
6d3740c0006d9386eee8b7c8,Joe Biden,Donald Trump,/the-presidency/presidential-speeches/january-5-2024-speech-third-anniversary-january-6th-attack,16,2024-01-05 20:00:00,The present era,Trump,other/unclear,neutral,Trump's mob wasn't a peaceful protest.,Fixed-rubric classification from the supplied sentence context.,narration,serving_or_contemporary,AI-classified; not human-validated
1a96e9f975ee07ff23fa86c3,Joe Biden,Donald Trump,/the-presidency/presidential-speeches/january-5-2024-speech-third-anniversary-january-6th-attack,16,2024-01-05 20:00:00,The present era,Trump,other/unclear,neutral,Trump won't do what an American president must do.,Fixed-rubric classification from the supplied sentence context.,narration,serving_or_contemporary,AI-classified; not human-validated
0015835bba5a532cf2780f1a,Joe Biden,Donald Trump,/the-presidency/presidential-speeches/january-5-2024-speech-third-anniversary-january-6th-attack,16,2024-01-05 20:00:00,The present era,Donald Trump,other/unclear,neutral,I'll say what Donald Trump won't.,Fixed-rubric classification from the supplied sentence context.,narration,serving_or_contemporary,AI-classified; not human-validated
1c4ab6a350799683013511f0,Joe Biden,Donald Trump,/the-presidency/presidential-speeches/january-5-2024-speech-third-anniversary-january-6th-attack,17,2024-01-05 20:00:00,The present era,Trump,other/unclear,neutral,"You know, Trump and his MAGA supporters not only embrace political violence, but they laugh about it.",Fixed-rubric classification from the supplied sentence context.,narration,serving_or_contemporary,AI-classified; not human-validated
f51f96a9cab2b5b0dd2ec208,Joe Biden,Donald Trump,/the-presidency/presidential-speeches/january-5-2024-speech-third-anniversary-january-6th-attack,18,2024-01-05 20:00:00,The present era,Trump,other/unclear,neutral,Trump's assault on democracy isn't just part of his past.,Fixed-rubric classification from the supplied sentence context.,narration,serving_or_contemporary,AI-classified; not human-validated
3288355f1a93ca60906ab599,Joe Biden,Donald Trump,/the-presidency/presidential-speeches/january-5-2024-speech-third-anniversary-january-6th-attack,19,2024-01-05 20:00:00,The present era,Trump,contemporary rivalry,negative,Trump began his 2024 campaign by glorifying the failed violent insurrectionist - insurrection at our - on our Capitol.,Fixed-rubric classification from the supplied sentence context.,narration,serving_or_contemporary,AI-classified; not human-validated
b51e68ed25c7989bc99a646b,Joe Biden,Donald Trump,/the-presidency/presidential-speeches/january-5-2024-speech-third-anniversary-january-6th-attack,19,2024-01-05 20:00:00,The present era,Trump,other/unclear,neutral,"Trump's not concerned about your future, I promise you.",Fixed-rubric classification from the supplied sentence context.,narration,serving_or_contemporary,AI-classified; not human-validated
68f839620bcef394959adf23,Joe Biden,Donald Trump,/the-presidency/presidential-speeches/january-5-2024-speech-third-anniversary-january-6th-attack,19,2024-01-05 20:00:00,The present era,Trump,contemporary rivalry,neutral,"Trump is now promising a full-scale campaign of ""revenge"" and ""retribution"" - his words - for some years to come.",Fixed-rubric classification from the supplied sentence context.,deliberate_quotation,serving_or_contemporary,AI-classified; not human-validated
54872022efd287787baad9e8,Joe Biden,Donald Trump,/the-presidency/presidential-speeches/january-5-2024-speech-third-anniversary-january-6th-attack,21,2024-01-05 20:00:00,The present era,Trump,ceremonial/biographical,neutral,Says he should be put to death because the Chairman put his oath to the Constitution ahead of his personal loyalty to Trump.,Fixed-rubric classification from the supplied sentence context.,narration,serving_or_contemporary,AI-classified; not human-validated
0ebe37d62769d415c213a2b3,Joe Biden,Donald Trump,/the-presidency/presidential-speeches/january-5-2024-speech-third-anniversary-january-6th-attack,22,2024-01-05 20:00:00,The present era,Trump,policy inheritance,neutral,"With former aides, Trump plans to invoke the Ins- - Insurrectionist Act - the Insurrection Act, which would allow him to deploy - which he's not allowed to do in ordinary circumstances - allow him to deploy US military forces on the streets of America.",Fixed-rubric classification from the supplied sentence context.,narration,serving_or_contemporary,AI-classified; not human-validated
7dc8edb80e6039de97a12445,Joe Biden,Donald Trump,/the-presidency/presidential-speeches/january-5-2024-speech-third-anniversary-january-6th-attack,23,2024-01-05 20:00:00,The present era,Trump,other/unclear,neutral,""" There's no confusion about who Trump is and what he intends to do.",Fixed-rubric classification from the supplied sentence context.,deliberate_quotation,serving_or_contemporary,AI-classified; not human-validated
3389d8372dafa5a09016f2c3,Joe Biden,Donald Trump,/the-presidency/presidential-speeches/january-5-2024-speech-third-anniversary-january-6th-attack,25,2024-01-05 20:00:00,The present era,Trump,other/unclear,negative,"And when Trump had seen weakness in our democracy and continues to talk about it, I saw strength - your strength.",Fixed-rubric classification from the supplied sentence context.,narration,serving_or_contemporary,AI-classified; not human-validated
0e5bf11c6c5c0254be1fc518,Joe Biden,Donald Trump,/the-presidency/presidential-speeches/january-5-2024-speech-third-anniversary-january-6th-attack,26,2024-01-05 20:00:00,The present era,Trump,contemporary rivalry,neutral,"As one Republican senator said, ""Trump's behavior was embarrassing and humiliating for the",Fixed-rubric classification from the supplied sentence context.,deliberate_quotation,serving_or_contemporary,AI-classified; not human-validated
bee6d1175e0611f041fd1021,Joe Biden,Donald Trump,/the-presidency/presidential-speeches/january-5-2024-speech-third-anniversary-january-6th-attack,27,2024-01-05 20:00:00,The present era,Trump,other/unclear,neutral,And now these MAGA voices who know the truth about Trump on January 6th have abandoned the truth and abandoned democracy.,Fixed-rubric classification from the supplied sentence context.,narration,serving_or_contemporary,AI-classified; not human-validated
f2b3bdbc04c986e3ac4b86b6,Joe Biden,Donald Trump,/the-presidency/presidential-speeches/january-5-2024-speech-third-anniversary-january-6th-attack,32,2024-01-05 20:00:00,The present era,Trump,other/unclear,neutral,"Look at the authoritarian leaders and dictators Trump says he admires - he, out loud, says he admires.",Fixed-rubric classification from the supplied sentence context.,narration,serving_or_contemporary,AI-classified; not human-validated
86ed893860416440dc40aae7,Joe Biden,Donald Trump,/the-presidency/presidential-speeches/january-5-2024-speech-third-anniversary-january-6th-attack,34,2024-01-05 20:00:00,The present era,Trump,other/unclear,neutral,All-out war is what Trump wants.,Fixed-rubric classification from the supplied sentence context.,narration,serving_or_contemporary,AI-classified; not human-validated
f500f78bcd8598e4e0eeb68c,Joe Biden,Donald Trump,/the-presidency/presidential-speeches/january-5-2024-speech-third-anniversary-january-6th-attack,36,2024-01-05 20:00:00,The present era,Donald Trump,other/unclear,neutral,"But I promise you, I will not let Donald Trump and the MAGA Republicans - - force us to walk away now.",Fixed-rubric classification from the supplied sentence context.,narration,serving_or_contemporary,AI-classified; not human-validated
ccd47635ef33e699423f1189,Joe Biden,Donald Trump,/the-presidency/presidential-speeches/january-5-2024-speech-third-anniversary-january-6th-attack,38,2024-01-05 20:00:00,The present era,Trump,other/unclear,neutral,"Now, in 2024, Trump in running as the ""denier-in-chief"" - the election denier-in-chief.",Fixed-rubric classification from the supplied sentence context.,deliberate_quotation,serving_or_contemporary,AI-classified; not human-validated
a568e1d25a61741c809e333c,Joe Biden,Donald Trump,/the-presidency/presidential-speeches/january-5-2024-speech-third-anniversary-january-6th-attack,38,2024-01-05 20:00:00,The present era,Trump,other/unclear,neutral,Trump says he doesn't understand.,Fixed-rubric classification from the supplied sentence context.,narration,serving_or_contemporary,AI-classified; not human-validated
0c9a3d3d18cd0ac72838834f,Joe Biden,George Washington,/the-presidency/presidential-speeches/january-5-2024-speech-third-anniversary-january-6th-attack,41,2024-01-05 20:00:00,The present era,George Washington,historical comparison,neutral,"On that cold winter of 1777, George Washington and his American troops at Valley Forge waged a battle on behalf of a revolutionary idea that everyday people - like where I come from and the vast majority of you - not a king or a dictator - that everyday people can govern themselves without a king or a dictator.",Fixed-rubric classification from the supplied sentence context.,narration,former_president,AI-classified; not human-validated
8cb46f930f7d48212a61802b,Joe Biden,George Washington,/the-presidency/presidential-speeches/january-5-2024-speech-third-anniversary-january-6th-attack,42,2024-01-05 20:00:00,The present era,George Washington,other/unclear,neutral,"In fact, in the rotunda of the Capitol, there's a giant painting of General George Washington - not President Washington - and he is resigning his commission as Commander-in-Chief of the Continental Army.",Fixed-rubric classification from the supplied sentence context.,narration,former_president,AI-classified; not human-validated
ab8965825fa3fcda4072c6ee,Joe Biden,George Washington,/the-presidency/presidential-speeches/january-5-2024-speech-third-anniversary-january-6th-attack,42,2024-01-05 20:00:00,The present era,President Washington,other/unclear,neutral,"In fact, in the rotunda of the Capitol, there's a giant painting of General George Washington - not President Washington - and he is resigning his commission as Commander-in-Chief of the Continental Army.",Fixed-rubric classification from the supplied sentence context.,narration,former_president,AI-classified; not human-validated
383f96690aa33d20138df3c9,Joe Biden,Donald Trump,/the-presidency/presidential-speeches/january-5-2024-speech-third-anniversary-january-6th-attack,42,2024-01-05 20:00:00,The present era,Trump,other/unclear,positive,""" But instead, the mob that attacked the Capitol, waving Trump flags and Confederate flags, stormed right past that portrait.",Fixed-rubric classification from the supplied sentence context.,deliberate_quotation,serving_or_contemporary,AI-classified; not human-validated
7299b14039f6869b786affaa,Joe Biden,George Washington,/the-presidency/presidential-speeches/january-5-2024-speech-third-anniversary-january-6th-attack,42,2024-01-05 20:00:00,The present era,George Washington,other/unclear,neutral,"That image of George Washington gave them no pause, but it should have.",Fixed-rubric classification from the supplied sentence context.,narration,former_president,AI-classified; not human-validated
c6d22fb283f5cde0073b6b7b,Joe Biden,George Washington,/the-presidency/presidential-speeches/january-5-2024-speech-third-anniversary-january-6th-attack,43,2024-01-05 20:00:00,The present era,George Washington,other/unclear,neutral,George Washington was at the height of his power.,Fixed-rubric classification from the supplied sentence context.,narration,former_president,AI-classified; not human-validated
f61c8132271efc14e7d07d72,Joe Biden,Donald Trump,/the-presidency/presidential-speeches/january-5-2024-speech-third-anniversary-january-6th-attack,47,2024-01-05 20:00:00,The present era,Donald Trump,other/unclear,neutral,We all know who Donald Trump is.,Fixed-rubric classification from the supplied sentence context.,narration,serving_or_contemporary,AI-classified; not human-validated
e8328f0eff57a2496de85b6c,Dwight D. Eisenhower,Herbert Hoover,/the-presidency/presidential-speeches/january-6-1955-state-union-address,71,1955-01-06 23:00:00,The Cold War,Herbert Hoover,other/unclear,positive,"I am sure that these studies, made under the chairmanship of former President Herbert Hoover with the assistance of more than two hundred distinguished citizens, will be of great value in paving the way toward more efficiency and economy in the government.",Fixed-rubric classification from the supplied sentence context.,narration,former_president,AI-classified; not human-validated
92e9159197a7814a27944bcf,Lyndon B. Johnson,John F. Kennedy,/the-presidency/presidential-speeches/january-8-1964-state-union,16,1964-01-08 18:00:00,The Cold War,John Kennedy,policy inheritance,neutral,And we must continue to use that strength as John Kennedy used it in the Cuban crisis and for the test ban treaty - to demonstrate both the futility of nuclear war and the possibilities of lasting peace.,Fixed-rubric classification from the supplied sentence context.,narration,former_president,AI-classified; not human-validated
c96341a1008f8a8a9a112538,Lyndon B. Johnson,John F. Kennedy,/the-presidency/presidential-speeches/january-8-1964-state-union,21,1964-01-08 18:00:00,The Cold War,John Kennedy,other/unclear,positive,"John Kennedy was a victim of hate, but he was also a great builder of faith - faith in our fellow Americans, whatever their creed or their color or their station in life; faith in the future of man, whatever his divisions and differences.",Fixed-rubric classification from the supplied sentence context.,narration,former_president,AI-classified; not human-validated
c7f3f177eb9e5699a993f553,Dwight D. Eisenhower,William McKinley,/the-presidency/presidential-speeches/january-9-1958-state-union-address,37,1958-01-09 17:00:00,The Cold War,President McKinley,other/unclear,neutral,"As President McKinley said, as long ago as 1901: ""Isolation is no longer possible or desirable",Fixed-rubric classification from the supplied sentence context.,deliberate_quotation,former_president,AI-classified; not human-validated
ba3351bc1128693dc7b1dc48,Dwight D. Eisenhower,Herbert Hoover,/the-presidency/presidential-speeches/january-9-1959-state-union-address,25,1959-01-09 17:00:00,The Cold War,President Hoover,other/unclear,neutral,"Such a study would update and supplement, in the light of continuous changes in our society and its economy, the monumental work of the Committee on Recent Social Trends which was appointed in 1931 by President Hoover.",Fixed-rubric classification from the supplied sentence context.,narration,former_president,AI-classified; not human-validated
45395000b2a3c8cfb68bd686,William McKinley,James Monroe,/the-presidency/presidential-speeches/july-12-1900-speech-accepting-republican-nomination,8,1900-07-12 22:42:00,The Gilded Age,Monroe,other/unclear,positive,"In the great conference of nations at The Hague, we reaffirmed before the world the Monroe doctrine and our adherence to it and our determination not to participate in the complications of Europe.",Fixed-rubric classification from the supplied sentence context.,narration,former_president,AI-classified; not human-validated
6e1b4484501fad64e023aaf7,Lyndon B. Johnson,Theodore Roosevelt,/the-presidency/presidential-speeches/july-12-1966-speech-us-foreign-policy-asia,17,1966-07-12 17:00:00,The Cold War,Theodore Roosevelt,other/unclear,positive,"Earlier this year the Foreign Minister of Singapore said that if the nations of the world could learn to build a truly world civilization in the Pacific through cooperation and peaceful competition, then-as our great President Theodore Roosevelt once remarked-this may be the greatest of all human eras-the Pacific era.",Fixed-rubric classification from the supplied sentence context.,narration,former_president,AI-classified; not human-validated
9b7e8d76a0832889ed83640a,Lyndon B. Johnson,John F. Kennedy,/the-presidency/presidential-speeches/july-13-1965-press-conference-east-room,6,1965-07-13 17:00:00,The Cold War,President Kennedy,other/unclear,neutral,President Kennedy appointed him to be an original member of the board of directors of the Communications Satellite Corporation in 1962.,Fixed-rubric classification from the supplied sentence context.,narration,former_president,AI-classified; not human-validated
2cbccf2f3b585d1dac7d106d,Lyndon B. Johnson,Dwight D. Eisenhower,/the-presidency/presidential-speeches/july-13-1965-press-conference-east-room,15,1965-07-13 17:00:00,The Cold War,President Eisenhower,other/unclear,neutral,President Eisenhower made our first commitment there in 1954.,Fixed-rubric classification from the supplied sentence context.,narration,former_president,AI-classified; not human-validated
1ce0bbbb63409ad0986000a6,Lyndon B. Johnson,John F. Kennedy,/the-presidency/presidential-speeches/july-13-1965-press-conference-east-room,15,1965-07-13 17:00:00,The Cold War,President Kennedy,other/unclear,neutral,That was reaffirmed by President Kennedy many times in different ways.,Fixed-rubric classification from the supplied sentence context.,narration,former_president,AI-classified; not human-validated
145216b14d16efd04f9394a3,Lyndon B. Johnson,John F. Kennedy,/the-presidency/presidential-speeches/july-13-1965-press-conference-east-room,41,1965-07-13 17:00:00,The Cold War,President Kennedy,other/unclear,neutral,"President, there are two recently published versions as to how President Kennedy selected you as his vice presidential running mate in 1960, Mr.",Fixed-rubric classification from the supplied sentence context.,narration,former_president,AI-classified; not human-validated
bafd86f1a42713e665a5ae0e,Ulysses S. Grant,Thomas Jefferson,/the-presidency/presidential-speeches/july-14-1870-message-regarding-us-international-relations,5,1870-07-14 17:03:58,Civil War & Reconstruction,Jefferson,policy inheritance,neutral,"In the time of Washington, of the first Adams, of Jefferson, and of Madison the condition of Europe, engaged in the gigantic wars of the French Revolution and of the Empire, produced its series of public questions and gave tone and color to our foreign policy.",Fixed-rubric classification from the supplied sentence context.,narration,former_president,AI-classified; not human-validated
feb0bc79d909567b36b8655d,Ulysses S. Grant,James Monroe,/the-presidency/presidential-speeches/july-14-1870-message-regarding-us-international-relations,6,1870-07-14 17:03:58,Civil War & Reconstruction,Monroe,policy inheritance,neutral,"In the time of Monroe, of the second Adams, and of Jackson, and subsequently thereto, the independence of the Spanish and Portuguese colonies of America produced its series of questions and its apparent modification of our public policy.",Fixed-rubric classification from the supplied sentence context.,narration,former_president,AI-classified; not human-validated
592e323c4930957f741c93ff,Ulysses S. Grant,Thomas Jefferson,/the-presidency/presidential-speeches/july-14-1870-message-regarding-us-international-relations,12,1870-07-14 17:03:58,Civil War & Reconstruction,Jefferson,other/unclear,neutral,It appeared again under Jefferson (anterior to the revolt of the Spanish colonies) in the schemes of Aaron Burr.,Fixed-rubric classification from the supplied sentence context.,narration,former_president,AI-classified; not human-validated
591ef508e47ce7124f92b0ea,Ulysses S. Grant,James Monroe,/the-presidency/presidential-speeches/july-14-1870-message-regarding-us-international-relations,12,1870-07-14 17:03:58,Civil War & Reconstruction,Monroe,policy inheritance,neutral,"It was an ever-present question in the Administrations of Madison, Monroe, and the younger Adams, in reference to the questions of foreign enlistment or equipment in the United States, and when these new Republics entered the family of nations, many of them very feeble, and all too much subject to internal revolution and civil war, a strict adherence to our previous policy and a strict enforcement of our laws became essential to the preservation of friendly relations with them; for since that time it has been one of the principal cares of those intrusted with the administration of the Government to prevent piratical expeditions against these sister Republics from leaving our ports.",Fixed-rubric classification from the supplied sentence context.,narration,former_president,AI-classified; not human-validated
80270f547b108c2e699dbdcf,Ulysses S. Grant,John Quincy Adams,/the-presidency/presidential-speeches/july-14-1870-message-regarding-us-international-relations,15,1870-07-14 17:03:58,Civil War & Reconstruction,John Quincy Adams,other/unclear,neutral,"John Quincy Adams, served as the model for the subsequent treaties with the Spanish American Republics.",Fixed-rubric classification from the supplied sentence context.,narration,former_president,AI-classified; not human-validated
1d87b030ff8a5cc492f47b43,Ulysses S. Grant,John Quincy Adams,/the-presidency/presidential-speeches/july-14-1870-message-regarding-us-international-relations,16,1870-07-14 17:03:58,Civil War & Reconstruction,John Quincy Adams,policy inheritance,neutral,"John Quincy Adams, beyond any other statesman of the time in this country, had the knowledge and experience, both European and American, the comprehension of thought and purpose, and the moral convictions which peculiarly fitted him to introduce our country into this new field and to lay the foundation of an American policy.",Fixed-rubric classification from the supplied sentence context.,narration,former_president,AI-classified; not human-validated
f57ee1f39526c5f204674c5b,Ulysses S. Grant,James Monroe,/the-presidency/presidential-speeches/july-14-1870-message-regarding-us-international-relations,16,1870-07-14 17:03:58,Civil War & Reconstruction,Monroe,institutional precedent,neutral,"The declaration known as the Monroe doctrine, and the objects and purposes of the congress of Panama, both supposed to have been largely inspired by Mr.",Fixed-rubric classification from the supplied sentence context.,narration,former_president,AI-classified; not human-validated
051aa265a0fc2537912c2f71,Ulysses S. Grant,John Quincy Adams,/the-presidency/presidential-speeches/july-14-1870-message-regarding-us-international-relations,16,1870-07-14 17:03:58,Civil War & Reconstruction,Mr. Adams,institutional precedent,neutral,"The declaration known as the Monroe doctrine, and the objects and purposes of the congress of Panama, both supposed to have been largely inspired by Mr.",Fixed-rubric classification from the supplied sentence context.,narration,former_president,AI-classified; not human-validated
927048816fbb408745ab9691,Ulysses S. Grant,James Monroe,/the-presidency/presidential-speeches/july-14-1870-message-regarding-us-international-relations,17,1870-07-14 17:03:58,Civil War & Reconstruction,Monroe,other/unclear,negative,"Monroe, in his annual message of December, 1823, declared that the United States would consider any attempt to extend the European system to any portion of this hemisphere as dangerous to our peace and safety.",Fixed-rubric classification from the supplied sentence context.,narration,former_president,AI-classified; not human-validated
dc91b7c654130ee8f2397b8b,Ulysses S. Grant,James Monroe,/the-presidency/presidential-speeches/july-14-1870-message-regarding-us-international-relations,20,1870-07-14 17:03:58,Civil War & Reconstruction,Mr. Monroe,other/unclear,neutral,"In the military objects the United States could take no part; and, indeed, the necessity for such objects ceased when the full effects of Mr.",Fixed-rubric classification from the supplied sentence context.,narration,former_president,AI-classified; not human-validated
1aa5841c0928eeac5e3f95d9,Ulysses S. Grant,John Quincy Adams,/the-presidency/presidential-speeches/july-14-1870-message-regarding-us-international-relations,21,1870-07-14 17:03:58,Civil War & Reconstruction,Mr. Adams,other/unclear,neutral,Clay and Mr.,Fixed-rubric classification from the supplied sentence context.,narration,former_president,AI-classified; not human-validated
bfccdeeb1884097d50438956,Joe Biden,Donald Trump,/the-presidency/presidential-speeches/july-14-2024-remarks-after-attempted-assassination-former,0,2024-07-15 00:00:00,The present era,Donald Trump,other/unclear,neutral,"Yesterday's shooting at Donald Trump's rally in Pennsylvania calls on all of us to take a step back, take stock of where we are, how we go forward from here.",Fixed-rubric classification from the supplied sentence context.,narration,serving_or_contemporary,AI-classified; not human-validated
b4711dec1ad30a420ba1eac3,Joe Biden,Donald Trump,/the-presidency/presidential-speeches/july-14-2024-remarks-after-attempted-assassination-former,1,2024-07-15 00:00:00,The present era,Trump,other/unclear,neutral,"Thankfully, former [President] Trump is not seriously injured.",Fixed-rubric classification from the supplied sentence context.,narration,serving_or_contemporary,AI-classified; not human-validated
b1a474cb026cccc185b0f3d3,Joe Biden,Donald Trump,/the-presidency/presidential-speeches/july-14-2024-remarks-after-attempted-assassination-former,3,2024-07-15 00:00:00,The present era,Donald Trump,institutional precedent,neutral,"Violence has never been the answer, whether it's with members of Congress in both parties being targeted in the shot, or a violent mob attacking the Capitol on January 6th, or a brutal attack on the spouse of former Speaker of the House Nancy Pelosi, or information and intimidation on election officials, or the kidnapping plot against a sitting governor, or an attempted assassination on Donald Trump.",Fixed-rubric classification from the supplied sentence context.,narration,serving_or_contemporary,AI-classified; not human-validated
0bea5453cf3f74881e6227db,Harry S. Truman,Franklin D. Roosevelt,/the-presidency/presidential-speeches/july-15-1948-democratic-national-convention,3,1948-07-15 18:00:00,The Cold War,Franklin D. Roosevelt,other/unclear,neutral,"That's labor, and labor never had but one friend in politics, and that is the Democratic Party and Franklin D.",Fixed-rubric classification from the supplied sentence context.,narration,former_president,AI-classified; not human-validated
a5fb9153620fcc185351d4e9,Harry S. Truman,Woodrow Wilson,/the-presidency/presidential-speeches/july-15-1948-democratic-national-convention,4,1948-07-15 18:00:00,The Cold War,Woodrow Wilson,other/unclear,positive,"We have been the backers and the people who organized and started the United Nations, first started under that great Democratic President, Woodrow Wilson, as the League of Nations.",Fixed-rubric classification from the supplied sentence context.,narration,former_president,AI-classified; not human-validated
4d59603306de7d2cb803b981,Harry S. Truman,William Taft,/the-presidency/presidential-speeches/july-15-1948-democratic-national-convention,8,1948-07-15 18:00:00,The Cold War,Taft,other/unclear,neutral,"Way back 4 1/2 years ago, while I was in the Senate, we passed a housing bill in the Senate known as the Wagner-Ellender-Taft bill.",Fixed-rubric classification from the supplied sentence context.,narration,former_president,AI-classified; not human-validated
46306608988ff5ec600c8876,Harry S. Truman,William Taft,/the-presidency/presidential-speeches/july-15-1948-democratic-national-convention,9,1948-07-15 18:00:00,The Cold War,Taft,institutional precedent,neutral,That bill was reintroduced in the 80th Congress as the Taft-Ellender-Wagner bill.,Fixed-rubric classification from the supplied sentence context.,narration,former_president,AI-classified; not human-validated
466f74a2c7046760187f59c0,Harry S. Truman,William Taft,/the-presidency/presidential-speeches/july-15-1948-democratic-national-convention,10,1948-07-15 18:00:00,The Cold War,Taft,policy inheritance,neutral,"In the field of labor we needed moderate legislation to promote labor-management harmony, but Congress passed instead that so-called Taft-Hartley Act, which has disrupted labor-management relations and will cause strife and bitterness for years to come if it is not repealed, as the Democratic platform says it ought to be repealed.",Fixed-rubric classification from the supplied sentence context.,narration,former_president,AI-classified; not human-validated
f61a70153d5706d520e3a884,Harry S. Truman,Franklin D. Roosevelt,/the-presidency/presidential-speeches/july-15-1948-democratic-national-convention,19,1948-07-15 18:00:00,The Cold War,Franklin D. Roosevelt,other/unclear,neutral,"The battle cry is just the same now as it was in 1932, and I paraphrase the words of Franklin D.",Fixed-rubric classification from the supplied sentence context.,narration,former_president,AI-classified; not human-validated
0f781dafac38e699375ae72d,John F. Kennedy,Lyndon B. Johnson,/the-presidency/presidential-speeches/july-15-1960-acceptance-democratic-party-nomination,1,1960-07-15 17:00:00,The Cold War,Lyndon Johnson,other/unclear,positive,"And I am grateful, finally, that I can rely in the coming months on so many others - on a distinguished running mate who brings unity to our ticket and strength to our Platform, Lyndon Johnson - on one of the most articulate statesmen of our time, Adlai Stevenson - on a great spokesman for our needs as a Nation and a people, Stuart Symington - and on that fighting campaigner whose support I welcome, President Harry S.",Fixed-rubric classification from the supplied sentence context.,narration,not_yet_president,AI-classified; not human-validated
86d9413af76de8a22d30c167,John F. Kennedy,Harry S. Truman,/the-presidency/presidential-speeches/july-15-1960-acceptance-democratic-party-nomination,2,1960-07-15 17:00:00,The Cold War,Truman,other/unclear,neutral,"Truman - on my traveling companion in Wisconsin and West Virginia, Senator Hubert Humphrey.",Fixed-rubric classification from the supplied sentence context.,narration,former_president,AI-classified; not human-validated
f9062b15b7d679f43eedc917,John F. Kennedy,Abraham Lincoln,/the-presidency/presidential-speeches/july-15-1960-acceptance-democratic-party-nomination,4,1960-07-15 17:00:00,The Cold War,Abraham Lincoln,other/unclear,neutral,We know they will invoke the name of Abraham Lincoln on behalf of their candidate - despite the fact that the political career of their candidate has often served to show charity toward none and malice toward for all.,Fixed-rubric classification from the supplied sentence context.,narration,former_president,AI-classified; not human-validated
3f7231dd240d75bc25088821,John F. Kennedy,Richard M. Nixon,/the-presidency/presidential-speeches/july-15-1960-acceptance-democratic-party-nomination,4,1960-07-15 17:00:00,The Cold War,Mr. Nixon,other/unclear,neutral,Mr.,Fixed-rubric classification from the supplied sentence context.,narration,serving_or_contemporary,AI-classified; not human-validated
3299d1890904a0e579af133c,John F. Kennedy,Dwight D. Eisenhower,/the-presidency/presidential-speeches/july-15-1960-acceptance-democratic-party-nomination,5,1960-07-15 17:00:00,The Cold War,President Eisenhower,other/unclear,neutral,"That ""someone"" may be the millions of Americans who voted for President Eisenhower but balk at his would-be, self-appointed successor.",Fixed-rubric classification from the supplied sentence context.,deliberate_quotation,serving_or_contemporary,AI-classified; not human-validated
d4b7ecfc5ca84f8ded03ef3c,John F. Kennedy,Richard M. Nixon,/the-presidency/presidential-speeches/july-15-1960-acceptance-democratic-party-nomination,5,1960-07-15 17:00:00,The Cold War,Richard Nixon,legacy/inheritance,neutral,For just as historians tell us that Richard I was not fit to fill the shoes of bold Henry II - and that Richard Cromwell was not fit to wear the mantle of his uncle - they might add in future years that Richard Nixon did not measure to the footsteps of Dwight D.,Fixed-rubric classification from the supplied sentence context.,narration,serving_or_contemporary,AI-classified; not human-validated
6d6290697da958f796ba1f4b,John F. Kennedy,Dwight D. Eisenhower,/the-presidency/presidential-speeches/july-15-1960-acceptance-democratic-party-nomination,5,1960-07-15 17:00:00,The Cold War,Dwight D. Eisenhower,legacy/inheritance,neutral,For just as historians tell us that Richard I was not fit to fill the shoes of bold Henry II - and that Richard Cromwell was not fit to wear the mantle of his uncle - they might add in future years that Richard Nixon did not measure to the footsteps of Dwight D.,Fixed-rubric classification from the supplied sentence context.,narration,serving_or_contemporary,AI-classified; not human-validated
0d6c8e165cd6a56abba56f7d,John F. Kennedy,Richard M. Nixon,/the-presidency/presidential-speeches/july-15-1960-acceptance-democratic-party-nomination,5,1960-07-15 17:00:00,The Cold War,Nixon,contemporary rivalry,neutral,"Perhaps he could carry on the party policies - the policies of Nixon, Benson, Dirksen and Goldwater.",Fixed-rubric classification from the supplied sentence context.,narration,serving_or_contemporary,AI-classified; not human-validated
40c4bf8c30e7e25b07c77799,John F. Kennedy,Calvin Coolidge,/the-presidency/presidential-speeches/july-15-1960-acceptance-democratic-party-nomination,5,1960-07-15 17:00:00,The Cold War,Coolidge,other/unclear,neutral,Perhaps we could better afford a Coolidge following Harding.,Fixed-rubric classification from the supplied sentence context.,narration,former_president,AI-classified; not human-validated
da2377b58a883c630cf0830d,John F. Kennedy,Warren G. Harding,/the-presidency/presidential-speeches/july-15-1960-acceptance-democratic-party-nomination,5,1960-07-15 17:00:00,The Cold War,Harding,other/unclear,neutral,Perhaps we could better afford a Coolidge following Harding.,Fixed-rubric classification from the supplied sentence context.,narration,former_president,AI-classified; not human-validated
07bd50c3731b362265f16660,John F. Kennedy,Millard Fillmore,/the-presidency/presidential-speeches/july-15-1960-acceptance-democratic-party-nomination,5,1960-07-15 17:00:00,The Cold War,Fillmore,other/unclear,neutral,And perhaps we could afford a Pierce following Fillmore.,Fixed-rubric classification from the supplied sentence context.,narration,former_president,AI-classified; not human-validated
21ffb0cb87b51e2865901604,John F. Kennedy,James Buchanan,/the-presidency/presidential-speeches/july-15-1960-acceptance-democratic-party-nomination,5,1960-07-15 17:00:00,The Cold War,Buchanan,other/unclear,neutral,"But after Buchanan, this nation needed a Lincoln - after Taft, we needed a Wilson - after Hoover we needed Franklin Roosevelt .",Fixed-rubric classification from the supplied sentence context.,narration,former_president,AI-classified; not human-validated
90f73e23f15d4c7f48d48071,John F. Kennedy,William Taft,/the-presidency/presidential-speeches/july-15-1960-acceptance-democratic-party-nomination,5,1960-07-15 17:00:00,The Cold War,Taft,other/unclear,neutral,"But after Buchanan, this nation needed a Lincoln - after Taft, we needed a Wilson - after Hoover we needed Franklin Roosevelt .",Fixed-rubric classification from the supplied sentence context.,narration,former_president,AI-classified; not human-validated
c34de1074027c1c244cab5da,John F. Kennedy,Herbert Hoover,/the-presidency/presidential-speeches/july-15-1960-acceptance-democratic-party-nomination,5,1960-07-15 17:00:00,The Cold War,Hoover,other/unclear,neutral,"But after Buchanan, this nation needed a Lincoln - after Taft, we needed a Wilson - after Hoover we needed Franklin Roosevelt .",Fixed-rubric classification from the supplied sentence context.,narration,former_president,AI-classified; not human-validated
5b57382d1b426f90fae75679,John F. Kennedy,Franklin D. Roosevelt,/the-presidency/presidential-speeches/july-15-1960-acceptance-democratic-party-nomination,5,1960-07-15 17:00:00,The Cold War,Franklin Roosevelt,other/unclear,neutral,"But after Buchanan, this nation needed a Lincoln - after Taft, we needed a Wilson - after Hoover we needed Franklin Roosevelt .",Fixed-rubric classification from the supplied sentence context.,narration,former_president,AI-classified; not human-validated
4496737ebc0e4ce449318f26,John F. Kennedy,Richard M. Nixon,/the-presidency/presidential-speeches/july-15-1960-acceptance-democratic-party-nomination,6,1960-07-15 17:00:00,The Cold War,Mr. Nixon,other/unclear,neutral,But we are not merely running against Mr.,Fixed-rubric classification from the supplied sentence context.,narration,serving_or_contemporary,AI-classified; not human-validated
aec03c5b0513d7b5ee7fcfff,John F. Kennedy,William McKinley,/the-presidency/presidential-speeches/july-15-1960-acceptance-democratic-party-nomination,11,1960-07-15 17:00:00,The Cold War,McKinley,other/unclear,neutral,But his approach is as old as McKinley.,Fixed-rubric classification from the supplied sentence context.,narration,former_president,AI-classified; not human-validated
243974ef29649524e66a6b22,John F. Kennedy,Woodrow Wilson,/the-presidency/presidential-speeches/july-15-1960-acceptance-democratic-party-nomination,13,1960-07-15 17:00:00,The Cold War,Woodrow Wilson,other/unclear,neutral,Woodrow Wilson's New Freedom promised our nation a new political and economic framework.,Fixed-rubric classification from the supplied sentence context.,narration,former_president,AI-classified; not human-validated
23e7ef78132845106a7d8242,John F. Kennedy,Franklin D. Roosevelt,/the-presidency/presidential-speeches/july-15-1960-acceptance-democratic-party-nomination,13,1960-07-15 17:00:00,The Cold War,Franklin Roosevelt,other/unclear,neutral,Franklin Roosevelt's New Deal promised security and succor to those in need.,Fixed-rubric classification from the supplied sentence context.,narration,former_president,AI-classified; not human-validated
5256db7bfe3d28c3b4858963,Jimmy Carter,John F. Kennedy,/the-presidency/presidential-speeches/july-15-1979-crisis-confidence-speech,17,1979-07-15 17:00:00,The Cold War,John Kennedy,other/unclear,neutral,"We were sure that ours was a nation of the ballot, not the bullet, until the murders of John Kennedy and Robert Kennedy and Martin Luther King, Jr.",Fixed-rubric classification from the supplied sentence context.,narration,former_president,AI-classified; not human-validated
e0cee1e1ad3f4b8729592a77,Ronald Reagan,George H. W. Bush,/the-presidency/presidential-speeches/july-17-1980-republican-national-convention,0,1980-07-17 18:00:00,The Cold War,George Bush,other/unclear,neutral,And I thank you for your wholehearted response to my recommendation in regard to George Bush as a candidate for vice president.,Fixed-rubric classification from the supplied sentence context.,narration,not_yet_president,AI-classified; not human-validated
834b74820e8d312b11bd2f30,Ronald Reagan,Jimmy Carter,/the-presidency/presidential-speeches/july-17-1980-republican-national-convention,5,1980-07-17 18:00:00,The Cold War,Mr. Carter,other/unclear,neutral,"But, back in 1976, Mr.",Fixed-rubric classification from the supplied sentence context.,narration,serving_or_contemporary,AI-classified; not human-validated
11fdcdf01d4e82a450e876ba,Ronald Reagan,Jimmy Carter,/the-presidency/presidential-speeches/july-17-1980-republican-national-convention,5,1980-07-17 18:00:00,The Cold War,Mr. Carter,other/unclear,positive,"And, today, a great many who trusted Mr.",Fixed-rubric classification from the supplied sentence context.,narration,serving_or_contemporary,AI-classified; not human-validated
b515c895545f4f65b02c27eb,Ronald Reagan,Abraham Lincoln,/the-presidency/presidential-speeches/july-17-1980-republican-national-convention,8,1980-07-17 18:00:00,The Cold War,Abraham Lincoln,other/unclear,neutral,"Four score and seven years later, Abraham Lincoln called upon the people of all America to renew their dedication and their commitment to a government of, for and by the people.",Fixed-rubric classification from the supplied sentence context.,narration,former_president,AI-classified; not human-validated
6b435c3b2d2d7ffe9c89824f,Ronald Reagan,Abraham Lincoln,/the-presidency/presidential-speeches/july-17-1980-republican-national-convention,11,1980-07-17 18:00:00,The Cold War,Mr. Lincoln,other/unclear,neutral,""" If Mr.",Fixed-rubric classification from the supplied sentence context.,narration,former_president,AI-classified; not human-validated
0de56119034613e4b3ded517,Ronald Reagan,Jimmy Carter,/the-presidency/presidential-speeches/july-17-1980-republican-national-convention,12,1980-07-17 18:00:00,The Cold War,Mr. Carter,other/unclear,neutral,We do not have inflation because -- as Mr.,Fixed-rubric classification from the supplied sentence context.,narration,serving_or_contemporary,AI-classified; not human-validated
f0496bf4824fc23f4c1450a1,Ronald Reagan,Jimmy Carter,/the-presidency/presidential-speeches/july-17-1980-republican-national-convention,34,1980-07-17 18:00:00,The Cold War,Mr. Carter,legacy/inheritance,neutral,"For example, Mr.",Fixed-rubric classification from the supplied sentence context.,narration,serving_or_contemporary,AI-classified; not human-validated
f196f7ac04d40ec257efa8d2,George W. Bush,Harry S. Truman,/the-presidency/presidential-speeches/july-17-2004-remarks-national-security-and-war-effort,5,2004-07-17 16:15:00,Post-Cold War,President Truman,other/unclear,neutral,President Truman considered George C.,Fixed-rubric classification from the supplied sentence context.,narration,former_president,AI-classified; not human-validated
2bebd88996dc9888d6c146cd,Andrew Johnson,Andrew Jackson,/the-presidency/presidential-speeches/july-18-1868-message-proposing-constitutional-amendments,2,1868-07-18 16:40:58,Civil War & Reconstruction,President Jackson,institutional precedent,positive,"The importance of so amending this clause as to secure to the people the election of President and Vice-President by their direct votes was urged with great earnestness and ability by President Jackson in his first annual message, and the recommendation was repeated in five of his subsequent communications to Congress, extending through the eight years of his Administration.",Fixed-rubric classification from the supplied sentence context.,narration,former_president,AI-classified; not human-validated
eb63f8074fed04bcf5be8f91,Andrew Johnson,Andrew Jackson,/the-presidency/presidential-speeches/july-18-1868-message-proposing-constitutional-amendments,4,1868-07-18 16:40:58,Civil War & Reconstruction,President Jackson,institutional precedent,negative,"But if President Jackson failed to secure the amendment to the Constitution which he urged so persistently, his arguments contributed largely to the formation of party organizations, which have effectually avoided the contingency of an election by the House of Representatives.",Fixed-rubric classification from the supplied sentence context.,narration,former_president,AI-classified; not human-validated
74c54a3ddf5a180b1a5b9366,Andrew Johnson,Andrew Jackson,/the-presidency/presidential-speeches/july-18-1868-message-proposing-constitutional-amendments,6,1868-07-18 16:40:58,Civil War & Reconstruction,President Jackson,institutional precedent,neutral,"Strongly impressed with the truth of these views, I feel called upon by an imperative sense of duty to revive substantially the recommendation so often and so earnestly made by President Jackson, and to urge that the amendment to the Constitution herewith presented, or some similar proposition, may be submitted to the people for their ratification or rejection.",Fixed-rubric classification from the supplied sentence context.,narration,former_president,AI-classified; not human-validated
3d45de55f321f78b6b130634,Franklin D. Roosevelt,Abraham Lincoln,/the-presidency/presidential-speeches/july-19-1940-democratic-national-convention,21,1940-07-19 18:00:00,War & New Deal,Lincoln,other/unclear,neutral,Democracy can thrive only when it enlists the devotion of those whom Lincoln called the common people.,Fixed-rubric classification from the supplied sentence context.,narration,former_president,AI-classified; not human-validated
d0ffe8b1b9b3a6f9c62e7997,Bill Clinton,Thomas Jefferson,/the-presidency/presidential-speeches/july-19-1995-address-affirmative-action,4,1995-07-19 18:00:00,Post-Cold War,Thomas Jefferson,other/unclear,neutral,"No wonder Thomas Jefferson, reflecting on slavery, said he trembled to think God is just.",Fixed-rubric classification from the supplied sentence context.,narration,former_president,AI-classified; not human-validated
eb292961cdf6f434598e1829,Bill Clinton,John F. Kennedy,/the-presidency/presidential-speeches/july-19-1995-address-affirmative-action,5,1995-07-19 18:00:00,Post-Cold War,President Kennedy,other/unclear,neutral,That was the summer that President Kennedy ordered Alabama National Guardsmen to enforce a court order to allow two young blacks to enter the University of Alabama.,Fixed-rubric classification from the supplied sentence context.,narration,former_president,AI-classified; not human-validated
80460a1162c438568bd4c964,Bill Clinton,Dwight D. Eisenhower,/the-presidency/presidential-speeches/july-19-1995-address-affirmative-action,7,1995-07-19 18:00:00,Post-Cold War,President Eisenhower,other/unclear,neutral,""" I graduated from a segregated high school 7 years after President Eisenhower integrated Little Rock Central High School.",Fixed-rubric classification from the supplied sentence context.,deliberate_quotation,former_president,AI-classified; not human-validated
9a8e4311be400ffe2b36215c,Bill Clinton,John F. Kennedy,/the-presidency/presidential-speeches/july-19-1995-address-affirmative-action,8,1995-07-19 18:00:00,Post-Cold War,President Kennedy,policy inheritance,neutral,"And when President Kennedy barely carried my home State in 1960, the poll tax system was still alive and well there.",Fixed-rubric classification from the supplied sentence context.,narration,former_president,AI-classified; not human-validated
46f34aaab15925aab606e7a6,Bill Clinton,Richard M. Nixon,/the-presidency/presidential-speeches/july-19-1995-address-affirmative-action,35,1995-07-19 18:00:00,Post-Cold War,President Nixon,other/unclear,neutral,"Since President Nixon was here in my job, America has used goals and timetables to preserve opportunity and to prevent discrimination, to urge businesses to set higher expectations for themselves and to realize those expectations.",Fixed-rubric classification from the supplied sentence context.,narration,former_president,AI-classified; not human-validated
14e8f23c72b7f7afd2061275,Bill Clinton,Abraham Lincoln,/the-presidency/presidential-speeches/july-19-1995-address-affirmative-action,44,1995-07-19 18:00:00,Post-Cold War,President Lincoln,other/unclear,neutral,"President Lincoln said, ""We cannot escape our",Fixed-rubric classification from the supplied sentence context.,deliberate_quotation,former_president,AI-classified; not human-validated
9784586c8775db2319356eaf,Thomas Jefferson,James Madison,/the-presidency/presidential-speeches/july-2-1807-proclamation-response-chesapeake-affair,8,1807-07-02 17:59:58,The founding,JAMES MADISON,other/unclear,neutral,"By the President: JAMES MADISON, Secretary of State.",Fixed-rubric classification from the supplied sentence context.,narration,not_yet_president,AI-classified; not human-validated
984e198e754104e573e7c005,Herbert Hoover,Calvin Coolidge,/the-presidency/presidential-speeches/july-24-1929-address-kellogg-briand-pact,4,1929-07-24 15:28:00,Progressives & Depression,President Coolidge,institutional precedent,positive,We are honored here by the presence of President Coolidge under whose administration this great step in world peace was initiated.,Fixed-rubric classification from the supplied sentence context.,narration,former_president,AI-classified; not human-validated
926b0e2e0f944fd3860da32a,Herbert Hoover,Calvin Coolidge,/the-presidency/presidential-speeches/july-24-1929-remarks-upon-proclaiming-treaty-renunciation-war,7,1929-07-24 17:00:00,Progressives & Depression,President Coolidge,institutional precedent,positive,We are honored here by the presence of President Coolidge under whose administration this great step in world peace was initiated.,Fixed-rubric classification from the supplied sentence context.,narration,former_president,AI-classified; not human-validated
e60ccfb6f9583992f0e7b96d,Franklin D. Roosevelt,Andrew Jackson,/the-presidency/presidential-speeches/july-24-1933-fireside-chat-3-national-recovery-administration,20,1933-07-24 17:00:00,War & New Deal,Andrew Jackson,ceremonial/biographical,neutral,"When Andrew Jackson, ""Old Hickory,"" died, someone asked, ""Will he go to",Fixed-rubric classification from the supplied sentence context.,deliberate_quotation,former_president,AI-classified; not human-validated
75f095452553595713161d1e,Lyndon B. Johnson,Herbert Hoover,/the-presidency/presidential-speeches/july-24-1964-press-conference-state-department,46,1964-07-24 17:00:00,The Cold War,Mr. Hoover,other/unclear,neutral,We have Mr.,Fixed-rubric classification from the supplied sentence context.,narration,former_president,AI-classified; not human-validated
84816b1849b72f6661f282cc,Donald Trump,George Washington,/the-presidency/presidential-speeches/july-24-2018-speech-veterans-foreign-wars-national-convention,20,2018-07-24 17:00:00,The present era,George Washington,other/unclear,neutral,"That is why we remember George Washington's advice, that the best way to preserve the peace is to be prepared for war.",Fixed-rubric classification from the supplied sentence context.,narration,former_president,AI-classified; not human-validated
513dc5f877d74febe45f4921,Joe Biden,Thomas Jefferson,/the-presidency/presidential-speeches/july-24-2024-statement-american-people,0,2024-07-25 00:00:00,The present era,Thomas Jefferson,other/unclear,neutral,"Thomas Jefferson, who wrote the immortal words that guide this nation.",Fixed-rubric classification from the supplied sentence context.,narration,former_president,AI-classified; not human-validated
091e2f2eede425db67ef5714,Joe Biden,George Washington,/the-presidency/presidential-speeches/july-24-2024-statement-american-people,0,2024-07-25 00:00:00,The present era,George Washington,other/unclear,neutral,"George Washington, who showed us presidents are not kings.",Fixed-rubric classification from the supplied sentence context.,narration,former_president,AI-classified; not human-validated
7e0b1f2dd648832fd7e8c591,Joe Biden,Abraham Lincoln,/the-presidency/presidential-speeches/july-24-2024-statement-american-people,0,2024-07-25 00:00:00,The present era,Abraham Lincoln,other/unclear,neutral,"Abraham Lincoln, who implored us to reject malice.",Fixed-rubric classification from the supplied sentence context.,narration,former_president,AI-classified; not human-validated
b8a2d60804632a902460b493,Joe Biden,Franklin D. Roosevelt,/the-presidency/presidential-speeches/july-24-2024-statement-american-people,0,2024-07-25 00:00:00,The present era,Franklin Roosevelt,other/unclear,neutral,"Franklin Roosevelt, who inspired us to reject fear.",Fixed-rubric classification from the supplied sentence context.,narration,former_president,AI-classified; not human-validated
559fded08ff5a7765742fe78,John F. Kennedy,Dwight D. Eisenhower,/the-presidency/presidential-speeches/july-26-1963-address-nuclear-test-ban-treaty,4,1963-07-26 17:00:00,The Cold War,President Eisenhower,other/unclear,neutral,"Prime Minister Macmillan joined with President Eisenhower in proposing a limited test ban in 1959, and again with me in 1961 and 1962.",Fixed-rubric classification from the supplied sentence context.,narration,former_president,AI-classified; not human-validated
298d002ba200929966b2a80c,Lyndon B. Johnson,Dwight D. Eisenhower,/the-presidency/presidential-speeches/july-28-1965-press-conference,6,1965-07-28 17:00:00,The Cold War,President Eisenhower,other/unclear,neutral,"Three Presidents--President Eisenhower, President Kennedy, and your present President--over 11 years have committed themselves and have promised to help defend this small and valiant nation.",Fixed-rubric classification from the supplied sentence context.,narration,former_president,AI-classified; not human-validated
7680d9ec479ad836910d0628,Lyndon B. Johnson,John F. Kennedy,/the-presidency/presidential-speeches/july-28-1965-press-conference,6,1965-07-28 17:00:00,The Cold War,President Kennedy,other/unclear,neutral,"Three Presidents--President Eisenhower, President Kennedy, and your present President--over 11 years have committed themselves and have promised to help defend this small and valiant nation.",Fixed-rubric classification from the supplied sentence context.,narration,former_president,AI-classified; not human-validated
a94457fe3ff1243b7a95a542,Calvin Coolidge,George Washington,/the-presidency/presidential-speeches/july-3-1925-centennial-washingtons-command-continental-army,0,1925-07-03 22:51:00,Progressives & Depression,George Washington,other/unclear,neutral,"Wherever men love liberty, wherever they believe in patriotism, wherever they exalt high character, by universal consent they turn to the name of George Washington.",Fixed-rubric classification from the supplied sentence context.,narration,former_president,AI-classified; not human-validated
fff7db107dff3a0148e5c1e0,Calvin Coolidge,George Washington,/the-presidency/presidential-speeches/july-3-1925-centennial-washingtons-command-continental-army,1,1925-07-03 22:51:00,Progressives & Depression,George Washington,other/unclear,neutral,By this standard I think we may regard George Washington as the first lay citizen of the world of all time.,Fixed-rubric classification from the supplied sentence context.,narration,former_president,AI-classified; not human-validated
058e8e48baf6463fdbd05057,Calvin Coolidge,George Washington,/the-presidency/presidential-speeches/july-3-1925-centennial-washingtons-command-continental-army,7,1925-07-03 22:51:00,Progressives & Depression,Washington,other/unclear,positive,"From his earliest manhood, Washington's life had been a part of great affairs.",Fixed-rubric classification from the supplied sentence context.,narration,former_president,AI-classified; not human-validated
c69f3a7bc50507eaf20bf918,Calvin Coolidge,George Washington,/the-presidency/presidential-speeches/july-3-1925-centennial-washingtons-command-continental-army,12,1925-07-03 22:51:00,Progressives & Depression,Washington,other/unclear,neutral,"And those 21 years, as Washington lived them, constituted a fitting probation for the career that awaited him.",Fixed-rubric classification from the supplied sentence context.,narration,former_president,AI-classified; not human-validated
f9ed0c8bd9d4d8f79aed06e9,Calvin Coolidge,John Adams,/the-presidency/presidential-speeches/july-3-1925-centennial-washingtons-command-continental-army,21,1925-07-03 22:51:00,Progressives & Depression,John Adams,other/unclear,neutral,"I suppose if we were to pick any two men out of that gathering, to be set down as something other than politicians, Washington and sturdy old John Adams would be well toward the top in the polling.",Fixed-rubric classification from the supplied sentence context.,narration,former_president,AI-classified; not human-validated
64e8d926b075c2cce5eba6d3,Calvin Coolidge,John Adams,/the-presidency/presidential-speeches/july-3-1925-centennial-washingtons-command-continental-army,22,1925-07-03 22:51:00,Progressives & Depression,John Adams,other/unclear,positive,That is what it was when John Adams conceived the great strategy of calling a man of the South to the chief command.,Fixed-rubric classification from the supplied sentence context.,narration,former_president,AI-classified; not human-validated
268f8ec9f8c3d7951dddfaa0,Calvin Coolidge,John Adams,/the-presidency/presidential-speeches/july-3-1925-centennial-washingtons-command-continental-army,23,1925-07-03 22:51:00,Progressives & Depression,John Adams,other/unclear,neutral,""" Let it ever be set down to the glory of Massachusetts that John Adams made George Washington Commander in Chief of the Continental Armies and John Marshall Chief Justice of the United States.",Fixed-rubric classification from the supplied sentence context.,deliberate_quotation,former_president,AI-classified; not human-validated
8b9c6e8a3fdbb568f8956377,Calvin Coolidge,George Washington,/the-presidency/presidential-speeches/july-3-1925-centennial-washingtons-command-continental-army,23,1925-07-03 22:51:00,Progressives & Depression,George Washington,other/unclear,neutral,""" Let it ever be set down to the glory of Massachusetts that John Adams made George Washington Commander in Chief of the Continental Armies and John Marshall Chief Justice of the United States.",Fixed-rubric classification from the supplied sentence context.,deliberate_quotation,former_president,AI-classified; not human-validated
358e5b93d3a15aee9fbcd928,Calvin Coolidge,George Washington,/the-presidency/presidential-speeches/july-3-1925-centennial-washingtons-command-continental-army,28,1925-07-03 22:51:00,Progressives & Depression,George Washington,other/unclear,positive,""" That decency, firmness, and wisdom were in no small part George Washington.",Fixed-rubric classification from the supplied sentence context.,deliberate_quotation,former_president,AI-classified; not human-validated
9449bf09113e44a326a43afd,Calvin Coolidge,George Washington,/the-presidency/presidential-speeches/july-3-1925-centennial-washingtons-command-continental-army,39,1925-07-03 22:51:00,Progressives & Depression,Washington,other/unclear,neutral,"Young published an agricultural journal devoted to his theories and experiments, and to it Washington became a subscriber.",Fixed-rubric classification from the supplied sentence context.,narration,former_president,AI-classified; not human-validated
97e1aae4609497802687f5ff,George H. W. Bush,Ronald Reagan,/the-presidency/presidential-speeches/july-31-1991-press-conference-mikhail-gorbachev,44,1991-07-31 18:00:00,Post-Cold War,Ronald Reagan,other/unclear,neutral,"I would ask both of you to think back to the 1986 Reykjavik summit when Ronald Reagan horrified quite a few American nuclear experts and almost all of the European leaders by giving serious consideration to your proposal, President Gorbachev, for a ban on all nuclear weapons.",Fixed-rubric classification from the supplied sentence context.,narration,former_president,AI-classified; not human-validated
ed7387a6ced08aa771eef748,George H. W. Bush,Ronald Reagan,/the-presidency/presidential-speeches/july-31-1991-press-conference-mikhail-gorbachev,44,1991-07-31 18:00:00,Post-Cold War,Reagan,other/unclear,neutral,"In the end, Reagan said no because of the belief that nuclear deterrence has, in fact, kept the peace.",Fixed-rubric classification from the supplied sentence context.,narration,former_president,AI-classified; not human-validated
fc646094b45153a0cf2b464c,George H. W. Bush,Ronald Reagan,/the-presidency/presidential-speeches/july-31-1991-press-conference-mikhail-gorbachev,102,1991-07-31 18:00:00,Post-Cold War,Ronald Reagan,other/unclear,neutral,"I would ask both of you to think back to the 1986 Reykjavik summit when Ronald Reagan horrified quite a few American nuclear experts and almost all of the European leaders by giving serious consideration to your proposal, President Gorbachev, for a ban on all nuclear weapons.",Fixed-rubric classification from the supplied sentence context.,narration,former_president,AI-classified; not human-validated
e3d78fc84b4cd2027a1295fc,George H. W. Bush,Ronald Reagan,/the-presidency/presidential-speeches/july-31-1991-press-conference-mikhail-gorbachev,102,1991-07-31 18:00:00,Post-Cold War,Reagan,other/unclear,neutral,"In the end, Reagan said no because of the belief that nuclear deterrence has, in fact, kept the peace.",Fixed-rubric classification from the supplied sentence context.,narration,former_president,AI-classified; not human-validated
3ee2f881047ac0010f10c9cf,James K. Polk,James Buchanan,/the-presidency/presidential-speeches/july-4-1848-announcement-peace-treaty-mexico,1,1848-07-04 16:21:58,Expansion,JAMES BUCHANAN,other/unclear,neutral,"By the President: JAMES BUCHANAN, Secretary of State.",Fixed-rubric classification from the supplied sentence context.,narration,not_yet_president,AI-classified; not human-validated
4e13437065b09ff6c7c788d6,Abraham Lincoln,Thomas Jefferson,/the-presidency/presidential-speeches/july-4-1861-july-4th-message-congress,1,1861-07-04 17:59:58,Civil War & Reconstruction,Jefferson,historical comparison,neutral,"Within these States all the forts, arsenals, dockyards, custom-houses, and the like, including the movable and stationary property in and about them, had been seized and were held in open hostility to this Government, excepting only Forts Pickens, Taylor, and Jefferson, on and near the Florida coast, and Fort Sumter, in Charleston Harbor, South Carolina.",Fixed-rubric classification from the supplied sentence context.,narration,former_president,AI-classified; not human-validated
4173d69ca611d4a4c13341fd,Abraham Lincoln,Thomas Jefferson,/the-presidency/presidential-speeches/july-4-1861-july-4th-message-congress,41,1861-07-04 17:59:58,Civil War & Reconstruction,Jefferson,historical comparison,positive,"Our adversaries have adopted some declarations of independence in which, unlike the good old one penned by Jefferson, they omit the words ""all men are created",Fixed-rubric classification from the supplied sentence context.,deliberate_quotation,former_president,AI-classified; not human-validated
30243a37b64442381234d59d,Calvin Coolidge,Thomas Jefferson,/the-presidency/presidential-speeches/july-5-1926-declaration-independence-anniversary-commemoration,18,1926-07-05 22:54:00,Progressives & Depression,Thomas Jefferson,other/unclear,neutral,"This preaching reached the neighborhood of Thomas Jefferson, who acknowledged that his ""best ideas of democracy"" had been secured at church meetings.",Fixed-rubric classification from the supplied sentence context.,deliberate_quotation,former_president,AI-classified; not human-validated
e82b10e130b1d8825598665e,Calvin Coolidge,Thomas Jefferson,/the-presidency/presidential-speeches/july-5-1926-declaration-independence-anniversary-commemoration,18,1926-07-05 22:54:00,Progressives & Depression,Jefferson,other/unclear,neutral,""" It can scarcely be imagined that Jefferson was unacquainted with what had been done in his own Commonwealth of Virginia when he took up the task of drafting the Declaration of Independence.",Fixed-rubric classification from the supplied sentence context.,deliberate_quotation,former_president,AI-classified; not human-validated
4e10487b941a3e2e85ef9614,Lyndon B. Johnson,Dwight D. Eisenhower,/the-presidency/presidential-speeches/july-5-1966-press-conference-lbj-ranch,1,1966-07-05 17:00:00,The Cold War,President Eisenhower,other/unclear,neutral,I also asked General Goodpaster to talk to President Eisenhower and to give him a full report on current developments in Vietnam.,Fixed-rubric classification from the supplied sentence context.,narration,former_president,AI-classified; not human-validated
6839af302cd9a5f6c2572a0a,Abraham Lincoln,Martin Van Buren,/the-presidency/presidential-speeches/july-6-1852-eulogy-henry-clay,15,1852-07-06 17:59:58,Civil War & Reconstruction,Buren,other/unclear,neutral,"Jackson, Van Buren, Harrison, Polk, and Taylor, all rose after, and set long before him.",Fixed-rubric classification from the supplied sentence context.,narration,former_president,AI-classified; not human-validated
0881a278298d4017336ffd91,Abraham Lincoln,Thomas Jefferson,/the-presidency/presidential-speeches/july-6-1852-eulogy-henry-clay,23,1852-07-06 17:59:58,Civil War & Reconstruction,Mr. Jefferson,other/unclear,neutral,Mr.,Fixed-rubric classification from the supplied sentence context.,narration,former_president,AI-classified; not human-validated
a4f1f7e6ce9557c7c212982d,Abraham Lincoln,Thomas Jefferson,/the-presidency/presidential-speeches/july-6-1852-eulogy-henry-clay,33,1852-07-06 17:59:58,Civil War & Reconstruction,Thomas Jefferson,ceremonial/biographical,neutral,"It came, however, as I trace it, from Saint Voltaire, and was baptized by Thomas Jefferson, and since almost universally regarded as canonical authority ``All men are born free and",Fixed-rubric classification from the supplied sentence context.,narration,former_president,AI-classified; not human-validated
afad97c86c432a6a5625ba3f,Abraham Lincoln,Martin Van Buren,/the-presidency/presidential-speeches/july-6-1852-eulogy-henry-clay,57,1852-07-06 17:59:58,Civil War & Reconstruction,Buren,other/unclear,neutral,"Jackson, Van Buren, Harrison, Polk, and Taylor, all rose after, and set long before him.",Fixed-rubric classification from the supplied sentence context.,narration,former_president,AI-classified; not human-validated
7ea58ba827916d37debd55f9,Abraham Lincoln,Thomas Jefferson,/the-presidency/presidential-speeches/july-6-1852-eulogy-henry-clay,65,1852-07-06 17:59:58,Civil War & Reconstruction,Mr. Jefferson,other/unclear,neutral,Mr.,Fixed-rubric classification from the supplied sentence context.,narration,former_president,AI-classified; not human-validated
61e748f224838bc15aeac32e,Abraham Lincoln,Thomas Jefferson,/the-presidency/presidential-speeches/july-6-1852-eulogy-henry-clay,75,1852-07-06 17:59:58,Civil War & Reconstruction,Thomas Jefferson,ceremonial/biographical,neutral,"It came, however, as I trace it, from Saint Voltaire, and was baptized by Thomas Jefferson, and since almost universally regarded as canonical authority ""All men are born free and",Fixed-rubric classification from the supplied sentence context.,deliberate_quotation,former_president,AI-classified; not human-validated
9c589b490338ec54270ad9d4,Franklin D. Roosevelt,Abraham Lincoln,/the-presidency/presidential-speeches/july-8-1938-dedication-memorial-northwest-territory,6,1938-07-08 17:00:00,War & New Deal,Abraham Lincoln,other/unclear,neutral,"But Abraham Lincoln, who incarnated the spirit of the people who were actually living in the Northwest Territory, summed up their attitude when he said: ""The legitimate object of government is to do for a community of people whatever they need to have done, but cannot do at all, or cannot do so well, for themselves, in their separate and individual",Fixed-rubric classification from the supplied sentence context.,deliberate_quotation,former_president,AI-classified; not human-validated
88fa4406b6561e7caba11a15,James Madison,James Monroe,/the-presidency/presidential-speeches/july-9-1812-proclamation-day-fasting-and-prayer,1,1812-07-09 17:59:58,The founding,JAMES MONROE,other/unclear,neutral,"By the President: JAMES MONROE, Secretary of State.",Fixed-rubric classification from the supplied sentence context.,narration,not_yet_president,AI-classified; not human-validated
4bd5386013ef9c5396ed4816,John Tyler,James Monroe,/the-presidency/presidential-speeches/june-1-1841-special-session-message-congress-regarding-general,36,1841-06-01 18:36:58,Expansion,Monroe,other/unclear,positive,Monroe shortly after the conclusion of the late war with Great Britain of preserving a regularly organized staff sufficient for the command of a large military force should a necessity for one arise is rounded as well in economy as in true wisdom.,Fixed-rubric classification from the supplied sentence context.,narration,former_president,AI-classified; not human-validated
c469b3abb1f2e37c1c79ebee,Lyndon B. Johnson,John F. Kennedy,/the-presidency/presidential-speeches/june-1-1965-press-conference-east-room,33,1965-06-01 17:00:00,The Cold War,President Kennedy,other/unclear,neutral,"I am afraid that the people that have branded the Johnson doctrine were unfamiliar with the fact that the nations of this hemisphere have repeatedly made it clear that the principles of communism are incompatible with the principles of the inter-American system, just as President Kennedy made it abundantly clear.",Fixed-rubric classification from the supplied sentence context.,narration,former_president,AI-classified; not human-validated
fce6687cab7886aadb4c03d5,Lyndon B. Johnson,John F. Kennedy,/the-presidency/presidential-speeches/june-1-1965-press-conference-east-room,34,1965-06-01 17:00:00,The Cold War,President Kennedy,other/unclear,neutral,President Kennedy enunciated that on several occasions.,Fixed-rubric classification from the supplied sentence context.,narration,former_president,AI-classified; not human-validated
545325bdc9001605c3291e63,George W. Bush,Ulysses S. Grant,/the-presidency/presidential-speeches/june-1-2002-graduation-speech-west-point,1,2002-06-01 15:13:00,Post-Cold War,Ulysses S. Grant,other/unclear,neutral,"Some of you followed in the path of the imperfect graduate, Ulysses S.",Fixed-rubric classification from the supplied sentence context.,narration,former_president,AI-classified; not human-validated
dec4fe5417335927c35e40c3,George W. Bush,Dwight D. Eisenhower,/the-presidency/presidential-speeches/june-1-2002-graduation-speech-west-point,2,2002-06-01 15:13:00,Post-Cold War,Eisenhower,legacy/inheritance,neutral,"You walk in the tradition of Eisenhower and MacArthur, Patton and Bradley - the commanders who saved a civilization.",Fixed-rubric classification from the supplied sentence context.,narration,former_president,AI-classified; not human-validated
e2b22566c1a0b06490d26620,George W. Bush,John F. Kennedy,/the-presidency/presidential-speeches/june-1-2002-graduation-speech-west-point,17,2002-06-01 15:13:00,Post-Cold War,John F. Kennedy,historical comparison,neutral,When leaders like John F.,Fixed-rubric classification from the supplied sentence context.,narration,former_president,AI-classified; not human-validated
40a14fe72be0fed20d7d3bcc,George W. Bush,Ronald Reagan,/the-presidency/presidential-speeches/june-1-2002-graduation-speech-west-point,17,2002-06-01 15:13:00,Post-Cold War,Ronald Reagan,other/unclear,positive,"Kennedy and Ronald Reagan refused to gloss over the brutality of tyrants, they gave hope to prisoners and dissidents and exiles, and rallied free nations to a great cause.",Fixed-rubric classification from the supplied sentence context.,narration,former_president,AI-classified; not human-validated
0dd103645e12749ec056bf04,George W. Bush,Dwight D. Eisenhower,/the-presidency/presidential-speeches/june-1-2002-graduation-speech-west-point,27,2002-06-01 15:13:00,Post-Cold War,Eisenhower,other/unclear,neutral,"Toward the end of his life, Dwight Eisenhower recalled the first day he stood on the plain at West Point.",Fixed-rubric classification from the supplied sentence context.,narration,former_president,AI-classified; not human-validated
c183f82ecef7d55acf88f77c,Joe Biden,James Monroe,/the-presidency/presidential-speeches/june-1-2021-remarks-commemorating-100th-anniversary-tulsa-race,10,2021-06-01 19:15:00,The present era,Monroe,other/unclear,neutral,Friends gathered at music clubs and pool halls; at the Monroe family roller-skating rink.,Fixed-rubric classification from the supplied sentence context.,narration,former_president,AI-classified; not human-validated
defc86fa3172f30fc3d36b6d,Joe Biden,Donald Trump,/the-presidency/presidential-speeches/june-1-2021-remarks-commemorating-100th-anniversary-tulsa-race,52,2021-06-01 19:15:00,The present era,Trump,institutional precedent,neutral,That's not me; that's the intelligence community under both Trump and under my administration.,Fixed-rubric classification from the supplied sentence context.,narration,serving_or_contemporary,AI-classified; not human-validated
4e9c725d01f01cef0216ad8c,John F. Kennedy,Woodrow Wilson,/the-presidency/presidential-speeches/june-10-1963-american-university-commencement,0,1963-06-10 17:00:00,The Cold War,Woodrow Wilson,policy inheritance,positive,"President Anderson, members of the faculty, board of trustees, distinguished guests, my old colleague, Senator Bob Byrd, who has earned his degree through many years of attending night law school while I am earning mine in the next 30 minutes, ladies and gentlemen: It is with great pride that I participate in this ceremony of the American University, sponsored by the Methodist Church, founded by Bishop John Fletcher Hurst, and first opened by President Woodrow Wilson in 1914.",Fixed-rubric classification from the supplied sentence context.,narration,former_president,AI-classified; not human-validated
a9f6f368d4617d870d9a3dd4,John F. Kennedy,Woodrow Wilson,/the-presidency/presidential-speeches/june-10-1963-american-university-commencement,1,1963-06-10 17:00:00,The Cold War,Woodrow Wilson,ceremonial/biographical,positive,"Professor Woodrow Wilson once said that every man sent out from a university should be a man of his nation as well as a man of his time, and I am confident that the men and women who carry the honor of graduating from this institution will continue to give from their lives, from their talents, a high measure of public service and public support.",Fixed-rubric classification from the supplied sentence context.,narration,former_president,AI-classified; not human-validated
51855fc25a38e0f44bb0e6c9,John F. Kennedy,William Taft,/the-presidency/presidential-speeches/june-11-1962-yale-university-commencement,3,1962-06-11 17:00:00,The Cold War,Taft,other/unclear,neutral,Calhoun in 1804 and Taft in 1878 graduated into a world very different from ours today.,Fixed-rubric classification from the supplied sentence context.,narration,former_president,AI-classified; not human-validated
003a12d857bbc043091e642b,John F. Kennedy,William Taft,/the-presidency/presidential-speeches/june-11-1962-yale-university-commencement,4,1962-06-11 17:00:00,The Cold War,Taft,other/unclear,neutral,"The world of Calhoun, the world of Taft had its own hard problems and notable challenges.",Fixed-rubric classification from the supplied sentence context.,narration,former_president,AI-classified; not human-validated
a862699e74c9e0665cc0f222,John F. Kennedy,Franklin D. Roosevelt,/the-presidency/presidential-speeches/june-11-1962-yale-university-commencement,8,1962-06-11 17:00:00,The Cold War,President Roosevelt,other/unclear,neutral,"Thus President Roosevelt outspent President Hoover, and with allowances for the special case of the Second World War, President Truman outspent President Roosevelt.",Fixed-rubric classification from the supplied sentence context.,narration,former_president,AI-classified; not human-validated
12be57164d348e2c6de8dad0,John F. Kennedy,Herbert Hoover,/the-presidency/presidential-speeches/june-11-1962-yale-university-commencement,8,1962-06-11 17:00:00,The Cold War,President Hoover,other/unclear,neutral,"Thus President Roosevelt outspent President Hoover, and with allowances for the special case of the Second World War, President Truman outspent President Roosevelt.",Fixed-rubric classification from the supplied sentence context.,narration,former_president,AI-classified; not human-validated
0f9eae5521f7ea7e587429d2,John F. Kennedy,Harry S. Truman,/the-presidency/presidential-speeches/june-11-1962-yale-university-commencement,8,1962-06-11 17:00:00,The Cold War,President Truman,other/unclear,neutral,"Thus President Roosevelt outspent President Hoover, and with allowances for the special case of the Second World War, President Truman outspent President Roosevelt.",Fixed-rubric classification from the supplied sentence context.,narration,former_president,AI-classified; not human-validated
729740240d29b0967b1a05cd,John F. Kennedy,Franklin D. Roosevelt,/the-presidency/presidential-speeches/june-11-1962-yale-university-commencement,8,1962-06-11 17:00:00,The Cold War,President Roosevelt,other/unclear,neutral,"Thus President Roosevelt outspent President Hoover, and with allowances for the special case of the Second World War, President Truman outspent President Roosevelt.",Fixed-rubric classification from the supplied sentence context.,narration,former_president,AI-classified; not human-validated
dd4e7aa14ee385718fb83192,John F. Kennedy,Dwight D. Eisenhower,/the-presidency/presidential-speeches/june-11-1962-yale-university-commencement,8,1962-06-11 17:00:00,The Cold War,President Eisenhower,other/unclear,neutral,"Just to prove that this was not a partisan matter, President Eisenhower then outspent President Truman by the handsome figure of $182 billion.",Fixed-rubric classification from the supplied sentence context.,narration,former_president,AI-classified; not human-validated
0c27d60b1555dd5a940eb6b7,John F. Kennedy,Harry S. Truman,/the-presidency/presidential-speeches/june-11-1962-yale-university-commencement,8,1962-06-11 17:00:00,The Cold War,President Truman,other/unclear,neutral,"Just to prove that this was not a partisan matter, President Eisenhower then outspent President Truman by the handsome figure of $182 billion.",Fixed-rubric classification from the supplied sentence context.,narration,former_president,AI-classified; not human-validated
ce2487fcff6d32942f515761,John F. Kennedy,Thomas Jefferson,/the-presidency/presidential-speeches/june-11-1962-yale-university-commencement,27,1962-06-11 17:00:00,The Cold War,Thomas Jefferson,other/unclear,neutral,"Nearly 150 years ago Thomas Jefferson wrote, ""The new circumstances under which we are placed call for new words, new phrases, and for the transfer of old words to new",Fixed-rubric classification from the supplied sentence context.,deliberate_quotation,former_president,AI-classified; not human-validated
b208416c3dac7ebcacaa77e1,John F. Kennedy,Thomas Jefferson,/the-presidency/presidential-speeches/june-11-1962-yale-university-commencement,27,1962-06-11 17:00:00,The Cold War,Jefferson,historical comparison,neutral,""" New words, new phrases, the transfer of old words to new objects-that is truer today than it was in the time of Jefferson, because the role of this country is so vastly more significant.",Fixed-rubric classification from the supplied sentence context.,deliberate_quotation,former_president,AI-classified; not human-validated
45c6145c8e57dda258475869,John F. Kennedy,Abraham Lincoln,/the-presidency/presidential-speeches/june-11-1963-address-civil-rights,5,1963-06-11 17:00:00,The Cold War,President Lincoln,other/unclear,neutral,"One hundred years of delay have passed since President Lincoln freed the slaves, yet their heirs, their grandsons, are not fully free.",Fixed-rubric classification from the supplied sentence context.,narration,former_president,AI-classified; not human-validated
1af50aa2e770a9d9c206cfb3,Ronald Reagan,John F. Kennedy,/the-presidency/presidential-speeches/june-12-1987-address-brandenburg-gate-berlin-wall,0,1987-06-12 18:00:00,The Cold War,John F. Kennedy,other/unclear,neutral,"Chancellor Kohl, Governing Mayor Diepgen, ladies and gentlemen: Twenty-four years ago, President John F.",Fixed-rubric classification from the supplied sentence context.,narration,former_president,AI-classified; not human-validated
5020850a60a1fc3663b6622b,Ronald Reagan,John F. Kennedy,/the-presidency/presidential-speeches/june-12-1987-address-brandenburg-gate-berlin-wall,12,1987-06-12 18:00:00,The Cold War,President Kennedy,other/unclear,neutral,"When President Kennedy spoke at the City Hall those 24 years ago, freedom was encircled, Berlin was under siege.",Fixed-rubric classification from the supplied sentence context.,narration,former_president,AI-classified; not human-validated
03804a76d8310e1252428876,Ulysses S. Grant,Thomas Jefferson,/the-presidency/presidential-speeches/june-13-1870-message-regarding-insurrection-cuba,7,1870-06-13 17:01:58,Civil War & Reconstruction,Mr. Jefferson,other/unclear,neutral,The discussion of measures of neutrality begins with the State papers of Mr.,Fixed-rubric classification from the supplied sentence context.,narration,former_president,AI-classified; not human-validated
0e8e72d1024ecad3dc2572ba,Ulysses S. Grant,John Adams,/the-presidency/presidential-speeches/june-13-1870-message-regarding-insurrection-cuba,8,1870-06-13 17:01:58,Civil War & Reconstruction,John Adams,other/unclear,neutral,"Washington encountered the efforts of Genet and of the French revolutionists; John Adams, the projects of Miranda; Jefferson, the schemes of Aaron Burr.",Fixed-rubric classification from the supplied sentence context.,narration,former_president,AI-classified; not human-validated
0947bfd6794cf0fab5a3d7ac,Ulysses S. Grant,Thomas Jefferson,/the-presidency/presidential-speeches/june-13-1870-message-regarding-insurrection-cuba,8,1870-06-13 17:01:58,Civil War & Reconstruction,Jefferson,other/unclear,neutral,"Washington encountered the efforts of Genet and of the French revolutionists; John Adams, the projects of Miranda; Jefferson, the schemes of Aaron Burr.",Fixed-rubric classification from the supplied sentence context.,narration,former_president,AI-classified; not human-validated
10df08114f366e5ae4ce0486,Ulysses S. Grant,John Quincy Adams,/the-presidency/presidential-speeches/june-13-1870-message-regarding-insurrection-cuba,8,1870-06-13 17:01:58,Civil War & Reconstruction,John Quincy Adams,historical comparison,neutral,"Madison and subsequent Presidents had to deal with the question of foreign enlistment or equipment in the United States, and since the days of John Quincy Adams it has been one of the constant cares of Government in the United States to prevent piratical expeditions against the feeble Spanish American Republics from leaving our shores.",Fixed-rubric classification from the supplied sentence context.,narration,former_president,AI-classified; not human-validated
00669807d2ae5a9322130513,Ulysses S. Grant,James Monroe,/the-presidency/presidential-speeches/june-13-1870-message-regarding-insurrection-cuba,10,1870-06-13 17:01:58,Civil War & Reconstruction,Mr. Monroe,other/unclear,neutral,Mr.,Fixed-rubric classification from the supplied sentence context.,narration,former_president,AI-classified; not human-validated
6b45666a06c44bc5f06d5ae9,Theodore Roosevelt,William McKinley,/the-presidency/presidential-speeches/june-13-1902-message-regarding-us-cuban-relations,1,1902-06-13 22:49:00,Progressives & Depression,President McKinley,other/unclear,neutral,"This recommendation was merely giving practical effect to President McKinley's words, when, in his messages of December 5, 1898, and December 5, 1899, he wrote: It is important that our relations with this people (of Cuba) shall be of the most friendly character and our commercial relations close and reciprocal.",Fixed-rubric classification from the supplied sentence context.,narration,former_president,AI-classified; not human-validated
cea88780ca92cfaa32d52314,Abraham Lincoln,James Buchanan,/the-presidency/presidential-speeches/june-16-1858-house-divided-speech,10,1858-06-16 17:59:58,Civil War & Reconstruction,Mr. Buchanan,other/unclear,neutral,Mr.,Fixed-rubric classification from the supplied sentence context.,narration,serving_or_contemporary,AI-classified; not human-validated
128c9792cec9f031c13e50ba,Herbert Hoover,Theodore Roosevelt,/the-presidency/presidential-speeches/june-16-1930-message-regarding-smoot-hawley-tariff-act,9,1930-06-16 15:42:00,Progressives & Depression,President Roosevelt,other/unclear,neutral,It complies in full degree with the proposals made 20 years ago by President Roosevelt.,Fixed-rubric classification from the supplied sentence context.,narration,former_president,AI-classified; not human-validated
ebb94654919e07189e662078,Ronald Reagan,Dwight D. Eisenhower,/the-presidency/presidential-speeches/june-17-1982-speech-united-nations-general-assembly,2,1982-06-17 18:00:00,The Cold War,President Eisenhower,policy inheritance,neutral,"Our foreign policy, as President Eisenhower once said, ""is not difficult to state.",Fixed-rubric classification from the supplied sentence context.,deliberate_quotation,former_president,AI-classified; not human-validated
8a7500c12fd455a19c16f957,Ronald Reagan,Dwight D. Eisenhower,/the-presidency/presidential-speeches/june-17-1982-speech-united-nations-general-assembly,13,1982-06-17 18:00:00,The Cold War,President Eisenhower,other/unclear,neutral,"In 1955 President Eisenhower made his ""Open Skies"" proposal, under which the United States and the Soviet Union would have exchanged blueprints of military establishments and provided for aerial reconnaissance.",Fixed-rubric classification from the supplied sentence context.,deliberate_quotation,former_president,AI-classified; not human-validated
e1522688a1305599604d16e2,Ronald Reagan,Harry S. Truman,/the-presidency/presidential-speeches/june-17-1982-speech-united-nations-general-assembly,32,1982-06-17 18:00:00,The Cold War,Truman,other/unclear,neutral,President Harry Truman spoke of the revival of an old faith.,Fixed-rubric classification from the supplied sentence context.,narration,former_president,AI-classified; not human-validated
151782272b43b640271cf146,Ronald Reagan,Harry S. Truman,/the-presidency/presidential-speeches/june-17-1982-speech-united-nations-general-assembly,32,1982-06-17 18:00:00,The Cold War,President Truman,other/unclear,neutral,"And President Truman said, ""If we should pay merely lip service to inspiring ideals, and later do violence to simple justice, we would draw down upon us the bitter wrath of generations yet",Fixed-rubric classification from the supplied sentence context.,deliberate_quotation,former_president,AI-classified; not human-validated
8ae148458d9af697d1bf1cb5,Ronald Reagan,Harry S. Truman,/the-presidency/presidential-speeches/june-17-1982-speech-united-nations-general-assembly,32,1982-06-17 18:00:00,The Cold War,Truman,other/unclear,neutral,""" Those words of Harry Truman have special meaning for us today as we live with the potential to destroy civilization.",Fixed-rubric classification from the supplied sentence context.,deliberate_quotation,former_president,AI-classified; not human-validated
67e878dae45f909a0fdb163b,James Madison,James Monroe,/the-presidency/presidential-speeches/june-19-1812-proclamation-state-war-great-britain,1,1812-06-19 17:59:58,The founding,JAMES MONROE,other/unclear,neutral,"JAMES MONROE, Secretary of State.",Fixed-rubric classification from the supplied sentence context.,narration,not_yet_president,AI-classified; not human-validated
068180244b768565c5952428,Harry S. Truman,William Taft,/the-presidency/presidential-speeches/june-20-1947-veto-taft-hartley-bill,0,1947-06-20 19:00:00,The Cold War,Taft,institutional precedent,neutral,My fellow countrymen: At noon today I sent to Congress a message vetoing the Taft-Hartley labor bill.,Fixed-rubric classification from the supplied sentence context.,narration,former_president,AI-classified; not human-validated
5878540678f1bfaa570f4da0,Harry S. Truman,William Taft,/the-presidency/presidential-speeches/june-20-1947-veto-taft-hartley-bill,1,1947-06-20 19:00:00,The Cold War,Taft,other/unclear,neutral,But the Taft-Hartley bill is a shocking piece of legislation.,Fixed-rubric classification from the supplied sentence context.,narration,former_president,AI-classified; not human-validated
1c81aab96ab3e2a75c2b4d47,Harry S. Truman,William Taft,/the-presidency/presidential-speeches/june-20-1947-veto-taft-hartley-bill,2,1947-06-20 19:00:00,The Cold War,Taft,policy inheritance,neutral,"There is so much more in it than the people have been led to believe, that I am sure that very few understand what the Taft-Hartley bill would do if it should become law.",Fixed-rubric classification from the supplied sentence context.,narration,former_president,AI-classified; not human-validated
3b8fdd52a565e7367f591f89,Harry S. Truman,William Taft,/the-presidency/presidential-speeches/june-20-1947-veto-taft-hartley-bill,4,1947-06-20 19:00:00,The Cold War,Taft,other/unclear,neutral,We have all been told that the Taft-Hartley bill is favorable to the wage earners of this country.,Fixed-rubric classification from the supplied sentence context.,narration,former_president,AI-classified; not human-validated
fddfc69bb99cad3ada274946,Harry S. Truman,William Taft,/the-presidency/presidential-speeches/june-20-1947-veto-taft-hartley-bill,6,1947-06-20 19:00:00,The Cold War,Taft,other/unclear,neutral,We have been told that the Taft-Hartley bill is a means by which the country can be protected from nationwide strikes in vital industries.,Fixed-rubric classification from the supplied sentence context.,narration,former_president,AI-classified; not human-validated
73f2b14f24579d3cf934646e,Harry S. Truman,William Taft,/the-presidency/presidential-speeches/june-20-1947-veto-taft-hartley-bill,8,1947-06-20 19:00:00,The Cold War,Taft,other/unclear,neutral,"We have been told, by the supporters of the Taft-Hartley bill, that it would reduce industrial strife.",Fixed-rubric classification from the supplied sentence context.,narration,former_president,AI-classified; not human-validated
579cc6b1ac81689f1a72fc4e,Harry S. Truman,William Taft,/the-presidency/presidential-speeches/june-20-1947-veto-taft-hartley-bill,10,1947-06-20 19:00:00,The Cold War,Taft,other/unclear,neutral,Another defect is that in trying to correct labor abuses the Taft-Hartley bill goes so far that it would threaten fundamental democratic freedoms.,Fixed-rubric classification from the supplied sentence context.,narration,former_president,AI-classified; not human-validated
8cc585e059bbba27f4e4fee1,Harry S. Truman,William Taft,/the-presidency/presidential-speeches/june-20-1947-veto-taft-hartley-bill,11,1947-06-20 19:00:00,The Cold War,Taft,other/unclear,negative,I regard this provision of the Taft-Hartley bill as a dangerous challenge to free speech and our free press.,Fixed-rubric classification from the supplied sentence context.,narration,former_president,AI-classified; not human-validated
bbe58820ade496801107acbb,Donald Trump,Joe Biden,/the-presidency/presidential-speeches/june-20-2020-campaign-rally-tulsa-oklahoma,1,2020-06-20 23:00:00,The present era,Joe Biden,contemporary rivalry,neutral,"Five months from now, we're going to defeat sleepy Joe Biden.",Fixed-rubric classification from the supplied sentence context.,narration,not_yet_president,AI-classified; not human-validated
c495ee76b817c3776d2a1b21,Donald Trump,Abraham Lincoln,/the-presidency/presidential-speeches/june-20-2020-campaign-rally-tulsa-oklahoma,1,2020-06-20 23:00:00,The present era,Abraham Lincoln,policy inheritance,neutral,"We are the party of Abraham Lincoln, and we are the party of law and order.",Fixed-rubric classification from the supplied sentence context.,narration,former_president,AI-classified; not human-validated
6d5544a759cdb9deccc11ddc,Donald Trump,Gerald Ford,/the-presidency/presidential-speeches/june-20-2020-campaign-rally-tulsa-oklahoma,25,2020-06-20 23:00:00,The present era,President Ford,other/unclear,neutral,"If I fall, if I fall, I remember when President Ford fell out of the plane, do you remember?",Fixed-rubric classification from the supplied sentence context.,narration,former_president,AI-classified; not human-validated
a3c2b1591e55c9cb9e1913b8,Donald Trump,Thomas Jefferson,/the-presidency/presidential-speeches/june-20-2020-campaign-rally-tulsa-oklahoma,34,2020-06-20 23:00:00,The present era,Thomas Jefferson,other/unclear,neutral,The left-wing anarchists tore down a statue of Thomas Jefferson.,Fixed-rubric classification from the supplied sentence context.,narration,former_president,AI-classified; not human-validated
76201de81099031551ebfd00,Donald Trump,George Washington,/the-presidency/presidential-speeches/june-20-2020-campaign-rally-tulsa-oklahoma,34,2020-06-20 23:00:00,The present era,George Washington,other/unclear,neutral,"Two days ago, leftist radicals in Portland, Oregon ripped down a statue of George Washington and wrapped it in an American flag and set the American flag on fire.",Fixed-rubric classification from the supplied sentence context.,narration,former_president,AI-classified; not human-validated
8f2e2030999eea234bb5bd97,Donald Trump,Joe Biden,/the-presidency/presidential-speeches/june-20-2020-campaign-rally-tulsa-oklahoma,37,2020-06-20 23:00:00,The present era,Joe Biden,contemporary rivalry,neutral,Joe Biden has surrendered to his party and to the left-wing mob.,Fixed-rubric classification from the supplied sentence context.,narration,not_yet_president,AI-classified; not human-validated
357e92d23acbc995eefe5b3c,Donald Trump,Joe Biden,/the-presidency/presidential-speeches/june-20-2020-campaign-rally-tulsa-oklahoma,37,2020-06-20 23:00:00,The present era,Joe Biden,historical comparison,neutral,"You know a lot of times I'll make like a speech and I'll have this beautiful paragraph come out criticizing every little aspect of the speech, beautiful, brilliant, but Joe didn't … It'll say, ""A comment from Joe Biden,"" but he didn't say it.",Fixed-rubric classification from the supplied sentence context.,deliberate_quotation,not_yet_president,AI-classified; not human-validated
9c60e460502149588fbc2874,Donald Trump,Joe Biden,/the-presidency/presidential-speeches/june-20-2020-campaign-rally-tulsa-oklahoma,37,2020-06-20 23:00:00,The present era,Joe Biden,other/unclear,neutral,"Joe Biden said, and they'll go into this highly complex paragraph, beautifully worded and I say, ""Joe didn't say that.",Fixed-rubric classification from the supplied sentence context.,deliberate_quotation,not_yet_president,AI-classified; not human-validated
4c937c109bab767d00300cc3,Donald Trump,Joe Biden,/the-presidency/presidential-speeches/june-20-2020-campaign-rally-tulsa-oklahoma,39,2020-06-20 23:00:00,The present era,Joe Biden,contemporary rivalry,neutral,Joe Biden is not the leader of his party.,Fixed-rubric classification from the supplied sentence context.,narration,not_yet_president,AI-classified; not human-validated
9eb70f9e18ebbbb200864512,Donald Trump,Joe Biden,/the-presidency/presidential-speeches/june-20-2020-campaign-rally-tulsa-oklahoma,39,2020-06-20 23:00:00,The present era,Joe Biden,other/unclear,neutral,"Joe Biden is a helpless puppet of the radical left, and he's not radical left.",Fixed-rubric classification from the supplied sentence context.,narration,not_yet_president,AI-classified; not human-validated
72de6d9e7b2dc1df04423b35,Donald Trump,Thomas Jefferson,/the-presidency/presidential-speeches/june-20-2020-campaign-rally-tulsa-oklahoma,54,2020-06-20 23:00:00,The present era,Jefferson,other/unclear,positive,"They were heading over to the Jefferson Memorial recently and they wanted to do damage to our great, beautiful Jefferson Memorial.",Fixed-rubric classification from the supplied sentence context.,narration,former_president,AI-classified; not human-validated
d26afc2eba4069100aa41c6f,Donald Trump,Thomas Jefferson,/the-presidency/presidential-speeches/june-20-2020-campaign-rally-tulsa-oklahoma,54,2020-06-20 23:00:00,The present era,Jefferson,other/unclear,positive,"They were heading over to the Jefferson Memorial recently and they wanted to do damage to our great, beautiful Jefferson Memorial.",Fixed-rubric classification from the supplied sentence context.,narration,former_president,AI-classified; not human-validated
ea2d1a22d4b2ce2e528e14fa,Donald Trump,Joe Biden,/the-presidency/presidential-speeches/june-20-2020-campaign-rally-tulsa-oklahoma,55,2020-06-20 23:00:00,The present era,Joe Biden,other/unclear,neutral,"Joe Biden and the Democrats want to prosecute Americans for going to church, but not for burning a church.",Fixed-rubric classification from the supplied sentence context.,narration,not_yet_president,AI-classified; not human-validated
3c7dbae810dffe661f737664,Donald Trump,Joe Biden,/the-presidency/presidential-speeches/june-20-2020-campaign-rally-tulsa-oklahoma,57,2020-06-20 23:00:00,The present era,Joe Biden,policy inheritance,neutral,"In Joe Biden's America, rioters, looters, and criminal aliens have more rights than law abiding citizens.",Fixed-rubric classification from the supplied sentence context.,narration,not_yet_president,AI-classified; not human-validated
44f09a945f4be17f54ab4f62,Donald Trump,Joe Biden,/the-presidency/presidential-speeches/june-20-2020-campaign-rally-tulsa-oklahoma,58,2020-06-20 23:00:00,The present era,Joe Biden,contemporary rivalry,negative,"Joe Biden's record can be summed up as four decades of betrayal, calamity, and failure.",Fixed-rubric classification from the supplied sentence context.,narration,not_yet_president,AI-classified; not human-validated
177b0c0b6b193a0a6403256c,Donald Trump,Joe Biden,/the-presidency/presidential-speeches/june-20-2020-campaign-rally-tulsa-oklahoma,59,2020-06-20 23:00:00,The present era,Joe Biden,other/unclear,neutral,And China's entry into the World Trade Organization was supported by sleepy Joe Biden.,Fixed-rubric classification from the supplied sentence context.,narration,not_yet_president,AI-classified; not human-validated
e5b7b51def63e840c77c49df,Donald Trump,Joe Biden,/the-presidency/presidential-speeches/june-20-2020-campaign-rally-tulsa-oklahoma,60,2020-06-20 23:00:00,The present era,Joe Biden,other/unclear,neutral,"And as I said, Joe Biden, opposed my decision and called it hysteria, xenophobia.",Fixed-rubric classification from the supplied sentence context.,narration,not_yet_president,AI-classified; not human-validated
ad05e14a14282cc7f4d406ff,Donald Trump,Joe Biden,/the-presidency/presidential-speeches/june-20-2020-campaign-rally-tulsa-oklahoma,60,2020-06-20 23:00:00,The present era,Joe Biden,policy inheritance,neutral,"On one of the single most important policy decisions of our lifetime, Joe Biden sided with China over America, that's closing the border.",Fixed-rubric classification from the supplied sentence context.,narration,not_yet_president,AI-classified; not human-validated
647978b9b35416220418de16,Donald Trump,Joe Biden,/the-presidency/presidential-speeches/june-20-2020-campaign-rally-tulsa-oklahoma,61,2020-06-20 23:00:00,The present era,Joe Biden,other/unclear,neutral,Joe Biden will always let you down.,Fixed-rubric classification from the supplied sentence context.,narration,not_yet_president,AI-classified; not human-validated
8f3678ff7ef9bbff7b346cef,Donald Trump,Joe Biden,/the-presidency/presidential-speeches/june-20-2020-campaign-rally-tulsa-oklahoma,61,2020-06-20 23:00:00,The present era,Joe Biden,other/unclear,neutral,Joe Biden opposed killing Soleimani.,Fixed-rubric classification from the supplied sentence context.,narration,not_yet_president,AI-classified; not human-validated
2fa128cf7918c4d020b15c9e,Donald Trump,Joe Biden,/the-presidency/presidential-speeches/june-20-2020-campaign-rally-tulsa-oklahoma,63,2020-06-20 23:00:00,The present era,Joe Biden,other/unclear,neutral,"He never did anything against China, Joe Biden.",Fixed-rubric classification from the supplied sentence context.,narration,not_yet_president,AI-classified; not human-validated
ba9cf9af01c655dbb5c28f78,Donald Trump,Barack Obama,/the-presidency/presidential-speeches/june-20-2020-campaign-rally-tulsa-oklahoma,63,2020-06-20 23:00:00,The present era,President Obama,other/unclear,neutral,President Obama gave them $150 billion for nothing.,Fixed-rubric classification from the supplied sentence context.,narration,former_president,AI-classified; not human-validated
298ad5cae8b14be1124ecea9,Donald Trump,Joe Biden,/the-presidency/presidential-speeches/june-20-2020-campaign-rally-tulsa-oklahoma,65,2020-06-20 23:00:00,The present era,Joe Biden,other/unclear,neutral,"If Joe Biden were to become president an emboldened left, will launch a full-scale assault on American life.",Fixed-rubric classification from the supplied sentence context.,narration,not_yet_president,AI-classified; not human-validated
df7653844aec3bc651c78d7f,Donald Trump,Joe Biden,/the-presidency/presidential-speeches/june-20-2020-campaign-rally-tulsa-oklahoma,67,2020-06-20 23:00:00,The present era,Joe Biden,other/unclear,neutral,"The recent Supreme Court cases prove that if Joe Biden is elected, he will stack the court with extremists, the forgotten men and women, together with everyone else.",Fixed-rubric classification from the supplied sentence context.,narration,not_yet_president,AI-classified; not human-validated
ff4afba2270cff376662586b,Donald Trump,Joe Biden,/the-presidency/presidential-speeches/june-20-2020-campaign-rally-tulsa-oklahoma,73,2020-06-20 23:00:00,The present era,Joe Biden,other/unclear,neutral,Joe Biden is a shameless hypocrite.,Fixed-rubric classification from the supplied sentence context.,narration,not_yet_president,AI-classified; not human-validated
3fdb6b6a4457e5f3b9e9dc5e,Donald Trump,Joe Biden,/the-presidency/presidential-speeches/june-20-2020-campaign-rally-tulsa-oklahoma,73,2020-06-20 23:00:00,The present era,Joe Biden,other/unclear,neutral,America should not take lectures on racial justice from Joe Biden.,Fixed-rubric classification from the supplied sentence context.,narration,not_yet_president,AI-classified; not human-validated
b1aa5bffbbe01ba882282cad,Donald Trump,Barack Obama,/the-presidency/presidential-speeches/june-20-2020-campaign-rally-tulsa-oklahoma,74,2020-06-20 23:00:00,The present era,Obama,other/unclear,neutral,Those cages were built by Obama and Biden.,Fixed-rubric classification from the supplied sentence context.,narration,former_president,AI-classified; not human-validated
493606b0076c4732cd596bb9,Donald Trump,Barack Obama,/the-presidency/presidential-speeches/june-20-2020-campaign-rally-tulsa-oklahoma,74,2020-06-20 23:00:00,The present era,Obama,other/unclear,neutral,"And then they realized that was at a newspaper, 2014, the same… Built by Obama and Biden, the cages.",Fixed-rubric classification from the supplied sentence context.,narration,former_president,AI-classified; not human-validated
87e17adabfca83419fa4bb94,Donald Trump,Joe Biden,/the-presidency/presidential-speeches/june-20-2020-campaign-rally-tulsa-oklahoma,75,2020-06-20 23:00:00,The present era,Joe Biden,policy inheritance,neutral,"Virtually every policy that has hurt black Americans for half a century, Joe Biden has supported or enacted.",Fixed-rubric classification from the supplied sentence context.,narration,not_yet_president,AI-classified; not human-validated
864d170ac8ae807dc300ad3d,Donald Trump,Joe Biden,/the-presidency/presidential-speeches/june-20-2020-campaign-rally-tulsa-oklahoma,75,2020-06-20 23:00:00,The present era,Joe Biden,other/unclear,neutral,I've done more for the black community in four years than Joe Biden has done in 47 years.,Fixed-rubric classification from the supplied sentence context.,narration,not_yet_president,AI-classified; not human-validated
fcdf1f775e3b6d8db7d6697c,Donald Trump,Joe Biden,/the-presidency/presidential-speeches/june-20-2020-campaign-rally-tulsa-oklahoma,76,2020-06-20 23:00:00,The present era,Joe Biden,other/unclear,neutral,Racial justice begins with Joe Biden's retirement from public life.,Fixed-rubric classification from the supplied sentence context.,narration,not_yet_president,AI-classified; not human-validated
1c39f73a4b1151d4c253f9b3,James Buchanan,James Madison,/the-presidency/presidential-speeches/june-22-1860-addendum-march-28-message-congress,11,1860-06-22 18:33:58,Civil War & Reconstruction,Mr. Madison,other/unclear,neutral,In the language of Mr.,Fixed-rubric classification from the supplied sentence context.,narration,former_president,AI-classified; not human-validated
d8cd97627122207639163e33,James Buchanan,Thomas Jefferson,/the-presidency/presidential-speeches/june-22-1860-addendum-march-28-message-congress,12,1860-06-22 18:33:58,Civil War & Reconstruction,Mr. Jefferson,other/unclear,neutral,And in the expressive and pointed language of Mr.,Fixed-rubric classification from the supplied sentence context.,narration,former_president,AI-classified; not human-validated
ace0703d533d31bc56774e69,Franklin D. Roosevelt,Abraham Lincoln,/the-presidency/presidential-speeches/june-24-1938-fireside-chat-13-purging-democratic-party,10,1938-06-24 17:00:00,War & New Deal,President Lincoln,institutional precedent,neutral,"Never before have we had so many Copperheads among us -- and you will remember that it was the Copperheads who, in the days of the Civil War, the War between the States, tried their best to make President Lincoln and his Congress give up the fight in the middle of the fight, to let the Nation remain split in two and return to peace -- yes, peace at any price.",Fixed-rubric classification from the supplied sentence context.,narration,former_president,AI-classified; not human-validated
f800a8e964d4d6968b26b414,Lyndon B. Johnson,Harry S. Truman,/the-presidency/presidential-speeches/june-25-1965-remarks-20th-anniversary-un-charter,0,1965-06-25 17:00:00,The Cold War,Harry S. Truman,other/unclear,neutral,"Secretary General, Your Excellencies, distinguished representatives, Governor Brown, ladies and gentlemen: On my journey across the continent, I stopped in the State of Missouri, and there I met with the man who made the first such pilgrimage here 20 years ago as the 33d President of the United States--Harry S.",Fixed-rubric classification from the supplied sentence context.,narration,former_president,AI-classified; not human-validated
e5df7207738d185a69bdd616,Lyndon B. Johnson,Harry S. Truman,/the-presidency/presidential-speeches/june-25-1965-remarks-20th-anniversary-un-charter,0,1965-06-25 17:00:00,The Cold War,Mr. Truman,other/unclear,neutral,Mr.,Fixed-rubric classification from the supplied sentence context.,narration,former_president,AI-classified; not human-validated
f895dad9605b3f61aba39386,Lyndon B. Johnson,Harry S. Truman,/the-presidency/presidential-speeches/june-25-1965-remarks-20th-anniversary-un-charter,20,1965-06-25 17:00:00,The Cold War,Harry S. Truman,other/unclear,neutral,"Secretary General, Your Excellencies, distinguished representatives, Governor Brown, ladies and gentlemen: On my journey across the continent, I stopped in the State of Missouri, and there I met with the man who made the first such pilgrimage here 20 years ago as the 33rd President of the United States--Harry S.",Fixed-rubric classification from the supplied sentence context.,narration,former_president,AI-classified; not human-validated
a962b78a83b43fdd345f4571,Lyndon B. Johnson,Harry S. Truman,/the-presidency/presidential-speeches/june-25-1965-remarks-20th-anniversary-un-charter,20,1965-06-25 17:00:00,The Cold War,Mr. Truman,other/unclear,neutral,Mr.,Fixed-rubric classification from the supplied sentence context.,narration,former_president,AI-classified; not human-validated
3858c7f9a2f1d237f65d7875,Franklin D. Roosevelt,George Washington,/the-presidency/presidential-speeches/june-27-1936-democratic-national-convention,2,1936-06-27 17:00:00,War & New Deal,Washington,other/unclear,neutral,"But the rush of modern civilization itself has raised for us new difficulties, new problems which must be solved if we are to preserve to the United States the political and economic freedom for which Washington and Jefferson planned and fought.",Fixed-rubric classification from the supplied sentence context.,narration,former_president,AI-classified; not human-validated
cb92dd12ac279abd15bf985b,Franklin D. Roosevelt,Thomas Jefferson,/the-presidency/presidential-speeches/june-27-1936-democratic-national-convention,2,1936-06-27 17:00:00,War & New Deal,Jefferson,other/unclear,neutral,"But the rush of modern civilization itself has raised for us new difficulties, new problems which must be solved if we are to preserve to the United States the political and economic freedom for which Washington and Jefferson planned and fought.",Fixed-rubric classification from the supplied sentence context.,narration,former_president,AI-classified; not human-validated
4a131deea8a56f0a481ee28f,Franklin D. Roosevelt,George Washington,/the-presidency/presidential-speeches/june-28-1934-fireside-chat-5-addressing-critics,1,1934-06-28 17:00:00,War & New Deal,President Washington,institutional precedent,neutral,"It has been well said that while there were a few exceptions, this Congress displayed a greater freedom from mere partisanship than any other peace-time Congress since the Administration of President Washington himself.",Fixed-rubric classification from the supplied sentence context.,narration,former_president,AI-classified; not human-validated
6e06b305f7ff9f2a098be3cf,Harry S. Truman,Franklin D. Roosevelt,/the-presidency/presidential-speeches/june-29-1947-address-naacp,8,1947-06-29 18:00:00,The Cold War,Franklin D. Roosevelt,other/unclear,neutral,Franklin D.,Fixed-rubric classification from the supplied sentence context.,narration,former_president,AI-classified; not human-validated
40663ce467ef581c62d42a97,Harry S. Truman,Abraham Lincoln,/the-presidency/presidential-speeches/june-29-1947-address-naacp,8,1947-06-29 18:00:00,The Cold War,Abraham Lincoln,other/unclear,neutral,Abraham Lincoln understood so well the ideal which you and I seek today.,Fixed-rubric classification from the supplied sentence context.,narration,former_president,AI-classified; not human-validated
8d11f31389b5c2e1e410e5f6,Ronald Reagan,George W. Bush,/the-presidency/presidential-speeches/june-29-1981-speech-naacp-annual-convention,6,1981-06-29 18:00:00,The Cold War,President Bush,other/unclear,neutral,"I appointed Vice President Bush to head this Federal task force, and its work will continue until this tragic episode is over.",Fixed-rubric classification from the supplied sentence context.,narration,not_yet_president,AI-classified; not human-validated
e958741ed8c1441e025a3408,Ronald Reagan,John F. Kennedy,/the-presidency/presidential-speeches/june-29-1981-speech-naacp-annual-convention,24,1981-06-29 18:00:00,The Cold War,John F. Kennedy,other/unclear,neutral,There's a truth to the words spoken by John F.,Fixed-rubric classification from the supplied sentence context.,narration,former_president,AI-classified; not human-validated
558175b5132aa3c0a3fc1d38,Ronald Reagan,John F. Kennedy,/the-presidency/presidential-speeches/june-29-1981-speech-naacp-annual-convention,24,1981-06-29 18:00:00,The Cold War,John Kennedy,other/unclear,neutral,""" Well, I believe John Kennedy's figure of speech was referring to the benefits which accrue to all when the economy is flourishing.",Fixed-rubric classification from the supplied sentence context.,deliberate_quotation,former_president,AI-classified; not human-validated
fe53350897f64636862bb709,Lyndon B. Johnson,Harry S. Truman,/the-presidency/presidential-speeches/june-30-1966-remarks-omaha-nebraska,20,1966-06-30 17:00:00,The Cold War,Harry S. Truman,other/unclear,neutral,Because President Harry S.,Fixed-rubric classification from the supplied sentence context.,narration,former_president,AI-classified; not human-validated
1a0a7178fc18634ad1e276b5,Barack Obama,John Adams,/the-presidency/presidential-speeches/june-4-2009-address-cairo-university,7,2009-06-04 18:00:00,Post-Cold War,John Adams,policy inheritance,neutral,"In signing the Treaty of Tripoli in 1796, our second President, John Adams, wrote: ""The United States has in itself no character of enmity against the laws, religion, or tranquillity of",Fixed-rubric classification from the supplied sentence context.,deliberate_quotation,former_president,AI-classified; not human-validated
fdd3fc85ae70df99112dbd80,Barack Obama,Thomas Jefferson,/the-presidency/presidential-speeches/june-4-2009-address-cairo-university,7,2009-06-04 18:00:00,Post-Cold War,Thomas Jefferson,institutional precedent,neutral,"And when the first Muslim American was recently elected to Congress, he took the oath to defend our Constitution using the same Holy Koran that one of our Founding Fathers, Thomas Jefferson, kept in his personal library.",Fixed-rubric classification from the supplied sentence context.,narration,former_president,AI-classified; not human-validated
3e96c22fb23967dec0a1e55e,Barack Obama,Thomas Jefferson,/the-presidency/presidential-speeches/june-4-2009-address-cairo-university,20,2009-06-04 18:00:00,Post-Cold War,Thomas Jefferson,other/unclear,positive,"Indeed, we can recall the words of Thomas Jefferson, who said: ""I hope that our wisdom will grow with our power and teach us that the less we use our power, the greater it will",Fixed-rubric classification from the supplied sentence context.,deliberate_quotation,former_president,AI-classified; not human-validated
a9f7a530434d96a08f5b1c06,Bill Clinton,John F. Kennedy,/the-presidency/presidential-speeches/june-6-1993-speech-25th-anniversary-memorial-mass-robert-f,1,1993-06-06 18:00:00,Post-Cold War,President Kennedy,other/unclear,neutral,"For in Robert Kennedy we all invested our hopes and our dreams that somehow we might redeem the promise of the America we then feared we were losing, somehow we might call back the promise of President Kennedy and Martin Luther King and heal the divisions of Vietnam and the violence and pain in our own country.",Fixed-rubric classification from the supplied sentence context.,narration,former_president,AI-classified; not human-validated
892a9a348d533135fed4c5b6,Bill Clinton,John F. Kennedy,/the-presidency/presidential-speeches/june-6-1993-speech-25th-anniversary-memorial-mass-robert-f,5,1993-06-06 18:00:00,Post-Cold War,President Kennedy,other/unclear,neutral,Some still believe we lost what is best about America when President Kennedy and Martin Luther King and Robert Kennedy were killed.,Fixed-rubric classification from the supplied sentence context.,narration,former_president,AI-classified; not human-validated
77d3bee0be8dd21738bf323d,George W. Bush,Harry S. Truman,/the-presidency/presidential-speeches/june-6-2002-address-nation-department-homeland-security,15,2002-06-07 02:00:00,Post-Cold War,Truman,other/unclear,neutral,"During his presidency, Harry Truman recognized that our nation's fragmented defenses had to be reorganized to win the Cold War.",Fixed-rubric classification from the supplied sentence context.,narration,former_president,AI-classified; not human-validated
4cefc3efcc96a435846d01d7,George W. Bush,Harry S. Truman,/the-presidency/presidential-speeches/june-6-2002-address-nation-department-homeland-security,15,2002-06-07 02:00:00,Post-Cold War,Truman,other/unclear,neutral,"Truman's reforms are still helping us to fight terror abroad, and now we need similar dramatic reforms to secure our people at home.",Fixed-rubric classification from the supplied sentence context.,narration,former_president,AI-classified; not human-validated
fb2ce721465ec5c7aee7215b,John F. Kennedy,Woodrow Wilson,/the-presidency/presidential-speeches/june-7-1961-remarks-graduating-class-us-naval-academy,2,1961-06-07 17:00:00,The Cold War,Woodrow Wilson,other/unclear,neutral,"Nearly a half century ago, President Woodrow Wilson came here to Annapolis on a similar mission, and addressed the Class of 1914.",Fixed-rubric classification from the supplied sentence context.,narration,former_president,AI-classified; not human-validated
2f61436defa294cc29536847,John F. Kennedy,Woodrow Wilson,/the-presidency/presidential-speeches/june-7-1961-remarks-graduating-class-us-naval-academy,3,1961-06-07 17:00:00,The Cold War,Wilson,other/unclear,neutral,"The autumn after Wilson came to Annapolis, the Victorian world began to fall to pieces, and our world one-half a century later is vastly different.",Fixed-rubric classification from the supplied sentence context.,narration,former_president,AI-classified; not human-validated
da77149d553b215534939dd4,John F. Kennedy,Woodrow Wilson,/the-presidency/presidential-speeches/june-7-1961-remarks-graduating-class-us-naval-academy,8,1961-06-07 17:00:00,The Cold War,Woodrow Wilson,institutional precedent,neutral,"Woodrow Wilson reminded your predecessors that you were not serving a government or an administration, but a people.",Fixed-rubric classification from the supplied sentence context.,narration,former_president,AI-classified; not human-validated
b418ed23341815bac964158e,George W. Bush,John F. Kennedy,/the-presidency/presidential-speeches/june-7-2001-remarks-signing-economic-growth-and-tax-relief,1,2001-06-07 18:00:00,Post-Cold War,President Kennedy,policy inheritance,neutral,"In fact, since World War II, it has happened only twice: President Kennedy's tax cut in the sixties and President Reagan's tax cuts in the 1980s.",Fixed-rubric classification from the supplied sentence context.,narration,former_president,AI-classified; not human-validated
c410f5adf629d7b37d31a104,George W. Bush,Ronald Reagan,/the-presidency/presidential-speeches/june-7-2001-remarks-signing-economic-growth-and-tax-relief,1,2001-06-07 18:00:00,Post-Cold War,President Reagan,policy inheritance,neutral,"In fact, since World War II, it has happened only twice: President Kennedy's tax cut in the sixties and President Reagan's tax cuts in the 1980s.",Fixed-rubric classification from the supplied sentence context.,narration,former_president,AI-classified; not human-validated
cbda9631330760dbe3b6b96f,Ronald Reagan,Thomas Jefferson,/the-presidency/presidential-speeches/june-8-1982-address-british-parliament,2,1982-06-08 18:00:00,The Cold War,Thomas Jefferson,other/unclear,positive,"She suggested it was best to let bygones be bygones, and in view of our two countries' remarkable friendship in succeeding years, she added that most Englishmen today would agree with Thomas Jefferson that ""a little rebellion now and then is a very good",Fixed-rubric classification from the supplied sentence context.,deliberate_quotation,former_president,AI-classified; not human-validated
abea04172af5f7856b4bb835,Joe Biden,Barack Obama,/the-presidency/presidential-speeches/march-1-2022-state-union-address,87,2022-03-02 02:00:00,The present era,President Obama,policy inheritance,neutral,"Last month, I announced our plan to supercharge the Cancer Moonshot that President Obama asked me to lead six years ago.",Fixed-rubric classification from the supplied sentence context.,narration,former_president,AI-classified; not human-validated
66ad2d8058a456e735aeb015,John F. Kennedy,Dwight D. Eisenhower,/the-presidency/presidential-speeches/march-13-1961-address-diplomatic-corps-latin-america,12,1961-03-13 18:00:00,The Cold War,President Eisenhower,other/unclear,neutral,"This is the first large-scale Inter-American effort, instituted by my predecessor President Eisenhower, to attack the social barriers which block economic progress.",Fixed-rubric classification from the supplied sentence context.,narration,former_president,AI-classified; not human-validated
734014e465732e602395b690,John F. Kennedy,George Washington,/the-presidency/presidential-speeches/march-13-1961-address-diplomatic-corps-latin-america,21,1961-03-13 18:00:00,The Cold War,Washington,other/unclear,neutral,"But we call for social change by free men-change in the spirit of Washington and Jefferson, of Bolivar and San Martin and Martin--not change which seeks to impose on men tyrannies which we cast out a century and a half ago.",Fixed-rubric classification from the supplied sentence context.,narration,former_president,AI-classified; not human-validated
cfca5323ef3597029f70b6d1,John F. Kennedy,Thomas Jefferson,/the-presidency/presidential-speeches/march-13-1961-address-diplomatic-corps-latin-america,21,1961-03-13 18:00:00,The Cold War,Jefferson,other/unclear,neutral,"But we call for social change by free men-change in the spirit of Washington and Jefferson, of Bolivar and San Martin and Martin--not change which seeks to impose on men tyrannies which we cast out a century and a half ago.",Fixed-rubric classification from the supplied sentence context.,narration,former_president,AI-classified; not human-validated
5dd0047aaf65dffd5d66f799,Lyndon B. Johnson,Dwight D. Eisenhower,/the-presidency/presidential-speeches/march-13-1965-press-conference-white-house,28,1965-03-13 18:00:00,The Cold War,President Eisenhower,policy inheritance,neutral,"I would say that our policy there is the policy that was established by President Eisenhower, as I have stated, since I have been President, 46 different times, the policy carried on by President Kennedy, and the policy that we are now carrying on.",Fixed-rubric classification from the supplied sentence context.,narration,former_president,AI-classified; not human-validated
b16d886ef4046fd72c0995a6,Lyndon B. Johnson,John F. Kennedy,/the-presidency/presidential-speeches/march-13-1965-press-conference-white-house,28,1965-03-13 18:00:00,The Cold War,President Kennedy,policy inheritance,neutral,"I would say that our policy there is the policy that was established by President Eisenhower, as I have stated, since I have been President, 46 different times, the policy carried on by President Kennedy, and the policy that we are now carrying on.",Fixed-rubric classification from the supplied sentence context.,narration,former_president,AI-classified; not human-validated
fea1c15ecac2bef51d76c09e,Lyndon B. Johnson,John F. Kennedy,/the-presidency/presidential-speeches/march-13-1965-press-conference-white-house,38,1965-03-13 18:00:00,The Cold War,President Kennedy,institutional precedent,neutral,"As you know, President Kennedy in the Kennedy-Johnson administration in 1963, in the civil rights measure that I counseled on and worked on and approved, submitted to the Congress a voting rights section that provided, however, for voting only in Federal elections.",Fixed-rubric classification from the supplied sentence context.,narration,former_president,AI-classified; not human-validated
a013c1abfb702434c4ed4b83,Franklin D. Roosevelt,George Washington,/the-presidency/presidential-speeches/march-15-1941-lend-lease,16,1941-03-15 19:00:00,War & New Deal,Washington,other/unclear,neutral,No better men ever served under Washington or John Paul Jones or Grant or Lee or Pershing.,Fixed-rubric classification from the supplied sentence context.,narration,former_president,AI-classified; not human-validated
ecea6cf8df5193e86ebf02b5,Harry S. Truman,Franklin D. Roosevelt,/the-presidency/presidential-speeches/march-15-1952-columbia-scholastic-press-association,2,1952-03-15 18:00:00,The Cold War,President Roosevelt,other/unclear,positive,"President Roosevelt said he was one of the great progressives of our times, but he was ahead of his time.",Fixed-rubric classification from the supplied sentence context.,narration,former_president,AI-classified; not human-validated
c76b0438e730bfded208f3a2,Harry S. Truman,Woodrow Wilson,/the-presidency/presidential-speeches/march-15-1952-columbia-scholastic-press-association,4,1952-03-15 18:00:00,The Cold War,Woodrow Wilson,other/unclear,neutral,Another convention that I remember very well was the one at Baltimore when Woodrow Wilson was nominated.,Fixed-rubric classification from the supplied sentence context.,narration,former_president,AI-classified; not human-validated
7f97e714c996e22e08d0ba46,Harry S. Truman,Woodrow Wilson,/the-presidency/presidential-speeches/march-15-1952-columbia-scholastic-press-association,5,1952-03-15 18:00:00,The Cold War,Woodrow Wilson,other/unclear,neutral,And that is how I found out that Woodrow Wilson had been nominated.,Fixed-rubric classification from the supplied sentence context.,narration,former_president,AI-classified; not human-validated
8ff329de04479e661fd9c4d9,Lyndon B. Johnson,Abraham Lincoln,/the-presidency/presidential-speeches/march-15-1965-speech-congress-voting-rights,21,1965-03-15 18:00:00,The Cold War,Abraham Lincoln,other/unclear,positive,"It was more than a hundred years ago that Abraham Lincoln, a great President of another party, signed the Emancipation Proclamation, but emancipation is a proclamation and not a fact.",Fixed-rubric classification from the supplied sentence context.,narration,former_president,AI-classified; not human-validated
1f88ffb279e248ea42507f15,Lyndon B. Johnson,Franklin D. Roosevelt,/the-presidency/presidential-speeches/march-15-1965-speech-congress-voting-rights,39,1965-03-15 18:00:00,The Cold War,President Roosevelt,institutional precedent,neutral,"McCulloch, and other Members of both parties, I came here tonight - not as President Roosevelt came down one time in person to veto a bonus bill, not as President Truman came down one time to urge the passage of a railroad bill - but I came down here to ask you to share this task with me and to share it with the people that we both work for.",Fixed-rubric classification from the supplied sentence context.,narration,former_president,AI-classified; not human-validated
10b8b3bfc098308066f8d8ca,Lyndon B. Johnson,Harry S. Truman,/the-presidency/presidential-speeches/march-15-1965-speech-congress-voting-rights,39,1965-03-15 18:00:00,The Cold War,President Truman,institutional precedent,neutral,"McCulloch, and other Members of both parties, I came here tonight - not as President Roosevelt came down one time in person to veto a bonus bill, not as President Truman came down one time to urge the passage of a railroad bill - but I came down here to ask you to share this task with me and to share it with the people that we both work for.",Fixed-rubric classification from the supplied sentence context.,narration,former_president,AI-classified; not human-validated
4e4b355169e8c27ab0e64e50,Lyndon B. Johnson,Andrew Jackson,/the-presidency/presidential-speeches/march-15-1967-address-vietnam-tennessee-general-assembly,1,1967-03-15 18:00:00,The Cold War,Andrew Jackson,other/unclear,neutral,"This morning, I visited the Hermitage, the historic home of Andrew Jackson.",Fixed-rubric classification from the supplied sentence context.,narration,former_president,AI-classified; not human-validated
bd93c5e91fe61b5d573e8edb,Lyndon B. Johnson,Andrew Jackson,/the-presidency/presidential-speeches/march-15-1967-address-vietnam-tennessee-general-assembly,1,1967-03-15 18:00:00,The Cold War,Andrew Jackson,other/unclear,neutral,"In our time, as in Andrew Jackson's, freedom has its price.",Fixed-rubric classification from the supplied sentence context.,narration,former_president,AI-classified; not human-validated
a844d4fbac06d1458412c69d,Lyndon B. Johnson,Andrew Jackson,/the-presidency/presidential-speeches/march-15-1967-address-vietnam-tennessee-general-assembly,2,1967-03-15 18:00:00,The Cold War,Jackson,legacy/inheritance,positive,"In our time, as in Jackson's time, courage and vision, and the willingness to sacrifice, will sustain the cause of freedom.",Fixed-rubric classification from the supplied sentence context.,narration,former_president,AI-classified; not human-validated
833914b1898b0fe908b21e7b,Lyndon B. Johnson,Andrew Jackson,/the-presidency/presidential-speeches/march-15-1967-address-vietnam-tennessee-general-assembly,4,1967-03-15 18:00:00,The Cold War,Andrew Jackson,other/unclear,neutral,Andrew Jackson would never have been surprised at the choice we made.,Fixed-rubric classification from the supplied sentence context.,narration,former_president,AI-classified; not human-validated
2658a70ca0473dee63e392aa,Lyndon B. Johnson,Abraham Lincoln,/the-presidency/presidential-speeches/march-20-1965-press-conference-lbj-ranch,5,1965-03-20 18:00:00,The Cold War,Abraham Lincoln,other/unclear,positive,In other times a great President--President Abraham Lincoln--said that he was confident that we would be touched by the better angels of our nature.,Fixed-rubric classification from the supplied sentence context.,narration,former_president,AI-classified; not human-validated
39e37ade95a4f876f67e61f5,Lyndon B. Johnson,Harry S. Truman,/the-presidency/presidential-speeches/march-20-1965-press-conference-lbj-ranch,24,1965-03-20 18:00:00,The Cold War,President Truman,other/unclear,neutral,Some of you who used to enjoy those walks when they were scheduled a little earlier with President Truman and from time to time those of you who enjoy them will be invited back again.,Fixed-rubric classification from the supplied sentence context.,narration,former_president,AI-classified; not human-validated
0b85414c8103fd777b9d6d45,Barack Obama,Harry S. Truman,/the-presidency/presidential-speeches/march-21-2013-address-people-israel,7,2013-03-21 05:00:00,Post-Cold War,President Truman,other/unclear,positive,"As President Truman said in explaining his decision to recognize Israel, he said, ""I believe it has a glorious future before it not just as another sovereign nation, but as an embodiment of the great ideals of our",Fixed-rubric classification from the supplied sentence context.,deliberate_quotation,former_president,AI-classified; not human-validated
17f3c8083cf8fe06a089b7ab,John F. Kennedy,Abraham Lincoln,/the-presidency/presidential-speeches/march-23-1962-address-university-california-berkeley,1,1962-03-23 18:00:00,The Cold War,Abraham Lincoln,policy inheritance,positive,"For this university and so many other universities across our country owe their birth to the most extraordinary piece of legislation which this country has ever adopted, and that is the Morrill Act, signed by President Abraham Lincoln in the darkest and most uncertain days of the Civil War, which set before the country the opportunity to build the great land-grant colleges, of which this is so distinguished a part.",Fixed-rubric classification from the supplied sentence context.,narration,former_president,AI-classified; not human-validated
f5337bf330b3f75c15379e3d,John F. Kennedy,Woodrow Wilson,/the-presidency/presidential-speeches/march-23-1962-address-university-california-berkeley,3,1962-03-23 18:00:00,The Cold War,Woodrow Wilson,other/unclear,neutral,"""Every man,"" said Professor Woodrow Wilson, ""sent out from a university should be a man of his nation as well as a man of his",Fixed-rubric classification from the supplied sentence context.,deliberate_quotation,former_president,AI-classified; not human-validated
a2c4cec28537a94b73d38db6,Lyndon B. Johnson,John Adams,/the-presidency/presidential-speeches/march-26-1965-remarks-reception-astronauts-grissom-and-young,1,1965-03-26 18:00:00,The Cold War,John Adams,other/unclear,positive,"For 165 years this room has witnessed great moments of our history, and it has known great men of our past, from John Adams to John Kennedy.",Fixed-rubric classification from the supplied sentence context.,narration,former_president,AI-classified; not human-validated
e7fe40deb48f0acc50d78a7c,Lyndon B. Johnson,John F. Kennedy,/the-presidency/presidential-speeches/march-26-1965-remarks-reception-astronauts-grissom-and-young,1,1965-03-26 18:00:00,The Cold War,John Kennedy,other/unclear,positive,"For 165 years this room has witnessed great moments of our history, and it has known great men of our past, from John Adams to John Kennedy.",Fixed-rubric classification from the supplied sentence context.,narration,former_president,AI-classified; not human-validated
3291c685b7a5d103287161fa,Lyndon B. Johnson,Dwight D. Eisenhower,/the-presidency/presidential-speeches/march-26-1965-remarks-reception-astronauts-grissom-and-young,7,1965-03-26 18:00:00,The Cold War,President Eisenhower,other/unclear,positive,I just wish it were possible for the two great Presidents who provided such outstanding leadership in this field--President Eisenhower and President Kennedy--to be here to share these pleasures and joys with us.,Fixed-rubric classification from the supplied sentence context.,narration,former_president,AI-classified; not human-validated
569265469af43533622868f9,Lyndon B. Johnson,John F. Kennedy,/the-presidency/presidential-speeches/march-26-1965-remarks-reception-astronauts-grissom-and-young,7,1965-03-26 18:00:00,The Cold War,President Kennedy,other/unclear,positive,I just wish it were possible for the two great Presidents who provided such outstanding leadership in this field--President Eisenhower and President Kennedy--to be here to share these pleasures and joys with us.,Fixed-rubric classification from the supplied sentence context.,narration,former_president,AI-classified; not human-validated
d8d8a0831d8788ea811602d5,Lyndon B. Johnson,Dwight D. Eisenhower,/the-presidency/presidential-speeches/march-26-1965-remarks-reception-astronauts-grissom-and-young,8,1965-03-26 18:00:00,The Cold War,President Eisenhower,ceremonial/biographical,positive,"It was during President Eisenhower's administration that the space agency was born, and under his leadership that it grew and developed.",Fixed-rubric classification from the supplied sentence context.,narration,former_president,AI-classified; not human-validated
34a612633bdc878ba9279d50,Lyndon B. Johnson,John F. Kennedy,/the-presidency/presidential-speeches/march-26-1965-remarks-reception-astronauts-grissom-and-young,8,1965-03-26 18:00:00,The Cold War,President Kennedy,legacy/inheritance,neutral,It was President Kennedy's vision that brought about some of the things that we are here applauding today.,Fixed-rubric classification from the supplied sentence context.,narration,former_president,AI-classified; not human-validated
6f11a4d2346630b2dd7ceb7e,Lyndon B. Johnson,Herbert Hoover,/the-presidency/presidential-speeches/march-26-1965-statement-arrests-violo-liuzzo-murder,3,1965-03-26 18:00:00,The Cold War,Mr. Hoover,other/unclear,neutral,I cannot express myself too strongly in praising Mr.,Fixed-rubric classification from the supplied sentence context.,narration,former_president,AI-classified; not human-validated
9bb59794f70c24e46e3c40c2,Joe Biden,Abraham Lincoln,/the-presidency/presidential-speeches/march-26-2022-remarks-support-people-ukraine,10,2022-03-26 22:00:00,The present era,Abraham Lincoln,other/unclear,neutral,"In my own country, a former president named Abraham Lincoln voiced the opposing spirit to save our Union in the midst of a civil war.",Fixed-rubric classification from the supplied sentence context.,narration,former_president,AI-classified; not human-validated
d8b84f4f7069379070560fcb,Harry S. Truman,Thomas Jefferson,/the-presidency/presidential-speeches/march-29-1952-jefferson-jackson-day-dinner,0,1952-03-29 18:00:00,The Cold War,Jefferson,other/unclear,neutral,This makes seven Jefferson-Jackson dinners that I have spoken to in the city of Washington.,Fixed-rubric classification from the supplied sentence context.,narration,former_president,AI-classified; not human-validated
a70cd97d06c942cd557c1bec,Harry S. Truman,Thomas Jefferson,/the-presidency/presidential-speeches/march-29-1952-jefferson-jackson-day-dinner,24,1952-03-29 18:00:00,The Cold War,Jefferson,other/unclear,neutral,"We hold to the ideal that goes back to Jefferson, that a farmer should have the opportunity to own his farm, to share in the benefits of scientific progress, and to secure a fair income for his efforts.",Fixed-rubric classification from the supplied sentence context.,narration,former_president,AI-classified; not human-validated
4921419e3faed4e5af622eb4,Lyndon B. Johnson,John F. Kennedy,/the-presidency/presidential-speeches/march-31-1968-remarks-decision-not-seek-re-election,26,1968-03-31 18:00:00,The Cold War,John F. Kennedy,other/unclear,neutral,""" Since those words were spoken by John F.",Fixed-rubric classification from the supplied sentence context.,narration,former_president,AI-classified; not human-validated
73358ee76d699335a100caf8,William Harrison,Thomas Jefferson,/the-presidency/presidential-speeches/march-4-1841-inaugural-address,11,1841-03-04 17:59:58,Expansion,Mr. Jefferson,other/unclear,neutral,The sagacious mind of Mr.,Fixed-rubric classification from the supplied sentence context.,narration,former_president,AI-classified; not human-validated
81051aaf9ad01cc102ec0e66,William Harrison,James Madison,/the-presidency/presidential-speeches/march-4-1841-inaugural-address,21,1841-03-04 17:59:58,Expansion,Mr. Madison,institutional precedent,positive,In reference to the second of these objects I may observe that I consider it the right and privilege of the people to decide disputed points of the Constitution arising from the general grant of power to Congress to carry into effect the powers expressly given; and I believe with Mr.,Fixed-rubric classification from the supplied sentence context.,narration,former_president,AI-classified; not human-validated
9c0bf2a0e194f61263b6da32,William Harrison,Thomas Jefferson,/the-presidency/presidential-speeches/march-4-1841-inaugural-address,24,1841-03-04 17:59:58,Expansion,Mr. Jefferson,other/unclear,neutral,"Of trifling importance at first, it had early in Mr.",Fixed-rubric classification from the supplied sentence context.,narration,former_president,AI-classified; not human-validated
1c298c42ce01e180076a96c0,William Harrison,Thomas Jefferson,/the-presidency/presidential-speeches/march-4-1841-inaugural-address,28,1841-03-04 17:59:58,Expansion,Mr. Jefferson,other/unclear,neutral,The influence of the Executive in controlling the freedom of the elective franchise through the medium of the public officers can be effectually checked by renewing the prohibition published by Mr.,Fixed-rubric classification from the supplied sentence context.,narration,former_president,AI-classified; not human-validated
58506dc073024d370c180252,William Harrison,Thomas Jefferson,/the-presidency/presidential-speeches/march-4-1841-inaugural-address,55,1841-03-04 17:59:58,Expansion,Mr. Jefferson,other/unclear,neutral,"I wish for the support of no member of that body to any measure of mine that does not satisfy his judgment and his sense of duty to those from whom he holds his appointment, nor any confidence in advance from the people but that asked for by Mr.",Fixed-rubric classification from the supplied sentence context.,narration,former_president,AI-classified; not human-validated
076bd6dfbb6cb3052a2a9f39,Grover Cleveland,James Monroe,/the-presidency/presidential-speeches/march-4-1885-first-inaugural-address,7,1885-03-04 18:00:00,The Gilded Age,Monroe,other/unclear,neutral,"It is the policyof Monroe and of Washington and Jefferson-- ""Peace, commerce, and honestfriendship with all nations; entangling alliance with",Fixed-rubric classification from the supplied sentence context.,deliberate_quotation,former_president,AI-classified; not human-validated
9e560a501e8f710735944207,Grover Cleveland,George Washington,/the-presidency/presidential-speeches/march-4-1885-first-inaugural-address,7,1885-03-04 18:00:00,The Gilded Age,Washington,other/unclear,neutral,"It is the policyof Monroe and of Washington and Jefferson-- ""Peace, commerce, and honestfriendship with all nations; entangling alliance with",Fixed-rubric classification from the supplied sentence context.,deliberate_quotation,former_president,AI-classified; not human-validated
97c99505092f1f1c8492734f,Grover Cleveland,Thomas Jefferson,/the-presidency/presidential-speeches/march-4-1885-first-inaugural-address,7,1885-03-04 18:00:00,The Gilded Age,Jefferson,other/unclear,neutral,"It is the policyof Monroe and of Washington and Jefferson-- ""Peace, commerce, and honestfriendship with all nations; entangling alliance with",Fixed-rubric classification from the supplied sentence context.,deliberate_quotation,former_president,AI-classified; not human-validated
c642f86dd32b61721e320693,Benjamin Harrison,George Washington,/the-presidency/presidential-speeches/march-4-1889-inaugural-address,1,1889-03-04 18:00:00,The Gilded Age,President Washington,institutional precedent,neutral,"The first inauguration of President Washington took place in New York,where Congress was then sitting, on the 30th day of April, 1789, havingbeen deferred by reason of delays attending the organization of the Congressand the canvass of the electoral vote.",Fixed-rubric classification from the supplied sentence context.,narration,former_president,AI-classified; not human-validated
f5c0f59dad8d7c87b825f868,Theodore Roosevelt,Abraham Lincoln,/the-presidency/presidential-speeches/march-4-1905-inaugural-address,6,1905-03-04 18:00:00,Progressives & Depression,Abraham Lincoln,other/unclear,positive,"To do so we must show, not merely in greatcrises, but in the everyday affairs of life, the qualities of practicalintelligence, of courage, of hardihood, and endurance, and above all thepower of devotion to a lofty ideal, which made great the men who foundedthis Republic in the days of Washington, which made great the men who preservedthis Republic in the days of Abraham Lincoln.",Fixed-rubric classification from the supplied sentence context.,narration,former_president,AI-classified; not human-validated
d8994edbff7407364e68e882,William Taft,James Monroe,/the-presidency/presidential-speeches/march-4-1909-inaugural-address,10,1909-03-04 18:00:00,Progressives & Depression,President Monroe,policy inheritance,neutral,"We should have an army so organized and so officered as to be capablein time of emergency, in cooperation with the national militia and underthe provisions of a proper national volunteer law, rapidly to expand intoa force sufficient to resist all probable invasion from abroad and to furnisha respectable expeditionary force if necessary in the maintenance of ourtraditional American policy which bears the name of President Monroe.",Fixed-rubric classification from the supplied sentence context.,narration,former_president,AI-classified; not human-validated
465a9b8497e5f75586145e74,Calvin Coolidge,James Monroe,/the-presidency/presidential-speeches/march-4-1925-inaugural-address,2,1925-03-04 18:00:00,Progressives & Depression,Monroe,other/unclear,neutral,"A little less than 50 years later that freedom and independence were reasserted in the face of all the world, and guarded, supported, and secured by the Monroe doctrine.",Fixed-rubric classification from the supplied sentence context.,narration,former_president,AI-classified; not human-validated
194b4c37f38e3f9c2f2e5889,Herbert Hoover,Calvin Coolidge,/the-presidency/presidential-speeches/march-4-1929-inaugural-address,2,1929-03-04 06:00:00,Progressives & Depression,Calvin Coolidge,other/unclear,positive,For wise guidance in this great period of recovery the Nation is deeply indebted to Calvin Coolidge.,Fixed-rubric classification from the supplied sentence context.,narration,former_president,AI-classified; not human-validated
37ceb070bb4e434ba8919096,Franklin D. Roosevelt,Herbert Hoover,/the-presidency/presidential-speeches/march-4-1933-first-inaugural-address,0,1933-03-04 18:00:00,War & New Deal,President Hoover,other/unclear,neutral,"President Hoover, Mr.",Fixed-rubric classification from the supplied sentence context.,narration,former_president,AI-classified; not human-validated
329422a89416e1ebfd35b2d0,Ronald Reagan,George W. Bush,/the-presidency/presidential-speeches/march-4-1987-address-nation-iran-contra,12,1987-03-04 18:00:00,The Cold War,President Bush,policy inheritance,neutral,I have asked Vice President Bush to reconvene his task force on terrorism to review our terrorist policy in light of the events that have occurred.,Fixed-rubric classification from the supplied sentence context.,narration,not_yet_president,AI-classified; not human-validated
b8d33c2f6cdc4392e6f1fb54,Rutherford B. Hayes,Ulysses S. Grant,/the-presidency/presidential-speeches/march-5-1877-inaugural-address,15,1877-03-05 17:59:58,Civil War & Reconstruction,President Grant,legacy/inheritance,neutral,"The policy inaugurated by my honored predecessor, President Grant, of submitting to arbitration grave questions in dispute between ourselves and foreign powers points to a new, and incomparably the best, instrumentality for the preservation of peace, and will, as I believe, become a beneficent example of the course to be pursued in similar emergencies by other nations.",Fixed-rubric classification from the supplied sentence context.,narration,former_president,AI-classified; not human-validated
44aeec3012e30675a198d6f1,Lyndon B. Johnson,Harry S. Truman,/the-presidency/presidential-speeches/march-7-1964-press-conference-white-house,0,1964-03-07 18:00:00,The Cold War,President Truman,other/unclear,neutral,President Truman and Mrs.,Fixed-rubric classification from the supplied sentence context.,narration,former_president,AI-classified; not human-validated
833840bf1b5de5e00196f579,Lyndon B. Johnson,John F. Kennedy,/the-presidency/presidential-speeches/march-7-1964-press-conference-white-house,6,1964-03-07 18:00:00,The Cold War,President Kennedy,other/unclear,neutral,"The format and the ground rules will be similar to those set up by President Kennedy's conversation with the networks in 1962, and his projected conversation with them in 1963.",Fixed-rubric classification from the supplied sentence context.,narration,former_president,AI-classified; not human-validated
0ea135fe0461cc7de5907569,Lyndon B. Johnson,Harry S. Truman,/the-presidency/presidential-speeches/march-7-1964-press-conference-white-house,8,1964-03-07 18:00:00,The Cold War,Truman,other/unclear,neutral,"Harry Truman, Dr.",Fixed-rubric classification from the supplied sentence context.,narration,former_president,AI-classified; not human-validated
c499fadb57090bd08e22520e,Lyndon B. Johnson,Chester A. Arthur,/the-presidency/presidential-speeches/march-7-1964-press-conference-white-house,8,1964-03-07 18:00:00,The Cold War,Mr. Arthur,other/unclear,neutral,"Alfred Gruenther, Mr.",Fixed-rubric classification from the supplied sentence context.,narration,former_president,AI-classified; not human-validated
5fc326d4673c115ae7ee9ecc,Lyndon B. Johnson,John F. Kennedy,/the-presidency/presidential-speeches/march-7-1964-press-conference-white-house,10,1964-03-07 18:00:00,The Cold War,John F. Kennedy,other/unclear,neutral,John F.,Fixed-rubric classification from the supplied sentence context.,narration,former_president,AI-classified; not human-validated
ad37be924c49297f2ee45c5f,Lyndon B. Johnson,Dwight D. Eisenhower,/the-presidency/presidential-speeches/march-7-1964-press-conference-white-house,29,1964-03-07 18:00:00,The Cold War,President Eisenhower,other/unclear,neutral,"I worked very closely with President Eisenhower when he was here, in connection with that problem.",Fixed-rubric classification from the supplied sentence context.,narration,former_president,AI-classified; not human-validated
0c6233111c5bb8d06b22c01e,Barack Obama,Lyndon B. Johnson,/the-presidency/presidential-speeches/march-7-2015-remarks-50th-anniversary-selma-marches,6,2015-03-07 06:00:00,Post-Cold War,President Johnson,other/unclear,neutral,"In time, their chorus would well up and reach President Johnson.",Fixed-rubric classification from the supplied sentence context.,narration,former_president,AI-classified; not human-validated
8a2183becd6f9af8d77eb605,Barack Obama,Thomas Jefferson,/the-presidency/presidential-speeches/march-7-2015-remarks-50th-anniversary-selma-marches,10,2015-03-07 06:00:00,Post-Cold War,Jefferson,historical comparison,positive,"For founders like Franklin and Jefferson, for leaders like Lincoln and FDR, the success of our experiment in self-government rested on engaging all of our citizens in this work.",Fixed-rubric classification from the supplied sentence context.,narration,former_president,AI-classified; not human-validated
124ba273f5c4d4a39aa4250c,Barack Obama,Abraham Lincoln,/the-presidency/presidential-speeches/march-7-2015-remarks-50th-anniversary-selma-marches,10,2015-03-07 06:00:00,Post-Cold War,Lincoln,historical comparison,positive,"For founders like Franklin and Jefferson, for leaders like Lincoln and FDR, the success of our experiment in self-government rested on engaging all of our citizens in this work.",Fixed-rubric classification from the supplied sentence context.,narration,former_president,AI-classified; not human-validated
f40e3189dd94bb0682056df0,Barack Obama,Franklin D. Roosevelt,/the-presidency/presidential-speeches/march-7-2015-remarks-50th-anniversary-selma-marches,10,2015-03-07 06:00:00,Post-Cold War,FDR,historical comparison,positive,"For founders like Franklin and Jefferson, for leaders like Lincoln and FDR, the success of our experiment in self-government rested on engaging all of our citizens in this work.",Fixed-rubric classification from the supplied sentence context.,narration,former_president,AI-classified; not human-validated
a8e5749c0847b855a1127e15,Barack Obama,Ronald Reagan,/the-presidency/presidential-speeches/march-7-2015-remarks-50th-anniversary-selma-marches,24,2015-03-07 06:00:00,Post-Cold War,President Reagan,institutional precedent,neutral,President Reagan signed its renewal when he was in office.,Fixed-rubric classification from the supplied sentence context.,narration,former_president,AI-classified; not human-validated
b4e9e17077f2771871f86729,Barack Obama,George W. Bush,/the-presidency/presidential-speeches/march-7-2015-remarks-50th-anniversary-selma-marches,24,2015-03-07 06:00:00,Post-Cold War,George W. Bush,other/unclear,neutral,President George W.,Fixed-rubric classification from the supplied sentence context.,narration,former_president,AI-classified; not human-validated
fd5ea7da7ab72f11a9f46c3d,Joe Biden,Franklin D. Roosevelt,/the-presidency/presidential-speeches/march-7-2024-state-union-address,0,2024-03-08 02:00:00,The present era,Franklin Roosevelt,other/unclear,neutral,"In January 1941, Franklin Roosevelt came to this chamber to speak to the nation.",Fixed-rubric classification from the supplied sentence context.,narration,former_president,AI-classified; not human-validated
78115bd88dc15da7b0f79a0f,Joe Biden,Franklin D. Roosevelt,/the-presidency/presidential-speeches/march-7-2024-state-union-address,1,2024-03-08 02:00:00,The present era,President Roosevelt,institutional precedent,neutral,President Roosevelt's purpose was to wake up Congress and alert the American people that this was no ordinary time.,Fixed-rubric classification from the supplied sentence context.,narration,former_president,AI-classified; not human-validated
d5fe8dc5c910bb70e2799e8b,Joe Biden,Abraham Lincoln,/the-presidency/presidential-speeches/march-7-2024-state-union-address,1,2024-03-08 02:00:00,The present era,President Lincoln,other/unclear,neutral,Not since President Lincoln and the Civil War have freedom and democracy been under assault at home as they are today.,Fixed-rubric classification from the supplied sentence context.,narration,former_president,AI-classified; not human-validated
6102625752a9eb338fb67b76,Joe Biden,Ronald Reagan,/the-presidency/presidential-speeches/march-7-2024-state-union-address,3,2024-03-08 02:00:00,The present era,Ronald Reagan,other/unclear,neutral,"It wasn't long ago when a Republican president named Ronald Reagan thundered, ""Mr.",Fixed-rubric classification from the supplied sentence context.,deliberate_quotation,former_president,AI-classified; not human-validated
8de3ac55b9d55e237b8a5b6c,Ronald Reagan,Abraham Lincoln,/the-presidency/presidential-speeches/march-8-1983-evil-empire-speech,1,1983-03-08 18:00:00,The Cold War,Abraham Lincoln,other/unclear,neutral,"I think I understand how Abraham Lincoln felt when he said, ""I have been driven many times to my knees by the overwhelming conviction that I had nowhere else to",Fixed-rubric classification from the supplied sentence context.,deliberate_quotation,former_president,AI-classified; not human-validated
789e817ba5f3accb89e47a13,Ronald Reagan,Thomas Jefferson,/the-presidency/presidential-speeches/march-8-1983-evil-empire-speech,5,1983-03-08 18:00:00,The Cold War,Jefferson,other/unclear,neutral,""" Explaining the inalienable rights of men, Jefferson said, ""The God who gave us life, gave us liberty at the same",Fixed-rubric classification from the supplied sentence context.,deliberate_quotation,former_president,AI-classified; not human-validated
717ff47a6b9c4190ce9e7a18,Ronald Reagan,George Washington,/the-presidency/presidential-speeches/march-8-1983-evil-empire-speech,5,1983-03-08 18:00:00,The Cold War,George Washington,other/unclear,neutral,""" And it was George Washington who said that ""of all the dispositions and habits which lead to political prosperity, religion and morality are indispensable",Fixed-rubric classification from the supplied sentence context.,deliberate_quotation,former_president,AI-classified; not human-validated
f82d77213e1fd84bf9b4d7dc,Franklin D. Roosevelt,John Adams,/the-presidency/presidential-speeches/march-9-1937-fireside-chat-9-court-packing,19,1937-03-09 18:00:00,War & New Deal,John Adams,institutional precedent,neutral,"The number of justices has been changed several times before, in the Administration of John Adams and Thomas Jefferson - both signers of the Declaration of Independence - Andrew jackson, Abraham Lincoln and Ulysses S.",Fixed-rubric classification from the supplied sentence context.,narration,former_president,AI-classified; not human-validated
96b2ee99f12e6663f1d8b7fe,Franklin D. Roosevelt,Thomas Jefferson,/the-presidency/presidential-speeches/march-9-1937-fireside-chat-9-court-packing,19,1937-03-09 18:00:00,War & New Deal,Thomas Jefferson,institutional precedent,neutral,"The number of justices has been changed several times before, in the Administration of John Adams and Thomas Jefferson - both signers of the Declaration of Independence - Andrew jackson, Abraham Lincoln and Ulysses S.",Fixed-rubric classification from the supplied sentence context.,narration,former_president,AI-classified; not human-validated
c1a2639a049c399f4e0e8df6,Franklin D. Roosevelt,Andrew Jackson,/the-presidency/presidential-speeches/march-9-1937-fireside-chat-9-court-packing,19,1937-03-09 18:00:00,War & New Deal,Andrew jackson,institutional precedent,neutral,"The number of justices has been changed several times before, in the Administration of John Adams and Thomas Jefferson - both signers of the Declaration of Independence - Andrew jackson, Abraham Lincoln and Ulysses S.",Fixed-rubric classification from the supplied sentence context.,narration,former_president,AI-classified; not human-validated
c77178bc9ecdea6595adfd5f,Franklin D. Roosevelt,Abraham Lincoln,/the-presidency/presidential-speeches/march-9-1937-fireside-chat-9-court-packing,19,1937-03-09 18:00:00,War & New Deal,Abraham Lincoln,institutional precedent,neutral,"The number of justices has been changed several times before, in the Administration of John Adams and Thomas Jefferson - both signers of the Declaration of Independence - Andrew jackson, Abraham Lincoln and Ulysses S.",Fixed-rubric classification from the supplied sentence context.,narration,former_president,AI-classified; not human-validated
c2979aa8fabe888e9b2b207c,Franklin D. Roosevelt,Ulysses S. Grant,/the-presidency/presidential-speeches/march-9-1937-fireside-chat-9-court-packing,19,1937-03-09 18:00:00,War & New Deal,Ulysses S. Grant,institutional precedent,neutral,"The number of justices has been changed several times before, in the Administration of John Adams and Thomas Jefferson - both signers of the Declaration of Independence - Andrew jackson, Abraham Lincoln and Ulysses S.",Fixed-rubric classification from the supplied sentence context.,narration,former_president,AI-classified; not human-validated
5ccd0e862b4cfc68729a498b,Franklin D. Roosevelt,William Taft,/the-presidency/presidential-speeches/march-9-1937-fireside-chat-9-court-packing,20,1937-03-09 18:00:00,War & New Deal,President Taft,other/unclear,neutral,"President Taft appointed five members and named a Chief Justice; President Wilson, three; President Harding, four, including a Chief Justice; President Coolidge, one; President Hoover, three, including a Chief Justice.",Fixed-rubric classification from the supplied sentence context.,narration,former_president,AI-classified; not human-validated
b04ab5270110ec5f120e4e13,Franklin D. Roosevelt,Woodrow Wilson,/the-presidency/presidential-speeches/march-9-1937-fireside-chat-9-court-packing,20,1937-03-09 18:00:00,War & New Deal,President Wilson,other/unclear,neutral,"President Taft appointed five members and named a Chief Justice; President Wilson, three; President Harding, four, including a Chief Justice; President Coolidge, one; President Hoover, three, including a Chief Justice.",Fixed-rubric classification from the supplied sentence context.,narration,former_president,AI-classified; not human-validated
ea7a96abd3745ca61ddc10e5,Franklin D. Roosevelt,Warren G. Harding,/the-presidency/presidential-speeches/march-9-1937-fireside-chat-9-court-packing,20,1937-03-09 18:00:00,War & New Deal,President Harding,other/unclear,neutral,"President Taft appointed five members and named a Chief Justice; President Wilson, three; President Harding, four, including a Chief Justice; President Coolidge, one; President Hoover, three, including a Chief Justice.",Fixed-rubric classification from the supplied sentence context.,narration,former_president,AI-classified; not human-validated
a2642ddcd64a1c9980bdb322,Franklin D. Roosevelt,Calvin Coolidge,/the-presidency/presidential-speeches/march-9-1937-fireside-chat-9-court-packing,20,1937-03-09 18:00:00,War & New Deal,President Coolidge,other/unclear,neutral,"President Taft appointed five members and named a Chief Justice; President Wilson, three; President Harding, four, including a Chief Justice; President Coolidge, one; President Hoover, three, including a Chief Justice.",Fixed-rubric classification from the supplied sentence context.,narration,former_president,AI-classified; not human-validated
5d708adcf8eaf96fd1a4b345,Franklin D. Roosevelt,Herbert Hoover,/the-presidency/presidential-speeches/march-9-1937-fireside-chat-9-court-packing,20,1937-03-09 18:00:00,War & New Deal,President Hoover,other/unclear,neutral,"President Taft appointed five members and named a Chief Justice; President Wilson, three; President Harding, four, including a Chief Justice; President Coolidge, one; President Hoover, three, including a Chief Justice.",Fixed-rubric classification from the supplied sentence context.,narration,former_president,AI-classified; not human-validated
5c565615e53d94427faf8b55,Lyndon B. Johnson,William Taft,/the-presidency/presidential-speeches/march-9-1967-press-conference,46,1967-03-09 18:00:00,The Cold War,Taft,other/unclear,neutral,I will send later today a directive to the Attorney General to proceed on a Taft-Hartley injunction.,Fixed-rubric classification from the supplied sentence context.,narration,former_president,AI-classified; not human-validated
459cde518fa7360216924b04,Jimmy Carter,Gerald Ford,/the-presidency/presidential-speeches/march-9-1977-remarks-president-carters-press-conference,29,1977-03-09 18:00:00,The Cold War,President Ford,other/unclear,positive,And we've got a very good arrangement that was primarily set up by President Ford to prevent abuses.,Fixed-rubric classification from the supplied sentence context.,narration,former_president,AI-classified; not human-validated
8f18a5cb09b626e33ed92331,Jimmy Carter,Gerald Ford,/the-presidency/presidential-speeches/march-9-1977-remarks-president-carters-press-conference,29,1977-03-09 18:00:00,The Cold War,President Ford,other/unclear,neutral,"The Intelligence Oversight Board is made up of three distinguished men appointed by President Ford, who have complete access to any operation conducted by the intelligence forces.",Fixed-rubric classification from the supplied sentence context.,narration,former_president,AI-classified; not human-validated
409fef4fcb782ff758857349,Barack Obama,George W. Bush,/the-presidency/presidential-speeches/may-1-2011-remarks-death-osama-bin-laden,8,2011-05-01 06:00:00,Post-Cold War,President Bush,historical comparison,neutral,"I've made clear, just as President Bush did shortly after 9/11, that our war is not against Islam.",Fixed-rubric classification from the supplied sentence context.,narration,former_president,AI-classified; not human-validated
5246721a1fd850007af843ac,Rutherford B. Hayes,George Washington,/the-presidency/presidential-speeches/may-12-1879-message-regarding-election-regulations,4,1879-05-12 19:25:58,The Gilded Age,President Washington,policy inheritance,neutral,"The first act expressly authorizing the use of military power to execute the laws was passed almost as early as the organization of the Government under the Constitution, and was approved by President Washington May 2, 1792.",Fixed-rubric classification from the supplied sentence context.,narration,former_president,AI-classified; not human-validated
b3042f01e0cfb5e6081d08c8,Rutherford B. Hayes,Thomas Jefferson,/the-presidency/presidential-speeches/may-12-1879-message-regarding-election-regulations,5,1879-05-12 19:25:58,The Gilded Age,President Jefferson,policy inheritance,neutral,"In 1807 the following act became the law by the approval of President Jefferson: That in all cases of insurrection or obstruction to the laws, either of the United States or of any individual State or Territory, where it is lawful for the President of the United States to call forth the militia for the purpose of suppressing such insurrection or of causing the laws to be duly executed, it shall be lawful for him to employ for the same purposes such part of the land or naval force of the United States as shall be judged necessary, having first observed all the prerequisites of the law in that respect.",Fixed-rubric classification from the supplied sentence context.,narration,former_president,AI-classified; not human-validated
a06403f2b8c76c3280d03865,Rutherford B. Hayes,Abraham Lincoln,/the-presidency/presidential-speeches/may-12-1879-message-regarding-election-regulations,6,1879-05-12 19:25:58,The Gilded Age,President Lincoln,policy inheritance,neutral,""" The important provision of the acts of 1792, 1795, and 1807, modified in its terms from time to time to adapt it to the existing emergency, remained in force until, by an act approved by President Lincoln July 29, 1861, it was reenacted substantially in the same language in which it is now found in the Revised Statutes, viz: SEC.",Fixed-rubric classification from the supplied sentence context.,deliberate_quotation,former_president,AI-classified; not human-validated
690b22000e46cc1bf9773e9a,Rutherford B. Hayes,George Washington,/the-presidency/presidential-speeches/may-12-1879-message-regarding-election-regulations,8,1879-05-12 19:25:58,The Gilded Age,President Washington,other/unclear,neutral,It was on this principle that President Washington suppressed the whisky rebellion in Pennsylvania in 1794.,Fixed-rubric classification from the supplied sentence context.,narration,former_president,AI-classified; not human-validated
e73f8442c4c99f349c5fdabd,Rutherford B. Hayes,Thomas Jefferson,/the-presidency/presidential-speeches/may-12-1879-message-regarding-election-regulations,8,1879-05-12 19:25:58,The Gilded Age,President Jefferson,other/unclear,neutral,"In 1806, on the same principle, President Jefferson broke up the Burr conspiracy by issuing ""orders for the employment of such force, either of the regulars or of the militia, and by such proceedings of the civil authorities, * * * as might enable them to suppress effectually the further progress of the",Fixed-rubric classification from the supplied sentence context.,deliberate_quotation,former_president,AI-classified; not human-validated
86db71f85e7da21b6c6ceda4,Rutherford B. Hayes,Andrew Jackson,/the-presidency/presidential-speeches/may-12-1879-message-regarding-election-regulations,8,1879-05-12 19:25:58,The Gilded Age,President Jackson,other/unclear,neutral,""" And it was under the same authority that President Jackson crushed nullification in South Carolina and that President Lincoln issued his call for troops to save the Union in 1861.",Fixed-rubric classification from the supplied sentence context.,deliberate_quotation,former_president,AI-classified; not human-validated
0bcf5eed50df9a77287835ca,Rutherford B. Hayes,Abraham Lincoln,/the-presidency/presidential-speeches/may-12-1879-message-regarding-election-regulations,8,1879-05-12 19:25:58,The Gilded Age,President Lincoln,other/unclear,neutral,""" And it was under the same authority that President Jackson crushed nullification in South Carolina and that President Lincoln issued his call for troops to save the Union in 1861.",Fixed-rubric classification from the supplied sentence context.,deliberate_quotation,former_president,AI-classified; not human-validated
85b42ba57dbdd77f77ef9319,George H. W. Bush,Harry S. Truman,/the-presidency/presidential-speeches/may-12-1989-commencement-address-texas-am-university,5,1989-05-12 18:00:00,Post-Cold War,Truman,other/unclear,neutral,"Wise men - Truman and Eisenhower, Vandenberg and Rayburn, Marshall, Acheson, and Kennan - crafted the strategy of containment.",Fixed-rubric classification from the supplied sentence context.,narration,former_president,AI-classified; not human-validated
7240d6c640556f6997395a9e,George H. W. Bush,Dwight D. Eisenhower,/the-presidency/presidential-speeches/may-12-1989-commencement-address-texas-am-university,5,1989-05-12 18:00:00,Post-Cold War,Eisenhower,other/unclear,neutral,"Wise men - Truman and Eisenhower, Vandenberg and Rayburn, Marshall, Acheson, and Kennan - crafted the strategy of containment.",Fixed-rubric classification from the supplied sentence context.,narration,former_president,AI-classified; not human-validated
e0f55b37ce34711e23acc953,George H. W. Bush,Dwight D. Eisenhower,/the-presidency/presidential-speeches/may-12-1989-commencement-address-texas-am-university,18,1989-05-12 18:00:00,Post-Cold War,President Eisenhower,ceremonial/biographical,neutral,"Thirty-four years ago, President Eisenhower met in Geneva with Soviet leaders who, after the death of Stalin, promised a new approach toward the West.",Fixed-rubric classification from the supplied sentence context.,narration,former_president,AI-classified; not human-validated
093b5f764d24675fe9fef425,George H. W. Bush,Dwight D. Eisenhower,/the-presidency/presidential-speeches/may-12-1989-commencement-address-texas-am-university,18,1989-05-12 18:00:00,Post-Cold War,President Eisenhower,other/unclear,neutral,"This would open up military activities to regular scrutiny and, as President Eisenhower put it, ""convince the world that we are lessening danger and relaxing",Fixed-rubric classification from the supplied sentence context.,deliberate_quotation,former_president,AI-classified; not human-validated
af665f55fb27161e501911fa,George H. W. Bush,Dwight D. Eisenhower,/the-presidency/presidential-speeches/may-12-1989-commencement-address-texas-am-university,18,1989-05-12 18:00:00,Post-Cold War,President Eisenhower,other/unclear,negative,""" President Eisenhower's suggestion tested the Soviet readiness to open their society, and the Kremlin failed that test.",Fixed-rubric classification from the supplied sentence context.,deliberate_quotation,former_president,AI-classified; not human-validated
346708be497dd0c1d68f0927,James K. Polk,James Buchanan,/the-presidency/presidential-speeches/may-13-1846-announcement-war-mexico,1,1846-05-13 15:45:58,Expansion,JAMES BUCHANAN,other/unclear,neutral,"By the President: JAMES BUCHANAN, Secretary of State.",Fixed-rubric classification from the supplied sentence context.,narration,not_yet_president,AI-classified; not human-validated
1ba2235c4146d0719107e764,Barack Obama,Thomas Jefferson,/the-presidency/presidential-speeches/may-15-2016-commencement-address-rutgers-university,23,2016-05-15 06:00:00,Post-Cold War,Jefferson,ceremonial/biographical,neutral,"Look, our nation's Founders -- Franklin, Madison, Hamilton, Jefferson -- they were born of the Enlightenment.",Fixed-rubric classification from the supplied sentence context.,narration,former_president,AI-classified; not human-validated
95d92b9c50b0a5d1b5c13a7b,Barack Obama,George Washington,/the-presidency/presidential-speeches/may-15-2016-commencement-address-rutgers-university,23,2016-05-15 06:00:00,Post-Cold War,George Washington,other/unclear,neutral,"That spirit informed our inventors and our explorers, the Edisons and the Wright Brothers, and the George Washington Carvers and the Grace Hoppers, and the Norman Borlaugs and the Steve Jobses.",Fixed-rubric classification from the supplied sentence context.,narration,former_president,AI-classified; not human-validated
6044aef7ced16ba78d5f4c6e,Barack Obama,James Madison,/the-presidency/presidential-speeches/may-15-2016-commencement-address-rutgers-university,43,2016-05-15 06:00:00,Post-Cold War,Madison,historical comparison,neutral,"Look at somebody like Madison Little, who grew up dealing with some health issues, and started wondering what his care would have been like if he lived someplace else, and so, here at Rutgers, he took charge of a student nonprofit and worked with folks in Australia and Cambodia and Uganda to address the AIDS epidemic.",Fixed-rubric classification from the supplied sentence context.,narration,former_president,AI-classified; not human-validated
eff4711e5094c375250f35d2,Ronald Reagan,George H. W. Bush,/the-presidency/presidential-speeches/may-17-1981-address-university-notre-dame,26,1981-05-17 18:00:00,The Cold War,George Bush,other/unclear,positive,"There's a task force under the leadership of the Vice President, George Bush, that is to look at those regulations I've spoken of.",Fixed-rubric classification from the supplied sentence context.,narration,not_yet_president,AI-classified; not human-validated
65abce709c65e3e9a68c66e7,John F. Kennedy,Woodrow Wilson,/the-presidency/presidential-speeches/may-18-1963-90th-anniversary-vanderbilt-university,8,1963-05-18 17:00:00,The Cold War,Woodrow Wilson,other/unclear,neutral,"""Every man sent out from a university,"" said Professor Woodrow Wilson, ""Every man sent out from a university should be a man of his Nation, as well as a man of his",Fixed-rubric classification from the supplied sentence context.,deliberate_quotation,former_president,AI-classified; not human-validated
156f432343e039d2c4acd7eb,John F. Kennedy,Thomas Jefferson,/the-presidency/presidential-speeches/may-18-1963-90th-anniversary-vanderbilt-university,11,1963-05-18 17:00:00,The Cold War,Jefferson,other/unclear,neutral,"He knows that only an educated and informed people will be a free people, that the ignorance of one voter in a democracy impairs the security of all, and that if we can, as Jefferson put it, ""enlighten the people generally",Fixed-rubric classification from the supplied sentence context.,deliberate_quotation,former_president,AI-classified; not human-validated
3d91f6a93875f8a2c55ec793,John F. Kennedy,Thomas Jefferson,/the-presidency/presidential-speeches/may-18-1963-90th-anniversary-vanderbilt-university,13,1963-05-18 17:00:00,The Cold War,Jefferson,other/unclear,neutral,"For we can have only one form of aristocracy in this country, as Jefferson wrote long ago in rejecting John Adams' suggestion of an artificial aristocracy of wealth and birth.",Fixed-rubric classification from the supplied sentence context.,narration,former_president,AI-classified; not human-validated
9d5d549b73bee852e3d9fe3d,John F. Kennedy,John Adams,/the-presidency/presidential-speeches/may-18-1963-90th-anniversary-vanderbilt-university,13,1963-05-18 17:00:00,The Cold War,John Adams,other/unclear,neutral,"For we can have only one form of aristocracy in this country, as Jefferson wrote long ago in rejecting John Adams' suggestion of an artificial aristocracy of wealth and birth.",Fixed-rubric classification from the supplied sentence context.,narration,former_president,AI-classified; not human-validated
ac7bdc2a4a31d173cd1ec5f0,James Buchanan,James Monroe,/the-presidency/presidential-speeches/may-19-1860-message-capture-wildfire,3,1860-05-19 18:31:58,Civil War & Reconstruction,Mr. Monroe,other/unclear,neutral,Mr.,Fixed-rubric classification from the supplied sentence context.,narration,former_president,AI-classified; not human-validated
cc371382afe62cc3aad3efe9,James Buchanan,James Monroe,/the-presidency/presidential-speeches/may-19-1860-message-capture-wildfire,4,1860-05-19 18:31:58,Civil War & Reconstruction,Monroe,other/unclear,neutral,Monroe proceeded to carry it into execution according to his own interpretation.,Fixed-rubric classification from the supplied sentence context.,narration,former_president,AI-classified; not human-validated
550948e3267edc203173375d,James Buchanan,James Monroe,/the-presidency/presidential-speeches/may-19-1860-message-capture-wildfire,4,1860-05-19 18:31:58,Civil War & Reconstruction,President Monroe,other/unclear,neutral,"Adopting this construction of President Monroe, I entered into an agreement with the Colonization Society, dated 7th September, 1858, to receive the Africans which had been captured on the slaver Echo from the agent of the United States in Liberia, to furnish them during the period of one year thereafter with comfortable shelter, clothing, and provisions, and to cause them to be instructed in the arts of civilized life suitable to their condition, at the rate of $150 for each individual.",Fixed-rubric classification from the supplied sentence context.,narration,former_president,AI-classified; not human-validated
789fcf610c15f534f0f971aa,Andrew Johnson,Abraham Lincoln,/the-presidency/presidential-speeches/may-2-1865-establishing-rewards-arrest-certain-confederate,0,1865-05-02 18:40:58,Civil War & Reconstruction,Abraham Lincoln,other/unclear,neutral,"Whereas it appears from evidence in the Bureau of Military Justice that the atrocious murder of the late President, Abraham Lincoln, and the attempted assassination of the Hon.",Fixed-rubric classification from the supplied sentence context.,narration,former_president,AI-classified; not human-validated
d3d26409244a0be3d7db483c,Andrew Johnson,Thomas Jefferson,/the-presidency/presidential-speeches/may-2-1865-establishing-rewards-arrest-certain-confederate,0,1865-05-02 18:40:58,Civil War & Reconstruction,Jefferson,other/unclear,neutral,"Seward, Secretary of State, were incited, concerted, and procured by and between Jefferson Davis, late of Richmond,",Fixed-rubric classification from the supplied sentence context.,narration,former_president,AI-classified; not human-validated
8169a5f4c15ab758a7c4bd8b,Andrew Johnson,Thomas Jefferson,/the-presidency/presidential-speeches/may-2-1865-establishing-rewards-arrest-certain-confederate,0,1865-05-02 18:40:58,Civil War & Reconstruction,Jefferson,other/unclear,neutral,"Cleary, and other rebels and traitors against the Government of the United States harbored in Canada: Now, therefore, to the end that justice may be done, I, Andrew Johnson, President of the United States, do offer and promise for the arrest of said persons, or either of them, within the limits of the United States, so that they can be brought to trial, the following rewards: One hundred thousand dollars for the arrest of Jefferson Davis.",Fixed-rubric classification from the supplied sentence context.,narration,former_president,AI-classified; not human-validated
9d89d18f1ca6aa2da8099f74,Andrew Johnson,Thomas Jefferson,/the-presidency/presidential-speeches/may-2-1865-establishing-rewards-arrest-certain-confederate,2,1865-05-02 18:40:58,Civil War & Reconstruction,Jefferson,other/unclear,neutral,"That all acts and proceedings of the political, military, and civil organizations which have been in a state of insurrection and rebellion within the State of Virginia against the authority and laws of the United States, and of which Jefferson Davis, John Letcher, and William Smith were late the respective chiefs, are declared null and void.",Fixed-rubric classification from the supplied sentence context.,narration,former_president,AI-classified; not human-validated
8d1144f086492993cd40d423,Andrew Johnson,Thomas Jefferson,/the-presidency/presidential-speeches/may-2-1865-establishing-rewards-arrest-certain-confederate,2,1865-05-02 18:40:58,Civil War & Reconstruction,Jefferson,other/unclear,positive,"All persons who shall exercise, claim, pretend, or attempt to exercise any political, military, or civil power, authority, jurisdiction, or right by, through, or under Jefferson Davis, late of the city of Richmond, and his confederates, or under John Letcher or William Smith and their confederates, or under any pretended political, military, or civil commission or authority issued by them or either of them since the 17th day of April, 1861, shall be deemed and taken as in rebellion against the United States, and shall be dealt with accordingly.",Fixed-rubric classification from the supplied sentence context.,narration,former_president,AI-classified; not human-validated
d7225dbc4588191d6f087eb4,Lyndon B. Johnson,John F. Kennedy,/the-presidency/presidential-speeches/may-2-1965-report-situation-dominican-republic,11,1965-05-02 17:00:00,The Cold War,John F. Kennedy,other/unclear,neutral,""" This is what our beloved President John F.",Fixed-rubric classification from the supplied sentence context.,narration,former_president,AI-classified; not human-validated
200aa9157b6a434df7570fbd,Lyndon B. Johnson,Woodrow Wilson,/the-presidency/presidential-speeches/may-22-1964-remarks-university-michigan,11,1964-05-22 17:00:00,The Cold War,Woodrow Wilson,other/unclear,neutral,"Woodrow Wilson once wrote: ""Every man sent out from his university should be a man of his Nation as well as a man of his",Fixed-rubric classification from the supplied sentence context.,deliberate_quotation,former_president,AI-classified; not human-validated
e29113b1cfe187e3ef6887de,Jimmy Carter,Harry S. Truman,/the-presidency/presidential-speeches/may-22-1977-university-notre-dame-commencement,2,1977-05-22 17:00:00,The Cold War,Truman,other/unclear,positive,"I was sitting on the Truman Balcony the other night with my good friend, Charles Kirbo, who told me about a man who was arrested and taken in to court for being drunk and for setting a bed on fire.",Fixed-rubric classification from the supplied sentence context.,narration,former_president,AI-classified; not human-validated
aa4019967533397202eba8d5,Jimmy Carter,Abraham Lincoln,/the-presidency/presidential-speeches/may-22-1977-university-notre-dame-commencement,31,1977-05-22 17:00:00,The Cold War,Abraham Lincoln,other/unclear,neutral,"More than 100 years ago, Abraham Lincoln said that our Nation could not exist half slave and half free.",Fixed-rubric classification from the supplied sentence context.,narration,former_president,AI-classified; not human-validated
b69501c650aea024420fb800,John F. Kennedy,Dwight D. Eisenhower,/the-presidency/presidential-speeches/may-25-1961-goal-sending-man-moon,15,1961-05-25 17:00:00,The Cold War,President Eisenhower,other/unclear,neutral,"I have made clear our intention to commit to the NATO command, for this purpose, the 5 Polaris submarines originally suggested by President Eisenhower, with the possibility, if needed, of more to come.",Fixed-rubric classification from the supplied sentence context.,narration,former_president,AI-classified; not human-validated
ea57951e11bff3ad4071bf78,Barack Obama,Franklin D. Roosevelt,/the-presidency/presidential-speeches/may-25-2011-address-british-parliament,39,2011-05-25 06:00:00,Post-Cold War,Roosevelt,other/unclear,neutral,Churchill and Roosevelt had their differences.,Fixed-rubric classification from the supplied sentence context.,narration,former_president,AI-classified; not human-validated
6d4a1f83a0d2a6d6636e5d44,Barack Obama,Bill Clinton,/the-presidency/presidential-speeches/may-26-2009-remarks-nominating-judge-sonia-sotomayor-us,4,2009-05-26 06:00:00,Post-Cold War,Bill Clinton,other/unclear,neutral,"Bush, and promoted to the Federal Court of Appeals by a Democrat, Bill Clinton.",Fixed-rubric classification from the supplied sentence context.,narration,former_president,AI-classified; not human-validated
0e1d9ba3950d0439bba12f15,Andrew Jackson,Thomas Jefferson,/the-presidency/presidential-speeches/may-27-1830-veto-message-regarding-funding-infrastructure,8,1830-05-27 17:01:58,Expansion,Mr. Jefferson,institutional precedent,neutral,In the Administration of Mr.,Fixed-rubric classification from the supplied sentence context.,narration,former_president,AI-classified; not human-validated
ce02a4429fae8ae1d60953d1,Andrew Jackson,James Madison,/the-presidency/presidential-speeches/may-27-1830-veto-message-regarding-funding-infrastructure,9,1830-05-27 17:01:58,Expansion,Mr. Madison,institutional precedent,neutral,"Independently of the sanction given to appropriations for the Cumberland and other roads and objects under this power, the Administration of Mr.",Fixed-rubric classification from the supplied sentence context.,narration,former_president,AI-classified; not human-validated
69d134c0c8f415d14187a696,Andrew Jackson,James Monroe,/the-presidency/presidential-speeches/may-27-1830-veto-message-regarding-funding-infrastructure,10,1830-05-27 17:01:58,Expansion,Mr. Monroe,other/unclear,neutral,The views of Mr.,Fixed-rubric classification from the supplied sentence context.,narration,former_president,AI-classified; not human-validated
c2e9e8b981c6b77c9b2a4332,Ronald Reagan,Abraham Lincoln,/the-presidency/presidential-speeches/may-28-1984-remarks-honoring-vietnam-wars-unknown-soldier,1,1984-05-28 18:00:00,The Cold War,President Lincoln,ceremonial/biographical,positive,"When he spoke at a ceremony at Gettysburg in 1863, President Lincoln reminded us that through their deeds, the dead had spoken more eloquently for themselves than any of the living ever could, and that we living could only honor them by rededicating ourselves to the cause for which they so willingly gave a last full measure of devotion.",Fixed-rubric classification from the supplied sentence context.,narration,former_president,AI-classified; not human-validated
ae88cadb009750ad8482b44f,Ronald Reagan,Abraham Lincoln,/the-presidency/presidential-speeches/may-28-1984-remarks-honoring-vietnam-wars-unknown-soldier,13,1984-05-28 18:00:00,The Cold War,President Lincoln,ceremonial/biographical,positive,"When he spoke at a ceremony at Gettysburg in 1863, President Lincoln reminded us that through their deeds, the dead had spoken more eloquently for themselves than any of the living ever could, and that we living could only honor them by rededicating ourselves to the cause for which they so willingly gave a last full measure of devotion.",Fixed-rubric classification from the supplied sentence context.,narration,former_president,AI-classified; not human-validated
e9ffa43042e1194fd4e048ac,John F. Kennedy,George Washington,/the-presidency/presidential-speeches/may-3-1961-remarks-george-washington,1,1961-05-03 17:00:00,The Cold War,George Washington,other/unclear,neutral,"I am also glad to be here because this University bears the distinguished name of the father of our country, George Washington.",Fixed-rubric classification from the supplied sentence context.,narration,former_president,AI-classified; not human-validated
c2abf1494c41411d2df67faf,John F. Kennedy,George Washington,/the-presidency/presidential-speeches/may-3-1961-remarks-george-washington,1,1961-05-03 17:00:00,The Cold War,George Washington,other/unclear,neutral,"This University bears the name of George Washington, which showed his understanding in his day of the necessity of a free society to produce educated men and women.",Fixed-rubric classification from the supplied sentence context.,narration,former_president,AI-classified; not human-validated
8e2efb0907e725e015e5cf90,John F. Kennedy,John Adams,/the-presidency/presidential-speeches/may-3-1961-remarks-george-washington,1,1961-05-03 17:00:00,The Cold War,John Adams,other/unclear,neutral,John Adams and John Quincy Adams from my own State of Massachusetts had an intimate relationship with Harvard University.,Fixed-rubric classification from the supplied sentence context.,narration,former_president,AI-classified; not human-validated
4a2f9fb9cb6ed1f5d1400351,John F. Kennedy,John Quincy Adams,/the-presidency/presidential-speeches/may-3-1961-remarks-george-washington,1,1961-05-03 17:00:00,The Cold War,John Quincy Adams,other/unclear,neutral,John Adams and John Quincy Adams from my own State of Massachusetts had an intimate relationship with Harvard University.,Fixed-rubric classification from the supplied sentence context.,narration,former_president,AI-classified; not human-validated
281d34b2ccdad0b8e5d9835f,John F. Kennedy,Woodrow Wilson,/the-presidency/presidential-speeches/may-3-1961-remarks-george-washington,2,1961-05-03 17:00:00,The Cold War,Woodrow Wilson,other/unclear,neutral,"Woodrow Wilson, Theodore Roosevelt--and all the rest.",Fixed-rubric classification from the supplied sentence context.,narration,former_president,AI-classified; not human-validated
eed2525ce5d2912b935e7977,John F. Kennedy,Theodore Roosevelt,/the-presidency/presidential-speeches/may-3-1961-remarks-george-washington,2,1961-05-03 17:00:00,The Cold War,Theodore Roosevelt,other/unclear,neutral,"Woodrow Wilson, Theodore Roosevelt--and all the rest.",Fixed-rubric classification from the supplied sentence context.,narration,former_president,AI-classified; not human-validated
e36b609fea771a777f844f65,John F. Kennedy,William Taft,/the-presidency/presidential-speeches/may-3-1961-remarks-george-washington,5,1961-05-03 17:00:00,The Cold War,Mr. Taft,other/unclear,neutral,"They said, ""He's in Washington seeing Mr.",Fixed-rubric classification from the supplied sentence context.,narration,former_president,AI-classified; not human-validated
ae144221d14ae22ed1d6f4f5,Ulysses S. Grant,James Monroe,/the-presidency/presidential-speeches/may-31-1870-message-regarding-dominican-republic-annexation,1,1870-05-31 16:53:58,Civil War & Reconstruction,President Monroe,other/unclear,neutral,"The doctrine promulgated by President Monroe has been adhered to by all political parties, and I now deem it proper to assert the equally important principle that hereafter no territory on this continent shall be regarded as subject of transfer to a European power.",Fixed-rubric classification from the supplied sentence context.,narration,former_president,AI-classified; not human-validated
72aab985f7f3c41b20e3d564,Ulysses S. Grant,James Monroe,/the-presidency/presidential-speeches/may-31-1870-message-regarding-dominican-republic-annexation,6,1870-05-31 16:53:58,Civil War & Reconstruction,Monroe,other/unclear,positive,"The acquisition of San Domingo is an adherence to the ""Monroe doctrine;"" it is a measure of national protection; it is asserting our just claim to a controlling influence over the great commercial traffic soon to flow from east to west by the way of the Isthmus of Darien; it is to build up our merchant marine; it is to furnish new markets for the products of our farms, shops, and manufactories; it is to make slavery insupportable in Cuba and Porto Rico at once and ultimately so in Brazil; it is to settle the unhappy condition of Cuba, and end an exterminating conflict; it is to provide honest means of paying our honest debts, without overtaxing the people; it is to furnish our citizens with the necessaries of everyday life at cheaper rates than ever before; and it is, in fine, a rapid stride toward that greatness which the intelligence, industry, and enterprise of the citizens of the United States entitle this country to assume among nations.",Fixed-rubric classification from the supplied sentence context.,deliberate_quotation,former_president,AI-classified; not human-validated
29bdabf4ed495475162ffbf2,Ronald Reagan,George Washington,/the-presidency/presidential-speeches/may-31-1988-address-moscow-state-university,16,1988-05-31 18:00:00,The Cold War,George Washington,other/unclear,neutral,"""Reason and experience,"" said George Washington in his farewell address, ""both forbid us to expect that national morality can prevail in exclusion of religious principle.",Fixed-rubric classification from the supplied sentence context.,deliberate_quotation,former_president,AI-classified; not human-validated
bf350a4e8d99d7b6db405d7f,Ronald Reagan,George Washington,/the-presidency/presidential-speeches/may-31-1988-address-moscow-state-university,42,1988-05-31 18:00:00,The Cold War,George Washington,other/unclear,neutral,"So, when the second term was over, George Washington stepped down and said he would do it - stepping down - so that there would not get to be the kind of idea of an inherited aristocracy.",Fixed-rubric classification from the supplied sentence context.,narration,former_president,AI-classified; not human-validated
62bd8e2a9ba0645ffa663b66,Joe Biden,Donald Trump,/the-presidency/presidential-speeches/may-31-2024-remarks-middle-east,0,2024-05-31 17:00:00,The present era,Donald Trump,other/unclear,neutral,Donald Trump was given every opportunity to defend himself.,Fixed-rubric classification from the supplied sentence context.,narration,serving_or_contemporary,AI-classified; not human-validated
e2a710b095a2a850b9a7817a,Joe Biden,Donald Trump,/the-presidency/presidential-speeches/may-31-2024-remarks-middle-east,0,2024-05-31 17:00:00,The present era,Donald Trump,other/unclear,neutral,It was a process that Donald Trump's attorney was part of.,Fixed-rubric classification from the supplied sentence context.,narration,serving_or_contemporary,AI-classified; not human-validated
0929885231660a55bebb2738,Joe Biden,Donald Trump,/the-presidency/presidential-speeches/may-31-2024-remarks-middle-east,1,2024-05-31 17:00:00,The present era,Donald Trump,other/unclear,neutral,They found Donald Trump guilty on all 34 felony counts.,Fixed-rubric classification from the supplied sentence context.,narration,serving_or_contemporary,AI-classified; not human-validated
76a3376b712448a15944e052,Ulysses S. Grant,George Washington,/the-presidency/presidential-speeches/may-4-1876-message-presidential-powers-and-obligations,8,1876-05-04 17:20:58,Civil War & Reconstruction,President Washington,other/unclear,neutral,President Washington was frequently absent from the capital; he appears to have been thus absent at least one hundred and eighty-one days during his term.,Fixed-rubric classification from the supplied sentence context.,narration,former_president,AI-classified; not human-validated
730fdcf60440d8c5459404f0,Ulysses S. Grant,John Adams,/the-presidency/presidential-speeches/may-4-1876-message-presidential-powers-and-obligations,9,1876-05-04 17:20:58,Civil War & Reconstruction,John Adams,other/unclear,neutral,"President John Adams was absent from the capital during his term of four years, on various occasions, three hundred and eighty-five days.",Fixed-rubric classification from the supplied sentence context.,narration,former_president,AI-classified; not human-validated
32f1c51a42a9f361c77de172,Ulysses S. Grant,Thomas Jefferson,/the-presidency/presidential-speeches/may-4-1876-message-presidential-powers-and-obligations,10,1876-05-04 17:20:58,Civil War & Reconstruction,President Jefferson,institutional precedent,neutral,"President Jefferson was absent from the seat of Government during his two terms of office seven hundred and ninety-six days, more than one-fourth of the whole official period.",Fixed-rubric classification from the supplied sentence context.,narration,former_president,AI-classified; not human-validated
d7f58e6739c1eec0e6938e42,Ulysses S. Grant,James Madison,/the-presidency/presidential-speeches/may-4-1876-message-presidential-powers-and-obligations,11,1876-05-04 17:20:58,Civil War & Reconstruction,President Madison,other/unclear,neutral,President Madison was absent from the seat of Government during his two Presidential terms six hundred and thirty-seven days.,Fixed-rubric classification from the supplied sentence context.,narration,former_president,AI-classified; not human-validated
104723849876a79592d9b551,Ulysses S. Grant,James Monroe,/the-presidency/presidential-speeches/may-4-1876-message-presidential-powers-and-obligations,11,1876-05-04 17:20:58,Civil War & Reconstruction,President Monroe,other/unclear,neutral,"President Monroe was absent from the capital during his Presidential service of eight years seven hundred and eight days, independent of the year 1824 and the two months of 1825, for which period no data are found.",Fixed-rubric classification from the supplied sentence context.,narration,former_president,AI-classified; not human-validated
b4fcf9a0c8c1d86f68918ed0,Ulysses S. Grant,John Quincy Adams,/the-presidency/presidential-speeches/may-4-1876-message-presidential-powers-and-obligations,12,1876-05-04 17:20:58,Civil War & Reconstruction,Adams,other/unclear,neutral,Adams was absent from the capital during his Presidential term of four years two hundred and twenty-two days.,Fixed-rubric classification from the supplied sentence context.,narration,former_president,AI-classified; not human-validated
6880075f100eccc81b544b1a,Ulysses S. Grant,John Quincy Adams,/the-presidency/presidential-speeches/may-4-1876-message-presidential-powers-and-obligations,12,1876-05-04 17:20:58,Civil War & Reconstruction,Mr. Adams,other/unclear,neutral,"Referring to his absence in August and September, 1827, Mr.",Fixed-rubric classification from the supplied sentence context.,narration,former_president,AI-classified; not human-validated
8bf13e59d0b6fcfcedd398e6,Ulysses S. Grant,Andrew Jackson,/the-presidency/presidential-speeches/may-4-1876-message-presidential-powers-and-obligations,13,1876-05-04 17:20:58,Civil War & Reconstruction,President Jackson,other/unclear,neutral,""" President Jackson was absent from the capital during his Presidential service of eight years five hundred and two days.",Fixed-rubric classification from the supplied sentence context.,deliberate_quotation,former_president,AI-classified; not human-validated
e4efa6a21af890cfc387d0d9,Ulysses S. Grant,Martin Van Buren,/the-presidency/presidential-speeches/may-4-1876-message-presidential-powers-and-obligations,15,1876-05-04 17:20:58,Civil War & Reconstruction,Buren,other/unclear,neutral,President Van Buren was absent from the capital during his Presidential term one hundred and thirty-one days.,Fixed-rubric classification from the supplied sentence context.,narration,former_president,AI-classified; not human-validated
78754511139151a8302a6a25,Ulysses S. Grant,Martin Van Buren,/the-presidency/presidential-speeches/may-4-1876-message-presidential-powers-and-obligations,15,1876-05-04 17:20:58,Civil War & Reconstruction,Buren,other/unclear,neutral,"Among the papers signed by President Van Buren during his absence from the seat of Government are commissions (one of these being for a United States judge of a district court), pardons, etc.",Fixed-rubric classification from the supplied sentence context.,narration,former_president,AI-classified; not human-validated
eaf0d1d7745c2f34729080ab,Ulysses S. Grant,John Tyler,/the-presidency/presidential-speeches/may-4-1876-message-presidential-powers-and-obligations,16,1876-05-04 17:20:58,Civil War & Reconstruction,President Tyler,policy inheritance,neutral,"President Tyler was absent from the capital during his Presidential term one hundred and sixty-three days, and performed public acts and duties during such absences, signing public papers and documents to the number of twenty-eight, in which were included commissions, exequaturs, letters of credence, pardons, and one proclamation making public the treaty of 1842 between the United States and Ecuador.",Fixed-rubric classification from the supplied sentence context.,narration,former_president,AI-classified; not human-validated
82fb240fcd983ba23d222dc4,Ulysses S. Grant,James K. Polk,/the-presidency/presidential-speeches/may-4-1876-message-presidential-powers-and-obligations,16,1876-05-04 17:20:58,Civil War & Reconstruction,President Polk,other/unclear,neutral,"President Polk was absent from the capital during his Presidential term thirty-seven days, and appears to have signed but two official public papers during such absence.",Fixed-rubric classification from the supplied sentence context.,narration,former_president,AI-classified; not human-validated
cac33251a855b495a9ad7baf,Ulysses S. Grant,Zachary Taylor,/the-presidency/presidential-speeches/may-4-1876-message-presidential-powers-and-obligations,16,1876-05-04 17:20:58,Civil War & Reconstruction,President Taylor,other/unclear,neutral,"President Taylor was absent from the capital during the time he served as President thirty-one days, and while absent signed two commissions, three ""full powers,"" two exequaturs, and the proclamation of August 11, 1849, relative to a threatened invasion of Cuba or some of the Provinces of Mexico.",Fixed-rubric classification from the supplied sentence context.,deliberate_quotation,former_president,AI-classified; not human-validated
250df76c86b4df765a559560,Ulysses S. Grant,Millard Fillmore,/the-presidency/presidential-speeches/may-4-1876-message-presidential-powers-and-obligations,17,1876-05-04 17:20:58,Civil War & Reconstruction,President Fillmore,other/unclear,neutral,President Fillmore was absent from the capital during the time he served as President sixty days.,Fixed-rubric classification from the supplied sentence context.,narration,former_president,AI-classified; not human-validated
ff7d16bf7505414b6ad963c0,Ulysses S. Grant,Franklin Pierce,/the-presidency/presidential-speeches/may-4-1876-message-presidential-powers-and-obligations,17,1876-05-04 17:20:58,Civil War & Reconstruction,President Pierce,other/unclear,neutral,President Pierce was absent from the capital in all during his Presidential term fifty-seven days.,Fixed-rubric classification from the supplied sentence context.,narration,former_president,AI-classified; not human-validated
eec52f4d6c6cda205fae3ae4,Ulysses S. Grant,James Buchanan,/the-presidency/presidential-speeches/may-4-1876-message-presidential-powers-and-obligations,17,1876-05-04 17:20:58,Civil War & Reconstruction,President Buchanan,other/unclear,neutral,"President Buchanan was absent front the capital during his Presidential term fifty-seven days, and the official papers which he is shown to have signed during such absence are three exequaturs and one letter of credence.",Fixed-rubric classification from the supplied sentence context.,narration,former_president,AI-classified; not human-validated
879af884ed06371acc2393e3,Ronald Reagan,Abraham Lincoln,/the-presidency/presidential-speeches/may-5-1985-bergen-belsen-concentration-camp,8,1985-05-05 18:00:00,The Cold War,President Lincoln,other/unclear,neutral,"Hope leads us, if we're prepared to trust it, toward what our President Lincoln called the better angels of our nature.",Fixed-rubric classification from the supplied sentence context.,narration,former_president,AI-classified; not human-validated
eb0eb9e2c0a0c7622b7ba43e,Lyndon B. Johnson,John F. Kennedy,/the-presidency/presidential-speeches/may-6-1964-press-conference-south-lawn,39,1964-05-06 17:00:00,The Cold War,President Kennedy,other/unclear,neutral,"Senator Mansfield did that last year on behalf of the late, beloved President Kennedy, and other Senators and Congressmen frequently do it at the suggestion of the President or the State Department.",Fixed-rubric classification from the supplied sentence context.,narration,former_president,AI-classified; not human-validated
1e7fa7d678434b35cde36442,Franklin D. Roosevelt,Theodore Roosevelt,/the-presidency/presidential-speeches/may-7-1933-fireside-chat-2-progress-during-first-two-months,14,1933-05-07 17:00:00,War & New Deal,Theodore Roosevelt,other/unclear,positive,"Theodore Roosevelt once said to me: ""If I can be right 75 percent of the time I shall come up to the fullest measure of my",Fixed-rubric classification from the supplied sentence context.,deliberate_quotation,former_president,AI-classified; not human-validated
bbbc35bf652d27e631ee02bc,Harry S. Truman,Franklin D. Roosevelt,/the-presidency/presidential-speeches/may-8-1945-announcing-surrender-germany,0,1945-05-08 18:00:00,War & New Deal,Franklin D. Roosevelt,other/unclear,neutral,I only wish that Franklin D.,Fixed-rubric classification from the supplied sentence context.,narration,former_president,AI-classified; not human-validated
7fe6ca7c3589f73df9404cf5,Bill Clinton,Dwight D. Eisenhower,/the-presidency/presidential-speeches/november-13-1993-remarks-convocation-church-god-christ-memphis,1,1993-11-13 18:00:00,Post-Cold War,President Eisenhower,institutional precedent,neutral,"Sometimes they dispose of what I propose, but I'm happy to say that according to a recent report in Washington, notwithstanding what you may have heard, this Congress has given me a higher percentage of my proposals than any first-year President since President Eisenhower.",Fixed-rubric classification from the supplied sentence context.,narration,former_president,AI-classified; not human-validated
e0abf7f928a80709b267ce59,Joe Biden,Barack Obama,/the-presidency/presidential-speeches/november-15-2021-signing-infrastructure-investment-and-jobs,18,2021-11-15 21:01:00,The present era,President Obama,other/unclear,neutral,"And I was - it was how I learned and earned the nickname ""Sheriff Joe"" from President Obama.",Fixed-rubric classification from the supplied sentence context.,deliberate_quotation,former_president,AI-classified; not human-validated
a12aeeda8d4a3b9a38ef6eeb,John F. Kennedy,Thomas Jefferson,/the-presidency/presidential-speeches/november-16-1961-university-washingtons-100th-anniversary,0,1961-11-16 18:00:00,The Cold War,Thomas Jefferson,ceremonial/biographical,neutral,"This nation in two of the most critical times in the life of our country, once in the days after the Revolution in the Northwest ordinance to which Doctor Odegaard referred, and again during the most difficult days of the Civil War, in the Morrill Act which established our land grant colleges, this nation made a basic commitment to the maintenance of education, for the very reasons which Thomas Jefferson gave, that if this nation were to remain free it could not remain ignorant.",Fixed-rubric classification from the supplied sentence context.,narration,former_president,AI-classified; not human-validated
d64a7ea969ab991d2173e530,Lyndon B. Johnson,Harry S. Truman,/the-presidency/presidential-speeches/november-17-1967-press-conference,6,1967-11-17 18:00:00,The Cold War,President Truman,other/unclear,neutral,"I remember, to take one or two illustrations, when President Truman very courageously and, I think, very wisely went into Korea.",Fixed-rubric classification from the supplied sentence context.,narration,former_president,AI-classified; not human-validated
e62bc52769ac91b771760153,Lyndon B. Johnson,Gerald Ford,/the-presidency/presidential-speeches/november-17-1967-press-conference,33,1967-11-17 18:00:00,The Cold War,Mr. Ford,institutional precedent,mixed,I think one of the great mistakes that the Congress will make is that Mr.,Fixed-rubric classification from the supplied sentence context.,narration,not_yet_president,AI-classified; not human-validated
5fd979ab66fa96621e114980,Lyndon B. Johnson,Harry S. Truman,/the-presidency/presidential-speeches/november-17-1967-press-conference,35,1967-11-17 18:00:00,The Cold War,President Truman,policy inheritance,neutral,"Here at the height of our prosperity when our gross national product is going to run at $850 billion, when we look at the precedents of what we have done in past wars-in Korea when President Truman asked for a tax increase, people supported it.",Fixed-rubric classification from the supplied sentence context.,narration,former_president,AI-classified; not human-validated
02b2ef4fd237f2a1521fe45e,Lyndon B. Johnson,James Madison,/the-presidency/presidential-speeches/november-17-1967-press-conference,40,1967-11-17 18:00:00,The Cold War,Madison,institutional precedent,neutral,"That was true when all of New England came down to secede in Madison's administration in the War of 1812, and stopped in Baltimore.",Fixed-rubric classification from the supplied sentence context.,narration,former_president,AI-classified; not human-validated
7f51f152c40bbaa374e90181,Lyndon B. Johnson,Andrew Jackson,/the-presidency/presidential-speeches/november-17-1967-press-conference,40,1967-11-17 18:00:00,The Cold War,Andrew Jackson,other/unclear,neutral,They didn't quite make it because Andrew Jackson's results in New Orleans came in.,Fixed-rubric classification from the supplied sentence context.,narration,former_president,AI-classified; not human-validated
dd5d314d3d6467c566c25729,Lyndon B. Johnson,Franklin D. Roosevelt,/the-presidency/presidential-speeches/november-17-1967-press-conference,42,1967-11-17 18:00:00,The Cold War,President Roosevelt,other/unclear,neutral,"You know what President Roosevelt went through, and President Wilson in World War I.",Fixed-rubric classification from the supplied sentence context.,narration,former_president,AI-classified; not human-validated
864157c43704b6e45dc50f2c,Lyndon B. Johnson,Woodrow Wilson,/the-presidency/presidential-speeches/november-17-1967-press-conference,42,1967-11-17 18:00:00,The Cold War,President Wilson,other/unclear,neutral,"You know what President Roosevelt went through, and President Wilson in World War I.",Fixed-rubric classification from the supplied sentence context.,narration,former_president,AI-classified; not human-validated
c2ad8407a981f18e1f596f21,Lyndon B. Johnson,Harry S. Truman,/the-presidency/presidential-speeches/november-17-1967-press-conference,42,1967-11-17 18:00:00,The Cold War,Truman,other/unclear,neutral,"Now, when you look back upon it, there are very few people who would think that Wilson, Roosevelt, or Truman were in error.",Fixed-rubric classification from the supplied sentence context.,narration,former_president,AI-classified; not human-validated
29ce470436d9d2a29e9b78af,Lyndon B. Johnson,Dwight D. Eisenhower,/the-presidency/presidential-speeches/november-17-1967-press-conference,58,1967-11-17 18:00:00,The Cold War,President Eisenhower,policy inheritance,positive,"So as a consequence, in 1954 under the leadership of President Eisenhower and Secretary Dulles, we had a SEATO Treaty.",Fixed-rubric classification from the supplied sentence context.,narration,former_president,AI-classified; not human-validated
3838d728772200b0f5d249b0,Lyndon B. Johnson,Woodrow Wilson,/the-presidency/presidential-speeches/november-17-1967-press-conference,64,1967-11-17 18:00:00,The Cold War,Woodrow Wilson,institutional precedent,neutral,"Champ Clark, the Speaker of the House, opposed the draft in Woodrow Wilson's administration.",Fixed-rubric classification from the supplied sentence context.,narration,former_president,AI-classified; not human-validated
56d316b07fdd37a978e0091d,Ronald Reagan,Richard M. Nixon,/the-presidency/presidential-speeches/november-18-1981-speech-strategic-arms-reduction-talks,0,1981-11-18 18:00:00,The Cold War,President Nixon,other/unclear,neutral,"And one day I decided to send a personal, handwritten letter to Soviet President Leonid Brezhnev reminding him that we had met about 10 years ago in San Clemente, California, as he and President Nixon were concluding a series of meetings that had brought hope to all the world.",Fixed-rubric classification from the supplied sentence context.,narration,former_president,AI-classified; not human-validated
2845d531d07aa382ebac0268,Barack Obama,George W. Bush,/the-presidency/presidential-speeches/november-20-2014-address-nation-immigration,7,2014-11-20 06:00:00,Post-Cold War,President Bush,other/unclear,neutral,"As my predecessor, President Bush, once put it: ""They are a part of American",Fixed-rubric classification from the supplied sentence context.,deliberate_quotation,former_president,AI-classified; not human-validated
c20b01dcfa1d815d6a8570d1,Ronald Reagan,Dwight D. Eisenhower,/the-presidency/presidential-speeches/november-21-1985-speech-geneva-summit,16,1985-11-21 18:00:00,The Cold War,President Eisenhower,other/unclear,neutral,"Well, 30 years ago, when Ike, President Eisenhower, had just returned from a summit in Geneva, he said,",Fixed-rubric classification from the supplied sentence context.,narration,former_president,AI-classified; not human-validated
84c015f19bb1824c8259eb21,Thomas Jefferson,James Madison,/the-presidency/presidential-speeches/november-27-1806-proclamation-spanish-territory,2,1806-11-27 17:59:58,The founding,JAMES MADISON,other/unclear,neutral,"By the President: JAMES MADISON,",Fixed-rubric classification from the supplied sentence context.,narration,not_yet_president,AI-classified; not human-validated
a8b716d385cb8f1869172d26,Lyndon B. Johnson,John F. Kennedy,/the-presidency/presidential-speeches/november-27-1963-address-joint-session-congress,1,1963-11-27 18:00:00,The Cold War,John Kennedy,other/unclear,positive,"Under John Kennedy's leadership, this Nation has demonstrated that it has the courage to seek peace, and it has the fortitude to risk war.",Fixed-rubric classification from the supplied sentence context.,narration,former_president,AI-classified; not human-validated
6226b771000cf7aa75dbc371,Lyndon B. Johnson,John F. Kennedy,/the-presidency/presidential-speeches/november-27-1963-address-joint-session-congress,5,1963-11-27 18:00:00,The Cold War,John F. Kennedy,other/unclear,neutral,"On the 20th day of January, in 1961, John F.",Fixed-rubric classification from the supplied sentence context.,narration,former_president,AI-classified; not human-validated
4be309e4808c3020199abb4f,Lyndon B. Johnson,John F. Kennedy,/the-presidency/presidential-speeches/november-27-1963-address-joint-session-congress,5,1963-11-27 18:00:00,The Cold War,President Kennedy,ceremonial/biographical,positive,"First, no memorial oration or eulogy could more eloquently honor President Kennedy's memory than the earliest possible passage of the civil rights bill for which he fought so long.",Fixed-rubric classification from the supplied sentence context.,narration,former_president,AI-classified; not human-validated
8b2b80629f4dca6853f57c35,Lyndon B. Johnson,John F. Kennedy,/the-presidency/presidential-speeches/november-27-1963-address-joint-session-congress,6,1963-11-27 18:00:00,The Cold War,President Kennedy,policy inheritance,neutral,"And second, no act of ours could more fittingly continue the work of President Kennedy than the early passage of the tax bill for which he fought all this long year.",Fixed-rubric classification from the supplied sentence context.,narration,former_president,AI-classified; not human-validated
a06d4d160e7fe6e6fc6df451,Lyndon B. Johnson,John F. Kennedy,/the-presidency/presidential-speeches/november-27-1963-address-joint-session-congress,9,1963-11-27 18:00:00,The Cold War,John Kennedy,ceremonial/biographical,neutral,John Kennedy's death commands what his life conveyed - that America must move forward.,Fixed-rubric classification from the supplied sentence context.,narration,former_president,AI-classified; not human-validated
2508a58047ac85b2ca1a662f,Lyndon B. Johnson,John F. Kennedy,/the-presidency/presidential-speeches/november-28-1963-thanksgiving-message,2,1963-11-28 18:00:00,The Cold War,John F. Kennedy,other/unclear,neutral,You have shown what John F.,Fixed-rubric classification from the supplied sentence context.,narration,former_president,AI-classified; not human-validated
dd03502855ca97a05d0b1f2d,Lyndon B. Johnson,Dwight D. Eisenhower,/the-presidency/presidential-speeches/november-28-1963-thanksgiving-message,3,1963-11-28 18:00:00,The Cold War,Dwight D. Eisenhower,other/unclear,positive,"On Saturday, when these great burdens had been mine only hours, the first two citizens to call upon me and to offer their whole support were Dwight D.",Fixed-rubric classification from the supplied sentence context.,narration,former_president,AI-classified; not human-validated
a4bd9b72315320785d632613,Lyndon B. Johnson,Harry S. Truman,/the-presidency/presidential-speeches/november-28-1963-thanksgiving-message,3,1963-11-28 18:00:00,The Cold War,Harry S. Truman,other/unclear,neutral,Eisenhower and Harry S.,Fixed-rubric classification from the supplied sentence context.,narration,former_president,AI-classified; not human-validated
93516158cabddee0675191a1,Lyndon B. Johnson,Herbert Hoover,/the-presidency/presidential-speeches/november-28-1963-thanksgiving-message,4,1963-11-28 18:00:00,The Cold War,Herbert Hoover,other/unclear,neutral,"I have known them well and I have counted them all as friends--President Herbert Hoover, President Franklin Roosevelt, President Harry Truman, President Dwight Eisenhower, and President John Kennedy.",Fixed-rubric classification from the supplied sentence context.,narration,former_president,AI-classified; not human-validated
f2631bafcd0fbe00bf99bc6e,Lyndon B. Johnson,Franklin D. Roosevelt,/the-presidency/presidential-speeches/november-28-1963-thanksgiving-message,4,1963-11-28 18:00:00,The Cold War,Franklin Roosevelt,other/unclear,neutral,"I have known them well and I have counted them all as friends--President Herbert Hoover, President Franklin Roosevelt, President Harry Truman, President Dwight Eisenhower, and President John Kennedy.",Fixed-rubric classification from the supplied sentence context.,narration,former_president,AI-classified; not human-validated
e3546f508add7b07f782859b,Lyndon B. Johnson,Harry S. Truman,/the-presidency/presidential-speeches/november-28-1963-thanksgiving-message,4,1963-11-28 18:00:00,The Cold War,Truman,other/unclear,neutral,"I have known them well and I have counted them all as friends--President Herbert Hoover, President Franklin Roosevelt, President Harry Truman, President Dwight Eisenhower, and President John Kennedy.",Fixed-rubric classification from the supplied sentence context.,narration,former_president,AI-classified; not human-validated
4f46a8feac17a667af5ee6c4,Lyndon B. Johnson,Dwight D. Eisenhower,/the-presidency/presidential-speeches/november-28-1963-thanksgiving-message,4,1963-11-28 18:00:00,The Cold War,Eisenhower,other/unclear,neutral,"I have known them well and I have counted them all as friends--President Herbert Hoover, President Franklin Roosevelt, President Harry Truman, President Dwight Eisenhower, and President John Kennedy.",Fixed-rubric classification from the supplied sentence context.,narration,former_president,AI-classified; not human-validated
b33dbb8d3005dea5ad5ac79b,Lyndon B. Johnson,John F. Kennedy,/the-presidency/presidential-speeches/november-28-1963-thanksgiving-message,4,1963-11-28 18:00:00,The Cold War,John Kennedy,other/unclear,neutral,"I have known them well and I have counted them all as friends--President Herbert Hoover, President Franklin Roosevelt, President Harry Truman, President Dwight Eisenhower, and President John Kennedy.",Fixed-rubric classification from the supplied sentence context.,narration,former_president,AI-classified; not human-validated
0b3a2d9bc4db755ef8be6473,Lyndon B. Johnson,John F. Kennedy,/the-presidency/presidential-speeches/november-28-1963-thanksgiving-message,7,1963-11-28 18:00:00,The Cold War,John F. Kennedy,other/unclear,neutral,1 of the Atlantic Missile Range and the NASA Launch Operation Center in Florida shall hereafter be known as the John F.,Fixed-rubric classification from the supplied sentence context.,narration,former_president,AI-classified; not human-validated
75ea0e08eae1d6b7147c358b,Lyndon B. Johnson,John F. Kennedy,/the-presidency/presidential-speeches/november-28-1963-thanksgiving-message,8,1963-11-28 18:00:00,The Cold War,John F. Kennedy,other/unclear,neutral,"On this Thanksgiving Day, as we gather in the warmth of our families, in the mutual love and respect which we have for one another, and as we bow our heads in submission to divine providence, let us also thank God for the years that He gave us inspiration through His servant, John F.",Fixed-rubric classification from the supplied sentence context.,narration,former_president,AI-classified; not human-validated
bc048df28ac7d218046bacc4,Lyndon B. Johnson,John F. Kennedy,/the-presidency/presidential-speeches/november-28-1963-thanksgiving-message,13,1963-11-28 18:00:00,The Cold War,John F. Kennedy,other/unclear,neutral,You have shown what John F.,Fixed-rubric classification from the supplied sentence context.,narration,former_president,AI-classified; not human-validated
71c61b62b2dbd9e650203392,Lyndon B. Johnson,Dwight D. Eisenhower,/the-presidency/presidential-speeches/november-28-1963-thanksgiving-message,14,1963-11-28 18:00:00,The Cold War,Dwight D. Eisenhower,other/unclear,positive,"On Saturday, when these great burdens had been mine only hours, the first two citizens to call upon me and to offer their whole support were Dwight D.",Fixed-rubric classification from the supplied sentence context.,narration,former_president,AI-classified; not human-validated
af01f896548701331d39f348,Lyndon B. Johnson,Harry S. Truman,/the-presidency/presidential-speeches/november-28-1963-thanksgiving-message,14,1963-11-28 18:00:00,The Cold War,Harry S. Truman,other/unclear,neutral,Eisenhower and Harry S.,Fixed-rubric classification from the supplied sentence context.,narration,former_president,AI-classified; not human-validated
05a939dcb2b2cbf7ea2c69f7,Lyndon B. Johnson,Herbert Hoover,/the-presidency/presidential-speeches/november-28-1963-thanksgiving-message,15,1963-11-28 18:00:00,The Cold War,Herbert Hoover,other/unclear,neutral,"I have known them well and I have counted them all as friends--President Herbert Hoover, President Franklin Roosevelt, President Harry Truman, President Dwight Eisenhower, and President John Kennedy.",Fixed-rubric classification from the supplied sentence context.,narration,former_president,AI-classified; not human-validated
a6b9b68da3efdd6f985dba6f,Lyndon B. Johnson,Franklin D. Roosevelt,/the-presidency/presidential-speeches/november-28-1963-thanksgiving-message,15,1963-11-28 18:00:00,The Cold War,Franklin Roosevelt,other/unclear,neutral,"I have known them well and I have counted them all as friends--President Herbert Hoover, President Franklin Roosevelt, President Harry Truman, President Dwight Eisenhower, and President John Kennedy.",Fixed-rubric classification from the supplied sentence context.,narration,former_president,AI-classified; not human-validated
a868212ec2125bd23ce6602a,Lyndon B. Johnson,Harry S. Truman,/the-presidency/presidential-speeches/november-28-1963-thanksgiving-message,15,1963-11-28 18:00:00,The Cold War,Truman,other/unclear,neutral,"I have known them well and I have counted them all as friends--President Herbert Hoover, President Franklin Roosevelt, President Harry Truman, President Dwight Eisenhower, and President John Kennedy.",Fixed-rubric classification from the supplied sentence context.,narration,former_president,AI-classified; not human-validated
944a87f61dcbdf95197271ac,Lyndon B. Johnson,Dwight D. Eisenhower,/the-presidency/presidential-speeches/november-28-1963-thanksgiving-message,15,1963-11-28 18:00:00,The Cold War,Eisenhower,other/unclear,neutral,"I have known them well and I have counted them all as friends--President Herbert Hoover, President Franklin Roosevelt, President Harry Truman, President Dwight Eisenhower, and President John Kennedy.",Fixed-rubric classification from the supplied sentence context.,narration,former_president,AI-classified; not human-validated
8ccf968f648a7601b7e68d67,Lyndon B. Johnson,John F. Kennedy,/the-presidency/presidential-speeches/november-28-1963-thanksgiving-message,15,1963-11-28 18:00:00,The Cold War,John Kennedy,other/unclear,neutral,"I have known them well and I have counted them all as friends--President Herbert Hoover, President Franklin Roosevelt, President Harry Truman, President Dwight Eisenhower, and President John Kennedy.",Fixed-rubric classification from the supplied sentence context.,narration,former_president,AI-classified; not human-validated
3578614326737e57172f3caf,Lyndon B. Johnson,John F. Kennedy,/the-presidency/presidential-speeches/november-28-1963-thanksgiving-message,18,1963-11-28 18:00:00,The Cold War,John F. Kennedy,other/unclear,neutral,1 of the Atlantic Missile Range and the NASA Launch Operation Center in Florida shall hereafter be known as the John F.,Fixed-rubric classification from the supplied sentence context.,narration,former_president,AI-classified; not human-validated
b7408aa5edcbe1d15d310a89,Lyndon B. Johnson,John F. Kennedy,/the-presidency/presidential-speeches/november-28-1963-thanksgiving-message,19,1963-11-28 18:00:00,The Cold War,John F. Kennedy,other/unclear,neutral,"On this Thanksgiving Day, as we gather in the warmth of our families, in the mutual love and respect which we have for one another, and as we bow our heads in submission to divine providence, let us also thank God for the years that He gave us inspiration through His servant, John F.",Fixed-rubric classification from the supplied sentence context.,narration,former_president,AI-classified; not human-validated
1a0067c9e8803f6393d6e96e,Harry S. Truman,Andrew Jackson,/the-presidency/presidential-speeches/november-3-1948-victory-celebration,0,1948-11-03 18:00:00,The Cold War,Andrew Jackson,other/unclear,positive,"Mayor, and my fellow townsmen and citizens of this great county named after Andrew Jackson: I can't tell you how very much I appreciate this turnout to celebrate a victory - not my victory, but a victory of the Democratic Party for the people.",Fixed-rubric classification from the supplied sentence context.,narration,former_president,AI-classified; not human-validated
53dc4c5e1e5df5d70a719608,Richard M. Nixon,Dwight D. Eisenhower,/the-presidency/presidential-speeches/november-3-1969-address-nation-war-vietnam,4,1969-11-03 18:00:00,The Cold War,President Eisenhower,other/unclear,neutral,"In response to the request of the Government of South Vietnam, President Eisenhower sent economic aid and military equipment to assist the people of South Vietnam in their efforts to prevent a Communist takeover.",Fixed-rubric classification from the supplied sentence context.,narration,former_president,AI-classified; not human-validated
40eeb57262a3824397eacd35,Richard M. Nixon,John F. Kennedy,/the-presidency/presidential-speeches/november-3-1969-address-nation-war-vietnam,4,1969-11-03 18:00:00,The Cold War,President Kennedy,other/unclear,neutral,"Seven years ago, President Kennedy sent 16,000 military personnel to Vietnam as combat advisers.",Fixed-rubric classification from the supplied sentence context.,narration,former_president,AI-classified; not human-validated
9470a8e87fd5e0801b90667d,Richard M. Nixon,Lyndon B. Johnson,/the-presidency/presidential-speeches/november-3-1969-address-nation-war-vietnam,4,1969-11-03 18:00:00,The Cold War,President Johnson,other/unclear,neutral,"Four years ago, President Johnson sent American combat forces to South Vietnam.",Fixed-rubric classification from the supplied sentence context.,narration,former_president,AI-classified; not human-validated
8f1546c24ce9e6c72b68cf8c,Richard M. Nixon,Lyndon B. Johnson,/the-presidency/presidential-speeches/november-3-1969-address-nation-war-vietnam,4,1969-11-03 18:00:00,The Cold War,President Johnson,other/unclear,negative,"Now, many believe that President Johnson's decision to send American combat forces to South Vietnam was wrong.",Fixed-rubric classification from the supplied sentence context.,narration,former_president,AI-classified; not human-validated
5eaad18b45750dfb43a52a52,Richard M. Nixon,John F. Kennedy,/the-presidency/presidential-speeches/november-3-1969-address-nation-war-vietnam,6,1969-11-03 18:00:00,The Cold War,President Kennedy,other/unclear,neutral,"In 1963, President Kennedy, with his characteristic eloquence and clarity, said: ""we want to see a stable government there, carrying on a struggle to maintain its national",Fixed-rubric classification from the supplied sentence context.,deliberate_quotation,former_president,AI-classified; not human-validated
c7463d3ab0b7c46cf9ceff95,Richard M. Nixon,Dwight D. Eisenhower,/the-presidency/presidential-speeches/november-3-1969-address-nation-war-vietnam,6,1969-11-03 18:00:00,The Cold War,President Eisenhower,institutional precedent,neutral,""" President Eisenhower and President Johnson expressed the same conclusion during their terms of office.",Fixed-rubric classification from the supplied sentence context.,deliberate_quotation,former_president,AI-classified; not human-validated
68c80389edffa90c78c6da62,Richard M. Nixon,Lyndon B. Johnson,/the-presidency/presidential-speeches/november-3-1969-address-nation-war-vietnam,6,1969-11-03 18:00:00,The Cold War,President Johnson,institutional precedent,neutral,""" President Eisenhower and President Johnson expressed the same conclusion during their terms of office.",Fixed-rubric classification from the supplied sentence context.,deliberate_quotation,former_president,AI-classified; not human-validated
4407830f9a6c7b3d43c82487,Richard M. Nixon,Woodrow Wilson,/the-presidency/presidential-speeches/november-3-1969-address-nation-war-vietnam,33,1969-11-03 18:00:00,The Cold War,Woodrow Wilson,other/unclear,neutral,"Fifty years ago, in this room and at this very desk, President Woodrow Wilson spoke words which caught the imagination of a war-weary world.",Fixed-rubric classification from the supplied sentence context.,narration,former_president,AI-classified; not human-validated
df1bd278057f927862648682,Richard M. Nixon,Woodrow Wilson,/the-presidency/presidential-speeches/november-3-1969-address-nation-war-vietnam,33,1969-11-03 18:00:00,The Cold War,Woodrow Wilson,ceremonial/biographical,positive,""" His dream for peace after World War I was shattered on the hard realities of great power politics and Woodrow Wilson died a broken man.",Fixed-rubric classification from the supplied sentence context.,deliberate_quotation,former_president,AI-classified; not human-validated
5b0a485f166aaf7810563c9c,Richard M. Nixon,Woodrow Wilson,/the-presidency/presidential-speeches/november-3-1969-address-nation-war-vietnam,33,1969-11-03 18:00:00,The Cold War,Woodrow Wilson,policy inheritance,positive,But I do say this: I have initiated a plan which will end this war in a way that will bring us closer to that great goal to which Woodrow Wilson and every American President in our history has been dedicated - the goal of a just and lasting peace.,Fixed-rubric classification from the supplied sentence context.,narration,former_president,AI-classified; not human-validated
d4e13e3edae096ba74873aa1,Bill Clinton,Abraham Lincoln,/the-presidency/presidential-speeches/november-3-1996-remarks-congregation-st-pauls-ame-church,7,1996-11-03 18:00:00,Post-Cold War,President Lincoln,other/unclear,neutral,"Now, President Lincoln once paraphrased Jesus' sermon in St.",Fixed-rubric classification from the supplied sentence context.,narration,former_president,AI-classified; not human-validated
408138db97e724426c959bac,Barack Obama,George W. Bush,/the-presidency/presidential-speeches/november-3-2010-press-conference-after-2010-midterm-elections,34,2010-11-03 05:00:00,Post-Cold War,President Bush,other/unclear,neutral,"And the second one is, President Bush when he went through a similar thing came out and he said this was a",Fixed-rubric classification from the supplied sentence context.,narration,former_president,AI-classified; not human-validated
492882353e4df9aaed3ed089,Barack Obama,Ronald Reagan,/the-presidency/presidential-speeches/november-3-2010-press-conference-after-2010-midterm-elections,58,2010-11-03 05:00:00,Post-Cold War,Ronald Reagan,other/unclear,positive,"But, I mean, I think it's important to point out as well that a couple of great communicators, Ronald Reagan and Bill Clinton, were standing at this podium two years into their presidency getting very similar questions because the economy wasn't working the way it needed to be and there were a whole range of factors that made people concerned that maybe the party in power wasn't listening to them.",Fixed-rubric classification from the supplied sentence context.,narration,former_president,AI-classified; not human-validated
bbaf8fdeb3a915e51d5a0d8a,Barack Obama,Bill Clinton,/the-presidency/presidential-speeches/november-3-2010-press-conference-after-2010-midterm-elections,58,2010-11-03 05:00:00,Post-Cold War,Bill Clinton,other/unclear,positive,"But, I mean, I think it's important to point out as well that a couple of great communicators, Ronald Reagan and Bill Clinton, were standing at this podium two years into their presidency getting very similar questions because the economy wasn't working the way it needed to be and there were a whole range of factors that made people concerned that maybe the party in power wasn't listening to them.",Fixed-rubric classification from the supplied sentence context.,narration,former_president,AI-classified; not human-validated
221da3529276cfbef8bd2b0f,Bill Clinton,Andrew Jackson,/the-presidency/presidential-speeches/november-30-1995-address-employees-mackie-metal-plant,1,1995-11-30 18:00:00,Post-Cold War,Andrew Jackson,other/unclear,neutral,"Many of you perhaps know that one in four of America's Presidents trace their roots to Ireland's shores, beginning with Andrew Jackson, the son of immigrants from Carrickfergus, to John Fitzgerald Kennedy, whose forebears came from County Wexford.",Fixed-rubric classification from the supplied sentence context.,narration,former_president,AI-classified; not human-validated
a0d47b1881f75d5b90a1aaf7,Barack Obama,Joe Biden,/the-presidency/presidential-speeches/november-4-2008-remarks-election-night,2,2008-11-04 18:00:00,Post-Cold War,Joe Biden,other/unclear,neutral,"I want to thank my partner in this journey, a man who campaigned from his heart and spoke for the men and women he grew up with on the streets of Scranton and rode with on that train home to Delaware, the Vice President-elect of the United States, Joe Biden.",Fixed-rubric classification from the supplied sentence context.,narration,not_yet_president,AI-classified; not human-validated
87571d2d9013a0b33ed73bca,Herbert Hoover,Theodore Roosevelt,/the-presidency/presidential-speeches/november-5-1932-campaign-speech-st-paul-minnesota,44,1932-11-05 17:13:00,Progressives & Depression,Mr. Roosevelt,other/unclear,neutral,"It states, incidentally, that Mr.",Fixed-rubric classification from the supplied sentence context.,narration,former_president,AI-classified; not human-validated
9191f7386a7fe500b9664a73,Herbert Hoover,Theodore Roosevelt,/the-presidency/presidential-speeches/november-5-1932-campaign-speech-st-paul-minnesota,48,1932-11-05 17:13:00,Progressives & Depression,Theodore Roosevelt,institutional precedent,neutral,"Even before their enfranchisement, President Theodore Roosevelt realized the need for women in government when he appointed a woman to head his newly created Children's Bureau in the Department of Labor, and that office has always been held by a woman.",Fixed-rubric classification from the supplied sentence context.,narration,former_president,AI-classified; not human-validated
63a72c61df9e4d195823f1a4,Donald Trump,Joe Biden,/the-presidency/presidential-speeches/november-5-2020-remarks-2020-election,5,2020-11-06 00:00:00,The present era,Mr. Biden,other/unclear,neutral,"These really phony polls - I have to call them phony polls, fake polls - were designed to keep our voters at home, create the illusion of momentum for Mr.",Fixed-rubric classification from the supplied sentence context.,narration,not_yet_president,AI-classified; not human-validated
1663da6dd5d98db198cad538,Donald Trump,Joe Biden,/the-presidency/presidential-speeches/november-5-2020-remarks-2020-election,6,2020-11-06 00:00:00,The present era,Joe Biden,contemporary rivalry,negative,"To highlight just a few examples: The day before election, Quinnipiac - which was wrong on every occasion that I know of - had Joe Biden up by 5 points in Florida, and they were off by",Fixed-rubric classification from the supplied sentence context.,narration,not_yet_president,AI-classified; not human-validated
5b16486553be1174a6fd5d47,Richard M. Nixon,Dwight D. Eisenhower,/the-presidency/presidential-speeches/november-6-1972-remarks-election-eve,3,1972-11-06 18:00:00,The Cold War,President Eisenhower,other/unclear,neutral,It means that we can have something we haven't had since President Eisenhower was President 15 years ago - prosperity without war and without inflation.,Fixed-rubric classification from the supplied sentence context.,narration,former_president,AI-classified; not human-validated
1549f269025c29e2abc063e4,George W. Bush,Ronald Reagan,/the-presidency/presidential-speeches/november-6-2003-remarks-freedom-iraq-and-middle-east,2,2003-11-06 17:05:00,Post-Cold War,Ronald Reagan,other/unclear,neutral,"In June of 1982, President Ronald Reagan spoke at Westminster Palace and declared, the turning point had arrived in history.",Fixed-rubric classification from the supplied sentence context.,narration,former_president,AI-classified; not human-validated
813a298ed4891bace923c9ef,George W. Bush,Ronald Reagan,/the-presidency/presidential-speeches/november-6-2003-remarks-freedom-iraq-and-middle-east,3,2003-11-06 17:05:00,Post-Cold War,President Reagan,other/unclear,neutral,"President Reagan said that the day of Soviet tyranny was passing, that freedom had a momentum which would not be halted.",Fixed-rubric classification from the supplied sentence context.,narration,former_president,AI-classified; not human-validated
897bc404c152f6d649dac57f,George W. Bush,Ronald Reagan,/the-presidency/presidential-speeches/november-6-2003-remarks-freedom-iraq-and-middle-east,3,2003-11-06 17:05:00,Post-Cold War,Ronald Reagan,other/unclear,neutral,"According to one editorial of the time, ""It seems hard to be a sophisticated European and also an admirer of Ronald",Fixed-rubric classification from the supplied sentence context.,narration,former_president,AI-classified; not human-validated
a3fbe402f74c0180419625ab,George W. Bush,Ronald Reagan,/the-presidency/presidential-speeches/november-6-2003-remarks-freedom-iraq-and-middle-east,3,2003-11-06 17:05:00,Post-Cold War,Ronald Reagan,other/unclear,neutral,"In fact, Ronald Reagan's words were courageous and optimistic and entirely correct.",Fixed-rubric classification from the supplied sentence context.,narration,former_president,AI-classified; not human-validated
a04ac7271eba79765cee1d71,George W. Bush,Ronald Reagan,/the-presidency/presidential-speeches/november-6-2003-remarks-freedom-iraq-and-middle-east,4,2003-11-06 17:05:00,Post-Cold War,President Reagan,other/unclear,positive,The great democratic movement President Reagan described was already well underway.,Fixed-rubric classification from the supplied sentence context.,narration,former_president,AI-classified; not human-validated
a88583757851ed502d6defaa,George W. Bush,Ronald Reagan,/the-presidency/presidential-speeches/november-6-2003-remarks-freedom-iraq-and-middle-east,5,2003-11-06 17:05:00,Post-Cold War,Ronald Reagan,other/unclear,neutral,"Ronald Reagan would be pleased, and he would not be surprised.",Fixed-rubric classification from the supplied sentence context.,narration,former_president,AI-classified; not human-validated
7029dbfb1e82bacd46f55ec6,George W. Bush,Ronald Reagan,/the-presidency/presidential-speeches/november-6-2003-remarks-freedom-iraq-and-middle-east,14,2003-11-06 17:05:00,Post-Cold War,Ronald Reagan,other/unclear,neutral,"This ""cultural condescension,"" as Ronald Reagan termed it, has a long history.",Fixed-rubric classification from the supplied sentence context.,deliberate_quotation,former_president,AI-classified; not human-validated
210661ba40a40998803c857d,Barack Obama,Joe Biden,/the-presidency/presidential-speeches/november-6-2012-2012-election-night-victory-speech,3,2012-11-06 06:00:00,Post-Cold War,Joe Biden,other/unclear,neutral,"I want to thank my friend and partner of the last four years, America's happy warrior -- -- the best Vice President anybody could ever hope for -- Joe Biden.",Fixed-rubric classification from the supplied sentence context.,narration,not_yet_president,AI-classified; not human-validated
f59e8115d4a42c664fd4e978,George H. W. Bush,Bill Clinton,/the-presidency/presidential-speeches/october-11-1992-debate-bill-clinton-and-ross-perot,0,1992-10-11 17:00:00,Post-Cold War,Bill Clinton,contemporary rivalry,neutral,"The candidates are independent candidate Ross Perot; Governor Bill Clinton, the Democratic nominee; and President George Bush, the Republican nominee.",Fixed-rubric classification from the supplied sentence context.,narration,not_yet_president,AI-classified; not human-validated
73c8b287b200e788ee7de8e5,George H. W. Bush,Ronald Reagan,/the-presidency/presidential-speeches/october-11-1992-debate-bill-clinton-and-ross-perot,9,1992-10-11 17:00:00,Post-Cold War,Mr. Reagan,other/unclear,neutral,Bush and Mr.,Fixed-rubric classification from the supplied sentence context.,narration,former_president,AI-classified; not human-validated
97e4ba0e01f666ccd197dc4f,George H. W. Bush,John F. Kennedy,/the-presidency/presidential-speeches/october-11-1992-debate-bill-clinton-and-ross-perot,26,1992-10-11 17:00:00,Post-Cold War,President Kennedy,policy inheritance,neutral,I want to give people permanent incentives on investment tax credit like President Kennedy and the Congress inaugurated in the early sixties to get industry moving again; a research and development tax credit; a low-income housing tax credit; a long-term capital gains proposal for new business and business expansions.,Fixed-rubric classification from the supplied sentence context.,narration,former_president,AI-classified; not human-validated
11033880a16685dd2686bb8a,George H. W. Bush,Ronald Reagan,/the-presidency/presidential-speeches/october-11-1992-debate-bill-clinton-and-ross-perot,27,1992-10-11 17:00:00,Post-Cold War,Mr. Reagan,other/unclear,neutral,Bush and Mr.,Fixed-rubric classification from the supplied sentence context.,narration,former_president,AI-classified; not human-validated
7b13cc11829182a80de6d350,George H. W. Bush,Ronald Reagan,/the-presidency/presidential-speeches/october-11-1992-debate-bill-clinton-and-ross-perot,41,1992-10-11 17:00:00,Post-Cold War,President Reagan,other/unclear,neutral,"But two former Defense Secretaries recently issued reports saying that 100,000 or slightly fewer troops would be enough, including President Reagan's former Defense Secretary, Mr.",Fixed-rubric classification from the supplied sentence context.,narration,former_president,AI-classified; not human-validated
20cc8c0c85347701c99d6289,George H. W. Bush,Franklin D. Roosevelt,/the-presidency/presidential-speeches/october-11-1992-debate-bill-clinton-and-ross-perot,98,1992-10-11 17:00:00,Post-Cold War,FDR,historical comparison,neutral,Very unlike World War II when FDR's sons flew missions; everybody went.,Fixed-rubric classification from the supplied sentence context.,narration,former_president,AI-classified; not human-validated
7a47e4c78e938fd8d2995157,George H. W. Bush,Harry S. Truman,/the-presidency/presidential-speeches/october-11-1992-debate-bill-clinton-and-ross-perot,109,1992-10-11 17:00:00,Post-Cold War,Truman,other/unclear,neutral,"President, there's been a lot of talk about Harry Truman in this campaign, so much so that I think tomorrow I'll wake up and see him named as the next commissioner of baseball.",Fixed-rubric classification from the supplied sentence context.,narration,former_president,AI-classified; not human-validated
c39a4004d13807db3fd9ac3a,George H. W. Bush,Harry S. Truman,/the-presidency/presidential-speeches/october-11-1992-debate-bill-clinton-and-ross-perot,109,1992-10-11 17:00:00,Post-Cold War,Mr. Truman,other/unclear,neutral,The thing that Mr.,Fixed-rubric classification from the supplied sentence context.,narration,former_president,AI-classified; not human-validated
c5f454c3e393e4b5d95fc812,George H. W. Bush,Lyndon B. Johnson,/the-presidency/presidential-speeches/october-11-1992-debate-bill-clinton-and-ross-perot,143,1992-10-11 17:00:00,Post-Cold War,Lyndon Johnson,other/unclear,neutral,Bush is trying to run against Lyndon Johnson and Jimmy Carter and everybody in the world but me in this race.,Fixed-rubric classification from the supplied sentence context.,narration,former_president,AI-classified; not human-validated
164d753e5e4076860939f214,George H. W. Bush,Jimmy Carter,/the-presidency/presidential-speeches/october-11-1992-debate-bill-clinton-and-ross-perot,143,1992-10-11 17:00:00,Post-Cold War,Jimmy Carter,other/unclear,neutral,Bush is trying to run against Lyndon Johnson and Jimmy Carter and everybody in the world but me in this race.,Fixed-rubric classification from the supplied sentence context.,narration,former_president,AI-classified; not human-validated
fbeb94376e72709cbef83c36,John F. Kennedy,Thomas Jefferson,/the-presidency/presidential-speeches/october-12-1961-address-university-north-carolina,4,1961-10-12 17:00:00,The Cold War,Thomas Jefferson,policy inheritance,neutral,"A contemporary described Thomas Jefferson as ""a gentleman of 32 who could calculate an eclipse, survey an estate, tie an artery, plan an edifice, try a cause, break a horse, dance the minuet, and play the",Fixed-rubric classification from the supplied sentence context.,deliberate_quotation,former_president,AI-classified; not human-validated
4cf9358c3a3b8d07d77d8c8f,John F. Kennedy,John Quincy Adams,/the-presidency/presidential-speeches/october-12-1961-address-university-north-carolina,4,1961-10-12 17:00:00,The Cold War,John Quincy Adams,other/unclear,positive,""" John Quincy Adams, after being summarily dismissed by the Massachusetts Legislature from the United States Senate for supporting Thomas Jefferson, could then become Boylston Professor of Rhetoric and Oratory at Harvard University, and then become a great Secretary of State.",Fixed-rubric classification from the supplied sentence context.,deliberate_quotation,former_president,AI-classified; not human-validated
75a4136eb2adf48f844010d7,John F. Kennedy,Thomas Jefferson,/the-presidency/presidential-speeches/october-12-1961-address-university-north-carolina,4,1961-10-12 17:00:00,The Cold War,Thomas Jefferson,other/unclear,positive,""" John Quincy Adams, after being summarily dismissed by the Massachusetts Legislature from the United States Senate for supporting Thomas Jefferson, could then become Boylston Professor of Rhetoric and Oratory at Harvard University, and then become a great Secretary of State.",Fixed-rubric classification from the supplied sentence context.,deliberate_quotation,former_president,AI-classified; not human-validated
f0fb822d53e8f707069acbac,John F. Kennedy,Woodrow Wilson,/the-presidency/presidential-speeches/october-12-1961-address-university-north-carolina,10,1961-10-12 17:00:00,The Cold War,Woodrow Wilson,ceremonial/biographical,neutral,"""A university,"" said Professor Woodrow Wilson, ""should be an organ of memory for the State, for the transmission of its best",Fixed-rubric classification from the supplied sentence context.,deliberate_quotation,former_president,AI-classified; not human-validated
eccbccf77255c1fe1e36c0e0,John F. Kennedy,Richard M. Nixon,/the-presidency/presidential-speeches/october-13-1960-debate-richard-nixon-new-york-and-los-angeles,0,1960-10-13 17:00:00,The Cold War,Richard M. Nixon,contemporary rivalry,neutral,"Kennedy; separated by three thousand miles in a Los Angeles studio, the Republican presidential nominee, Vice President Richard M.",Fixed-rubric classification from the supplied sentence context.,narration,serving_or_contemporary,AI-classified; not human-validated
e4dae69965034d4571d442b2,John F. Kennedy,Richard M. Nixon,/the-presidency/presidential-speeches/october-13-1960-debate-richard-nixon-new-york-and-los-angeles,1,1960-10-13 17:00:00,The Cold War,President Nixon,other/unclear,positive,"SHADEL: And good evening to you, Vice President Nixon.",Fixed-rubric classification from the supplied sentence context.,narration,serving_or_contemporary,AI-classified; not human-validated
45940aaa495b28ef1418da19,John F. Kennedy,Richard M. Nixon,/the-presidency/presidential-speeches/october-13-1960-debate-richard-nixon-new-york-and-los-angeles,1,1960-10-13 17:00:00,The Cold War,MR. NIXON,other/unclear,neutral,MR.,Fixed-rubric classification from the supplied sentence context.,narration,serving_or_contemporary,AI-classified; not human-validated
a84ba0df8649c931776571d4,John F. Kennedy,Richard M. Nixon,/the-presidency/presidential-speeches/october-13-1960-debate-richard-nixon-new-york-and-los-angeles,3,1960-10-13 17:00:00,The Cold War,Richard Nixon,other/unclear,neutral,"McGEE: Senator Kennedy, yesterday you used the words ""trigger-happy"" in referring to Vice President Richard Nixon's stand on defending the islands of Quemoy and Matsu.",Fixed-rubric classification from the supplied sentence context.,deliberate_quotation,serving_or_contemporary,AI-classified; not human-validated
74eb46d1c76bed761e3b44f8,John F. Kennedy,Richard M. Nixon,/the-presidency/presidential-speeches/october-13-1960-debate-richard-nixon-new-york-and-los-angeles,5,1960-10-13 17:00:00,The Cold War,MR. NIXON,other/unclear,neutral,MR.,Fixed-rubric classification from the supplied sentence context.,narration,serving_or_contemporary,AI-classified; not human-validated
2954ebf06b5c935e6295616a,John F. Kennedy,Richard M. Nixon,/the-presidency/presidential-speeches/october-13-1960-debate-richard-nixon-new-york-and-los-angeles,7,1960-10-13 17:00:00,The Cold War,President Nixon,other/unclear,neutral,Von Fremd for Vice President Nixon.,Fixed-rubric classification from the supplied sentence context.,narration,serving_or_contemporary,AI-classified; not human-validated
65343a3aef6d400da4e93112,John F. Kennedy,Richard M. Nixon,/the-presidency/presidential-speeches/october-13-1960-debate-richard-nixon-new-york-and-los-angeles,8,1960-10-13 17:00:00,The Cold War,MR. NIXON,other/unclear,neutral,MR.,Fixed-rubric classification from the supplied sentence context.,narration,serving_or_contemporary,AI-classified; not human-validated
ba98ccedd3dc5d42c1daf523,John F. Kennedy,Dwight D. Eisenhower,/the-presidency/presidential-speeches/october-13-1960-debate-richard-nixon-new-york-and-los-angeles,10,1960-10-13 17:00:00,The Cold War,President Eisenhower,other/unclear,neutral,"I've often heard President Eisenhower in discussing this question, make the statement that if we once start the process of indicating that this point or that point is not the place to stop those who threaten the peace and freedom of the world, where do we stop them?",Fixed-rubric classification from the supplied sentence context.,narration,serving_or_contemporary,AI-classified; not human-validated
f0234f52c2c609f570fcd949,John F. Kennedy,Richard M. Nixon,/the-presidency/presidential-speeches/october-13-1960-debate-richard-nixon-new-york-and-los-angeles,12,1960-10-13 17:00:00,The Cold War,Mr. Nixon,other/unclear,neutral,The islands which Mr.,Fixed-rubric classification from the supplied sentence context.,narration,serving_or_contemporary,AI-classified; not human-validated
e3d7670f976283ffd81810b9,John F. Kennedy,Richard M. Nixon,/the-presidency/presidential-speeches/october-13-1960-debate-richard-nixon-new-york-and-los-angeles,13,1960-10-13 17:00:00,The Cold War,Mr. Nixon,other/unclear,neutral,Mr.,Fixed-rubric classification from the supplied sentence context.,narration,serving_or_contemporary,AI-classified; not human-validated
f3375213d3a5222e64e1ef69,John F. Kennedy,Richard M. Nixon,/the-presidency/presidential-speeches/october-13-1960-debate-richard-nixon-new-york-and-los-angeles,13,1960-10-13 17:00:00,The Cold War,Mr. Nixon,other/unclear,neutral,"Now, I must say what Mr.",Fixed-rubric classification from the supplied sentence context.,narration,serving_or_contemporary,AI-classified; not human-validated
a9d739ae6b73f10b0db0f9d2,John F. Kennedy,Richard M. Nixon,/the-presidency/presidential-speeches/october-13-1960-debate-richard-nixon-new-york-and-los-angeles,19,1960-10-13 17:00:00,The Cold War,MR. NIXON,other/unclear,neutral,MR.,Fixed-rubric classification from the supplied sentence context.,narration,serving_or_contemporary,AI-classified; not human-validated
b58f967a4fb94255a74ce8f5,John F. Kennedy,Richard M. Nixon,/the-presidency/presidential-speeches/october-13-1960-debate-richard-nixon-new-york-and-los-angeles,22,1960-10-13 17:00:00,The Cold War,President Nixon,other/unclear,neutral,Drummond for Vice President Nixon.,Fixed-rubric classification from the supplied sentence context.,narration,serving_or_contemporary,AI-classified; not human-validated
69123f4761e67871d2938be9,John F. Kennedy,Richard M. Nixon,/the-presidency/presidential-speeches/october-13-1960-debate-richard-nixon-new-york-and-los-angeles,22,1960-10-13 17:00:00,The Cold War,Mr. Nixon,other/unclear,neutral,DRUMMOND: Mr.,Fixed-rubric classification from the supplied sentence context.,narration,serving_or_contemporary,AI-classified; not human-validated
9d4dd887d9c16f7a714a168d,John F. Kennedy,Dwight D. Eisenhower,/the-presidency/presidential-speeches/october-13-1960-debate-richard-nixon-new-york-and-los-angeles,22,1960-10-13 17:00:00,The Cold War,President Eisenhower,other/unclear,neutral,Uh - it is my understanding that President Eisenhower never advocated that Quemoy and Matsu should be defended under all circumstances as a matter of principle.,Fixed-rubric classification from the supplied sentence context.,narration,serving_or_contemporary,AI-classified; not human-validated
57b430e149063b6f30754c68,John F. Kennedy,Richard M. Nixon,/the-presidency/presidential-speeches/october-13-1960-debate-richard-nixon-new-york-and-los-angeles,23,1960-10-13 17:00:00,The Cold War,MR. NIXON,other/unclear,neutral,MR.,Fixed-rubric classification from the supplied sentence context.,narration,serving_or_contemporary,AI-classified; not human-validated
5bcc6e5c006557ec2a13e891,John F. Kennedy,Dwight D. Eisenhower,/the-presidency/presidential-speeches/october-13-1960-debate-richard-nixon-new-york-and-los-angeles,23,1960-10-13 17:00:00,The Cold War,President Eisenhower,other/unclear,neutral,"Now as far as President Eisenhower is concerned, I have often heard him discuss this question.",Fixed-rubric classification from the supplied sentence context.,narration,serving_or_contemporary,AI-classified; not human-validated
ce0f5369bd047d98e0d06f0f,John F. Kennedy,Richard M. Nixon,/the-presidency/presidential-speeches/october-13-1960-debate-richard-nixon-new-york-and-los-angeles,27,1960-10-13 17:00:00,The Cold War,Mr. Nixon,other/unclear,neutral,KENNEDY: I don't think it's possible for Mr.,Fixed-rubric classification from the supplied sentence context.,narration,serving_or_contemporary,AI-classified; not human-validated
bd08f0d6bcd9934c96328800,John F. Kennedy,Richard M. Nixon,/the-presidency/presidential-speeches/october-13-1960-debate-richard-nixon-new-york-and-los-angeles,29,1960-10-13 17:00:00,The Cold War,Mr. Nixon,other/unclear,neutral,Mr.,Fixed-rubric classification from the supplied sentence context.,narration,serving_or_contemporary,AI-classified; not human-validated
0523a6286a58e06244b86cc5,John F. Kennedy,Richard M. Nixon,/the-presidency/presidential-speeches/october-13-1960-debate-richard-nixon-new-york-and-los-angeles,30,1960-10-13 17:00:00,The Cold War,President Nixon,contemporary rivalry,neutral,"The chairman of the Republican National Committee, Senator Thruston Morton, declared earlier this week that you owed Vice President Nixon and the Republican party a public apology for some strong charges made by former President Harry Truman, who bluntly suggested where the Vice President and the Republican party could go.",Fixed-rubric classification from the supplied sentence context.,narration,serving_or_contemporary,AI-classified; not human-validated
fcc4d0039092dd150e0592b7,John F. Kennedy,Harry S. Truman,/the-presidency/presidential-speeches/october-13-1960-debate-richard-nixon-new-york-and-los-angeles,30,1960-10-13 17:00:00,The Cold War,Truman,other/unclear,neutral,"The chairman of the Republican National Committee, Senator Thruston Morton, declared earlier this week that you owed Vice President Nixon and the Republican party a public apology for some strong charges made by former President Harry Truman, who bluntly suggested where the Vice President and the Republican party could go.",Fixed-rubric classification from the supplied sentence context.,narration,former_president,AI-classified; not human-validated
bd1ddf3ae9937c425414b864,John F. Kennedy,Harry S. Truman,/the-presidency/presidential-speeches/october-13-1960-debate-richard-nixon-new-york-and-los-angeles,31,1960-10-13 17:00:00,The Cold War,Mr. Truman,other/unclear,neutral,"KENNEDY: Well, I must say that uh - Mr.",Fixed-rubric classification from the supplied sentence context.,narration,former_president,AI-classified; not human-validated
7155c2bcd013ee2df78e5ddb,John F. Kennedy,Harry S. Truman,/the-presidency/presidential-speeches/october-13-1960-debate-richard-nixon-new-york-and-los-angeles,31,1960-10-13 17:00:00,The Cold War,President Truman,other/unclear,neutral,"But I really don't think there's anything that I could say to President Truman that's going to cause him, at the age of seventy-six, to change his particular speaking manner.",Fixed-rubric classification from the supplied sentence context.,narration,former_president,AI-classified; not human-validated
4c60734188d22ce05a0fa7ed,John F. Kennedy,Harry S. Truman,/the-presidency/presidential-speeches/october-13-1960-debate-richard-nixon-new-york-and-los-angeles,31,1960-10-13 17:00:00,The Cold War,Truman,other/unclear,neutral,"Truman can, but I don't think I can.",Fixed-rubric classification from the supplied sentence context.,narration,former_president,AI-classified; not human-validated
0d4ae170e80fd0be3a9d10a3,John F. Kennedy,Richard M. Nixon,/the-presidency/presidential-speeches/october-13-1960-debate-richard-nixon-new-york-and-los-angeles,32,1960-10-13 17:00:00,The Cold War,MR. NIXON,other/unclear,neutral,MR.,Fixed-rubric classification from the supplied sentence context.,narration,serving_or_contemporary,AI-classified; not human-validated
00ebd41d91ab9cbeedc505d9,John F. Kennedy,Harry S. Truman,/the-presidency/presidential-speeches/october-13-1960-debate-richard-nixon-new-york-and-los-angeles,32,1960-10-13 17:00:00,The Cold War,Mr. Truman,other/unclear,neutral,"Of course, both er - Senator Kennedy and I have felt Mr.",Fixed-rubric classification from the supplied sentence context.,narration,former_president,AI-classified; not human-validated
e209bc6261764ee2fdeff718,John F. Kennedy,Dwight D. Eisenhower,/the-presidency/presidential-speeches/october-13-1960-debate-richard-nixon-new-york-and-los-angeles,33,1960-10-13 17:00:00,The Cold War,President Eisenhower,other/unclear,positive,"And I can only say that I'm very proud that President Eisenhower restored dignity and decency and, frankly, good language to the conduct of the presidency of the United States.",Fixed-rubric classification from the supplied sentence context.,narration,serving_or_contemporary,AI-classified; not human-validated
f1b88c9a2cf2e78504cb8662,John F. Kennedy,Dwight D. Eisenhower,/the-presidency/presidential-speeches/october-13-1960-debate-richard-nixon-new-york-and-los-angeles,33,1960-10-13 17:00:00,The Cold War,President Eisenhower,institutional precedent,neutral,"And I only hope that, should I win this election, that I could approach President Eisenhower in maintaining the dignity of the office; in seeing to it that whenever any mother or father talks to his child, he can look at the man in the White House and, whatever he may think of his policies, he will say: ""Well, there is a man who maintains the kind of standards personally that I would want my child to",Fixed-rubric classification from the supplied sentence context.,deliberate_quotation,serving_or_contemporary,AI-classified; not human-validated
a7e29c07182a21293bb5ee94,John F. Kennedy,Richard M. Nixon,/the-presidency/presidential-speeches/october-13-1960-debate-richard-nixon-new-york-and-los-angeles,34,1960-10-13 17:00:00,The Cold War,President Nixon,other/unclear,neutral,Cater's question is for Vice President Nixon.,Fixed-rubric classification from the supplied sentence context.,narration,serving_or_contemporary,AI-classified; not human-validated
b79032358a0d02e6262d390a,John F. Kennedy,Dwight D. Eisenhower,/the-presidency/presidential-speeches/october-13-1960-debate-richard-nixon-new-york-and-los-angeles,34,1960-10-13 17:00:00,The Cold War,President Eisenhower,institutional precedent,neutral,"Critics have claimed that on at least three occasions in recent years - on the sending of American troops to Indochina in 1954, on the matter of continuing the U-2 flights uh - in May, and then on this definition of the - of our commitment to the offshore island - that you have overstated the Administration position, that you have taken a more bellicose position than President Eisenhower.",Fixed-rubric classification from the supplied sentence context.,narration,serving_or_contemporary,AI-classified; not human-validated
c4f3193c8d12bcac9b71d83d,John F. Kennedy,Richard M. Nixon,/the-presidency/presidential-speeches/october-13-1960-debate-richard-nixon-new-york-and-los-angeles,35,1960-10-13 17:00:00,The Cold War,MR. NIXON,other/unclear,neutral,MR.,Fixed-rubric classification from the supplied sentence context.,narration,serving_or_contemporary,AI-classified; not human-validated
2a92847c6d92683599e87455,John F. Kennedy,Richard M. Nixon,/the-presidency/presidential-speeches/october-13-1960-debate-richard-nixon-new-york-and-los-angeles,39,1960-10-13 17:00:00,The Cold War,Mr. Nixon,other/unclear,neutral,"KENNEDY: Well number one on Indochina, Mr.",Fixed-rubric classification from the supplied sentence context.,narration,serving_or_contemporary,AI-classified; not human-validated
59202dbbcd902283d203e6bf,John F. Kennedy,Richard M. Nixon,/the-presidency/presidential-speeches/october-13-1960-debate-richard-nixon-new-york-and-los-angeles,41,1960-10-13 17:00:00,The Cold War,Mr. Nixon,other/unclear,neutral,"And therefore, I think, we should make it very clear the disagreement between Mr.",Fixed-rubric classification from the supplied sentence context.,narration,serving_or_contemporary,AI-classified; not human-validated
c42f46d7ac309be3722cf72d,John F. Kennedy,Richard M. Nixon,/the-presidency/presidential-speeches/october-13-1960-debate-richard-nixon-new-york-and-los-angeles,42,1960-10-13 17:00:00,The Cold War,Nixon,other/unclear,positive,"If it doesn't stop, all bigots will vote for Nixon and all right-thinking Christians and Jews will vote for Kennedy rather than be found in the ranks of the",Fixed-rubric classification from the supplied sentence context.,narration,serving_or_contemporary,AI-classified; not human-validated
80a86f467734939e9f00caec,John F. Kennedy,Richard M. Nixon,/the-presidency/presidential-speeches/october-13-1960-debate-richard-nixon-new-york-and-los-angeles,43,1960-10-13 17:00:00,The Cold War,Mr. Nixon,other/unclear,neutral,"Griffin, I believe, who is the head of the Klan, who lives in Tampa, Florida, indicated a - in a statement, I think, two or three weeks ago that he was not going to vote for me, and that he was going to vote for Mr.",Fixed-rubric classification from the supplied sentence context.,narration,serving_or_contemporary,AI-classified; not human-validated
1e4072d3503aad793d7c483f,John F. Kennedy,Richard M. Nixon,/the-presidency/presidential-speeches/october-13-1960-debate-richard-nixon-new-york-and-los-angeles,43,1960-10-13 17:00:00,The Cold War,Mr. Nixon,other/unclear,neutral,"I do not suggest in any way, nor have I ever, that that indicates that Mr.",Fixed-rubric classification from the supplied sentence context.,narration,serving_or_contemporary,AI-classified; not human-validated
6b67096cab4c471fe473c310,John F. Kennedy,Richard M. Nixon,/the-presidency/presidential-speeches/october-13-1960-debate-richard-nixon-new-york-and-los-angeles,43,1960-10-13 17:00:00,The Cold War,Mr. Nixon,other/unclear,neutral,Mr.,Fixed-rubric classification from the supplied sentence context.,narration,serving_or_contemporary,AI-classified; not human-validated
e8386b61eed22f2536b9c8fb,John F. Kennedy,Richard M. Nixon,/the-presidency/presidential-speeches/october-13-1960-debate-richard-nixon-new-york-and-los-angeles,43,1960-10-13 17:00:00,The Cold War,Mr. Nixon,other/unclear,neutral,I do not suggest that Mr.,Fixed-rubric classification from the supplied sentence context.,narration,serving_or_contemporary,AI-classified; not human-validated
d28cd9fb4cee18d296224c7a,John F. Kennedy,Richard M. Nixon,/the-presidency/presidential-speeches/october-13-1960-debate-richard-nixon-new-york-and-los-angeles,44,1960-10-13 17:00:00,The Cold War,MR. NIXON,other/unclear,neutral,MR.,Fixed-rubric classification from the supplied sentence context.,narration,serving_or_contemporary,AI-classified; not human-validated
34e4d90098551b7ac715ba31,John F. Kennedy,Richard M. Nixon,/the-presidency/presidential-speeches/october-13-1960-debate-richard-nixon-new-york-and-los-angeles,47,1960-10-13 17:00:00,The Cold War,President Nixon,other/unclear,neutral,McGee has a question for Vice President Nixon.,Fixed-rubric classification from the supplied sentence context.,narration,serving_or_contemporary,AI-classified; not human-validated
a57bb4d5cbd85337091f9bfd,John F. Kennedy,Richard M. Nixon,/the-presidency/presidential-speeches/october-13-1960-debate-richard-nixon-new-york-and-los-angeles,48,1960-10-13 17:00:00,The Cold War,MR. NIXON,other/unclear,neutral,MR.,Fixed-rubric classification from the supplied sentence context.,narration,serving_or_contemporary,AI-classified; not human-validated
9752f2f0e6266bd90a4c8778,John F. Kennedy,William Taft,/the-presidency/presidential-speeches/october-13-1960-debate-richard-nixon-new-york-and-los-angeles,52,1960-10-13 17:00:00,The Cold War,Taft,policy inheritance,neutral,I have suggested that the president should be given other weapons to protect the national interest in case of national emergency strikes beyond the injunction provision of the Taft-Hartley Act.,Fixed-rubric classification from the supplied sentence context.,narration,former_president,AI-classified; not human-validated
2f1be02bec2470619acbb733,John F. Kennedy,Richard M. Nixon,/the-presidency/presidential-speeches/october-13-1960-debate-richard-nixon-new-york-and-los-angeles,55,1960-10-13 17:00:00,The Cold War,President Nixon,contemporary rivalry,neutral,"Kennedy, uh - Senator - uh - Vice President Nixon says that he has costed the two party platforms and that yours would run at least ten billion dollars a year more than his.",Fixed-rubric classification from the supplied sentence context.,narration,serving_or_contemporary,AI-classified; not human-validated
2e605879aa1cb824efaf4a97,John F. Kennedy,Richard M. Nixon,/the-presidency/presidential-speeches/october-13-1960-debate-richard-nixon-new-york-and-los-angeles,59,1960-10-13 17:00:00,The Cold War,Mr. Nixon,other/unclear,neutral,Mr.,Fixed-rubric classification from the supplied sentence context.,narration,serving_or_contemporary,AI-classified; not human-validated
0f292df50c9420004f0c284b,John F. Kennedy,Richard M. Nixon,/the-presidency/presidential-speeches/october-13-1960-debate-richard-nixon-new-york-and-los-angeles,60,1960-10-13 17:00:00,The Cold War,MR. NIXON,other/unclear,neutral,MR.,Fixed-rubric classification from the supplied sentence context.,narration,serving_or_contemporary,AI-classified; not human-validated
715e96be516fe1261af28cc2,John F. Kennedy,Harry S. Truman,/the-presidency/presidential-speeches/october-13-1960-debate-richard-nixon-new-york-and-los-angeles,62,1960-10-13 17:00:00,The Cold War,Mr. Truman,other/unclear,positive,We're going to go right back to what we had under Mr.,Fixed-rubric classification from the supplied sentence context.,narration,former_president,AI-classified; not human-validated
33527cc9aa0d1c5ff415ee5d,John F. Kennedy,Richard M. Nixon,/the-presidency/presidential-speeches/october-13-1960-debate-richard-nixon-new-york-and-los-angeles,63,1960-10-13 17:00:00,The Cold War,President Nixon,other/unclear,neutral,Drummond's question for Vice President Nixon.,Fixed-rubric classification from the supplied sentence context.,narration,serving_or_contemporary,AI-classified; not human-validated
20b350756782bc14e40a0c81,John F. Kennedy,Richard M. Nixon,/the-presidency/presidential-speeches/october-13-1960-debate-richard-nixon-new-york-and-los-angeles,63,1960-10-13 17:00:00,The Cold War,Mr. Nixon,other/unclear,neutral,DRUMMOND: Uh - Mr.,Fixed-rubric classification from the supplied sentence context.,narration,serving_or_contemporary,AI-classified; not human-validated
850430ca471ebd4ebff51be1,John F. Kennedy,Richard M. Nixon,/the-presidency/presidential-speeches/october-13-1960-debate-richard-nixon-new-york-and-los-angeles,64,1960-10-13 17:00:00,The Cold War,MR. NIXON,other/unclear,neutral,MR.,Fixed-rubric classification from the supplied sentence context.,narration,serving_or_contemporary,AI-classified; not human-validated
ceb943895c7c2ccc4f5eface,John F. Kennedy,Harry S. Truman,/the-presidency/presidential-speeches/october-13-1960-debate-richard-nixon-new-york-and-los-angeles,64,1960-10-13 17:00:00,The Cold War,Truman,institutional precedent,positive,"Because even though we have maintained, as I pointed out in our first debate, the absolute gap over the Soviet Union; even though the growth in this Administration has been twice as much as it was in the Truman Administration; that isn't good enough.",Fixed-rubric classification from the supplied sentence context.,narration,former_president,AI-classified; not human-validated
db2543a753a8337e751fc828,John F. Kennedy,Harry S. Truman,/the-presidency/presidential-speeches/october-13-1960-debate-richard-nixon-new-york-and-los-angeles,67,1960-10-13 17:00:00,The Cold War,Truman,other/unclear,neutral,We have been moving much faster than we did in the Truman years.,Fixed-rubric classification from the supplied sentence context.,narration,former_president,AI-classified; not human-validated
cfabba51911d9ea11cd0cfb1,John F. Kennedy,Lyndon B. Johnson,/the-presidency/presidential-speeches/october-13-1960-debate-richard-nixon-new-york-and-los-angeles,71,1960-10-13 17:00:00,The Cold War,Lyndon Johnson,other/unclear,neutral,"Now your running mate, Senator Lyndon Johnson, is from Texas, an oil-producing state and one that many political leaders feel is in doubt in this election year.",Fixed-rubric classification from the supplied sentence context.,narration,not_yet_president,AI-classified; not human-validated
307911dc2d61a7f6166caa0d,John F. Kennedy,Richard M. Nixon,/the-presidency/presidential-speeches/october-13-1960-debate-richard-nixon-new-york-and-los-angeles,74,1960-10-13 17:00:00,The Cold War,MR. NIXON,other/unclear,neutral,MR.,Fixed-rubric classification from the supplied sentence context.,narration,serving_or_contemporary,AI-classified; not human-validated
2f9cab83bb418971f414fb1b,John F. Kennedy,Richard M. Nixon,/the-presidency/presidential-speeches/october-13-1960-debate-richard-nixon-new-york-and-los-angeles,77,1960-10-13 17:00:00,The Cold War,President Nixon,other/unclear,neutral,Von Fremd for Vice President Nixon.,Fixed-rubric classification from the supplied sentence context.,narration,serving_or_contemporary,AI-classified; not human-validated
6f77ea30faef972e05e1eb64,John F. Kennedy,Richard M. Nixon,/the-presidency/presidential-speeches/october-13-1960-debate-richard-nixon-new-york-and-los-angeles,78,1960-10-13 17:00:00,The Cold War,MR. NIXON,other/unclear,neutral,MR.,Fixed-rubric classification from the supplied sentence context.,narration,serving_or_contemporary,AI-classified; not human-validated
1c75e5629ae37e98e008f974,John F. Kennedy,Richard M. Nixon,/the-presidency/presidential-speeches/october-13-1960-debate-richard-nixon-new-york-and-los-angeles,81,1960-10-13 17:00:00,The Cold War,Mr. Nixon,other/unclear,neutral,"KENNEDY: Just to uh - correct the record, Mr.",Fixed-rubric classification from the supplied sentence context.,narration,serving_or_contemporary,AI-classified; not human-validated
eb0c1dcfc77f91df1a94da29,John F. Kennedy,Richard M. Nixon,/the-presidency/presidential-speeches/october-13-1960-debate-richard-nixon-new-york-and-los-angeles,89,1960-10-13 17:00:00,The Cold War,MR. NIXON,other/unclear,neutral,MR.,Fixed-rubric classification from the supplied sentence context.,narration,serving_or_contemporary,AI-classified; not human-validated
5ccd57648aca3a9e2116b34d,Ronald Reagan,John F. Kennedy,/the-presidency/presidential-speeches/october-13-1986-address-meetings-soviet-premier-gorbachev,12,1986-10-13 17:00:00,The Cold War,President Kennedy,other/unclear,neutral,"As President Kennedy once said, ""And is not peace, in the last analysis, basically a matter of human",Fixed-rubric classification from the supplied sentence context.,deliberate_quotation,former_president,AI-classified; not human-validated
51aff44151feec34bec5f296,Ronald Reagan,John Quincy Adams,/the-presidency/presidential-speeches/october-13-1986-address-meetings-soviet-premier-gorbachev,20,1986-10-13 17:00:00,The Cold War,John Quincy Adams,other/unclear,neutral,"unfurled, there will be America's heart, her benedictions, and her prayers,"" John Quincy Adams once said.",Fixed-rubric classification from the supplied sentence context.,deliberate_quotation,former_president,AI-classified; not human-validated
a0e44d26709e984058ac3bb1,Ronald Reagan,Harry S. Truman,/the-presidency/presidential-speeches/october-13-1986-address-meetings-soviet-premier-gorbachev,21,1986-10-13 17:00:00,The Cold War,Truman,other/unclear,neutral,"Another President, Harry Truman, noted that our century had seen two of the most frightful wars in history and that ""the supreme need of our time is for man to learn to live together in peace and",Fixed-rubric classification from the supplied sentence context.,deliberate_quotation,former_president,AI-classified; not human-validated
5eb94661ece0e8296616f38b,Abraham Lincoln,Thomas Jefferson,/the-presidency/presidential-speeches/october-16-1854-peoria-illinois,4,1854-10-16 17:59:58,Civil War & Reconstruction,Mr. Jefferson,other/unclear,neutral,Mr.,Fixed-rubric classification from the supplied sentence context.,narration,former_president,AI-classified; not human-validated
fde5380bb34c2dbf828f8950,Abraham Lincoln,Thomas Jefferson,/the-presidency/presidential-speeches/october-16-1854-peoria-illinois,5,1854-10-16 17:59:58,Civil War & Reconstruction,Jefferson,other/unclear,neutral,"It is now what Jefferson foresaw and intended---the happy home of teeming millions of free, white, prosperous people, and no slave amongst them.",Fixed-rubric classification from the supplied sentence context.,narration,former_president,AI-classified; not human-validated
04420c3ff5e9577bb0c4ee27,Abraham Lincoln,Thomas Jefferson,/the-presidency/presidential-speeches/october-16-1854-peoria-illinois,7,1854-10-16 17:59:58,Civil War & Reconstruction,Jefferson,other/unclear,neutral,"That perfect liberty they sigh for---the liberty of making slaves of other people---Jefferson never thought of; their own father never thought of; they never thought of themselves, a year ago.",Fixed-rubric classification from the supplied sentence context.,narration,former_president,AI-classified; not human-validated
3262e688f210c4e97b462151,Abraham Lincoln,James K. Polk,/the-presidency/presidential-speeches/october-16-1854-peoria-illinois,15,1854-10-16 17:59:58,Civil War & Reconstruction,President Polk,policy inheritance,neutral,"When Congress was about adjourning that session, President Polk asked them to place two millions of dollars under his control, to be used by him in the recess, if found practicable and expedient, in negociating a treaty of peace with Mexico, and acquiring some part of her territory.",Fixed-rubric classification from the supplied sentence context.,narration,former_president,AI-classified; not human-validated
6c2ae06846b89180000a41ce,Abraham Lincoln,Thomas Jefferson,/the-presidency/presidential-speeches/october-16-1854-peoria-illinois,142,1854-10-16 17:59:58,Civil War & Reconstruction,Mr. Jefferson,other/unclear,neutral,Mr.,Fixed-rubric classification from the supplied sentence context.,narration,former_president,AI-classified; not human-validated
729721f964ba6e99e3fd7b8e,Abraham Lincoln,Thomas Jefferson,/the-presidency/presidential-speeches/october-16-1854-peoria-illinois,143,1854-10-16 17:59:58,Civil War & Reconstruction,Jefferson,other/unclear,neutral,"It is now what Jefferson foresaw and intended - the happy home of teeming millions of free, white, prosperous people, and no slave amongst them.",Fixed-rubric classification from the supplied sentence context.,narration,former_president,AI-classified; not human-validated
ff092e5b50beadcc06fdf872,Abraham Lincoln,Thomas Jefferson,/the-presidency/presidential-speeches/october-16-1854-peoria-illinois,145,1854-10-16 17:59:58,Civil War & Reconstruction,Jefferson,other/unclear,neutral,"That perfect liberty they sigh for - the liberty of making slaves of other people - Jefferson never thought of; their own father never thought of; they never thought of themselves, a year ago.",Fixed-rubric classification from the supplied sentence context.,narration,former_president,AI-classified; not human-validated
8efeb45de68e108a930a3da4,Abraham Lincoln,James K. Polk,/the-presidency/presidential-speeches/october-16-1854-peoria-illinois,153,1854-10-16 17:59:58,Civil War & Reconstruction,President Polk,policy inheritance,neutral,"When Congress was about adjourning that session, President Polk asked them to place two millions of dollars under his control, to be used by him in the recess, if found practicable and expedient, in negociating a treaty of peace with Mexico, and acquiring some part of her territory.",Fixed-rubric classification from the supplied sentence context.,narration,former_president,AI-classified; not human-validated
8f6dc051e3a0e114225ac866,Bill Clinton,Franklin D. Roosevelt,/the-presidency/presidential-speeches/october-16-1995-address-race-relations,2,1995-10-16 17:00:00,Post-Cold War,President Roosevelt,policy inheritance,neutral,"When I looked at Nikole Bell up here introducing me and I shook hands with these other young students, I looked into their eyes, I saw the AmeriCorps button on that gentleman's shirt, I was reminded, as I talk about this thorny subject of race today, I was reminded of what Winston Churchill said about the United States when President Roosevelt was trying to pass the Lend-Lease Act so that we could help Britain in their war against Nazi Germany before we, ourselves, were involved.",Fixed-rubric classification from the supplied sentence context.,narration,former_president,AI-classified; not human-validated
a03334aba415fae43502ae89,Bill Clinton,Lyndon B. Johnson,/the-presidency/presidential-speeches/october-16-1995-address-race-relations,4,1995-10-16 17:00:00,Post-Cold War,President Johnson,institutional precedent,neutral,"The rift we see before us that is tearing at the heart of America exists in spite of the remarkable progress black Americans have made in the last generation, since Martin Luther King swept America up in his dream and President Johnson spoke so powerfully for the dignity of man and the destiny of democracy in demanding that Congress guarantee full voting rights to blacks.",Fixed-rubric classification from the supplied sentence context.,narration,former_president,AI-classified; not human-validated
979c53747e760dabeab2c3dc,Bill Clinton,Lyndon B. Johnson,/the-presidency/presidential-speeches/october-16-1995-address-race-relations,9,1995-10-16 17:00:00,Post-Cold War,President Johnson,other/unclear,positive,"At such turning points, America moved to preserve the Union and abolish slavery, to embrace women's suffrage, to guarantee basic legal rights to America without regard to race, under the leadership of President Johnson.",Fixed-rubric classification from the supplied sentence context.,narration,former_president,AI-classified; not human-validated
417a498b43745d4b8de416b1,Bill Clinton,Abraham Lincoln,/the-presidency/presidential-speeches/october-16-1995-address-race-relations,9,1995-10-16 17:00:00,Post-Cold War,Abraham Lincoln,other/unclear,neutral,Abraham Lincoln reminded us that a house divided against itself cannot stand.,Fixed-rubric classification from the supplied sentence context.,narration,former_president,AI-classified; not human-validated
b2583b4bfebfcf875c7f41b7,Bill Clinton,Abraham Lincoln,/the-presidency/presidential-speeches/october-16-1995-address-race-relations,16,1995-10-16 17:00:00,Post-Cold War,Mr. Lincoln,other/unclear,positive,But differences so great and so rooted in race threaten to divide the house Mr.,Fixed-rubric classification from the supplied sentence context.,narration,former_president,AI-classified; not human-validated
63f324637831dddad0ade1e4,Bill Clinton,Lyndon B. Johnson,/the-presidency/presidential-speeches/october-16-1995-address-race-relations,23,1995-10-16 17:00:00,Post-Cold War,President Johnson,other/unclear,positive,"President Johnson understood that, and now that I am privileged to have this job and to look back across the whole sweep of American history, I can appreciate how truly historic his commitment to the simple idea that every child in this country ought to have an opportunity to get a good, safe, decent, fulfilling education was.",Fixed-rubric classification from the supplied sentence context.,narration,former_president,AI-classified; not human-validated
9c7628e13ed2cdf91725cdc4,Bill Clinton,Lyndon B. Johnson,/the-presidency/presidential-speeches/october-16-1995-address-race-relations,32,1995-10-16 17:00:00,Post-Cold War,Lyndon Johnson,policy inheritance,neutral,"They were addressed by leaders like Lyndon Johnson, who passed the Civil Rights Act and the Voting Rights Act.",Fixed-rubric classification from the supplied sentence context.,narration,former_president,AI-classified; not human-validated
132515664486149dab75123b,Joe Biden,Abraham Lincoln,/the-presidency/presidential-speeches/october-20-2023-remarks-us-response-support-israel-and-ukraine,27,2023-10-21 00:00:00,The present era,President Lincoln,other/unclear,neutral,I'm told I was the first American [president] to enter a warzone not controlled by the United States military since President Lincoln.,Fixed-rubric classification from the supplied sentence context.,narration,former_president,AI-classified; not human-validated
050a50835c2a7948557d9565,Herbert Hoover,George Washington,/the-presidency/presidential-speeches/october-21-1932-campaign-speech-madison-square-garden,25,1932-10-21 17:10:00,Progressives & Depression,George Washington,policy inheritance,neutral,The protective tariff and its results upon our economic structure has become gradually embedded into our economic life since the first protective tariff act passed by the American Congress under the Administration of George Washington.,Fixed-rubric classification from the supplied sentence context.,narration,former_president,AI-classified; not human-validated
cba48cba3fc0f16cd3f300a2,John F. Kennedy,Richard M. Nixon,/the-presidency/presidential-speeches/october-21-1960-debate-richard-nixon-new-york,0,1960-10-21 17:00:00,The Cold War,President Nixon,other/unclear,positive,"Good evening, Vice President Nixon.",Fixed-rubric classification from the supplied sentence context.,narration,serving_or_contemporary,AI-classified; not human-validated
63a4f64848ed31165ec7a9b0,John F. Kennedy,Richard M. Nixon,/the-presidency/presidential-speeches/october-21-1960-debate-richard-nixon-new-york,0,1960-10-21 17:00:00,The Cold War,MR. NIXON,other/unclear,neutral,MR.,Fixed-rubric classification from the supplied sentence context.,narration,serving_or_contemporary,AI-classified; not human-validated
cc296411384c492a0b862304,John F. Kennedy,Richard M. Nixon,/the-presidency/presidential-speeches/october-21-1960-debate-richard-nixon-new-york,1,1960-10-21 17:00:00,The Cold War,President Nixon,other/unclear,neutral,"For the first opening statement, here is Vice President Nixon.",Fixed-rubric classification from the supplied sentence context.,narration,serving_or_contemporary,AI-classified; not human-validated
6a459e13f3ff7764eb9530e2,John F. Kennedy,Richard M. Nixon,/the-presidency/presidential-speeches/october-21-1960-debate-richard-nixon-new-york,2,1960-10-21 17:00:00,The Cold War,MR. NIXON,other/unclear,neutral,MR.,Fixed-rubric classification from the supplied sentence context.,narration,serving_or_contemporary,AI-classified; not human-validated
15819e4dfba2c31569237260,John F. Kennedy,Dwight D. Eisenhower,/the-presidency/presidential-speeches/october-21-1960-debate-richard-nixon-new-york,4,1960-10-21 17:00:00,The Cold War,President Eisenhower,institutional precedent,neutral,"In the past seven years, in President Eisenhower's Administration, this situation has been reversed.",Fixed-rubric classification from the supplied sentence context.,narration,serving_or_contemporary,AI-classified; not human-validated
ebdb7d49b763c875b3d51efb,John F. Kennedy,Dwight D. Eisenhower,/the-presidency/presidential-speeches/october-21-1960-debate-richard-nixon-new-york,5,1960-10-21 17:00:00,The Cold War,President Eisenhower,other/unclear,neutral,That is why President Eisenhower was correct in not apologizing or expressing regrets to Mr.,Fixed-rubric classification from the supplied sentence context.,narration,serving_or_contemporary,AI-classified; not human-validated
be033adba8fc3057d64ec137,John F. Kennedy,Dwight D. Eisenhower,/the-presidency/presidential-speeches/october-21-1960-debate-richard-nixon-new-york,6,1960-10-21 17:00:00,The Cold War,President Eisenhower,policy inheritance,neutral,"That is why Senator wh- President Eisenhower was also correct in his policy in the Formosa Straits, where he declined, and refused to follow the recommendations - recommendations which Senator Kennedy voted for in 1955; again made in 1959; again repeated in his debates that you have heard - recommendations with regard to - again - slicing off a piece of free territory, and abandoning it, if - in effect, to the Communists.",Fixed-rubric classification from the supplied sentence context.,narration,serving_or_contemporary,AI-classified; not human-validated
e54afd06cb68d098d8917810,John F. Kennedy,Dwight D. Eisenhower,/the-presidency/presidential-speeches/october-21-1960-debate-richard-nixon-new-york,9,1960-10-21 17:00:00,The Cold War,President Eisenhower,legacy/inheritance,neutral,And that example that President Eisenhower has set we will continue to follow.,Fixed-rubric classification from the supplied sentence context.,narration,serving_or_contemporary,AI-classified; not human-validated
d47984b4b3079dc617f4f1e0,John F. Kennedy,Richard M. Nixon,/the-presidency/presidential-speeches/october-21-1960-debate-richard-nixon-new-york,12,1960-10-21 17:00:00,The Cold War,Mr. Nixon,other/unclear,neutral,Mr.,Fixed-rubric classification from the supplied sentence context.,narration,serving_or_contemporary,AI-classified; not human-validated
64c02daed615cf5f7d550e21,John F. Kennedy,Dwight D. Eisenhower,/the-presidency/presidential-speeches/october-21-1960-debate-richard-nixon-new-york,12,1960-10-21 17:00:00,The Cold War,Eisenhower,policy inheritance,neutral,"I indicated that I would defend those islands if the attack were directed against Pescadores and Formosa, which is part of the Eisenhower policy.",Fixed-rubric classification from the supplied sentence context.,narration,serving_or_contemporary,AI-classified; not human-validated
5d8f2f82c9c1e187154aee0b,John F. Kennedy,Richard M. Nixon,/the-presidency/presidential-speeches/october-21-1960-debate-richard-nixon-new-york,13,1960-10-21 17:00:00,The Cold War,Mr. Nixon,other/unclear,neutral,It isn't an issue with Mr.,Fixed-rubric classification from the supplied sentence context.,narration,serving_or_contemporary,AI-classified; not human-validated
574423c7624bc02f782eabbb,John F. Kennedy,Dwight D. Eisenhower,/the-presidency/presidential-speeches/october-21-1960-debate-richard-nixon-new-york,13,1960-10-21 17:00:00,The Cold War,Eisenhower,policy inheritance,neutral,"Nixon, who now says that he also supports the Eisenhower policy.",Fixed-rubric classification from the supplied sentence context.,narration,serving_or_contemporary,AI-classified; not human-validated
303e2709ce498d5e7f9fe238,John F. Kennedy,Richard M. Nixon,/the-presidency/presidential-speeches/october-21-1960-debate-richard-nixon-new-york,13,1960-10-21 17:00:00,The Cold War,Mr. Nixon,other/unclear,neutral,"Is, as Mr.",Fixed-rubric classification from the supplied sentence context.,narration,serving_or_contemporary,AI-classified; not human-validated
3e1641b181ddf932ac5bdd6b,John F. Kennedy,Dwight D. Eisenhower,/the-presidency/presidential-speeches/october-21-1960-debate-richard-nixon-new-york,17,1960-10-21 17:00:00,The Cold War,Eisenhower,other/unclear,neutral,"We relied on the Eisenhower Doctrine for the Middle East, which passed the Senate.",Fixed-rubric classification from the supplied sentence context.,narration,serving_or_contemporary,AI-classified; not human-validated
7ad783dfe201a646a7d70e72,John F. Kennedy,Dwight D. Eisenhower,/the-presidency/presidential-speeches/october-21-1960-debate-richard-nixon-new-york,17,1960-10-21 17:00:00,The Cold War,Eisenhower,other/unclear,neutral,There isn't one country in the Middle East that now endorses the Eisenhower Doctrine.,Fixed-rubric classification from the supplied sentence context.,narration,serving_or_contemporary,AI-classified; not human-validated
97a1d9b57e58b730fbff5f3b,John F. Kennedy,Richard M. Nixon,/the-presidency/presidential-speeches/october-21-1960-debate-richard-nixon-new-york,20,1960-10-21 17:00:00,The Cold War,Mr. Nixon,other/unclear,neutral,Mr.,Fixed-rubric classification from the supplied sentence context.,narration,serving_or_contemporary,AI-classified; not human-validated
216b513c1f15fb5ac6f38efc,John F. Kennedy,Richard M. Nixon,/the-presidency/presidential-speeches/october-21-1960-debate-richard-nixon-new-york,24,1960-10-21 17:00:00,The Cold War,President Nixon,other/unclear,neutral,Frank Singiser has the first question for Vice President Nixon.,Fixed-rubric classification from the supplied sentence context.,narration,serving_or_contemporary,AI-classified; not human-validated
2ef0fc7e72d340fe151b8666,John F. Kennedy,Richard M. Nixon,/the-presidency/presidential-speeches/october-21-1960-debate-richard-nixon-new-york,24,1960-10-21 17:00:00,The Cold War,President Nixon,policy inheritance,neutral,"Uh - Vice President Nixon, in what important respects do you feel there are differences between you, and why do you believe your policy is better for the peace and security of the United States in the Western Hemisphere?",Fixed-rubric classification from the supplied sentence context.,narration,serving_or_contemporary,AI-classified; not human-validated
3cdfafb2427a9af81232236a,John F. Kennedy,Richard M. Nixon,/the-presidency/presidential-speeches/october-21-1960-debate-richard-nixon-new-york,25,1960-10-21 17:00:00,The Cold War,MR. NIXON,other/unclear,neutral,MR.,Fixed-rubric classification from the supplied sentence context.,narration,serving_or_contemporary,AI-classified; not human-validated
ed8d8ab2341d6491bbc45352,John F. Kennedy,Richard M. Nixon,/the-presidency/presidential-speeches/october-21-1960-debate-richard-nixon-new-york,29,1960-10-21 17:00:00,The Cold War,Mr. Nixon,other/unclear,neutral,KENNEDY: Mr.,Fixed-rubric classification from the supplied sentence context.,narration,serving_or_contemporary,AI-classified; not human-validated
aea773405bcafa055e2574d8,John F. Kennedy,Franklin D. Roosevelt,/the-presidency/presidential-speeches/october-21-1960-debate-richard-nixon-new-york,30,1960-10-21 17:00:00,The Cold War,Franklin Roosevelt,historical comparison,neutral,If the United States had stronger prestige and influence in Latin America it could persuade - as Franklin Roosevelt did in 1940 - the countries of Latin America to join in an economic quarantine of Castro.,Fixed-rubric classification from the supplied sentence context.,narration,former_president,AI-classified; not human-validated
99819c93568c23229c26ae31,John F. Kennedy,Richard M. Nixon,/the-presidency/presidential-speeches/october-21-1960-debate-richard-nixon-new-york,34,1960-10-21 17:00:00,The Cold War,Mr. Nixon,other/unclear,neutral,The people have to make a choice between Mr.,Fixed-rubric classification from the supplied sentence context.,narration,serving_or_contemporary,AI-classified; not human-validated
fcca87f2e1af0f3c0a49cb37,John F. Kennedy,Richard M. Nixon,/the-presidency/presidential-speeches/october-21-1960-debate-richard-nixon-new-york,36,1960-10-21 17:00:00,The Cold War,MR. NIXON,other/unclear,neutral,MR.,Fixed-rubric classification from the supplied sentence context.,narration,serving_or_contemporary,AI-classified; not human-validated
3c0d12f973bc5becfc4b3ec4,John F. Kennedy,Dwight D. Eisenhower,/the-presidency/presidential-speeches/october-21-1960-debate-richard-nixon-new-york,37,1960-10-21 17:00:00,The Cold War,President Eisenhower,policy inheritance,neutral,"I would like to point out that when we look at our programs in Latin America, we find that we have appropriated five times as much for Latin America as was appropriated by the previous Administration; we find that we have two billion dollars more for the Export-Import Bank; we have a new bank for Latin America alone of a billion dollars; we have the new program which was submitted at the Bogota Conference - this new program that President Eisenhower submitted, approved by the last Congress - for five hundred million dollars.",Fixed-rubric classification from the supplied sentence context.,narration,serving_or_contemporary,AI-classified; not human-validated
9cfe1e0865a20599c60d380f,John F. Kennedy,Richard M. Nixon,/the-presidency/presidential-speeches/october-21-1960-debate-richard-nixon-new-york,39,1960-10-21 17:00:00,The Cold War,President Nixon,other/unclear,neutral,"HOWE: Walter Cronkite, you have your first question for Vice President Nixon.",Fixed-rubric classification from the supplied sentence context.,narration,serving_or_contemporary,AI-classified; not human-validated
66814ef4b8ae3b2880ccecad,John F. Kennedy,Richard M. Nixon,/the-presidency/presidential-speeches/october-21-1960-debate-richard-nixon-new-york,40,1960-10-21 17:00:00,The Cold War,MR. NIXON,other/unclear,neutral,MR.,Fixed-rubric classification from the supplied sentence context.,narration,serving_or_contemporary,AI-classified; not human-validated
a32dcb34c6dc43e8f7206677,John F. Kennedy,Dwight D. Eisenhower,/the-presidency/presidential-speeches/october-21-1960-debate-richard-nixon-new-york,43,1960-10-21 17:00:00,The Cold War,Eisenhower,other/unclear,neutral,Let's look at the reaction eh - reaction to Khrushchev and Eisenhower at the last,Fixed-rubric classification from the supplied sentence context.,narration,serving_or_contemporary,AI-classified; not human-validated
dec2e18ea4e9d60eb01b5a0c,John F. Kennedy,Richard M. Nixon,/the-presidency/presidential-speeches/october-21-1960-debate-richard-nixon-new-york,44,1960-10-21 17:00:00,The Cold War,Mr. Nixon,other/unclear,neutral,KENNEDY: I really don't need uh - Mr.,Fixed-rubric classification from the supplied sentence context.,narration,serving_or_contemporary,AI-classified; not human-validated
6a63830e57faba9bac63e08e,John F. Kennedy,Richard M. Nixon,/the-presidency/presidential-speeches/october-21-1960-debate-richard-nixon-new-york,44,1960-10-21 17:00:00,The Cold War,Mr. Nixon,other/unclear,neutral,"What I downgrade, Mr.",Fixed-rubric classification from the supplied sentence context.,narration,serving_or_contemporary,AI-classified; not human-validated
04f5136177db9ad636af4d8f,John F. Kennedy,Richard M. Nixon,/the-presidency/presidential-speeches/october-21-1960-debate-richard-nixon-new-york,48,1960-10-21 17:00:00,The Cold War,Mr. Nixon,other/unclear,neutral,"I think we should go back to Geneva, who's ever elected president, Mr.",Fixed-rubric classification from the supplied sentence context.,narration,serving_or_contemporary,AI-classified; not human-validated
0ae8fa35cb001edb2ca5e355,John F. Kennedy,Richard M. Nixon,/the-presidency/presidential-speeches/october-21-1960-debate-richard-nixon-new-york,52,1960-10-21 17:00:00,The Cold War,MR. NIXON,other/unclear,neutral,MR.,Fixed-rubric classification from the supplied sentence context.,narration,serving_or_contemporary,AI-classified; not human-validated
58b406c7e2e2bb22c549690d,John F. Kennedy,Dwight D. Eisenhower,/the-presidency/presidential-speeches/october-21-1960-debate-richard-nixon-new-york,52,1960-10-21 17:00:00,The Cold War,President Eisenhower,other/unclear,neutral,"I don't think we can wait until the next president is inaugurated and then uh - select a new team and then all the months of negotiating that will take place before we reach a decision, I think that immediately after this election we should set a timetable - the next president, working with the present President, President Eisenhower - a timetable to break the Soviet filibuster.",Fixed-rubric classification from the supplied sentence context.,narration,serving_or_contemporary,AI-classified; not human-validated
60b79ece97bab038ac9751d1,John F. Kennedy,Richard M. Nixon,/the-presidency/presidential-speeches/october-21-1960-debate-richard-nixon-new-york,54,1960-10-21 17:00:00,The Cold War,Mr. Nixon,other/unclear,neutral,EDWARDS: Mr.,Fixed-rubric classification from the supplied sentence context.,narration,serving_or_contemporary,AI-classified; not human-validated
7b6beba2c9b9c7a3de69226a,John F. Kennedy,Richard M. Nixon,/the-presidency/presidential-speeches/october-21-1960-debate-richard-nixon-new-york,55,1960-10-21 17:00:00,The Cold War,MR. NIXON,other/unclear,neutral,MR.,Fixed-rubric classification from the supplied sentence context.,narration,serving_or_contemporary,AI-classified; not human-validated
917f9d26cbf895783973a5a3,John F. Kennedy,Franklin D. Roosevelt,/the-presidency/presidential-speeches/october-21-1960-debate-richard-nixon-new-york,65,1960-10-21 17:00:00,The Cold War,Franklin Roosevelt,historical comparison,neutral,"And I believe if we identify ourselves with that force, if we identify ourselves with it as Lincoln, as Wilson did, as Franklin Roosevelt did, if we become known as the friend of freedom, sustaining freedom, helping freedom, helping these people in the fight against poverty and ignorance and disease, helping them build their lives, I believe in Latin America, Africa, and Asia, eventually in the Eastern Europe and the Middle East, certainly in Western Europe, we can strengthen freedom.",Fixed-rubric classification from the supplied sentence context.,narration,former_president,AI-classified; not human-validated
9c0d5359763d788dd39b7e9a,John F. Kennedy,Richard M. Nixon,/the-presidency/presidential-speeches/october-21-1960-debate-richard-nixon-new-york,67,1960-10-21 17:00:00,The Cold War,MR. NIXON,other/unclear,neutral,MR.,Fixed-rubric classification from the supplied sentence context.,narration,serving_or_contemporary,AI-classified; not human-validated
332ec4e4197439301c0b961a,John F. Kennedy,Richard M. Nixon,/the-presidency/presidential-speeches/october-21-1960-debate-richard-nixon-new-york,70,1960-10-21 17:00:00,The Cold War,President Nixon,other/unclear,neutral,HOWE: John Chancellor's question for Vice President Nixon.,Fixed-rubric classification from the supplied sentence context.,narration,serving_or_contemporary,AI-classified; not human-validated
9fc16d339e96a8bcf8a9caa4,John F. Kennedy,Richard M. Nixon,/the-presidency/presidential-speeches/october-21-1960-debate-richard-nixon-new-york,71,1960-10-21 17:00:00,The Cold War,MR. NIXON,other/unclear,neutral,MR.,Fixed-rubric classification from the supplied sentence context.,narration,serving_or_contemporary,AI-classified; not human-validated
75d5aa8a827470b210a0c6cb,John F. Kennedy,Richard M. Nixon,/the-presidency/presidential-speeches/october-21-1960-debate-richard-nixon-new-york,75,1960-10-21 17:00:00,The Cold War,Mr. Nixon,other/unclear,neutral,"KENNEDY: Well, Mr.",Fixed-rubric classification from the supplied sentence context.,narration,serving_or_contemporary,AI-classified; not human-validated
bd5f21e39d1fde26386b3f0c,John F. Kennedy,Richard M. Nixon,/the-presidency/presidential-speeches/october-21-1960-debate-richard-nixon-new-york,81,1960-10-21 17:00:00,The Cold War,Mr. Nixon,other/unclear,neutral,Mr.,Fixed-rubric classification from the supplied sentence context.,narration,serving_or_contemporary,AI-classified; not human-validated
273e99d49e4822842d85806e,John F. Kennedy,Franklin D. Roosevelt,/the-presidency/presidential-speeches/october-21-1960-debate-richard-nixon-new-york,82,1960-10-21 17:00:00,The Cold War,President Roosevelt,other/unclear,neutral,"It opposed all of the programs of President Roosevelt and others - the minimum wage and for housing and economic growth and development of our natural resources, the Tennessee Valley and all the rest.",Fixed-rubric classification from the supplied sentence context.,narration,former_president,AI-classified; not human-validated
d6e98dc46f53b728c46a2b0c,John F. Kennedy,Franklin D. Roosevelt,/the-presidency/presidential-speeches/october-21-1960-debate-richard-nixon-new-york,82,1960-10-21 17:00:00,The Cold War,Franklin Roosevelt,other/unclear,neutral,"And I believe that if we can get a party which believes in movement, which believes in going ahead, then we can reestablish our position in the world - strong defense, strong in economic growth, justice for our people, co- guarantee of constitutional rights, so that people will believe that we practice what we preach, and then around the world, particularly to try to reestablish the atmosphere which existed in Latin America at the time of Franklin Roosevelt.",Fixed-rubric classification from the supplied sentence context.,narration,former_president,AI-classified; not human-validated
8c38107cc84eac4c05cf2781,John F. Kennedy,Franklin D. Roosevelt,/the-presidency/presidential-speeches/october-21-1960-debate-richard-nixon-new-york,84,1960-10-21 17:00:00,The Cold War,Franklin Roosevelt,other/unclear,neutral,Franklin Roosevelt said in 1936 that that generation of Americans had a rendezvous with destiny.,Fixed-rubric classification from the supplied sentence context.,narration,former_president,AI-classified; not human-validated
101dbdcf15dd3859aec5d51d,John F. Kennedy,Richard M. Nixon,/the-presidency/presidential-speeches/october-21-1960-debate-richard-nixon-new-york,85,1960-10-21 17:00:00,The Cold War,President Nixon,other/unclear,neutral,"HOWE: Now, Vice President Nixon, your closing statement.",Fixed-rubric classification from the supplied sentence context.,narration,serving_or_contemporary,AI-classified; not human-validated
8c658fa6455917520a374456,John F. Kennedy,Richard M. Nixon,/the-presidency/presidential-speeches/october-21-1960-debate-richard-nixon-new-york,85,1960-10-21 17:00:00,The Cold War,MR. NIXON,other/unclear,neutral,MR.,Fixed-rubric classification from the supplied sentence context.,narration,serving_or_contemporary,AI-classified; not human-validated
8745f71129f30d872828f45a,John F. Kennedy,Dwight D. Eisenhower,/the-presidency/presidential-speeches/october-21-1960-debate-richard-nixon-new-york,85,1960-10-21 17:00:00,The Cold War,Eisenhower,institutional precedent,neutral,We talk about schools - three times as many classrooms built in the past Administration - and Eisenhower - than under the Truman Administration.,Fixed-rubric classification from the supplied sentence context.,narration,serving_or_contemporary,AI-classified; not human-validated
cfc2a6fa525021add8eddd95,John F. Kennedy,Harry S. Truman,/the-presidency/presidential-speeches/october-21-1960-debate-richard-nixon-new-york,85,1960-10-21 17:00:00,The Cold War,Truman,institutional precedent,neutral,We talk about schools - three times as many classrooms built in the past Administration - and Eisenhower - than under the Truman Administration.,Fixed-rubric classification from the supplied sentence context.,narration,former_president,AI-classified; not human-validated
49240ccf3c51f92b59219999,John F. Kennedy,Richard M. Nixon,/the-presidency/presidential-speeches/october-21-1960-debate-richard-nixon-new-york,92,1960-10-21 17:00:00,The Cold War,President Nixon,other/unclear,neutral,"As members of a new political generation, Vice President Nixon and Senator Kennedy have used new means of communication to pioneer a new type of political debate.",Fixed-rubric classification from the supplied sentence context.,narration,serving_or_contemporary,AI-classified; not human-validated
13ec14f10e0a9265bd4d29c0,Ronald Reagan,Jimmy Carter,/the-presidency/presidential-speeches/october-21-1984-debate-walter-mondale-defense-and-foreign,36,1984-10-21 17:00:00,The Cold War,President Carter,other/unclear,neutral,"And he opposed even President Carter, when toward the end of his term President Carter wanted to increase the defense budget.",Fixed-rubric classification from the supplied sentence context.,narration,former_president,AI-classified; not human-validated
81f7de149b2a063f9151d8cd,Ronald Reagan,Jimmy Carter,/the-presidency/presidential-speeches/october-21-1984-debate-walter-mondale-defense-and-foreign,36,1984-10-21 17:00:00,The Cold War,President Carter,other/unclear,neutral,"And he opposed even President Carter, when toward the end of his term President Carter wanted to increase the defense budget.",Fixed-rubric classification from the supplied sentence context.,narration,former_president,AI-classified; not human-validated
f95a88ca5e6476f2be36079b,Ronald Reagan,John F. Kennedy,/the-presidency/presidential-speeches/october-21-1984-debate-walter-mondale-defense-and-foreign,42,1984-10-21 17:00:00,The Cold War,President Kennedy,historical comparison,neutral,"Would you stop Soviet ships, as President Kennedy did in 1962?",Fixed-rubric classification from the supplied sentence context.,narration,former_president,AI-classified; not human-validated
041a87afa36e64611d5778f4,Ronald Reagan,Jimmy Carter,/the-presidency/presidential-speeches/october-21-1984-debate-walter-mondale-defense-and-foreign,49,1984-10-21 17:00:00,The Cold War,President Carter,other/unclear,neutral,"President, four years ago you criticized President Carter for ignoring ample warnings that our diplomats in Iran might be taken hostage.",Fixed-rubric classification from the supplied sentence context.,narration,former_president,AI-classified; not human-validated
a49a5048cd73bb4d5f99f714,Ronald Reagan,John F. Kennedy,/the-presidency/presidential-speeches/october-21-1984-debate-walter-mondale-defense-and-foreign,55,1984-10-21 17:00:00,The Cold War,President Kennedy,other/unclear,neutral,I recall yet that President Kennedy had to go for days on end with very little sleep during the Cuban missile crisis.,Fixed-rubric classification from the supplied sentence context.,narration,former_president,AI-classified; not human-validated
6d3f36b3b590fb96a3a47a4e,Ronald Reagan,Harry S. Truman,/the-presidency/presidential-speeches/october-21-1984-debate-walter-mondale-defense-and-foreign,61,1984-10-21 17:00:00,The Cold War,Truman,other/unclear,neutral,"I want to quote somebody a little closer to home, Harry Truman.",Fixed-rubric classification from the supplied sentence context.,narration,former_president,AI-classified; not human-validated
8b16492cb0958fd7ecf0142d,Ronald Reagan,George W. Bush,/the-presidency/presidential-speeches/october-21-1984-debate-walter-mondale-defense-and-foreign,66,1984-10-21 17:00:00,The Cold War,President Bush,other/unclear,neutral,"I demanded an apology from Vice President Bush because I had, instead, honored these young men, grieved for their families, and think they were wonderful Americans that honored us all.",Fixed-rubric classification from the supplied sentence context.,narration,not_yet_president,AI-classified; not human-validated
1ab4e35a866b4f50506ba5a1,Ronald Reagan,George H. W. Bush,/the-presidency/presidential-speeches/october-21-1984-debate-walter-mondale-defense-and-foreign,67,1984-10-21 17:00:00,The Cold War,George Bush,other/unclear,neutral,"Mondale was referring to an earlier debate between George Bush and Geraldine Ferarro, the Vice Presidential",Fixed-rubric classification from the supplied sentence context.,narration,not_yet_president,AI-classified; not human-validated
3a2053777904f9b9fe1b81c2,Ronald Reagan,Jimmy Carter,/the-presidency/presidential-speeches/october-21-1984-debate-walter-mondale-defense-and-foreign,96,1984-10-21 17:00:00,The Cold War,President Carter,other/unclear,neutral,"Mondale, in this general area, sir, of arms control, President Carter's national security adviser, Zbigniew Brzezinski, said, ""A nuclear freeze is a",Fixed-rubric classification from the supplied sentence context.,deliberate_quotation,former_president,AI-classified; not human-validated
e33fa52aede0fa126217020b,Ronald Reagan,Jimmy Carter,/the-presidency/presidential-speeches/october-21-1984-debate-walter-mondale-defense-and-foreign,108,1984-10-21 17:00:00,The Cold War,President Carter,other/unclear,neutral,You severely criticized President Carter for helping to undermine two friendly dictators who got into trouble with their own people - the Shah of Iran and President Somoza of Nicaragua.,Fixed-rubric classification from the supplied sentence context.,narration,former_president,AI-classified; not human-validated
79a5e2b2b33dfdbbce0d2899,Ronald Reagan,George H. W. Bush,/the-presidency/presidential-speeches/october-21-1984-debate-walter-mondale-defense-and-foreign,135,1984-10-21 17:00:00,The Cold War,George Bush,other/unclear,neutral,"George Bush, who I think is one of the finest Vice Presidents this country has ever had - George Bush and I have crisscrossed the country, and we've had, in these last few months, a wonderful experience.",Fixed-rubric classification from the supplied sentence context.,narration,not_yet_president,AI-classified; not human-validated
6c234bc8f35c28a0e4b92ce5,Ronald Reagan,George H. W. Bush,/the-presidency/presidential-speeches/october-21-1984-debate-walter-mondale-defense-and-foreign,135,1984-10-21 17:00:00,The Cold War,George Bush,other/unclear,neutral,"George Bush, who I think is one of the finest Vice Presidents this country has ever had - George Bush and I have crisscrossed the country, and we've had, in these last few months, a wonderful experience.",Fixed-rubric classification from the supplied sentence context.,narration,not_yet_president,AI-classified; not human-validated
fcb97a19ce2d17b9219cb3b2,Herbert Hoover,William McKinley,/the-presidency/presidential-speeches/october-22-1928-principles-and-ideals-united-states-government,35,1928-10-22 18:00:00,Progressives & Depression,McKinley,other/unclear,neutral,"Jackson, Lincoln, Cleveland, McKinley, Roosevelt, Wilson, and Coolidge have stood unalterably for these principles.",Fixed-rubric classification from the supplied sentence context.,narration,former_president,AI-classified; not human-validated
4e8354f04c733ad44abfd023,Herbert Hoover,Calvin Coolidge,/the-presidency/presidential-speeches/october-22-1928-principles-and-ideals-united-states-government,35,1928-10-22 18:00:00,Progressives & Depression,Coolidge,other/unclear,neutral,"Jackson, Lincoln, Cleveland, McKinley, Roosevelt, Wilson, and Coolidge have stood unalterably for these principles.",Fixed-rubric classification from the supplied sentence context.,narration,serving_or_contemporary,AI-classified; not human-validated
d487606581de032e65ed114f,Harry S. Truman,Franklin D. Roosevelt,/the-presidency/presidential-speeches/october-22-1952-rear-platform-remarks,1,1952-10-22 18:00:00,The Cold War,Franklin Roosevelt,other/unclear,neutral,"That is what Franklin Roosevelt's New Deal was all about, and that is what Harry Truman's Fair Deal is all about.",Fixed-rubric classification from the supplied sentence context.,narration,former_president,AI-classified; not human-validated
c15ca8ab243080cf6f6b6421,Harry S. Truman,Herbert Hoover,/the-presidency/presidential-speeches/october-22-1952-rear-platform-remarks,4,1952-10-22 18:00:00,The Cold War,Herbert Hoover,other/unclear,positive,"Now, any time I mention the great depression, the Republicans yell that we are just running against Herbert Hoover.",Fixed-rubric classification from the supplied sentence context.,narration,former_president,AI-classified; not human-validated
f6c9c31f77289c229bc8b5eb,Harry S. Truman,Herbert Hoover,/the-presidency/presidential-speeches/october-22-1952-rear-platform-remarks,4,1952-10-22 18:00:00,The Cold War,Hoover,policy inheritance,neutral,"And for another thing, the Republican record in Congress during all the years since Hoover's time, shows they haven't learned a thing, and probably will act as they did before, and just like he did, if they got in again.",Fixed-rubric classification from the supplied sentence context.,narration,former_president,AI-classified; not human-validated
d848b759493a9a75c16d9843,Harry S. Truman,William Taft,/the-presidency/presidential-speeches/october-22-1952-rear-platform-remarks,5,1952-10-22 18:00:00,The Cold War,Taft,other/unclear,neutral,They are the people who voted for Taft-Hartley and for the labor injunction in the steel case.,Fixed-rubric classification from the supplied sentence context.,narration,former_president,AI-classified; not human-validated
d5b5bfb643b03cc24d981570,Jimmy Carter,Gerald Ford,/the-presidency/presidential-speeches/october-22-1976-debate-president-gerald-ford,0,1976-10-22 17:00:00,The Cold War,President Ford,other/unclear,neutral,"Welcome, President Ford, welcome, Governor Carter, and thank you for joining us this evening.",Fixed-rubric classification from the supplied sentence context.,narration,serving_or_contemporary,AI-classified; not human-validated
4ecae1ac7b343e928d634003,Jimmy Carter,Gerald Ford,/the-presidency/presidential-speeches/october-22-1976-debate-president-gerald-ford,2,1976-10-22 17:00:00,The Cold War,President Ford,other/unclear,neutral,"President Ford and Governor Carter do not have prepared notes or comments with them this evening, but they may make notes and refer to them during the debate.",Fixed-rubric classification from the supplied sentence context.,narration,serving_or_contemporary,AI-classified; not human-validated
f659b65c18f1dc8eb946dbab,Jimmy Carter,Gerald Ford,/the-presidency/presidential-speeches/october-22-1976-debate-president-gerald-ford,2,1976-10-22 17:00:00,The Cold War,President Ford,other/unclear,neutral,"It has been determined that President Ford would take the first question in this last debate, and, Mr.",Fixed-rubric classification from the supplied sentence context.,narration,serving_or_contemporary,AI-classified; not human-validated
a36c78e6d87e79185ff42cd7,Jimmy Carter,Gerald Ford,/the-presidency/presidential-speeches/october-22-1976-debate-president-gerald-ford,2,1976-10-22 17:00:00,The Cold War,President Ford,other/unclear,neutral,"Kraft, you have that first question for President Ford.",Fixed-rubric classification from the supplied sentence context.,narration,serving_or_contemporary,AI-classified; not human-validated
d5191568f1768f16992835fa,Jimmy Carter,Gerald Ford,/the-presidency/presidential-speeches/october-22-1976-debate-president-gerald-ford,9,1976-10-22 17:00:00,The Cold War,Mr. Ford,other/unclear,neutral,Mr.,Fixed-rubric classification from the supplied sentence context.,narration,serving_or_contemporary,AI-classified; not human-validated
a833487d5f0f32f8c1abd56f,Jimmy Carter,Richard M. Nixon,/the-presidency/presidential-speeches/october-22-1976-debate-president-gerald-ford,10,1976-10-22 17:00:00,The Cold War,President Nixon,other/unclear,neutral,"I remember in 1973, in the depth of the energy crisis, when President Nixon called on the American people to make a sacrifice to cut down on the waste of gasoline, to cut down on the speed of automobiles.",Fixed-rubric classification from the supplied sentence context.,narration,former_president,AI-classified; not human-validated
8c96070e2c2c79bdaa8a5403,Jimmy Carter,Gerald Ford,/the-presidency/presidential-speeches/october-22-1976-debate-president-gerald-ford,14,1976-10-22 17:00:00,The Cold War,Mr. Ford,other/unclear,neutral,"Other people have done it who are notable--Governor Jerry Brown, Walter Cronkite, Albert Schweitzer, Mr.",Fixed-rubric classification from the supplied sentence context.,narration,serving_or_contemporary,AI-classified; not human-validated
a342be92e3b686138794209e,Jimmy Carter,Gerald Ford,/the-presidency/presidential-speeches/october-22-1976-debate-president-gerald-ford,15,1976-10-22 17:00:00,The Cold War,President Ford,contemporary rivalry,neutral,"And during the next 10 days, the American people will not see the Carter campaign running television advertisements or newspaper advertisements based on a personal attack on President Ford's character.",Fixed-rubric classification from the supplied sentence context.,narration,serving_or_contemporary,AI-classified; not human-validated
8038fdd3218ee336d3068364,Jimmy Carter,Gerald Ford,/the-presidency/presidential-speeches/october-22-1976-debate-president-gerald-ford,15,1976-10-22 17:00:00,The Cold War,President Ford,contemporary rivalry,neutral,I believe that the opposite is true with President Ford's campaign.,Fixed-rubric classification from the supplied sentence context.,narration,serving_or_contemporary,AI-classified; not human-validated
0552c93e077d4963f64deaa0,Jimmy Carter,Gerald Ford,/the-presidency/presidential-speeches/october-22-1976-debate-president-gerald-ford,16,1976-10-22 17:00:00,The Cold War,President Ford,other/unclear,neutral,"President Ford, your response?",Fixed-rubric classification from the supplied sentence context.,narration,serving_or_contemporary,AI-classified; not human-validated
1a940a7d0fbe6a6469032c5f,Jimmy Carter,Gerald Ford,/the-presidency/presidential-speeches/october-22-1976-debate-president-gerald-ford,18,1976-10-22 17:00:00,The Cold War,President Ford,other/unclear,neutral,"Thank you, President Ford.",Fixed-rubric classification from the supplied sentence context.,narration,serving_or_contemporary,AI-classified; not human-validated
675b26787aabbe235030613d,Jimmy Carter,Gerald Ford,/the-presidency/presidential-speeches/october-22-1976-debate-president-gerald-ford,18,1976-10-22 17:00:00,The Cold War,President Ford,other/unclear,neutral,"Nelson, your question to President Ford.",Fixed-rubric classification from the supplied sentence context.,narration,serving_or_contemporary,AI-classified; not human-validated
17f414213105e60126546b38,Jimmy Carter,Richard M. Nixon,/the-presidency/presidential-speeches/october-22-1976-debate-president-gerald-ford,19,1976-10-22 17:00:00,The Cold War,Mr. Nixon,other/unclear,neutral,"And the testimony, under oath, was to the effect that I did not talk to Mr.",Fixed-rubric classification from the supplied sentence context.,narration,former_president,AI-classified; not human-validated
9980df825e7b06bb204958b1,Jimmy Carter,Gerald Ford,/the-presidency/presidential-speeches/october-22-1976-debate-president-gerald-ford,25,1976-10-22 17:00:00,The Cold War,President Ford,historical comparison,neutral,"And wouldn't it have been wiser on your part to say nothing and to keep the Russians in the dark, as President Ford did and as, I think, every President has done since President Truman?",Fixed-rubric classification from the supplied sentence context.,narration,serving_or_contemporary,AI-classified; not human-validated
c22232625a125d9716e8ea27,Jimmy Carter,Harry S. Truman,/the-presidency/presidential-speeches/october-22-1976-debate-president-gerald-ford,25,1976-10-22 17:00:00,The Cold War,President Truman,historical comparison,neutral,"And wouldn't it have been wiser on your part to say nothing and to keep the Russians in the dark, as President Ford did and as, I think, every President has done since President Truman?",Fixed-rubric classification from the supplied sentence context.,narration,former_president,AI-classified; not human-validated
ce440f286f2dfbb94692f941,Jimmy Carter,Gerald Ford,/the-presidency/presidential-speeches/october-22-1976-debate-president-gerald-ford,29,1976-10-22 17:00:00,The Cold War,President Ford,other/unclear,neutral,"President Ford, your response.",Fixed-rubric classification from the supplied sentence context.,narration,serving_or_contemporary,AI-classified; not human-validated
0193fc8a9ca6946f6a081d62,Jimmy Carter,Gerald Ford,/the-presidency/presidential-speeches/october-22-1976-debate-president-gerald-ford,31,1976-10-22 17:00:00,The Cold War,President Ford,other/unclear,neutral,"Maynard, your question to President Ford, please.",Fixed-rubric classification from the supplied sentence context.,narration,serving_or_contemporary,AI-classified; not human-validated
6219e72ea3e64fee1995fe96,Jimmy Carter,Gerald Ford,/the-presidency/presidential-speeches/october-22-1976-debate-president-gerald-ford,35,1976-10-22 17:00:00,The Cold War,President Ford,other/unclear,neutral,I am not sure that I remembered earlier that President Ford had expressed his concern about the statement or apologized for it.,Fixed-rubric classification from the supplied sentence context.,narration,serving_or_contemporary,AI-classified; not human-validated
35c13b854ad9847a099d6657,Jimmy Carter,Gerald Ford,/the-presidency/presidential-speeches/october-22-1976-debate-president-gerald-ford,35,1976-10-22 17:00:00,The Cold War,Mr. Ford,other/unclear,neutral,And I think the only criticism that I would have of Mr.,Fixed-rubric classification from the supplied sentence context.,narration,serving_or_contemporary,AI-classified; not human-validated
d9f409c8d20d9295dfaf100c,Jimmy Carter,Gerald Ford,/the-presidency/presidential-speeches/october-22-1976-debate-president-gerald-ford,39,1976-10-22 17:00:00,The Cold War,President Ford,other/unclear,neutral,The one major decision that I have made since acquiring the nomination-and I share this with President Ford--is the choice of the Vice President.,Fixed-rubric classification from the supplied sentence context.,narration,serving_or_contemporary,AI-classified; not human-validated
a2635300e52291de383f700b,Jimmy Carter,Gerald Ford,/the-presidency/presidential-speeches/october-22-1976-debate-president-gerald-ford,41,1976-10-22 17:00:00,The Cold War,Mr. Ford,other/unclear,neutral,Mr.,Fixed-rubric classification from the supplied sentence context.,narration,serving_or_contemporary,AI-classified; not human-validated
df9ce13f1a18da960f8ba93a,Jimmy Carter,Gerald Ford,/the-presidency/presidential-speeches/october-22-1976-debate-president-gerald-ford,41,1976-10-22 17:00:00,The Cold War,Mr. Ford,other/unclear,neutral,"I don't want to say anything critical of Senator Dole, but I have never heard Mr.",Fixed-rubric classification from the supplied sentence context.,narration,serving_or_contemporary,AI-classified; not human-validated
c045e4d46c43d3ba0a925cd4,Jimmy Carter,Gerald Ford,/the-presidency/presidential-speeches/october-22-1976-debate-president-gerald-ford,42,1976-10-22 17:00:00,The Cold War,President Ford,other/unclear,neutral,"President Ford, your response please.",Fixed-rubric classification from the supplied sentence context.,narration,serving_or_contemporary,AI-classified; not human-validated
4a7688cc9554729650cef763,Jimmy Carter,Gerald Ford,/the-presidency/presidential-speeches/october-22-1976-debate-president-gerald-ford,45,1976-10-22 17:00:00,The Cold War,President Ford,other/unclear,neutral,"Kraft, your question to President Ford.",Fixed-rubric classification from the supplied sentence context.,narration,serving_or_contemporary,AI-classified; not human-validated
4878dc0d70891a0a99a65b61,Jimmy Carter,Gerald Ford,/the-presidency/presidential-speeches/october-22-1976-debate-president-gerald-ford,50,1976-10-22 17:00:00,The Cold War,Mr. Ford,other/unclear,neutral,"The claim that it would have put 140,000 miners out of work is hard to believe when at the time Mr.",Fixed-rubric classification from the supplied sentence context.,narration,serving_or_contemporary,AI-classified; not human-validated
e9d343ede3e9a9c8f0b8f419,Jimmy Carter,Gerald Ford,/the-presidency/presidential-speeches/october-22-1976-debate-president-gerald-ford,52,1976-10-22 17:00:00,The Cold War,Mr. Ford,other/unclear,neutral,The lands that Mr.,Fixed-rubric classification from the supplied sentence context.,narration,serving_or_contemporary,AI-classified; not human-validated
93a2ccf9416f3f13ee3fd02f,Jimmy Carter,Richard M. Nixon,/the-presidency/presidential-speeches/october-22-1976-debate-president-gerald-ford,58,1976-10-22 17:00:00,The Cold War,Nixon,institutional precedent,neutral,"When the Nixon-Ford administration started, this was 10 percent.",Fixed-rubric classification from the supplied sentence context.,narration,former_president,AI-classified; not human-validated
3cb402001d29acdc074b8fd5,Jimmy Carter,Gerald Ford,/the-presidency/presidential-speeches/october-22-1976-debate-president-gerald-ford,60,1976-10-22 17:00:00,The Cold War,President Ford,other/unclear,neutral,President Ford.,Fixed-rubric classification from the supplied sentence context.,narration,serving_or_contemporary,AI-classified; not human-validated
e3242565c2fe854e708ec4b8,Jimmy Carter,Gerald Ford,/the-presidency/presidential-speeches/october-22-1976-debate-president-gerald-ford,63,1976-10-22 17:00:00,The Cold War,President Ford,other/unclear,neutral,"Nelson, your question next to President Ford.",Fixed-rubric classification from the supplied sentence context.,narration,serving_or_contemporary,AI-classified; not human-validated
45631737706b4313b1defa42,Jimmy Carter,Gerald Ford,/the-presidency/presidential-speeches/october-22-1976-debate-president-gerald-ford,63,1976-10-22 17:00:00,The Cold War,President Ford,contemporary rivalry,neutral,"President, your campaign has run ads in black newspapers saying that ""for black Americans, President Ford is quietly getting the job",Fixed-rubric classification from the supplied sentence context.,deliberate_quotation,serving_or_contemporary,AI-classified; not human-validated
d5d3c23433ba18014330959d,Jimmy Carter,Gerald Ford,/the-presidency/presidential-speeches/october-22-1976-debate-president-gerald-ford,67,1976-10-22 17:00:00,The Cold War,Mr. Ford,other/unclear,neutral,I think it is accurate to say that Mr.,Fixed-rubric classification from the supplied sentence context.,narration,serving_or_contemporary,AI-classified; not human-validated
c0ded5ba61ecb940577cd83d,Jimmy Carter,John F. Kennedy,/the-presidency/presidential-speeches/october-22-1976-debate-president-gerald-ford,68,1976-10-22 17:00:00,The Cold War,John Kennedy,other/unclear,neutral,"This country changed drastically in 1969 when the terms of John Kennedy and Lyndon Johnson were over, and Richard Nixon and Gerald Ford became the Presidents.",Fixed-rubric classification from the supplied sentence context.,narration,former_president,AI-classified; not human-validated
e772c269b4c6d13d3de489d9,Jimmy Carter,Lyndon B. Johnson,/the-presidency/presidential-speeches/october-22-1976-debate-president-gerald-ford,68,1976-10-22 17:00:00,The Cold War,Lyndon Johnson,other/unclear,neutral,"This country changed drastically in 1969 when the terms of John Kennedy and Lyndon Johnson were over, and Richard Nixon and Gerald Ford became the Presidents.",Fixed-rubric classification from the supplied sentence context.,narration,former_president,AI-classified; not human-validated
439c3dd4d81b1c59b6577502,Jimmy Carter,Richard M. Nixon,/the-presidency/presidential-speeches/october-22-1976-debate-president-gerald-ford,68,1976-10-22 17:00:00,The Cold War,Richard Nixon,other/unclear,neutral,"This country changed drastically in 1969 when the terms of John Kennedy and Lyndon Johnson were over, and Richard Nixon and Gerald Ford became the Presidents.",Fixed-rubric classification from the supplied sentence context.,narration,former_president,AI-classified; not human-validated
a769e3c90f8dbb509a6f226a,Jimmy Carter,Gerald Ford,/the-presidency/presidential-speeches/october-22-1976-debate-president-gerald-ford,68,1976-10-22 17:00:00,The Cold War,Gerald Ford,other/unclear,neutral,"This country changed drastically in 1969 when the terms of John Kennedy and Lyndon Johnson were over, and Richard Nixon and Gerald Ford became the Presidents.",Fixed-rubric classification from the supplied sentence context.,narration,serving_or_contemporary,AI-classified; not human-validated
970e98d158481f1732a23f0f,Jimmy Carter,Gerald Ford,/the-presidency/presidential-speeches/october-22-1976-debate-president-gerald-ford,74,1976-10-22 17:00:00,The Cold War,President Ford,other/unclear,neutral,"President Ford, your response, please.",Fixed-rubric classification from the supplied sentence context.,narration,serving_or_contemporary,AI-classified; not human-validated
40ad4331e9ef68cf22c96e39,Jimmy Carter,Gerald Ford,/the-presidency/presidential-speeches/october-22-1976-debate-president-gerald-ford,77,1976-10-22 17:00:00,The Cold War,President Ford,other/unclear,neutral,"Maynard, to President Ford.",Fixed-rubric classification from the supplied sentence context.,narration,serving_or_contemporary,AI-classified; not human-validated
75ee815c2fc4921d52cb1892,Jimmy Carter,Gerald Ford,/the-presidency/presidential-speeches/october-22-1976-debate-president-gerald-ford,82,1976-10-22 17:00:00,The Cold War,Mr. Ford,other/unclear,neutral,I think it's accurate to say that Mr.,Fixed-rubric classification from the supplied sentence context.,narration,serving_or_contemporary,AI-classified; not human-validated
7013eb650e3b99a4ada1fb5d,Jimmy Carter,Gerald Ford,/the-presidency/presidential-speeches/october-22-1976-debate-president-gerald-ford,82,1976-10-22 17:00:00,The Cold War,Mr. Ford,other/unclear,neutral,"Levi, his Attorney General, put forward a gun control proposal which Mr.",Fixed-rubric classification from the supplied sentence context.,narration,serving_or_contemporary,AI-classified; not human-validated
62f73fadb627ac09112ffce5,Jimmy Carter,Gerald Ford,/the-presidency/presidential-speeches/october-22-1976-debate-president-gerald-ford,91,1976-10-22 17:00:00,The Cold War,President Ford,other/unclear,neutral,President Ford.,Fixed-rubric classification from the supplied sentence context.,narration,serving_or_contemporary,AI-classified; not human-validated
6ac0d644ccacbda750bcb7f3,Jimmy Carter,Gerald Ford,/the-presidency/presidential-speeches/october-22-1976-debate-president-gerald-ford,101,1976-10-22 17:00:00,The Cold War,President Ford,institutional precedent,positive,"Well, with all due respect to President Ford, I think he ought to be ashamed of making that statement because we have the highest unemployment rate now than we had at any time between the Great Depression, caused by Herbert Hoover, and the time President Ford took office.",Fixed-rubric classification from the supplied sentence context.,narration,serving_or_contemporary,AI-classified; not human-validated
e746f0cc2438c92e34b6f28c,Jimmy Carter,Herbert Hoover,/the-presidency/presidential-speeches/october-22-1976-debate-president-gerald-ford,101,1976-10-22 17:00:00,The Cold War,Herbert Hoover,institutional precedent,positive,"Well, with all due respect to President Ford, I think he ought to be ashamed of making that statement because we have the highest unemployment rate now than we had at any time between the Great Depression, caused by Herbert Hoover, and the time President Ford took office.",Fixed-rubric classification from the supplied sentence context.,narration,former_president,AI-classified; not human-validated
068a37952a3a0880adb9cee2,Jimmy Carter,Gerald Ford,/the-presidency/presidential-speeches/october-22-1976-debate-president-gerald-ford,101,1976-10-22 17:00:00,The Cold War,President Ford,institutional precedent,positive,"Well, with all due respect to President Ford, I think he ought to be ashamed of making that statement because we have the highest unemployment rate now than we had at any time between the Great Depression, caused by Herbert Hoover, and the time President Ford took office.",Fixed-rubric classification from the supplied sentence context.,narration,serving_or_contemporary,AI-classified; not human-validated
07c6784117f9ea835aeca635,Jimmy Carter,Richard M. Nixon,/the-presidency/presidential-speeches/october-22-1976-debate-president-gerald-ford,103,1976-10-22 17:00:00,The Cold War,Nixon,other/unclear,neutral,Under the present administrations--Nixon's and Ford's--we have had three times the inflation rate that we experienced under President Johnson and President Kennedy.,Fixed-rubric classification from the supplied sentence context.,narration,former_president,AI-classified; not human-validated
3346c91a727b4038d703c392,Jimmy Carter,Lyndon B. Johnson,/the-presidency/presidential-speeches/october-22-1976-debate-president-gerald-ford,103,1976-10-22 17:00:00,The Cold War,President Johnson,other/unclear,neutral,Under the present administrations--Nixon's and Ford's--we have had three times the inflation rate that we experienced under President Johnson and President Kennedy.,Fixed-rubric classification from the supplied sentence context.,narration,former_president,AI-classified; not human-validated
e0860c717679195561dc7267,Jimmy Carter,John F. Kennedy,/the-presidency/presidential-speeches/october-22-1976-debate-president-gerald-ford,103,1976-10-22 17:00:00,The Cold War,President Kennedy,other/unclear,neutral,Under the present administrations--Nixon's and Ford's--we have had three times the inflation rate that we experienced under President Johnson and President Kennedy.,Fixed-rubric classification from the supplied sentence context.,narration,former_president,AI-classified; not human-validated
ec47dc11a88d04048a5e5ff2,Jimmy Carter,Gerald Ford,/the-presidency/presidential-speeches/october-22-1976-debate-president-gerald-ford,103,1976-10-22 17:00:00,The Cold War,Mr. Ford,other/unclear,neutral,And Mr.,Fixed-rubric classification from the supplied sentence context.,narration,serving_or_contemporary,AI-classified; not human-validated
1a327e19e45e0f06faaa2abc,Jimmy Carter,Gerald Ford,/the-presidency/presidential-speeches/october-22-1976-debate-president-gerald-ford,104,1976-10-22 17:00:00,The Cold War,President Ford,contemporary rivalry,neutral,"Governor Carter, you entered this race against President Ford with a 20-point lead or better in the polls and now it appears that this campaign is headed for a photo finish.",Fixed-rubric classification from the supplied sentence context.,narration,serving_or_contemporary,AI-classified; not human-validated
899fb5ac9aa185591ac4de8e,Jimmy Carter,Gerald Ford,/the-presidency/presidential-speeches/october-22-1976-debate-president-gerald-ford,104,1976-10-22 17:00:00,The Cold War,Mr. Ford,other/unclear,neutral,"You have said how difficult it is to run against a sitting President, but Mr.",Fixed-rubric classification from the supplied sentence context.,narration,serving_or_contemporary,AI-classified; not human-validated
22dfb536e3f5405f3e92c418,Jimmy Carter,Gerald Ford,/the-presidency/presidential-speeches/october-22-1976-debate-president-gerald-ford,105,1976-10-22 17:00:00,The Cold War,President Ford,contemporary rivalry,neutral,"At that time 25 or 30 percent of the Reagan supporters said that they would not support President Ford, but as occurred at the end of the Democratic Convention, the Republican Party unified itself, and I think immediately following the Republican Convention there was about a 10-point spread.",Fixed-rubric classification from the supplied sentence context.,narration,serving_or_contemporary,AI-classified; not human-validated
e3f6a8a86bd1260fa8f1f8d6,Jimmy Carter,Gerald Ford,/the-presidency/presidential-speeches/october-22-1976-debate-president-gerald-ford,105,1976-10-22 17:00:00,The Cold War,President Ford,other/unclear,neutral,I had 49 percent; President Ford had 39 percent.,Fixed-rubric classification from the supplied sentence context.,narration,serving_or_contemporary,AI-classified; not human-validated
511061ee30e37be37098937b,Jimmy Carter,Gerald Ford,/the-presidency/presidential-speeches/october-22-1976-debate-president-gerald-ford,109,1976-10-22 17:00:00,The Cold War,President Ford,other/unclear,neutral,"President Ford, your response.",Fixed-rubric classification from the supplied sentence context.,narration,serving_or_contemporary,AI-classified; not human-validated
03bcf2835c4a1eb455cad9a7,Jimmy Carter,Gerald Ford,/the-presidency/presidential-speeches/october-22-1976-debate-president-gerald-ford,112,1976-10-22 17:00:00,The Cold War,President Ford,other/unclear,neutral,"And, at the original coin toss in Philadelphia a month ago, it was determined that President Ford would make the first closing statement tonight.",Fixed-rubric classification from the supplied sentence context.,narration,serving_or_contemporary,AI-classified; not human-validated
8216f90d048f7dfa99ce46bd,Jimmy Carter,Gerald Ford,/the-presidency/presidential-speeches/october-22-1976-debate-president-gerald-ford,113,1976-10-22 17:00:00,The Cold War,President Ford,other/unclear,neutral,President Ford.,Fixed-rubric classification from the supplied sentence context.,narration,serving_or_contemporary,AI-classified; not human-validated
0d8516ed9898e90ac0779512,Jimmy Carter,Gerald Ford,/the-presidency/presidential-speeches/october-22-1976-debate-president-gerald-ford,118,1976-10-22 17:00:00,The Cold War,President Ford,other/unclear,neutral,"Thank you, President Ford.",Fixed-rubric classification from the supplied sentence context.,narration,serving_or_contemporary,AI-classified; not human-validated
cc8505c5203ce106c4875852,Jimmy Carter,Gerald Ford,/the-presidency/presidential-speeches/october-22-1976-debate-president-gerald-ford,119,1976-10-22 17:00:00,The Cold War,Mr. Ford,other/unclear,neutral,Mr.,Fixed-rubric classification from the supplied sentence context.,narration,serving_or_contemporary,AI-classified; not human-validated
07529a7f9865d73c15200b02,Jimmy Carter,John F. Kennedy,/the-presidency/presidential-speeches/october-22-1976-debate-president-gerald-ford,119,1976-10-22 17:00:00,The Cold War,John Kennedy,institutional precedent,positive,"Ford is a good and decent man, but he has been in office now more than 800 days, approaching almost as long as John Kennedy was in office.",Fixed-rubric classification from the supplied sentence context.,narration,former_president,AI-classified; not human-validated
2952c0963235797b32e8592f,Jimmy Carter,Gerald Ford,/the-presidency/presidential-speeches/october-22-1976-debate-president-gerald-ford,125,1976-10-22 17:00:00,The Cold War,President Ford,other/unclear,neutral,"Thank you, Governor Carter, and thank you, President Ford.",Fixed-rubric classification from the supplied sentence context.,narration,serving_or_contemporary,AI-classified; not human-validated
70355bc91d77a3c2cb0a61e6,Jimmy Carter,Gerald Ford,/the-presidency/presidential-speeches/october-22-1976-debate-president-gerald-ford,126,1976-10-22 17:00:00,The Cold War,President Ford,other/unclear,neutral,"President Ford and Governor Carter, we not only want to thank you but we commend you for agreeing to come together to discuss the issues before the American people.",Fixed-rubric classification from the supplied sentence context.,narration,serving_or_contemporary,AI-classified; not human-validated
93928da5a8e2eb91dd77deba,Woodrow Wilson,George Washington,/the-presidency/presidential-speeches/october-25-1913-address-congress-hall-philadelphia,7,1913-10-25 18:00:00,Progressives & Depression,George Washington,other/unclear,neutral,Have you forgotten the personal history of George Washington?,Fixed-rubric classification from the supplied sentence context.,narration,former_president,AI-classified; not human-validated
29acffad3684840dab51ac0b,John F. Kennedy,Franklin D. Roosevelt,/the-presidency/presidential-speeches/october-26-1963-remarks-amherst-college,0,1963-10-26 17:00:00,The Cold War,Franklin Roosevelt,other/unclear,neutral,"And, therefore, I was privileged to accept the invitation somewhat rendered to me in the same way that Franklin Roosevelt rendered his invitation to Mr.",Fixed-rubric classification from the supplied sentence context.,narration,former_president,AI-classified; not human-validated
5df08dac340c623a70ca0f93,John F. Kennedy,Woodrow Wilson,/the-presidency/presidential-speeches/october-26-1963-remarks-amherst-college,2,1963-10-26 17:00:00,The Cold War,Woodrow Wilson,other/unclear,positive,"Many years ago, Woodrow Wilson said, what good is a political party unless it is serving a great national purpose?",Fixed-rubric classification from the supplied sentence context.,narration,former_president,AI-classified; not human-validated
df61543e81c6e4493b95c68e,Harry S. Truman,Franklin D. Roosevelt,/the-presidency/presidential-speeches/october-27-1945-navy-day-address,3,1945-10-27 19:00:00,War & New Deal,Franklin D. Roosevelt,institutional precedent,positive,"And history will never forget that great leader who, from his first day in office, fought to reestablish a strong American Navy - who watched that Navy and all the other might of this Nation grow into an invincible force for victory - who sought to make that force an instrument for a just and lasting peace - and who gave his life in the effort - Franklin D.",Fixed-rubric classification from the supplied sentence context.,narration,former_president,AI-classified; not human-validated
89788cf8a1b22bb31e07e003,Ronald Reagan,Thomas Jefferson,/the-presidency/presidential-speeches/october-27-1964-time-choosing,23,1964-10-27 18:00:00,The Cold War,Jefferson,other/unclear,positive,"Democrat himself, Al Smith, the great American, came before the American people and charged that the leadership of his Party was taking the Party of Jefferson, Jackson, and Cleveland down the road under the banners of Marx, Lenin, and Stalin.",Fixed-rubric classification from the supplied sentence context.,narration,former_president,AI-classified; not human-validated
249276b150ddf7992b680d06,Ronald Reagan,George W. Bush,/the-presidency/presidential-speeches/october-27-1983-speech-nation-lebanon-and-grenada,17,1983-10-27 17:00:00,The Cold War,President Bush,other/unclear,neutral,Vice President Bush returned just last night from Beirut and gave me a full report of his brief visit.,Fixed-rubric classification from the supplied sentence context.,narration,not_yet_president,AI-classified; not human-validated
842c4fa3a16a809730d8a7b7,Ronald Reagan,George W. Bush,/the-presidency/presidential-speeches/october-27-1983-speech-nation-lebanon-and-grenada,62,1983-10-27 17:00:00,The Cold War,President Bush,other/unclear,neutral,Vice President Bush returned just last night from Beirut and gave me a full report of his brief visit.,Fixed-rubric classification from the supplied sentence context.,narration,not_yet_president,AI-classified; not human-validated
50b17802adef5ecd9432dd7d,Herbert Hoover,Theodore Roosevelt,/the-presidency/presidential-speeches/october-28-1932-campaign-speech-indianapolis-indiana,24,1932-10-28 17:12:00,Progressives & Depression,Mr. Roosevelt,other/unclear,neutral,""" Mr.",Fixed-rubric classification from the supplied sentence context.,narration,former_president,AI-classified; not human-validated
33145520b05130e06039ddec,Herbert Hoover,Grover Cleveland,/the-presidency/presidential-speeches/october-28-1932-campaign-speech-indianapolis-indiana,26,1932-10-28 17:12:00,Progressives & Depression,Grover Cleveland,other/unclear,neutral,What do you think Grover Cleveland or Samuel Tilden or Woodrow Wilson would have said to such a shift as that ?,Fixed-rubric classification from the supplied sentence context.,narration,former_president,AI-classified; not human-validated
d098b1efd5e607ba9ad7d24b,Herbert Hoover,Woodrow Wilson,/the-presidency/presidential-speeches/october-28-1932-campaign-speech-indianapolis-indiana,26,1932-10-28 17:12:00,Progressives & Depression,Woodrow Wilson,other/unclear,neutral,What do you think Grover Cleveland or Samuel Tilden or Woodrow Wilson would have said to such a shift as that ?,Fixed-rubric classification from the supplied sentence context.,narration,former_president,AI-classified; not human-validated
1e6d04ca490f0b60a74bc1d9,Herbert Hoover,George Washington,/the-presidency/presidential-speeches/october-28-1932-campaign-speech-indianapolis-indiana,35,1932-10-28 17:12:00,Progressives & Depression,George Washington,policy inheritance,neutral,"That means that we should surrender to foreigners the determination of a policy which we have zealously held under American control for nearly 150 years, ever since the first protective tariff was enacted under George Washington's administration.",Fixed-rubric classification from the supplied sentence context.,narration,former_president,AI-classified; not human-validated
442789a67db49a3365766aa2,Herbert Hoover,Theodore Roosevelt,/the-presidency/presidential-speeches/october-28-1932-campaign-speech-indianapolis-indiana,42,1932-10-28 17:12:00,Progressives & Depression,Theodore Roosevelt,other/unclear,neutral,And it originated from Theodore Roosevelt.,Fixed-rubric classification from the supplied sentence context.,narration,former_president,AI-classified; not human-validated
f1aa9a3d86b57c1bb36722b0,Herbert Hoover,Theodore Roosevelt,/the-presidency/presidential-speeches/october-28-1932-campaign-speech-indianapolis-indiana,65,1932-10-28 17:12:00,Progressives & Depression,Mr. Roosevelt,other/unclear,neutral,"I have in my hand a prospectus of that corporation in which the foreword, written by Mr.",Fixed-rubric classification from the supplied sentence context.,narration,former_president,AI-classified; not human-validated
b0aa8d3b3922870205351c21,Herbert Hoover,William Taft,/the-presidency/presidential-speeches/october-28-1932-campaign-speech-indianapolis-indiana,76,1932-10-28 17:12:00,Progressives & Depression,President Taft,other/unclear,neutral,President Taft appointed a Democratic Chief Justice; President Harding mated a Democratic Justice; my last appointment was a Democrat from the State of New York whose appointment was applauded by Republicans and Democrats alike the Nation over.,Fixed-rubric classification from the supplied sentence context.,narration,former_president,AI-classified; not human-validated
4c7df0f120553ddafdc6f26d,Herbert Hoover,Warren G. Harding,/the-presidency/presidential-speeches/october-28-1932-campaign-speech-indianapolis-indiana,76,1932-10-28 17:12:00,Progressives & Depression,President Harding,other/unclear,neutral,President Taft appointed a Democratic Chief Justice; President Harding mated a Democratic Justice; my last appointment was a Democrat from the State of New York whose appointment was applauded by Republicans and Democrats alike the Nation over.,Fixed-rubric classification from the supplied sentence context.,narration,former_president,AI-classified; not human-validated
3a91ca376cf40a53d297a1bc,Jimmy Carter,Ronald Reagan,/the-presidency/presidential-speeches/october-28-1980-debate-ronald-reagan,0,1980-10-28 18:00:00,The Cold War,Ronald Reagan,contemporary rivalry,neutral,"The League of Women Voters is pleased to welcome to the Cleveland, Ohio, Convention Center Music Hall President Jimmy Carter, the Democratic Party's candidate for reelection to the Presidency, and Governor Ronald Reagan of California, the Republican Party's candidate for the Presidency.",Fixed-rubric classification from the supplied sentence context.,narration,serving_or_contemporary,AI-classified; not human-validated
2e5f84255aa7b88663a21617,Jimmy Carter,Ronald Reagan,/the-presidency/presidential-speeches/october-28-1980-debate-ronald-reagan,4,1980-10-28 18:00:00,The Cold War,REAGAN,other/unclear,neutral,GOVERNOR REAGAN.,Fixed-rubric classification from the supplied sentence context.,narration,serving_or_contemporary,AI-classified; not human-validated
32d9262cc5820646bd046d82,Jimmy Carter,Ronald Reagan,/the-presidency/presidential-speeches/october-28-1980-debate-ronald-reagan,8,1980-10-28 18:00:00,The Cold War,REAGAN,other/unclear,neutral,GOVERNOR REAGAN.,Fixed-rubric classification from the supplied sentence context.,narration,serving_or_contemporary,AI-classified; not human-validated
19eebff8da4bcc7ff268ee0a,Jimmy Carter,Gerald Ford,/the-presidency/presidential-speeches/october-28-1980-debate-ronald-reagan,10,1980-10-28 18:00:00,The Cold War,President Ford,other/unclear,neutral,I think I'm a much wiser and more experienced man than I was when I debated 4 years ago against President Ford.,Fixed-rubric classification from the supplied sentence context.,narration,former_president,AI-classified; not human-validated
39604ccfb8e49a574d808b63,Jimmy Carter,Ronald Reagan,/the-presidency/presidential-speeches/october-28-1980-debate-ronald-reagan,16,1980-10-28 18:00:00,The Cold War,REAGAN,other/unclear,neutral,GOVERNOR REAGAN.,Fixed-rubric classification from the supplied sentence context.,narration,serving_or_contemporary,AI-classified; not human-validated
2c95921cf2770d6fcc91dec6,Jimmy Carter,Gerald Ford,/the-presidency/presidential-speeches/october-28-1980-debate-ronald-reagan,17,1980-10-28 18:00:00,The Cold War,Gerald Ford,policy inheritance,neutral,"Now, Gerald Ford left a 5-year projected plan for a military buildup to restore our defenses, and President Garter's administration reduced that by 38 percent, cut 60 ships out of the Navy building program that had been proposed, and stopped the B-1, delayed the cruise missile, stopped the production line for the Minuteman missiles, delayed the Trident submarine, and now is planning a mobile military force that can be delivered to various spots in the world - which does make me question his assaults on whether I am the one that is quick to look for use of force.",Fixed-rubric classification from the supplied sentence context.,narration,former_president,AI-classified; not human-validated
3d4af5f52d7acda40fb89e69,Jimmy Carter,George H. W. Bush,/the-presidency/presidential-speeches/october-28-1980-debate-ronald-reagan,23,1980-10-28 18:00:00,The Cold War,George Bush,other/unclear,neutral,"I noticed that Governor Reagan recently mentioned the Reagan-Kemp-Roth proposal, which his own running mate, George Bush, described as voodoo economics, and said that it would result in a 30-percent inflation rate.",Fixed-rubric classification from the supplied sentence context.,narration,not_yet_president,AI-classified; not human-validated
dcac42570e8f7c027929942e,Jimmy Carter,Ronald Reagan,/the-presidency/presidential-speeches/october-28-1980-debate-ronald-reagan,28,1980-10-28 18:00:00,The Cold War,REAGAN,other/unclear,neutral,GOVERNOR REAGAN.,Fixed-rubric classification from the supplied sentence context.,narration,serving_or_contemporary,AI-classified; not human-validated
c3ded7283518e57902c2e79a,Jimmy Carter,Ronald Reagan,/the-presidency/presidential-speeches/october-28-1980-debate-ronald-reagan,29,1980-10-28 18:00:00,The Cold War,REAGAN,other/unclear,neutral,GOVERNOR REAGAN.,Fixed-rubric classification from the supplied sentence context.,narration,serving_or_contemporary,AI-classified; not human-validated
46be4e6e877cc17456f91fc8,Jimmy Carter,Gerald Ford,/the-presidency/presidential-speeches/october-28-1980-debate-ronald-reagan,29,1980-10-28 18:00:00,The Cold War,Gerald Ford,other/unclear,neutral,It had been cut in two by President Gerald Ford.,Fixed-rubric classification from the supplied sentence context.,narration,former_president,AI-classified; not human-validated
be335e87c37256b01d13750f,Jimmy Carter,Ronald Reagan,/the-presidency/presidential-speeches/october-28-1980-debate-ronald-reagan,34,1980-10-28 18:00:00,The Cold War,REAGAN,other/unclear,neutral,GOVERNOR REAGAN.,Fixed-rubric classification from the supplied sentence context.,narration,serving_or_contemporary,AI-classified; not human-validated
47aa08a5f9c91b204d49e86e,Jimmy Carter,Ronald Reagan,/the-presidency/presidential-speeches/october-28-1980-debate-ronald-reagan,38,1980-10-28 18:00:00,The Cold War,REAGAN,other/unclear,neutral,GOVERNOR REAGAN.,Fixed-rubric classification from the supplied sentence context.,narration,serving_or_contemporary,AI-classified; not human-validated
649bd45eda38220806184a1c,Jimmy Carter,Ronald Reagan,/the-presidency/presidential-speeches/october-28-1980-debate-ronald-reagan,41,1980-10-28 18:00:00,The Cold War,REAGAN,other/unclear,neutral,GOVERNOR REAGAN.,Fixed-rubric classification from the supplied sentence context.,narration,serving_or_contemporary,AI-classified; not human-validated
f496f5cd75fd28676298ac81,Jimmy Carter,Ronald Reagan,/the-presidency/presidential-speeches/october-28-1980-debate-ronald-reagan,45,1980-10-28 18:00:00,The Cold War,REAGAN,other/unclear,neutral,GOVERNOR REAGAN.,Fixed-rubric classification from the supplied sentence context.,narration,serving_or_contemporary,AI-classified; not human-validated
58f051b0f54746c03149cbb0,Jimmy Carter,Theodore Roosevelt,/the-presidency/presidential-speeches/october-28-1980-debate-ronald-reagan,45,1980-10-28 18:00:00,The Cold War,Teddy Roosevelt,other/unclear,neutral,"But I believe that all of us together - and I believe the Presidency is what Teddy Roosevelt said it was; it's a bully pulpit - and I think that something can be done from there, because the goal for all of us should be that one day, things will be done neither because of nor in spite of any of the differences between us - ethnic differences or racial differences, whatever they may be - that we will have total equal opportunity for all people.",Fixed-rubric classification from the supplied sentence context.,narration,former_president,AI-classified; not human-validated
08e397dc56816704a72dcdd8,Jimmy Carter,Ronald Reagan,/the-presidency/presidential-speeches/october-28-1980-debate-ronald-reagan,53,1980-10-28 18:00:00,The Cold War,REAGAN,other/unclear,neutral,GOVERNOR REAGAN.,Fixed-rubric classification from the supplied sentence context.,narration,serving_or_contemporary,AI-classified; not human-validated
ad5eb89f4bd64a34c4fe8429,Jimmy Carter,Ronald Reagan,/the-presidency/presidential-speeches/october-28-1980-debate-ronald-reagan,64,1980-10-28 18:00:00,The Cold War,REAGAN,other/unclear,neutral,GOVERNOR REAGAN.,Fixed-rubric classification from the supplied sentence context.,narration,serving_or_contemporary,AI-classified; not human-validated
bf19a937e58574afae9c64c0,Jimmy Carter,Ronald Reagan,/the-presidency/presidential-speeches/october-28-1980-debate-ronald-reagan,68,1980-10-28 18:00:00,The Cold War,REAGAN,other/unclear,neutral,GOVERNOR REAGAN.,Fixed-rubric classification from the supplied sentence context.,narration,serving_or_contemporary,AI-classified; not human-validated
4b0679a934f554c4236aef01,Jimmy Carter,Ronald Reagan,/the-presidency/presidential-speeches/october-28-1980-debate-ronald-reagan,71,1980-10-28 18:00:00,The Cold War,REAGAN,other/unclear,neutral,GOVERNOR REAGAN.,Fixed-rubric classification from the supplied sentence context.,narration,serving_or_contemporary,AI-classified; not human-validated
24ea9836382a6dd4984cd993,Jimmy Carter,Ronald Reagan,/the-presidency/presidential-speeches/october-28-1980-debate-ronald-reagan,74,1980-10-28 18:00:00,The Cold War,REAGAN,other/unclear,neutral,GOVERNOR REAGAN.,Fixed-rubric classification from the supplied sentence context.,narration,serving_or_contemporary,AI-classified; not human-validated
6aafeb8ab33bdedad5a25354,Jimmy Carter,Ronald Reagan,/the-presidency/presidential-speeches/october-28-1980-debate-ronald-reagan,74,1980-10-28 18:00:00,The Cold War,REAGAN,other/unclear,neutral,GOVERNOR REAGAN.,Fixed-rubric classification from the supplied sentence context.,narration,serving_or_contemporary,AI-classified; not human-validated
c7d7b2a8788539bbb0c0ab0a,Jimmy Carter,Harry S. Truman,/the-presidency/presidential-speeches/october-28-1980-debate-ronald-reagan,78,1980-10-28 18:00:00,The Cold War,Truman,institutional precedent,neutral,"Every President who has served in the Oval Office since Harry Truman has been dedicated to the proposition of controlling nuclear weapons, to negotiate with the Soviet Union - balanced, controlled, observable, and then reducing levels of atomic weaponry.",Fixed-rubric classification from the supplied sentence context.,narration,former_president,AI-classified; not human-validated
494a2ae0ead774a26f62853e,Jimmy Carter,Gerald Ford,/the-presidency/presidential-speeches/october-28-1980-debate-ronald-reagan,79,1980-10-28 18:00:00,The Cold War,President Ford,policy inheritance,neutral,"He has never supported any of those arms control agreements - the limited test ban, SALT I, nor the antiballistic missile treaty, nor the Vladivostok Treaty negotiated with the Soviet Union by President Ford - and now he wants to throw into the wastebasket a treaty to control nuclear weapons on a balanced and equal basis between ourselves and the Soviet Union, negotiated over a 7-year period, by myself and my two Republican predecessors.",Fixed-rubric classification from the supplied sentence context.,narration,former_president,AI-classified; not human-validated
abbd672bf4ce760d27ea135e,Jimmy Carter,Ronald Reagan,/the-presidency/presidential-speeches/october-28-1980-debate-ronald-reagan,81,1980-10-28 18:00:00,The Cold War,REAGAN,other/unclear,neutral,GOVERNOR REAGAN.,Fixed-rubric classification from the supplied sentence context.,narration,serving_or_contemporary,AI-classified; not human-validated
5547df3e29004a5efe8fb8f6,Jimmy Carter,Gerald Ford,/the-presidency/presidential-speeches/october-28-1980-debate-ronald-reagan,82,1980-10-28 18:00:00,The Cold War,President Ford,policy inheritance,neutral,"Now, to suggest that because two Republican Presidents tried to pass the SALT treaty - that puts them on its side - I would like to say that President Ford, who was within 90 percent of a treaty that we could be in agreement with when he left office, is emphatically against this SALT treaty.",Fixed-rubric classification from the supplied sentence context.,narration,former_president,AI-classified; not human-validated
db8e5fdd2538c6ce2e12e34c,Jimmy Carter,Ronald Reagan,/the-presidency/presidential-speeches/october-28-1980-debate-ronald-reagan,87,1980-10-28 18:00:00,The Cold War,REAGAN,other/unclear,neutral,GOVERNOR REAGAN.,Fixed-rubric classification from the supplied sentence context.,narration,serving_or_contemporary,AI-classified; not human-validated
4fbf50cb65ae0ccfbda3d87b,Jimmy Carter,Gerald Ford,/the-presidency/presidential-speeches/october-28-1980-debate-ronald-reagan,88,1980-10-28 18:00:00,The Cold War,President Ford,other/unclear,neutral,"It was a new negotiation, because, as I say, President Ford was within about 10 percent of having a solution that could be acceptable.",Fixed-rubric classification from the supplied sentence context.,narration,former_president,AI-classified; not human-validated
4b75079b3e654ac577142ff5,Jimmy Carter,Ronald Reagan,/the-presidency/presidential-speeches/october-28-1980-debate-ronald-reagan,96,1980-10-28 18:00:00,The Cold War,REAGAN,other/unclear,neutral,GOVERNOR REAGAN.,Fixed-rubric classification from the supplied sentence context.,narration,serving_or_contemporary,AI-classified; not human-validated
f0c1c0d56fecdcbe566cc842,Jimmy Carter,Ronald Reagan,/the-presidency/presidential-speeches/october-28-1980-debate-ronald-reagan,101,1980-10-28 18:00:00,The Cold War,REAGAN,other/unclear,neutral,GOVERNOR REAGAN.,Fixed-rubric classification from the supplied sentence context.,narration,serving_or_contemporary,AI-classified; not human-validated
e5f79c18faf2d6e254035aef,Jimmy Carter,Ronald Reagan,/the-presidency/presidential-speeches/october-28-1980-debate-ronald-reagan,106,1980-10-28 18:00:00,The Cold War,REAGAN,other/unclear,neutral,GOVERNOR REAGAN.,Fixed-rubric classification from the supplied sentence context.,narration,serving_or_contemporary,AI-classified; not human-validated
29e3c349a3d160d0a463ee8a,Jimmy Carter,Ronald Reagan,/the-presidency/presidential-speeches/october-28-1980-debate-ronald-reagan,109,1980-10-28 18:00:00,The Cold War,REAGAN,other/unclear,neutral,GOVERNOR REAGAN.,Fixed-rubric classification from the supplied sentence context.,narration,serving_or_contemporary,AI-classified; not human-validated
034aadfef2075820ef9edf72,Jimmy Carter,Ronald Reagan,/the-presidency/presidential-speeches/october-28-1980-debate-ronald-reagan,114,1980-10-28 18:00:00,The Cold War,REAGAN,other/unclear,neutral,GOVERNOR REAGAN.,Fixed-rubric classification from the supplied sentence context.,narration,serving_or_contemporary,AI-classified; not human-validated
fc6219f3c88b8780d52d2811,Jimmy Carter,Ronald Reagan,/the-presidency/presidential-speeches/october-28-1980-debate-ronald-reagan,119,1980-10-28 18:00:00,The Cold War,REAGAN,other/unclear,neutral,GOVERNOR REAGAN.,Fixed-rubric classification from the supplied sentence context.,narration,serving_or_contemporary,AI-classified; not human-validated
758f0682ea625b4dd010e58a,Jimmy Carter,Dwight D. Eisenhower,/the-presidency/presidential-speeches/october-28-1980-debate-ronald-reagan,125,1980-10-28 18:00:00,The Cold War,Eisenhower,institutional precedent,neutral,"This is a contest between a Democrat in the mainstream of my party, as exemplified by the actions that I've taken in the Oval Office the last 4 years, as contrasted with Governor Reagan, who in most cases does typify his party, but in some cases, there is a radical departure by him from the heritage of Eisenhower and others.",Fixed-rubric classification from the supplied sentence context.,narration,former_president,AI-classified; not human-validated
4d657a8a724e1a70337debd1,Jimmy Carter,Ronald Reagan,/the-presidency/presidential-speeches/october-28-1980-debate-ronald-reagan,129,1980-10-28 18:00:00,The Cold War,REAGAN,other/unclear,neutral,GOVERNOR REAGAN.,Fixed-rubric classification from the supplied sentence context.,narration,serving_or_contemporary,AI-classified; not human-validated
89d87e53a35793e957cc1756,Jimmy Carter,Gerald Ford,/the-presidency/presidential-speeches/october-28-1980-debate-ronald-reagan,130,1980-10-28 18:00:00,The Cold War,President Ford,other/unclear,neutral,5 under President Ford.,Fixed-rubric classification from the supplied sentence context.,narration,former_president,AI-classified; not human-validated
0de44c998a4883385f0a7054,Jimmy Carter,Ronald Reagan,/the-presidency/presidential-speeches/october-28-1980-debate-ronald-reagan,134,1980-10-28 18:00:00,The Cold War,REAGAN,other/unclear,neutral,GOVERNOR REAGAN.,Fixed-rubric classification from the supplied sentence context.,narration,serving_or_contemporary,AI-classified; not human-validated
f5f616700433079873cd1ce6,Jimmy Carter,Ronald Reagan,/the-presidency/presidential-speeches/october-28-1980-debate-ronald-reagan,138,1980-10-28 18:00:00,The Cold War,REAGAN,other/unclear,neutral,GOVERNOR REAGAN.,Fixed-rubric classification from the supplied sentence context.,narration,serving_or_contemporary,AI-classified; not human-validated
774dd252e4e511fdbfea3f60,Jimmy Carter,John F. Kennedy,/the-presidency/presidential-speeches/october-28-1980-debate-ronald-reagan,143,1980-10-28 18:00:00,The Cold War,John Kennedy,other/unclear,neutral,"If one vote per precinct had changed in 1960, John Kennedy would never have been President of this Nation.",Fixed-rubric classification from the supplied sentence context.,narration,former_president,AI-classified; not human-validated
994299220eb9f20f8cdd12b8,Jimmy Carter,Richard M. Nixon,/the-presidency/presidential-speeches/october-28-1980-debate-ronald-reagan,143,1980-10-28 18:00:00,The Cold War,Richard Nixon,other/unclear,neutral,"And if a few more people had gone to the polls and voted in 1968, Hubert Humphrey would have been President; Richard Nixon would not.",Fixed-rubric classification from the supplied sentence context.,narration,former_president,AI-classified; not human-validated
7238610f80afd987a61e6a0c,Jimmy Carter,Ronald Reagan,/the-presidency/presidential-speeches/october-28-1980-debate-ronald-reagan,145,1980-10-28 18:00:00,The Cold War,REAGAN,other/unclear,neutral,GOVERNOR REAGAN.,Fixed-rubric classification from the supplied sentence context.,narration,serving_or_contemporary,AI-classified; not human-validated
a86ed8df4735380ee6bc95a3,Lyndon B. Johnson,Dwight D. Eisenhower,/the-presidency/presidential-speeches/october-6-1966-press-conference,22,1966-10-06 17:00:00,The Cold War,President Eisenhower,other/unclear,neutral,"President, the Republican Coordinating Committee, including President Eisenhower, recently said that public order, that is, both crime in the streets and riots, was a problem of greatest concern to the people of this country.",Fixed-rubric classification from the supplied sentence context.,narration,former_president,AI-classified; not human-validated
76ab4432daf8c890c78163b5,Lyndon B. Johnson,Dwight D. Eisenhower,/the-presidency/presidential-speeches/october-6-1966-press-conference,29,1966-10-06 17:00:00,The Cold War,President Eisenhower,other/unclear,neutral,"Former President Eisenhower has said that we should use whatever is necessary, not excluding nuclear weapons, to end the fighting in Vietnam.",Fixed-rubric classification from the supplied sentence context.,narration,former_president,AI-classified; not human-validated
7410d7cc72ff9d9266285a75,Lyndon B. Johnson,Dwight D. Eisenhower,/the-presidency/presidential-speeches/october-6-1966-press-conference,30,1966-10-06 17:00:00,The Cold War,President Eisenhower,policy inheritance,neutral,"Without passing on the accuracy of your quotation of President Eisenhower, I would say it is the policy of this Government to exercise the best judgment of which we are capable in an attempt to provide the maximum deterrence with a minimum involvement.",Fixed-rubric classification from the supplied sentence context.,narration,former_president,AI-classified; not human-validated
bbc4a9dd92538b477b1a4328,Jimmy Carter,Gerald Ford,/the-presidency/presidential-speeches/october-6-1976-debate-president-gerald-ford-foreign-and,0,1976-10-06 17:00:00,The Cold War,President Ford,other/unclear,neutral,"Thank you, President Ford, and thank you, Governor Carter, for being with us tonight.",Fixed-rubric classification from the supplied sentence context.,narration,serving_or_contemporary,AI-classified; not human-validated
2345b55359fa38077282f933,Jimmy Carter,Gerald Ford,/the-presidency/presidential-speeches/october-6-1976-debate-president-gerald-ford-foreign-and,3,1976-10-06 17:00:00,The Cold War,President Ford,other/unclear,neutral,"President Ford and Governor Carter do not have notes or prepared remarks with them this evening, but they may take notes during the debate and refer to them.",Fixed-rubric classification from the supplied sentence context.,narration,serving_or_contemporary,AI-classified; not human-validated
a4b602464429cb8159ece428,Jimmy Carter,Gerald Ford,/the-presidency/presidential-speeches/october-6-1976-debate-president-gerald-ford-foreign-and,4,1976-10-06 17:00:00,The Cold War,Mr. Ford,other/unclear,neutral,And I hope tonight that I and Mr.,Fixed-rubric classification from the supplied sentence context.,narration,serving_or_contemporary,AI-classified; not human-validated
c175e29ca0489b44663403ef,Jimmy Carter,Gerald Ford,/the-presidency/presidential-speeches/october-6-1976-debate-president-gerald-ford-foreign-and,7,1976-10-06 17:00:00,The Cold War,Mr. Ford,other/unclear,neutral,And the last point I want to make is this: Mr.,Fixed-rubric classification from the supplied sentence context.,narration,serving_or_contemporary,AI-classified; not human-validated
0b7ca2db1f70236dcde30fcf,Jimmy Carter,Richard M. Nixon,/the-presidency/presidential-speeches/october-6-1976-debate-president-gerald-ford-foreign-and,7,1976-10-06 17:00:00,The Cold War,Richard Nixon,other/unclear,negative,Kissinger have continued on with the policies and failures of Richard Nixon.,Fixed-rubric classification from the supplied sentence context.,narration,former_president,AI-classified; not human-validated
ae190fd8a98e39b63678057b,Jimmy Carter,Gerald Ford,/the-presidency/presidential-speeches/october-6-1976-debate-president-gerald-ford-foreign-and,7,1976-10-06 17:00:00,The Cold War,Mr. Ford,contemporary rivalry,positive,Even the Republican platform has criticized the lack of leadership in Mr.,Fixed-rubric classification from the supplied sentence context.,narration,serving_or_contemporary,AI-classified; not human-validated
a9124f59b23eb44b4f35538c,Jimmy Carter,Gerald Ford,/the-presidency/presidential-speeches/october-6-1976-debate-president-gerald-ford-foreign-and,8,1976-10-06 17:00:00,The Cold War,Mr. Ford,other/unclear,neutral,Mr.,Fixed-rubric classification from the supplied sentence context.,narration,serving_or_contemporary,AI-classified; not human-validated
bdeabe247086128b984ffee6,Jimmy Carter,Gerald Ford,/the-presidency/presidential-speeches/october-6-1976-debate-president-gerald-ford-foreign-and,9,1976-10-06 17:00:00,The Cold War,President Ford,historical comparison,neutral,"President Ford, would you like to respond?",Fixed-rubric classification from the supplied sentence context.,narration,serving_or_contemporary,AI-classified; not human-validated
fa6a36a1b9404253eac40d5c,Jimmy Carter,Gerald Ford,/the-presidency/presidential-speeches/october-6-1976-debate-president-gerald-ford-foreign-and,11,1976-10-06 17:00:00,The Cold War,President Ford,other/unclear,neutral,"Trewhitt, a question for President Ford.",Fixed-rubric classification from the supplied sentence context.,narration,serving_or_contemporary,AI-classified; not human-validated
76f6d8839725d45457d2febc,Jimmy Carter,Gerald Ford,/the-presidency/presidential-speeches/october-6-1976-debate-president-gerald-ford-foreign-and,16,1976-10-06 17:00:00,The Cold War,Mr. Ford,other/unclear,neutral,"Well, Mr.",Fixed-rubric classification from the supplied sentence context.,narration,serving_or_contemporary,AI-classified; not human-validated
e6369a96bce4b2a0c7c0bdfa,Jimmy Carter,Gerald Ford,/the-presidency/presidential-speeches/october-6-1976-debate-president-gerald-ford-foreign-and,16,1976-10-06 17:00:00,The Cold War,Mr. Ford,other/unclear,neutral,"As a matter of fact, Mr.",Fixed-rubric classification from the supplied sentence context.,narration,serving_or_contemporary,AI-classified; not human-validated
faeb4ec638899e7397eabf92,Jimmy Carter,Ronald Reagan,/the-presidency/presidential-speeches/october-6-1976-debate-president-gerald-ford-foreign-and,17,1976-10-06 17:00:00,The Cold War,Ronald Reagan,other/unclear,neutral,"When Ronald Reagan won the Texas primary election, Mr.",Fixed-rubric classification from the supplied sentence context.,narration,serving_or_contemporary,AI-classified; not human-validated
ee60fa995ffcdedfb2ade713,Jimmy Carter,Gerald Ford,/the-presidency/presidential-speeches/october-6-1976-debate-president-gerald-ford-foreign-and,17,1976-10-06 17:00:00,The Cold War,Mr. Ford,other/unclear,neutral,"When Ronald Reagan won the Texas primary election, Mr.",Fixed-rubric classification from the supplied sentence context.,narration,serving_or_contemporary,AI-classified; not human-validated
1124d855b1c3729909fc5682,Jimmy Carter,Dwight D. Eisenhower,/the-presidency/presidential-speeches/october-6-1976-debate-president-gerald-ford-foreign-and,20,1976-10-06 17:00:00,The Cold War,Eisenhower,other/unclear,neutral,"Naval Academy, the first military graduate since Eisenhower.",Fixed-rubric classification from the supplied sentence context.,narration,former_president,AI-classified; not human-validated
62fa158dc24ed36d78413c54,Jimmy Carter,Gerald Ford,/the-presidency/presidential-speeches/october-6-1976-debate-president-gerald-ford-foreign-and,22,1976-10-06 17:00:00,The Cold War,Mr. Ford,other/unclear,neutral,"And I'm not going to exclude the American people from that process in the future, as Mr.",Fixed-rubric classification from the supplied sentence context.,narration,serving_or_contemporary,AI-classified; not human-validated
a3b809cde42bc933a2511f47,Jimmy Carter,Gerald Ford,/the-presidency/presidential-speeches/october-6-1976-debate-president-gerald-ford-foreign-and,23,1976-10-06 17:00:00,The Cold War,Mr. Ford,other/unclear,neutral,Every time Mr.,Fixed-rubric classification from the supplied sentence context.,narration,serving_or_contemporary,AI-classified; not human-validated
24b57a5d2c0247c11c5976a0,Jimmy Carter,Gerald Ford,/the-presidency/presidential-speeches/october-6-1976-debate-president-gerald-ford-foreign-and,25,1976-10-06 17:00:00,The Cold War,Mr. Ford,other/unclear,neutral,Kissinger and Mr.,Fixed-rubric classification from the supplied sentence context.,narration,serving_or_contemporary,AI-classified; not human-validated
43c9c0258455be21aa6ed9d1,Jimmy Carter,Franklin D. Roosevelt,/the-presidency/presidential-speeches/october-6-1976-debate-president-gerald-ford-foreign-and,27,1976-10-06 17:00:00,The Cold War,Franklin Roosevelt,institutional precedent,neutral,"I would restore the concept of the fireside chat, which was an integral part of the administration of Franklin Roosevelt.",Fixed-rubric classification from the supplied sentence context.,narration,former_president,AI-classified; not human-validated
4d0b60a98da3fcd9aa9a678f,Jimmy Carter,Harry S. Truman,/the-presidency/presidential-speeches/october-6-1976-debate-president-gerald-ford-foreign-and,27,1976-10-06 17:00:00,The Cold War,Truman,other/unclear,neutral,"When Harry Truman was President, he was not afraid to have a strong Secretary of Defense--Dean Acheson, George Marshall were strong Secretaries of State--excuse me, State.",Fixed-rubric classification from the supplied sentence context.,narration,former_president,AI-classified; not human-validated
d218de84880b42c8e1a5be82,Jimmy Carter,Gerald Ford,/the-presidency/presidential-speeches/october-6-1976-debate-president-gerald-ford-foreign-and,27,1976-10-06 17:00:00,The Cold War,Mr. Ford,other/unclear,neutral,"This is a responsibility of the President, and I think it's very damaging to our country for Mr.",Fixed-rubric classification from the supplied sentence context.,narration,serving_or_contemporary,AI-classified; not human-validated
416f70ac0de5bbecc6fa77ac,Jimmy Carter,Gerald Ford,/the-presidency/presidential-speeches/october-6-1976-debate-president-gerald-ford-foreign-and,28,1976-10-06 17:00:00,The Cold War,President Ford,other/unclear,neutral,"President Ford, do you have a response?",Fixed-rubric classification from the supplied sentence context.,narration,serving_or_contemporary,AI-classified; not human-validated
5c47667132ce1e5b964facea,Jimmy Carter,Gerald Ford,/the-presidency/presidential-speeches/october-6-1976-debate-president-gerald-ford-foreign-and,31,1976-10-06 17:00:00,The Cold War,President Ford,other/unclear,neutral,"Frankel, a question for President Ford.",Fixed-rubric classification from the supplied sentence context.,narration,serving_or_contemporary,AI-classified; not human-validated
acaee6894ed61fcde8290261,Jimmy Carter,Gerald Ford,/the-presidency/presidential-speeches/october-6-1976-debate-president-gerald-ford-foreign-and,38,1976-10-06 17:00:00,The Cold War,Mr. Ford,other/unclear,neutral,I was talking about Mr.,Fixed-rubric classification from the supplied sentence context.,narration,serving_or_contemporary,AI-classified; not human-validated
8d7fbb0964dca9d0090864ba,Jimmy Carter,Gerald Ford,/the-presidency/presidential-speeches/october-6-1976-debate-president-gerald-ford-foreign-and,39,1976-10-06 17:00:00,The Cold War,Mr. Ford,other/unclear,neutral,"We've also seen a very serious problem with the so-called Sonnenfeldt document which, apparently, Mr.",Fixed-rubric classification from the supplied sentence context.,narration,serving_or_contemporary,AI-classified; not human-validated
5f5a255a419786539f45880f,Jimmy Carter,Gerald Ford,/the-presidency/presidential-speeches/october-6-1976-debate-president-gerald-ford-foreign-and,39,1976-10-06 17:00:00,The Cold War,Mr. Ford,historical comparison,neutral,And I would like to see Mr.,Fixed-rubric classification from the supplied sentence context.,narration,serving_or_contemporary,AI-classified; not human-validated
f2f8e21eb40304db0cd7eb95,Jimmy Carter,Gerald Ford,/the-presidency/presidential-speeches/october-6-1976-debate-president-gerald-ford-foreign-and,40,1976-10-06 17:00:00,The Cold War,Mr. Ford,other/unclear,neutral,We also have seen Mr.,Fixed-rubric classification from the supplied sentence context.,narration,serving_or_contemporary,AI-classified; not human-validated
948af8fd3fecf71d70a09d8b,Jimmy Carter,Gerald Ford,/the-presidency/presidential-speeches/october-6-1976-debate-president-gerald-ford-foreign-and,40,1976-10-06 17:00:00,The Cold War,Mr. Ford,other/unclear,neutral,"The Soviet Union, for instance, put pressure on Mr.",Fixed-rubric classification from the supplied sentence context.,narration,serving_or_contemporary,AI-classified; not human-validated
f2a4cea7e1cecdab0b03a80f,Jimmy Carter,Gerald Ford,/the-presidency/presidential-speeches/october-6-1976-debate-president-gerald-ford-foreign-and,41,1976-10-06 17:00:00,The Cold War,Mr. Ford,other/unclear,neutral,The Arabs have put pressure on Mr.,Fixed-rubric classification from the supplied sentence context.,narration,serving_or_contemporary,AI-classified; not human-validated
3aa38bf31dbf9e254bf10855,Jimmy Carter,Gerald Ford,/the-presidency/presidential-speeches/october-6-1976-debate-president-gerald-ford-foreign-and,42,1976-10-06 17:00:00,The Cold War,Mr. Ford,historical comparison,neutral,"And the last thing I'd like to say is this: This grain deal with the Soviet Union in '72 was terrible, and Mr.",Fixed-rubric classification from the supplied sentence context.,narration,serving_or_contemporary,AI-classified; not human-validated
bffee4654330d550b65a385d,Jimmy Carter,Gerald Ford,/the-presidency/presidential-speeches/october-6-1976-debate-president-gerald-ford-foreign-and,50,1976-10-06 17:00:00,The Cold War,President Ford,other/unclear,neutral,President Ford.,Fixed-rubric classification from the supplied sentence context.,narration,serving_or_contemporary,AI-classified; not human-validated
4b4a60f37430710a7af6f9fe,Jimmy Carter,Harry S. Truman,/the-presidency/presidential-speeches/october-6-1976-debate-president-gerald-ford-foreign-and,52,1976-10-06 17:00:00,The Cold War,President Truman,other/unclear,neutral,"The history of our relationship with Iran goes back to the days of President Truman, when he decided that it was vitally necessary for our own security, as well as that of Iran, that we should help that country.",Fixed-rubric classification from the supplied sentence context.,narration,former_president,AI-classified; not human-validated
9989dfea8074d5187d95b7bd,Jimmy Carter,Gerald Ford,/the-presidency/presidential-speeches/october-6-1976-debate-president-gerald-ford-foreign-and,53,1976-10-06 17:00:00,The Cold War,President Ford,other/unclear,neutral,"Valeriani, a question for President Ford.",Fixed-rubric classification from the supplied sentence context.,narration,serving_or_contemporary,AI-classified; not human-validated
4aa44c52ce60d8e9b7c859bc,Jimmy Carter,Gerald Ford,/the-presidency/presidential-speeches/october-6-1976-debate-president-gerald-ford-foreign-and,57,1976-10-06 17:00:00,The Cold War,Mr. Ford,historical comparison,neutral,"I'd like to go back just one moment to the previous question, where Mr.",Fixed-rubric classification from the supplied sentence context.,narration,serving_or_contemporary,AI-classified; not human-validated
65c76a421e6644cc3d01b211,Jimmy Carter,Gerald Ford,/the-presidency/presidential-speeches/october-6-1976-debate-president-gerald-ford-foreign-and,59,1976-10-06 17:00:00,The Cold War,Mr. Ford,other/unclear,positive,We opened up a great opportunity in 1972--which has pretty well been frittered away under Mr.,Fixed-rubric classification from the supplied sentence context.,narration,serving_or_contemporary,AI-classified; not human-validated
077ccf61562546b750b71160,Jimmy Carter,Gerald Ford,/the-presidency/presidential-speeches/october-6-1976-debate-president-gerald-ford-foreign-and,61,1976-10-06 17:00:00,The Cold War,Mr. Ford,other/unclear,neutral,These characteristics of our country have been endangered under Mr.,Fixed-rubric classification from the supplied sentence context.,narration,serving_or_contemporary,AI-classified; not human-validated
4ca573332fd2a7c280d4788f,Jimmy Carter,Richard M. Nixon,/the-presidency/presidential-speeches/october-6-1976-debate-president-gerald-ford-foreign-and,61,1976-10-06 17:00:00,The Cold War,Nixon,other/unclear,negative,The so-called Nixon shocks against Japan have weakened our relationships there.,Fixed-rubric classification from the supplied sentence context.,narration,former_president,AI-classified; not human-validated
6082bf52d9a8b7c24e02b4bd,Jimmy Carter,Gerald Ford,/the-presidency/presidential-speeches/october-6-1976-debate-president-gerald-ford-foreign-and,64,1976-10-06 17:00:00,The Cold War,Gerald Ford,policy inheritance,neutral,"Now, I can't say when this can come, but I can guarantee it will not come if Gerald Ford is reelected and this present policy is continued.",Fixed-rubric classification from the supplied sentence context.,narration,serving_or_contemporary,AI-classified; not human-validated
cc0d6d77c21928c766b72b28,Jimmy Carter,Lyndon B. Johnson,/the-presidency/presidential-speeches/october-6-1976-debate-president-gerald-ford-foreign-and,65,1976-10-06 17:00:00,The Cold War,President Johnson,other/unclear,positive,"If I hear you right, sir, you are saying guns and butter both, but President Johnson also had trouble keeping up both Vietnam and his domestic programs.",Fixed-rubric classification from the supplied sentence context.,narration,former_president,AI-classified; not human-validated
0b8869725b8b16afdfebab17,Jimmy Carter,Lyndon B. Johnson,/the-presidency/presidential-speeches/october-6-1976-debate-president-gerald-ford-foreign-and,66,1976-10-06 17:00:00,The Cold War,President Johnson,other/unclear,neutral,"Let me say very quickly that under President Johnson, in spite of the massive investment in the Vietnam war, he turned over a balanced budget to Mr.",Fixed-rubric classification from the supplied sentence context.,narration,former_president,AI-classified; not human-validated
f5ed6d1938c6adece3f6b4f3,Jimmy Carter,Richard M. Nixon,/the-presidency/presidential-speeches/october-6-1976-debate-president-gerald-ford-foreign-and,66,1976-10-06 17:00:00,The Cold War,Mr. Nixon,other/unclear,neutral,"Let me say very quickly that under President Johnson, in spite of the massive investment in the Vietnam war, he turned over a balanced budget to Mr.",Fixed-rubric classification from the supplied sentence context.,narration,former_president,AI-classified; not human-validated
0d166676e458c702a791a8b6,Jimmy Carter,John F. Kennedy,/the-presidency/presidential-speeches/october-6-1976-debate-president-gerald-ford-foreign-and,66,1976-10-06 17:00:00,The Cold War,Kennedy,institutional precedent,neutral,The inflation rate under Kennedy and Johnson was about 2 percent--out-third what it is under this administration.,Fixed-rubric classification from the supplied sentence context.,narration,former_president,AI-classified; not human-validated
950a3be05b5119d5644cb184,Jimmy Carter,Lyndon B. Johnson,/the-presidency/presidential-speeches/october-6-1976-debate-president-gerald-ford-foreign-and,66,1976-10-06 17:00:00,The Cold War,Johnson,institutional precedent,neutral,The inflation rate under Kennedy and Johnson was about 2 percent--out-third what it is under this administration.,Fixed-rubric classification from the supplied sentence context.,narration,former_president,AI-classified; not human-validated
d96a851780ec7d22988bafcf,Jimmy Carter,Lyndon B. Johnson,/the-presidency/presidential-speeches/october-6-1976-debate-president-gerald-ford-foreign-and,66,1976-10-06 17:00:00,The Cold War,Johnson,other/unclear,neutral,I don't think anybody can say that Johnson and Kennedy neglected the poor and the destitute people in this country or around the world.,Fixed-rubric classification from the supplied sentence context.,narration,former_president,AI-classified; not human-validated
c807b4139c172be246cd2589,Jimmy Carter,Gerald Ford,/the-presidency/presidential-speeches/october-6-1976-debate-president-gerald-ford-foreign-and,68,1976-10-06 17:00:00,The Cold War,President Ford,other/unclear,neutral,President Ford.,Fixed-rubric classification from the supplied sentence context.,narration,serving_or_contemporary,AI-classified; not human-validated
510a68e40b3154f022a552e4,Jimmy Carter,Gerald Ford,/the-presidency/presidential-speeches/october-6-1976-debate-president-gerald-ford-foreign-and,71,1976-10-06 17:00:00,The Cold War,President Ford,other/unclear,neutral,"Trewhitt, a question for President Ford.",Fixed-rubric classification from the supplied sentence context.,narration,serving_or_contemporary,AI-classified; not human-validated
dbddcbd242f5b1f07b5de8ee,Jimmy Carter,Gerald Ford,/the-presidency/presidential-speeches/october-6-1976-debate-president-gerald-ford-foreign-and,78,1976-10-06 17:00:00,The Cold War,Mr. Ford,other/unclear,neutral,"Well, Mr.",Fixed-rubric classification from the supplied sentence context.,narration,serving_or_contemporary,AI-classified; not human-validated
c618bc16ad0ba1e0527ab34c,Jimmy Carter,Gerald Ford,/the-presidency/presidential-speeches/october-6-1976-debate-president-gerald-ford-foreign-and,78,1976-10-06 17:00:00,The Cold War,Mr. Ford,other/unclear,neutral,"Only in the last few days, with the election approaching, has Mr.",Fixed-rubric classification from the supplied sentence context.,narration,serving_or_contemporary,AI-classified; not human-validated
2f7db8b1302381f624bfe6f9,Jimmy Carter,Gerald Ford,/the-presidency/presidential-speeches/october-6-1976-debate-president-gerald-ford-foreign-and,79,1976-10-06 17:00:00,The Cold War,Mr. Ford,other/unclear,neutral,Mr.,Fixed-rubric classification from the supplied sentence context.,narration,serving_or_contemporary,AI-classified; not human-validated
dc4873af78bf9903669bdbfa,Jimmy Carter,Gerald Ford,/the-presidency/presidential-speeches/october-6-1976-debate-president-gerald-ford-foreign-and,79,1976-10-06 17:00:00,The Cold War,Mr. Ford,other/unclear,neutral,Mr.,Fixed-rubric classification from the supplied sentence context.,narration,serving_or_contemporary,AI-classified; not human-validated
41799ac58a797f0842ac4dd6,Jimmy Carter,Gerald Ford,/the-presidency/presidential-speeches/october-6-1976-debate-president-gerald-ford-foreign-and,80,1976-10-06 17:00:00,The Cold War,Mr. Ford,other/unclear,neutral,If we continue under Mr.,Fixed-rubric classification from the supplied sentence context.,narration,serving_or_contemporary,AI-classified; not human-validated
4c4ce952feabe769241b08eb,Jimmy Carter,Gerald Ford,/the-presidency/presidential-speeches/october-6-1976-debate-president-gerald-ford-foreign-and,83,1976-10-06 17:00:00,The Cold War,Mr. Ford,other/unclear,neutral,"And with our economy in such terrible disarray, and getting worse by the month--we have got 500,000 more Americans unemployed today than we had 3 months ago; we have got 2 1/2 million more Americans out of work now than we had when Mr.",Fixed-rubric classification from the supplied sentence context.,narration,serving_or_contemporary,AI-classified; not human-validated
c7d524bc3146977a64a5497d,Jimmy Carter,Gerald Ford,/the-presidency/presidential-speeches/october-6-1976-debate-president-gerald-ford-foreign-and,85,1976-10-06 17:00:00,The Cold War,President Ford,other/unclear,neutral,President Ford.,Fixed-rubric classification from the supplied sentence context.,narration,serving_or_contemporary,AI-classified; not human-validated
49fc9b5e6ac530fdd3dfce9c,Jimmy Carter,Gerald Ford,/the-presidency/presidential-speeches/october-6-1976-debate-president-gerald-ford-foreign-and,87,1976-10-06 17:00:00,The Cold War,President Ford,other/unclear,neutral,"Frankel, a question for President Ford.",Fixed-rubric classification from the supplied sentence context.,narration,serving_or_contemporary,AI-classified; not human-validated
465eadb2a694ef762f389c6c,Jimmy Carter,Richard M. Nixon,/the-presidency/presidential-speeches/october-6-1976-debate-president-gerald-ford-foreign-and,87,1976-10-06 17:00:00,The Cold War,Mr. Nixon,other/unclear,neutral,Mr.,Fixed-rubric classification from the supplied sentence context.,narration,former_president,AI-classified; not human-validated
bd8207c53b7646b7a971b099,Jimmy Carter,Gerald Ford,/the-presidency/presidential-speeches/october-6-1976-debate-president-gerald-ford-foreign-and,96,1976-10-06 17:00:00,The Cold War,Mr. Ford,other/unclear,neutral,I noticed that Mr.,Fixed-rubric classification from the supplied sentence context.,narration,serving_or_contemporary,AI-classified; not human-validated
7d855b22815180555002a334,Jimmy Carter,Gerald Ford,/the-presidency/presidential-speeches/october-6-1976-debate-president-gerald-ford-foreign-and,96,1976-10-06 17:00:00,The Cold War,Mr. Ford,other/unclear,neutral,"Last year, under Mr.",Fixed-rubric classification from the supplied sentence context.,narration,serving_or_contemporary,AI-classified; not human-validated
343028cb2115fb23e148e332,Jimmy Carter,Gerald Ford,/the-presidency/presidential-speeches/october-6-1976-debate-president-gerald-ford-foreign-and,98,1976-10-06 17:00:00,The Cold War,Mr. Ford,other/unclear,neutral,Another thing that concerned me was what Mr.,Fixed-rubric classification from the supplied sentence context.,narration,serving_or_contemporary,AI-classified; not human-validated
ccf88c29c741381e7c10a9e4,Jimmy Carter,Lyndon B. Johnson,/the-presidency/presidential-speeches/october-6-1976-debate-president-gerald-ford-foreign-and,98,1976-10-06 17:00:00,The Cold War,Johnson,other/unclear,neutral,"Ford said about unemployment, that insinuating that under Johnson and Kennedy that unemployment could only be held down when this country is at war.",Fixed-rubric classification from the supplied sentence context.,narration,former_president,AI-classified; not human-validated
23c7813a4ac743a9faa6b136,Jimmy Carter,Gerald Ford,/the-presidency/presidential-speeches/october-6-1976-debate-president-gerald-ford-foreign-and,98,1976-10-06 17:00:00,The Cold War,Mr. Ford,other/unclear,neutral,I don't agree with that statement; I hope Mr.,Fixed-rubric classification from the supplied sentence context.,narration,serving_or_contemporary,AI-classified; not human-validated
ec392ff46eb3065ad655586a,Jimmy Carter,Gerald Ford,/the-presidency/presidential-speeches/october-6-1976-debate-president-gerald-ford-foreign-and,99,1976-10-06 17:00:00,The Cold War,Mr. Ford,institutional precedent,neutral,He has put pressure on the Congress--and I don't believe Mr.,Fixed-rubric classification from the supplied sentence context.,narration,serving_or_contemporary,AI-classified; not human-validated
08aa870972497569eff21b29,Jimmy Carter,Gerald Ford,/the-presidency/presidential-speeches/october-6-1976-debate-president-gerald-ford-foreign-and,99,1976-10-06 17:00:00,The Cold War,Mr. Ford,other/unclear,neutral,We were peaceful when Mr.,Fixed-rubric classification from the supplied sentence context.,narration,serving_or_contemporary,AI-classified; not human-validated
006a427580e28ca4b42e5e1e,Jimmy Carter,Gerald Ford,/the-presidency/presidential-speeches/october-6-1976-debate-president-gerald-ford-foreign-and,101,1976-10-06 17:00:00,The Cold War,Mr. Ford,other/unclear,neutral,"Well, here again, the Panamanian question is one that has been confused by Mr.",Fixed-rubric classification from the supplied sentence context.,narration,serving_or_contemporary,AI-classified; not human-validated
44db5f4ceb77b711d5dbaf10,Jimmy Carter,Ronald Reagan,/the-presidency/presidential-speeches/october-6-1976-debate-president-gerald-ford-foreign-and,101,1976-10-06 17:00:00,The Cold War,Mr. Reagan,other/unclear,neutral,When Mr.,Fixed-rubric classification from the supplied sentence context.,narration,serving_or_contemporary,AI-classified; not human-validated
d2d9655e8f3c5600f6078566,Jimmy Carter,Gerald Ford,/the-presidency/presidential-speeches/october-6-1976-debate-president-gerald-ford-foreign-and,101,1976-10-06 17:00:00,The Cold War,Mr. Ford,other/unclear,neutral,"Reagan raised this question in Florida, Mr.",Fixed-rubric classification from the supplied sentence context.,narration,serving_or_contemporary,AI-classified; not human-validated
944d84eb8bee7e8d5250e58b,Jimmy Carter,Theodore Roosevelt,/the-presidency/presidential-speeches/october-6-1976-debate-president-gerald-ford-foreign-and,102,1976-10-06 17:00:00,The Cold War,Theodore Roosevelt,policy inheritance,neutral,"When the original treaty was signed back in the early 1900's, when Theodore Roosevelt was President, Panama retained sovereignty over the Panama Canal Zone.",Fixed-rubric classification from the supplied sentence context.,narration,former_president,AI-classified; not human-validated
f7e55ca70c92d3f4776d47bf,Jimmy Carter,Gerald Ford,/the-presidency/presidential-speeches/october-6-1976-debate-president-gerald-ford-foreign-and,103,1976-10-06 17:00:00,The Cold War,President Ford,other/unclear,neutral,President Ford.,Fixed-rubric classification from the supplied sentence context.,narration,serving_or_contemporary,AI-classified; not human-validated
6b09a2ad60641141970316c8,Jimmy Carter,Lyndon B. Johnson,/the-presidency/presidential-speeches/october-6-1976-debate-president-gerald-ford-foreign-and,103,1976-10-06 17:00:00,The Cold War,President Johnson,other/unclear,neutral,The negotiations for the Panama Canal started under President Johnson and have continued up to the present time.,Fixed-rubric classification from the supplied sentence context.,narration,former_president,AI-classified; not human-validated
bbf3e4dd3252ac0bdea49c78,Jimmy Carter,Gerald Ford,/the-presidency/presidential-speeches/october-6-1976-debate-president-gerald-ford-foreign-and,104,1976-10-06 17:00:00,The Cold War,President Ford,other/unclear,neutral,"Valeriani, a question for President Ford.",Fixed-rubric classification from the supplied sentence context.,narration,serving_or_contemporary,AI-classified; not human-validated
a043e05baf79e84c7a5077ff,Jimmy Carter,Gerald Ford,/the-presidency/presidential-speeches/october-6-1976-debate-president-gerald-ford-foreign-and,106,1976-10-06 17:00:00,The Cold War,President Ford,other/unclear,neutral,"He was furious, because he told me that it was the action of me, President Ford, that saved the lives of the crew of the Mayaguez.",Fixed-rubric classification from the supplied sentence context.,narration,serving_or_contemporary,AI-classified; not human-validated
a6c302932bd599b891716137,Jimmy Carter,Gerald Ford,/the-presidency/presidential-speeches/october-6-1976-debate-president-gerald-ford-foreign-and,109,1976-10-06 17:00:00,The Cold War,Mr. Ford,other/unclear,neutral,Mr.,Fixed-rubric classification from the supplied sentence context.,narration,serving_or_contemporary,AI-classified; not human-validated
380e2464bd8d861b1d40a554,Jimmy Carter,Gerald Ford,/the-presidency/presidential-speeches/october-6-1976-debate-president-gerald-ford-foreign-and,109,1976-10-06 17:00:00,The Cold War,Mr. Ford,other/unclear,neutral,Mr.,Fixed-rubric classification from the supplied sentence context.,narration,serving_or_contemporary,AI-classified; not human-validated
82906013b83ad38dbce8edb6,Jimmy Carter,Gerald Ford,/the-presidency/presidential-speeches/october-6-1976-debate-president-gerald-ford-foreign-and,110,1976-10-06 17:00:00,The Cold War,Mr. Ford,other/unclear,neutral,The only thing I believe is that whatever the knowledge was that Mr.,Fixed-rubric classification from the supplied sentence context.,narration,serving_or_contemporary,AI-classified; not human-validated
9e3668d8ac44b1514c63e234,Jimmy Carter,Gerald Ford,/the-presidency/presidential-speeches/october-6-1976-debate-president-gerald-ford-foreign-and,113,1976-10-06 17:00:00,The Cold War,Mr. Ford,other/unclear,negative,And I think it is a disgrace that so far Mr.,Fixed-rubric classification from the supplied sentence context.,narration,serving_or_contemporary,AI-classified; not human-validated
e808b4701ad1ffbea5d54fd5,Jimmy Carter,Gerald Ford,/the-presidency/presidential-speeches/october-6-1976-debate-president-gerald-ford-foreign-and,114,1976-10-06 17:00:00,The Cold War,President Ford,other/unclear,neutral,President Ford?,Fixed-rubric classification from the supplied sentence context.,narration,serving_or_contemporary,AI-classified; not human-validated
90d5450f4cde719ea0c9480e,Jimmy Carter,Gerald Ford,/the-presidency/presidential-speeches/october-6-1976-debate-president-gerald-ford-foreign-and,117,1976-10-06 17:00:00,The Cold War,President Ford,other/unclear,neutral,"Trewhitt, a very brief question for President Ford.",Fixed-rubric classification from the supplied sentence context.,narration,serving_or_contemporary,AI-classified; not human-validated
7a5a814f5ebb8d628c8d9791,Jimmy Carter,Gerald Ford,/the-presidency/presidential-speeches/october-6-1976-debate-president-gerald-ford-foreign-and,118,1976-10-06 17:00:00,The Cold War,Mr. Ford,other/unclear,neutral,"So far, Mr.",Fixed-rubric classification from the supplied sentence context.,narration,serving_or_contemporary,AI-classified; not human-validated
b5e696a8e81d848fc6854b27,Jimmy Carter,Gerald Ford,/the-presidency/presidential-speeches/october-6-1976-debate-president-gerald-ford-foreign-and,119,1976-10-06 17:00:00,The Cold War,Mr. Ford,other/unclear,neutral,"So far, Mr.",Fixed-rubric classification from the supplied sentence context.,narration,serving_or_contemporary,AI-classified; not human-validated
1f8c42f7bf16c5561c7c39b6,Jimmy Carter,Gerald Ford,/the-presidency/presidential-speeches/october-6-1976-debate-president-gerald-ford-foreign-and,119,1976-10-06 17:00:00,The Cold War,Mr. Ford,other/unclear,neutral,"We need to have an active and aggressive action on the part of the President, the leader of this country, to seek out every possible way to get that information which has kept the MIA families in despair and doubt, and Mr.",Fixed-rubric classification from the supplied sentence context.,narration,serving_or_contemporary,AI-classified; not human-validated
0dc1eda7d189daf259c52404,Jimmy Carter,Gerald Ford,/the-presidency/presidential-speeches/october-6-1976-debate-president-gerald-ford-foreign-and,125,1976-10-06 17:00:00,The Cold War,President Ford,other/unclear,neutral,President Ford.,Fixed-rubric classification from the supplied sentence context.,narration,serving_or_contemporary,AI-classified; not human-validated
4e43bf3a08a5ae839ff57b04,Jimmy Carter,Gerald Ford,/the-presidency/presidential-speeches/october-6-1976-debate-president-gerald-ford-foreign-and,126,1976-10-06 17:00:00,The Cold War,President Ford,other/unclear,neutral,"Thank you, President Ford.",Fixed-rubric classification from the supplied sentence context.,narration,serving_or_contemporary,AI-classified; not human-validated
ec2b8cd3130f6ed995a76ef9,Jimmy Carter,Gerald Ford,/the-presidency/presidential-speeches/october-6-1976-debate-president-gerald-ford-foreign-and,127,1976-10-06 17:00:00,The Cold War,President Ford,other/unclear,neutral,The third and final debate between President Ford and Governor Carter will take place on October the 22d at 9:30,Fixed-rubric classification from the supplied sentence context.,narration,serving_or_contemporary,AI-classified; not human-validated
1e813c77e8a6bb738b5b272c,Bill Clinton,George H. W. Bush,/the-presidency/presidential-speeches/october-6-1996-presidential-debate-senator-bob-dole,40,1996-10-06 18:00:00,Post-Cold War,President Bush,other/unclear,neutral,You didn't do that with President Bush in 1992.,Fixed-rubric classification from the supplied sentence context.,narration,former_president,AI-classified; not human-validated
c0a9b22c7e45b6686cf262dc,Bill Clinton,Jimmy Carter,/the-presidency/presidential-speeches/october-6-1996-presidential-debate-senator-bob-dole,109,1996-10-06 18:00:00,Post-Cold War,President Carter,ceremonial/biographical,neutral,"It was a tribute after President Carter's election to the National Education Association, who sent a lot of delegates to the Democratic Convention, who give",Fixed-rubric classification from the supplied sentence context.,narration,former_president,AI-classified; not human-validated
bb820532d2a78bf1fda67a99,Bill Clinton,George H. W. Bush,/the-presidency/presidential-speeches/october-6-1996-presidential-debate-senator-bob-dole,149,1996-10-06 18:00:00,Post-Cold War,President Bush,other/unclear,neutral,I said in 1992 he didn't extend that courtesy to President Bush.,Fixed-rubric classification from the supplied sentence context.,narration,former_president,AI-classified; not human-validated
587a1803ce27975a58877917,Bill Clinton,John F. Kennedy,/the-presidency/presidential-speeches/october-6-1996-presidential-debate-senator-bob-dole,160,1996-10-06 18:00:00,Post-Cold War,President Kennedy,other/unclear,neutral,"The government is bigger than it was when President Kennedy was around, even though he says it's not.",Fixed-rubric classification from the supplied sentence context.,narration,former_president,AI-classified; not human-validated
aac654bff0157fdcaae720b3,John F. Kennedy,Richard M. Nixon,/the-presidency/presidential-speeches/october-7-1960-debate-richard-nixon-washington-dc,0,1960-10-07 17:00:00,The Cold War,Richard M. Nixon,contemporary rivalry,neutral,"And here tonight are: the Republican candidate, Vice President Richard M.",Fixed-rubric classification from the supplied sentence context.,narration,serving_or_contemporary,AI-classified; not human-validated
4559ee60fc37676edaf0c135,John F. Kennedy,Richard M. Nixon,/the-presidency/presidential-speeches/october-7-1960-debate-richard-nixon-washington-dc,2,1960-10-07 17:00:00,The Cold War,President Nixon,other/unclear,neutral,Niven and is for Vice President Nixon.,Fixed-rubric classification from the supplied sentence context.,narration,serving_or_contemporary,AI-classified; not human-validated
2dd15bc003d41a7c624f6054,John F. Kennedy,Harry S. Truman,/the-presidency/presidential-speeches/october-7-1960-debate-richard-nixon-washington-dc,3,1960-10-07 17:00:00,The Cold War,Truman,institutional precedent,neutral,Would you compare the validity of that statement with the validity of your own statements in previous campaigns that the Truman Administration was responsible for the loss of China to the Communists?,Fixed-rubric classification from the supplied sentence context.,narration,former_president,AI-classified; not human-validated
bf77b6098fee9763e7ca2f62,John F. Kennedy,Richard M. Nixon,/the-presidency/presidential-speeches/october-7-1960-debate-richard-nixon-washington-dc,3,1960-10-07 17:00:00,The Cold War,MR. NIXON,other/unclear,neutral,MR.,Fixed-rubric classification from the supplied sentence context.,narration,serving_or_contemporary,AI-classified; not human-validated
6d297286a3ec2334e4975a29,John F. Kennedy,Richard M. Nixon,/the-presidency/presidential-speeches/october-7-1960-debate-richard-nixon-washington-dc,7,1960-10-07 17:00:00,The Cold War,Mr. Nixon,policy inheritance,neutral,"Where I've been critical of the Administration's policy, and where I criticized Mr.",Fixed-rubric classification from the supplied sentence context.,narration,serving_or_contemporary,AI-classified; not human-validated
f9a91eb3ec9e317a9d297c32,John F. Kennedy,Richard M. Nixon,/the-presidency/presidential-speeches/october-7-1960-debate-richard-nixon-washington-dc,9,1960-10-07 17:00:00,The Cold War,Mr. Nixon,other/unclear,neutral,In my judgment that statement has been distorted uh - by Mr.,Fixed-rubric classification from the supplied sentence context.,narration,serving_or_contemporary,AI-classified; not human-validated
f31cc1711c6f275bb7f1c5ab,John F. Kennedy,Richard M. Nixon,/the-presidency/presidential-speeches/october-7-1960-debate-richard-nixon-washington-dc,10,1960-10-07 17:00:00,The Cold War,Mr. Nixon,other/unclear,neutral,"And I said that I felt that rather than tell the lie which we told, rather than indicate that the flights would continue - in fact, I believe Mr.",Fixed-rubric classification from the supplied sentence context.,narration,serving_or_contemporary,AI-classified; not human-validated
7db0f5248ce42af41370bc12,John F. Kennedy,Dwight D. Eisenhower,/the-presidency/presidential-speeches/october-7-1960-debate-richard-nixon-washington-dc,10,1960-10-07 17:00:00,The Cold War,Eisenhower,institutional precedent,neutral,The point that is always left out is the fact that we expressed regrets to Castro this winter; that we expressed regrets - the Eisenhower Administration expressed regrets - for a flight over Southern Russia in 1958.,Fixed-rubric classification from the supplied sentence context.,narration,serving_or_contemporary,AI-classified; not human-validated
868b2c166ed2009b5cc2907c,John F. Kennedy,Theodore Roosevelt,/the-presidency/presidential-speeches/october-7-1960-debate-richard-nixon-washington-dc,11,1960-10-07 17:00:00,The Cold War,Theodore Roosevelt,other/unclear,neutral,That is the accepted procedure between nations; and my judgment is that we should follow the advice of Theodore Roosevelt: Be strong; maintain a strong position; but also speak softly.,Fixed-rubric classification from the supplied sentence context.,narration,former_president,AI-classified; not human-validated
d0cca226fcdc2c5aef747ce9,John F. Kennedy,Richard M. Nixon,/the-presidency/presidential-speeches/october-7-1960-debate-richard-nixon-washington-dc,13,1960-10-07 17:00:00,The Cold War,MR. NIXON,other/unclear,neutral,MR.,Fixed-rubric classification from the supplied sentence context.,narration,serving_or_contemporary,AI-classified; not human-validated
f85aba765ca2d55e2f4719b3,John F. Kennedy,Richard M. Nixon,/the-presidency/presidential-speeches/october-7-1960-debate-richard-nixon-washington-dc,16,1960-10-07 17:00:00,The Cold War,President Nixon,other/unclear,neutral,Spivak with a question for Vice President Nixon.,Fixed-rubric classification from the supplied sentence context.,narration,serving_or_contemporary,AI-classified; not human-validated
d6b49a3953c4d92c20535900,John F. Kennedy,Richard M. Nixon,/the-presidency/presidential-speeches/october-7-1960-debate-richard-nixon-washington-dc,17,1960-10-07 17:00:00,The Cold War,MR. NIXON,other/unclear,neutral,MR.,Fixed-rubric classification from the supplied sentence context.,narration,serving_or_contemporary,AI-classified; not human-validated
a5668f6a3212f47f3be9f3cd,John F. Kennedy,Richard M. Nixon,/the-presidency/presidential-speeches/october-7-1960-debate-richard-nixon-washington-dc,21,1960-10-07 17:00:00,The Cold War,Mr. Nixon,other/unclear,neutral,"KENNEDY: Well, Mr.",Fixed-rubric classification from the supplied sentence context.,narration,serving_or_contemporary,AI-classified; not human-validated
3d07ddb1c55c39d36f868d1e,John F. Kennedy,Franklin D. Roosevelt,/the-presidency/presidential-speeches/october-7-1960-debate-richard-nixon-washington-dc,28,1960-10-07 17:00:00,The Cold War,Franklin Roosevelt,other/unclear,neutral,"Unless the president speaks, then of course uh - the country doesn't speak, and Franklin Roosevelt said: ""The pre - uh - the presidency of the United States is above all a place of moral",Fixed-rubric classification from the supplied sentence context.,deliberate_quotation,former_president,AI-classified; not human-validated
b0511b22186220b320005d99,John F. Kennedy,Richard M. Nixon,/the-presidency/presidential-speeches/october-7-1960-debate-richard-nixon-washington-dc,29,1960-10-07 17:00:00,The Cold War,MR. NIXON,other/unclear,neutral,MR.,Fixed-rubric classification from the supplied sentence context.,narration,serving_or_contemporary,AI-classified; not human-validated
5409a1b9b035a7894dc34ad9,John F. Kennedy,Richard M. Nixon,/the-presidency/presidential-speeches/october-7-1960-debate-richard-nixon-washington-dc,32,1960-10-07 17:00:00,The Cold War,President Nixon,other/unclear,neutral,Morgan with a question for Vice President Nixon.,Fixed-rubric classification from the supplied sentence context.,narration,serving_or_contemporary,AI-classified; not human-validated
f164bb78fc11858ff3fa132c,John F. Kennedy,Richard M. Nixon,/the-presidency/presidential-speeches/october-7-1960-debate-richard-nixon-washington-dc,33,1960-10-07 17:00:00,The Cold War,MR. NIXON,other/unclear,neutral,MR.,Fixed-rubric classification from the supplied sentence context.,narration,serving_or_contemporary,AI-classified; not human-validated
3973280b28d4e7f535f3f4aa,John F. Kennedy,Dwight D. Eisenhower,/the-presidency/presidential-speeches/october-7-1960-debate-richard-nixon-washington-dc,33,1960-10-07 17:00:00,The Cold War,President Eisenhower,historical comparison,neutral,"I would suggest that after Premier Kush- Khrushchev's uh - performance in the United Nations, compared with President Eisenhower's eloquent speech, that at the present time Communist prestige in the world is at an all-time low and American prestige is at an all-time high.",Fixed-rubric classification from the supplied sentence context.,narration,serving_or_contemporary,AI-classified; not human-validated
9d8a064de27e50b9dedd168f,John F. Kennedy,Richard M. Nixon,/the-presidency/presidential-speeches/october-7-1960-debate-richard-nixon-washington-dc,37,1960-10-07 17:00:00,The Cold War,Mr. Nixon,other/unclear,neutral,KENNEDY: Of course Mr.,Fixed-rubric classification from the supplied sentence context.,narration,serving_or_contemporary,AI-classified; not human-validated
62bc2c6e344dbea6e16b09d8,John F. Kennedy,Richard M. Nixon,/the-presidency/presidential-speeches/october-7-1960-debate-richard-nixon-washington-dc,45,1960-10-07 17:00:00,The Cold War,MR. NIXON,other/unclear,neutral,MR.,Fixed-rubric classification from the supplied sentence context.,narration,serving_or_contemporary,AI-classified; not human-validated
61af61eaa4ea274516ad159f,John F. Kennedy,Richard M. Nixon,/the-presidency/presidential-speeches/october-7-1960-debate-richard-nixon-washington-dc,48,1960-10-07 17:00:00,The Cold War,President Nixon,other/unclear,neutral,Levy with a question for Vice President Nixon.,Fixed-rubric classification from the supplied sentence context.,narration,serving_or_contemporary,AI-classified; not human-validated
32decdd3a4011b5fcbc6be7b,John F. Kennedy,Richard M. Nixon,/the-presidency/presidential-speeches/october-7-1960-debate-richard-nixon-washington-dc,49,1960-10-07 17:00:00,The Cold War,MR. NIXON,other/unclear,neutral,MR.,Fixed-rubric classification from the supplied sentence context.,narration,serving_or_contemporary,AI-classified; not human-validated
f560a5cc30a82cfe1ce8efa5,John F. Kennedy,Richard M. Nixon,/the-presidency/presidential-speeches/october-7-1960-debate-richard-nixon-washington-dc,53,1960-10-07 17:00:00,The Cold War,Mr. Nixon,other/unclear,neutral,KENNEDY: Well Mr.,Fixed-rubric classification from the supplied sentence context.,narration,serving_or_contemporary,AI-classified; not human-validated
f25eca4512aa9c830794adec,John F. Kennedy,Richard M. Nixon,/the-presidency/presidential-speeches/october-7-1960-debate-richard-nixon-washington-dc,53,1960-10-07 17:00:00,The Cold War,Mr. Nixon,other/unclear,neutral,Let me make it very clear that the bill that Mr.,Fixed-rubric classification from the supplied sentence context.,narration,serving_or_contemporary,AI-classified; not human-validated
f83835c9b4b4be15709aa9e6,John F. Kennedy,Richard M. Nixon,/the-presidency/presidential-speeches/october-7-1960-debate-richard-nixon-washington-dc,54,1960-10-07 17:00:00,The Cold War,Mr. Nixon,institutional precedent,neutral,I cannot still understand why this Administration and Mr.,Fixed-rubric classification from the supplied sentence context.,narration,serving_or_contemporary,AI-classified; not human-validated
bcca841ff13220ee89fea78f,John F. Kennedy,Dwight D. Eisenhower,/the-presidency/presidential-speeches/october-7-1960-debate-richard-nixon-washington-dc,56,1960-10-07 17:00:00,The Cold War,President Eisenhower,contemporary rivalry,neutral,"NIVEN: Senator, while the main theme of your campaign has been this decline of American power and prestige in the last eight years, you've hardly criticized President Eisenhower at all.",Fixed-rubric classification from the supplied sentence context.,narration,serving_or_contemporary,AI-classified; not human-validated
5833c701c4506ab976371753,John F. Kennedy,Dwight D. Eisenhower,/the-presidency/presidential-speeches/october-7-1960-debate-richard-nixon-washington-dc,56,1960-10-07 17:00:00,The Cold War,Mr. Eisenhower,other/unclear,neutral,Now isn't Mr.,Fixed-rubric classification from the supplied sentence context.,narration,serving_or_contemporary,AI-classified; not human-validated
5c53eee64dfa74d7b2859d1c,John F. Kennedy,Richard M. Nixon,/the-presidency/presidential-speeches/october-7-1960-debate-richard-nixon-washington-dc,56,1960-10-07 17:00:00,The Cold War,Mr. Nixon,other/unclear,neutral,Eisenhower and not Mr.,Fixed-rubric classification from the supplied sentence context.,narration,serving_or_contemporary,AI-classified; not human-validated
7d4a517d96b45ed4b7d61291,John F. Kennedy,Dwight D. Eisenhower,/the-presidency/presidential-speeches/october-7-1960-debate-richard-nixon-washington-dc,57,1960-10-07 17:00:00,The Cold War,Eisenhower,institutional precedent,neutral,KENNEDY: Well I understood that this was the Eisenhower-Nixon Administration according to all the Republican uh - propaganda that I've read.,Fixed-rubric classification from the supplied sentence context.,narration,serving_or_contemporary,AI-classified; not human-validated
7aaffa2680e13b81964caf3f,John F. Kennedy,Richard M. Nixon,/the-presidency/presidential-speeches/october-7-1960-debate-richard-nixon-washington-dc,57,1960-10-07 17:00:00,The Cold War,Nixon,institutional precedent,neutral,KENNEDY: Well I understood that this was the Eisenhower-Nixon Administration according to all the Republican uh - propaganda that I've read.,Fixed-rubric classification from the supplied sentence context.,narration,serving_or_contemporary,AI-classified; not human-validated
ddd1ce0fc28c88f352ff6d05,John F. Kennedy,Richard M. Nixon,/the-presidency/presidential-speeches/october-7-1960-debate-richard-nixon-washington-dc,57,1960-10-07 17:00:00,The Cold War,Mr. Nixon,other/unclear,neutral,In fact uh - Mr.,Fixed-rubric classification from the supplied sentence context.,narration,serving_or_contemporary,AI-classified; not human-validated
fa7a3210a8f57322fd9227fe,John F. Kennedy,Richard M. Nixon,/the-presidency/presidential-speeches/october-7-1960-debate-richard-nixon-washington-dc,57,1960-10-07 17:00:00,The Cold War,Mr. Nixon,other/unclear,neutral,Now that's an issue between Mr.,Fixed-rubric classification from the supplied sentence context.,narration,serving_or_contemporary,AI-classified; not human-validated
9637a0eb760a3a07d14dad38,John F. Kennedy,Richard M. Nixon,/the-presidency/presidential-speeches/october-7-1960-debate-richard-nixon-washington-dc,58,1960-10-07 17:00:00,The Cold War,Mr. Nixon,other/unclear,neutral,"And I believe the American people have to make the choice on November eighth between the view of whether we have to move ahead faster, whether what we're doing now is not satisfactory, whether we have to build greater strength at home and abroad and Mr.",Fixed-rubric classification from the supplied sentence context.,narration,serving_or_contemporary,AI-classified; not human-validated
49911b4ae4dada3699cfe69e,John F. Kennedy,Dwight D. Eisenhower,/the-presidency/presidential-speeches/october-7-1960-debate-richard-nixon-washington-dc,58,1960-10-07 17:00:00,The Cold War,President Eisenhower,other/unclear,neutral,President Eisenhower moves from the scene on January twentieth and the next four years are the critical years.,Fixed-rubric classification from the supplied sentence context.,narration,serving_or_contemporary,AI-classified; not human-validated
7cc4686d05263cd3d080e7e5,John F. Kennedy,Richard M. Nixon,/the-presidency/presidential-speeches/october-7-1960-debate-richard-nixon-washington-dc,58,1960-10-07 17:00:00,The Cold War,Mr. Nixon,other/unclear,neutral,That's the argument between Mr.,Fixed-rubric classification from the supplied sentence context.,narration,serving_or_contemporary,AI-classified; not human-validated
325df02f2884332ec7644d69,John F. Kennedy,Richard M. Nixon,/the-presidency/presidential-speeches/october-7-1960-debate-richard-nixon-washington-dc,60,1960-10-07 17:00:00,The Cold War,Mr. Nixon,other/unclear,neutral,Mr.,Fixed-rubric classification from the supplied sentence context.,narration,serving_or_contemporary,AI-classified; not human-validated
b4c6a1c9701af17c710be356,John F. Kennedy,Richard M. Nixon,/the-presidency/presidential-speeches/october-7-1960-debate-richard-nixon-washington-dc,61,1960-10-07 17:00:00,The Cold War,MR. NIXON,other/unclear,neutral,MR.,Fixed-rubric classification from the supplied sentence context.,narration,serving_or_contemporary,AI-classified; not human-validated
b0e5ac500983128d39aeaf58,John F. Kennedy,Harry S. Truman,/the-presidency/presidential-speeches/october-7-1960-debate-richard-nixon-washington-dc,62,1960-10-07 17:00:00,The Cold War,Truman,legacy/inheritance,neutral,"I submit to you that as you look at his programs, his program for example with regard to the Federal Reserve and uh - free money or loose money uh - high - low interest rates, his program in the economic field generally are the programs that were adopted and tried during the Truman Administration.",Fixed-rubric classification from the supplied sentence context.,narration,former_president,AI-classified; not human-validated
72c70b01015979a4802f30ab,John F. Kennedy,Harry S. Truman,/the-presidency/presidential-speeches/october-7-1960-debate-richard-nixon-washington-dc,62,1960-10-07 17:00:00,The Cold War,Truman,institutional precedent,positive,"And when we compare the economic progress of this country in the Truman Administration with that of the Eisenhower Administration, we find that in every index there has been a tr- great deal more performance and more progress in this Administration than in that one.",Fixed-rubric classification from the supplied sentence context.,narration,former_president,AI-classified; not human-validated
77774d5449626a32093e53e5,John F. Kennedy,Dwight D. Eisenhower,/the-presidency/presidential-speeches/october-7-1960-debate-richard-nixon-washington-dc,62,1960-10-07 17:00:00,The Cold War,Eisenhower,institutional precedent,positive,"And when we compare the economic progress of this country in the Truman Administration with that of the Eisenhower Administration, we find that in every index there has been a tr- great deal more performance and more progress in this Administration than in that one.",Fixed-rubric classification from the supplied sentence context.,narration,serving_or_contemporary,AI-classified; not human-validated
176e5bda444441d3a0a6c5e3,John F. Kennedy,Theodore Roosevelt,/the-presidency/presidential-speeches/october-7-1960-debate-richard-nixon-washington-dc,62,1960-10-07 17:00:00,The Cold War,tr,institutional precedent,positive,"And when we compare the economic progress of this country in the Truman Administration with that of the Eisenhower Administration, we find that in every index there has been a tr- great deal more performance and more progress in this Administration than in that one.",Fixed-rubric classification from the supplied sentence context.,narration,former_president,AI-classified; not human-validated
fd5099832f5d3a5af5545604,John F. Kennedy,Richard M. Nixon,/the-presidency/presidential-speeches/october-7-1960-debate-richard-nixon-washington-dc,64,1960-10-07 17:00:00,The Cold War,President Nixon,other/unclear,neutral,Spivak with a question for Vice President Nixon.,Fixed-rubric classification from the supplied sentence context.,narration,serving_or_contemporary,AI-classified; not human-validated
1338dfed8d0da364dda6e46b,John F. Kennedy,Richard M. Nixon,/the-presidency/presidential-speeches/october-7-1960-debate-richard-nixon-washington-dc,65,1960-10-07 17:00:00,The Cold War,MR. NIXON,other/unclear,neutral,MR.,Fixed-rubric classification from the supplied sentence context.,narration,serving_or_contemporary,AI-classified; not human-validated
0ff5c1a92744988921b8b82a,John F. Kennedy,Richard M. Nixon,/the-presidency/presidential-speeches/october-7-1960-debate-richard-nixon-washington-dc,69,1960-10-07 17:00:00,The Cold War,Mr. Nixon,other/unclear,neutral,"On the question of the summit, I agree with the position of Mr.",Fixed-rubric classification from the supplied sentence context.,narration,serving_or_contemporary,AI-classified; not human-validated
d5fd78d441edf7d1f0c7c5a2,John F. Kennedy,Richard M. Nixon,/the-presidency/presidential-speeches/october-7-1960-debate-richard-nixon-washington-dc,75,1960-10-07 17:00:00,The Cold War,MR. NIXON,other/unclear,neutral,MR.,Fixed-rubric classification from the supplied sentence context.,narration,serving_or_contemporary,AI-classified; not human-validated
64d15e8c98ac0029fa363a8e,John F. Kennedy,Richard M. Nixon,/the-presidency/presidential-speeches/october-7-1960-debate-richard-nixon-washington-dc,78,1960-10-07 17:00:00,The Cold War,President Nixon,other/unclear,neutral,Niven with a question for Vice President Nixon.,Fixed-rubric classification from the supplied sentence context.,narration,serving_or_contemporary,AI-classified; not human-validated
58d1347f4d4cf5fc985e9fbb,John F. Kennedy,Richard M. Nixon,/the-presidency/presidential-speeches/october-7-1960-debate-richard-nixon-washington-dc,79,1960-10-07 17:00:00,The Cold War,MR. NIXON,other/unclear,neutral,MR.,Fixed-rubric classification from the supplied sentence context.,narration,serving_or_contemporary,AI-classified; not human-validated
daac5d2d8098d3f9fd11e348,John F. Kennedy,Harry S. Truman,/the-presidency/presidential-speeches/october-7-1960-debate-richard-nixon-washington-dc,79,1960-10-07 17:00:00,The Cold War,Truman,institutional precedent,neutral,"In the Truman Administration, six hundred million people went behind the Iron Curtain including the satellite countries of Eastern Europe and Communist China.",Fixed-rubric classification from the supplied sentence context.,narration,former_president,AI-classified; not human-validated
82cf2c9bd59d25bdda39d2c7,John F. Kennedy,Harry S. Truman,/the-presidency/presidential-speeches/october-7-1960-debate-richard-nixon-washington-dc,81,1960-10-07 17:00:00,The Cold War,Truman,institutional precedent,neutral,"Now, there are people who go to bed hungry in the United States - far less, incidentally, than used to go to bed hungry when we came into power at the end of the Truman Administration.",Fixed-rubric classification from the supplied sentence context.,narration,former_president,AI-classified; not human-validated
d0c079ad871878356d7a062e,John F. Kennedy,Richard M. Nixon,/the-presidency/presidential-speeches/october-7-1960-debate-richard-nixon-washington-dc,83,1960-10-07 17:00:00,The Cold War,Mr. Nixon,other/unclear,neutral,"KENNEDY: Well, Mr.",Fixed-rubric classification from the supplied sentence context.,narration,serving_or_contemporary,AI-classified; not human-validated
36878849cc8296db6f266b29,John F. Kennedy,Richard M. Nixon,/the-presidency/presidential-speeches/october-7-1960-debate-richard-nixon-washington-dc,84,1960-10-07 17:00:00,The Cold War,Mr. Nixon,other/unclear,neutral,"Secondly, Mr.",Fixed-rubric classification from the supplied sentence context.,narration,serving_or_contemporary,AI-classified; not human-validated
c03a8c6eb1f6c8df7fce1099,John F. Kennedy,Dwight D. Eisenhower,/the-presidency/presidential-speeches/october-7-1960-debate-richard-nixon-washington-dc,90,1960-10-07 17:00:00,The Cold War,Eisenhower,other/unclear,neutral,"And as long as they are not essential to the defense of Formosa, it's been my judgment ever since 1954, at the time of the Eisenhower Doctrine for the Far East, that our line should be drawn in the sea around the island itself.",Fixed-rubric classification from the supplied sentence context.,narration,serving_or_contemporary,AI-classified; not human-validated
59ac53922064b1a86eff9031,John F. Kennedy,Richard M. Nixon,/the-presidency/presidential-speeches/october-7-1960-debate-richard-nixon-washington-dc,91,1960-10-07 17:00:00,The Cold War,MR. NIXON,other/unclear,neutral,MR.,Fixed-rubric classification from the supplied sentence context.,narration,serving_or_contemporary,AI-classified; not human-validated
8f4ecd59a359ebc877b8340e,John F. Kennedy,Richard M. Nixon,/the-presidency/presidential-speeches/october-7-1960-debate-richard-nixon-washington-dc,93,1960-10-07 17:00:00,The Cold War,President Nixon,other/unclear,neutral,Levy has a question for Vice President Nixon.,Fixed-rubric classification from the supplied sentence context.,narration,serving_or_contemporary,AI-classified; not human-validated
a85a7a66ca863d9528ef6073,John F. Kennedy,Richard M. Nixon,/the-presidency/presidential-speeches/october-7-1960-debate-richard-nixon-washington-dc,94,1960-10-07 17:00:00,The Cold War,MR. NIXON,other/unclear,neutral,MR.,Fixed-rubric classification from the supplied sentence context.,narration,serving_or_contemporary,AI-classified; not human-validated
daa7aad29633ffd74ff583af,John F. Kennedy,Abraham Lincoln,/the-presidency/presidential-speeches/october-7-1960-debate-richard-nixon-washington-dc,97,1960-10-07 17:00:00,The Cold War,Abraham Lincoln,other/unclear,positive,Abraham Lincoln was a great president of all the people; but he was selected by his party at a key time in history because his party stood for something.,Fixed-rubric classification from the supplied sentence context.,narration,former_president,AI-classified; not human-validated
4cc2661ab65aa3460752a828,John F. Kennedy,Franklin D. Roosevelt,/the-presidency/presidential-speeches/october-7-1960-debate-richard-nixon-washington-dc,97,1960-10-07 17:00:00,The Cold War,President Roosevelt,policy inheritance,neutral,"It has stood for a strong foreign policy and a strong national defense, and as a result, produced Wilson, President Roosevelt, and President Truman.",Fixed-rubric classification from the supplied sentence context.,narration,former_president,AI-classified; not human-validated
db7e40a9679a8c9c4830106b,John F. Kennedy,Harry S. Truman,/the-presidency/presidential-speeches/october-7-1960-debate-richard-nixon-washington-dc,97,1960-10-07 17:00:00,The Cold War,President Truman,policy inheritance,neutral,"It has stood for a strong foreign policy and a strong national defense, and as a result, produced Wilson, President Roosevelt, and President Truman.",Fixed-rubric classification from the supplied sentence context.,narration,former_president,AI-classified; not human-validated
1841139f949bd02d2971c678,John F. Kennedy,William McKinley,/the-presidency/presidential-speeches/october-7-1960-debate-richard-nixon-washington-dc,97,1960-10-07 17:00:00,The Cold War,McKinley,other/unclear,neutral,"The Republican party has produced McKinley and Harding, Coolidge, Dewey, and Landon.",Fixed-rubric classification from the supplied sentence context.,narration,former_president,AI-classified; not human-validated
ba188f110776d10428cb29a8,John F. Kennedy,Warren G. Harding,/the-presidency/presidential-speeches/october-7-1960-debate-richard-nixon-washington-dc,97,1960-10-07 17:00:00,The Cold War,Harding,other/unclear,neutral,"The Republican party has produced McKinley and Harding, Coolidge, Dewey, and Landon.",Fixed-rubric classification from the supplied sentence context.,narration,former_president,AI-classified; not human-validated
63ed498d26388f9db9063fba,John F. Kennedy,Calvin Coolidge,/the-presidency/presidential-speeches/october-7-1960-debate-richard-nixon-washington-dc,97,1960-10-07 17:00:00,The Cold War,Coolidge,other/unclear,neutral,"The Republican party has produced McKinley and Harding, Coolidge, Dewey, and Landon.",Fixed-rubric classification from the supplied sentence context.,narration,former_president,AI-classified; not human-validated
252a0081d1e51ebe2e848f3a,John F. Kennedy,Richard M. Nixon,/the-presidency/presidential-speeches/october-7-1960-debate-richard-nixon-washington-dc,98,1960-10-07 17:00:00,The Cold War,Richard Nixon,other/unclear,neutral,Neither the questions from the reporters nor the answers you heard from Senator John Kennedy or Vice President Richard Nixon were rehearsed.,Fixed-rubric classification from the supplied sentence context.,narration,serving_or_contemporary,AI-classified; not human-validated
96d29e2acda7e9405be85b98,Ronald Reagan,Jimmy Carter,/the-presidency/presidential-speeches/october-7-1984-debate-walter-mondale-domestic-issues,11,1984-10-07 17:00:00,The Cold War,President Carter,institutional precedent,neutral,"Mondale, the Carter-Mondale administration didn't come close to balancing the budget in its 4 years in office either, despite the fact that President Carter did promise a balanced budget during his term.",Fixed-rubric classification from the supplied sentence context.,narration,former_president,AI-classified; not human-validated
902e3b70a61bb710ff6cbd4f,Ronald Reagan,George W. Bush,/the-presidency/presidential-speeches/october-7-1984-debate-walter-mondale-domestic-issues,21,1984-10-07 17:00:00,The Cold War,President Bush,other/unclear,mixed,"Mondale's leadership would take the country down the path of defeatism and despair, and Vice President Bush has called him whining and hoping for bad news.",Fixed-rubric classification from the supplied sentence context.,narration,not_yet_president,AI-classified; not human-validated
5a6a0fdf05ea6a0c87149a3f,Ronald Reagan,George W. Bush,/the-presidency/presidential-speeches/october-7-1984-debate-walter-mondale-domestic-issues,27,1984-10-07 17:00:00,The Cold War,President Bush,other/unclear,neutral,"First, do you think, as Vice President Bush said, that Mr.",Fixed-rubric classification from the supplied sentence context.,narration,not_yet_president,AI-classified; not human-validated
7e92c9d31352397a2351c045,Ronald Reagan,Richard M. Nixon,/the-presidency/presidential-speeches/october-7-1984-debate-walter-mondale-domestic-issues,39,1984-10-07 17:00:00,The Cold War,President Nixon,other/unclear,neutral,"President, why don't you attend services regularly, either by going to church or by inviting a minister to the White House, as President Nixon used to do, or someone to Camp David, as President Carter used to do?",Fixed-rubric classification from the supplied sentence context.,narration,former_president,AI-classified; not human-validated
b236c8f15ca3b9bbd2a9229f,Ronald Reagan,Jimmy Carter,/the-presidency/presidential-speeches/october-7-1984-debate-walter-mondale-domestic-issues,39,1984-10-07 17:00:00,The Cold War,President Carter,other/unclear,neutral,"President, why don't you attend services regularly, either by going to church or by inviting a minister to the White House, as President Nixon used to do, or someone to Camp David, as President Carter used to do?",Fixed-rubric classification from the supplied sentence context.,narration,former_president,AI-classified; not human-validated
1f1d80419f9899bdc6136358,Ronald Reagan,John F. Kennedy,/the-presidency/presidential-speeches/october-7-1984-debate-walter-mondale-domestic-issues,65,1984-10-07 17:00:00,The Cold War,John F. Kennedy,other/unclear,neutral,The year that he decided we had lost our way was the year that John F.,Fixed-rubric classification from the supplied sentence context.,narration,former_president,AI-classified; not human-validated
f15bf80a8e51dd26ce9ef0de,Ronald Reagan,Richard M. Nixon,/the-presidency/presidential-speeches/october-7-1984-debate-walter-mondale-domestic-issues,65,1984-10-07 17:00:00,The Cold War,Richard Nixon,other/unclear,neutral,Kennedy was running against Richard Nixon.,Fixed-rubric classification from the supplied sentence context.,narration,former_president,AI-classified; not human-validated
979f3ec778b5b6acf39b8aab,Ronald Reagan,Richard M. Nixon,/the-presidency/presidential-speeches/october-7-1984-debate-walter-mondale-domestic-issues,65,1984-10-07 17:00:00,The Cold War,Nixon,other/unclear,mixed,"Ms. Walters. Well, you'll have a chance when your rebuttal time comes up, perhaps, Mr. President. Mr. Mondale, now it's your turn for rebuttal. Mr. Mondale. The President says that when the Democratic Party made its turn, he left it. The year that he decided we had lost our way was the year that John F. Kennedy was running against Richard Nixon. I was chairman of ""Minnesotans for Kennedy;"" President Reagan was chairman of a thing called ""Democrats for Nixon."" Now, maybe we made a wrong turn with Kennedy, but I'll be proud of supporting him all of my life. And I'm very happy that John Kennedy was elected, because John Kennedy looked at the future with courage, saw what needed to be done, and understood his own government.",Fixed-rubric classification from the supplied sentence context.,deliberate_quotation,former_president,AI-classified; not human-validated
58c4e096ed06f77674451403,Ronald Reagan,John F. Kennedy,/the-presidency/presidential-speeches/october-7-1984-debate-walter-mondale-domestic-issues,65,1984-10-07 17:00:00,The Cold War,John Kennedy,other/unclear,positive,"And I'm very happy that John Kennedy was elected, because John Kennedy looked at the future with courage, saw what needed to be done, and understood his own government.",Fixed-rubric classification from the supplied sentence context.,narration,former_president,AI-classified; not human-validated
97b155562fd9f01140c4d91b,Ronald Reagan,John F. Kennedy,/the-presidency/presidential-speeches/october-7-1984-debate-walter-mondale-domestic-issues,65,1984-10-07 17:00:00,The Cold War,John Kennedy,other/unclear,positive,"And I'm very happy that John Kennedy was elected, because John Kennedy looked at the future with courage, saw what needed to be done, and understood his own government.",Fixed-rubric classification from the supplied sentence context.,narration,former_president,AI-classified; not human-validated
70081f3a3fb026d583c6b92a,Ronald Reagan,Dwight D. Eisenhower,/the-presidency/presidential-speeches/october-7-1984-debate-walter-mondale-domestic-issues,67,1984-10-07 17:00:00,The Cold War,Eisenhower,other/unclear,neutral,"Before I campaigned as a Democrat for a Republican candidate for President, I had already voted for Dwight Eisenhower to be President of the United States.",Fixed-rubric classification from the supplied sentence context.,narration,former_president,AI-classified; not human-validated
38686ca6a898fe44506f9578,Ronald Reagan,George W. Bush,/the-presidency/presidential-speeches/october-7-1984-debate-walter-mondale-domestic-issues,91,1984-10-07 17:00:00,The Cold War,President Bush,policy inheritance,neutral,"Well, the other day, Vice President Bush disclosed his tax returns to the American people.",Fixed-rubric classification from the supplied sentence context.,narration,not_yet_president,AI-classified; not human-validated
6e3edbc1eb2ba88d73251cf5,Ronald Reagan,George W. Bush,/the-presidency/presidential-speeches/october-7-1984-debate-walter-mondale-domestic-issues,101,1984-10-07 17:00:00,The Cold War,Mr. Bush,other/unclear,neutral,With regard to assailing Mr.,Fixed-rubric classification from the supplied sentence context.,narration,not_yet_president,AI-classified; not human-validated
4a6ce7ecf9f01e290fd87756,Ronald Reagan,Jimmy Carter,/the-presidency/presidential-speeches/october-7-1984-debate-walter-mondale-domestic-issues,103,1984-10-07 17:00:00,The Cold War,President Carter,policy inheritance,neutral,"You said it when President Carter said that you were going to cut Medicare, and you said, ""Oh, no, there you go again, Mr.",Fixed-rubric classification from the supplied sentence context.,deliberate_quotation,former_president,AI-classified; not human-validated
ed38e7efa0aa6546d28d988d,Ronald Reagan,George W. Bush,/the-presidency/presidential-speeches/october-7-1984-debate-walter-mondale-domestic-issues,150,1984-10-07 17:00:00,The Cold War,President Bush,other/unclear,positive,"America is a fair society, and it is not right that Vice President Bush pays less in taxes than the janitor who helps him.",Fixed-rubric classification from the supplied sentence context.,narration,not_yet_president,AI-classified; not human-validated
8a6fb5a40068a1e3340794a8,Ronald Reagan,John F. Kennedy,/the-presidency/presidential-speeches/october-7-1984-debate-walter-mondale-domestic-issues,152,1984-10-07 17:00:00,The Cold War,President Kennedy,other/unclear,positive,"President Kennedy once said in response to similar arguments, ""We are great, but we can be",Fixed-rubric classification from the supplied sentence context.,deliberate_quotation,former_president,AI-classified; not human-validated
f0ec465b50d90fa8182bdb27,Ronald Reagan,George H. W. Bush,/the-presidency/presidential-speeches/october-7-1984-debate-walter-mondale-domestic-issues,153,1984-10-07 17:00:00,The Cold War,George Bush,other/unclear,neutral,"eastern daylight time, the Vice President, George Bush, will debate Congresswoman Geraldine Ferraro in Philadelphia.",Fixed-rubric classification from the supplied sentence context.,narration,not_yet_president,AI-classified; not human-validated
32adbf99a9f1338bca66be7f,Gerald Ford,Franklin D. Roosevelt,/the-presidency/presidential-speeches/october-8-1974-whip-inflation-now-speech,0,1974-10-08 17:00:00,The Cold War,Franklin D. Roosevelt,other/unclear,neutral,"President, distinguished guests, my very dear friends: In his first inaugural address, President Franklin D.",Fixed-rubric classification from the supplied sentence context.,narration,former_president,AI-classified; not human-validated
50a71332706a8ab0b3097e2e,Gerald Ford,Franklin D. Roosevelt,/the-presidency/presidential-speeches/october-8-1974-whip-inflation-now-speech,1,1974-10-08 17:00:00,The Cold War,FDR,institutional precedent,neutral,The 73d Congress responded to FDR's appeal in five days.,Fixed-rubric classification from the supplied sentence context.,narration,former_president,AI-classified; not human-validated
3ff0dbe12762e9b14736b0fe,Lyndon B. Johnson,Harry S. Truman,/the-presidency/presidential-speeches/october-9-1964-speech-jung-hotel-new-orleans,13,1964-10-09 17:00:00,The Cold War,Truman,policy inheritance,neutral,In the Truman doctrine and the Marshall plan of 1948 we made ourcommitment against the spread of communism and for the strength of freedomthroughout the world.,Fixed-rubric classification from the supplied sentence context.,narration,former_president,AI-classified; not human-validated
9ac45e01ab3e1a7176bd8ed3,Lyndon B. Johnson,Harry S. Truman,/the-presidency/presidential-speeches/october-9-1964-speech-jung-hotel-new-orleans,45,1964-10-09 17:00:00,The Cold War,Truman,other/unclear,neutral,"I told you about the support that Vandenberg gave Truman inGreece and Turkey, about the support that I gave Eisenhower, Republican andDemocrat, about the support that President Kennedy received in the Cubanmissile crisis.",Fixed-rubric classification from the supplied sentence context.,narration,former_president,AI-classified; not human-validated
fbee4587e7101b6ea5a3ef73,Lyndon B. Johnson,Dwight D. Eisenhower,/the-presidency/presidential-speeches/october-9-1964-speech-jung-hotel-new-orleans,45,1964-10-09 17:00:00,The Cold War,Eisenhower,other/unclear,neutral,"I told you about the support that Vandenberg gave Truman inGreece and Turkey, about the support that I gave Eisenhower, Republican andDemocrat, about the support that President Kennedy received in the Cubanmissile crisis.",Fixed-rubric classification from the supplied sentence context.,narration,former_president,AI-classified; not human-validated
a1b54a6336d6ba7f06fcba6f,Lyndon B. Johnson,John F. Kennedy,/the-presidency/presidential-speeches/october-9-1964-speech-jung-hotel-new-orleans,45,1964-10-09 17:00:00,The Cold War,President Kennedy,other/unclear,neutral,"I told you about the support that Vandenberg gave Truman inGreece and Turkey, about the support that I gave Eisenhower, Republican andDemocrat, about the support that President Kennedy received in the Cubanmissile crisis.",Fixed-rubric classification from the supplied sentence context.,narration,former_president,AI-classified; not human-validated
3665c1629a7a0e014bc4d9a1,James Madison,James Monroe,/the-presidency/presidential-speeches/september-1-1814-proclamation-upon-british-depredations,5,1814-09-01 17:59:58,The founding,JAMES MONROE,other/unclear,neutral,"By the President: JAMES MONROE, Secretary of State.",Fixed-rubric classification from the supplied sentence context.,narration,not_yet_president,AI-classified; not human-validated
41b9494344c5a58e04414fa0,Harry S. Truman,Franklin D. Roosevelt,/the-presidency/presidential-speeches/september-1-1945-announcing-surrender-japan,4,1945-09-01 19:00:00,War & New Deal,Franklin D. Roosevelt,other/unclear,neutral,"We think of our departed gallant leader, Franklin D.",Fixed-rubric classification from the supplied sentence context.,narration,former_president,AI-classified; not human-validated
5956866f385842d0b294f2b8,Joe Biden,Donald Trump,/the-presidency/presidential-speeches/september-1-2022-remarks-continued-battle-soul-nation,2,2022-09-02 00:00:00,The present era,Donald Trump,other/unclear,neutral,Donald Trump and the MAGA Republicans represent an extremism that threatens the very foundations of our republic.,Fixed-rubric classification from the supplied sentence context.,narration,serving_or_contemporary,AI-classified; not human-validated
d6e17a335c1e16d38ef55af8,Joe Biden,Donald Trump,/the-presidency/presidential-speeches/september-1-2022-remarks-continued-battle-soul-nation,3,2022-09-02 00:00:00,The present era,Donald Trump,contemporary rivalry,neutral,"But there is no question that the Republican Party today is dominated, driven, and intimidated by Donald Trump and the MAGA Republicans, and that is a threat to this country.",Fixed-rubric classification from the supplied sentence context.,narration,serving_or_contemporary,AI-classified; not human-validated
683dd15973f64b46edbb0dd9,Joe Biden,Donald Trump,/the-presidency/presidential-speeches/september-1-2022-remarks-continued-battle-soul-nation,5,2022-09-02 00:00:00,The present era,Trump,historical comparison,neutral,"That's why respected conservatives, like Federal Circuit Court Judge Michael Luttig, has called Trump and the extreme MAGA Republicans, quote, a ""clear and present danger"" to our democracy.",Fixed-rubric classification from the supplied sentence context.,deliberate_quotation,serving_or_contemporary,AI-classified; not human-validated
5f7ae1fc07f1a23b14cb771e,Joe Biden,Dwight D. Eisenhower,/the-presidency/presidential-speeches/september-1-2022-remarks-continued-battle-soul-nation,14,2022-09-02 00:00:00,The present era,Dwight D. Eisenhower,other/unclear,neutral,"I believed we could build a better America, so we passed the biggest infrastructure investment since President Dwight D.",Fixed-rubric classification from the supplied sentence context.,narration,former_president,AI-classified; not human-validated
b8cff57f89c58b415abf98cd,Joe Biden,Bill Clinton,/the-presidency/presidential-speeches/september-1-2022-remarks-continued-battle-soul-nation,15,2022-09-02 00:00:00,The present era,President Clinton,policy inheritance,neutral,"I believed we could make America safer, so we passed the most significant gun safety law since President Clinton.",Fixed-rubric classification from the supplied sentence context.,narration,former_president,AI-classified; not human-validated
fb249a08d97607fe470db677,Joe Biden,Barack Obama,/the-presidency/presidential-speeches/september-1-2022-remarks-continued-battle-soul-nation,15,2022-09-02 00:00:00,The present era,President Obama,policy inheritance,neutral,"I believed we could go from being the highest cost of prescriptions in the world to making prescription drugs and healthcare more affordable, so we passed the most significant healthcare reforms since President Obama signed the Affordable Care Act.",Fixed-rubric classification from the supplied sentence context.,narration,former_president,AI-classified; not human-validated
23dcff44b0fc68edeee34543,Barack Obama,Franklin D. Roosevelt,/the-presidency/presidential-speeches/september-10-2013-address-nation-syria,20,2013-09-10 06:00:00,Post-Cold War,Franklin Roosevelt,other/unclear,neutral,"Franklin Roosevelt once said, ""Our national determination to keep free of foreign wars and foreign entanglements cannot prevent us from feeling deep concern when ideals and principles that we have cherished are",Fixed-rubric classification from the supplied sentence context.,deliberate_quotation,former_president,AI-classified; not human-validated
33c6b1c803ac91c3fe614825,Franklin D. Roosevelt,John Adams,/the-presidency/presidential-speeches/september-11-1941-fireside-chat-18-greer-incident,19,1941-09-11 18:00:00,War & New Deal,John Adams,other/unclear,neutral,"The second President of the United States, John Adams, ordered the United States Navy to clean out European privateers and European ships of war which were infesting the Caribbean and South American waters, destroying American commerce.",Fixed-rubric classification from the supplied sentence context.,narration,former_president,AI-classified; not human-validated
e4b1b4bc46819becc844eaf7,Franklin D. Roosevelt,Thomas Jefferson,/the-presidency/presidential-speeches/september-11-1941-fireside-chat-18-greer-incident,20,1941-09-11 18:00:00,War & New Deal,Thomas Jefferson,other/unclear,neutral,"The third President of the United States, Thomas Jefferson, ordered the United States Navy to end the attacks being made upon American and other ships by the corsairs of the nations of North Africa.",Fixed-rubric classification from the supplied sentence context.,narration,former_president,AI-classified; not human-validated
b6a6d18daacbd15dc274168b,John F. Kennedy,Thomas Jefferson,/the-presidency/presidential-speeches/september-12-1960-address-greater-houston-ministerial,3,1960-09-12 17:00:00,The Cold War,Jefferson,legacy/inheritance,neutral,"It was Virginia's harassment of Baptist preachers, for example, that helped lead to Jefferson's statute of religious freedom.",Fixed-rubric classification from the supplied sentence context.,narration,former_president,AI-classified; not human-validated
f28b6e459e05db035a06b796,Bill Clinton,Jimmy Carter,/the-presidency/presidential-speeches/september-13-1993-remarks-signing-israeli-palestinian,0,1993-09-13 18:00:00,Post-Cold War,President Carter,other/unclear,neutral,"Abbas, President Carter, President Bush, distinguished guests.",Fixed-rubric classification from the supplied sentence context.,narration,former_president,AI-classified; not human-validated
daffac0a071eceb79aaf666a,Bill Clinton,George H. W. Bush,/the-presidency/presidential-speeches/september-13-1993-remarks-signing-israeli-palestinian,0,1993-09-13 18:00:00,Post-Cold War,President Bush,other/unclear,neutral,"Abbas, President Carter, President Bush, distinguished guests.",Fixed-rubric classification from the supplied sentence context.,narration,former_president,AI-classified; not human-validated
0c1b91b6edf363fe2f55c353,Bill Clinton,Jimmy Carter,/the-presidency/presidential-speeches/september-13-1993-remarks-signing-israeli-palestinian,1,1993-09-13 18:00:00,Post-Cold War,Jimmy Carter,ceremonial/biographical,positive,"Today we honor the memories of Menachem Begin and Anwar Sadat, and we salute the wise leadership of President Jimmy Carter.",Fixed-rubric classification from the supplied sentence context.,narration,former_president,AI-classified; not human-validated
c7828ccf9513e930eef92e39,Bill Clinton,George H. W. Bush,/the-presidency/presidential-speeches/september-13-1993-remarks-signing-israeli-palestinian,2,1993-09-13 18:00:00,Post-Cold War,George Bush,other/unclear,positive,And today we also express our deep thanks for the skillful leadership of President George Bush.,Fixed-rubric classification from the supplied sentence context.,narration,former_president,AI-classified; not human-validated
6c0725482cf69930a34f190e,Bill Clinton,Harry S. Truman,/the-presidency/presidential-speeches/september-13-1993-remarks-signing-israeli-palestinian,2,1993-09-13 18:00:00,Post-Cold War,Truman,other/unclear,neutral,"Ever since Harry Truman first recognized Israel, every American President, Democrat and Republican, has worked for peace between Israel and her neighbors.",Fixed-rubric classification from the supplied sentence context.,narration,former_president,AI-classified; not human-validated
bfbba66954aa97ede3f78cee,Theodore Roosevelt,William McKinley,/the-presidency/presidential-speeches/september-14-1901-announcement-death-president-mckinley,0,1901-09-14 22:48:00,Progressives & Depression,President McKinley,ceremonial/biographical,neutral,"President McKinley crowned a life of largest love for his fellow men, of earnest endeavor for their welfare, by a death of Christian fortitude; and both the way in which he lived his life and the way in which, in the supreme hour of trial, he met his death will remain forever a precious heritage of our people.",Fixed-rubric classification from the supplied sentence context.,narration,former_president,AI-classified; not human-validated
ea9a60ace993e5667971593f,Ronald Reagan,George W. Bush,/the-presidency/presidential-speeches/september-14-1986-speech-nation-campaign-against-drug-abuse,15,1986-09-14 18:00:00,The Cold War,President Bush,policy inheritance,neutral,"Fifth, we must move to strengthen law enforcement activities such as those initiated by Vice President Bush and Attorney General Meese.",Fixed-rubric classification from the supplied sentence context.,narration,not_yet_president,AI-classified; not human-validated
1752201f018d44f0fcb14b33,Ronald Reagan,Abraham Lincoln,/the-presidency/presidential-speeches/september-14-1986-speech-nation-campaign-against-drug-abuse,25,1986-09-14 18:00:00,The Cold War,President Lincoln,institutional precedent,neutral,But in the Civil War that room was the one President Lincoln used as his office.,Fixed-rubric classification from the supplied sentence context.,narration,former_president,AI-classified; not human-validated
d77ecc265b4c4078c523b0c5,Ronald Reagan,Abraham Lincoln,/the-presidency/presidential-speeches/september-14-1986-speech-nation-campaign-against-drug-abuse,25,1986-09-14 18:00:00,The Cold War,President Lincoln,ceremonial/biographical,neutral,"Memory fills that room, and more than anything that memory drives us to see vividly what President Lincoln sought to save.",Fixed-rubric classification from the supplied sentence context.,narration,former_president,AI-classified; not human-validated
3087dd08137491317eba0d18,Gerald Ford,Abraham Lincoln,/the-presidency/presidential-speeches/september-16-1974-remarks-clemency-vietnam-era-draft-evaders,1,1974-09-16 17:00:00,The Cold War,Abraham Lincoln,policy inheritance,neutral,"I promised to throw the weight of my Presidency into the scales of justice on the side of leniency and mercy, but I promised also to work within the existing system of military and civilian law and the precedents set by my predecessors who faced similar postwar situations, among them Presidents Abraham Lincoln and Harry S.",Fixed-rubric classification from the supplied sentence context.,narration,former_president,AI-classified; not human-validated
ed160b1ab1180f602f93c4a6,Gerald Ford,Harry S. Truman,/the-presidency/presidential-speeches/september-16-1974-remarks-clemency-vietnam-era-draft-evaders,1,1974-09-16 17:00:00,The Cold War,Harry S. Truman,policy inheritance,neutral,"I promised to throw the weight of my Presidency into the scales of justice on the side of leniency and mercy, but I promised also to work within the existing system of military and civilian law and the precedents set by my predecessors who faced similar postwar situations, among them Presidents Abraham Lincoln and Harry S.",Fixed-rubric classification from the supplied sentence context.,narration,former_president,AI-classified; not human-validated
36875487bb4f39c925ff3a8b,George W. Bush,Bill Clinton,/the-presidency/presidential-speeches/september-16-2005-hurricane-relief-address-new-orleans,20,2005-09-16 02:02:00,Post-Cold War,Clinton,legacy/inheritance,neutral,"For example, the private fundraising effort led by former Presidents Bush and Clinton has already received pledges of more than $100 million.",Fixed-rubric classification from the supplied sentence context.,narration,former_president,AI-classified; not human-validated
b99e8abbfebcb28e80e3078b,Herbert Hoover,John Adams,/the-presidency/presidential-speeches/september-18-1929-message-regarding-international-peace,0,1929-09-18 15:29:00,Progressives & Depression,John Adams,institutional precedent,neutral,"Into this room first came John Adams, who had taken over the reins of administration of the newly established republic from George Washington.",Fixed-rubric classification from the supplied sentence context.,narration,former_president,AI-classified; not human-validated
9bc3122bdf9de0cb2529655e,Herbert Hoover,George Washington,/the-presidency/presidential-speeches/september-18-1929-message-regarding-international-peace,0,1929-09-18 15:29:00,Progressives & Depression,George Washington,institutional precedent,neutral,"Into this room first came John Adams, who had taken over the reins of administration of the newly established republic from George Washington.",Fixed-rubric classification from the supplied sentence context.,narration,former_president,AI-classified; not human-validated
64a4d3c292b3aebb93456ff2,Herbert Hoover,William Taft,/the-presidency/presidential-speeches/september-18-1929-message-regarding-international-peace,1,1929-09-18 15:29:00,Progressives & Depression,Mr. Taft,other/unclear,neutral,"Roosevelt, the President's study was moved to another room which was used by our Presidents from Mr.",Fixed-rubric classification from the supplied sentence context.,narration,former_president,AI-classified; not human-validated
41f0824611a8999e65bd974d,Herbert Hoover,Calvin Coolidge,/the-presidency/presidential-speeches/september-18-1929-message-regarding-international-peace,1,1929-09-18 15:29:00,Progressives & Depression,Mr. Coolidge,other/unclear,neutral,Taft to Mr.,Fixed-rubric classification from the supplied sentence context.,narration,former_president,AI-classified; not human-validated
fc984a19efb0e735cb6d663f,Herbert Hoover,Thomas Jefferson,/the-presidency/presidential-speeches/september-18-1929-message-regarding-international-peace,1,1929-09-18 15:29:00,Progressives & Depression,Jefferson,other/unclear,neutral,"It is here where the Adamses, father and son, Jefferson, Monroe, Jackson, Grant, McKinley, Roosevelt, and a score of other devoted men worked.",Fixed-rubric classification from the supplied sentence context.,narration,former_president,AI-classified; not human-validated
334a1c482ee76d9dc6a64f35,Herbert Hoover,James Monroe,/the-presidency/presidential-speeches/september-18-1929-message-regarding-international-peace,1,1929-09-18 15:29:00,Progressives & Depression,Monroe,other/unclear,neutral,"It is here where the Adamses, father and son, Jefferson, Monroe, Jackson, Grant, McKinley, Roosevelt, and a score of other devoted men worked.",Fixed-rubric classification from the supplied sentence context.,narration,former_president,AI-classified; not human-validated
1b561fcc89674737ceedde49,Herbert Hoover,William McKinley,/the-presidency/presidential-speeches/september-18-1929-message-regarding-international-peace,1,1929-09-18 15:29:00,Progressives & Depression,McKinley,other/unclear,neutral,"It is here where the Adamses, father and son, Jefferson, Monroe, Jackson, Grant, McKinley, Roosevelt, and a score of other devoted men worked.",Fixed-rubric classification from the supplied sentence context.,narration,former_president,AI-classified; not human-validated
3177b25c5501d26e16a058ed,Harry S. Truman,Abraham Lincoln,/the-presidency/presidential-speeches/september-18-1948-whistlestop-tour-trenton-missouri,5,1948-09-18 18:00:00,The Cold War,Lincoln,other/unclear,neutral,"You know, Lincoln said that the Lord certainly loved the common people or he wouldn't have made so many of them.",Fixed-rubric classification from the supplied sentence context.,narration,former_president,AI-classified; not human-validated
28d7f75ad9cf77eb804e4c3b,Gerald Ford,Harry S. Truman,/the-presidency/presidential-speeches/september-18-1974-address-general-assembly-united-nations,0,1974-09-18 17:00:00,The Cold War,Truman,other/unclear,neutral,"Secretary General, your Excellencies: In 1946, President Harry Truman welcomed representatives of 55 nations to the first General Assembly of the United Nations.",Fixed-rubric classification from the supplied sentence context.,narration,former_president,AI-classified; not human-validated
0eb6f70fcc4d34eb41b4ad21,Joe Biden,Harry S. Truman,/the-presidency/presidential-speeches/september-21-2022-speech-77th-session-united-nations-general,10,2022-09-21 15:00:00,The present era,President Truman,other/unclear,neutral,"As President Truman said in 1945, the",Fixed-rubric classification from the supplied sentence context.,narration,former_president,AI-classified; not human-validated
8241b6a0402456435fb9f8d1,Bill Clinton,Richard M. Nixon,/the-presidency/presidential-speeches/september-22-1993-address-health-care-reform,41,1993-09-22 18:00:00,Post-Cold War,President Nixon,institutional precedent,neutral,This concept was first conveyed to the Congress about 20 years ago by President Nixon.,Fixed-rubric classification from the supplied sentence context.,narration,former_president,AI-classified; not human-validated
72f02214d558e542c95e7a2d,Richard M. Nixon,Abraham Lincoln,/the-presidency/presidential-speeches/september-23-1952-checkers-speech,22,1952-09-23 17:00:00,The Cold War,Abraham Lincoln,other/unclear,neutral,"Because, you know, remember Abraham Lincoln, you remember what he said: ""God must have loved the common people - he made so many of",Fixed-rubric classification from the supplied sentence context.,deliberate_quotation,former_president,AI-classified; not human-validated
c1b76f9ddc07a06955d830f4,Richard M. Nixon,Harry S. Truman,/the-presidency/presidential-speeches/september-23-1952-checkers-speech,27,1952-09-23 17:00:00,The Cold War,Truman,institutional precedent,neutral,Seven years of the Truman-Acheson Administration and that's happened?,Fixed-rubric classification from the supplied sentence context.,narration,serving_or_contemporary,AI-classified; not human-validated
9c8b5b2b1566555f92b6af78,Richard M. Nixon,Harry S. Truman,/the-presidency/presidential-speeches/september-23-1952-checkers-speech,28,1952-09-23 17:00:00,The Cold War,Truman,policy inheritance,positive,"Because he defends the Truman policy and I know that Dwight Eisenhower will do that, and that he will give America the leadership that it needs.",Fixed-rubric classification from the supplied sentence context.,narration,serving_or_contemporary,AI-classified; not human-validated
cff507f683a9e3b4025a50fe,Richard M. Nixon,Harry S. Truman,/the-presidency/presidential-speeches/september-23-1952-checkers-speech,28,1952-09-23 17:00:00,The Cold War,Truman,institutional precedent,neutral,"Stevenson can't clean it up because he was picked by the man, Truman, under whose Administration the mess was made.",Fixed-rubric classification from the supplied sentence context.,narration,serving_or_contemporary,AI-classified; not human-validated
a1a8eb9a2446c40d7a888bcc,Richard M. Nixon,Harry S. Truman,/the-presidency/presidential-speeches/september-23-1952-checkers-speech,28,1952-09-23 17:00:00,The Cold War,Truman,other/unclear,neutral,You wouldn't trust a man who made the mess to clean it up - that's Truman.,Fixed-rubric classification from the supplied sentence context.,narration,serving_or_contemporary,AI-classified; not human-validated
dc7a5d319c00a0a407c5086c,Richard M. Nixon,Harry S. Truman,/the-presidency/presidential-speeches/september-23-1952-checkers-speech,28,1952-09-23 17:00:00,The Cold War,Truman,other/unclear,neutral,"And so I say, Eisenhower, who owes nothing to Truman, nothing to the big city bosses, he is the man that can clean up the mess in Washington.",Fixed-rubric classification from the supplied sentence context.,narration,serving_or_contemporary,AI-classified; not human-validated
db81f48e7e3cd84cd8b37d6d,Jimmy Carter,Gerald Ford,/the-presidency/presidential-speeches/september-23-1976-debate-president-gerald-ford-domestic-issues,0,1976-09-23 17:00:00,The Cold War,President Ford,other/unclear,neutral,"We thank you, President Ford, and we thank you, Governor Carter, for being with us tonight.",Fixed-rubric classification from the supplied sentence context.,narration,serving_or_contemporary,AI-classified; not human-validated
3b2f4c239225dd14ce88f232,Jimmy Carter,Gerald Ford,/the-presidency/presidential-speeches/september-23-1976-debate-president-gerald-ford-domestic-issues,2,1976-09-23 17:00:00,The Cold War,President Ford,other/unclear,neutral,President Ford will then have 2 minutes to respond.,Fixed-rubric classification from the supplied sentence context.,narration,serving_or_contemporary,AI-classified; not human-validated
2baff58c25939149e68c8550,Jimmy Carter,Gerald Ford,/the-presidency/presidential-speeches/september-23-1976-debate-president-gerald-ford-domestic-issues,2,1976-09-23 17:00:00,The Cold War,President Ford,other/unclear,neutral,"The next question will go to President Ford, with the same time arrangements, and questions will continue to be alternated between the candidates.",Fixed-rubric classification from the supplied sentence context.,narration,serving_or_contemporary,AI-classified; not human-validated
2e517a9938ef556d32f0caff,Jimmy Carter,Gerald Ford,/the-presidency/presidential-speeches/september-23-1976-debate-president-gerald-ford-domestic-issues,3,1976-09-23 17:00:00,The Cold War,President Ford,other/unclear,neutral,President Ford and Governor Carter do not have any notes or prepared remarks with them this evening.,Fixed-rubric classification from the supplied sentence context.,narration,serving_or_contemporary,AI-classified; not human-validated
f7478e80e3648e34fb6f16a5,Jimmy Carter,Gerald Ford,/the-presidency/presidential-speeches/september-23-1976-debate-president-gerald-ford-domestic-issues,13,1976-09-23 17:00:00,The Cold War,President Ford,other/unclear,neutral,"Gannon, your question to President Ford.",Fixed-rubric classification from the supplied sentence context.,narration,serving_or_contemporary,AI-classified; not human-validated
e290076933db812337f05a60,Jimmy Carter,Gerald Ford,/the-presidency/presidential-speeches/september-23-1976-debate-president-gerald-ford-domestic-issues,19,1976-09-23 17:00:00,The Cold War,Mr. Ford,other/unclear,neutral,"Well, Mr.",Fixed-rubric classification from the supplied sentence context.,narration,serving_or_contemporary,AI-classified; not human-validated
9bafd03baae9992b5fb18782,Jimmy Carter,Gerald Ford,/the-presidency/presidential-speeches/september-23-1976-debate-president-gerald-ford-domestic-issues,20,1976-09-23 17:00:00,The Cold War,Mr. Ford,other/unclear,neutral,When Mr.,Fixed-rubric classification from the supplied sentence context.,narration,serving_or_contemporary,AI-classified; not human-validated
4b8eea0ef9ba63c91740e243,Jimmy Carter,Richard M. Nixon,/the-presidency/presidential-speeches/september-23-1976-debate-president-gerald-ford-domestic-issues,21,1976-09-23 17:00:00,The Cold War,Mr. Nixon,other/unclear,neutral,"As a matter of fact, since the late sixties when Mr.",Fixed-rubric classification from the supplied sentence context.,narration,former_president,AI-classified; not human-validated
7c092657fd618c024aae2cff,Jimmy Carter,Lyndon B. Johnson,/the-presidency/presidential-speeches/september-23-1976-debate-president-gerald-ford-domestic-issues,23,1976-09-23 17:00:00,The Cold War,President Johnson,other/unclear,neutral,"If we assume a rate of growth of our economy equivalent to what it was during President Johnson and President Kennedy, even before the Vietnamese war, and if we assume that, at the end of the 4-year period we can cut our unemployment rate down to 4 to",Fixed-rubric classification from the supplied sentence context.,narration,former_president,AI-classified; not human-validated
487c8da1db0a5fa632133eeb,Jimmy Carter,John F. Kennedy,/the-presidency/presidential-speeches/september-23-1976-debate-president-gerald-ford-domestic-issues,23,1976-09-23 17:00:00,The Cold War,President Kennedy,other/unclear,neutral,"If we assume a rate of growth of our economy equivalent to what it was during President Johnson and President Kennedy, even before the Vietnamese war, and if we assume that, at the end of the 4-year period we can cut our unemployment rate down to 4 to",Fixed-rubric classification from the supplied sentence context.,narration,former_president,AI-classified; not human-validated
6d72cc4964122bb56668f7ab,Jimmy Carter,John F. Kennedy,/the-presidency/presidential-speeches/september-23-1976-debate-president-gerald-ford-domestic-issues,27,1976-09-23 17:00:00,The Cold War,Kennedy,other/unclear,neutral,"And it's just predicated on very modest, but I think accurate, projections of employment increases and a growth in our national economy equal to what was experienced under Kennedy, Johnson, before the Vietnam war.",Fixed-rubric classification from the supplied sentence context.,narration,former_president,AI-classified; not human-validated
7a0b752bcc39ff6c11799231,Jimmy Carter,Gerald Ford,/the-presidency/presidential-speeches/september-23-1976-debate-president-gerald-ford-domestic-issues,28,1976-09-23 17:00:00,The Cold War,President Ford,other/unclear,neutral,President Ford.,Fixed-rubric classification from the supplied sentence context.,narration,serving_or_contemporary,AI-classified; not human-validated
fa7e968594bf836cb0563bf7,Jimmy Carter,Richard M. Nixon,/the-presidency/presidential-speeches/september-23-1976-debate-president-gerald-ford-domestic-issues,31,1976-09-23 17:00:00,The Cold War,President Nixon,other/unclear,neutral,"In granting the pardon to former President Nixon, sir, part of your rationale was to put Watergate behind us, to, if I may quote you again, truly end ""our long national",Fixed-rubric classification from the supplied sentence context.,deliberate_quotation,former_president,AI-classified; not human-validated
07b20e052bb7ebb968d83057,Jimmy Carter,Richard M. Nixon,/the-presidency/presidential-speeches/september-23-1976-debate-president-gerald-ford-domestic-issues,33,1976-09-23 17:00:00,The Cold War,Mr. Nixon,other/unclear,neutral,"Now, in the case of Mr.",Fixed-rubric classification from the supplied sentence context.,narration,former_president,AI-classified; not human-validated
e59b75e1bca291f084008ea1,Jimmy Carter,Richard M. Nixon,/the-presidency/presidential-speeches/september-23-1976-debate-president-gerald-ford-domestic-issues,33,1976-09-23 17:00:00,The Cold War,Mr. Nixon,other/unclear,neutral,Mr.,Fixed-rubric classification from the supplied sentence context.,narration,former_president,AI-classified; not human-validated
7b2ac8461bccc0959e07dfff,Jimmy Carter,Richard M. Nixon,/the-presidency/presidential-speeches/september-23-1976-debate-president-gerald-ford-domestic-issues,34,1976-09-23 17:00:00,The Cold War,Mr. Nixon,other/unclear,neutral,Mr.,Fixed-rubric classification from the supplied sentence context.,narration,former_president,AI-classified; not human-validated
df4d8e8b6abb7a6d0f4fea87,Jimmy Carter,Richard M. Nixon,/the-presidency/presidential-speeches/september-23-1976-debate-president-gerald-ford-domestic-issues,34,1976-09-23 17:00:00,The Cold War,Mr. Nixon,other/unclear,neutral,"So, when you look at the penalty that he paid, and when you analyze the requirements that I had to spend all of my time working on the economy, which was in trouble, that I inherited, working on our problems in Southeast Asia, which were still plaguing us, it seemed to me that Mr.",Fixed-rubric classification from the supplied sentence context.,narration,former_president,AI-classified; not human-validated
56b21e64156b99abf5323b96,Jimmy Carter,Gerald Ford,/the-presidency/presidential-speeches/september-23-1976-debate-president-gerald-ford-domestic-issues,36,1976-09-23 17:00:00,The Cold War,President Ford,other/unclear,neutral,"Well, I think it's very difficult for President Ford to explain the difference between the pardon of President Nixon and his attitude toward those who violated the draft laws.",Fixed-rubric classification from the supplied sentence context.,narration,serving_or_contemporary,AI-classified; not human-validated
59625973b84f3ea7f0abd683,Jimmy Carter,Richard M. Nixon,/the-presidency/presidential-speeches/september-23-1976-debate-president-gerald-ford-domestic-issues,36,1976-09-23 17:00:00,The Cold War,President Nixon,other/unclear,neutral,"Well, I think it's very difficult for President Ford to explain the difference between the pardon of President Nixon and his attitude toward those who violated the draft laws.",Fixed-rubric classification from the supplied sentence context.,narration,former_president,AI-classified; not human-validated
b00118a4d0fb2c26319b164f,Jimmy Carter,Gerald Ford,/the-presidency/presidential-speeches/september-23-1976-debate-president-gerald-ford-domestic-issues,37,1976-09-23 17:00:00,The Cold War,Mr. Ford,other/unclear,neutral,"I think it's accurate to say that 2 years ago, when Mr.",Fixed-rubric classification from the supplied sentence context.,narration,serving_or_contemporary,AI-classified; not human-validated
92663bd7cea477c45d721314,Jimmy Carter,Richard M. Nixon,/the-presidency/presidential-speeches/september-23-1976-debate-president-gerald-ford-domestic-issues,42,1976-09-23 17:00:00,The Cold War,Mr. Nixon,other/unclear,neutral,When Mr.,Fixed-rubric classification from the supplied sentence context.,narration,former_president,AI-classified; not human-validated
c4658ad06574f833c4d37730,Jimmy Carter,Gerald Ford,/the-presidency/presidential-speeches/september-23-1976-debate-president-gerald-ford-domestic-issues,49,1976-09-23 17:00:00,The Cold War,President Ford,other/unclear,neutral,President Ford.,Fixed-rubric classification from the supplied sentence context.,narration,serving_or_contemporary,AI-classified; not human-validated
099a52cb32e495aa217e56f1,Jimmy Carter,Gerald Ford,/the-presidency/presidential-speeches/september-23-1976-debate-president-gerald-ford-domestic-issues,61,1976-09-23 17:00:00,The Cold War,Mr. Ford,other/unclear,neutral,"Well, Mr.",Fixed-rubric classification from the supplied sentence context.,narration,serving_or_contemporary,AI-classified; not human-validated
d4fa13cf2a2bab039535104e,Jimmy Carter,Herbert Hoover,/the-presidency/presidential-speeches/september-23-1976-debate-president-gerald-ford-domestic-issues,61,1976-09-23 17:00:00,The Cold War,Herbert Hoover,other/unclear,neutral,I remember when Herbert Hoover was against jobs for people.,Fixed-rubric classification from the supplied sentence context.,narration,former_president,AI-classified; not human-validated
40a207f68e4645c9e00a7263,Jimmy Carter,Richard M. Nixon,/the-presidency/presidential-speeches/september-23-1976-debate-president-gerald-ford-domestic-issues,61,1976-09-23 17:00:00,The Cold War,President Nixon,other/unclear,neutral,And later President Nixon-16 years ago-was telling the public that John Kennedy's proposals would bankrupt the country and would double the cost.,Fixed-rubric classification from the supplied sentence context.,narration,former_president,AI-classified; not human-validated
34bfcd8ea7304e974671beae,Jimmy Carter,John F. Kennedy,/the-presidency/presidential-speeches/september-23-1976-debate-president-gerald-ford-domestic-issues,61,1976-09-23 17:00:00,The Cold War,John Kennedy,other/unclear,neutral,And later President Nixon-16 years ago-was telling the public that John Kennedy's proposals would bankrupt the country and would double the cost.,Fixed-rubric classification from the supplied sentence context.,narration,former_president,AI-classified; not human-validated
1d88ff8098f4ecc4e5c6f541,Jimmy Carter,Gerald Ford,/the-presidency/presidential-speeches/september-23-1976-debate-president-gerald-ford-domestic-issues,62,1976-09-23 17:00:00,The Cold War,Mr. Ford,other/unclear,neutral,The best thing to do is to look at the record of Mr.,Fixed-rubric classification from the supplied sentence context.,narration,serving_or_contemporary,AI-classified; not human-validated
d6a093402165d56449d29ca4,Jimmy Carter,Richard M. Nixon,/the-presidency/presidential-speeches/september-23-1976-debate-president-gerald-ford-domestic-issues,62,1976-09-23 17:00:00,The Cold War,Mr. Nixon,institutional precedent,neutral,Ford's administration and Mr.,Fixed-rubric classification from the supplied sentence context.,narration,former_president,AI-classified; not human-validated
cab04c77efedfefb655c0edf,Jimmy Carter,Lyndon B. Johnson,/the-presidency/presidential-speeches/september-23-1976-debate-president-gerald-ford-domestic-issues,62,1976-09-23 17:00:00,The Cold War,President Johnson,other/unclear,neutral,"We had last year a $65 billion deficit, the largest deficit in the history of our country, more of a deficit spending than we had in the entire 8-year period under President Johnson and President Kennedy.",Fixed-rubric classification from the supplied sentence context.,narration,former_president,AI-classified; not human-validated
2bb7e1a06cfa7fe7f305bd0b,Jimmy Carter,John F. Kennedy,/the-presidency/presidential-speeches/september-23-1976-debate-president-gerald-ford-domestic-issues,62,1976-09-23 17:00:00,The Cold War,President Kennedy,other/unclear,neutral,"We had last year a $65 billion deficit, the largest deficit in the history of our country, more of a deficit spending than we had in the entire 8-year period under President Johnson and President Kennedy.",Fixed-rubric classification from the supplied sentence context.,narration,former_president,AI-classified; not human-validated
36e16689753a5469c745373e,Jimmy Carter,Gerald Ford,/the-presidency/presidential-speeches/september-23-1976-debate-president-gerald-ford-domestic-issues,62,1976-09-23 17:00:00,The Cold War,Mr. Ford,other/unclear,neutral,And since Mr.,Fixed-rubric classification from the supplied sentence context.,narration,serving_or_contemporary,AI-classified; not human-validated
b968eccfd1310d4ca7a4e2f5,Jimmy Carter,Richard M. Nixon,/the-presidency/presidential-speeches/september-23-1976-debate-president-gerald-ford-domestic-issues,62,1976-09-23 17:00:00,The Cold War,Mr. Nixon,other/unclear,neutral,We've also got a comparison between himself and Mr.,Fixed-rubric classification from the supplied sentence context.,narration,former_president,AI-classified; not human-validated
8ed6407131378f9a27745084,Jimmy Carter,Richard M. Nixon,/the-presidency/presidential-speeches/september-23-1976-debate-president-gerald-ford-domestic-issues,62,1976-09-23 17:00:00,The Cold War,Mr. Nixon,other/unclear,neutral,He's got four times the size of the deficits that Mr.,Fixed-rubric classification from the supplied sentence context.,narration,former_president,AI-classified; not human-validated
f3e57fd4f4559f65828749c9,Jimmy Carter,Gerald Ford,/the-presidency/presidential-speeches/september-23-1976-debate-president-gerald-ford-domestic-issues,63,1976-09-23 17:00:00,The Cold War,President Ford,other/unclear,neutral,"We have, in this last 2 years alone, $120 billion total deficits under President Ford, and at the same time we've had in the last 8 years a doubling in the number of bankruptcies for small business.",Fixed-rubric classification from the supplied sentence context.,narration,serving_or_contemporary,AI-classified; not human-validated
61c6a59fb1c732e8dc905393,Jimmy Carter,Gerald Ford,/the-presidency/presidential-speeches/september-23-1976-debate-president-gerald-ford-domestic-issues,63,1976-09-23 17:00:00,The Cold War,Mr. Ford,other/unclear,neutral,"This is the kind of record that is there, and talk about the future and a drastic change or conversion on the part of Mr.",Fixed-rubric classification from the supplied sentence context.,narration,serving_or_contemporary,AI-classified; not human-validated
bd336844060f23aad8d8d5c5,Jimmy Carter,Richard M. Nixon,/the-presidency/presidential-speeches/september-23-1976-debate-president-gerald-ford-domestic-issues,67,1976-09-23 17:00:00,The Cold War,Mr. Nixon,other/unclear,neutral,When Mr.,Fixed-rubric classification from the supplied sentence context.,narration,former_president,AI-classified; not human-validated
5a736e2c6ae8715d20d37d13,Jimmy Carter,Gerald Ford,/the-presidency/presidential-speeches/september-23-1976-debate-president-gerald-ford-domestic-issues,72,1976-09-23 17:00:00,The Cold War,President Ford,other/unclear,neutral,President Ford.,Fixed-rubric classification from the supplied sentence context.,narration,serving_or_contemporary,AI-classified; not human-validated
e950fe9bfcea26dd3b97845b,Jimmy Carter,Gerald Ford,/the-presidency/presidential-speeches/september-23-1976-debate-president-gerald-ford-domestic-issues,83,1976-09-23 17:00:00,The Cold War,Mr. Ford,other/unclear,neutral,"Well, Mr.",Fixed-rubric classification from the supplied sentence context.,narration,serving_or_contemporary,AI-classified; not human-validated
8ce0a02b8efa45a127b37aae,Jimmy Carter,Gerald Ford,/the-presidency/presidential-speeches/september-23-1976-debate-president-gerald-ford-domestic-issues,84,1976-09-23 17:00:00,The Cold War,Mr. Ford,other/unclear,neutral,Mr.,Fixed-rubric classification from the supplied sentence context.,narration,serving_or_contemporary,AI-classified; not human-validated
7bfa5f4021673921e7b65794,Jimmy Carter,Gerald Ford,/the-presidency/presidential-speeches/september-23-1976-debate-president-gerald-ford-domestic-issues,84,1976-09-23 17:00:00,The Cold War,Mr. Ford,institutional precedent,positive,We've got the highest inflation we've had in 25 years right now-except under this administration-and that was 50 years ago-and we've got the highest unemployment we've had under Mr.,Fixed-rubric classification from the supplied sentence context.,narration,serving_or_contemporary,AI-classified; not human-validated
9689018ea3e4485c572d5527,Jimmy Carter,Gerald Ford,/the-presidency/presidential-speeches/september-23-1976-debate-president-gerald-ford-domestic-issues,85,1976-09-23 17:00:00,The Cold War,Mr. Ford,other/unclear,neutral,Mr.,Fixed-rubric classification from the supplied sentence context.,narration,serving_or_contemporary,AI-classified; not human-validated
7cead3e307e2ef3c092e8cb9,Jimmy Carter,Richard M. Nixon,/the-presidency/presidential-speeches/september-23-1976-debate-president-gerald-ford-domestic-issues,85,1976-09-23 17:00:00,The Cold War,Mr. Nixon,other/unclear,neutral,Ford has vetoed four times as many bills as Mr.,Fixed-rubric classification from the supplied sentence context.,narration,former_president,AI-classified; not human-validated
4684ae2064e42bfbc653e775,Jimmy Carter,Richard M. Nixon,/the-presidency/presidential-speeches/september-23-1976-debate-president-gerald-ford-domestic-issues,88,1976-09-23 17:00:00,The Cold War,Mr. Nixon,other/unclear,neutral,We've had a 50-percent increase in payroll deductions since Mr.,Fixed-rubric classification from the supplied sentence context.,narration,former_president,AI-classified; not human-validated
9c53c6599f85e371b1b267d0,Jimmy Carter,Gerald Ford,/the-presidency/presidential-speeches/september-23-1976-debate-president-gerald-ford-domestic-issues,88,1976-09-23 17:00:00,The Cold War,Mr. Ford,other/unclear,neutral,Mr.,Fixed-rubric classification from the supplied sentence context.,narration,serving_or_contemporary,AI-classified; not human-validated
45090fae1ece71e01906b9a7,Jimmy Carter,Richard M. Nixon,/the-presidency/presidential-speeches/september-23-1976-debate-president-gerald-ford-domestic-issues,89,1976-09-23 17:00:00,The Cold War,Mr. Nixon,other/unclear,neutral,"Another thing is a system called DISC [Domestic International Sales Corporation[, which was originally designed and proposed by Mr.",Fixed-rubric classification from the supplied sentence context.,narration,former_president,AI-classified; not human-validated
02bec5c0254219577936df75,Jimmy Carter,Gerald Ford,/the-presidency/presidential-speeches/september-23-1976-debate-president-gerald-ford-domestic-issues,95,1976-09-23 17:00:00,The Cold War,President Ford,other/unclear,neutral,President Ford.,Fixed-rubric classification from the supplied sentence context.,narration,serving_or_contemporary,AI-classified; not human-validated
75e360ec2947ddc606d63b03,Jimmy Carter,Franklin D. Roosevelt,/the-presidency/presidential-speeches/september-23-1976-debate-president-gerald-ford-domestic-issues,97,1976-09-23 17:00:00,The Cold War,President Roosevelt,other/unclear,neutral,The records show that President Roosevelt vetoed on an average of 55 bills a year.,Fixed-rubric classification from the supplied sentence context.,narration,former_president,AI-classified; not human-validated
558833d49d6e707b7a7df01b,Jimmy Carter,Harry S. Truman,/the-presidency/presidential-speeches/september-23-1976-debate-president-gerald-ford-domestic-issues,97,1976-09-23 17:00:00,The Cold War,President Truman,other/unclear,neutral,"President Truman vetoed on the average, while he was President, about 38 bills a year.",Fixed-rubric classification from the supplied sentence context.,narration,former_president,AI-classified; not human-validated
c79230b65567c92693bdf16d,Jimmy Carter,Dwight D. Eisenhower,/the-presidency/presidential-speeches/september-23-1976-debate-president-gerald-ford-domestic-issues,108,1976-09-23 17:00:00,The Cold War,President Eisenhower,institutional precedent,neutral,President Eisenhower worked with a Democratic Congress very well.,Fixed-rubric classification from the supplied sentence context.,narration,former_president,AI-classified; not human-validated
e20ffc1dfe9c84da7ed3d10b,Jimmy Carter,Richard M. Nixon,/the-presidency/presidential-speeches/september-23-1976-debate-president-gerald-ford-domestic-issues,108,1976-09-23 17:00:00,The Cold War,President Nixon,institutional precedent,neutral,"Even President Nixon, because he was a strong leader, at least, worked with a Democratic Congress very well.",Fixed-rubric classification from the supplied sentence context.,narration,former_president,AI-classified; not human-validated
e6683c0d43e0af8a1b836717,Jimmy Carter,Gerald Ford,/the-presidency/presidential-speeches/september-23-1976-debate-president-gerald-ford-domestic-issues,109,1976-09-23 17:00:00,The Cold War,Mr. Ford,other/unclear,neutral,Mr.,Fixed-rubric classification from the supplied sentence context.,narration,serving_or_contemporary,AI-classified; not human-validated
4e9e7a1f1b036e479202497e,Jimmy Carter,Richard M. Nixon,/the-presidency/presidential-speeches/september-23-1976-debate-president-gerald-ford-domestic-issues,109,1976-09-23 17:00:00,The Cold War,Mr. Nixon,other/unclear,neutral,"Ford has vetoed, as I said earlier, four times as many bills per year as Mr.",Fixed-rubric classification from the supplied sentence context.,narration,former_president,AI-classified; not human-validated
80f422d91d3c95cd46377921,Jimmy Carter,Gerald Ford,/the-presidency/presidential-speeches/september-23-1976-debate-president-gerald-ford-domestic-issues,109,1976-09-23 17:00:00,The Cold War,Mr. Ford,other/unclear,neutral,Mr.,Fixed-rubric classification from the supplied sentence context.,narration,serving_or_contemporary,AI-classified; not human-validated
e5653d1da07023bbc8a55ae6,Jimmy Carter,Richard M. Nixon,/the-presidency/presidential-speeches/september-23-1976-debate-president-gerald-ford-domestic-issues,109,1976-09-23 17:00:00,The Cold War,President Nixon,other/unclear,neutral,I think under President Nixon and Eisenhower-they passed about 60 to 75 percent of their legislation.,Fixed-rubric classification from the supplied sentence context.,narration,former_president,AI-classified; not human-validated
2ae32b2e2e38af2743f3e74b,Jimmy Carter,Dwight D. Eisenhower,/the-presidency/presidential-speeches/september-23-1976-debate-president-gerald-ford-domestic-issues,109,1976-09-23 17:00:00,The Cold War,Eisenhower,other/unclear,neutral,I think under President Nixon and Eisenhower-they passed about 60 to 75 percent of their legislation.,Fixed-rubric classification from the supplied sentence context.,narration,former_president,AI-classified; not human-validated
76535dded1da6eb60312bbbc,Jimmy Carter,Gerald Ford,/the-presidency/presidential-speeches/september-23-1976-debate-president-gerald-ford-domestic-issues,109,1976-09-23 17:00:00,The Cold War,Mr. Ford,other/unclear,neutral,This year Mr.,Fixed-rubric classification from the supplied sentence context.,narration,serving_or_contemporary,AI-classified; not human-validated
181e3de273fc0e54bb696301,Jimmy Carter,Gerald Ford,/the-presidency/presidential-speeches/september-23-1976-debate-president-gerald-ford-domestic-issues,110,1976-09-23 17:00:00,The Cold War,Mr. Ford,institutional precedent,neutral,And I don't think it's-the Congress is Mr.,Fixed-rubric classification from the supplied sentence context.,narration,serving_or_contemporary,AI-classified; not human-validated
caf7fd9989291f908b4e3bda,Jimmy Carter,Richard M. Nixon,/the-presidency/presidential-speeches/september-23-1976-debate-president-gerald-ford-domestic-issues,110,1976-09-23 17:00:00,The Cold War,Nixon,institutional precedent,neutral,"But if he insists that I be responsible for the Democratic Congress, of which I have not been a part, then I think it's only fair that he be responsible for the Nixon administration in its entirety, of which he was a part.",Fixed-rubric classification from the supplied sentence context.,narration,former_president,AI-classified; not human-validated
de2ba6e900bc4c27959d6676,Jimmy Carter,Gerald Ford,/the-presidency/presidential-speeches/september-23-1976-debate-president-gerald-ford-domestic-issues,111,1976-09-23 17:00:00,The Cold War,Mr. Ford,other/unclear,neutral,Mr.,Fixed-rubric classification from the supplied sentence context.,narration,serving_or_contemporary,AI-classified; not human-validated
22ebea7492c66361571bc7aa,Jimmy Carter,Gerald Ford,/the-presidency/presidential-speeches/september-23-1976-debate-president-gerald-ford-domestic-issues,111,1976-09-23 17:00:00,The Cold War,Mr. Ford,other/unclear,neutral,Mr.,Fixed-rubric classification from the supplied sentence context.,narration,serving_or_contemporary,AI-classified; not human-validated
64e1c77bd30b68f098fcf397,Jimmy Carter,Gerald Ford,/the-presidency/presidential-speeches/september-23-1976-debate-president-gerald-ford-domestic-issues,112,1976-09-23 17:00:00,The Cold War,President Ford,other/unclear,neutral,"President Ford, Governor Carter, we no longer have enough time for two complete sequences of questions.",Fixed-rubric classification from the supplied sentence context.,narration,serving_or_contemporary,AI-classified; not human-validated
4ccfb9c7c01a7bed87a9d902,Jimmy Carter,Gerald Ford,/the-presidency/presidential-speeches/september-23-1976-debate-president-gerald-ford-domestic-issues,117,1976-09-23 17:00:00,The Cold War,President Ford,other/unclear,neutral,"President Ford, your response.",Fixed-rubric classification from the supplied sentence context.,narration,serving_or_contemporary,AI-classified; not human-validated
5d5eb434bd3fdaa90f4a6acf,Jimmy Carter,George H. W. Bush,/the-presidency/presidential-speeches/september-23-1976-debate-president-gerald-ford-domestic-issues,121,1976-09-23 17:00:00,The Cold War,George Bush,other/unclear,positive,And I'm glad that we have a good Director in George Bush; we have good Executive orders.,Fixed-rubric classification from the supplied sentence context.,narration,not_yet_president,AI-classified; not human-validated
e870bdabd02112043ce68eb0,Jimmy Carter,Gerald Ford,/the-presidency/presidential-speeches/september-23-1976-debate-president-gerald-ford-domestic-issues,122,1976-09-23 17:00:00,The Cold War,President Ford,other/unclear,neutral,"The fault has been dealt with, and we want to thank President Ford and Governor Carter for being so patient and understanding while this delay went on.",Fixed-rubric classification from the supplied sentence context.,narration,serving_or_contemporary,AI-classified; not human-validated
a1bbcb924e8d314b9ddd721d,Jimmy Carter,Gerald Ford,/the-presidency/presidential-speeches/september-23-1976-debate-president-gerald-ford-domestic-issues,123,1976-09-23 17:00:00,The Cold War,President Ford,other/unclear,neutral,That question went to President Ford.,Fixed-rubric classification from the supplied sentence context.,narration,serving_or_contemporary,AI-classified; not human-validated
d04a25c92543b86bd15546db,Jimmy Carter,Gerald Ford,/the-presidency/presidential-speeches/september-23-1976-debate-president-gerald-ford-domestic-issues,123,1976-09-23 17:00:00,The Cold War,President Ford,other/unclear,neutral,"He will conclude that response now, after which President Ford and Governor Carter will make their closing statements.",Fixed-rubric classification from the supplied sentence context.,narration,serving_or_contemporary,AI-classified; not human-validated
40cdf05edf16dd59f1e0a5c9,Jimmy Carter,Gerald Ford,/the-presidency/presidential-speeches/september-23-1976-debate-president-gerald-ford-domestic-issues,129,1976-09-23 17:00:00,The Cold War,President Ford,other/unclear,neutral,President Ford.,Fixed-rubric classification from the supplied sentence context.,narration,serving_or_contemporary,AI-classified; not human-validated
244d770eda575f13966e115c,Jimmy Carter,Gerald Ford,/the-presidency/presidential-speeches/september-23-1976-debate-president-gerald-ford-domestic-issues,134,1976-09-23 17:00:00,The Cold War,President Ford,other/unclear,neutral,"Thank you, President Ford.",Fixed-rubric classification from the supplied sentence context.,narration,serving_or_contemporary,AI-classified; not human-validated
bea71ea48b82286323d1cb09,Joe Biden,Barack Obama,/the-presidency/presidential-speeches/september-24-2024-address-79th-united-nations-general-assembly,6,2024-09-24 14:12:00,The present era,President Obama,other/unclear,neutral,"As vice president to President Obama, he asked me to work to wind down the military operations in Iraq.",Fixed-rubric classification from the supplied sentence context.,narration,former_president,AI-classified; not human-validated
1e173b6d1837801dea189a04,George H. W. Bush,Ronald Reagan,/the-presidency/presidential-speeches/september-25-1988-debate-michael-dukakis,6,1988-09-25 17:00:00,The Cold War,President Reagan,other/unclear,neutral,"Are you suggesting, sir, that President Reagan is one of the causes of the drug problem in this country?",Fixed-rubric classification from the supplied sentence context.,narration,serving_or_contemporary,AI-classified; not human-validated
81ba5530d52183933e5f40f8,George H. W. Bush,John F. Kennedy,/the-presidency/presidential-speeches/september-25-1988-debate-michael-dukakis,15,1988-09-25 17:00:00,The Cold War,John Kennedy,other/unclear,neutral,John Kennedy proposed cutting capital gains.,Fixed-rubric classification from the supplied sentence context.,narration,former_president,AI-classified; not human-validated
4596af62a3d0041924827a7f,George H. W. Bush,George Washington,/the-presidency/presidential-speeches/september-25-1988-debate-michael-dukakis,20,1988-09-25 17:00:00,The Cold War,George Washington,other/unclear,neutral,We've run up more debt in the last eight years than under all the Presidents from George Washington to Jimmy Carter combined.,Fixed-rubric classification from the supplied sentence context.,narration,former_president,AI-classified; not human-validated
e090848899918058728c00d8,George H. W. Bush,Jimmy Carter,/the-presidency/presidential-speeches/september-25-1988-debate-michael-dukakis,20,1988-09-25 17:00:00,The Cold War,Jimmy Carter,other/unclear,neutral,We've run up more debt in the last eight years than under all the Presidents from George Washington to Jimmy Carter combined.,Fixed-rubric classification from the supplied sentence context.,narration,former_president,AI-classified; not human-validated
98ed9fac3fae9a86b550d6c7,George H. W. Bush,Ronald Reagan,/the-presidency/presidential-speeches/september-25-1988-debate-michael-dukakis,57,1988-09-25 17:00:00,The Cold War,President Reagan,other/unclear,positive,"But if we spend and spend and spend, that is going to wrap up the housing market, and we'll go right back to the days of the misery index and malaise that President Reagan and I have overcome - thank God for the United States on that one.",Fixed-rubric classification from the supplied sentence context.,narration,serving_or_contemporary,AI-classified; not human-validated
bd03a50a80bab6fe85ffc964,George H. W. Bush,Ronald Reagan,/the-presidency/presidential-speeches/september-25-1988-debate-michael-dukakis,78,1988-09-25 17:00:00,The Cold War,Mr. Reagan,other/unclear,neutral,Bush said about Mr.,Fixed-rubric classification from the supplied sentence context.,narration,serving_or_contemporary,AI-classified; not human-validated
a1df6f8c0d7e69310a800c69,George H. W. Bush,Franklin D. Roosevelt,/the-presidency/presidential-speeches/september-25-1988-debate-michael-dukakis,78,1988-09-25 17:00:00,The Cold War,Franklin Roosevelt,other/unclear,neutral,"And yet some of our finest Presidents, some of our strongest international leaders were governors - Franklin Roosevelt, Woodrow Wilson, Theodore Roosevelt.",Fixed-rubric classification from the supplied sentence context.,narration,former_president,AI-classified; not human-validated
a5cc4349f00e82de7f7fdfcd,George H. W. Bush,Woodrow Wilson,/the-presidency/presidential-speeches/september-25-1988-debate-michael-dukakis,78,1988-09-25 17:00:00,The Cold War,Woodrow Wilson,other/unclear,neutral,"And yet some of our finest Presidents, some of our strongest international leaders were governors - Franklin Roosevelt, Woodrow Wilson, Theodore Roosevelt.",Fixed-rubric classification from the supplied sentence context.,narration,former_president,AI-classified; not human-validated
f70921f58336eb81e92c4ddb,George H. W. Bush,Theodore Roosevelt,/the-presidency/presidential-speeches/september-25-1988-debate-michael-dukakis,78,1988-09-25 17:00:00,The Cold War,Theodore Roosevelt,other/unclear,neutral,"And yet some of our finest Presidents, some of our strongest international leaders were governors - Franklin Roosevelt, Woodrow Wilson, Theodore Roosevelt.",Fixed-rubric classification from the supplied sentence context.,narration,former_president,AI-classified; not human-validated
cbeeeac4cc59bdfda00a4af4,George H. W. Bush,Ronald Reagan,/the-presidency/presidential-speeches/september-25-1988-debate-michael-dukakis,92,1988-09-25 17:00:00,The Cold War,President Reagan,other/unclear,neutral,"Yet, President Reagan has signed two arms control treaties and he's promised to share Star Wars technology with the very country he once called the evil empire.",Fixed-rubric classification from the supplied sentence context.,narration,serving_or_contemporary,AI-classified; not human-validated
fc7fb4b6866f5053b578f0fb,George H. W. Bush,Jimmy Carter,/the-presidency/presidential-speeches/september-25-1988-debate-michael-dukakis,112,1988-09-25 17:00:00,The Cold War,Jimmy Carter,other/unclear,neutral,"Jimmy Carter urged his Vice President, Walter Mondale, to tell the American people.",Fixed-rubric classification from the supplied sentence context.,narration,former_president,AI-classified; not human-validated
97dde286b13b2b30bd2581e5,George H. W. Bush,Ronald Reagan,/the-presidency/presidential-speeches/september-25-1988-debate-michael-dukakis,112,1988-09-25 17:00:00,The Cold War,President Reagan,other/unclear,neutral,Would you now ask President Reagan for permission to tell the American people what advice you did give him?,Fixed-rubric classification from the supplied sentence context.,narration,serving_or_contemporary,AI-classified; not human-validated
00c56fcc72ca34a2d823187c,George H. W. Bush,Ronald Reagan,/the-presidency/presidential-speeches/september-25-1988-debate-michael-dukakis,114,1988-09-25 17:00:00,The Cold War,Ronald Reagan,institutional precedent,mixed,"He can talk about Iran-Contra and also - I'll make a deal with you, I will take the blame for those two incidents if you give me half the credit for all the good things that have happened in world peace since Ronald Reagan and I took over from the Carter administration.",Fixed-rubric classification from the supplied sentence context.,narration,serving_or_contemporary,AI-classified; not human-validated
7d56f329a5385b18c6d8bfa6,Donald Trump,James Monroe,/the-presidency/presidential-speeches/september-25-2018-address-73rd-session-united-nations-general,29,2018-09-25 14:30:00,The present era,President Monroe,policy inheritance,neutral,It has been the formal policy of our country since President Monroe that we reject the interference of foreign nations in this hemisphere and in our own affairs.,Fixed-rubric classification from the supplied sentence context.,narration,former_president,AI-classified; not human-validated
b0a1228d0c3b84caca4028d8,John F. Kennedy,Richard M. Nixon,/the-presidency/presidential-speeches/september-26-1960-debate-richard-nixon-chicago,0,1960-09-26 17:00:00,The Cold War,Richard M. Nixon,contemporary rivalry,neutral,"The Republican candidate, Vice President Richard M.",Fixed-rubric classification from the supplied sentence context.,narration,serving_or_contemporary,AI-classified; not human-validated
82c3983eb55b950dff30df15,John F. Kennedy,Richard M. Nixon,/the-presidency/presidential-speeches/september-26-1960-debate-richard-nixon-chicago,1,1960-09-26 17:00:00,The Cold War,Mr. Nixon,other/unclear,neutral,"Smith, Mr.",Fixed-rubric classification from the supplied sentence context.,narration,serving_or_contemporary,AI-classified; not human-validated
04f86c95424948bf9307865b,John F. Kennedy,Abraham Lincoln,/the-presidency/presidential-speeches/september-26-1960-debate-richard-nixon-chicago,1,1960-09-26 17:00:00,The Cold War,Abraham Lincoln,other/unclear,neutral,"In the election of 1860, Abraham Lincoln said the question was whether this nation could exist half-slave or half-free.",Fixed-rubric classification from the supplied sentence context.,narration,former_president,AI-classified; not human-validated
bd1f3e162eaa1f759544bee8,John F. Kennedy,Franklin D. Roosevelt,/the-presidency/presidential-speeches/september-26-1960-debate-richard-nixon-chicago,9,1960-09-26 17:00:00,The Cold War,Franklin Roosevelt,other/unclear,positive,The reason Franklin Roosevelt was a good neighbor in Latin America was because he was a good neighbor in the United States.,Fixed-rubric classification from the supplied sentence context.,narration,former_president,AI-classified; not human-validated
dd38327cc975ce998c8acbfc,John F. Kennedy,Franklin D. Roosevelt,/the-presidency/presidential-speeches/september-26-1960-debate-richard-nixon-chicago,9,1960-09-26 17:00:00,The Cold War,Franklin Roosevelt,other/unclear,neutral,"In 1933, Franklin Roosevelt said in his inaugural that this generation of Americans has a rendezvous with destiny.",Fixed-rubric classification from the supplied sentence context.,narration,former_president,AI-classified; not human-validated
8a38499325e7e856dc05deee,John F. Kennedy,Richard M. Nixon,/the-presidency/presidential-speeches/september-26-1960-debate-richard-nixon-chicago,11,1960-09-26 17:00:00,The Cold War,Richard M. Nixon,other/unclear,neutral,SMITH: And now the opening statement by Vice President Richard M.,Fixed-rubric classification from the supplied sentence context.,narration,serving_or_contemporary,AI-classified; not human-validated
c2dee1e51831367a7f92eb38,John F. Kennedy,Richard M. Nixon,/the-presidency/presidential-speeches/september-26-1960-debate-richard-nixon-chicago,11,1960-09-26 17:00:00,The Cold War,MR. NIXON,other/unclear,neutral,MR.,Fixed-rubric classification from the supplied sentence context.,narration,serving_or_contemporary,AI-classified; not human-validated
043b6f8c1253e7eead0ff37a,John F. Kennedy,Harry S. Truman,/the-presidency/presidential-speeches/september-26-1960-debate-richard-nixon-chicago,13,1960-09-26 17:00:00,The Cold War,Truman,institutional precedent,neutral,We have the record of the Truman Administration of seven and a half years and the seven and a half years of the Eisenhower Administration.,Fixed-rubric classification from the supplied sentence context.,narration,former_president,AI-classified; not human-validated
be4ba11ef3105259968060ab,John F. Kennedy,Dwight D. Eisenhower,/the-presidency/presidential-speeches/september-26-1960-debate-richard-nixon-chicago,13,1960-09-26 17:00:00,The Cold War,Eisenhower,institutional precedent,neutral,We have the record of the Truman Administration of seven and a half years and the seven and a half years of the Eisenhower Administration.,Fixed-rubric classification from the supplied sentence context.,narration,serving_or_contemporary,AI-classified; not human-validated
40bb251b7c12d7b4b1bbf806,John F. Kennedy,Dwight D. Eisenhower,/the-presidency/presidential-speeches/september-26-1960-debate-richard-nixon-chicago,15,1960-09-26 17:00:00,The Cold War,Eisenhower,institutional precedent,neutral,We find that your wages have gone up five times as much in the Eisenhower Administration as they did in the Truman Administration.,Fixed-rubric classification from the supplied sentence context.,narration,serving_or_contemporary,AI-classified; not human-validated
9d78d94d672503c798052fcd,John F. Kennedy,Harry S. Truman,/the-presidency/presidential-speeches/september-26-1960-debate-richard-nixon-chicago,15,1960-09-26 17:00:00,The Cold War,Truman,institutional precedent,neutral,We find that your wages have gone up five times as much in the Eisenhower Administration as they did in the Truman Administration.,Fixed-rubric classification from the supplied sentence context.,narration,former_president,AI-classified; not human-validated
bea09226c0f28142de60568d,John F. Kennedy,Harry S. Truman,/the-presidency/presidential-speeches/september-26-1960-debate-richard-nixon-chicago,16,1960-09-26 17:00:00,The Cold War,Truman,institutional precedent,neutral,We find that the prices you pay went up five times as much in the Truman Administration as they did in the Eisenhower Administration.,Fixed-rubric classification from the supplied sentence context.,narration,former_president,AI-classified; not human-validated
5b74da4b777de16c7542f1ba,John F. Kennedy,Dwight D. Eisenhower,/the-presidency/presidential-speeches/september-26-1960-debate-richard-nixon-chicago,16,1960-09-26 17:00:00,The Cold War,Eisenhower,institutional precedent,neutral,We find that the prices you pay went up five times as much in the Truman Administration as they did in the Eisenhower Administration.,Fixed-rubric classification from the supplied sentence context.,narration,serving_or_contemporary,AI-classified; not human-validated
13bf58c03d4e1fcebb1ebee5,John F. Kennedy,Dwight D. Eisenhower,/the-presidency/presidential-speeches/september-26-1960-debate-richard-nixon-chicago,16,1960-09-26 17:00:00,The Cold War,Eisenhower,other/unclear,neutral,This means that the average family income went up fifteen per cent in the Eisenhower years as against two per cent in the Truman years.,Fixed-rubric classification from the supplied sentence context.,narration,serving_or_contemporary,AI-classified; not human-validated
c9e5921b7d53acf5c366c502,John F. Kennedy,Harry S. Truman,/the-presidency/presidential-speeches/september-26-1960-debate-richard-nixon-chicago,16,1960-09-26 17:00:00,The Cold War,Truman,other/unclear,neutral,This means that the average family income went up fifteen per cent in the Eisenhower years as against two per cent in the Truman years.,Fixed-rubric classification from the supplied sentence context.,narration,former_president,AI-classified; not human-validated
4cbda36c816ecae7611d8364,John F. Kennedy,Harry S. Truman,/the-presidency/presidential-speeches/september-26-1960-debate-richard-nixon-chicago,17,1960-09-26 17:00:00,The Cold War,Truman,institutional precedent,neutral,They seem to be simply retreads of the programs of the Truman Administration which preceded it.,Fixed-rubric classification from the supplied sentence context.,narration,former_president,AI-classified; not human-validated
62cbde2a0629b3bd2a42b96b,John F. Kennedy,Richard M. Nixon,/the-presidency/presidential-speeches/september-26-1960-debate-richard-nixon-chicago,22,1960-09-26 17:00:00,The Cold War,Mr. Nixon,other/unclear,neutral,"SMITH: Thank you, Mr.",Fixed-rubric classification from the supplied sentence context.,narration,serving_or_contemporary,AI-classified; not human-validated
366456c444a2aa09a1acd992,John F. Kennedy,Woodrow Wilson,/the-presidency/presidential-speeches/september-26-1960-debate-richard-nixon-chicago,23,1960-09-26 17:00:00,The Cold War,Woodrow Wilson,other/unclear,neutral,"I come out of the Democratic party, which in this century has produced Woodrow Wilson and Franklin Roosevelt and Harry Truman, and which supported and sustained these programs which I've discussed tonight.",Fixed-rubric classification from the supplied sentence context.,narration,former_president,AI-classified; not human-validated
dec85afd62c9795dace1728c,John F. Kennedy,Franklin D. Roosevelt,/the-presidency/presidential-speeches/september-26-1960-debate-richard-nixon-chicago,23,1960-09-26 17:00:00,The Cold War,Franklin Roosevelt,other/unclear,neutral,"I come out of the Democratic party, which in this century has produced Woodrow Wilson and Franklin Roosevelt and Harry Truman, and which supported and sustained these programs which I've discussed tonight.",Fixed-rubric classification from the supplied sentence context.,narration,former_president,AI-classified; not human-validated
785d134038b6f0b578ab8606,John F. Kennedy,Harry S. Truman,/the-presidency/presidential-speeches/september-26-1960-debate-richard-nixon-chicago,23,1960-09-26 17:00:00,The Cold War,Truman,other/unclear,neutral,"I come out of the Democratic party, which in this century has produced Woodrow Wilson and Franklin Roosevelt and Harry Truman, and which supported and sustained these programs which I've discussed tonight.",Fixed-rubric classification from the supplied sentence context.,narration,former_president,AI-classified; not human-validated
e0d478642200cbf12cd86d23,John F. Kennedy,Richard M. Nixon,/the-presidency/presidential-speeches/september-26-1960-debate-richard-nixon-chicago,24,1960-09-26 17:00:00,The Cold War,Mr. Nixon,other/unclear,neutral,Mr.,Fixed-rubric classification from the supplied sentence context.,narration,serving_or_contemporary,AI-classified; not human-validated
a659d5b2db0a530eacd20855,John F. Kennedy,Richard M. Nixon,/the-presidency/presidential-speeches/september-26-1960-debate-richard-nixon-chicago,24,1960-09-26 17:00:00,The Cold War,Mr. Nixon,other/unclear,neutral,I think Mr.,Fixed-rubric classification from the supplied sentence context.,narration,serving_or_contemporary,AI-classified; not human-validated
9f12680b8cd81dfb04aeb977,John F. Kennedy,Richard M. Nixon,/the-presidency/presidential-speeches/september-26-1960-debate-richard-nixon-chicago,25,1960-09-26 17:00:00,The Cold War,Mr. Nixon,other/unclear,neutral,SMITH: Mr.,Fixed-rubric classification from the supplied sentence context.,narration,serving_or_contemporary,AI-classified; not human-validated
1f2b97b4d75c926d19586c37,John F. Kennedy,Richard M. Nixon,/the-presidency/presidential-speeches/september-26-1960-debate-richard-nixon-chicago,25,1960-09-26 17:00:00,The Cold War,Mr. NIXON,other/unclear,neutral,Mr.,Fixed-rubric classification from the supplied sentence context.,narration,serving_or_contemporary,AI-classified; not human-validated
af04cacfa5fd9a6e82ece5da,John F. Kennedy,Richard M. Nixon,/the-presidency/presidential-speeches/september-26-1960-debate-richard-nixon-chicago,26,1960-09-26 17:00:00,The Cold War,MR. NIXON,other/unclear,neutral,MR.,Fixed-rubric classification from the supplied sentence context.,narration,serving_or_contemporary,AI-classified; not human-validated
b770bdf8051a88ea044a4fe2,John F. Kennedy,Richard M. Nixon,/the-presidency/presidential-speeches/september-26-1960-debate-richard-nixon-chicago,28,1960-09-26 17:00:00,The Cold War,Mr. Nixon,other/unclear,neutral,"KENNEDY: Well, I would say in the latter that the - and that's what I found uh - somewhat unsatisfactory about the figures uh - Mr.",Fixed-rubric classification from the supplied sentence context.,narration,serving_or_contemporary,AI-classified; not human-validated
4868840232060c156598a7ab,John F. Kennedy,Harry S. Truman,/the-presidency/presidential-speeches/september-26-1960-debate-richard-nixon-chicago,28,1960-09-26 17:00:00,The Cold War,Truman,institutional precedent,neutral,"Nixon, that you used in your previous speech, when you talked about the Truman Administration.",Fixed-rubric classification from the supplied sentence context.,narration,former_president,AI-classified; not human-validated
0c504ea76fe432d8e1656cf5,John F. Kennedy,Harry S. Truman,/the-presidency/presidential-speeches/september-26-1960-debate-richard-nixon-chicago,28,1960-09-26 17:00:00,The Cold War,Mr. Truman,other/unclear,neutral,You - Mr.,Fixed-rubric classification from the supplied sentence context.,narration,former_president,AI-classified; not human-validated
aaabc3c2d169871b15142657,John F. Kennedy,Richard M. Nixon,/the-presidency/presidential-speeches/september-26-1960-debate-richard-nixon-chicago,35,1960-09-26 17:00:00,The Cold War,Mr. Nixon,other/unclear,neutral,SMITH: Mr.,Fixed-rubric classification from the supplied sentence context.,narration,serving_or_contemporary,AI-classified; not human-validated
1ef1c76ed383f0d65a6aa652,John F. Kennedy,Richard M. Nixon,/the-presidency/presidential-speeches/september-26-1960-debate-richard-nixon-chicago,35,1960-09-26 17:00:00,The Cold War,MR. NIXON,other/unclear,neutral,MR.,Fixed-rubric classification from the supplied sentence context.,narration,serving_or_contemporary,AI-classified; not human-validated
ad09ab3f84925e62ffde44b8,John F. Kennedy,Richard M. Nixon,/the-presidency/presidential-speeches/september-26-1960-debate-richard-nixon-chicago,37,1960-09-26 17:00:00,The Cold War,President Nixon,other/unclear,neutral,SMITH: The next question to Vice President Nixon from Mr.,Fixed-rubric classification from the supplied sentence context.,narration,serving_or_contemporary,AI-classified; not human-validated
5482de994b2e9a4bbc04f8d0,John F. Kennedy,Dwight D. Eisenhower,/the-presidency/presidential-speeches/september-26-1960-debate-richard-nixon-chicago,37,1960-09-26 17:00:00,The Cold War,President Eisenhower,legacy/inheritance,neutral,"Now, in his news conference on August twenty-fourth, President Eisenhower was asked to give one example of a major idea of yours that he adopted.",Fixed-rubric classification from the supplied sentence context.,narration,serving_or_contemporary,AI-classified; not human-validated
aa296261ff9e9ce3ddb2b536,John F. Kennedy,Dwight D. Eisenhower,/the-presidency/presidential-speeches/september-26-1960-debate-richard-nixon-chicago,37,1960-09-26 17:00:00,The Cold War,President Eisenhower,contemporary rivalry,neutral,""" Now that was a month ago, sir, and the President hasn't brought it up since, and I'm wondering, sir, if you can clarify which version is correct - the one put out by Republican campaign leaders or the one put out by President Eisenhower?",Fixed-rubric classification from the supplied sentence context.,deliberate_quotation,serving_or_contemporary,AI-classified; not human-validated
315b9f310df012abd7390219,John F. Kennedy,Richard M. Nixon,/the-presidency/presidential-speeches/september-26-1960-debate-richard-nixon-chicago,38,1960-09-26 17:00:00,The Cold War,MR. NIXON,other/unclear,neutral,MR.,Fixed-rubric classification from the supplied sentence context.,narration,serving_or_contemporary,AI-classified; not human-validated
f2e086b57b64c3c99fa64791,John F. Kennedy,Abraham Lincoln,/the-presidency/presidential-speeches/september-26-1960-debate-richard-nixon-chicago,41,1960-09-26 17:00:00,The Cold War,Abraham Lincoln,other/unclear,neutral,Abraham Lincoln came to the presidency in 1860 after a rather little known uh - session in the House of Representatives and after being defeated for the Senate in fifty-eight and was a distinguished president.,Fixed-rubric classification from the supplied sentence context.,narration,former_president,AI-classified; not human-validated
7f13484ce295db21d029bc6e,John F. Kennedy,Richard M. Nixon,/the-presidency/presidential-speeches/september-26-1960-debate-richard-nixon-chicago,45,1960-09-26 17:00:00,The Cold War,Nixon,policy inheritance,neutral,"The program - the Javits-Nixon or the Nixon-Javits program - would have cost, if fully used uh - six hundred million dollars by the government per year, and six hundred million dollars by the state.",Fixed-rubric classification from the supplied sentence context.,narration,serving_or_contemporary,AI-classified; not human-validated
236162fb6f9fb160b5a806e6,John F. Kennedy,Richard M. Nixon,/the-presidency/presidential-speeches/september-26-1960-debate-richard-nixon-chicago,45,1960-09-26 17:00:00,The Cold War,Nixon,policy inheritance,neutral,"The program - the Javits-Nixon or the Nixon-Javits program - would have cost, if fully used uh - six hundred million dollars by the government per year, and six hundred million dollars by the state.",Fixed-rubric classification from the supplied sentence context.,narration,serving_or_contemporary,AI-classified; not human-validated
207f487752ffd5a60bac42f2,John F. Kennedy,Richard M. Nixon,/the-presidency/presidential-speeches/september-26-1960-debate-richard-nixon-chicago,47,1960-09-26 17:00:00,The Cold War,Mr. Nixon,other/unclear,neutral,"Otherwise, with a steady rate of economic growth - and Mr.",Fixed-rubric classification from the supplied sentence context.,narration,serving_or_contemporary,AI-classified; not human-validated
4668535fc835188f6089bc82,John F. Kennedy,Richard M. Nixon,/the-presidency/presidential-speeches/september-26-1960-debate-richard-nixon-chicago,48,1960-09-26 17:00:00,The Cold War,Mr. Nixon,other/unclear,neutral,SMITH: Mr.,Fixed-rubric classification from the supplied sentence context.,narration,serving_or_contemporary,AI-classified; not human-validated
205fdacf44f00bc4904867c7,John F. Kennedy,Richard M. Nixon,/the-presidency/presidential-speeches/september-26-1960-debate-richard-nixon-chicago,48,1960-09-26 17:00:00,The Cold War,MR. NIXON,other/unclear,neutral,MR.,Fixed-rubric classification from the supplied sentence context.,narration,serving_or_contemporary,AI-classified; not human-validated
44f1215d43464b62b01a1e71,John F. Kennedy,Richard M. Nixon,/the-presidency/presidential-speeches/september-26-1960-debate-richard-nixon-chicago,51,1960-09-26 17:00:00,The Cold War,President Nixon,other/unclear,neutral,SMITH: The next question to Vice President Nixon from Mr.,Fixed-rubric classification from the supplied sentence context.,narration,serving_or_contemporary,AI-classified; not human-validated
edb9900f8edd0a127d37b8b4,John F. Kennedy,Richard M. Nixon,/the-presidency/presidential-speeches/september-26-1960-debate-richard-nixon-chicago,52,1960-09-26 17:00:00,The Cold War,MR. NIXON,other/unclear,neutral,MR.,Fixed-rubric classification from the supplied sentence context.,narration,serving_or_contemporary,AI-classified; not human-validated
1ed1b7993b73ce3d1009784d,John F. Kennedy,Richard M. Nixon,/the-presidency/presidential-speeches/september-26-1960-debate-richard-nixon-chicago,57,1960-09-26 17:00:00,The Cold War,Nixon,other/unclear,neutral,"Nixon and I disagreed, and his tie vote uh - defeated his breaking the tie defeated the proposal.",Fixed-rubric classification from the supplied sentence context.,narration,serving_or_contemporary,AI-classified; not human-validated
fa4a7e6717b40edf63578ae7,John F. Kennedy,Richard M. Nixon,/the-presidency/presidential-speeches/september-26-1960-debate-richard-nixon-chicago,63,1960-09-26 17:00:00,The Cold War,Mr. Nixon,other/unclear,neutral,SMITH: Mr.,Fixed-rubric classification from the supplied sentence context.,narration,serving_or_contemporary,AI-classified; not human-validated
e644b3e0f43087199f843d8d,John F. Kennedy,Richard M. Nixon,/the-presidency/presidential-speeches/september-26-1960-debate-richard-nixon-chicago,63,1960-09-26 17:00:00,The Cold War,MR. NIXON,other/unclear,neutral,MR.,Fixed-rubric classification from the supplied sentence context.,narration,serving_or_contemporary,AI-classified; not human-validated
71d6c99fc8b81c18ea2e8860,John F. Kennedy,Richard M. Nixon,/the-presidency/presidential-speeches/september-26-1960-debate-richard-nixon-chicago,65,1960-09-26 17:00:00,The Cold War,President Nixon,other/unclear,neutral,SMITH: The next question to Vice President Nixon fa- from Mr.,Fixed-rubric classification from the supplied sentence context.,narration,serving_or_contemporary,AI-classified; not human-validated
6e6e64006604bab3955dc0dc,John F. Kennedy,Richard M. Nixon,/the-presidency/presidential-speeches/september-26-1960-debate-richard-nixon-chicago,65,1960-09-26 17:00:00,The Cold War,MR. NIXON,other/unclear,neutral,MR.,Fixed-rubric classification from the supplied sentence context.,narration,serving_or_contemporary,AI-classified; not human-validated
a3175b1b8561a95338391a8c,John F. Kennedy,Dwight D. Eisenhower,/the-presidency/presidential-speeches/september-26-1960-debate-richard-nixon-chicago,67,1960-09-26 17:00:00,The Cold War,President Eisenhower,institutional precedent,neutral,"And the reason President Eisenhower's vetoes have been sustained - the reason the Congress does not send up bills to him which they think will be vetoed - is because the people and the Congress, the majority of them, know the country is behind the President.",Fixed-rubric classification from the supplied sentence context.,narration,serving_or_contemporary,AI-classified; not human-validated
7c8d3f43d0802f8a70d33c18,John F. Kennedy,Richard M. Nixon,/the-presidency/presidential-speeches/september-26-1960-debate-richard-nixon-chicago,69,1960-09-26 17:00:00,The Cold War,Nixon,other/unclear,neutral,"Nixon, this morning in your proposal.",Fixed-rubric classification from the supplied sentence context.,narration,serving_or_contemporary,AI-classified; not human-validated
3d7016992330b4c5c157dbce,John F. Kennedy,Richard M. Nixon,/the-presidency/presidential-speeches/september-26-1960-debate-richard-nixon-chicago,72,1960-09-26 17:00:00,The Cold War,Mr. Nixon,other/unclear,neutral,SMITH: Mr.,Fixed-rubric classification from the supplied sentence context.,narration,serving_or_contemporary,AI-classified; not human-validated
f6b5caa8dc7c543a87fca5d7,John F. Kennedy,Richard M. Nixon,/the-presidency/presidential-speeches/september-26-1960-debate-richard-nixon-chicago,72,1960-09-26 17:00:00,The Cold War,MR. NIXON,other/unclear,neutral,MR.,Fixed-rubric classification from the supplied sentence context.,narration,serving_or_contemporary,AI-classified; not human-validated
3a054e807f959a5691d22507,John F. Kennedy,Richard M. Nixon,/the-presidency/presidential-speeches/september-26-1960-debate-richard-nixon-chicago,75,1960-09-26 17:00:00,The Cold War,President Nixon,other/unclear,neutral,Vanocur's question for Vice President Nixon.,Fixed-rubric classification from the supplied sentence context.,narration,serving_or_contemporary,AI-classified; not human-validated
1527fe0462f20d9d621e3d64,John F. Kennedy,Dwight D. Eisenhower,/the-presidency/presidential-speeches/september-26-1960-debate-richard-nixon-chicago,75,1960-09-26 17:00:00,The Cold War,Eisenhower,institutional precedent,neutral,"Uh - Were you claiming that the Eisenhower Administration was responsible for the building of these schools, or is it the local school districts that provide for it?",Fixed-rubric classification from the supplied sentence context.,narration,serving_or_contemporary,AI-classified; not human-validated
9ea7ec608b1f51b11747d956,John F. Kennedy,Richard M. Nixon,/the-presidency/presidential-speeches/september-26-1960-debate-richard-nixon-chicago,76,1960-09-26 17:00:00,The Cold War,MR. NIXON,other/unclear,neutral,MR.,Fixed-rubric classification from the supplied sentence context.,narration,serving_or_contemporary,AI-classified; not human-validated
64add8f6cdf777ff6173accd,John F. Kennedy,Dwight D. Eisenhower,/the-presidency/presidential-speeches/september-26-1960-debate-richard-nixon-chicago,77,1960-09-26 17:00:00,The Cold War,Eisenhower,legacy/inheritance,neutral,"Now, the reason the Eisenhower Administration has moved, the reason that we've had the funds, for example, locally to build the schools, and the hospitals, and the highways, to make the progress that we have, is because this Administration has encouraged individual enterprise; and it has resulted in the greatest expansion of the private sector of the economy that has ever been witnessed in an eight-year period.",Fixed-rubric classification from the supplied sentence context.,narration,serving_or_contemporary,AI-classified; not human-validated
49f5c33c1fb615be20b2cf59,John F. Kennedy,Richard M. Nixon,/the-presidency/presidential-speeches/september-26-1960-debate-richard-nixon-chicago,79,1960-09-26 17:00:00,The Cold War,President Nixon,other/unclear,neutral,"Vice President Nixon, will you make the first summation?",Fixed-rubric classification from the supplied sentence context.,narration,serving_or_contemporary,AI-classified; not human-validated
9f6d30ba8cc79640af186131,John F. Kennedy,Richard M. Nixon,/the-presidency/presidential-speeches/september-26-1960-debate-richard-nixon-chicago,80,1960-09-26 17:00:00,The Cold War,MR. NIXON,other/unclear,neutral,MR.,Fixed-rubric classification from the supplied sentence context.,narration,serving_or_contemporary,AI-classified; not human-validated
13eef0f8525c63c64f6e5d16,John F. Kennedy,Harry S. Truman,/the-presidency/presidential-speeches/september-26-1960-debate-richard-nixon-chicago,83,1960-09-26 17:00:00,The Cold War,Truman,institutional precedent,neutral,The other point that I would make is this: this downgrading of how much things cost I think many of our people will understand better when they look at what happened when - during the Truman Administration when the government was spending more than it took in - we found savings over a lifetime eaten up by inflation.,Fixed-rubric classification from the supplied sentence context.,narration,former_president,AI-classified; not human-validated
729788283c96d2ac5b5ae8cf,John F. Kennedy,Richard M. Nixon,/the-presidency/presidential-speeches/september-26-1960-debate-richard-nixon-chicago,85,1960-09-26 17:00:00,The Cold War,Mr. Nixon,other/unclear,neutral,KENNEDY: The point was made by Mr.,Fixed-rubric classification from the supplied sentence context.,narration,serving_or_contemporary,AI-classified; not human-validated
bcb81be274dfec9b87b82f6a,John F. Kennedy,Richard M. Nixon,/the-presidency/presidential-speeches/september-26-1960-debate-richard-nixon-chicago,87,1960-09-26 17:00:00,The Cold War,Mr. Nixon,other/unclear,neutral,I think you should vote for Mr.,Fixed-rubric classification from the supplied sentence context.,narration,serving_or_contemporary,AI-classified; not human-validated
326ba3278ffcdcb725fa4995,John F. Kennedy,Franklin D. Roosevelt,/the-presidency/presidential-speeches/september-26-1960-debate-richard-nixon-chicago,87,1960-09-26 17:00:00,The Cold War,Franklin Roosevelt,historical comparison,neutral,"But if you feel that we have to move again in the sixties, that the function of the president is to set before the people the unfinished business of our society as Franklin Roosevelt did in the thirties, the agenda for our people - what we must do as a society to meet our needs in this country and protect our security and help the cause of freedom.",Fixed-rubric classification from the supplied sentence context.,narration,former_president,AI-classified; not human-validated
142a5faddd61aa9e8e76f3b1,John F. Kennedy,Thomas Jefferson,/the-presidency/presidential-speeches/september-26-1963-address-mormon-tabernacle,4,1963-09-26 17:00:00,The Cold War,Thomas Jefferson,other/unclear,neutral,"Thomas Jefferson and John Adams, who developed the Northwest Ordinance, which put so much emphasis on education - Thomas Jefferson once said that any nation which expected to be ignorant and free, hopes for what never was and never will be.",Fixed-rubric classification from the supplied sentence context.,narration,former_president,AI-classified; not human-validated
fffe0a43f1a393763b0b0139,John F. Kennedy,John Adams,/the-presidency/presidential-speeches/september-26-1963-address-mormon-tabernacle,4,1963-09-26 17:00:00,The Cold War,John Adams,other/unclear,neutral,"Thomas Jefferson and John Adams, who developed the Northwest Ordinance, which put so much emphasis on education - Thomas Jefferson once said that any nation which expected to be ignorant and free, hopes for what never was and never will be.",Fixed-rubric classification from the supplied sentence context.,narration,former_president,AI-classified; not human-validated
8077598a4bef150f640c3068,John F. Kennedy,Thomas Jefferson,/the-presidency/presidential-speeches/september-26-1963-address-mormon-tabernacle,4,1963-09-26 17:00:00,The Cold War,Thomas Jefferson,other/unclear,neutral,"Thomas Jefferson and John Adams, who developed the Northwest Ordinance, which put so much emphasis on education - Thomas Jefferson once said that any nation which expected to be ignorant and free, hopes for what never was and never will be.",Fixed-rubric classification from the supplied sentence context.,narration,former_president,AI-classified; not human-validated
f9843107c98381884bcfa75c,John F. Kennedy,Franklin D. Roosevelt,/the-presidency/presidential-speeches/september-26-1963-address-mormon-tabernacle,6,1963-09-26 17:00:00,The Cold War,Franklin Roosevelt,historical comparison,neutral,"As Theodore and Franklin Roosevelt and Gifford Pinchot did it in years past, we must do it in the 1960's and 1970's.",Fixed-rubric classification from the supplied sentence context.,narration,former_president,AI-classified; not human-validated
ac91b5c455ac9b436724eaeb,John F. Kennedy,George Washington,/the-presidency/presidential-speeches/september-26-1963-address-mormon-tabernacle,19,1963-09-26 17:00:00,The Cold War,George Washington,other/unclear,neutral,"""No nation,"" George Washington wrote, ""is to be trusted farther than it is bound by its interest; and no prudent statesman or politician will depart from",Fixed-rubric classification from the supplied sentence context.,deliberate_quotation,former_president,AI-classified; not human-validated
195fcf07537f58fcc72aa762,John F. Kennedy,George Washington,/the-presidency/presidential-speeches/september-26-1963-address-mormon-tabernacle,21,1963-09-26 17:00:00,The Cold War,George Washington,other/unclear,neutral,"Therefore, accepting what George Washington said here, I realize that what George Washington said about no intangling alliances has been ended by science and technology and danger.",Fixed-rubric classification from the supplied sentence context.,narration,former_president,AI-classified; not human-validated
e63e02099da95b47256fe95a,John F. Kennedy,George Washington,/the-presidency/presidential-speeches/september-26-1963-address-mormon-tabernacle,21,1963-09-26 17:00:00,The Cold War,George Washington,other/unclear,neutral,"Therefore, accepting what George Washington said here, I realize that what George Washington said about no intangling alliances has been ended by science and technology and danger.",Fixed-rubric classification from the supplied sentence context.,narration,former_president,AI-classified; not human-validated
a173dd85bb1c6c704b9bdff9,John F. Kennedy,George Washington,/the-presidency/presidential-speeches/september-26-1963-address-mormon-tabernacle,27,1963-09-26 17:00:00,The Cold War,Mr. Washington,other/unclear,neutral,Those forces of diversity which served Mr.,Fixed-rubric classification from the supplied sentence context.,narration,former_president,AI-classified; not human-validated
48df25d515e21aae3b04b20c,Ronald Reagan,Abraham Lincoln,/the-presidency/presidential-speeches/september-26-1988-address-united-nations,41,1988-09-26 17:00:00,The Cold War,Lincoln,institutional precedent,neutral,"It's the greatest help I've had in my Presidency, and I recall here Lincoln's words when he said only the most foolish of men would think he could confront the duties of the office I now hold without turning to someone stronger, a power above all others.",Fixed-rubric classification from the supplied sentence context.,narration,former_president,AI-classified; not human-validated
f9794be7f871d4012f61cdb3,Lyndon B. Johnson,Dwight D. Eisenhower,/the-presidency/presidential-speeches/september-29-1967-speech-vietnam,5,1967-09-29 17:00:00,The Cold War,Eisenhower,other/unclear,neutral,That is the question which Dwight Eisenhower and John Kennedy and Lyndon Johnson had to answer in facing the issue in Vietnam.,Fixed-rubric classification from the supplied sentence context.,narration,former_president,AI-classified; not human-validated
a8021b9cebb986e63337743c,Lyndon B. Johnson,John F. Kennedy,/the-presidency/presidential-speeches/september-29-1967-speech-vietnam,5,1967-09-29 17:00:00,The Cold War,John Kennedy,other/unclear,neutral,That is the question which Dwight Eisenhower and John Kennedy and Lyndon Johnson had to answer in facing the issue in Vietnam.,Fixed-rubric classification from the supplied sentence context.,narration,former_president,AI-classified; not human-validated
8108b6e894a540f0cbd98bd4,Lyndon B. Johnson,Dwight D. Eisenhower,/the-presidency/presidential-speeches/september-29-1967-speech-vietnam,7,1967-09-29 17:00:00,The Cold War,Eisenhower,other/unclear,neutral,"President Dwight Eisenhower said in 1959: ""Strategically, South Vietnam's capture by the Communists would bring their power several hundred miles into a hitherto free region.",Fixed-rubric classification from the supplied sentence context.,deliberate_quotation,former_president,AI-classified; not human-validated
dc8f1d96bc66896a07bcb0aa,Lyndon B. Johnson,John F. Kennedy,/the-presidency/presidential-speeches/september-29-1967-speech-vietnam,8,1967-09-29 17:00:00,The Cold War,John F. Kennedy,other/unclear,neutral,And President John F.,Fixed-rubric classification from the supplied sentence context.,narration,former_president,AI-classified; not human-validated
e30e0984d80d1b1c73d9f56f,Lyndon B. Johnson,John F. Kennedy,/the-presidency/presidential-speeches/september-29-1967-speech-vietnam,8,1967-09-29 17:00:00,The Cold War,President Kennedy,other/unclear,neutral,"So we are going to stay there,"" said President Kennedy.",Fixed-rubric classification from the supplied sentence context.,deliberate_quotation,former_president,AI-classified; not human-validated
b7cee5cd2ba6c61ab87239df,Lyndon B. Johnson,Franklin D. Roosevelt,/the-presidency/presidential-speeches/september-29-1967-speech-vietnam,28,1967-09-29 17:00:00,The Cold War,Franklin D. Roosevelt,other/unclear,neutral,"""Enduring peace,"" Franklin D.",Fixed-rubric classification from the supplied sentence context.,narration,former_president,AI-classified; not human-validated
a65800eb6c31c740e0447bbc,Lyndon B. Johnson,John F. Kennedy,/the-presidency/presidential-speeches/september-29-1967-speech-vietnam,28,1967-09-29 17:00:00,The Cold War,President Kennedy,other/unclear,neutral,""" The late President Kennedy put it precisely in November 1961, when he said: ""We are neither warmongers nor appeasers, neither hard nor soft.",Fixed-rubric classification from the supplied sentence context.,deliberate_quotation,former_president,AI-classified; not human-validated
30d89cd4aefcc6be5dde33ed,Benjamin Harrison,William McKinley,/the-presidency/presidential-speeches/september-3-1892-speech-accepting-republican-nomination,0,1892-09-03 20:59:00,The Gilded Age,William McKinley,other/unclear,neutral,"William McKinley,",Fixed-rubric classification from the supplied sentence context.,narration,not_yet_president,AI-classified; not human-validated
c6622811af0ddcabdac99a77,Benjamin Harrison,Thomas Jefferson,/the-presidency/presidential-speeches/september-3-1892-speech-accepting-republican-nomination,21,1892-09-03 20:59:00,The Gilded Age,Jefferson,other/unclear,neutral,"This destructive, un-American doctrine was not held or taught by the historic Democratic statesmen whose fame as American patriots has reached this generation - certainly not by Jefferson or Jackson.",Fixed-rubric classification from the supplied sentence context.,narration,former_president,AI-classified; not human-validated
a0efa95c06370134b1a64087,Franklin D. Roosevelt,George Washington,/the-presidency/presidential-speeches/september-3-1939-fireside-chat-14-european-war,7,1939-09-03 17:00:00,War & New Deal,George Washington,institutional precedent,neutral,For that we have historic precedent that goes back to the days of the Administration of President George Washington.,Fixed-rubric classification from the supplied sentence context.,narration,former_president,AI-classified; not human-validated
f16a2a371c5a3b0bd6252183,George W. Bush,Ronald Reagan,/the-presidency/presidential-speeches/september-3-2004-remarks-republican-national-convention,3,2004-09-03 04:08:00,Post-Cold War,Ronald Reagan,other/unclear,positive,My father served eight years at the side of another great American -- Ronald Reagan.,Fixed-rubric classification from the supplied sentence context.,narration,former_president,AI-classified; not human-validated
bce8af5f225bf22001fdb739,George W. Bush,Bill Clinton,/the-presidency/presidential-speeches/september-3-2004-remarks-republican-national-convention,26,2004-09-03 04:08:00,Post-Cold War,President Clinton,policy inheritance,neutral,"If you voted against the bipartisan Defense of Marriage Act, which President Clinton signed, you are not the candidate of conservative values.",Fixed-rubric classification from the supplied sentence context.,narration,former_president,AI-classified; not human-validated
ab10f121a038f5905b3cf196,George W. Bush,Harry S. Truman,/the-presidency/presidential-speeches/september-3-2004-remarks-republican-national-convention,42,2004-09-03 04:08:00,Post-Cold War,Truman,other/unclear,neutral,"Fortunately, we had a resolute president named Truman, who, with the American people, persevered, knowing that a new democracy at the center of Europe would lead to stability and peace.",Fixed-rubric classification from the supplied sentence context.,narration,former_president,AI-classified; not human-validated
145bb60624ad470be58fcd88,Franklin D. Roosevelt,Theodore Roosevelt,/the-presidency/presidential-speeches/september-30-1934-fireside-chat-6-government-and-capitalism,20,1934-09-30 18:00:00,War & New Deal,Theodore Roosevelt,institutional precedent,positive,"More than twenty years ago, when Theodore Roosevelt and Woodrow Wilson were attempting to correct abuses in our national life, the great Chief Justice White said: ""There is great danger it seems to me to arise from the constant habit which prevails where anything is opposed or objected to, of referring without rhyme or reason to the Constitution as a means of preventing its accomplishment, thus creating the general impression that the Constitution is but a barrier to progress instead of being the broad highway through which alone true progress may be",Fixed-rubric classification from the supplied sentence context.,deliberate_quotation,former_president,AI-classified; not human-validated
e90f0364de5dbc91c4e2cdc2,Franklin D. Roosevelt,Woodrow Wilson,/the-presidency/presidential-speeches/september-30-1934-fireside-chat-6-government-and-capitalism,20,1934-09-30 18:00:00,War & New Deal,Woodrow Wilson,institutional precedent,positive,"More than twenty years ago, when Theodore Roosevelt and Woodrow Wilson were attempting to correct abuses in our national life, the great Chief Justice White said: ""There is great danger it seems to me to arise from the constant habit which prevails where anything is opposed or objected to, of referring without rhyme or reason to the Constitution as a means of preventing its accomplishment, thus creating the general impression that the Constitution is but a barrier to progress instead of being the broad highway through which alone true progress may be",Fixed-rubric classification from the supplied sentence context.,deliberate_quotation,former_president,AI-classified; not human-validated
2121b198bcdc0df2062c3a15,Franklin D. Roosevelt,Abraham Lincoln,/the-presidency/presidential-speeches/september-30-1934-fireside-chat-6-government-and-capitalism,21,1934-09-30 18:00:00,War & New Deal,Abraham Lincoln,other/unclear,neutral,"I believe with Abraham Lincoln, that ""The legitimate object of Government is to do for a community of people whatever they need to have done but cannot do at all or cannot do so well for themselves in their separate and individual",Fixed-rubric classification from the supplied sentence context.,deliberate_quotation,former_president,AI-classified; not human-validated
fcf8eb22ec6cdd84dd9cb704,Ronald Reagan,John F. Kennedy,/the-presidency/presidential-speeches/september-5-1983-speech-soviet-attack-korean-airliner,22,1983-09-05 18:00:00,The Cold War,John F. Kennedy,other/unclear,neutral,When John F.,Fixed-rubric classification from the supplied sentence context.,narration,former_president,AI-classified; not human-validated
8f368d5d6e4e8a3681436e85,Ronald Reagan,Abraham Lincoln,/the-presidency/presidential-speeches/september-5-1983-speech-soviet-attack-korean-airliner,25,1983-09-05 18:00:00,The Cold War,Abraham Lincoln,other/unclear,positive,"Let us have faith, in Abraham Lincoln's words, ""that right makes might, and in that faith let us, to the end dare to do our duty as we understand",Fixed-rubric classification from the supplied sentence context.,deliberate_quotation,former_president,AI-classified; not human-validated
7a9b74d6656819bbfe76d07c,Barack Obama,Joe Biden,/the-presidency/presidential-speeches/september-6-2012-nominee-acceptance-speech-2012-democratic,1,2012-09-06 06:00:00,Post-Cold War,Joe Biden,other/unclear,neutral,"And, Joe Biden, thank you for being the very best Vice President I could have ever hoped for, and being a strong and loyal friend.",Fixed-rubric classification from the supplied sentence context.,narration,not_yet_president,AI-classified; not human-validated
82b0b8bc2d2a7c7c0394cc2e,Barack Obama,Franklin D. Roosevelt,/the-presidency/presidential-speeches/september-6-2012-nominee-acceptance-speech-2012-democratic,9,2012-09-06 06:00:00,Post-Cold War,Franklin Roosevelt,other/unclear,neutral,"It will require common effort and shared responsibility, and the kind of bold, persistent experimentation that Franklin Roosevelt pursued during the only crisis worse than this one.",Fixed-rubric classification from the supplied sentence context.,narration,former_president,AI-classified; not human-validated
a49066db95ce9c72640240d1,Barack Obama,Bill Clinton,/the-presidency/presidential-speeches/september-6-2012-nominee-acceptance-speech-2012-democratic,26,2012-09-06 06:00:00,Post-Cold War,Bill Clinton,policy inheritance,neutral,"I want to reform the tax code so that it's simple, fair, and asks the wealthiest households to pay higher taxes on incomes over $250,000 -- the same rate we had when Bill Clinton was President; the same rate when our economy created nearly 23 million new jobs, the biggest surplus in history and a whole lot of millionaires to boot.",Fixed-rubric classification from the supplied sentence context.,narration,former_president,AI-classified; not human-validated
3604b6343010fba8a153706e,Barack Obama,Bill Clinton,/the-presidency/presidential-speeches/september-6-2012-nominee-acceptance-speech-2012-democratic,27,2012-09-06 06:00:00,Post-Cold War,Bill Clinton,policy inheritance,neutral,"But when Governor Romney and his friends in Congress tell us we can somehow lower our deficits by spending trillions more on new tax breaks for the wealthy, well, what did Bill Clinton call it -- you do the arithmetic.",Fixed-rubric classification from the supplied sentence context.,narration,former_president,AI-classified; not human-validated
f485cff75adac3e420c32f9c,Jimmy Carter,Gerald Ford,/the-presidency/presidential-speeches/september-7-1977-statement-panama-canal-treaty-signing,3,1977-09-07 17:00:00,The Cold War,President Ford,other/unclear,positive,I'm proud to see President Ford here with us tonight.,Fixed-rubric classification from the supplied sentence context.,narration,former_president,AI-classified; not human-validated
8ec3960ad6afa700d9dcba63,Jimmy Carter,Lyndon B. Johnson,/the-presidency/presidential-speeches/september-7-1977-statement-panama-canal-treaty-signing,3,1977-09-07 17:00:00,The Cold War,Lyndon Johnson,other/unclear,neutral,Lyndon Johnson here with us tonight.,Fixed-rubric classification from the supplied sentence context.,narration,former_president,AI-classified; not human-validated
155cc733fd7237dec0ca2373,Donald Trump,Joe Biden,/the-presidency/presidential-speeches/september-7-2020-labor-day-press-conference,10,2020-09-07 17:30:00,The present era,Joe Biden,other/unclear,neutral,"Joe Biden and the radical, socialist Democrats would immediately collapse the economy.",Fixed-rubric classification from the supplied sentence context.,narration,not_yet_president,AI-classified; not human-validated
08a1590948176e1de20310d8,Donald Trump,Joe Biden,/the-presidency/presidential-speeches/september-7-2020-labor-day-press-conference,19,2020-09-07 17:30:00,The present era,Joe Biden,other/unclear,neutral,There was a report today that they hope that Joe Biden becomes President.,Fixed-rubric classification from the supplied sentence context.,narration,not_yet_president,AI-classified; not human-validated
9545a386de87e2a914c540cd,Donald Trump,Joe Biden,/the-presidency/presidential-speeches/september-7-2020-labor-day-press-conference,19,2020-09-07 17:30:00,The present era,Joe Biden,other/unclear,neutral,"If Joe Biden becomes President, China will own the United States, and every other country will be smiling also.",Fixed-rubric classification from the supplied sentence context.,narration,not_yet_president,AI-classified; not human-validated
5ec13ba7663dc2df0cc2455e,Donald Trump,Barack Obama,/the-presidency/presidential-speeches/september-7-2020-labor-day-press-conference,20,2020-09-07 17:30:00,The present era,President Obama,other/unclear,neutral,"I mean, I can understand that, because President Obama and other presidents, in all fairness, would go in there and they'd make a speech and they'd leave.",Fixed-rubric classification from the supplied sentence context.,narration,former_president,AI-classified; not human-validated
1bee068caee9d1a7d0dae2dd,Donald Trump,Bill Clinton,/the-presidency/presidential-speeches/september-7-2020-labor-day-press-conference,41,2020-09-07 17:30:00,The present era,Clinton,other/unclear,neutral,"The magazine itself - which I don't read, but I hear it's just totally anti-Trump; he's a big Obama person, he's a big Clinton person.",Fixed-rubric classification from the supplied sentence context.,narration,former_president,AI-classified; not human-validated
108fb8b28e7232f35597388b,Donald Trump,Andrew Jackson,/the-presidency/presidential-speeches/september-7-2020-labor-day-press-conference,53,2020-09-07 17:30:00,The present era,Andrew Jackson,other/unclear,positive,"We had a photo right over there of Andrew Jackson, the monument.",Fixed-rubric classification from the supplied sentence context.,narration,former_president,AI-classified; not human-validated
b1247592e6126e2fe4e6409a,Donald Trump,Andrew Jackson,/the-presidency/presidential-speeches/september-7-2020-labor-day-press-conference,53,2020-09-07 17:30:00,The present era,Andrew Jackson,other/unclear,positive,"Now, in that case, we got there before they ripped down the statue of Andrew Jackson, which is so beautiful, which is right over there.",Fixed-rubric classification from the supplied sentence context.,narration,former_president,AI-classified; not human-validated
f42c47f09c6c3b6c00be06c1,Donald Trump,Barack Obama,/the-presidency/presidential-speeches/september-7-2020-labor-day-press-conference,66,2020-09-07 17:30:00,The present era,President Obama,other/unclear,neutral,"THE PRESIDENT: But let me just - let me just tell you something: President Obama and Biden - Sleepy Joe, he knew everything that was happening.",Fixed-rubric classification from the supplied sentence context.,narration,former_president,AI-classified; not human-validated
f6de942e9fe743a71ef34fe4,Donald Trump,Joe Biden,/the-presidency/presidential-speeches/september-7-2020-labor-day-press-conference,82,2020-09-07 17:30:00,The present era,Joe Biden,other/unclear,neutral,""" You were talking about Joe Biden and Kamala Harris and their comments about the vaccine.",Fixed-rubric classification from the supplied sentence context.,deliberate_quotation,not_yet_president,AI-classified; not human-validated
2adcbdf11576070edbda1186,Donald Trump,Abraham Lincoln,/the-presidency/presidential-speeches/september-7-2020-labor-day-press-conference,93,2020-09-07 17:30:00,The present era,Abraham Lincoln,other/unclear,neutral,"Abraham Lincoln, Thomas Jefferson - I mean, we're talking about - this is the big stuff now.",Fixed-rubric classification from the supplied sentence context.,narration,former_president,AI-classified; not human-validated
9bea7ddc952a0abbcb389b26,Donald Trump,Thomas Jefferson,/the-presidency/presidential-speeches/september-7-2020-labor-day-press-conference,93,2020-09-07 17:30:00,The present era,Thomas Jefferson,other/unclear,neutral,"Abraham Lincoln, Thomas Jefferson - I mean, we're talking about - this is the big stuff now.",Fixed-rubric classification from the supplied sentence context.,narration,former_president,AI-classified; not human-validated
f0b0ba8081df9306feb1fff0,Gerald Ford,Richard M. Nixon,/the-presidency/presidential-speeches/september-8-1974-remarks-pardoning-richard-nixon,3,1974-09-08 17:00:00,The Cold War,Richard Nixon,other/unclear,positive,"And I have sought such guidance and searched my own conscience with special diligence to determine the right thing for me to do with respect to my predecessor in this place, Richard Nixon, and his loyal wife and family.",Fixed-rubric classification from the supplied sentence context.,narration,former_president,AI-classified; not human-validated
a09dcd49988a6ea658753010,Gerald Ford,Richard M. Nixon,/the-presidency/presidential-speeches/september-8-1974-remarks-pardoning-richard-nixon,5,1974-09-08 17:00:00,The Cold War,Richard Nixon,other/unclear,neutral,"After years of bitter controversy and divisive national debate, I have been advised, and I am compelled to conclude that many months and perhaps more years will have to pass before Richard Nixon could obtain a fair trial by jury in any jurisdiction of the United States under governing decisions of the Supreme Court.",Fixed-rubric classification from the supplied sentence context.,narration,former_president,AI-classified; not human-validated
895e8e857c604870fb3fefb6,Gerald Ford,Richard M. Nixon,/the-presidency/presidential-speeches/september-8-1974-remarks-pardoning-richard-nixon,7,1974-09-08 17:00:00,The Cold War,Richard Nixon,other/unclear,neutral,"In the end, the courts might well hold that Richard Nixon had been denied due process, and the verdict of history would even more be inconclusive with respect to those charges arising out of the period of his Presidency, of which I am presently aware.",Fixed-rubric classification from the supplied sentence context.,narration,former_president,AI-classified; not human-validated
b17654ed2886c42422d439ed,Gerald Ford,Richard M. Nixon,/the-presidency/presidential-speeches/september-8-1974-remarks-pardoning-richard-nixon,8,1974-09-08 17:00:00,The Cold War,Richard Nixon,other/unclear,neutral,"But it is not the ultimate fate of Richard Nixon that most concerns me, though surely it deeply troubles every decent and every compassionate person.",Fixed-rubric classification from the supplied sentence context.,narration,former_president,AI-classified; not human-validated
a6d7550e18c6e75b20c67c6f,Gerald Ford,Richard M. Nixon,/the-presidency/presidential-speeches/september-8-1974-remarks-pardoning-richard-nixon,11,1974-09-08 17:00:00,The Cold War,Richard Nixon,other/unclear,positive,"Finally, I feel that Richard Nixon and his loved ones have suffered enough and will continue to suffer, no matter what I do, no matter what we, as a great and good nation, can do together to make his goal of peace come true.",Fixed-rubric classification from the supplied sentence context.,narration,former_president,AI-classified; not human-validated
b3178ef53837136b6ceadb27,Gerald Ford,Richard M. Nixon,/the-presidency/presidential-speeches/september-8-1974-remarks-pardoning-richard-nixon,11,1974-09-08 17:00:00,The Cold War,Richard Nixon,institutional precedent,neutral,"Ford, President of the United States, pursuant to the pardon power conferred upon me by Article II, Section 2, of the Constitution, have granted and by these presents do grant a full, free, and absolute pardon unto Richard Nixon for all offenses against the United States which he, Richard Nixon, has committed or may have committed or taken part in during the period from July (January) 20, 1969 through August 9,",Fixed-rubric classification from the supplied sentence context.,narration,former_president,AI-classified; not human-validated
812910c3a0a818063119dcb0,Gerald Ford,Richard M. Nixon,/the-presidency/presidential-speeches/september-8-1974-remarks-pardoning-richard-nixon,11,1974-09-08 17:00:00,The Cold War,Richard Nixon,institutional precedent,neutral,"Ford, President of the United States, pursuant to the pardon power conferred upon me by Article II, Section 2, of the Constitution, have granted and by these presents do grant a full, free, and absolute pardon unto Richard Nixon for all offenses against the United States which he, Richard Nixon, has committed or may have committed or taken part in during the period from July (January) 20, 1969 through August 9,",Fixed-rubric classification from the supplied sentence context.,narration,former_president,AI-classified; not human-validated
65fbb0abcca078c1e751f2f2,Barack Obama,Abraham Lincoln,/the-presidency/presidential-speeches/september-8-2011-address-congress-american-jobs-act,26,2011-09-08 06:00:00,Post-Cold War,Abraham Lincoln,other/unclear,neutral,We all remember Abraham Lincoln as the leader who saved our Union.,Fixed-rubric classification from the supplied sentence context.,narration,former_president,AI-classified; not human-validated
a51fd5617ed3126866e90465,Barack Obama,John F. Kennedy,/the-presidency/presidential-speeches/september-8-2011-address-congress-american-jobs-act,34,2011-09-08 06:00:00,Post-Cold War,President Kennedy,other/unclear,neutral,"President Kennedy once said, ""Our problems are man-made -- therefore they can be solved by man.",Fixed-rubric classification from the supplied sentence context.,deliberate_quotation,former_president,AI-classified; not human-validated
abed416aa2080ea36d0a33f3,Barack Obama,Joe Biden,/the-presidency/presidential-speeches/september-9-2009-address-congress-health-care,0,2009-09-09 18:00:00,Post-Cold War,President Biden,institutional precedent,positive,"Madam Speaker, Vice President Biden, Members of Congress, and the American people: When I spoke here last winter, this Nation was facing the worst economic crisis since the Great Depression.",Fixed-rubric classification from the supplied sentence context.,narration,not_yet_president,AI-classified; not human-validated
4943d248e0252b3243839f40,Barack Obama,Theodore Roosevelt,/the-presidency/presidential-speeches/september-9-2009-address-congress-health-care,2,2009-09-09 18:00:00,Post-Cold War,Theodore Roosevelt,policy inheritance,neutral,"It has now been nearly a century since Theodore Roosevelt first called for health care reform, and ever since, nearly every President and Congress, whether Democrat or Republican, has attempted to meet this challenge in some way.",Fixed-rubric classification from the supplied sentence context.,narration,former_president,AI-classified; not human-validated
aaf02e389fbd1485eb5d4b05,Joe Biden,George W. Bush,april-28-2021-address-joint-session-congress,33,2021-04-29 01:00:00,The present era,George W. Bush,policy inheritance,neutral,"We take the top tax bracket for the wealthiest 1 percent of Americans - those making over $400,000 or more - back up to where it was when George W.",Fixed-rubric classification from the supplied sentence context.,narration,former_president,AI-classified; not human-validated
22aacb69e283cea38e6d1165,Joe Biden,Franklin D. Roosevelt,april-28-2021-address-joint-session-congress,59,2021-04-29 01:00:00,The present era,Franklin Roosevelt,other/unclear,neutral,""" In another era when our democracy was tested, Franklin Roosevelt reminded us, ""In America, we do our",Fixed-rubric classification from the supplied sentence context.,deliberate_quotation,former_president,AI-classified; not human-validated
3c106f1fd4012b92276c2503,Joe Biden,Donald Trump,august-16-2021-remarks-situation-afghanistan,2,2021-08-16 19:00:00,The present era,President Trump,institutional precedent,neutral,"When I came into office, I inherited a deal that President Trump negotiated with the Taliban.",Fixed-rubric classification from the supplied sentence context.,narration,serving_or_contemporary,AI-classified; not human-validated
24ec1e9865a40cf837b8b8df,Joe Biden,Donald Trump,august-16-2021-remarks-situation-afghanistan,3,2021-08-16 19:00:00,The present era,Trump,institutional precedent,neutral,"forces had already drawn down during the Trump administration from roughly 15,500 American forces to 2,500 troops in country, and the Taliban was at its strongest militarily since 2001.",Fixed-rubric classification from the supplied sentence context.,narration,serving_or_contemporary,AI-classified; not human-validated
91d424803809d976b0cd6537,Joe Biden,Donald Trump,august-26-2021-statement-terror-attacks-afghanistan,23,2021-08-26 21:24:00,The present era,Donald Trump,other/unclear,positive,Be a - because before I - Q: Donald Trump is not the President right now.,Fixed-rubric classification from the supplied sentence context.,narration,serving_or_contemporary,AI-classified; not human-validated
8c24684cc4c990ebdaa70839,Joe Biden,Donald Trump,august-26-2021-statement-terror-attacks-afghanistan,24,2021-08-26 21:24:00,The present era,President Trump,institutional precedent,neutral,"The reason why - whether my friend will acknowledge it and was - reported it - the reason why there were no attacks on Americans, as you said, from the date until I came into office, was because the commitment was made by President Trump: ""I will be out by May 1st.",Fixed-rubric classification from the supplied sentence context.,deliberate_quotation,serving_or_contemporary,AI-classified; not human-validated
dd2d8c9d16281c0e3d9783ec,Donald Trump,Joe Biden,august-8-2020-press-conference-executive-orders,16,2020-08-08 20:20:00,The present era,Joe Biden,other/unclear,neutral,"I think, from what I've heard, Joe Biden - Sleepy Joe - wants to rip the wall down.",Fixed-rubric classification from the supplied sentence context.,narration,not_yet_president,AI-classified; not human-validated
b3c1defbf05f1b5748332244,Donald Trump,Joe Biden,august-8-2020-press-conference-executive-orders,25,2020-08-08 20:20:00,The present era,Joe Biden,other/unclear,neutral,"Now, Joe Biden and the Democrats may not want that.",Fixed-rubric classification from the supplied sentence context.,narration,not_yet_president,AI-classified; not human-validated
1d5d6514aa885205290ee8c9,Donald Trump,Joe Biden,december-17-2025-address-nation,1,2025-12-18 01:00:00,The present era,Biden,institutional precedent,neutral,"This is what the Biden administration allowed to happen to our country, and it can never be allowed to happen again.",Fixed-rubric classification from the supplied sentence context.,narration,former_president,AI-classified; not human-validated
150f0eb20ddcdb129b4df61b,Donald Trump,Joe Biden,december-17-2025-address-nation,4,2025-12-18 01:00:00,The present era,Joe Biden,institutional precedent,neutral,Do you remember when Joe Biden said that he needed Congress to pass legislation to help close the border?,Fixed-rubric classification from the supplied sentence context.,narration,former_president,AI-classified; not human-validated
f74d68e533edf5f734c3b5f8,Donald Trump,Joe Biden,december-17-2025-address-nation,7,2025-12-18 01:00:00,The present era,Biden,institutional precedent,neutral,"Under the Biden administration, car prices rose 22 percent, and in many states, 30 percent or more.",Fixed-rubric classification from the supplied sentence context.,narration,former_president,AI-classified; not human-validated
5a19b484490af96d9f53f2df,Donald Trump,Joe Biden,december-17-2025-address-nation,7,2025-12-18 01:00:00,The present era,Biden,historical comparison,neutral,The price of a Thanksgiving turkey was down 33 percent compared to the Biden last year.,Fixed-rubric classification from the supplied sentence context.,narration,former_president,AI-classified; not human-validated
c1659d816416aad0494d1d68,Donald Trump,Joe Biden,december-17-2025-address-nation,17,2025-12-18 01:00:00,The present era,Biden,other/unclear,neutral,"Electricity costs surged 30 to 100 percent under Biden, and the typical family lost $5,000 to $10,000 in higher energy costs.",Fixed-rubric classification from the supplied sentence context.,narration,former_president,AI-classified; not human-validated
a9653a5f94dc9885b84c643f,Donald Trump,Joe Biden,december-17-2025-address-nation,19,2025-12-18 01:00:00,The present era,Biden,institutional precedent,neutral,"This is the worst thing that, frankly, in my opinion, the worst thing that the Biden administration did to our country is the invasion at the border.",Fixed-rubric classification from the supplied sentence context.,narration,former_president,AI-classified; not human-validated
b05c4062f1cc52de596180df,Andrew Johnson,Thomas Jefferson,december-4-1865-first-annual-message,4,1865-12-04 17:59:58,Civil War & Reconstruction,Jefferson,other/unclear,neutral,And these powers of self-preservation have always been asserted in their complete integrity by every patriotic Chief Magistrate by Jefferson and Jackson not less than by Washington and Madison.,Fixed-rubric classification from the supplied sentence context.,narration,former_president,AI-classified; not human-validated
fada8931ae157e77186dbfde,Andrew Johnson,George Washington,december-4-1865-first-annual-message,4,1865-12-04 17:59:58,Civil War & Reconstruction,Washington,other/unclear,neutral,And these powers of self-preservation have always been asserted in their complete integrity by every patriotic Chief Magistrate by Jefferson and Jackson not less than by Washington and Madison.,Fixed-rubric classification from the supplied sentence context.,narration,former_president,AI-classified; not human-validated
1c8ca025ded9aad062b588c4,Andrew Johnson,Thomas Jefferson,december-4-1865-first-annual-message,4,1865-12-04 17:59:58,Civil War & Reconstruction,President Jefferson,institutional precedent,neutral,"The parting advice of the Father of his Country, while yet President, to the people of the United States was that the free Constitution, which was the work of their hands, might be sacredly maintained; and the inaugural words of President Jefferson held up ""the preservation of the General Government in its whole constitutional vigor as the sheet anchor of our peace at home and safety",Fixed-rubric classification from the supplied sentence context.,deliberate_quotation,former_president,AI-classified; not human-validated
f81cd0fd9e27760af15f32df,Andrew Johnson,Thomas Jefferson,december-4-1865-first-annual-message,5,1865-12-04 17:59:58,Civil War & Reconstruction,Jefferson,other/unclear,neutral,"The ""absolute acquiescence in the decisions of the majority"" was at the beginning of the century enforced by Jefferson as ""the vital principle of republics;"" and the events of the last four years have established, we will hope forever, that there lies no appeal to force.",Fixed-rubric classification from the supplied sentence context.,deliberate_quotation,former_president,AI-classified; not human-validated
ed77f37f20fd2eebf62697d1,Donald Trump,Ronald Reagan,february-1-2018-remarks-house-and-senate-republican-member,15,2018-02-01 19:00:00,The present era,Ronald Reagan,other/unclear,neutral,""" He said, ""Ronald Reagan and every President has wanted to get ANWR",Fixed-rubric classification from the supplied sentence context.,deliberate_quotation,former_president,AI-classified; not human-validated
3aaf6ef918a32dd5fc0517de,Donald Trump,Joe Biden,february-24-2026-state-union-address,6,2026-02-25 01:00:00,The present era,Biden,other/unclear,neutral,"And low interest rates will solve the Biden created housing problem, while at the same time protecting the values of those people who already own a house that really feel rich for the first time in their lives.",Fixed-rubric classification from the supplied sentence context.,narration,former_president,AI-classified; not human-validated
5443ad231df0be12e8acbee9,Donald Trump,George Washington,february-24-2026-state-union-address,17,2026-02-25 01:00:00,The present era,Washington,historical comparison,neutral,And Los Angeles is going to be safe just like Washington,Fixed-rubric classification from the supplied sentence context.,narration,former_president,AI-classified; not human-validated
7f8cbaac84c0222ddb8c16fa,Donald Trump,Joe Biden,february-24-2026-state-union-address,55,2026-02-25 01:00:00,The present era,Joe Biden,other/unclear,neutral,The driver was an illegal alien let in by Joe Biden and given a commercial driver's license by open borders politicians in California.,Fixed-rubric classification from the supplied sentence context.,narration,former_president,AI-classified; not human-validated
5e921a4f31eedff0db68bdee,Donald Trump,George Washington,february-24-2026-state-union-address,82,2026-02-25 01:00:00,The present era,George Washington,other/unclear,positive,"So, Andrew, while you're up, now I'm going to ask a highly respected General James Seward to present Staff Sergeant Andrew Wolf and the great family of Sarah Beckstrom with the award created by our late great president, George Washington himself.",Fixed-rubric classification from the supplied sentence context.,narration,former_president,AI-classified; not human-validated
22c83b8ba1c94dcc025b43d1,Donald Trump,Thomas Jefferson,february-24-2026-state-union-address,115,2026-02-25 01:00:00,The present era,Thomas Jefferson,other/unclear,neutral,Thomas Jefferson drew his last breath.,Fixed-rubric classification from the supplied sentence context.,narration,former_president,AI-classified; not human-validated
cd8081e7ec931dc044b962af,Donald Trump,Harry S. Truman,february-4-2020-state-union-address,21,2020-02-05 02:00:00,The present era,President Truman,other/unclear,neutral,"And just weeks ago, for the first time since President Truman established the Air Force more than 70 years earlier, we created a brand-new branch of the United States Armed Forces.",Fixed-rubric classification from the supplied sentence context.,narration,former_president,AI-classified; not human-validated
ff85c5c8c1d954f3910e7472,Donald Trump,Abraham Lincoln,february-4-2020-state-union-address,24,2020-02-05 02:00:00,The present era,President Lincoln,other/unclear,neutral,"From the pilgrims to the Founders, from the soldiers at Valley Forge to the marchers at Selma, and from President Lincoln to the Reverend Martin Luther King, Americans have always rejected limits on our children's future.",Fixed-rubric classification from the supplied sentence context.,narration,former_president,AI-classified; not human-validated
fcede6c96205747c4d275af8,Donald Trump,Theodore Roosevelt,february-4-2020-state-union-address,67,2020-02-05 02:00:00,The present era,Teddy Roosevelt,other/unclear,positive,"This is the home of Thomas Edison and Teddy Roosevelt, of many great generals including Washington, Pershing, Patton, and MacArthur.",Fixed-rubric classification from the supplied sentence context.,narration,former_president,AI-classified; not human-validated
53b5a26ffc9192ffe2d1c2e8,Donald Trump,Abraham Lincoln,february-4-2020-state-union-address,67,2020-02-05 02:00:00,The present era,Abraham Lincoln,other/unclear,neutral,"This is the home of Abraham Lincoln, Frederick Douglass, Amelia Earhart, Harriet Tubman, the Wright Brothers, Neil Armstrong, and so many more.",Fixed-rubric classification from the supplied sentence context.,narration,former_president,AI-classified; not human-validated
e4f3757ffdf8e988d2b9ef27,Joe Biden,Jimmy Carter,january-20-2021-inaugural-address,3,2021-01-20 16:50:00,The present era,President Carter,other/unclear,neutral,"As does President Carter, who I spoke to last night but who cannot be with us today, but whom we salute for his lifetime of service.",Fixed-rubric classification from the supplied sentence context.,narration,former_president,AI-classified; not human-validated
4cc74e00027277860f4ef071,Joe Biden,George Washington,january-20-2021-inaugural-address,3,2021-01-20 16:50:00,The present era,George Washington,other/unclear,neutral,I have just taken the sacred oath each of these patriots took - an oath first sworn by George Washington.,Fixed-rubric classification from the supplied sentence context.,narration,former_president,AI-classified; not human-validated
97a1def8be6dfadd2f317933,Joe Biden,Abraham Lincoln,january-20-2021-inaugural-address,7,2021-01-20 16:50:00,The present era,Abraham Lincoln,other/unclear,neutral,"In another January in Washington, on New Year's Day 1863, Abraham Lincoln signed the Emancipation Proclamation.",Fixed-rubric classification from the supplied sentence context.,narration,former_president,AI-classified; not human-validated
b003b1051c8309e692d145b6,Donald Trump,Jimmy Carter,january-3-2026-statement-us-action-venezuela,3,2026-01-03 16:00:00,The present era,Jimmy Carter,historical comparison,neutral,"If you look back to Afghanistan or if you look back to the Jimmy Carter days, they were different days where a respected country again, maybe, like never before.",Fixed-rubric classification from the supplied sentence context.,narration,former_president,AI-classified; not human-validated
7acabfd74012df9c29f037bf,Donald Trump,James Monroe,january-3-2026-statement-us-action-venezuela,23,2026-01-03 16:00:00,The present era,Monroe,other/unclear,neutral,"All the way back, it dated to the Monroe Doctrines.",Fixed-rubric classification from the supplied sentence context.,narration,former_president,AI-classified; not human-validated
13e6691fcc2831336575876f,Donald Trump,James Monroe,january-3-2026-statement-us-action-venezuela,23,2026-01-03 16:00:00,The present era,Monroe,other/unclear,neutral,It's Monroe Doctrine.,Fixed-rubric classification from the supplied sentence context.,narration,former_president,AI-classified; not human-validated
804e205893a94a0b77ff906a,Joe Biden,Abraham Lincoln,january-6-2022-remarks-anniversary-january-6th-assault-us,11,2022-01-06 14:00:00,The present era,Abraham Lincoln,other/unclear,neutral,"This is - on this floor is where a young congressman of Illinois, Abraham Lincoln, sat at desk 191.",Fixed-rubric classification from the supplied sentence context.,narration,former_president,AI-classified; not human-validated
0a5448dedb4262d767e1d227,Joe Biden,Dwight D. Eisenhower,january-6-2022-remarks-anniversary-january-6th-assault-us,17,2022-01-06 14:00:00,The present era,Eisenhower,other/unclear,neutral,"They seem no longer to want to be the party - the party of Lincoln, Eisenhower, Reagan, the Bushes.",Fixed-rubric classification from the supplied sentence context.,narration,former_president,AI-classified; not human-validated
661dc0953c0ebbd44da2c20d,Donald Trump,Barack Obama,july-24-2017-speech-boy-scout-jamboree,20,2017-07-24 23:00:00,The present era,President Obama,other/unclear,neutral,"(CROWD CHANTING) By the way, just a question, did President Obama ever come to a Jamboree?",Fixed-rubric classification from the supplied sentence context.,narration,former_president,AI-classified; not human-validated
29492ebe3e179464970a0261,Donald Trump,George Washington,july-4-2020-remarks-salute-america,17,2020-07-04 22:50:00,The present era,George Washington,legacy/inheritance,positive,"And why don't we start with a man who has been very unfairly treated, who, two years ago, three years ago - especially five or six years ago - people would have said it's impossible to even attempt to try and disturb his incredible legacy and success: George Washington.",Fixed-rubric classification from the supplied sentence context.,narration,former_president,AI-classified; not human-validated
fad970ef80426f2e53637f61,Donald Trump,Thomas Jefferson,july-4-2020-remarks-salute-america,17,2020-07-04 22:50:00,The present era,Thomas Jefferson,other/unclear,neutral,Thomas Jefferson.,Fixed-rubric classification from the supplied sentence context.,narration,former_president,AI-classified; not human-validated
c586fa6be33d6d5e89e8dd03,Donald Trump,John Adams,july-4-2020-remarks-salute-america,17,2020-07-04 22:50:00,The present era,John Adams,other/unclear,neutral,John Adams.,Fixed-rubric classification from the supplied sentence context.,narration,former_president,AI-classified; not human-validated
7dc8958b53ffa6a92c3f0f40,Donald Trump,James Madison,july-4-2020-remarks-salute-america,17,2020-07-04 22:50:00,The present era,James Madison,other/unclear,neutral,James Madison.,Fixed-rubric classification from the supplied sentence context.,narration,former_president,AI-classified; not human-validated
cf6daad7fb5678b5b511ca8b,Donald Trump,Abraham Lincoln,july-4-2020-remarks-salute-america,17,2020-07-04 22:50:00,The present era,Abraham Lincoln,other/unclear,neutral,Abraham Lincoln.,Fixed-rubric classification from the supplied sentence context.,narration,former_president,AI-classified; not human-validated
fb06ae701239b781a5666304,Donald Trump,Ronald Reagan,july-4-2020-remarks-salute-america,19,2020-07-04 22:50:00,The present era,Ronald Reagan,other/unclear,neutral,President Ronald Reagan.,Fixed-rubric classification from the supplied sentence context.,narration,former_president,AI-classified; not human-validated
7cb749c90801bd04ed79c9bc,Donald Trump,Dwight D. Eisenhower,june-13-2020-address-west-point-graduation,10,2020-06-13 14:30:00,The present era,Eisenhower,historical comparison,neutral,"It was the graduates of West Point - towering figures like McArthur, Patton, Eisenhower, and Bradley - who led America to victory over the sinister Nazis and imperial fascists 75 years ago.",Fixed-rubric classification from the supplied sentence context.,narration,former_president,AI-classified; not human-validated
476eccb9f1ca89e8767abf9b,Donald Trump,Ulysses S. Grant,june-13-2020-address-west-point-graduation,17,2020-06-13 14:30:00,The present era,Ulysses S. Grant,other/unclear,positive,""" We need you to carry on the spirit of the great General Ulysses S.",Fixed-rubric classification from the supplied sentence context.,narration,former_president,AI-classified; not human-validated
08f307604e624d4f4193994c,Donald Trump,George Washington,june-13-2020-address-west-point-graduation,25,2020-06-13 14:30:00,The present era,George Washington,other/unclear,neutral,"And as you know, the Army's first Commander-in-Chief, General George Washington, called the fort that stood on this majestic point ""the most important post in",Fixed-rubric classification from the supplied sentence context.,deliberate_quotation,former_president,AI-classified; not human-validated
60254e76545b27c1eaa3e06c,Joe Biden,Donald Trump,march-25-2021-first-press-conference,9,2021-03-25 17:30:00,The present era,Trump,institutional precedent,neutral,"As many people came - 28 percent increase in children to the border in my administration; 31 percent in the last year of - in 2019, before the pandemic, in the Trump administration.",Fixed-rubric classification from the supplied sentence context.,narration,serving_or_contemporary,AI-classified; not human-validated
19053a3d63ffb2278f580feb,Joe Biden,Donald Trump,march-25-2021-first-press-conference,9,2021-03-25 17:30:00,The present era,Trump,other/unclear,positive,"In addition to that, there is a - and nobody - and, by the way, does anybody suggest that there was a 31 percent increase under Trump because he was a nice guy and he was doing good things at the border?",Fixed-rubric classification from the supplied sentence context.,narration,serving_or_contemporary,AI-classified; not human-validated
7723ca59a87a2c69171456d0,Joe Biden,Donald Trump,march-25-2021-first-press-conference,10,2021-03-25 17:30:00,The present era,Trump,other/unclear,neutral,What did Trump do?,Fixed-rubric classification from the supplied sentence context.,narration,serving_or_contemporary,AI-classified; not human-validated
7c26a9a832834218876f3dce,Joe Biden,Donald Trump,march-25-2021-first-press-conference,14,2021-03-25 17:30:00,The present era,Trump,other/unclear,neutral,So we're building back up the capacity that should have been maintained and built upon that Trump dismantled.,Fixed-rubric classification from the supplied sentence context.,narration,serving_or_contemporary,AI-classified; not human-validated
0918a87159447287831ff6e9,Joe Biden,Donald Trump,march-25-2021-first-press-conference,24,2021-03-25 17:30:00,The present era,Trump,ceremonial/biographical,neutral,"THE PRESIDENT: Well, look, the idea that I'm going to say - which I would never do - ""if an unaccompanied child ends up at the border, we're just going to let him starve to death and stay on the other side"" - no previous administration did that either, except Trump.",Fixed-rubric classification from the supplied sentence context.,deliberate_quotation,serving_or_contemporary,AI-classified; not human-validated
977d0efe4ada0a2ca10c1f66,Joe Biden,Barack Obama,march-25-2021-first-press-conference,28,2021-03-25 17:30:00,The present era,President Obama,other/unclear,neutral,"When President Obama asked me to come and deal, I was in - I was in Turkey at the time, and he said, ""You got to come home and take care of",Fixed-rubric classification from the supplied sentence context.,deliberate_quotation,former_president,AI-classified; not human-validated
dfe00756bcd66df954290e6b,Joe Biden,Donald Trump,march-25-2021-first-press-conference,32,2021-03-25 17:30:00,The present era,President Trump,historical comparison,neutral,But the question is: How and in what circumstances do we meet that agreement that was made by President Trump to leave under a deal that looks like it's not being able to be worked out to begin with?,Fixed-rubric classification from the supplied sentence context.,narration,serving_or_contemporary,AI-classified; not human-validated
c819f58d596684815bfb3307,Joe Biden,Donald Trump,march-25-2021-first-press-conference,36,2021-03-25 17:30:00,The present era,Trump,policy inheritance,neutral,"I make no apologies for ending programs that did not exist before Trump became President that have an incredibly negative impact on the law, international law, as well as on human dignity.",Fixed-rubric classification from the supplied sentence context.,narration,serving_or_contemporary,AI-classified; not human-validated
ae173c935b3e2880af9ff2a0,Joe Biden,Barack Obama,march-25-2021-first-press-conference,37,2021-03-25 17:30:00,The present era,President Obama,policy inheritance,neutral,And former President Obama warned the incoming President Trump that North Korea was the top foreign policy issue that he was watching.,Fixed-rubric classification from the supplied sentence context.,narration,former_president,AI-classified; not human-validated
ce9072341d42e90195ef81ad,Joe Biden,Donald Trump,march-25-2021-first-press-conference,37,2021-03-25 17:30:00,The present era,President Trump,policy inheritance,neutral,And former President Obama warned the incoming President Trump that North Korea was the top foreign policy issue that he was watching.,Fixed-rubric classification from the supplied sentence context.,narration,serving_or_contemporary,AI-classified; not human-validated
ec415eb82b07ec8041b51d87,Joe Biden,Barack Obama,march-25-2021-first-press-conference,43,2021-03-25 17:30:00,The present era,Barack Obama,other/unclear,neutral,"Q Regarding the filibuster: At John Lewis's funeral, President Barack Obama said he believed the filibuster was a ""relic"" of the Jim Crow era.",Fixed-rubric classification from the supplied sentence context.,deliberate_quotation,former_president,AI-classified; not human-validated
6496738a11df0c533c85bf9b,Joe Biden,Donald Trump,march-25-2021-first-press-conference,45,2021-03-25 17:30:00,The present era,President Trump,other/unclear,neutral,Q And do you believe you'll be running against former President Trump?,Fixed-rubric classification from the supplied sentence context.,narration,serving_or_contemporary,AI-classified; not human-validated
1ad4f93e4f3302f326748c9a,Joe Biden,Donald Trump,march-25-2021-first-press-conference,47,2021-03-25 17:30:00,The present era,Trump,policy inheritance,neutral,Did you hear them complain when they passed close to a $2 trillion Trump tax cut - 83 percent going to the top 1 percent?,Fixed-rubric classification from the supplied sentence context.,narration,serving_or_contemporary,AI-classified; not human-validated
42db4e314530b36cd31f5ffe,Joe Biden,Barack Obama,march-25-2021-first-press-conference,51,2021-03-25 17:30:00,The present era,President Obama,institutional precedent,neutral,"Allegedly, by the time I left office as Vice President, I had spent more time with Xi Jinping than any world leader had, because President Obama and the Chinese President Hu decided we should get to know one another since it was inappropriate for the President of the United States to spend time with the vice president of another country.",Fixed-rubric classification from the supplied sentence context.,narration,former_president,AI-classified; not human-validated
9350c563510f0980dda6c5fa,Joe Biden,Donald Trump,march-31-2021-announcing-american-jobs-plan,6,2021-03-31 21:00:00,The present era,Trump,policy inheritance,neutral,I didn't hear that cry - hue and cry when we were doing the same thing when Trump's tax bill passed and 83 percent of the money went to the top 1 percent.,Fixed-rubric classification from the supplied sentence context.,narration,serving_or_contemporary,AI-classified; not human-validated
59efacc7f4748f67cd193a0b,Joe Biden,Abraham Lincoln,march-31-2021-announcing-american-jobs-plan,37,2021-03-31 21:00:00,The present era,Abraham Lincoln,other/unclear,neutral,It was Abraham Lincoln who built the transcontinental railroad.,Fixed-rubric classification from the supplied sentence context.,narration,former_president,AI-classified; not human-validated
afa5d592269a0fb7d4d63bb0,Joe Biden,Dwight D. Eisenhower,march-31-2021-announcing-american-jobs-plan,37,2021-03-31 21:00:00,The present era,Eisenhower,other/unclear,neutral,"Dwight Eisenhower, a Republican - the Interstate Highway System.",Fixed-rubric classification from the supplied sentence context.,narration,former_president,AI-classified; not human-validated
deeb0c0b5504e1494de7b1dd,Donald Trump,George Washington,march-4-2025-address-joint-session-congress,7,2025-03-05 02:15:00,The present era,George Washington,other/unclear,neutral,George Washington.,Fixed-rubric classification from the supplied sentence context.,narration,former_president,AI-classified; not human-validated
9bb4339f688fe5aec14d2681,Donald Trump,Joe Biden,march-4-2025-address-joint-session-congress,9,2025-03-05 02:15:00,The present era,Joe Biden,other/unclear,neutral,"In comparison, under Joe Biden, the worst president in American history - there were hundreds of thousands of illegal crossings a month, and virtually all of them, including murderers, drug dealers, gang members, and people from mental institutions and insane asylums, were released into our country.",Fixed-rubric classification from the supplied sentence context.,narration,former_president,AI-classified; not human-validated
c97e747cc8a6f97bf47096bf,Donald Trump,Joe Biden,march-4-2025-address-joint-session-congress,12,2025-03-05 02:15:00,The present era,Biden,other/unclear,neutral,We ended all of Biden's environmental restrictions that were making our country far less safe and totally unaffordable.,Fixed-rubric classification from the supplied sentence context.,narration,former_president,AI-classified; not human-validated
fa8290558ad8b75927cc8f79,Donald Trump,William McKinley,march-4-2025-address-joint-session-congress,14,2025-03-05 02:15:00,The present era,William McKinley,other/unclear,positive,"And, likewise, I renamed - for a great president, William McKinley - Mount McKinley again.",Fixed-rubric classification from the supplied sentence context.,narration,former_president,AI-classified; not human-validated
09166eea5d00abf470f50509,Donald Trump,Joe Biden,march-4-2025-address-joint-session-congress,20,2025-03-05 02:15:00,The present era,Joe Biden,other/unclear,neutral,Joe Biden especially let the price of eggs get out of control.,Fixed-rubric classification from the supplied sentence context.,narration,former_president,AI-classified; not human-validated
72818fe714c4e2e8e0a51116,Donald Trump,Joe Biden,march-4-2025-address-joint-session-congress,38,2025-03-05 02:15:00,The present era,Biden,policy inheritance,neutral,"So, while we take out the criminals, killers, traffickers, and child predators who were allowed to enter our country under the open border policy of these people - the Democrats, the Biden administration - the open border, insane policies that you've allowed to destroy our country - we will now bring in brilliant, hardworking, job-creating people.",Fixed-rubric classification from the supplied sentence context.,narration,former_president,AI-classified; not human-validated
a46a74754cb2c3d1ea143de2,Donald Trump,Joe Biden,march-4-2025-address-joint-session-congress,48,2025-03-05 02:15:00,The present era,Biden,institutional precedent,neutral,And the Biden administration couldn't do anything about it because it was so much money.,Fixed-rubric classification from the supplied sentence context.,narration,former_president,AI-classified; not human-validated
a03fb1eeaf3a7953be647fc6,Donald Trump,Joe Biden,march-4-2025-address-joint-session-congress,56,2025-03-05 02:15:00,The present era,Biden,other/unclear,neutral,The problem with it was that Biden didn't enforce it.,Fixed-rubric classification from the supplied sentence context.,narration,former_president,AI-classified; not human-validated
46eea7207de5cb7e262c1687,Donald Trump,Joe Biden,march-4-2025-address-joint-session-congress,56,2025-03-05 02:15:00,The present era,Biden,other/unclear,positive,"Fifty billion dollars of purchases, and we were doing great, but Biden did not enforce it.",Fixed-rubric classification from the supplied sentence context.,narration,former_president,AI-classified; not human-validated
cf7ef2eba0dc881c3d315441,Donald Trump,Joe Biden,march-4-2025-address-joint-session-congress,59,2025-03-05 02:15:00,The present era,Biden,other/unclear,neutral,And look - and look where Biden took us.,Fixed-rubric classification from the supplied sentence context.,narration,former_president,AI-classified; not human-validated
dc0e95391dce4b6b7625c76c,Donald Trump,Joe Biden,march-4-2025-address-joint-session-congress,62,2025-03-05 02:15:00,The present era,Joe Biden,other/unclear,negative,"Because of Joe Biden's insane and very dangerous open border policies, they are now strongly embedded in our country, but we are getting them out and getting them out fast.",Fixed-rubric classification from the supplied sentence context.,narration,former_president,AI-classified; not human-validated
bb18d734e5f42d6776ea2ed6,Donald Trump,Joe Biden,march-4-2025-address-joint-session-congress,63,2025-03-05 02:15:00,The present era,Biden,institutional precedent,negative,Laken was stolen from us by a savage illegal alien gang member who was arrested while trespassing across Biden's open southern border and then set loose into the United States under the heartless policies of that failed administration.,Fixed-rubric classification from the supplied sentence context.,narration,former_president,AI-classified; not human-validated
56a7062fded64c6f2c2431e9,Donald Trump,Joe Biden,march-4-2025-address-joint-session-congress,66,2025-03-05 02:15:00,The present era,Joe Biden,other/unclear,neutral,Joe Biden didn't just open our borders.,Fixed-rubric classification from the supplied sentence context.,narration,former_president,AI-classified; not human-validated
3eda11eb0c64fef505b5c1e3,Donald Trump,Joe Biden,march-4-2025-address-joint-session-congress,70,2025-03-05 02:15:00,The present era,Biden,institutional precedent,negative,"by the Biden administration, but now every last one will be rounded up and forcibly removed from our country, or, if they're too dangerous, put in jails, standing trial in this country, because we don't want them to come back ever.",Fixed-rubric classification from the supplied sentence context.,narration,former_president,AI-classified; not human-validated
41afcf7d6b0f2920696756bc,Donald Trump,Dwight D. Eisenhower,march-4-2025-address-joint-session-congress,75,2025-03-05 02:15:00,The present era,Dwight D. Eisenhower,institutional precedent,neutral,"I have sent Congress a detailed funding request laying out exactly how we will eliminate these threats to protect our homeland and complete the largest deportation operation in American history, larger even than current record holder, President Dwight D.",Fixed-rubric classification from the supplied sentence context.,narration,former_president,AI-classified; not human-validated
bb6fa3bd59743a357bb9aa6b,Donald Trump,Ronald Reagan,march-4-2025-address-joint-session-congress,94,2025-03-05 02:15:00,The present era,Ronald Reagan,other/unclear,neutral,"And Ronald Reagan wanted to do it long ago, but the technology just wasn't there, not even close.",Fixed-rubric classification from the supplied sentence context.,narration,former_president,AI-classified; not human-validated
e3f2d9733cacd1aa822e1c3a,Donald Trump,Joe Biden,march-4-2025-address-joint-session-congress,107,2025-03-05 02:15:00,The present era,Biden,other/unclear,neutral,Biden has authorized more money in this fight than Europe has spent by billions and billions of dollars.,Fixed-rubric classification from the supplied sentence context.,narration,former_president,AI-classified; not human-validated
ee7f48fcfd9cfae1ca8641a1,Donald Trump,Harry S. Truman,september-19-2017-address-united-nations-general-assembly,6,2017-09-19 14:04:00,The present era,President Truman,institutional precedent,neutral,"As President Truman said in his message to Congress at that time, ""Our support of European recovery is in full accord with our support of the United Nations.",Fixed-rubric classification from the supplied sentence context.,deliberate_quotation,former_president,AI-classified; not human-validated
426090cab49c749c530384a6,Donald Trump,Harry S. Truman,september-19-2017-address-united-nations-general-assembly,45,2017-09-19 14:04:00,The present era,President Truman,other/unclear,neutral,"If this organization is to have any hope of successfully confronting the challenges before us, it will depend, as President Truman said some 70 years ago, on the ""independent strength of its",Fixed-rubric classification from the supplied sentence context.,deliberate_quotation,former_president,AI-classified; not human-validated
089c123da2abd4082e2b1b7b,Donald Trump,John Adams,september-19-2017-address-united-nations-general-assembly,48,2017-09-19 14:04:00,The present era,John Adams,other/unclear,neutral,"One of the greatest American patriots, John Adams, wrote that the American Revolution was ""effected before the war commenced.",Fixed-rubric classification from the supplied sentence context.,deliberate_quotation,former_president,AI-classified; not human-validated
0e0a96cb4315e759381e249c,Donald Trump,Joe Biden,september-23-2025-address-80th-united-nations-general-assembly,4,2025-09-23 14:00:00,The present era,President Biden,other/unclear,neutral,"In four years of President Biden, we had less than $1 trillion of new investment into the United States.",Fixed-rubric classification from the supplied sentence context.,narration,former_president,AI-classified; not human-validated
da528d09c3fef0a5b5a3b61c,Donald Trump,Joe Biden,september-23-2025-address-80th-united-nations-general-assembly,5,2025-09-23 14:00:00,The present era,Biden,policy inheritance,neutral,They just poured into our country with the ridiculous open border policy of the Biden administration.,Fixed-rubric classification from the supplied sentence context.,narration,former_president,AI-classified; not human-validated
a80424135da8c447ae4019f3,Donald Trump,Joe Biden,september-23-2025-address-80th-united-nations-general-assembly,32,2025-09-23 14:00:00,The present era,Biden,institutional precedent,neutral,Twenty-five million altogether over the four years of the incompetent Biden administration.,Fixed-rubric classification from the supplied sentence context.,narration,former_president,AI-classified; not human-validated
79c6a139a942f7779344f3b5,Donald Trump,Joe Biden,september-23-2025-address-80th-united-nations-general-assembly,42,2025-09-23 14:00:00,The present era,Joe Biden,other/unclear,neutral,"Joe Biden's policies empowered murderers, gangs, human smugglers, child traffickers, drug cartels and prisoners.",Fixed-rubric classification from the supplied sentence context.,narration,former_president,AI-classified; not human-validated
daacf02f4d901e4ae5ccd00e,Donald Trump,Joe Biden,september-23-2025-address-80th-united-nations-general-assembly,42,2025-09-23 14:00:00,The present era,Biden,other/unclear,neutral,"They lost more than 300,000 children, little children, who were trafficked into the United States on the Biden watch, many of whom have been raped, exploited and abused and sold.",Fixed-rubric classification from the supplied sentence context.,narration,former_president,AI-classified; not human-validated
0da49f9378e06731a8695bc0,Donald Trump,Joe Biden,september-23-2025-address-80th-united-nations-general-assembly,66,2025-09-23 14:00:00,The present era,Joe Biden,institutional precedent,negative,"administrations for decades, including the most corrupt, incompetent administration in history: the sleepy Joe Biden administration.",Fixed-rubric classification from the supplied sentence context.,narration,former_president,AI-classified; not human-validated
8c120813ed3407ed74e60a49,Donald Trump,Joe Biden,september-25-2019-press-conference,3,2019-09-25 20:30:00,The present era,Joe Biden,other/unclear,neutral,But also insist on transparency from Joe Biden and his son Hunter on the millions of dollars that have been quickly and easily taken out of Ukraine and China.,Fixed-rubric classification from the supplied sentence context.,narration,not_yet_president,AI-classified; not human-validated
c2168ee4cc93de67d63387c0,Donald Trump,Barack Obama,september-25-2019-press-conference,36,2019-09-25 20:30:00,The present era,Barack Obama,other/unclear,neutral,"But can you explain to the American people why it is appropriate for an American President to ask a foreign leader for information about a political rival, and what you would have said if you discovered that Barack Obama perhaps had asked a foreign leader for information about you before your campaign for the presidency?",Fixed-rubric classification from the supplied sentence context.,narration,former_president,AI-classified; not human-validated
52f669c72a6b8f16c5f68d48,Donald Trump,Joe Biden,september-25-2019-press-conference,62,2019-09-25 20:30:00,The present era,Joe Biden,other/unclear,neutral,"Five hundred people were interviewed, and yet, they don't interview Joe Biden and his son.",Fixed-rubric classification from the supplied sentence context.,narration,not_yet_president,AI-classified; not human-validated
17734db5cdad0458ee70bdaf,Donald Trump,Joe Biden,september-30-2025-remarks-military-leaders,8,2025-09-30 14:00:00,The present era,Biden,other/unclear,neutral,"He saw that horror show by Biden and his team of incompetent people, and that showed, I think it gave him a path in.",Fixed-rubric classification from the supplied sentence context.,narration,former_president,AI-classified; not human-validated
66921473ec85ddc758459501,Donald Trump,Joe Biden,september-30-2025-remarks-military-leaders,14,2025-09-30 14:00:00,The present era,Joe Biden,other/unclear,neutral,"So these were much higher standards than you had four years ago, three years ago during the Sleepy Joe Biden era.",Fixed-rubric classification from the supplied sentence context.,narration,former_president,AI-classified; not human-validated
df998c17fdab2510e70c602b,Donald Trump,Joe Biden,september-30-2025-remarks-military-leaders,15,2025-09-30 14:00:00,The present era,Biden,institutional precedent,neutral,"I said from the beginning when Biden came into office, he wanted to terminate it.",Fixed-rubric classification from the supplied sentence context.,narration,former_president,AI-classified; not human-validated
ed500d21e59c3f560a851901,Donald Trump,Joe Biden,september-30-2025-remarks-military-leaders,16,2025-09-30 14:00:00,The present era,Biden,other/unclear,neutral,"It was during Biden's four years, the autopen.",Fixed-rubric classification from the supplied sentence context.,narration,former_president,AI-classified; not human-validated
51a5ad427faef1de1ef34750,Donald Trump,Joe Biden,september-30-2025-remarks-military-leaders,35,2025-09-30 14:00:00,The present era,Biden,legacy/inheritance,neutral,"As an example, in four years, Biden didn't have 1 trillion.",Fixed-rubric classification from the supplied sentence context.,narration,former_president,AI-classified; not human-validated
c95d9ca831f5d7d6c0d720ef,Donald Trump,Joe Biden,september-30-2025-remarks-military-leaders,44,2025-09-30 14:00:00,The present era,Biden,other/unclear,neutral,"Biden let people come in from prisons, mental institutions, drug dealers, murderers.",Fixed-rubric classification from the supplied sentence context.,narration,former_president,AI-classified; not human-validated
ff79c6a85b7d5a8f9caf9507,Donald Trump,Joe Biden,september-30-2025-remarks-military-leaders,51,2025-09-30 14:00:00,The present era,Biden,historical comparison,neutral,"I was watching during Biden, they had troops standing up like this brave standing up in attention the way I should stand all the time.",Fixed-rubric classification from the supplied sentence context.,narration,former_president,AI-classified; not human-validated
e30b6e3b5ab2c69986d1898c,Donald Trump,George Washington,september-30-2025-remarks-military-leaders,56,2025-09-30 14:00:00,The present era,George Washington,other/unclear,neutral,"George Washington, Abraham Lincoln, Grover, Cleveland, George Bush and others all used the armed forces to keep domestic order in peace.",Fixed-rubric classification from the supplied sentence context.,narration,former_president,AI-classified; not human-validated
7ab23d48d5a5435b782eaedf,Donald Trump,Abraham Lincoln,september-30-2025-remarks-military-leaders,56,2025-09-30 14:00:00,The present era,Abraham Lincoln,other/unclear,neutral,"George Washington, Abraham Lincoln, Grover, Cleveland, George Bush and others all used the armed forces to keep domestic order in peace.",Fixed-rubric classification from the supplied sentence context.,narration,former_president,AI-classified; not human-validated
b8cb4565b70a507e325f3034,Donald Trump,George H. W. Bush,september-30-2025-remarks-military-leaders,56,2025-09-30 14:00:00,The present era,George Bush,other/unclear,neutral,"George Washington, Abraham Lincoln, Grover, Cleveland, George Bush and others all used the armed forces to keep domestic order in peace.",Fixed-rubric classification from the supplied sentence context.,narration,former_president,AI-classified; not human-validated
a7a8163d076033e8cc81824e,Donald Trump,Joe Biden,september-30-2025-remarks-military-leaders,61,2025-09-30 14:00:00,The present era,Biden,other/unclear,neutral,We were not respected with Biden.,Fixed-rubric classification from the supplied sentence context.,narration,former_president,AI-classified; not human-validated
f520a62a3294c3784bf661be,Donald Trump,Joe Biden,september-30-2025-remarks-military-leaders,64,2025-09-30 14:00:00,The present era,Biden,other/unclear,neutral,"Biden gave $350 billion, not sustainable, 350 billion and we have a war that should have never started, but we're not doing that anymore.",Fixed-rubric classification from the supplied sentence context.,narration,former_president,AI-classified; not human-validated
7ca1bb4185242f9c8d9177fc,Donald Trump,Joe Biden,september-30-2025-remarks-military-leaders,73,2025-09-30 14:00:00,The present era,Biden,other/unclear,neutral,"You never heard Biden say that, never heard him say anything, but you never heard him say, did you ever hear him say, we have the strongest military?",Fixed-rubric classification from the supplied sentence context.,narration,former_president,AI-classified; not human-validated
b2256a0a45bf2b57bb5e1c68,Donald Trump,George Washington,september-30-2025-remarks-military-leaders,79,2025-09-30 14:00:00,The present era,Washington,legacy/inheritance,neutral,"The men and women in this room inherit the legacy built and won by Washington and Jackson, Grant and Pershing, Eisenhower and Patton, Nimitz and LeMay.",Fixed-rubric classification from the supplied sentence context.,narration,former_president,AI-classified; not human-validated
d1e6d8e000fd632ac5433275,Donald Trump,Dwight D. Eisenhower,september-30-2025-remarks-military-leaders,79,2025-09-30 14:00:00,The present era,Eisenhower,legacy/inheritance,neutral,"The men and women in this room inherit the legacy built and won by Washington and Jackson, Grant and Pershing, Eisenhower and Patton, Nimitz and LeMay.",Fixed-rubric classification from the supplied sentence context.,narration,former_president,AI-classified; not human-validated
2ced6f0171d2c1ac1e3e4f6f,Donald Trump,Joe Biden,september-30-2025-remarks-military-leaders,80,2025-09-30 14:00:00,The present era,Biden,historical comparison,neutral,"You'll never see four years like we had with Biden and that group of incompetent people that ran this country that should have never been there because we had the United States military, the best, the boldest, the bravest, that the world has ever seen, that the world has ever known.",Fixed-rubric classification from the supplied sentence context.,narration,former_president,AI-classified; not human-validated
