speaker,target,raw_mentions,distinct_speeches,function_mix,stance_mix,era_mix,distinct_speakers,mentions_per_100_speeches,evidence_status
Abraham Lincoln,George Washington,10,1,"{'policy inheritance': 10.0, 'other/unclear': None, 'historical comparison': None, 'ceremonial/biographical': None, 'institutional precedent': None, 'contemporary rivalry': None, 'legacy/inheritance': None}","{'mixed': 6.0, 'neutral': 4.0, 'positive': None, 'negative': None}","{'Civil War & Reconstruction': 10.0, 'Expansion': None, 'Post-Cold War': None, 'The present era': None, 'The Gilded Age': None, 'Progressives & Depression': None, 'The Cold War': None, 'War & New Deal': None, 'The founding': None}",1,66.66666666666666,AI-classified; not human-validated
Abraham Lincoln,James Buchanan,1,1,"{'policy inheritance': None, 'other/unclear': 1.0, 'historical comparison': None, 'ceremonial/biographical': None, 'institutional precedent': None, 'contemporary rivalry': None, 'legacy/inheritance': None}","{'mixed': None, 'neutral': 1.0, 'positive': None, 'negative': None}","{'Civil War & Reconstruction': 1.0, 'Expansion': None, 'Post-Cold War': None, 'The present era': None, 'The Gilded Age': None, 'Progressives & Depression': None, 'The Cold War': None, 'War & New Deal': None, 'The founding': None}",1,6.666666666666667,AI-classified; not human-validated
Abraham Lincoln,James K. Polk,2,1,"{'policy inheritance': 2.0, 'other/unclear': None, 'historical comparison': None, 'ceremonial/biographical': None, 'institutional precedent': None, 'contemporary rivalry': None, 'legacy/inheritance': None}","{'mixed': None, 'neutral': 2.0, 'positive': None, 'negative': None}","{'Civil War & Reconstruction': 2.0, 'Expansion': None, 'Post-Cold War': None, 'The present era': None, 'The Gilded Age': None, 'Progressives & Depression': None, 'The Cold War': None, 'War & New Deal': None, 'The founding': None}",1,13.333333333333334,AI-classified; not human-validated
Abraham Lincoln,James Madison,1,1,"{'policy inheritance': None, 'other/unclear': 1.0, 'historical comparison': None, 'ceremonial/biographical': None, 'institutional precedent': None, 'contemporary rivalry': None, 'legacy/inheritance': None}","{'mixed': None, 'neutral': 1.0, 'positive': None, 'negative': None}","{'Civil War & Reconstruction': 1.0, 'Expansion': None, 'Post-Cold War': None, 'The present era': None, 'The Gilded Age': None, 'Progressives & Depression': None, 'The Cold War': None, 'War & New Deal': None, 'The founding': None}",1,6.666666666666667,AI-classified; not human-validated
Abraham Lincoln,Martin Van Buren,2,1,"{'policy inheritance': None, 'other/unclear': 2.0, 'historical comparison': None, 'ceremonial/biographical': None, 'institutional precedent': None, 'contemporary rivalry': None, 'legacy/inheritance': None}","{'mixed': None, 'neutral': 2.0, 'positive': None, 'negative': None}","{'Civil War & Reconstruction': 2.0, 'Expansion': None, 'Post-Cold War': None, 'The present era': None, 'The Gilded Age': None, 'Progressives & Depression': None, 'The Cold War': None, 'War & New Deal': None, 'The founding': None}",1,13.333333333333334,AI-classified; not human-validated
Abraham Lincoln,Thomas Jefferson,18,6,"{'policy inheritance': None, 'other/unclear': 14.0, 'historical comparison': 2.0, 'ceremonial/biographical': 2.0, 'institutional precedent': None, 'contemporary rivalry': None, 'legacy/inheritance': None}","{'mixed': None, 'neutral': 17.0, 'positive': 1.0, 'negative': None}","{'Civil War & Reconstruction': 18.0, 'Expansion': None, 'Post-Cold War': None, 'The present era': None, 'The Gilded Age': None, 'Progressives & Depression': None, 'The Cold War': None, 'War & New Deal': None, 'The founding': None}",1,120.0,AI-classified; not human-validated
Andrew Jackson,George Washington,2,2,"{'policy inheritance': None, 'other/unclear': 1.0, 'historical comparison': None, 'ceremonial/biographical': None, 'institutional precedent': 1.0, 'contemporary rivalry': None, 'legacy/inheritance': None}","{'mixed': None, 'neutral': 2.0, 'positive': None, 'negative': None}","{'Civil War & Reconstruction': None, 'Expansion': 2.0, 'Post-Cold War': None, 'The present era': None, 'The Gilded Age': None, 'Progressives & Depression': None, 'The Cold War': None, 'War & New Deal': None, 'The founding': None}",1,7.6923076923076925,AI-classified; not human-validated
Andrew Jackson,James Madison,2,2,"{'policy inheritance': None, 'other/unclear': 1.0, 'historical comparison': None, 'ceremonial/biographical': None, 'institutional precedent': 1.0, 'contemporary rivalry': None, 'legacy/inheritance': None}","{'mixed': None, 'neutral': 2.0, 'positive': None, 'negative': None}","{'Civil War & Reconstruction': None, 'Expansion': 2.0, 'Post-Cold War': None, 'The present era': None, 'The Gilded Age': None, 'Progressives & Depression': None, 'The Cold War': None, 'War & New Deal': None, 'The founding': None}",1,7.6923076923076925,AI-classified; not human-validated
Andrew Jackson,James Monroe,2,2,"{'policy inheritance': None, 'other/unclear': 1.0, 'historical comparison': None, 'ceremonial/biographical': None, 'institutional precedent': 1.0, 'contemporary rivalry': None, 'legacy/inheritance': None}","{'mixed': None, 'neutral': 1.0, 'positive': 1.0, 'negative': None}","{'Civil War & Reconstruction': None, 'Expansion': 2.0, 'Post-Cold War': None, 'The present era': None, 'The Gilded Age': None, 'Progressives & Depression': None, 'The Cold War': None, 'War & New Deal': None, 'The founding': None}",1,7.6923076923076925,AI-classified; not human-validated
Andrew Jackson,John Quincy Adams,1,1,"{'policy inheritance': None, 'other/unclear': 1.0, 'historical comparison': None, 'ceremonial/biographical': None, 'institutional precedent': None, 'contemporary rivalry': None, 'legacy/inheritance': None}","{'mixed': None, 'neutral': 1.0, 'positive': None, 'negative': None}","{'Civil War & Reconstruction': None, 'Expansion': 1.0, 'Post-Cold War': None, 'The present era': None, 'The Gilded Age': None, 'Progressives & Depression': None, 'The Cold War': None, 'War & New Deal': None, 'The founding': None}",1,3.8461538461538463,AI-classified; not human-validated
Andrew Jackson,Thomas Jefferson,2,2,"{'policy inheritance': None, 'other/unclear': None, 'historical comparison': None, 'ceremonial/biographical': None, 'institutional precedent': 2.0, 'contemporary rivalry': None, 'legacy/inheritance': None}","{'mixed': None, 'neutral': 1.0, 'positive': 1.0, 'negative': None}","{'Civil War & Reconstruction': None, 'Expansion': 2.0, 'Post-Cold War': None, 'The present era': None, 'The Gilded Age': None, 'Progressives & Depression': None, 'The Cold War': None, 'War & New Deal': None, 'The founding': None}",1,7.6923076923076925,AI-classified; not human-validated
Andrew Johnson,Abraham Lincoln,7,2,"{'policy inheritance': 2.0, 'other/unclear': 4.0, 'historical comparison': None, 'ceremonial/biographical': None, 'institutional precedent': 1.0, 'contemporary rivalry': None, 'legacy/inheritance': None}","{'mixed': None, 'neutral': 7.0, 'positive': None, 'negative': None}","{'Civil War & Reconstruction': 7.0, 'Expansion': None, 'Post-Cold War': None, 'The present era': None, 'The Gilded Age': None, 'Progressives & Depression': None, 'The Cold War': None, 'War & New Deal': None, 'The founding': None}",1,22.58064516129032,AI-classified; not human-validated
Andrew Johnson,Andrew Jackson,4,2,"{'policy inheritance': None, 'other/unclear': None, 'historical comparison': None, 'ceremonial/biographical': None, 'institutional precedent': 4.0, 'contemporary rivalry': None, 'legacy/inheritance': None}","{'mixed': None, 'neutral': 1.0, 'positive': 2.0, 'negative': 1.0}","{'Civil War & Reconstruction': 4.0, 'Expansion': None, 'Post-Cold War': None, 'The present era': None, 'The Gilded Age': None, 'Progressives & Depression': None, 'The Cold War': None, 'War & New Deal': None, 'The founding': None}",1,12.903225806451612,AI-classified; not human-validated
Andrew Johnson,George Washington,1,1,"{'policy inheritance': None, 'other/unclear': 1.0, 'historical comparison': None, 'ceremonial/biographical': None, 'institutional precedent': None, 'contemporary rivalry': None, 'legacy/inheritance': None}","{'mixed': None, 'neutral': 1.0, 'positive': None, 'negative': None}","{'Civil War & Reconstruction': 1.0, 'Expansion': None, 'Post-Cold War': None, 'The present era': None, 'The Gilded Age': None, 'Progressives & Depression': None, 'The Cold War': None, 'War & New Deal': None, 'The founding': None}",1,3.225806451612903,AI-classified; not human-validated
Andrew Johnson,James Buchanan,1,1,"{'policy inheritance': None, 'other/unclear': None, 'historical comparison': None, 'ceremonial/biographical': None, 'institutional precedent': 1.0, 'contemporary rivalry': None, 'legacy/inheritance': None}","{'mixed': None, 'neutral': 1.0, 'positive': None, 'negative': None}","{'Civil War & Reconstruction': 1.0, 'Expansion': None, 'Post-Cold War': None, 'The present era': None, 'The Gilded Age': None, 'Progressives & Depression': None, 'The Cold War': None, 'War & New Deal': None, 'The founding': None}",1,3.225806451612903,AI-classified; not human-validated
Andrew Johnson,James Madison,1,1,"{'policy inheritance': None, 'other/unclear': 1.0, 'historical comparison': None, 'ceremonial/biographical': None, 'institutional precedent': None, 'contemporary rivalry': None, 'legacy/inheritance': None}","{'mixed': None, 'neutral': None, 'positive': 1.0, 'negative': None}","{'Civil War & Reconstruction': 1.0, 'Expansion': None, 'Post-Cold War': None, 'The present era': None, 'The Gilded Age': None, 'Progressives & Depression': None, 'The Cold War': None, 'War & New Deal': None, 'The founding': None}",1,3.225806451612903,AI-classified; not human-validated
Andrew Johnson,Thomas Jefferson,8,3,"{'policy inheritance': None, 'other/unclear': 6.0, 'historical comparison': None, 'ceremonial/biographical': None, 'institutional precedent': 2.0, 'contemporary rivalry': None, 'legacy/inheritance': None}","{'mixed': None, 'neutral': 7.0, 'positive': 1.0, 'negative': None}","{'Civil War & Reconstruction': 8.0, 'Expansion': None, 'Post-Cold War': None, 'The present era': None, 'The Gilded Age': None, 'Progressives & Depression': None, 'The Cold War': None, 'War & New Deal': None, 'The founding': None}",1,25.806451612903224,AI-classified; not human-validated
Andrew Johnson,Ulysses S. Grant,2,1,"{'policy inheritance': None, 'other/unclear': 2.0, 'historical comparison': None, 'ceremonial/biographical': None, 'institutional precedent': None, 'contemporary rivalry': None, 'legacy/inheritance': None}","{'mixed': None, 'neutral': 2.0, 'positive': None, 'negative': None}","{'Civil War & Reconstruction': 2.0, 'Expansion': None, 'Post-Cold War': None, 'The present era': None, 'The Gilded Age': None, 'Progressives & Depression': None, 'The Cold War': None, 'War & New Deal': None, 'The founding': None}",1,6.451612903225806,AI-classified; not human-validated
Barack Obama,Abraham Lincoln,6,6,"{'policy inheritance': None, 'other/unclear': 4.0, 'historical comparison': 1.0, 'ceremonial/biographical': None, 'institutional precedent': 1.0, 'contemporary rivalry': None, 'legacy/inheritance': None}","{'mixed': None, 'neutral': 5.0, 'positive': 1.0, 'negative': None}","{'Civil War & Reconstruction': None, 'Expansion': None, 'Post-Cold War': 6.0, 'The present era': None, 'The Gilded Age': None, 'Progressives & Depression': None, 'The Cold War': None, 'War & New Deal': None, 'The founding': None}",1,11.76470588235294,AI-classified; not human-validated
Barack Obama,Bill Clinton,6,4,"{'policy inheritance': 2.0, 'other/unclear': 3.0, 'historical comparison': 1.0, 'ceremonial/biographical': None, 'institutional precedent': None, 'contemporary rivalry': None, 'legacy/inheritance': None}","{'mixed': None, 'neutral': 5.0, 'positive': 1.0, 'negative': None}","{'Civil War & Reconstruction': None, 'Expansion': None, 'Post-Cold War': 6.0, 'The present era': None, 'The Gilded Age': None, 'Progressives & Depression': None, 'The Cold War': None, 'War & New Deal': None, 'The founding': None}",1,11.76470588235294,AI-classified; not human-validated
Barack Obama,Dwight D. Eisenhower,4,4,"{'policy inheritance': None, 'other/unclear': 4.0, 'historical comparison': None, 'ceremonial/biographical': None, 'institutional precedent': None, 'contemporary rivalry': None, 'legacy/inheritance': None}","{'mixed': None, 'neutral': 4.0, 'positive': None, 'negative': None}","{'Civil War & Reconstruction': None, 'Expansion': None, 'Post-Cold War': 4.0, 'The present era': None, 'The Gilded Age': None, 'Progressives & Depression': None, 'The Cold War': None, 'War & New Deal': None, 'The founding': None}",1,7.8431372549019605,AI-classified; not human-validated
Barack Obama,Franklin D. Roosevelt,7,6,"{'policy inheritance': 1.0, 'other/unclear': 4.0, 'historical comparison': 2.0, 'ceremonial/biographical': None, 'institutional precedent': None, 'contemporary rivalry': None, 'legacy/inheritance': None}","{'mixed': None, 'neutral': 5.0, 'positive': 2.0, 'negative': None}","{'Civil War & Reconstruction': None, 'Expansion': None, 'Post-Cold War': 7.0, 'The present era': None, 'The Gilded Age': None, 'Progressives & Depression': None, 'The Cold War': None, 'War & New Deal': None, 'The founding': None}",1,13.725490196078432,AI-classified; not human-validated
Barack Obama,George H. W. Bush,7,3,"{'policy inheritance': 1.0, 'other/unclear': 4.0, 'historical comparison': 2.0, 'ceremonial/biographical': None, 'institutional precedent': None, 'contemporary rivalry': None, 'legacy/inheritance': None}","{'mixed': None, 'neutral': 5.0, 'positive': 1.0, 'negative': 1.0}","{'Civil War & Reconstruction': None, 'Expansion': None, 'Post-Cold War': 7.0, 'The present era': None, 'The Gilded Age': None, 'Progressives & Depression': None, 'The Cold War': None, 'War & New Deal': None, 'The founding': None}",1,13.725490196078432,AI-classified; not human-validated
Barack Obama,George W. Bush,11,9,"{'policy inheritance': None, 'other/unclear': 7.0, 'historical comparison': 1.0, 'ceremonial/biographical': None, 'institutional precedent': 2.0, 'contemporary rivalry': 1.0, 'legacy/inheritance': None}","{'mixed': None, 'neutral': 10.0, 'positive': None, 'negative': 1.0}","{'Civil War & Reconstruction': None, 'Expansion': None, 'Post-Cold War': 10.0, 'The present era': 1.0, 'The Gilded Age': None, 'Progressives & Depression': None, 'The Cold War': None, 'War & New Deal': None, 'The founding': None}",1,21.568627450980394,AI-classified; not human-validated
Barack Obama,George Washington,4,4,"{'policy inheritance': None, 'other/unclear': 3.0, 'historical comparison': 1.0, 'ceremonial/biographical': None, 'institutional precedent': None, 'contemporary rivalry': None, 'legacy/inheritance': None}","{'mixed': None, 'neutral': 4.0, 'positive': None, 'negative': None}","{'Civil War & Reconstruction': None, 'Expansion': None, 'Post-Cold War': 3.0, 'The present era': 1.0, 'The Gilded Age': None, 'Progressives & Depression': None, 'The Cold War': None, 'War & New Deal': None, 'The founding': None}",1,7.8431372549019605,AI-classified; not human-validated
Barack Obama,Harry S. Truman,2,2,"{'policy inheritance': None, 'other/unclear': 1.0, 'historical comparison': None, 'ceremonial/biographical': None, 'institutional precedent': 1.0, 'contemporary rivalry': None, 'legacy/inheritance': None}","{'mixed': None, 'neutral': None, 'positive': 2.0, 'negative': None}","{'Civil War & Reconstruction': None, 'Expansion': None, 'Post-Cold War': 2.0, 'The present era': None, 'The Gilded Age': None, 'Progressives & Depression': None, 'The Cold War': None, 'War & New Deal': None, 'The founding': None}",1,3.9215686274509802,AI-classified; not human-validated
Barack Obama,James Madison,1,1,"{'policy inheritance': None, 'other/unclear': None, 'historical comparison': 1.0, 'ceremonial/biographical': None, 'institutional precedent': None, 'contemporary rivalry': None, 'legacy/inheritance': None}","{'mixed': None, 'neutral': 1.0, 'positive': None, 'negative': None}","{'Civil War & Reconstruction': None, 'Expansion': None, 'Post-Cold War': 1.0, 'The present era': None, 'The Gilded Age': None, 'Progressives & Depression': None, 'The Cold War': None, 'War & New Deal': None, 'The founding': None}",1,1.9607843137254901,AI-classified; not human-validated
Barack Obama,Joe Biden,17,15,"{'policy inheritance': 3.0, 'other/unclear': 11.0, 'historical comparison': 1.0, 'ceremonial/biographical': None, 'institutional precedent': 2.0, 'contemporary rivalry': None, 'legacy/inheritance': None}","{'mixed': None, 'neutral': 14.0, 'positive': 3.0, 'negative': None}","{'Civil War & Reconstruction': None, 'Expansion': None, 'Post-Cold War': 16.0, 'The present era': 1.0, 'The Gilded Age': None, 'Progressives & Depression': None, 'The Cold War': None, 'War & New Deal': None, 'The founding': None}",1,33.33333333333333,AI-classified; not human-validated
Barack Obama,John Adams,1,1,"{'policy inheritance': 1.0, 'other/unclear': None, 'historical comparison': None, 'ceremonial/biographical': None, 'institutional precedent': None, 'contemporary rivalry': None, 'legacy/inheritance': None}","{'mixed': None, 'neutral': 1.0, 'positive': None, 'negative': None}","{'Civil War & Reconstruction': None, 'Expansion': None, 'Post-Cold War': 1.0, 'The present era': None, 'The Gilded Age': None, 'Progressives & Depression': None, 'The Cold War': None, 'War & New Deal': None, 'The founding': None}",1,1.9607843137254901,AI-classified; not human-validated
Barack Obama,John F. Kennedy,9,8,"{'policy inheritance': None, 'other/unclear': 6.0, 'historical comparison': None, 'ceremonial/biographical': None, 'institutional precedent': 2.0, 'contemporary rivalry': None, 'legacy/inheritance': 1.0}","{'mixed': None, 'neutral': 9.0, 'positive': None, 'negative': None}","{'Civil War & Reconstruction': None, 'Expansion': None, 'Post-Cold War': 9.0, 'The present era': None, 'The Gilded Age': None, 'Progressives & Depression': None, 'The Cold War': None, 'War & New Deal': None, 'The founding': None}",1,17.647058823529413,AI-classified; not human-validated
Barack Obama,Lyndon B. Johnson,2,2,"{'policy inheritance': None, 'other/unclear': 1.0, 'historical comparison': None, 'ceremonial/biographical': 1.0, 'institutional precedent': None, 'contemporary rivalry': None, 'legacy/inheritance': None}","{'mixed': None, 'neutral': 2.0, 'positive': None, 'negative': None}","{'Civil War & Reconstruction': None, 'Expansion': None, 'Post-Cold War': 2.0, 'The present era': None, 'The Gilded Age': None, 'Progressives & Depression': None, 'The Cold War': None, 'War & New Deal': None, 'The founding': None}",1,3.9215686274509802,AI-classified; not human-validated
Barack Obama,Richard M. Nixon,1,1,"{'policy inheritance': None, 'other/unclear': 1.0, 'historical comparison': None, 'ceremonial/biographical': None, 'institutional precedent': None, 'contemporary rivalry': None, 'legacy/inheritance': None}","{'mixed': None, 'neutral': 1.0, 'positive': None, 'negative': None}","{'Civil War & Reconstruction': None, 'Expansion': None, 'Post-Cold War': 1.0, 'The present era': None, 'The Gilded Age': None, 'Progressives & Depression': None, 'The Cold War': None, 'War & New Deal': None, 'The founding': None}",1,1.9607843137254901,AI-classified; not human-validated
Barack Obama,Ronald Reagan,6,5,"{'policy inheritance': None, 'other/unclear': 5.0, 'historical comparison': None, 'ceremonial/biographical': None, 'institutional precedent': 1.0, 'contemporary rivalry': None, 'legacy/inheritance': None}","{'mixed': None, 'neutral': 5.0, 'positive': 1.0, 'negative': None}","{'Civil War & Reconstruction': None, 'Expansion': None, 'Post-Cold War': 6.0, 'The present era': None, 'The Gilded Age': None, 'Progressives & Depression': None, 'The Cold War': None, 'War & New Deal': None, 'The founding': None}",1,11.76470588235294,AI-classified; not human-validated
Barack Obama,Theodore Roosevelt,3,3,"{'policy inheritance': 2.0, 'other/unclear': 1.0, 'historical comparison': None, 'ceremonial/biographical': None, 'institutional precedent': None, 'contemporary rivalry': None, 'legacy/inheritance': None}","{'mixed': None, 'neutral': 3.0, 'positive': None, 'negative': None}","{'Civil War & Reconstruction': None, 'Expansion': None, 'Post-Cold War': 3.0, 'The present era': None, 'The Gilded Age': None, 'Progressives & Depression': None, 'The Cold War': None, 'War & New Deal': None, 'The founding': None}",1,5.88235294117647,AI-classified; not human-validated
Barack Obama,Thomas Jefferson,4,3,"{'policy inheritance': None, 'other/unclear': 1.0, 'historical comparison': 1.0, 'ceremonial/biographical': 1.0, 'institutional precedent': 1.0, 'contemporary rivalry': None, 'legacy/inheritance': None}","{'mixed': None, 'neutral': 2.0, 'positive': 2.0, 'negative': None}","{'Civil War & Reconstruction': None, 'Expansion': None, 'Post-Cold War': 4.0, 'The present era': None, 'The Gilded Age': None, 'Progressives & Depression': None, 'The Cold War': None, 'War & New Deal': None, 'The founding': None}",1,7.8431372549019605,AI-classified; not human-validated
Barack Obama,Woodrow Wilson,1,1,"{'policy inheritance': 1.0, 'other/unclear': None, 'historical comparison': None, 'ceremonial/biographical': None, 'institutional precedent': None, 'contemporary rivalry': None, 'legacy/inheritance': None}","{'mixed': None, 'neutral': None, 'positive': None, 'negative': 1.0}","{'Civil War & Reconstruction': None, 'Expansion': None, 'Post-Cold War': 1.0, 'The present era': None, 'The Gilded Age': None, 'Progressives & Depression': None, 'The Cold War': None, 'War & New Deal': None, 'The founding': None}",1,1.9607843137254901,AI-classified; not human-validated
Benjamin Harrison,Chester A. Arthur,1,1,"{'policy inheritance': 1.0, 'other/unclear': None, 'historical comparison': None, 'ceremonial/biographical': None, 'institutional precedent': None, 'contemporary rivalry': None, 'legacy/inheritance': None}","{'mixed': None, 'neutral': 1.0, 'positive': None, 'negative': None}","{'Civil War & Reconstruction': None, 'Expansion': None, 'Post-Cold War': None, 'The present era': None, 'The Gilded Age': 1.0, 'Progressives & Depression': None, 'The Cold War': None, 'War & New Deal': None, 'The founding': None}",1,6.25,AI-classified; not human-validated
Benjamin Harrison,George Washington,2,2,"{'policy inheritance': None, 'other/unclear': None, 'historical comparison': None, 'ceremonial/biographical': 1.0, 'institutional precedent': 1.0, 'contemporary rivalry': None, 'legacy/inheritance': None}","{'mixed': None, 'neutral': 2.0, 'positive': None, 'negative': None}","{'Civil War & Reconstruction': None, 'Expansion': None, 'Post-Cold War': None, 'The present era': None, 'The Gilded Age': 2.0, 'Progressives & Depression': None, 'The Cold War': None, 'War & New Deal': None, 'The founding': None}",1,12.5,AI-classified; not human-validated
Benjamin Harrison,Thomas Jefferson,1,1,"{'policy inheritance': None, 'other/unclear': 1.0, 'historical comparison': None, 'ceremonial/biographical': None, 'institutional precedent': None, 'contemporary rivalry': None, 'legacy/inheritance': None}","{'mixed': None, 'neutral': 1.0, 'positive': None, 'negative': None}","{'Civil War & Reconstruction': None, 'Expansion': None, 'Post-Cold War': None, 'The present era': None, 'The Gilded Age': 1.0, 'Progressives & Depression': None, 'The Cold War': None, 'War & New Deal': None, 'The founding': None}",1,6.25,AI-classified; not human-validated
Benjamin Harrison,William McKinley,1,1,"{'policy inheritance': None, 'other/unclear': 1.0, 'historical comparison': None, 'ceremonial/biographical': None, 'institutional precedent': None, 'contemporary rivalry': None, 'legacy/inheritance': None}","{'mixed': None, 'neutral': 1.0, 'positive': None, 'negative': None}","{'Civil War & Reconstruction': None, 'Expansion': None, 'Post-Cold War': None, 'The present era': None, 'The Gilded Age': 1.0, 'Progressives & Depression': None, 'The Cold War': None, 'War & New Deal': None, 'The founding': None}",1,6.25,AI-classified; not human-validated
Bill Clinton,Abraham Lincoln,5,4,"{'policy inheritance': 1.0, 'other/unclear': 4.0, 'historical comparison': None, 'ceremonial/biographical': None, 'institutional precedent': None, 'contemporary rivalry': None, 'legacy/inheritance': None}","{'mixed': None, 'neutral': 4.0, 'positive': 1.0, 'negative': None}","{'Civil War & Reconstruction': None, 'Expansion': None, 'Post-Cold War': 5.0, 'The present era': None, 'The Gilded Age': None, 'Progressives & Depression': None, 'The Cold War': None, 'War & New Deal': None, 'The founding': None}",1,12.82051282051282,AI-classified; not human-validated
Bill Clinton,Andrew Jackson,2,2,"{'policy inheritance': None, 'other/unclear': 2.0, 'historical comparison': None, 'ceremonial/biographical': None, 'institutional precedent': None, 'contemporary rivalry': None, 'legacy/inheritance': None}","{'mixed': None, 'neutral': 2.0, 'positive': None, 'negative': None}","{'Civil War & Reconstruction': None, 'Expansion': None, 'Post-Cold War': 2.0, 'The present era': None, 'The Gilded Age': None, 'Progressives & Depression': None, 'The Cold War': None, 'War & New Deal': None, 'The founding': None}",1,5.128205128205128,AI-classified; not human-validated
Bill Clinton,Dwight D. Eisenhower,3,3,"{'policy inheritance': None, 'other/unclear': 2.0, 'historical comparison': None, 'ceremonial/biographical': None, 'institutional precedent': 1.0, 'contemporary rivalry': None, 'legacy/inheritance': None}","{'mixed': None, 'neutral': 3.0, 'positive': None, 'negative': None}","{'Civil War & Reconstruction': None, 'Expansion': None, 'Post-Cold War': 3.0, 'The present era': None, 'The Gilded Age': None, 'Progressives & Depression': None, 'The Cold War': None, 'War & New Deal': None, 'The founding': None}",1,7.6923076923076925,AI-classified; not human-validated
Bill Clinton,Franklin D. Roosevelt,8,6,"{'policy inheritance': 2.0, 'other/unclear': 4.0, 'historical comparison': None, 'ceremonial/biographical': None, 'institutional precedent': 2.0, 'contemporary rivalry': None, 'legacy/inheritance': None}","{'mixed': 1.0, 'neutral': 7.0, 'positive': None, 'negative': None}","{'Civil War & Reconstruction': None, 'Expansion': None, 'Post-Cold War': 8.0, 'The present era': None, 'The Gilded Age': None, 'Progressives & Depression': None, 'The Cold War': None, 'War & New Deal': None, 'The founding': None}",1,20.51282051282051,AI-classified; not human-validated
Bill Clinton,George H. W. Bush,6,4,"{'policy inheritance': None, 'other/unclear': 6.0, 'historical comparison': None, 'ceremonial/biographical': None, 'institutional precedent': None, 'contemporary rivalry': None, 'legacy/inheritance': None}","{'mixed': None, 'neutral': 5.0, 'positive': 1.0, 'negative': None}","{'Civil War & Reconstruction': None, 'Expansion': None, 'Post-Cold War': 6.0, 'The present era': None, 'The Gilded Age': None, 'Progressives & Depression': None, 'The Cold War': None, 'War & New Deal': None, 'The founding': None}",1,15.384615384615385,AI-classified; not human-validated
Bill Clinton,George W. Bush,1,1,"{'policy inheritance': None, 'other/unclear': 1.0, 'historical comparison': None, 'ceremonial/biographical': None, 'institutional precedent': None, 'contemporary rivalry': None, 'legacy/inheritance': None}","{'mixed': None, 'neutral': 1.0, 'positive': None, 'negative': None}","{'Civil War & Reconstruction': None, 'Expansion': None, 'Post-Cold War': 1.0, 'The present era': None, 'The Gilded Age': None, 'Progressives & Depression': None, 'The Cold War': None, 'War & New Deal': None, 'The founding': None}",1,2.564102564102564,AI-classified; not human-validated
Bill Clinton,George Washington,2,2,"{'policy inheritance': None, 'other/unclear': 2.0, 'historical comparison': None, 'ceremonial/biographical': None, 'institutional precedent': None, 'contemporary rivalry': None, 'legacy/inheritance': None}","{'mixed': None, 'neutral': 2.0, 'positive': None, 'negative': None}","{'Civil War & Reconstruction': None, 'Expansion': None, 'Post-Cold War': 2.0, 'The present era': None, 'The Gilded Age': None, 'Progressives & Depression': None, 'The Cold War': None, 'War & New Deal': None, 'The founding': None}",1,5.128205128205128,AI-classified; not human-validated
Bill Clinton,Harry S. Truman,9,5,"{'policy inheritance': 2.0, 'other/unclear': 5.0, 'historical comparison': None, 'ceremonial/biographical': None, 'institutional precedent': 2.0, 'contemporary rivalry': None, 'legacy/inheritance': None}","{'mixed': None, 'neutral': 7.0, 'positive': 2.0, 'negative': None}","{'Civil War & Reconstruction': None, 'Expansion': None, 'Post-Cold War': 9.0, 'The present era': None, 'The Gilded Age': None, 'Progressives & Depression': None, 'The Cold War': None, 'War & New Deal': None, 'The founding': None}",1,23.076923076923077,AI-classified; not human-validated
Bill Clinton,Jimmy Carter,4,3,"{'policy inheritance': None, 'other/unclear': 2.0, 'historical comparison': None, 'ceremonial/biographical': 2.0, 'institutional precedent': None, 'contemporary rivalry': None, 'legacy/inheritance': None}","{'mixed': None, 'neutral': 3.0, 'positive': 1.0, 'negative': None}","{'Civil War & Reconstruction': None, 'Expansion': None, 'Post-Cold War': 4.0, 'The present era': None, 'The Gilded Age': None, 'Progressives & Depression': None, 'The Cold War': None, 'War & New Deal': None, 'The founding': None}",1,10.256410256410255,AI-classified; not human-validated
Bill Clinton,John F. Kennedy,9,7,"{'policy inheritance': 1.0, 'other/unclear': 7.0, 'historical comparison': None, 'ceremonial/biographical': None, 'institutional precedent': 1.0, 'contemporary rivalry': None, 'legacy/inheritance': None}","{'mixed': None, 'neutral': 9.0, 'positive': None, 'negative': None}","{'Civil War & Reconstruction': None, 'Expansion': None, 'Post-Cold War': 9.0, 'The present era': None, 'The Gilded Age': None, 'Progressives & Depression': None, 'The Cold War': None, 'War & New Deal': None, 'The founding': None}",1,23.076923076923077,AI-classified; not human-validated
Bill Clinton,Lyndon B. Johnson,4,1,"{'policy inheritance': 1.0, 'other/unclear': 2.0, 'historical comparison': None, 'ceremonial/biographical': None, 'institutional precedent': 1.0, 'contemporary rivalry': None, 'legacy/inheritance': None}","{'mixed': None, 'neutral': 2.0, 'positive': 2.0, 'negative': None}","{'Civil War & Reconstruction': None, 'Expansion': None, 'Post-Cold War': 4.0, 'The present era': None, 'The Gilded Age': None, 'Progressives & Depression': None, 'The Cold War': None, 'War & New Deal': None, 'The founding': None}",1,10.256410256410255,AI-classified; not human-validated
Bill Clinton,Richard M. Nixon,5,4,"{'policy inheritance': None, 'other/unclear': 2.0, 'historical comparison': None, 'ceremonial/biographical': None, 'institutional precedent': 3.0, 'contemporary rivalry': None, 'legacy/inheritance': None}","{'mixed': None, 'neutral': 5.0, 'positive': None, 'negative': None}","{'Civil War & Reconstruction': None, 'Expansion': None, 'Post-Cold War': 5.0, 'The present era': None, 'The Gilded Age': None, 'Progressives & Depression': None, 'The Cold War': None, 'War & New Deal': None, 'The founding': None}",1,12.82051282051282,AI-classified; not human-validated
Bill Clinton,Ronald Reagan,2,2,"{'policy inheritance': None, 'other/unclear': 2.0, 'historical comparison': None, 'ceremonial/biographical': None, 'institutional precedent': None, 'contemporary rivalry': None, 'legacy/inheritance': None}","{'mixed': None, 'neutral': 2.0, 'positive': None, 'negative': None}","{'Civil War & Reconstruction': None, 'Expansion': None, 'Post-Cold War': 2.0, 'The present era': None, 'The Gilded Age': None, 'Progressives & Depression': None, 'The Cold War': None, 'War & New Deal': None, 'The founding': None}",1,5.128205128205128,AI-classified; not human-validated
Bill Clinton,Theodore Roosevelt,3,3,"{'policy inheritance': None, 'other/unclear': 2.0, 'historical comparison': None, 'ceremonial/biographical': None, 'institutional precedent': 1.0, 'contemporary rivalry': None, 'legacy/inheritance': None}","{'mixed': 1.0, 'neutral': 1.0, 'positive': 1.0, 'negative': None}","{'Civil War & Reconstruction': None, 'Expansion': None, 'Post-Cold War': 3.0, 'The present era': None, 'The Gilded Age': None, 'Progressives & Depression': None, 'The Cold War': None, 'War & New Deal': None, 'The founding': None}",1,7.6923076923076925,AI-classified; not human-validated
Bill Clinton,Thomas Jefferson,5,4,"{'policy inheritance': None, 'other/unclear': 4.0, 'historical comparison': 1.0, 'ceremonial/biographical': None, 'institutional precedent': None, 'contemporary rivalry': None, 'legacy/inheritance': None}","{'mixed': None, 'neutral': 4.0, 'positive': 1.0, 'negative': None}","{'Civil War & Reconstruction': None, 'Expansion': None, 'Post-Cold War': 5.0, 'The present era': None, 'The Gilded Age': None, 'Progressives & Depression': None, 'The Cold War': None, 'War & New Deal': None, 'The founding': None}",1,12.82051282051282,AI-classified; not human-validated
Bill Clinton,Woodrow Wilson,1,1,"{'policy inheritance': None, 'other/unclear': None, 'historical comparison': None, 'ceremonial/biographical': None, 'institutional precedent': 1.0, 'contemporary rivalry': None, 'legacy/inheritance': None}","{'mixed': 1.0, 'neutral': None, 'positive': None, 'negative': None}","{'Civil War & Reconstruction': None, 'Expansion': None, 'Post-Cold War': 1.0, 'The present era': None, 'The Gilded Age': None, 'Progressives & Depression': None, 'The Cold War': None, 'War & New Deal': None, 'The founding': None}",1,2.564102564102564,AI-classified; not human-validated
Calvin Coolidge,Abraham Lincoln,1,1,"{'policy inheritance': None, 'other/unclear': 1.0, 'historical comparison': None, 'ceremonial/biographical': None, 'institutional precedent': None, 'contemporary rivalry': None, 'legacy/inheritance': None}","{'mixed': None, 'neutral': 1.0, 'positive': None, 'negative': None}","{'Civil War & Reconstruction': None, 'Expansion': None, 'Post-Cold War': None, 'The present era': None, 'The Gilded Age': None, 'Progressives & Depression': 1.0, 'The Cold War': None, 'War & New Deal': None, 'The founding': None}",1,8.333333333333332,AI-classified; not human-validated
Calvin Coolidge,George Washington,15,4,"{'policy inheritance': 1.0, 'other/unclear': 14.0, 'historical comparison': None, 'ceremonial/biographical': None, 'institutional precedent': None, 'contemporary rivalry': None, 'legacy/inheritance': None}","{'mixed': None, 'neutral': 13.0, 'positive': 2.0, 'negative': None}","{'Civil War & Reconstruction': None, 'Expansion': None, 'Post-Cold War': None, 'The present era': None, 'The Gilded Age': None, 'Progressives & Depression': 15.0, 'The Cold War': None, 'War & New Deal': None, 'The founding': None}",1,125.0,AI-classified; not human-validated
Calvin Coolidge,James Monroe,3,3,"{'policy inheritance': None, 'other/unclear': 3.0, 'historical comparison': None, 'ceremonial/biographical': None, 'institutional precedent': None, 'contemporary rivalry': None, 'legacy/inheritance': None}","{'mixed': None, 'neutral': 3.0, 'positive': None, 'negative': None}","{'Civil War & Reconstruction': None, 'Expansion': None, 'Post-Cold War': None, 'The present era': None, 'The Gilded Age': None, 'Progressives & Depression': 3.0, 'The Cold War': None, 'War & New Deal': None, 'The founding': None}",1,25.0,AI-classified; not human-validated
Calvin Coolidge,John Adams,3,1,"{'policy inheritance': None, 'other/unclear': 3.0, 'historical comparison': None, 'ceremonial/biographical': None, 'institutional precedent': None, 'contemporary rivalry': None, 'legacy/inheritance': None}","{'mixed': None, 'neutral': 2.0, 'positive': 1.0, 'negative': None}","{'Civil War & Reconstruction': None, 'Expansion': None, 'Post-Cold War': None, 'The present era': None, 'The Gilded Age': None, 'Progressives & Depression': 3.0, 'The Cold War': None, 'War & New Deal': None, 'The founding': None}",1,25.0,AI-classified; not human-validated
Calvin Coolidge,Theodore Roosevelt,1,1,"{'policy inheritance': None, 'other/unclear': 1.0, 'historical comparison': None, 'ceremonial/biographical': None, 'institutional precedent': None, 'contemporary rivalry': None, 'legacy/inheritance': None}","{'mixed': None, 'neutral': 1.0, 'positive': None, 'negative': None}","{'Civil War & Reconstruction': None, 'Expansion': None, 'Post-Cold War': None, 'The present era': None, 'The Gilded Age': None, 'Progressives & Depression': 1.0, 'The Cold War': None, 'War & New Deal': None, 'The founding': None}",1,8.333333333333332,AI-classified; not human-validated
Calvin Coolidge,Thomas Jefferson,6,3,"{'policy inheritance': None, 'other/unclear': 5.0, 'historical comparison': None, 'ceremonial/biographical': None, 'institutional precedent': 1.0, 'contemporary rivalry': None, 'legacy/inheritance': None}","{'mixed': None, 'neutral': 5.0, 'positive': 1.0, 'negative': None}","{'Civil War & Reconstruction': None, 'Expansion': None, 'Post-Cold War': None, 'The present era': None, 'The Gilded Age': None, 'Progressives & Depression': 6.0, 'The Cold War': None, 'War & New Deal': None, 'The founding': None}",1,50.0,AI-classified; not human-validated
Calvin Coolidge,Warren G. Harding,1,1,"{'policy inheritance': None, 'other/unclear': None, 'historical comparison': None, 'ceremonial/biographical': None, 'institutional precedent': 1.0, 'contemporary rivalry': None, 'legacy/inheritance': None}","{'mixed': None, 'neutral': 1.0, 'positive': None, 'negative': None}","{'Civil War & Reconstruction': None, 'Expansion': None, 'Post-Cold War': None, 'The present era': None, 'The Gilded Age': None, 'Progressives & Depression': 1.0, 'The Cold War': None, 'War & New Deal': None, 'The founding': None}",1,8.333333333333332,AI-classified; not human-validated
Chester A. Arthur,James A. Garfield,3,2,"{'policy inheritance': None, 'other/unclear': 1.0, 'historical comparison': None, 'ceremonial/biographical': 1.0, 'institutional precedent': 1.0, 'contemporary rivalry': None, 'legacy/inheritance': None}","{'mixed': None, 'neutral': 3.0, 'positive': None, 'negative': None}","{'Civil War & Reconstruction': None, 'Expansion': None, 'Post-Cold War': None, 'The present era': None, 'The Gilded Age': 3.0, 'Progressives & Depression': None, 'The Cold War': None, 'War & New Deal': None, 'The founding': None}",1,27.27272727272727,AI-classified; not human-validated
Chester A. Arthur,Rutherford B. Hayes,1,1,"{'policy inheritance': 1.0, 'other/unclear': None, 'historical comparison': None, 'ceremonial/biographical': None, 'institutional precedent': None, 'contemporary rivalry': None, 'legacy/inheritance': None}","{'mixed': None, 'neutral': 1.0, 'positive': None, 'negative': None}","{'Civil War & Reconstruction': None, 'Expansion': None, 'Post-Cold War': None, 'The present era': None, 'The Gilded Age': 1.0, 'Progressives & Depression': None, 'The Cold War': None, 'War & New Deal': None, 'The founding': None}",1,9.090909090909092,AI-classified; not human-validated
Chester A. Arthur,Ulysses S. Grant,1,1,"{'policy inheritance': None, 'other/unclear': 1.0, 'historical comparison': None, 'ceremonial/biographical': None, 'institutional precedent': None, 'contemporary rivalry': None, 'legacy/inheritance': None}","{'mixed': None, 'neutral': 1.0, 'positive': None, 'negative': None}","{'Civil War & Reconstruction': None, 'Expansion': None, 'Post-Cold War': None, 'The present era': None, 'The Gilded Age': 1.0, 'Progressives & Depression': None, 'The Cold War': None, 'War & New Deal': None, 'The founding': None}",1,9.090909090909092,AI-classified; not human-validated
Donald Trump,Abraham Lincoln,8,6,"{'policy inheritance': 2.0, 'other/unclear': 6.0, 'historical comparison': None, 'ceremonial/biographical': None, 'institutional precedent': None, 'contemporary rivalry': None, 'legacy/inheritance': None}","{'mixed': None, 'neutral': 7.0, 'positive': 1.0, 'negative': None}","{'Civil War & Reconstruction': None, 'Expansion': None, 'Post-Cold War': None, 'The present era': 8.0, 'The Gilded Age': None, 'Progressives & Depression': None, 'The Cold War': None, 'War & New Deal': None, 'The founding': None}",1,15.09433962264151,AI-classified; not human-validated
Donald Trump,Andrew Jackson,3,2,"{'policy inheritance': None, 'other/unclear': 3.0, 'historical comparison': None, 'ceremonial/biographical': None, 'institutional precedent': None, 'contemporary rivalry': None, 'legacy/inheritance': None}","{'mixed': None, 'neutral': 1.0, 'positive': 2.0, 'negative': None}","{'Civil War & Reconstruction': None, 'Expansion': None, 'Post-Cold War': None, 'The present era': 3.0, 'The Gilded Age': None, 'Progressives & Depression': None, 'The Cold War': None, 'War & New Deal': None, 'The founding': None}",1,5.660377358490567,AI-classified; not human-validated
Donald Trump,Barack Obama,15,8,"{'policy inheritance': None, 'other/unclear': 13.0, 'historical comparison': None, 'ceremonial/biographical': None, 'institutional precedent': 2.0, 'contemporary rivalry': None, 'legacy/inheritance': None}","{'mixed': None, 'neutral': 13.0, 'positive': 2.0, 'negative': None}","{'Civil War & Reconstruction': None, 'Expansion': None, 'Post-Cold War': None, 'The present era': 15.0, 'The Gilded Age': None, 'Progressives & Depression': None, 'The Cold War': None, 'War & New Deal': None, 'The founding': None}",1,28.30188679245283,AI-classified; not human-validated
Donald Trump,Bill Clinton,3,3,"{'policy inheritance': None, 'other/unclear': 3.0, 'historical comparison': None, 'ceremonial/biographical': None, 'institutional precedent': None, 'contemporary rivalry': None, 'legacy/inheritance': None}","{'mixed': None, 'neutral': 2.0, 'positive': 1.0, 'negative': None}","{'Civil War & Reconstruction': None, 'Expansion': None, 'Post-Cold War': None, 'The present era': 3.0, 'The Gilded Age': None, 'Progressives & Depression': None, 'The Cold War': None, 'War & New Deal': None, 'The founding': None}",1,5.660377358490567,AI-classified; not human-validated
Donald Trump,Dwight D. Eisenhower,5,5,"{'policy inheritance': None, 'other/unclear': 2.0, 'historical comparison': 1.0, 'ceremonial/biographical': None, 'institutional precedent': 1.0, 'contemporary rivalry': None, 'legacy/inheritance': 1.0}","{'mixed': None, 'neutral': 5.0, 'positive': None, 'negative': None}","{'Civil War & Reconstruction': None, 'Expansion': None, 'Post-Cold War': None, 'The present era': 5.0, 'The Gilded Age': None, 'Progressives & Depression': None, 'The Cold War': None, 'War & New Deal': None, 'The founding': None}",1,9.433962264150944,AI-classified; not human-validated
Donald Trump,George H. W. Bush,1,1,"{'policy inheritance': None, 'other/unclear': 1.0, 'historical comparison': None, 'ceremonial/biographical': None, 'institutional precedent': None, 'contemporary rivalry': None, 'legacy/inheritance': None}","{'mixed': None, 'neutral': 1.0, 'positive': None, 'negative': None}","{'Civil War & Reconstruction': None, 'Expansion': None, 'Post-Cold War': None, 'The present era': 1.0, 'The Gilded Age': None, 'Progressives & Depression': None, 'The Cold War': None, 'War & New Deal': None, 'The founding': None}",1,1.8867924528301887,AI-classified; not human-validated
Donald Trump,George W. Bush,2,2,"{'policy inheritance': None, 'other/unclear': 2.0, 'historical comparison': None, 'ceremonial/biographical': None, 'institutional precedent': None, 'contemporary rivalry': None, 'legacy/inheritance': None}","{'mixed': None, 'neutral': 1.0, 'positive': 1.0, 'negative': None}","{'Civil War & Reconstruction': None, 'Expansion': None, 'Post-Cold War': None, 'The present era': 2.0, 'The Gilded Age': None, 'Progressives & Depression': None, 'The Cold War': None, 'War & New Deal': None, 'The founding': None}",1,3.7735849056603774,AI-classified; not human-validated
Donald Trump,George Washington,11,9,"{'policy inheritance': None, 'other/unclear': 8.0, 'historical comparison': 1.0, 'ceremonial/biographical': None, 'institutional precedent': None, 'contemporary rivalry': None, 'legacy/inheritance': 2.0}","{'mixed': None, 'neutral': 9.0, 'positive': 2.0, 'negative': None}","{'Civil War & Reconstruction': None, 'Expansion': None, 'Post-Cold War': None, 'The present era': 11.0, 'The Gilded Age': None, 'Progressives & Depression': None, 'The Cold War': None, 'War & New Deal': None, 'The founding': None}",1,20.754716981132077,AI-classified; not human-validated
Donald Trump,Gerald Ford,1,1,"{'policy inheritance': None, 'other/unclear': 1.0, 'historical comparison': None, 'ceremonial/biographical': None, 'institutional precedent': None, 'contemporary rivalry': None, 'legacy/inheritance': None}","{'mixed': None, 'neutral': 1.0, 'positive': None, 'negative': None}","{'Civil War & Reconstruction': None, 'Expansion': None, 'Post-Cold War': None, 'The present era': 1.0, 'The Gilded Age': None, 'Progressives & Depression': None, 'The Cold War': None, 'War & New Deal': None, 'The founding': None}",1,1.8867924528301887,AI-classified; not human-validated
Donald Trump,Harry S. Truman,3,2,"{'policy inheritance': None, 'other/unclear': 2.0, 'historical comparison': None, 'ceremonial/biographical': None, 'institutional precedent': 1.0, 'contemporary rivalry': None, 'legacy/inheritance': None}","{'mixed': None, 'neutral': 3.0, 'positive': None, 'negative': None}","{'Civil War & Reconstruction': None, 'Expansion': None, 'Post-Cold War': None, 'The present era': 3.0, 'The Gilded Age': None, 'Progressives & Depression': None, 'The Cold War': None, 'War & New Deal': None, 'The founding': None}",1,5.660377358490567,AI-classified; not human-validated
Donald Trump,James Madison,1,1,"{'policy inheritance': None, 'other/unclear': 1.0, 'historical comparison': None, 'ceremonial/biographical': None, 'institutional precedent': None, 'contemporary rivalry': None, 'legacy/inheritance': None}","{'mixed': None, 'neutral': 1.0, 'positive': None, 'negative': None}","{'Civil War & Reconstruction': None, 'Expansion': None, 'Post-Cold War': None, 'The present era': 1.0, 'The Gilded Age': None, 'Progressives & Depression': None, 'The Cold War': None, 'War & New Deal': None, 'The founding': None}",1,1.8867924528301887,AI-classified; not human-validated
Donald Trump,James Monroe,3,2,"{'policy inheritance': 1.0, 'other/unclear': 2.0, 'historical comparison': None, 'ceremonial/biographical': None, 'institutional precedent': None, 'contemporary rivalry': None, 'legacy/inheritance': None}","{'mixed': None, 'neutral': 3.0, 'positive': None, 'negative': None}","{'Civil War & Reconstruction': None, 'Expansion': None, 'Post-Cold War': None, 'The present era': 3.0, 'The Gilded Age': None, 'Progressives & Depression': None, 'The Cold War': None, 'War & New Deal': None, 'The founding': None}",1,5.660377358490567,AI-classified; not human-validated
Donald Trump,Jimmy Carter,2,2,"{'policy inheritance': None, 'other/unclear': 1.0, 'historical comparison': 1.0, 'ceremonial/biographical': None, 'institutional precedent': None, 'contemporary rivalry': None, 'legacy/inheritance': None}","{'mixed': None, 'neutral': 2.0, 'positive': None, 'negative': None}","{'Civil War & Reconstruction': None, 'Expansion': None, 'Post-Cold War': None, 'The present era': 2.0, 'The Gilded Age': None, 'Progressives & Depression': None, 'The Cold War': None, 'War & New Deal': None, 'The founding': None}",1,3.7735849056603774,AI-classified; not human-validated
Donald Trump,Joe Biden,78,12,"{'policy inheritance': 6.0, 'other/unclear': 51.0, 'historical comparison': 5.0, 'ceremonial/biographical': None, 'institutional precedent': 10.0, 'contemporary rivalry': 5.0, 'legacy/inheritance': 1.0}","{'mixed': None, 'neutral': 69.0, 'positive': 3.0, 'negative': 6.0}","{'Civil War & Reconstruction': None, 'Expansion': None, 'Post-Cold War': None, 'The present era': 78.0, 'The Gilded Age': None, 'Progressives & Depression': None, 'The Cold War': None, 'War & New Deal': None, 'The founding': None}",1,147.16981132075472,AI-classified; not human-validated
Donald Trump,John Adams,2,2,"{'policy inheritance': None, 'other/unclear': 2.0, 'historical comparison': None, 'ceremonial/biographical': None, 'institutional precedent': None, 'contemporary rivalry': None, 'legacy/inheritance': None}","{'mixed': None, 'neutral': 2.0, 'positive': None, 'negative': None}","{'Civil War & Reconstruction': None, 'Expansion': None, 'Post-Cold War': None, 'The present era': 2.0, 'The Gilded Age': None, 'Progressives & Depression': None, 'The Cold War': None, 'War & New Deal': None, 'The founding': None}",1,3.7735849056603774,AI-classified; not human-validated
Donald Trump,Ronald Reagan,5,5,"{'policy inheritance': 1.0, 'other/unclear': 4.0, 'historical comparison': None, 'ceremonial/biographical': None, 'institutional precedent': None, 'contemporary rivalry': None, 'legacy/inheritance': None}","{'mixed': None, 'neutral': 5.0, 'positive': None, 'negative': None}","{'Civil War & Reconstruction': None, 'Expansion': None, 'Post-Cold War': None, 'The present era': 5.0, 'The Gilded Age': None, 'Progressives & Depression': None, 'The Cold War': None, 'War & New Deal': None, 'The founding': None}",1,9.433962264150944,AI-classified; not human-validated
Donald Trump,Theodore Roosevelt,2,2,"{'policy inheritance': None, 'other/unclear': 2.0, 'historical comparison': None, 'ceremonial/biographical': None, 'institutional precedent': None, 'contemporary rivalry': None, 'legacy/inheritance': None}","{'mixed': None, 'neutral': None, 'positive': 2.0, 'negative': None}","{'Civil War & Reconstruction': None, 'Expansion': None, 'Post-Cold War': None, 'The present era': 2.0, 'The Gilded Age': None, 'Progressives & Depression': None, 'The Cold War': None, 'War & New Deal': None, 'The founding': None}",1,3.7735849056603774,AI-classified; not human-validated
Donald Trump,Thomas Jefferson,7,5,"{'policy inheritance': None, 'other/unclear': 7.0, 'historical comparison': None, 'ceremonial/biographical': None, 'institutional precedent': None, 'contemporary rivalry': None, 'legacy/inheritance': None}","{'mixed': None, 'neutral': 5.0, 'positive': 2.0, 'negative': None}","{'Civil War & Reconstruction': None, 'Expansion': None, 'Post-Cold War': None, 'The present era': 7.0, 'The Gilded Age': None, 'Progressives & Depression': None, 'The Cold War': None, 'War & New Deal': None, 'The founding': None}",1,13.20754716981132,AI-classified; not human-validated
Donald Trump,Ulysses S. Grant,1,1,"{'policy inheritance': None, 'other/unclear': 1.0, 'historical comparison': None, 'ceremonial/biographical': None, 'institutional precedent': None, 'contemporary rivalry': None, 'legacy/inheritance': None}","{'mixed': None, 'neutral': None, 'positive': 1.0, 'negative': None}","{'Civil War & Reconstruction': None, 'Expansion': None, 'Post-Cold War': None, 'The present era': 1.0, 'The Gilded Age': None, 'Progressives & Depression': None, 'The Cold War': None, 'War & New Deal': None, 'The founding': None}",1,1.8867924528301887,AI-classified; not human-validated
Donald Trump,William McKinley,3,2,"{'policy inheritance': None, 'other/unclear': 3.0, 'historical comparison': None, 'ceremonial/biographical': None, 'institutional precedent': None, 'contemporary rivalry': None, 'legacy/inheritance': None}","{'mixed': None, 'neutral': None, 'positive': 3.0, 'negative': None}","{'Civil War & Reconstruction': None, 'Expansion': None, 'Post-Cold War': None, 'The present era': 3.0, 'The Gilded Age': None, 'Progressives & Depression': None, 'The Cold War': None, 'War & New Deal': None, 'The founding': None}",1,5.660377358490567,AI-classified; not human-validated
Dwight D. Eisenhower,Abraham Lincoln,2,1,"{'policy inheritance': None, 'other/unclear': 2.0, 'historical comparison': None, 'ceremonial/biographical': None, 'institutional precedent': None, 'contemporary rivalry': None, 'legacy/inheritance': None}","{'mixed': None, 'neutral': 2.0, 'positive': None, 'negative': None}","{'Civil War & Reconstruction': None, 'Expansion': None, 'Post-Cold War': None, 'The present era': None, 'The Gilded Age': None, 'Progressives & Depression': None, 'The Cold War': 2.0, 'War & New Deal': None, 'The founding': None}",1,13.333333333333334,AI-classified; not human-validated
Dwight D. Eisenhower,Herbert Hoover,2,2,"{'policy inheritance': None, 'other/unclear': 2.0, 'historical comparison': None, 'ceremonial/biographical': None, 'institutional precedent': None, 'contemporary rivalry': None, 'legacy/inheritance': None}","{'mixed': None, 'neutral': 1.0, 'positive': 1.0, 'negative': None}","{'Civil War & Reconstruction': None, 'Expansion': None, 'Post-Cold War': None, 'The present era': None, 'The Gilded Age': None, 'Progressives & Depression': None, 'The Cold War': 2.0, 'War & New Deal': None, 'The founding': None}",1,13.333333333333334,AI-classified; not human-validated
Dwight D. Eisenhower,Richard M. Nixon,1,1,"{'policy inheritance': None, 'other/unclear': None, 'historical comparison': None, 'ceremonial/biographical': 1.0, 'institutional precedent': None, 'contemporary rivalry': None, 'legacy/inheritance': None}","{'mixed': None, 'neutral': 1.0, 'positive': None, 'negative': None}","{'Civil War & Reconstruction': None, 'Expansion': None, 'Post-Cold War': None, 'The present era': None, 'The Gilded Age': None, 'Progressives & Depression': None, 'The Cold War': 1.0, 'War & New Deal': None, 'The founding': None}",1,6.666666666666667,AI-classified; not human-validated
Dwight D. Eisenhower,Theodore Roosevelt,1,1,"{'policy inheritance': None, 'other/unclear': 1.0, 'historical comparison': None, 'ceremonial/biographical': None, 'institutional precedent': None, 'contemporary rivalry': None, 'legacy/inheritance': None}","{'mixed': None, 'neutral': 1.0, 'positive': None, 'negative': None}","{'Civil War & Reconstruction': None, 'Expansion': None, 'Post-Cold War': None, 'The present era': None, 'The Gilded Age': None, 'Progressives & Depression': None, 'The Cold War': 1.0, 'War & New Deal': None, 'The founding': None}",1,6.666666666666667,AI-classified; not human-validated
Dwight D. Eisenhower,William McKinley,1,1,"{'policy inheritance': None, 'other/unclear': 1.0, 'historical comparison': None, 'ceremonial/biographical': None, 'institutional precedent': None, 'contemporary rivalry': None, 'legacy/inheritance': None}","{'mixed': None, 'neutral': 1.0, 'positive': None, 'negative': None}","{'Civil War & Reconstruction': None, 'Expansion': None, 'Post-Cold War': None, 'The present era': None, 'The Gilded Age': None, 'Progressives & Depression': None, 'The Cold War': 1.0, 'War & New Deal': None, 'The founding': None}",1,6.666666666666667,AI-classified; not human-validated
Dwight D. Eisenhower,William Taft,1,1,"{'policy inheritance': 1.0, 'other/unclear': None, 'historical comparison': None, 'ceremonial/biographical': None, 'institutional precedent': None, 'contemporary rivalry': None, 'legacy/inheritance': None}","{'mixed': None, 'neutral': 1.0, 'positive': None, 'negative': None}","{'Civil War & Reconstruction': None, 'Expansion': None, 'Post-Cold War': None, 'The present era': None, 'The Gilded Age': None, 'Progressives & Depression': None, 'The Cold War': 1.0, 'War & New Deal': None, 'The founding': None}",1,6.666666666666667,AI-classified; not human-validated
Franklin D. Roosevelt,Abraham Lincoln,5,5,"{'policy inheritance': None, 'other/unclear': 3.0, 'historical comparison': None, 'ceremonial/biographical': None, 'institutional precedent': 2.0, 'contemporary rivalry': None, 'legacy/inheritance': None}","{'mixed': None, 'neutral': 5.0, 'positive': None, 'negative': None}","{'Civil War & Reconstruction': None, 'Expansion': None, 'Post-Cold War': None, 'The present era': None, 'The Gilded Age': None, 'Progressives & Depression': None, 'The Cold War': None, 'War & New Deal': 5.0, 'The founding': None}",1,10.204081632653061,AI-classified; not human-validated
Franklin D. Roosevelt,Andrew Jackson,2,2,"{'policy inheritance': None, 'other/unclear': None, 'historical comparison': None, 'ceremonial/biographical': 1.0, 'institutional precedent': 1.0, 'contemporary rivalry': None, 'legacy/inheritance': None}","{'mixed': None, 'neutral': 2.0, 'positive': None, 'negative': None}","{'Civil War & Reconstruction': None, 'Expansion': None, 'Post-Cold War': None, 'The present era': None, 'The Gilded Age': None, 'Progressives & Depression': None, 'The Cold War': None, 'War & New Deal': 2.0, 'The founding': None}",1,4.081632653061225,AI-classified; not human-validated
Franklin D. Roosevelt,Calvin Coolidge,1,1,"{'policy inheritance': None, 'other/unclear': 1.0, 'historical comparison': None, 'ceremonial/biographical': None, 'institutional precedent': None, 'contemporary rivalry': None, 'legacy/inheritance': None}","{'mixed': None, 'neutral': 1.0, 'positive': None, 'negative': None}","{'Civil War & Reconstruction': None, 'Expansion': None, 'Post-Cold War': None, 'The present era': None, 'The Gilded Age': None, 'Progressives & Depression': None, 'The Cold War': None, 'War & New Deal': 1.0, 'The founding': None}",1,2.0408163265306123,AI-classified; not human-validated
Franklin D. Roosevelt,George Washington,5,5,"{'policy inheritance': None, 'other/unclear': 2.0, 'historical comparison': None, 'ceremonial/biographical': 1.0, 'institutional precedent': 2.0, 'contemporary rivalry': None, 'legacy/inheritance': None}","{'mixed': None, 'neutral': 5.0, 'positive': None, 'negative': None}","{'Civil War & Reconstruction': None, 'Expansion': None, 'Post-Cold War': None, 'The present era': None, 'The Gilded Age': None, 'Progressives & Depression': None, 'The Cold War': None, 'War & New Deal': 5.0, 'The founding': None}",1,10.204081632653061,AI-classified; not human-validated
Franklin D. Roosevelt,Herbert Hoover,2,2,"{'policy inheritance': None, 'other/unclear': 2.0, 'historical comparison': None, 'ceremonial/biographical': None, 'institutional precedent': None, 'contemporary rivalry': None, 'legacy/inheritance': None}","{'mixed': None, 'neutral': 2.0, 'positive': None, 'negative': None}","{'Civil War & Reconstruction': None, 'Expansion': None, 'Post-Cold War': None, 'The present era': None, 'The Gilded Age': None, 'Progressives & Depression': None, 'The Cold War': None, 'War & New Deal': 2.0, 'The founding': None}",1,4.081632653061225,AI-classified; not human-validated
Franklin D. Roosevelt,James Monroe,1,1,"{'policy inheritance': None, 'other/unclear': 1.0, 'historical comparison': None, 'ceremonial/biographical': None, 'institutional precedent': None, 'contemporary rivalry': None, 'legacy/inheritance': None}","{'mixed': None, 'neutral': 1.0, 'positive': None, 'negative': None}","{'Civil War & Reconstruction': None, 'Expansion': None, 'Post-Cold War': None, 'The present era': None, 'The Gilded Age': None, 'Progressives & Depression': None, 'The Cold War': None, 'War & New Deal': 1.0, 'The founding': None}",1,2.0408163265306123,AI-classified; not human-validated
Franklin D. Roosevelt,John Adams,2,2,"{'policy inheritance': None, 'other/unclear': 1.0, 'historical comparison': None, 'ceremonial/biographical': None, 'institutional precedent': 1.0, 'contemporary rivalry': None, 'legacy/inheritance': None}","{'mixed': None, 'neutral': 2.0, 'positive': None, 'negative': None}","{'Civil War & Reconstruction': None, 'Expansion': None, 'Post-Cold War': None, 'The present era': None, 'The Gilded Age': None, 'Progressives & Depression': None, 'The Cold War': None, 'War & New Deal': 2.0, 'The founding': None}",1,4.081632653061225,AI-classified; not human-validated
Franklin D. Roosevelt,Theodore Roosevelt,2,2,"{'policy inheritance': None, 'other/unclear': 1.0, 'historical comparison': None, 'ceremonial/biographical': None, 'institutional precedent': 1.0, 'contemporary rivalry': None, 'legacy/inheritance': None}","{'mixed': None, 'neutral': None, 'positive': 2.0, 'negative': None}","{'Civil War & Reconstruction': None, 'Expansion': None, 'Post-Cold War': None, 'The present era': None, 'The Gilded Age': None, 'Progressives & Depression': None, 'The Cold War': None, 'War & New Deal': 2.0, 'The founding': None}",1,4.081632653061225,AI-classified; not human-validated
Franklin D. Roosevelt,Thomas Jefferson,3,3,"{'policy inheritance': None, 'other/unclear': 2.0, 'historical comparison': None, 'ceremonial/biographical': None, 'institutional precedent': 1.0, 'contemporary rivalry': None, 'legacy/inheritance': None}","{'mixed': None, 'neutral': 3.0, 'positive': None, 'negative': None}","{'Civil War & Reconstruction': None, 'Expansion': None, 'Post-Cold War': None, 'The present era': None, 'The Gilded Age': None, 'Progressives & Depression': None, 'The Cold War': None, 'War & New Deal': 3.0, 'The founding': None}",1,6.122448979591836,AI-classified; not human-validated
Franklin D. Roosevelt,Ulysses S. Grant,1,1,"{'policy inheritance': None, 'other/unclear': None, 'historical comparison': None, 'ceremonial/biographical': None, 'institutional precedent': 1.0, 'contemporary rivalry': None, 'legacy/inheritance': None}","{'mixed': None, 'neutral': 1.0, 'positive': None, 'negative': None}","{'Civil War & Reconstruction': None, 'Expansion': None, 'Post-Cold War': None, 'The present era': None, 'The Gilded Age': None, 'Progressives & Depression': None, 'The Cold War': None, 'War & New Deal': 1.0, 'The founding': None}",1,2.0408163265306123,AI-classified; not human-validated
Franklin D. Roosevelt,Warren G. Harding,1,1,"{'policy inheritance': None, 'other/unclear': 1.0, 'historical comparison': None, 'ceremonial/biographical': None, 'institutional precedent': None, 'contemporary rivalry': None, 'legacy/inheritance': None}","{'mixed': None, 'neutral': 1.0, 'positive': None, 'negative': None}","{'Civil War & Reconstruction': None, 'Expansion': None, 'Post-Cold War': None, 'The present era': None, 'The Gilded Age': None, 'Progressives & Depression': None, 'The Cold War': None, 'War & New Deal': 1.0, 'The founding': None}",1,2.0408163265306123,AI-classified; not human-validated
Franklin D. Roosevelt,William Taft,1,1,"{'policy inheritance': None, 'other/unclear': 1.0, 'historical comparison': None, 'ceremonial/biographical': None, 'institutional precedent': None, 'contemporary rivalry': None, 'legacy/inheritance': None}","{'mixed': None, 'neutral': 1.0, 'positive': None, 'negative': None}","{'Civil War & Reconstruction': None, 'Expansion': None, 'Post-Cold War': None, 'The present era': None, 'The Gilded Age': None, 'Progressives & Depression': None, 'The Cold War': None, 'War & New Deal': 1.0, 'The founding': None}",1,2.0408163265306123,AI-classified; not human-validated
Franklin D. Roosevelt,Woodrow Wilson,3,3,"{'policy inheritance': None, 'other/unclear': 2.0, 'historical comparison': None, 'ceremonial/biographical': None, 'institutional precedent': 1.0, 'contemporary rivalry': None, 'legacy/inheritance': None}","{'mixed': None, 'neutral': 2.0, 'positive': 1.0, 'negative': None}","{'Civil War & Reconstruction': None, 'Expansion': None, 'Post-Cold War': None, 'The present era': None, 'The Gilded Age': None, 'Progressives & Depression': None, 'The Cold War': None, 'War & New Deal': 3.0, 'The founding': None}",1,6.122448979591836,AI-classified; not human-validated
Franklin Pierce,Andrew Jackson,4,2,"{'policy inheritance': None, 'other/unclear': 2.0, 'historical comparison': None, 'ceremonial/biographical': None, 'institutional precedent': 2.0, 'contemporary rivalry': None, 'legacy/inheritance': None}","{'mixed': None, 'neutral': 3.0, 'positive': 1.0, 'negative': None}","{'Civil War & Reconstruction': 4.0, 'Expansion': None, 'Post-Cold War': None, 'The present era': None, 'The Gilded Age': None, 'Progressives & Depression': None, 'The Cold War': None, 'War & New Deal': None, 'The founding': None}",1,26.666666666666668,AI-classified; not human-validated
Franklin Pierce,George Washington,1,1,"{'policy inheritance': 1.0, 'other/unclear': None, 'historical comparison': None, 'ceremonial/biographical': None, 'institutional precedent': None, 'contemporary rivalry': None, 'legacy/inheritance': None}","{'mixed': None, 'neutral': 1.0, 'positive': None, 'negative': None}","{'Civil War & Reconstruction': 1.0, 'Expansion': None, 'Post-Cold War': None, 'The present era': None, 'The Gilded Age': None, 'Progressives & Depression': None, 'The Cold War': None, 'War & New Deal': None, 'The founding': None}",1,6.666666666666667,AI-classified; not human-validated
Franklin Pierce,James K. Polk,1,1,"{'policy inheritance': None, 'other/unclear': None, 'historical comparison': None, 'ceremonial/biographical': None, 'institutional precedent': 1.0, 'contemporary rivalry': None, 'legacy/inheritance': None}","{'mixed': None, 'neutral': 1.0, 'positive': None, 'negative': None}","{'Civil War & Reconstruction': 1.0, 'Expansion': None, 'Post-Cold War': None, 'The present era': None, 'The Gilded Age': None, 'Progressives & Depression': None, 'The Cold War': None, 'War & New Deal': None, 'The founding': None}",1,6.666666666666667,AI-classified; not human-validated
Franklin Pierce,James Monroe,1,1,"{'policy inheritance': None, 'other/unclear': None, 'historical comparison': None, 'ceremonial/biographical': None, 'institutional precedent': 1.0, 'contemporary rivalry': None, 'legacy/inheritance': None}","{'mixed': None, 'neutral': 1.0, 'positive': None, 'negative': None}","{'Civil War & Reconstruction': 1.0, 'Expansion': None, 'Post-Cold War': None, 'The present era': None, 'The Gilded Age': None, 'Progressives & Depression': None, 'The Cold War': None, 'War & New Deal': None, 'The founding': None}",1,6.666666666666667,AI-classified; not human-validated
Franklin Pierce,John Quincy Adams,1,1,"{'policy inheritance': None, 'other/unclear': None, 'historical comparison': None, 'ceremonial/biographical': None, 'institutional precedent': 1.0, 'contemporary rivalry': None, 'legacy/inheritance': None}","{'mixed': None, 'neutral': 1.0, 'positive': None, 'negative': None}","{'Civil War & Reconstruction': 1.0, 'Expansion': None, 'Post-Cold War': None, 'The present era': None, 'The Gilded Age': None, 'Progressives & Depression': None, 'The Cold War': None, 'War & New Deal': None, 'The founding': None}",1,6.666666666666667,AI-classified; not human-validated
Franklin Pierce,Thomas Jefferson,2,2,"{'policy inheritance': None, 'other/unclear': None, 'historical comparison': None, 'ceremonial/biographical': None, 'institutional precedent': 2.0, 'contemporary rivalry': None, 'legacy/inheritance': None}","{'mixed': None, 'neutral': 1.0, 'positive': None, 'negative': 1.0}","{'Civil War & Reconstruction': 2.0, 'Expansion': None, 'Post-Cold War': None, 'The present era': None, 'The Gilded Age': None, 'Progressives & Depression': None, 'The Cold War': None, 'War & New Deal': None, 'The founding': None}",1,13.333333333333334,AI-classified; not human-validated
George H. W. Bush,Abraham Lincoln,2,2,"{'policy inheritance': None, 'other/unclear': 1.0, 'historical comparison': None, 'ceremonial/biographical': 1.0, 'institutional precedent': None, 'contemporary rivalry': None, 'legacy/inheritance': None}","{'mixed': None, 'neutral': 2.0, 'positive': None, 'negative': None}","{'Civil War & Reconstruction': None, 'Expansion': None, 'Post-Cold War': 2.0, 'The present era': None, 'The Gilded Age': None, 'Progressives & Depression': None, 'The Cold War': None, 'War & New Deal': None, 'The founding': None}",1,8.695652173913043,AI-classified; not human-validated
George H. W. Bush,Bill Clinton,1,1,"{'policy inheritance': None, 'other/unclear': None, 'historical comparison': None, 'ceremonial/biographical': None, 'institutional precedent': None, 'contemporary rivalry': 1.0, 'legacy/inheritance': None}","{'mixed': None, 'neutral': 1.0, 'positive': None, 'negative': None}","{'Civil War & Reconstruction': None, 'Expansion': None, 'Post-Cold War': 1.0, 'The present era': None, 'The Gilded Age': None, 'Progressives & Depression': None, 'The Cold War': None, 'War & New Deal': None, 'The founding': None}",1,4.3478260869565215,AI-classified; not human-validated
George H. W. Bush,Dwight D. Eisenhower,4,1,"{'policy inheritance': None, 'other/unclear': 3.0, 'historical comparison': None, 'ceremonial/biographical': 1.0, 'institutional precedent': None, 'contemporary rivalry': None, 'legacy/inheritance': None}","{'mixed': None, 'neutral': 3.0, 'positive': None, 'negative': 1.0}","{'Civil War & Reconstruction': None, 'Expansion': None, 'Post-Cold War': 4.0, 'The present era': None, 'The Gilded Age': None, 'Progressives & Depression': None, 'The Cold War': None, 'War & New Deal': None, 'The founding': None}",1,17.391304347826086,AI-classified; not human-validated
George H. W. Bush,Franklin D. Roosevelt,7,6,"{'policy inheritance': 1.0, 'other/unclear': 4.0, 'historical comparison': 1.0, 'ceremonial/biographical': None, 'institutional precedent': 1.0, 'contemporary rivalry': None, 'legacy/inheritance': None}","{'mixed': None, 'neutral': 7.0, 'positive': None, 'negative': None}","{'Civil War & Reconstruction': None, 'Expansion': None, 'Post-Cold War': 5.0, 'The present era': None, 'The Gilded Age': None, 'Progressives & Depression': None, 'The Cold War': 2.0, 'War & New Deal': None, 'The founding': None}",1,30.434782608695656,AI-classified; not human-validated
George H. W. Bush,George Washington,3,3,"{'policy inheritance': None, 'other/unclear': 3.0, 'historical comparison': None, 'ceremonial/biographical': None, 'institutional precedent': None, 'contemporary rivalry': None, 'legacy/inheritance': None}","{'mixed': None, 'neutral': 3.0, 'positive': None, 'negative': None}","{'Civil War & Reconstruction': None, 'Expansion': None, 'Post-Cold War': 2.0, 'The present era': None, 'The Gilded Age': None, 'Progressives & Depression': None, 'The Cold War': 1.0, 'War & New Deal': None, 'The founding': None}",1,13.043478260869565,AI-classified; not human-validated
George H. W. Bush,Gerald Ford,4,3,"{'policy inheritance': None, 'other/unclear': 3.0, 'historical comparison': 1.0, 'ceremonial/biographical': None, 'institutional precedent': None, 'contemporary rivalry': None, 'legacy/inheritance': None}","{'mixed': None, 'neutral': 3.0, 'positive': 1.0, 'negative': None}","{'Civil War & Reconstruction': None, 'Expansion': None, 'Post-Cold War': 3.0, 'The present era': None, 'The Gilded Age': None, 'Progressives & Depression': None, 'The Cold War': 1.0, 'War & New Deal': None, 'The founding': None}",1,17.391304347826086,AI-classified; not human-validated
George H. W. Bush,Harry S. Truman,7,4,"{'policy inheritance': None, 'other/unclear': 6.0, 'historical comparison': None, 'ceremonial/biographical': None, 'institutional precedent': 1.0, 'contemporary rivalry': None, 'legacy/inheritance': None}","{'mixed': None, 'neutral': 6.0, 'positive': 1.0, 'negative': None}","{'Civil War & Reconstruction': None, 'Expansion': None, 'Post-Cold War': 7.0, 'The present era': None, 'The Gilded Age': None, 'Progressives & Depression': None, 'The Cold War': None, 'War & New Deal': None, 'The founding': None}",1,30.434782608695656,AI-classified; not human-validated
George H. W. Bush,Jimmy Carter,3,2,"{'policy inheritance': None, 'other/unclear': 3.0, 'historical comparison': None, 'ceremonial/biographical': None, 'institutional precedent': None, 'contemporary rivalry': None, 'legacy/inheritance': None}","{'mixed': None, 'neutral': 3.0, 'positive': None, 'negative': None}","{'Civil War & Reconstruction': None, 'Expansion': None, 'Post-Cold War': 1.0, 'The present era': None, 'The Gilded Age': None, 'Progressives & Depression': None, 'The Cold War': 2.0, 'War & New Deal': None, 'The founding': None}",1,13.043478260869565,AI-classified; not human-validated
George H. W. Bush,John F. Kennedy,3,3,"{'policy inheritance': 1.0, 'other/unclear': 2.0, 'historical comparison': None, 'ceremonial/biographical': None, 'institutional precedent': None, 'contemporary rivalry': None, 'legacy/inheritance': None}","{'mixed': None, 'neutral': 3.0, 'positive': None, 'negative': None}","{'Civil War & Reconstruction': None, 'Expansion': None, 'Post-Cold War': 1.0, 'The present era': None, 'The Gilded Age': None, 'Progressives & Depression': None, 'The Cold War': 2.0, 'War & New Deal': None, 'The founding': None}",1,13.043478260869565,AI-classified; not human-validated
George H. W. Bush,Lyndon B. Johnson,1,1,"{'policy inheritance': None, 'other/unclear': 1.0, 'historical comparison': None, 'ceremonial/biographical': None, 'institutional precedent': None, 'contemporary rivalry': None, 'legacy/inheritance': None}","{'mixed': None, 'neutral': 1.0, 'positive': None, 'negative': None}","{'Civil War & Reconstruction': None, 'Expansion': None, 'Post-Cold War': 1.0, 'The present era': None, 'The Gilded Age': None, 'Progressives & Depression': None, 'The Cold War': None, 'War & New Deal': None, 'The founding': None}",1,4.3478260869565215,AI-classified; not human-validated
George H. W. Bush,Richard M. Nixon,1,1,"{'policy inheritance': None, 'other/unclear': None, 'historical comparison': 1.0, 'ceremonial/biographical': None, 'institutional precedent': None, 'contemporary rivalry': None, 'legacy/inheritance': None}","{'mixed': None, 'neutral': None, 'positive': 1.0, 'negative': None}","{'Civil War & Reconstruction': None, 'Expansion': None, 'Post-Cold War': 1.0, 'The present era': None, 'The Gilded Age': None, 'Progressives & Depression': None, 'The Cold War': None, 'War & New Deal': None, 'The founding': None}",1,4.3478260869565215,AI-classified; not human-validated
George H. W. Bush,Ronald Reagan,21,9,"{'policy inheritance': None, 'other/unclear': 18.0, 'historical comparison': 1.0, 'ceremonial/biographical': None, 'institutional precedent': 2.0, 'contemporary rivalry': None, 'legacy/inheritance': None}","{'mixed': 1.0, 'neutral': 18.0, 'positive': 2.0, 'negative': None}","{'Civil War & Reconstruction': None, 'Expansion': None, 'Post-Cold War': 12.0, 'The present era': None, 'The Gilded Age': None, 'Progressives & Depression': None, 'The Cold War': 9.0, 'War & New Deal': None, 'The founding': None}",1,91.30434782608695,AI-classified; not human-validated
George H. W. Bush,Theodore Roosevelt,2,2,"{'policy inheritance': None, 'other/unclear': 2.0, 'historical comparison': None, 'ceremonial/biographical': None, 'institutional precedent': None, 'contemporary rivalry': None, 'legacy/inheritance': None}","{'mixed': None, 'neutral': 2.0, 'positive': None, 'negative': None}","{'Civil War & Reconstruction': None, 'Expansion': None, 'Post-Cold War': None, 'The present era': None, 'The Gilded Age': None, 'Progressives & Depression': None, 'The Cold War': 2.0, 'War & New Deal': None, 'The founding': None}",1,8.695652173913043,AI-classified; not human-validated
George H. W. Bush,Woodrow Wilson,1,1,"{'policy inheritance': None, 'other/unclear': 1.0, 'historical comparison': None, 'ceremonial/biographical': None, 'institutional precedent': None, 'contemporary rivalry': None, 'legacy/inheritance': None}","{'mixed': None, 'neutral': 1.0, 'positive': None, 'negative': None}","{'Civil War & Reconstruction': None, 'Expansion': None, 'Post-Cold War': None, 'The present era': None, 'The Gilded Age': None, 'Progressives & Depression': None, 'The Cold War': 1.0, 'War & New Deal': None, 'The founding': None}",1,4.3478260869565215,AI-classified; not human-validated
George W. Bush,Abraham Lincoln,2,2,"{'policy inheritance': None, 'other/unclear': None, 'historical comparison': 2.0, 'ceremonial/biographical': None, 'institutional precedent': None, 'contemporary rivalry': None, 'legacy/inheritance': None}","{'mixed': None, 'neutral': 2.0, 'positive': None, 'negative': None}","{'Civil War & Reconstruction': None, 'Expansion': None, 'Post-Cold War': 2.0, 'The present era': None, 'The Gilded Age': None, 'Progressives & Depression': None, 'The Cold War': None, 'War & New Deal': None, 'The founding': None}",1,5.263157894736842,AI-classified; not human-validated
George W. Bush,Barack Obama,4,1,"{'policy inheritance': None, 'other/unclear': 3.0, 'historical comparison': None, 'ceremonial/biographical': None, 'institutional precedent': 1.0, 'contemporary rivalry': None, 'legacy/inheritance': None}","{'mixed': None, 'neutral': 4.0, 'positive': None, 'negative': None}","{'Civil War & Reconstruction': None, 'Expansion': None, 'Post-Cold War': 4.0, 'The present era': None, 'The Gilded Age': None, 'Progressives & Depression': None, 'The Cold War': None, 'War & New Deal': None, 'The founding': None}",1,10.526315789473683,AI-classified; not human-validated
George W. Bush,Bill Clinton,8,7,"{'policy inheritance': 3.0, 'other/unclear': 4.0, 'historical comparison': None, 'ceremonial/biographical': None, 'institutional precedent': None, 'contemporary rivalry': None, 'legacy/inheritance': 1.0}","{'mixed': None, 'neutral': 7.0, 'positive': 1.0, 'negative': None}","{'Civil War & Reconstruction': None, 'Expansion': None, 'Post-Cold War': 8.0, 'The present era': None, 'The Gilded Age': None, 'Progressives & Depression': None, 'The Cold War': None, 'War & New Deal': None, 'The founding': None}",1,21.052631578947366,AI-classified; not human-validated
George W. Bush,Dwight D. Eisenhower,2,1,"{'policy inheritance': None, 'other/unclear': 1.0, 'historical comparison': None, 'ceremonial/biographical': None, 'institutional precedent': None, 'contemporary rivalry': None, 'legacy/inheritance': 1.0}","{'mixed': None, 'neutral': 2.0, 'positive': None, 'negative': None}","{'Civil War & Reconstruction': None, 'Expansion': None, 'Post-Cold War': 2.0, 'The present era': None, 'The Gilded Age': None, 'Progressives & Depression': None, 'The Cold War': None, 'War & New Deal': None, 'The founding': None}",1,5.263157894736842,AI-classified; not human-validated
George W. Bush,Franklin D. Roosevelt,2,2,"{'policy inheritance': None, 'other/unclear': 2.0, 'historical comparison': None, 'ceremonial/biographical': None, 'institutional precedent': None, 'contemporary rivalry': None, 'legacy/inheritance': None}","{'mixed': None, 'neutral': 2.0, 'positive': None, 'negative': None}","{'Civil War & Reconstruction': None, 'Expansion': None, 'Post-Cold War': 2.0, 'The present era': None, 'The Gilded Age': None, 'Progressives & Depression': None, 'The Cold War': None, 'War & New Deal': None, 'The founding': None}",1,5.263157894736842,AI-classified; not human-validated
George W. Bush,George H. W. Bush,1,1,"{'policy inheritance': None, 'other/unclear': 1.0, 'historical comparison': None, 'ceremonial/biographical': None, 'institutional precedent': None, 'contemporary rivalry': None, 'legacy/inheritance': None}","{'mixed': None, 'neutral': 1.0, 'positive': None, 'negative': None}","{'Civil War & Reconstruction': None, 'Expansion': None, 'Post-Cold War': 1.0, 'The present era': None, 'The Gilded Age': None, 'Progressives & Depression': None, 'The Cold War': None, 'War & New Deal': None, 'The founding': None}",1,2.631578947368421,AI-classified; not human-validated
George W. Bush,Harry S. Truman,6,5,"{'policy inheritance': None, 'other/unclear': 6.0, 'historical comparison': None, 'ceremonial/biographical': None, 'institutional precedent': None, 'contemporary rivalry': None, 'legacy/inheritance': None}","{'mixed': None, 'neutral': 6.0, 'positive': None, 'negative': None}","{'Civil War & Reconstruction': None, 'Expansion': None, 'Post-Cold War': 6.0, 'The present era': None, 'The Gilded Age': None, 'Progressives & Depression': None, 'The Cold War': None, 'War & New Deal': None, 'The founding': None}",1,15.789473684210526,AI-classified; not human-validated
George W. Bush,Jimmy Carter,1,1,"{'policy inheritance': 1.0, 'other/unclear': None, 'historical comparison': None, 'ceremonial/biographical': None, 'institutional precedent': None, 'contemporary rivalry': None, 'legacy/inheritance': None}","{'mixed': None, 'neutral': None, 'positive': 1.0, 'negative': None}","{'Civil War & Reconstruction': None, 'Expansion': None, 'Post-Cold War': 1.0, 'The present era': None, 'The Gilded Age': None, 'Progressives & Depression': None, 'The Cold War': None, 'War & New Deal': None, 'The founding': None}",1,2.631578947368421,AI-classified; not human-validated
George W. Bush,John F. Kennedy,2,2,"{'policy inheritance': 1.0, 'other/unclear': None, 'historical comparison': 1.0, 'ceremonial/biographical': None, 'institutional precedent': None, 'contemporary rivalry': None, 'legacy/inheritance': None}","{'mixed': None, 'neutral': 2.0, 'positive': None, 'negative': None}","{'Civil War & Reconstruction': None, 'Expansion': None, 'Post-Cold War': 2.0, 'The present era': None, 'The Gilded Age': None, 'Progressives & Depression': None, 'The Cold War': None, 'War & New Deal': None, 'The founding': None}",1,5.263157894736842,AI-classified; not human-validated
George W. Bush,Lyndon B. Johnson,1,1,"{'policy inheritance': 1.0, 'other/unclear': None, 'historical comparison': None, 'ceremonial/biographical': None, 'institutional precedent': None, 'contemporary rivalry': None, 'legacy/inheritance': None}","{'mixed': None, 'neutral': 1.0, 'positive': None, 'negative': None}","{'Civil War & Reconstruction': None, 'Expansion': None, 'Post-Cold War': 1.0, 'The present era': None, 'The Gilded Age': None, 'Progressives & Depression': None, 'The Cold War': None, 'War & New Deal': None, 'The founding': None}",1,2.631578947368421,AI-classified; not human-validated
George W. Bush,Ronald Reagan,11,5,"{'policy inheritance': 1.0, 'other/unclear': 10.0, 'historical comparison': None, 'ceremonial/biographical': None, 'institutional precedent': None, 'contemporary rivalry': None, 'legacy/inheritance': None}","{'mixed': None, 'neutral': 8.0, 'positive': 3.0, 'negative': None}","{'Civil War & Reconstruction': None, 'Expansion': None, 'Post-Cold War': 11.0, 'The present era': None, 'The Gilded Age': None, 'Progressives & Depression': None, 'The Cold War': None, 'War & New Deal': None, 'The founding': None}",1,28.947368421052634,AI-classified; not human-validated
George W. Bush,Thomas Jefferson,3,2,"{'policy inheritance': None, 'other/unclear': 2.0, 'historical comparison': 1.0, 'ceremonial/biographical': None, 'institutional precedent': None, 'contemporary rivalry': None, 'legacy/inheritance': None}","{'mixed': None, 'neutral': 3.0, 'positive': None, 'negative': None}","{'Civil War & Reconstruction': None, 'Expansion': None, 'Post-Cold War': 3.0, 'The present era': None, 'The Gilded Age': None, 'Progressives & Depression': None, 'The Cold War': None, 'War & New Deal': None, 'The founding': None}",1,7.894736842105263,AI-classified; not human-validated
George W. Bush,Ulysses S. Grant,1,1,"{'policy inheritance': None, 'other/unclear': 1.0, 'historical comparison': None, 'ceremonial/biographical': None, 'institutional precedent': None, 'contemporary rivalry': None, 'legacy/inheritance': None}","{'mixed': None, 'neutral': 1.0, 'positive': None, 'negative': None}","{'Civil War & Reconstruction': None, 'Expansion': None, 'Post-Cold War': 1.0, 'The present era': None, 'The Gilded Age': None, 'Progressives & Depression': None, 'The Cold War': None, 'War & New Deal': None, 'The founding': None}",1,2.631578947368421,AI-classified; not human-validated
Gerald Ford,Abraham Lincoln,6,6,"{'policy inheritance': 1.0, 'other/unclear': 4.0, 'historical comparison': None, 'ceremonial/biographical': None, 'institutional precedent': 1.0, 'contemporary rivalry': None, 'legacy/inheritance': None}","{'mixed': None, 'neutral': 5.0, 'positive': 1.0, 'negative': None}","{'Civil War & Reconstruction': None, 'Expansion': None, 'Post-Cold War': None, 'The present era': None, 'The Gilded Age': None, 'Progressives & Depression': None, 'The Cold War': 6.0, 'War & New Deal': None, 'The founding': None}",1,42.857142857142854,AI-classified; not human-validated
Gerald Ford,Dwight D. Eisenhower,3,2,"{'policy inheritance': None, 'other/unclear': 3.0, 'historical comparison': None, 'ceremonial/biographical': None, 'institutional precedent': None, 'contemporary rivalry': None, 'legacy/inheritance': None}","{'mixed': None, 'neutral': 2.0, 'positive': 1.0, 'negative': None}","{'Civil War & Reconstruction': None, 'Expansion': None, 'Post-Cold War': None, 'The present era': None, 'The Gilded Age': None, 'Progressives & Depression': None, 'The Cold War': 3.0, 'War & New Deal': None, 'The founding': None}",1,21.428571428571427,AI-classified; not human-validated
Gerald Ford,Franklin D. Roosevelt,4,3,"{'policy inheritance': None, 'other/unclear': 3.0, 'historical comparison': None, 'ceremonial/biographical': None, 'institutional precedent': 1.0, 'contemporary rivalry': None, 'legacy/inheritance': None}","{'mixed': None, 'neutral': 4.0, 'positive': None, 'negative': None}","{'Civil War & Reconstruction': None, 'Expansion': None, 'Post-Cold War': None, 'The present era': None, 'The Gilded Age': None, 'Progressives & Depression': None, 'The Cold War': 4.0, 'War & New Deal': None, 'The founding': None}",1,28.57142857142857,AI-classified; not human-validated
Gerald Ford,George Washington,4,4,"{'policy inheritance': None, 'other/unclear': 2.0, 'historical comparison': 1.0, 'ceremonial/biographical': None, 'institutional precedent': 1.0, 'contemporary rivalry': None, 'legacy/inheritance': None}","{'mixed': None, 'neutral': 4.0, 'positive': None, 'negative': None}","{'Civil War & Reconstruction': None, 'Expansion': None, 'Post-Cold War': None, 'The present era': None, 'The Gilded Age': None, 'Progressives & Depression': None, 'The Cold War': 4.0, 'War & New Deal': None, 'The founding': None}",1,28.57142857142857,AI-classified; not human-validated
Gerald Ford,Harry S. Truman,9,5,"{'policy inheritance': 1.0, 'other/unclear': 5.0, 'historical comparison': None, 'ceremonial/biographical': None, 'institutional precedent': 3.0, 'contemporary rivalry': None, 'legacy/inheritance': None}","{'mixed': None, 'neutral': 7.0, 'positive': 2.0, 'negative': None}","{'Civil War & Reconstruction': None, 'Expansion': None, 'Post-Cold War': None, 'The present era': None, 'The Gilded Age': None, 'Progressives & Depression': None, 'The Cold War': 9.0, 'War & New Deal': None, 'The founding': None}",1,64.28571428571429,AI-classified; not human-validated
Gerald Ford,Jimmy Carter,1,1,"{'policy inheritance': None, 'other/unclear': 1.0, 'historical comparison': None, 'ceremonial/biographical': None, 'institutional precedent': None, 'contemporary rivalry': None, 'legacy/inheritance': None}","{'mixed': None, 'neutral': 1.0, 'positive': None, 'negative': None}","{'Civil War & Reconstruction': None, 'Expansion': None, 'Post-Cold War': None, 'The present era': None, 'The Gilded Age': None, 'Progressives & Depression': None, 'The Cold War': 1.0, 'War & New Deal': None, 'The founding': None}",1,7.142857142857142,AI-classified; not human-validated
Gerald Ford,John Adams,1,1,"{'policy inheritance': None, 'other/unclear': 1.0, 'historical comparison': None, 'ceremonial/biographical': None, 'institutional precedent': None, 'contemporary rivalry': None, 'legacy/inheritance': None}","{'mixed': None, 'neutral': 1.0, 'positive': None, 'negative': None}","{'Civil War & Reconstruction': None, 'Expansion': None, 'Post-Cold War': None, 'The present era': None, 'The Gilded Age': None, 'Progressives & Depression': None, 'The Cold War': 1.0, 'War & New Deal': None, 'The founding': None}",1,7.142857142857142,AI-classified; not human-validated
Gerald Ford,Richard M. Nixon,8,2,"{'policy inheritance': None, 'other/unclear': 6.0, 'historical comparison': None, 'ceremonial/biographical': None, 'institutional precedent': 2.0, 'contemporary rivalry': None, 'legacy/inheritance': None}","{'mixed': None, 'neutral': 6.0, 'positive': 2.0, 'negative': None}","{'Civil War & Reconstruction': None, 'Expansion': None, 'Post-Cold War': None, 'The present era': None, 'The Gilded Age': None, 'Progressives & Depression': None, 'The Cold War': 8.0, 'War & New Deal': None, 'The founding': None}",1,57.14285714285714,AI-classified; not human-validated
Gerald Ford,Thomas Jefferson,1,1,"{'policy inheritance': None, 'other/unclear': 1.0, 'historical comparison': None, 'ceremonial/biographical': None, 'institutional precedent': None, 'contemporary rivalry': None, 'legacy/inheritance': None}","{'mixed': None, 'neutral': 1.0, 'positive': None, 'negative': None}","{'Civil War & Reconstruction': None, 'Expansion': None, 'Post-Cold War': None, 'The present era': None, 'The Gilded Age': None, 'Progressives & Depression': None, 'The Cold War': 1.0, 'War & New Deal': None, 'The founding': None}",1,7.142857142857142,AI-classified; not human-validated
Gerald Ford,William Taft,1,1,"{'policy inheritance': None, 'other/unclear': 1.0, 'historical comparison': None, 'ceremonial/biographical': None, 'institutional precedent': None, 'contemporary rivalry': None, 'legacy/inheritance': None}","{'mixed': None, 'neutral': 1.0, 'positive': None, 'negative': None}","{'Civil War & Reconstruction': None, 'Expansion': None, 'Post-Cold War': None, 'The present era': None, 'The Gilded Age': None, 'Progressives & Depression': None, 'The Cold War': 1.0, 'War & New Deal': None, 'The founding': None}",1,7.142857142857142,AI-classified; not human-validated
Grover Cleveland,Andrew Jackson,1,1,"{'policy inheritance': None, 'other/unclear': 1.0, 'historical comparison': None, 'ceremonial/biographical': None, 'institutional precedent': None, 'contemporary rivalry': None, 'legacy/inheritance': None}","{'mixed': None, 'neutral': 1.0, 'positive': None, 'negative': None}","{'Civil War & Reconstruction': None, 'Expansion': None, 'Post-Cold War': None, 'The present era': None, 'The Gilded Age': 1.0, 'Progressives & Depression': None, 'The Cold War': None, 'War & New Deal': None, 'The founding': None}",1,3.125,AI-classified; not human-validated
Grover Cleveland,George Washington,3,3,"{'policy inheritance': 1.0, 'other/unclear': 1.0, 'historical comparison': None, 'ceremonial/biographical': None, 'institutional precedent': 1.0, 'contemporary rivalry': None, 'legacy/inheritance': None}","{'mixed': None, 'neutral': 3.0, 'positive': None, 'negative': None}","{'Civil War & Reconstruction': None, 'Expansion': None, 'Post-Cold War': None, 'The present era': None, 'The Gilded Age': 3.0, 'Progressives & Depression': None, 'The Cold War': None, 'War & New Deal': None, 'The founding': None}",1,9.375,AI-classified; not human-validated
Grover Cleveland,James Monroe,9,2,"{'policy inheritance': 4.0, 'other/unclear': 5.0, 'historical comparison': None, 'ceremonial/biographical': None, 'institutional precedent': None, 'contemporary rivalry': None, 'legacy/inheritance': None}","{'mixed': None, 'neutral': 6.0, 'positive': 2.0, 'negative': 1.0}","{'Civil War & Reconstruction': None, 'Expansion': None, 'Post-Cold War': None, 'The present era': None, 'The Gilded Age': 9.0, 'Progressives & Depression': None, 'The Cold War': None, 'War & New Deal': None, 'The founding': None}",1,28.125,AI-classified; not human-validated
Grover Cleveland,Thomas Jefferson,1,1,"{'policy inheritance': None, 'other/unclear': 1.0, 'historical comparison': None, 'ceremonial/biographical': None, 'institutional precedent': None, 'contemporary rivalry': None, 'legacy/inheritance': None}","{'mixed': None, 'neutral': 1.0, 'positive': None, 'negative': None}","{'Civil War & Reconstruction': None, 'Expansion': None, 'Post-Cold War': None, 'The present era': None, 'The Gilded Age': 1.0, 'Progressives & Depression': None, 'The Cold War': None, 'War & New Deal': None, 'The founding': None}",1,3.125,AI-classified; not human-validated
Harry S. Truman,Abraham Lincoln,2,2,"{'policy inheritance': None, 'other/unclear': 2.0, 'historical comparison': None, 'ceremonial/biographical': None, 'institutional precedent': None, 'contemporary rivalry': None, 'legacy/inheritance': None}","{'mixed': None, 'neutral': 2.0, 'positive': None, 'negative': None}","{'Civil War & Reconstruction': None, 'Expansion': None, 'Post-Cold War': None, 'The present era': None, 'The Gilded Age': None, 'Progressives & Depression': None, 'The Cold War': 2.0, 'War & New Deal': None, 'The founding': None}",1,10.526315789473683,AI-classified; not human-validated
Harry S. Truman,Andrew Jackson,1,1,"{'policy inheritance': None, 'other/unclear': 1.0, 'historical comparison': None, 'ceremonial/biographical': None, 'institutional precedent': None, 'contemporary rivalry': None, 'legacy/inheritance': None}","{'mixed': None, 'neutral': None, 'positive': 1.0, 'negative': None}","{'Civil War & Reconstruction': None, 'Expansion': None, 'Post-Cold War': None, 'The present era': None, 'The Gilded Age': None, 'Progressives & Depression': None, 'The Cold War': 1.0, 'War & New Deal': None, 'The founding': None}",1,5.263157894736842,AI-classified; not human-validated
Harry S. Truman,Franklin D. Roosevelt,17,11,"{'policy inheritance': None, 'other/unclear': 12.0, 'historical comparison': None, 'ceremonial/biographical': 2.0, 'institutional precedent': 3.0, 'contemporary rivalry': None, 'legacy/inheritance': None}","{'mixed': None, 'neutral': 13.0, 'positive': 4.0, 'negative': None}","{'Civil War & Reconstruction': None, 'Expansion': None, 'Post-Cold War': None, 'The present era': None, 'The Gilded Age': None, 'Progressives & Depression': None, 'The Cold War': 11.0, 'War & New Deal': 6.0, 'The founding': None}",1,89.47368421052632,AI-classified; not human-validated
Harry S. Truman,Herbert Hoover,2,1,"{'policy inheritance': 1.0, 'other/unclear': 1.0, 'historical comparison': None, 'ceremonial/biographical': None, 'institutional precedent': None, 'contemporary rivalry': None, 'legacy/inheritance': None}","{'mixed': None, 'neutral': 1.0, 'positive': 1.0, 'negative': None}","{'Civil War & Reconstruction': None, 'Expansion': None, 'Post-Cold War': None, 'The present era': None, 'The Gilded Age': None, 'Progressives & Depression': None, 'The Cold War': 2.0, 'War & New Deal': None, 'The founding': None}",1,10.526315789473683,AI-classified; not human-validated
Harry S. Truman,Thomas Jefferson,2,1,"{'policy inheritance': None, 'other/unclear': 2.0, 'historical comparison': None, 'ceremonial/biographical': None, 'institutional precedent': None, 'contemporary rivalry': None, 'legacy/inheritance': None}","{'mixed': None, 'neutral': 2.0, 'positive': None, 'negative': None}","{'Civil War & Reconstruction': None, 'Expansion': None, 'Post-Cold War': None, 'The present era': None, 'The Gilded Age': None, 'Progressives & Depression': None, 'The Cold War': 2.0, 'War & New Deal': None, 'The founding': None}",1,10.526315789473683,AI-classified; not human-validated
Harry S. Truman,William Taft,12,3,"{'policy inheritance': 2.0, 'other/unclear': 8.0, 'historical comparison': None, 'ceremonial/biographical': None, 'institutional precedent': 2.0, 'contemporary rivalry': None, 'legacy/inheritance': None}","{'mixed': None, 'neutral': 11.0, 'positive': None, 'negative': 1.0}","{'Civil War & Reconstruction': None, 'Expansion': None, 'Post-Cold War': None, 'The present era': None, 'The Gilded Age': None, 'Progressives & Depression': None, 'The Cold War': 12.0, 'War & New Deal': None, 'The founding': None}",1,63.1578947368421,AI-classified; not human-validated
Harry S. Truman,Woodrow Wilson,3,2,"{'policy inheritance': None, 'other/unclear': 3.0, 'historical comparison': None, 'ceremonial/biographical': None, 'institutional precedent': None, 'contemporary rivalry': None, 'legacy/inheritance': None}","{'mixed': None, 'neutral': 2.0, 'positive': 1.0, 'negative': None}","{'Civil War & Reconstruction': None, 'Expansion': None, 'Post-Cold War': None, 'The present era': None, 'The Gilded Age': None, 'Progressives & Depression': None, 'The Cold War': 3.0, 'War & New Deal': None, 'The founding': None}",1,15.789473684210526,AI-classified; not human-validated
Herbert Hoover,Calvin Coolidge,5,5,"{'policy inheritance': None, 'other/unclear': 3.0, 'historical comparison': None, 'ceremonial/biographical': None, 'institutional precedent': 2.0, 'contemporary rivalry': None, 'legacy/inheritance': None}","{'mixed': None, 'neutral': 2.0, 'positive': 3.0, 'negative': None}","{'Civil War & Reconstruction': None, 'Expansion': None, 'Post-Cold War': None, 'The present era': None, 'The Gilded Age': None, 'Progressives & Depression': 5.0, 'The Cold War': None, 'War & New Deal': None, 'The founding': None}",1,16.666666666666664,AI-classified; not human-validated
Herbert Hoover,George Washington,4,4,"{'policy inheritance': 3.0, 'other/unclear': None, 'historical comparison': None, 'ceremonial/biographical': None, 'institutional precedent': 1.0, 'contemporary rivalry': None, 'legacy/inheritance': None}","{'mixed': None, 'neutral': 4.0, 'positive': None, 'negative': None}","{'Civil War & Reconstruction': None, 'Expansion': None, 'Post-Cold War': None, 'The present era': None, 'The Gilded Age': None, 'Progressives & Depression': 4.0, 'The Cold War': None, 'War & New Deal': None, 'The founding': None}",1,13.333333333333334,AI-classified; not human-validated
Herbert Hoover,Grover Cleveland,2,2,"{'policy inheritance': None, 'other/unclear': 2.0, 'historical comparison': None, 'ceremonial/biographical': None, 'institutional precedent': None, 'contemporary rivalry': None, 'legacy/inheritance': None}","{'mixed': None, 'neutral': 2.0, 'positive': None, 'negative': None}","{'Civil War & Reconstruction': None, 'Expansion': None, 'Post-Cold War': None, 'The present era': None, 'The Gilded Age': None, 'Progressives & Depression': 2.0, 'The Cold War': None, 'War & New Deal': None, 'The founding': None}",1,6.666666666666667,AI-classified; not human-validated
Herbert Hoover,James Monroe,1,1,"{'policy inheritance': None, 'other/unclear': 1.0, 'historical comparison': None, 'ceremonial/biographical': None, 'institutional precedent': None, 'contemporary rivalry': None, 'legacy/inheritance': None}","{'mixed': None, 'neutral': 1.0, 'positive': None, 'negative': None}","{'Civil War & Reconstruction': None, 'Expansion': None, 'Post-Cold War': None, 'The present era': None, 'The Gilded Age': None, 'Progressives & Depression': 1.0, 'The Cold War': None, 'War & New Deal': None, 'The founding': None}",1,3.3333333333333335,AI-classified; not human-validated
Herbert Hoover,John Adams,1,1,"{'policy inheritance': None, 'other/unclear': None, 'historical comparison': None, 'ceremonial/biographical': None, 'institutional precedent': 1.0, 'contemporary rivalry': None, 'legacy/inheritance': None}","{'mixed': None, 'neutral': 1.0, 'positive': None, 'negative': None}","{'Civil War & Reconstruction': None, 'Expansion': None, 'Post-Cold War': None, 'The present era': None, 'The Gilded Age': None, 'Progressives & Depression': 1.0, 'The Cold War': None, 'War & New Deal': None, 'The founding': None}",1,3.3333333333333335,AI-classified; not human-validated
Herbert Hoover,Theodore Roosevelt,7,4,"{'policy inheritance': None, 'other/unclear': 5.0, 'historical comparison': None, 'ceremonial/biographical': None, 'institutional precedent': 2.0, 'contemporary rivalry': None, 'legacy/inheritance': None}","{'mixed': None, 'neutral': 7.0, 'positive': None, 'negative': None}","{'Civil War & Reconstruction': None, 'Expansion': None, 'Post-Cold War': None, 'The present era': None, 'The Gilded Age': None, 'Progressives & Depression': 7.0, 'The Cold War': None, 'War & New Deal': None, 'The founding': None}",1,23.333333333333332,AI-classified; not human-validated
Herbert Hoover,Thomas Jefferson,1,1,"{'policy inheritance': None, 'other/unclear': 1.0, 'historical comparison': None, 'ceremonial/biographical': None, 'institutional precedent': None, 'contemporary rivalry': None, 'legacy/inheritance': None}","{'mixed': None, 'neutral': 1.0, 'positive': None, 'negative': None}","{'Civil War & Reconstruction': None, 'Expansion': None, 'Post-Cold War': None, 'The present era': None, 'The Gilded Age': None, 'Progressives & Depression': 1.0, 'The Cold War': None, 'War & New Deal': None, 'The founding': None}",1,3.3333333333333335,AI-classified; not human-validated
Herbert Hoover,Warren G. Harding,1,1,"{'policy inheritance': None, 'other/unclear': 1.0, 'historical comparison': None, 'ceremonial/biographical': None, 'institutional precedent': None, 'contemporary rivalry': None, 'legacy/inheritance': None}","{'mixed': None, 'neutral': 1.0, 'positive': None, 'negative': None}","{'Civil War & Reconstruction': None, 'Expansion': None, 'Post-Cold War': None, 'The present era': None, 'The Gilded Age': None, 'Progressives & Depression': 1.0, 'The Cold War': None, 'War & New Deal': None, 'The founding': None}",1,3.3333333333333335,AI-classified; not human-validated
Herbert Hoover,William McKinley,2,2,"{'policy inheritance': None, 'other/unclear': 2.0, 'historical comparison': None, 'ceremonial/biographical': None, 'institutional precedent': None, 'contemporary rivalry': None, 'legacy/inheritance': None}","{'mixed': None, 'neutral': 2.0, 'positive': None, 'negative': None}","{'Civil War & Reconstruction': None, 'Expansion': None, 'Post-Cold War': None, 'The present era': None, 'The Gilded Age': None, 'Progressives & Depression': 2.0, 'The Cold War': None, 'War & New Deal': None, 'The founding': None}",1,6.666666666666667,AI-classified; not human-validated
Herbert Hoover,William Taft,2,2,"{'policy inheritance': None, 'other/unclear': 2.0, 'historical comparison': None, 'ceremonial/biographical': None, 'institutional precedent': None, 'contemporary rivalry': None, 'legacy/inheritance': None}","{'mixed': None, 'neutral': 2.0, 'positive': None, 'negative': None}","{'Civil War & Reconstruction': None, 'Expansion': None, 'Post-Cold War': None, 'The present era': None, 'The Gilded Age': None, 'Progressives & Depression': 2.0, 'The Cold War': None, 'War & New Deal': None, 'The founding': None}",1,6.666666666666667,AI-classified; not human-validated
Herbert Hoover,Woodrow Wilson,1,1,"{'policy inheritance': None, 'other/unclear': 1.0, 'historical comparison': None, 'ceremonial/biographical': None, 'institutional precedent': None, 'contemporary rivalry': None, 'legacy/inheritance': None}","{'mixed': None, 'neutral': 1.0, 'positive': None, 'negative': None}","{'Civil War & Reconstruction': None, 'Expansion': None, 'Post-Cold War': None, 'The present era': None, 'The Gilded Age': None, 'Progressives & Depression': 1.0, 'The Cold War': None, 'War & New Deal': None, 'The founding': None}",1,3.3333333333333335,AI-classified; not human-validated
James Buchanan,James K. Polk,3,2,"{'policy inheritance': None, 'other/unclear': 2.0, 'historical comparison': None, 'ceremonial/biographical': None, 'institutional precedent': 1.0, 'contemporary rivalry': None, 'legacy/inheritance': None}","{'mixed': None, 'neutral': 3.0, 'positive': None, 'negative': None}","{'Civil War & Reconstruction': 3.0, 'Expansion': None, 'Post-Cold War': None, 'The present era': None, 'The Gilded Age': None, 'Progressives & Depression': None, 'The Cold War': None, 'War & New Deal': None, 'The founding': None}",1,21.428571428571427,AI-classified; not human-validated
James Buchanan,James Madison,4,2,"{'policy inheritance': None, 'other/unclear': 4.0, 'historical comparison': None, 'ceremonial/biographical': None, 'institutional precedent': None, 'contemporary rivalry': None, 'legacy/inheritance': None}","{'mixed': None, 'neutral': 4.0, 'positive': None, 'negative': None}","{'Civil War & Reconstruction': 4.0, 'Expansion': None, 'Post-Cold War': None, 'The present era': None, 'The Gilded Age': None, 'Progressives & Depression': None, 'The Cold War': None, 'War & New Deal': None, 'The founding': None}",1,28.57142857142857,AI-classified; not human-validated
James Buchanan,James Monroe,5,2,"{'policy inheritance': None, 'other/unclear': 5.0, 'historical comparison': None, 'ceremonial/biographical': None, 'institutional precedent': None, 'contemporary rivalry': None, 'legacy/inheritance': None}","{'mixed': None, 'neutral': 5.0, 'positive': None, 'negative': None}","{'Civil War & Reconstruction': 5.0, 'Expansion': None, 'Post-Cold War': None, 'The present era': None, 'The Gilded Age': None, 'Progressives & Depression': None, 'The Cold War': None, 'War & New Deal': None, 'The founding': None}",1,35.714285714285715,AI-classified; not human-validated
James Buchanan,John Tyler,2,1,"{'policy inheritance': None, 'other/unclear': 1.0, 'historical comparison': 1.0, 'ceremonial/biographical': None, 'institutional precedent': None, 'contemporary rivalry': None, 'legacy/inheritance': None}","{'mixed': None, 'neutral': 2.0, 'positive': None, 'negative': None}","{'Civil War & Reconstruction': 2.0, 'Expansion': None, 'Post-Cold War': None, 'The present era': None, 'The Gilded Age': None, 'Progressives & Depression': None, 'The Cold War': None, 'War & New Deal': None, 'The founding': None}",1,14.285714285714285,AI-classified; not human-validated
James Buchanan,Thomas Jefferson,3,3,"{'policy inheritance': None, 'other/unclear': 1.0, 'historical comparison': None, 'ceremonial/biographical': None, 'institutional precedent': 1.0, 'contemporary rivalry': None, 'legacy/inheritance': 1.0}","{'mixed': None, 'neutral': 3.0, 'positive': None, 'negative': None}","{'Civil War & Reconstruction': 3.0, 'Expansion': None, 'Post-Cold War': None, 'The present era': None, 'The Gilded Age': None, 'Progressives & Depression': None, 'The Cold War': None, 'War & New Deal': None, 'The founding': None}",1,21.428571428571427,AI-classified; not human-validated
James K. Polk,Andrew Jackson,3,3,"{'policy inheritance': 1.0, 'other/unclear': 1.0, 'historical comparison': None, 'ceremonial/biographical': None, 'institutional precedent': 1.0, 'contemporary rivalry': None, 'legacy/inheritance': None}","{'mixed': None, 'neutral': 3.0, 'positive': None, 'negative': None}","{'Civil War & Reconstruction': None, 'Expansion': 3.0, 'Post-Cold War': None, 'The present era': None, 'The Gilded Age': None, 'Progressives & Depression': None, 'The Cold War': None, 'War & New Deal': None, 'The founding': None}",1,12.0,AI-classified; not human-validated
James K. Polk,George Washington,4,1,"{'policy inheritance': None, 'other/unclear': 3.0, 'historical comparison': None, 'ceremonial/biographical': None, 'institutional precedent': 1.0, 'contemporary rivalry': None, 'legacy/inheritance': None}","{'mixed': None, 'neutral': 3.0, 'positive': 1.0, 'negative': None}","{'Civil War & Reconstruction': None, 'Expansion': 4.0, 'Post-Cold War': None, 'The present era': None, 'The Gilded Age': None, 'Progressives & Depression': None, 'The Cold War': None, 'War & New Deal': None, 'The founding': None}",1,16.0,AI-classified; not human-validated
James K. Polk,James Buchanan,2,2,"{'policy inheritance': None, 'other/unclear': 2.0, 'historical comparison': None, 'ceremonial/biographical': None, 'institutional precedent': None, 'contemporary rivalry': None, 'legacy/inheritance': None}","{'mixed': None, 'neutral': 2.0, 'positive': None, 'negative': None}","{'Civil War & Reconstruction': None, 'Expansion': 2.0, 'Post-Cold War': None, 'The present era': None, 'The Gilded Age': None, 'Progressives & Depression': None, 'The Cold War': None, 'War & New Deal': None, 'The founding': None}",1,8.0,AI-classified; not human-validated
James K. Polk,James Madison,8,3,"{'policy inheritance': None, 'other/unclear': 7.0, 'historical comparison': None, 'ceremonial/biographical': None, 'institutional precedent': 1.0, 'contemporary rivalry': None, 'legacy/inheritance': None}","{'mixed': None, 'neutral': 8.0, 'positive': None, 'negative': None}","{'Civil War & Reconstruction': None, 'Expansion': 8.0, 'Post-Cold War': None, 'The present era': None, 'The Gilded Age': None, 'Progressives & Depression': None, 'The Cold War': None, 'War & New Deal': None, 'The founding': None}",1,32.0,AI-classified; not human-validated
James K. Polk,James Monroe,5,3,"{'policy inheritance': None, 'other/unclear': 4.0, 'historical comparison': None, 'ceremonial/biographical': None, 'institutional precedent': 1.0, 'contemporary rivalry': None, 'legacy/inheritance': None}","{'mixed': None, 'neutral': 4.0, 'positive': 1.0, 'negative': None}","{'Civil War & Reconstruction': None, 'Expansion': 5.0, 'Post-Cold War': None, 'The present era': None, 'The Gilded Age': None, 'Progressives & Depression': None, 'The Cold War': None, 'War & New Deal': None, 'The founding': None}",1,20.0,AI-classified; not human-validated
James K. Polk,John Quincy Adams,1,1,"{'policy inheritance': None, 'other/unclear': 1.0, 'historical comparison': None, 'ceremonial/biographical': None, 'institutional precedent': None, 'contemporary rivalry': None, 'legacy/inheritance': None}","{'mixed': None, 'neutral': 1.0, 'positive': None, 'negative': None}","{'Civil War & Reconstruction': None, 'Expansion': 1.0, 'Post-Cold War': None, 'The present era': None, 'The Gilded Age': None, 'Progressives & Depression': None, 'The Cold War': None, 'War & New Deal': None, 'The founding': None}",1,4.0,AI-classified; not human-validated
James K. Polk,John Tyler,1,1,"{'policy inheritance': None, 'other/unclear': None, 'historical comparison': None, 'ceremonial/biographical': None, 'institutional precedent': 1.0, 'contemporary rivalry': None, 'legacy/inheritance': None}","{'mixed': None, 'neutral': 1.0, 'positive': None, 'negative': None}","{'Civil War & Reconstruction': None, 'Expansion': 1.0, 'Post-Cold War': None, 'The present era': None, 'The Gilded Age': None, 'Progressives & Depression': None, 'The Cold War': None, 'War & New Deal': None, 'The founding': None}",1,4.0,AI-classified; not human-validated
James K. Polk,Martin Van Buren,2,1,"{'policy inheritance': None, 'other/unclear': None, 'historical comparison': None, 'ceremonial/biographical': None, 'institutional precedent': 2.0, 'contemporary rivalry': None, 'legacy/inheritance': None}","{'mixed': None, 'neutral': 1.0, 'positive': None, 'negative': 1.0}","{'Civil War & Reconstruction': None, 'Expansion': 2.0, 'Post-Cold War': None, 'The present era': None, 'The Gilded Age': None, 'Progressives & Depression': None, 'The Cold War': None, 'War & New Deal': None, 'The founding': None}",1,8.0,AI-classified; not human-validated
James K. Polk,Thomas Jefferson,5,3,"{'policy inheritance': None, 'other/unclear': 2.0, 'historical comparison': None, 'ceremonial/biographical': None, 'institutional precedent': 3.0, 'contemporary rivalry': None, 'legacy/inheritance': None}","{'mixed': None, 'neutral': 5.0, 'positive': None, 'negative': None}","{'Civil War & Reconstruction': None, 'Expansion': 5.0, 'Post-Cold War': None, 'The present era': None, 'The Gilded Age': None, 'Progressives & Depression': None, 'The Cold War': None, 'War & New Deal': None, 'The founding': None}",1,20.0,AI-classified; not human-validated
James Madison,James Monroe,3,3,"{'policy inheritance': None, 'other/unclear': 3.0, 'historical comparison': None, 'ceremonial/biographical': None, 'institutional precedent': None, 'contemporary rivalry': None, 'legacy/inheritance': None}","{'mixed': None, 'neutral': 3.0, 'positive': None, 'negative': None}","{'Civil War & Reconstruction': None, 'Expansion': None, 'Post-Cold War': None, 'The present era': None, 'The Gilded Age': None, 'Progressives & Depression': None, 'The Cold War': None, 'War & New Deal': None, 'The founding': 3.0}",1,14.285714285714285,AI-classified; not human-validated
Jimmy Carter,Abraham Lincoln,3,2,"{'policy inheritance': None, 'other/unclear': 3.0, 'historical comparison': None, 'ceremonial/biographical': None, 'institutional precedent': None, 'contemporary rivalry': None, 'legacy/inheritance': None}","{'mixed': None, 'neutral': 3.0, 'positive': None, 'negative': None}","{'Civil War & Reconstruction': None, 'Expansion': None, 'Post-Cold War': None, 'The present era': None, 'The Gilded Age': None, 'Progressives & Depression': None, 'The Cold War': 3.0, 'War & New Deal': None, 'The founding': None}",1,13.636363636363635,AI-classified; not human-validated
Jimmy Carter,Dwight D. Eisenhower,5,4,"{'policy inheritance': None, 'other/unclear': 3.0, 'historical comparison': None, 'ceremonial/biographical': None, 'institutional precedent': 2.0, 'contemporary rivalry': None, 'legacy/inheritance': None}","{'mixed': None, 'neutral': 5.0, 'positive': None, 'negative': None}","{'Civil War & Reconstruction': None, 'Expansion': None, 'Post-Cold War': None, 'The present era': None, 'The Gilded Age': None, 'Progressives & Depression': None, 'The Cold War': 5.0, 'War & New Deal': None, 'The founding': None}",1,22.727272727272727,AI-classified; not human-validated
Jimmy Carter,Franklin D. Roosevelt,5,5,"{'policy inheritance': None, 'other/unclear': 3.0, 'historical comparison': None, 'ceremonial/biographical': 1.0, 'institutional precedent': 1.0, 'contemporary rivalry': None, 'legacy/inheritance': None}","{'mixed': None, 'neutral': 5.0, 'positive': None, 'negative': None}","{'Civil War & Reconstruction': None, 'Expansion': None, 'Post-Cold War': None, 'The present era': None, 'The Gilded Age': None, 'Progressives & Depression': None, 'The Cold War': 5.0, 'War & New Deal': None, 'The founding': None}",1,22.727272727272727,AI-classified; not human-validated
Jimmy Carter,George H. W. Bush,2,2,"{'policy inheritance': None, 'other/unclear': 2.0, 'historical comparison': None, 'ceremonial/biographical': None, 'institutional precedent': None, 'contemporary rivalry': None, 'legacy/inheritance': None}","{'mixed': None, 'neutral': 1.0, 'positive': 1.0, 'negative': None}","{'Civil War & Reconstruction': None, 'Expansion': None, 'Post-Cold War': None, 'The present era': None, 'The Gilded Age': None, 'Progressives & Depression': None, 'The Cold War': 2.0, 'War & New Deal': None, 'The founding': None}",1,9.090909090909092,AI-classified; not human-validated
Jimmy Carter,Gerald Ford,157,7,"{'policy inheritance': 4.0, 'other/unclear': 137.0, 'historical comparison': 5.0, 'ceremonial/biographical': None, 'institutional precedent': 5.0, 'contemporary rivalry': 6.0, 'legacy/inheritance': None}","{'mixed': None, 'neutral': 148.0, 'positive': 8.0, 'negative': 1.0}","{'Civil War & Reconstruction': None, 'Expansion': None, 'Post-Cold War': None, 'The present era': None, 'The Gilded Age': None, 'Progressives & Depression': None, 'The Cold War': 157.0, 'War & New Deal': None, 'The founding': None}",1,713.6363636363636,AI-classified; not human-validated
Jimmy Carter,Harry S. Truman,10,7,"{'policy inheritance': None, 'other/unclear': 8.0, 'historical comparison': 1.0, 'ceremonial/biographical': None, 'institutional precedent': 1.0, 'contemporary rivalry': None, 'legacy/inheritance': None}","{'mixed': None, 'neutral': 9.0, 'positive': 1.0, 'negative': None}","{'Civil War & Reconstruction': None, 'Expansion': None, 'Post-Cold War': None, 'The present era': None, 'The Gilded Age': None, 'Progressives & Depression': None, 'The Cold War': 10.0, 'War & New Deal': None, 'The founding': None}",1,45.45454545454545,AI-classified; not human-validated
Jimmy Carter,Herbert Hoover,3,3,"{'policy inheritance': None, 'other/unclear': 2.0, 'historical comparison': None, 'ceremonial/biographical': None, 'institutional precedent': 1.0, 'contemporary rivalry': None, 'legacy/inheritance': None}","{'mixed': None, 'neutral': 2.0, 'positive': 1.0, 'negative': None}","{'Civil War & Reconstruction': None, 'Expansion': None, 'Post-Cold War': None, 'The present era': None, 'The Gilded Age': None, 'Progressives & Depression': None, 'The Cold War': 3.0, 'War & New Deal': None, 'The founding': None}",1,13.636363636363635,AI-classified; not human-validated
Jimmy Carter,John F. Kennedy,10,5,"{'policy inheritance': None, 'other/unclear': 8.0, 'historical comparison': None, 'ceremonial/biographical': None, 'institutional precedent': 2.0, 'contemporary rivalry': None, 'legacy/inheritance': None}","{'mixed': None, 'neutral': 9.0, 'positive': 1.0, 'negative': None}","{'Civil War & Reconstruction': None, 'Expansion': None, 'Post-Cold War': None, 'The present era': None, 'The Gilded Age': None, 'Progressives & Depression': None, 'The Cold War': 10.0, 'War & New Deal': None, 'The founding': None}",1,45.45454545454545,AI-classified; not human-validated
Jimmy Carter,Lyndon B. Johnson,11,4,"{'policy inheritance': None, 'other/unclear': 10.0, 'historical comparison': None, 'ceremonial/biographical': None, 'institutional precedent': 1.0, 'contemporary rivalry': None, 'legacy/inheritance': None}","{'mixed': None, 'neutral': 10.0, 'positive': 1.0, 'negative': None}","{'Civil War & Reconstruction': None, 'Expansion': None, 'Post-Cold War': None, 'The present era': None, 'The Gilded Age': None, 'Progressives & Depression': None, 'The Cold War': 11.0, 'War & New Deal': None, 'The founding': None}",1,50.0,AI-classified; not human-validated
Jimmy Carter,Richard M. Nixon,34,7,"{'policy inheritance': None, 'other/unclear': 30.0, 'historical comparison': None, 'ceremonial/biographical': None, 'institutional precedent': 4.0, 'contemporary rivalry': None, 'legacy/inheritance': None}","{'mixed': None, 'neutral': 31.0, 'positive': 1.0, 'negative': 2.0}","{'Civil War & Reconstruction': None, 'Expansion': None, 'Post-Cold War': None, 'The present era': None, 'The Gilded Age': None, 'Progressives & Depression': None, 'The Cold War': 34.0, 'War & New Deal': None, 'The founding': None}",1,154.54545454545453,AI-classified; not human-validated
Jimmy Carter,Ronald Reagan,30,2,"{'policy inheritance': None, 'other/unclear': 29.0, 'historical comparison': None, 'ceremonial/biographical': None, 'institutional precedent': None, 'contemporary rivalry': 1.0, 'legacy/inheritance': None}","{'mixed': None, 'neutral': 30.0, 'positive': None, 'negative': None}","{'Civil War & Reconstruction': None, 'Expansion': None, 'Post-Cold War': None, 'The present era': None, 'The Gilded Age': None, 'Progressives & Depression': None, 'The Cold War': 30.0, 'War & New Deal': None, 'The founding': None}",1,136.36363636363635,AI-classified; not human-validated
Jimmy Carter,Theodore Roosevelt,2,2,"{'policy inheritance': 1.0, 'other/unclear': 1.0, 'historical comparison': None, 'ceremonial/biographical': None, 'institutional precedent': None, 'contemporary rivalry': None, 'legacy/inheritance': None}","{'mixed': None, 'neutral': 2.0, 'positive': None, 'negative': None}","{'Civil War & Reconstruction': None, 'Expansion': None, 'Post-Cold War': None, 'The present era': None, 'The Gilded Age': None, 'Progressives & Depression': None, 'The Cold War': 2.0, 'War & New Deal': None, 'The founding': None}",1,9.090909090909092,AI-classified; not human-validated
Joe Biden,Abraham Lincoln,7,7,"{'policy inheritance': None, 'other/unclear': 7.0, 'historical comparison': None, 'ceremonial/biographical': None, 'institutional precedent': None, 'contemporary rivalry': None, 'legacy/inheritance': None}","{'mixed': None, 'neutral': 7.0, 'positive': None, 'negative': None}","{'Civil War & Reconstruction': None, 'Expansion': None, 'Post-Cold War': None, 'The present era': 7.0, 'The Gilded Age': None, 'Progressives & Depression': None, 'The Cold War': None, 'War & New Deal': None, 'The founding': None}",1,25.0,AI-classified; not human-validated
Joe Biden,Barack Obama,9,6,"{'policy inheritance': 3.0, 'other/unclear': 4.0, 'historical comparison': None, 'ceremonial/biographical': None, 'institutional precedent': 2.0, 'contemporary rivalry': None, 'legacy/inheritance': None}","{'mixed': None, 'neutral': 9.0, 'positive': None, 'negative': None}","{'Civil War & Reconstruction': None, 'Expansion': None, 'Post-Cold War': None, 'The present era': 9.0, 'The Gilded Age': None, 'Progressives & Depression': None, 'The Cold War': None, 'War & New Deal': None, 'The founding': None}",1,32.142857142857146,AI-classified; not human-validated
Joe Biden,Bill Clinton,1,1,"{'policy inheritance': 1.0, 'other/unclear': None, 'historical comparison': None, 'ceremonial/biographical': None, 'institutional precedent': None, 'contemporary rivalry': None, 'legacy/inheritance': None}","{'mixed': None, 'neutral': 1.0, 'positive': None, 'negative': None}","{'Civil War & Reconstruction': None, 'Expansion': None, 'Post-Cold War': None, 'The present era': 1.0, 'The Gilded Age': None, 'Progressives & Depression': None, 'The Cold War': None, 'War & New Deal': None, 'The founding': None}",1,3.571428571428571,AI-classified; not human-validated
Joe Biden,Donald Trump,66,9,"{'policy inheritance': 5.0, 'other/unclear': 42.0, 'historical comparison': 2.0, 'ceremonial/biographical': 3.0, 'institutional precedent': 7.0, 'contemporary rivalry': 7.0, 'legacy/inheritance': None}","{'mixed': None, 'neutral': 60.0, 'positive': 3.0, 'negative': 3.0}","{'Civil War & Reconstruction': None, 'Expansion': None, 'Post-Cold War': None, 'The present era': 66.0, 'The Gilded Age': None, 'Progressives & Depression': None, 'The Cold War': None, 'War & New Deal': None, 'The founding': None}",1,235.71428571428572,AI-classified; not human-validated
Joe Biden,Dwight D. Eisenhower,5,5,"{'policy inheritance': 1.0, 'other/unclear': 4.0, 'historical comparison': None, 'ceremonial/biographical': None, 'institutional precedent': None, 'contemporary rivalry': None, 'legacy/inheritance': None}","{'mixed': None, 'neutral': 5.0, 'positive': None, 'negative': None}","{'Civil War & Reconstruction': None, 'Expansion': None, 'Post-Cold War': None, 'The present era': 5.0, 'The Gilded Age': None, 'Progressives & Depression': None, 'The Cold War': None, 'War & New Deal': None, 'The founding': None}",1,17.857142857142858,AI-classified; not human-validated
Joe Biden,Franklin D. Roosevelt,4,3,"{'policy inheritance': None, 'other/unclear': 3.0, 'historical comparison': None, 'ceremonial/biographical': None, 'institutional precedent': 1.0, 'contemporary rivalry': None, 'legacy/inheritance': None}","{'mixed': None, 'neutral': 4.0, 'positive': None, 'negative': None}","{'Civil War & Reconstruction': None, 'Expansion': None, 'Post-Cold War': None, 'The present era': 4.0, 'The Gilded Age': None, 'Progressives & Depression': None, 'The Cold War': None, 'War & New Deal': None, 'The founding': None}",1,14.285714285714285,AI-classified; not human-validated
Joe Biden,George W. Bush,2,2,"{'policy inheritance': 1.0, 'other/unclear': 1.0, 'historical comparison': None, 'ceremonial/biographical': None, 'institutional precedent': None, 'contemporary rivalry': None, 'legacy/inheritance': None}","{'mixed': None, 'neutral': 1.0, 'positive': 1.0, 'negative': None}","{'Civil War & Reconstruction': None, 'Expansion': None, 'Post-Cold War': None, 'The present era': 2.0, 'The Gilded Age': None, 'Progressives & Depression': None, 'The Cold War': None, 'War & New Deal': None, 'The founding': None}",1,7.142857142857142,AI-classified; not human-validated
Joe Biden,George Washington,9,3,"{'policy inheritance': None, 'other/unclear': 8.0, 'historical comparison': 1.0, 'ceremonial/biographical': None, 'institutional precedent': None, 'contemporary rivalry': None, 'legacy/inheritance': None}","{'mixed': None, 'neutral': 9.0, 'positive': None, 'negative': None}","{'Civil War & Reconstruction': None, 'Expansion': None, 'Post-Cold War': None, 'The present era': 9.0, 'The Gilded Age': None, 'Progressives & Depression': None, 'The Cold War': None, 'War & New Deal': None, 'The founding': None}",1,32.142857142857146,AI-classified; not human-validated
Joe Biden,Harry S. Truman,1,1,"{'policy inheritance': None, 'other/unclear': 1.0, 'historical comparison': None, 'ceremonial/biographical': None, 'institutional precedent': None, 'contemporary rivalry': None, 'legacy/inheritance': None}","{'mixed': None, 'neutral': 1.0, 'positive': None, 'negative': None}","{'Civil War & Reconstruction': None, 'Expansion': None, 'Post-Cold War': None, 'The present era': 1.0, 'The Gilded Age': None, 'Progressives & Depression': None, 'The Cold War': None, 'War & New Deal': None, 'The founding': None}",1,3.571428571428571,AI-classified; not human-validated
Joe Biden,James Monroe,1,1,"{'policy inheritance': None, 'other/unclear': 1.0, 'historical comparison': None, 'ceremonial/biographical': None, 'institutional precedent': None, 'contemporary rivalry': None, 'legacy/inheritance': None}","{'mixed': None, 'neutral': 1.0, 'positive': None, 'negative': None}","{'Civil War & Reconstruction': None, 'Expansion': None, 'Post-Cold War': None, 'The present era': 1.0, 'The Gilded Age': None, 'Progressives & Depression': None, 'The Cold War': None, 'War & New Deal': None, 'The founding': None}",1,3.571428571428571,AI-classified; not human-validated
Joe Biden,Jimmy Carter,1,1,"{'policy inheritance': None, 'other/unclear': 1.0, 'historical comparison': None, 'ceremonial/biographical': None, 'institutional precedent': None, 'contemporary rivalry': None, 'legacy/inheritance': None}","{'mixed': None, 'neutral': 1.0, 'positive': None, 'negative': None}","{'Civil War & Reconstruction': None, 'Expansion': None, 'Post-Cold War': None, 'The present era': 1.0, 'The Gilded Age': None, 'Progressives & Depression': None, 'The Cold War': None, 'War & New Deal': None, 'The founding': None}",1,3.571428571428571,AI-classified; not human-validated
Joe Biden,Ronald Reagan,1,1,"{'policy inheritance': None, 'other/unclear': 1.0, 'historical comparison': None, 'ceremonial/biographical': None, 'institutional precedent': None, 'contemporary rivalry': None, 'legacy/inheritance': None}","{'mixed': None, 'neutral': 1.0, 'positive': None, 'negative': None}","{'Civil War & Reconstruction': None, 'Expansion': None, 'Post-Cold War': None, 'The present era': 1.0, 'The Gilded Age': None, 'Progressives & Depression': None, 'The Cold War': None, 'War & New Deal': None, 'The founding': None}",1,3.571428571428571,AI-classified; not human-validated
Joe Biden,Thomas Jefferson,1,1,"{'policy inheritance': None, 'other/unclear': 1.0, 'historical comparison': None, 'ceremonial/biographical': None, 'institutional precedent': None, 'contemporary rivalry': None, 'legacy/inheritance': None}","{'mixed': None, 'neutral': 1.0, 'positive': None, 'negative': None}","{'Civil War & Reconstruction': None, 'Expansion': None, 'Post-Cold War': None, 'The present era': 1.0, 'The Gilded Age': None, 'Progressives & Depression': None, 'The Cold War': None, 'War & New Deal': None, 'The founding': None}",1,3.571428571428571,AI-classified; not human-validated
John Adams,George Washington,3,1,"{'policy inheritance': None, 'other/unclear': 1.0, 'historical comparison': None, 'ceremonial/biographical': 2.0, 'institutional precedent': None, 'contemporary rivalry': None, 'legacy/inheritance': None}","{'mixed': None, 'neutral': 3.0, 'positive': None, 'negative': None}","{'Civil War & Reconstruction': None, 'Expansion': None, 'Post-Cold War': None, 'The present era': None, 'The Gilded Age': None, 'Progressives & Depression': None, 'The Cold War': None, 'War & New Deal': None, 'The founding': 3.0}",1,33.33333333333333,AI-classified; not human-validated
John F. Kennedy,Abraham Lincoln,6,5,"{'policy inheritance': 1.0, 'other/unclear': 5.0, 'historical comparison': None, 'ceremonial/biographical': None, 'institutional precedent': None, 'contemporary rivalry': None, 'legacy/inheritance': None}","{'mixed': None, 'neutral': 4.0, 'positive': 2.0, 'negative': None}","{'Civil War & Reconstruction': None, 'Expansion': None, 'Post-Cold War': None, 'The present era': None, 'The Gilded Age': None, 'Progressives & Depression': None, 'The Cold War': 6.0, 'War & New Deal': None, 'The founding': None}",1,13.636363636363635,AI-classified; not human-validated
John F. Kennedy,Andrew Johnson,1,1,"{'policy inheritance': None, 'other/unclear': 1.0, 'historical comparison': None, 'ceremonial/biographical': None, 'institutional precedent': None, 'contemporary rivalry': None, 'legacy/inheritance': None}","{'mixed': None, 'neutral': 1.0, 'positive': None, 'negative': None}","{'Civil War & Reconstruction': None, 'Expansion': None, 'Post-Cold War': None, 'The present era': None, 'The Gilded Age': None, 'Progressives & Depression': None, 'The Cold War': 1.0, 'War & New Deal': None, 'The founding': None}",1,2.272727272727273,AI-classified; not human-validated
John F. Kennedy,Calvin Coolidge,3,3,"{'policy inheritance': None, 'other/unclear': 3.0, 'historical comparison': None, 'ceremonial/biographical': None, 'institutional precedent': None, 'contemporary rivalry': None, 'legacy/inheritance': None}","{'mixed': None, 'neutral': 3.0, 'positive': None, 'negative': None}","{'Civil War & Reconstruction': None, 'Expansion': None, 'Post-Cold War': None, 'The present era': None, 'The Gilded Age': None, 'Progressives & Depression': None, 'The Cold War': 3.0, 'War & New Deal': None, 'The founding': None}",1,6.8181818181818175,AI-classified; not human-validated
John F. Kennedy,Dwight D. Eisenhower,43,11,"{'policy inheritance': 4.0, 'other/unclear': 20.0, 'historical comparison': 1.0, 'ceremonial/biographical': None, 'institutional precedent': 12.0, 'contemporary rivalry': 2.0, 'legacy/inheritance': 4.0}","{'mixed': None, 'neutral': 41.0, 'positive': 2.0, 'negative': None}","{'Civil War & Reconstruction': None, 'Expansion': None, 'Post-Cold War': None, 'The present era': None, 'The Gilded Age': None, 'Progressives & Depression': None, 'The Cold War': 43.0, 'War & New Deal': None, 'The founding': None}",1,97.72727272727273,AI-classified; not human-validated
John F. Kennedy,Franklin D. Roosevelt,19,8,"{'policy inheritance': 1.0, 'other/unclear': 13.0, 'historical comparison': 4.0, 'ceremonial/biographical': 1.0, 'institutional precedent': None, 'contemporary rivalry': None, 'legacy/inheritance': None}","{'mixed': None, 'neutral': 18.0, 'positive': 1.0, 'negative': None}","{'Civil War & Reconstruction': None, 'Expansion': None, 'Post-Cold War': None, 'The present era': None, 'The Gilded Age': None, 'Progressives & Depression': None, 'The Cold War': 19.0, 'War & New Deal': None, 'The founding': None}",1,43.18181818181818,AI-classified; not human-validated
John F. Kennedy,George Washington,7,3,"{'policy inheritance': None, 'other/unclear': 7.0, 'historical comparison': None, 'ceremonial/biographical': None, 'institutional precedent': None, 'contemporary rivalry': None, 'legacy/inheritance': None}","{'mixed': None, 'neutral': 7.0, 'positive': None, 'negative': None}","{'Civil War & Reconstruction': None, 'Expansion': None, 'Post-Cold War': None, 'The present era': None, 'The Gilded Age': None, 'Progressives & Depression': None, 'The Cold War': 7.0, 'War & New Deal': None, 'The founding': None}",1,15.909090909090908,AI-classified; not human-validated
John F. Kennedy,Harry S. Truman,29,8,"{'policy inheritance': 1.0, 'other/unclear': 15.0, 'historical comparison': None, 'ceremonial/biographical': None, 'institutional precedent': 12.0, 'contemporary rivalry': None, 'legacy/inheritance': 1.0}","{'mixed': None, 'neutral': 26.0, 'positive': 3.0, 'negative': None}","{'Civil War & Reconstruction': None, 'Expansion': None, 'Post-Cold War': None, 'The present era': None, 'The Gilded Age': None, 'Progressives & Depression': None, 'The Cold War': 29.0, 'War & New Deal': None, 'The founding': None}",1,65.9090909090909,AI-classified; not human-validated
John F. Kennedy,Herbert Hoover,3,3,"{'policy inheritance': None, 'other/unclear': 3.0, 'historical comparison': None, 'ceremonial/biographical': None, 'institutional precedent': None, 'contemporary rivalry': None, 'legacy/inheritance': None}","{'mixed': None, 'neutral': 3.0, 'positive': None, 'negative': None}","{'Civil War & Reconstruction': None, 'Expansion': None, 'Post-Cold War': None, 'The present era': None, 'The Gilded Age': None, 'Progressives & Depression': None, 'The Cold War': 3.0, 'War & New Deal': None, 'The founding': None}",1,6.8181818181818175,AI-classified; not human-validated
John F. Kennedy,James Buchanan,1,1,"{'policy inheritance': None, 'other/unclear': 1.0, 'historical comparison': None, 'ceremonial/biographical': None, 'institutional precedent': None, 'contemporary rivalry': None, 'legacy/inheritance': None}","{'mixed': None, 'neutral': 1.0, 'positive': None, 'negative': None}","{'Civil War & Reconstruction': None, 'Expansion': None, 'Post-Cold War': None, 'The present era': None, 'The Gilded Age': None, 'Progressives & Depression': None, 'The Cold War': 1.0, 'War & New Deal': None, 'The founding': None}",1,2.272727272727273,AI-classified; not human-validated
John F. Kennedy,John Adams,3,3,"{'policy inheritance': None, 'other/unclear': 3.0, 'historical comparison': None, 'ceremonial/biographical': None, 'institutional precedent': None, 'contemporary rivalry': None, 'legacy/inheritance': None}","{'mixed': None, 'neutral': 3.0, 'positive': None, 'negative': None}","{'Civil War & Reconstruction': None, 'Expansion': None, 'Post-Cold War': None, 'The present era': None, 'The Gilded Age': None, 'Progressives & Depression': None, 'The Cold War': 3.0, 'War & New Deal': None, 'The founding': None}",1,6.8181818181818175,AI-classified; not human-validated
John F. Kennedy,John Quincy Adams,2,2,"{'policy inheritance': None, 'other/unclear': 2.0, 'historical comparison': None, 'ceremonial/biographical': None, 'institutional precedent': None, 'contemporary rivalry': None, 'legacy/inheritance': None}","{'mixed': None, 'neutral': 1.0, 'positive': 1.0, 'negative': None}","{'Civil War & Reconstruction': None, 'Expansion': None, 'Post-Cold War': None, 'The present era': None, 'The Gilded Age': None, 'Progressives & Depression': None, 'The Cold War': 2.0, 'War & New Deal': None, 'The founding': None}",1,4.545454545454546,AI-classified; not human-validated
John F. Kennedy,Lyndon B. Johnson,2,2,"{'policy inheritance': None, 'other/unclear': 2.0, 'historical comparison': None, 'ceremonial/biographical': None, 'institutional precedent': None, 'contemporary rivalry': None, 'legacy/inheritance': None}","{'mixed': None, 'neutral': 1.0, 'positive': 1.0, 'negative': None}","{'Civil War & Reconstruction': None, 'Expansion': None, 'Post-Cold War': None, 'The present era': None, 'The Gilded Age': None, 'Progressives & Depression': None, 'The Cold War': 2.0, 'War & New Deal': None, 'The founding': None}",1,4.545454545454546,AI-classified; not human-validated
John F. Kennedy,Millard Fillmore,1,1,"{'policy inheritance': None, 'other/unclear': 1.0, 'historical comparison': None, 'ceremonial/biographical': None, 'institutional precedent': None, 'contemporary rivalry': None, 'legacy/inheritance': None}","{'mixed': None, 'neutral': 1.0, 'positive': None, 'negative': None}","{'Civil War & Reconstruction': None, 'Expansion': None, 'Post-Cold War': None, 'The present era': None, 'The Gilded Age': None, 'Progressives & Depression': None, 'The Cold War': 1.0, 'War & New Deal': None, 'The founding': None}",1,2.272727272727273,AI-classified; not human-validated
John F. Kennedy,Richard M. Nixon,152,6,"{'policy inheritance': 4.0, 'other/unclear': 138.0, 'historical comparison': None, 'ceremonial/biographical': None, 'institutional precedent': 2.0, 'contemporary rivalry': 7.0, 'legacy/inheritance': 1.0}","{'mixed': None, 'neutral': 149.0, 'positive': 3.0, 'negative': None}","{'Civil War & Reconstruction': None, 'Expansion': None, 'Post-Cold War': None, 'The present era': None, 'The Gilded Age': None, 'Progressives & Depression': None, 'The Cold War': 152.0, 'War & New Deal': None, 'The founding': None}",1,345.45454545454544,AI-classified; not human-validated
John F. Kennedy,Theodore Roosevelt,4,3,"{'policy inheritance': None, 'other/unclear': 3.0, 'historical comparison': None, 'ceremonial/biographical': None, 'institutional precedent': 1.0, 'contemporary rivalry': None, 'legacy/inheritance': None}","{'mixed': None, 'neutral': 3.0, 'positive': 1.0, 'negative': None}","{'Civil War & Reconstruction': None, 'Expansion': None, 'Post-Cold War': None, 'The present era': None, 'The Gilded Age': None, 'Progressives & Depression': None, 'The Cold War': 4.0, 'War & New Deal': None, 'The founding': None}",1,9.090909090909092,AI-classified; not human-validated
John F. Kennedy,Thomas Jefferson,13,9,"{'policy inheritance': 1.0, 'other/unclear': 9.0, 'historical comparison': 1.0, 'ceremonial/biographical': 1.0, 'institutional precedent': None, 'contemporary rivalry': None, 'legacy/inheritance': 1.0}","{'mixed': None, 'neutral': 12.0, 'positive': 1.0, 'negative': None}","{'Civil War & Reconstruction': None, 'Expansion': None, 'Post-Cold War': None, 'The present era': None, 'The Gilded Age': None, 'Progressives & Depression': None, 'The Cold War': 13.0, 'War & New Deal': None, 'The founding': None}",1,29.545454545454547,AI-classified; not human-validated
John F. Kennedy,Warren G. Harding,2,2,"{'policy inheritance': None, 'other/unclear': 2.0, 'historical comparison': None, 'ceremonial/biographical': None, 'institutional precedent': None, 'contemporary rivalry': None, 'legacy/inheritance': None}","{'mixed': None, 'neutral': 2.0, 'positive': None, 'negative': None}","{'Civil War & Reconstruction': None, 'Expansion': None, 'Post-Cold War': None, 'The present era': None, 'The Gilded Age': None, 'Progressives & Depression': None, 'The Cold War': 2.0, 'War & New Deal': None, 'The founding': None}",1,4.545454545454546,AI-classified; not human-validated
John F. Kennedy,William McKinley,4,3,"{'policy inheritance': None, 'other/unclear': 4.0, 'historical comparison': None, 'ceremonial/biographical': None, 'institutional precedent': None, 'contemporary rivalry': None, 'legacy/inheritance': None}","{'mixed': None, 'neutral': 4.0, 'positive': None, 'negative': None}","{'Civil War & Reconstruction': None, 'Expansion': None, 'Post-Cold War': None, 'The present era': None, 'The Gilded Age': None, 'Progressives & Depression': None, 'The Cold War': 4.0, 'War & New Deal': None, 'The founding': None}",1,9.090909090909092,AI-classified; not human-validated
John F. Kennedy,William Taft,5,4,"{'policy inheritance': 1.0, 'other/unclear': 4.0, 'historical comparison': None, 'ceremonial/biographical': None, 'institutional precedent': None, 'contemporary rivalry': None, 'legacy/inheritance': None}","{'mixed': None, 'neutral': 5.0, 'positive': None, 'negative': None}","{'Civil War & Reconstruction': None, 'Expansion': None, 'Post-Cold War': None, 'The present era': None, 'The Gilded Age': None, 'Progressives & Depression': None, 'The Cold War': 5.0, 'War & New Deal': None, 'The founding': None}",1,11.363636363636363,AI-classified; not human-validated
John F. Kennedy,Woodrow Wilson,14,11,"{'policy inheritance': 1.0, 'other/unclear': 10.0, 'historical comparison': None, 'ceremonial/biographical': 2.0, 'institutional precedent': 1.0, 'contemporary rivalry': None, 'legacy/inheritance': None}","{'mixed': None, 'neutral': 11.0, 'positive': 3.0, 'negative': None}","{'Civil War & Reconstruction': None, 'Expansion': None, 'Post-Cold War': None, 'The present era': None, 'The Gilded Age': None, 'Progressives & Depression': None, 'The Cold War': 14.0, 'War & New Deal': None, 'The founding': None}",1,31.818181818181817,AI-classified; not human-validated
John Tyler,James Buchanan,2,1,"{'policy inheritance': None, 'other/unclear': 2.0, 'historical comparison': None, 'ceremonial/biographical': None, 'institutional precedent': None, 'contemporary rivalry': None, 'legacy/inheritance': None}","{'mixed': None, 'neutral': 2.0, 'positive': None, 'negative': None}","{'Civil War & Reconstruction': None, 'Expansion': 2.0, 'Post-Cold War': None, 'The present era': None, 'The Gilded Age': None, 'Progressives & Depression': None, 'The Cold War': None, 'War & New Deal': None, 'The founding': None}",1,11.11111111111111,AI-classified; not human-validated
John Tyler,James Monroe,1,1,"{'policy inheritance': None, 'other/unclear': 1.0, 'historical comparison': None, 'ceremonial/biographical': None, 'institutional precedent': None, 'contemporary rivalry': None, 'legacy/inheritance': None}","{'mixed': None, 'neutral': None, 'positive': 1.0, 'negative': None}","{'Civil War & Reconstruction': None, 'Expansion': 1.0, 'Post-Cold War': None, 'The present era': None, 'The Gilded Age': None, 'Progressives & Depression': None, 'The Cold War': None, 'War & New Deal': None, 'The founding': None}",1,5.555555555555555,AI-classified; not human-validated
John Tyler,Lyndon B. Johnson,4,1,"{'policy inheritance': None, 'other/unclear': 4.0, 'historical comparison': None, 'ceremonial/biographical': None, 'institutional precedent': None, 'contemporary rivalry': None, 'legacy/inheritance': None}","{'mixed': None, 'neutral': 4.0, 'positive': None, 'negative': None}","{'Civil War & Reconstruction': None, 'Expansion': 4.0, 'Post-Cold War': None, 'The present era': None, 'The Gilded Age': None, 'Progressives & Depression': None, 'The Cold War': None, 'War & New Deal': None, 'The founding': None}",1,22.22222222222222,AI-classified; not human-validated
John Tyler,William Harrison,1,1,"{'policy inheritance': None, 'other/unclear': None, 'historical comparison': None, 'ceremonial/biographical': 1.0, 'institutional precedent': None, 'contemporary rivalry': None, 'legacy/inheritance': None}","{'mixed': None, 'neutral': 1.0, 'positive': None, 'negative': None}","{'Civil War & Reconstruction': None, 'Expansion': 1.0, 'Post-Cold War': None, 'The present era': None, 'The Gilded Age': None, 'Progressives & Depression': None, 'The Cold War': None, 'War & New Deal': None, 'The founding': None}",1,5.555555555555555,AI-classified; not human-validated
Lyndon B. Johnson,Abraham Lincoln,11,6,"{'policy inheritance': None, 'other/unclear': 9.0, 'historical comparison': None, 'ceremonial/biographical': 2.0, 'institutional precedent': None, 'contemporary rivalry': None, 'legacy/inheritance': None}","{'mixed': None, 'neutral': 7.0, 'positive': 4.0, 'negative': None}","{'Civil War & Reconstruction': None, 'Expansion': None, 'Post-Cold War': None, 'The present era': None, 'The Gilded Age': None, 'Progressives & Depression': None, 'The Cold War': 11.0, 'War & New Deal': None, 'The founding': None}",1,15.492957746478872,AI-classified; not human-validated
Lyndon B. Johnson,Andrew Jackson,7,4,"{'policy inheritance': None, 'other/unclear': 5.0, 'historical comparison': None, 'ceremonial/biographical': None, 'institutional precedent': None, 'contemporary rivalry': None, 'legacy/inheritance': 2.0}","{'mixed': None, 'neutral': 5.0, 'positive': 2.0, 'negative': None}","{'Civil War & Reconstruction': None, 'Expansion': None, 'Post-Cold War': None, 'The present era': None, 'The Gilded Age': None, 'Progressives & Depression': None, 'The Cold War': 7.0, 'War & New Deal': None, 'The founding': None}",1,9.859154929577464,AI-classified; not human-validated
Lyndon B. Johnson,Chester A. Arthur,1,1,"{'policy inheritance': None, 'other/unclear': 1.0, 'historical comparison': None, 'ceremonial/biographical': None, 'institutional precedent': None, 'contemporary rivalry': None, 'legacy/inheritance': None}","{'mixed': None, 'neutral': 1.0, 'positive': None, 'negative': None}","{'Civil War & Reconstruction': None, 'Expansion': None, 'Post-Cold War': None, 'The present era': None, 'The Gilded Age': None, 'Progressives & Depression': None, 'The Cold War': 1.0, 'War & New Deal': None, 'The founding': None}",1,1.4084507042253522,AI-classified; not human-validated
Lyndon B. Johnson,Dwight D. Eisenhower,39,24,"{'policy inheritance': 4.0, 'other/unclear': 25.0, 'historical comparison': None, 'ceremonial/biographical': 2.0, 'institutional precedent': 8.0, 'contemporary rivalry': None, 'legacy/inheritance': None}","{'mixed': None, 'neutral': 31.0, 'positive': 8.0, 'negative': None}","{'Civil War & Reconstruction': None, 'Expansion': None, 'Post-Cold War': None, 'The present era': None, 'The Gilded Age': None, 'Progressives & Depression': None, 'The Cold War': 39.0, 'War & New Deal': None, 'The founding': None}",1,54.929577464788736,AI-classified; not human-validated
Lyndon B. Johnson,Franklin D. Roosevelt,15,7,"{'policy inheritance': None, 'other/unclear': 12.0, 'historical comparison': None, 'ceremonial/biographical': 1.0, 'institutional precedent': 2.0, 'contemporary rivalry': None, 'legacy/inheritance': None}","{'mixed': None, 'neutral': 15.0, 'positive': None, 'negative': None}","{'Civil War & Reconstruction': None, 'Expansion': None, 'Post-Cold War': None, 'The present era': None, 'The Gilded Age': None, 'Progressives & Depression': None, 'The Cold War': 15.0, 'War & New Deal': None, 'The founding': None}",1,21.12676056338028,AI-classified; not human-validated
Lyndon B. Johnson,George Washington,2,1,"{'policy inheritance': None, 'other/unclear': None, 'historical comparison': None, 'ceremonial/biographical': 2.0, 'institutional precedent': None, 'contemporary rivalry': None, 'legacy/inheritance': None}","{'mixed': None, 'neutral': 2.0, 'positive': None, 'negative': None}","{'Civil War & Reconstruction': None, 'Expansion': None, 'Post-Cold War': None, 'The present era': None, 'The Gilded Age': None, 'Progressives & Depression': None, 'The Cold War': 2.0, 'War & New Deal': None, 'The founding': None}",1,2.8169014084507045,AI-classified; not human-validated
Lyndon B. Johnson,Gerald Ford,3,2,"{'policy inheritance': None, 'other/unclear': None, 'historical comparison': None, 'ceremonial/biographical': None, 'institutional precedent': 3.0, 'contemporary rivalry': None, 'legacy/inheritance': None}","{'mixed': 1.0, 'neutral': 2.0, 'positive': None, 'negative': None}","{'Civil War & Reconstruction': None, 'Expansion': None, 'Post-Cold War': None, 'The present era': None, 'The Gilded Age': None, 'Progressives & Depression': None, 'The Cold War': 3.0, 'War & New Deal': None, 'The founding': None}",1,4.225352112676056,AI-classified; not human-validated
Lyndon B. Johnson,Harry S. Truman,37,17,"{'policy inheritance': 2.0, 'other/unclear': 33.0, 'historical comparison': None, 'ceremonial/biographical': None, 'institutional precedent': 2.0, 'contemporary rivalry': None, 'legacy/inheritance': None}","{'mixed': None, 'neutral': 31.0, 'positive': 6.0, 'negative': None}","{'Civil War & Reconstruction': None, 'Expansion': None, 'Post-Cold War': None, 'The present era': None, 'The Gilded Age': None, 'Progressives & Depression': None, 'The Cold War': 37.0, 'War & New Deal': None, 'The founding': None}",1,52.112676056338024,AI-classified; not human-validated
Lyndon B. Johnson,Herbert Hoover,5,4,"{'policy inheritance': None, 'other/unclear': 5.0, 'historical comparison': None, 'ceremonial/biographical': None, 'institutional precedent': None, 'contemporary rivalry': None, 'legacy/inheritance': None}","{'mixed': None, 'neutral': 5.0, 'positive': None, 'negative': None}","{'Civil War & Reconstruction': None, 'Expansion': None, 'Post-Cold War': None, 'The present era': None, 'The Gilded Age': None, 'Progressives & Depression': None, 'The Cold War': 5.0, 'War & New Deal': None, 'The founding': None}",1,7.042253521126761,AI-classified; not human-validated
Lyndon B. Johnson,James Madison,1,1,"{'policy inheritance': None, 'other/unclear': None, 'historical comparison': None, 'ceremonial/biographical': None, 'institutional precedent': 1.0, 'contemporary rivalry': None, 'legacy/inheritance': None}","{'mixed': None, 'neutral': 1.0, 'positive': None, 'negative': None}","{'Civil War & Reconstruction': None, 'Expansion': None, 'Post-Cold War': None, 'The present era': None, 'The Gilded Age': None, 'Progressives & Depression': None, 'The Cold War': 1.0, 'War & New Deal': None, 'The founding': None}",1,1.4084507042253522,AI-classified; not human-validated
Lyndon B. Johnson,John Adams,1,1,"{'policy inheritance': None, 'other/unclear': 1.0, 'historical comparison': None, 'ceremonial/biographical': None, 'institutional precedent': None, 'contemporary rivalry': None, 'legacy/inheritance': None}","{'mixed': None, 'neutral': None, 'positive': 1.0, 'negative': None}","{'Civil War & Reconstruction': None, 'Expansion': None, 'Post-Cold War': None, 'The present era': None, 'The Gilded Age': None, 'Progressives & Depression': None, 'The Cold War': 1.0, 'War & New Deal': None, 'The founding': None}",1,1.4084507042253522,AI-classified; not human-validated
Lyndon B. Johnson,John F. Kennedy,65,27,"{'policy inheritance': 5.0, 'other/unclear': 51.0, 'historical comparison': 1.0, 'ceremonial/biographical': 5.0, 'institutional precedent': 2.0, 'contemporary rivalry': None, 'legacy/inheritance': 1.0}","{'mixed': None, 'neutral': 53.0, 'positive': 11.0, 'negative': 1.0}","{'Civil War & Reconstruction': None, 'Expansion': None, 'Post-Cold War': None, 'The present era': None, 'The Gilded Age': None, 'Progressives & Depression': None, 'The Cold War': 65.0, 'War & New Deal': None, 'The founding': None}",1,91.54929577464789,AI-classified; not human-validated
Lyndon B. Johnson,Richard M. Nixon,10,2,"{'policy inheritance': None, 'other/unclear': 6.0, 'historical comparison': 2.0, 'ceremonial/biographical': None, 'institutional precedent': 2.0, 'contemporary rivalry': None, 'legacy/inheritance': None}","{'mixed': None, 'neutral': 10.0, 'positive': None, 'negative': None}","{'Civil War & Reconstruction': None, 'Expansion': None, 'Post-Cold War': None, 'The present era': None, 'The Gilded Age': None, 'Progressives & Depression': None, 'The Cold War': 10.0, 'War & New Deal': None, 'The founding': None}",1,14.084507042253522,AI-classified; not human-validated
Lyndon B. Johnson,Theodore Roosevelt,1,1,"{'policy inheritance': None, 'other/unclear': 1.0, 'historical comparison': None, 'ceremonial/biographical': None, 'institutional precedent': None, 'contemporary rivalry': None, 'legacy/inheritance': None}","{'mixed': None, 'neutral': None, 'positive': 1.0, 'negative': None}","{'Civil War & Reconstruction': None, 'Expansion': None, 'Post-Cold War': None, 'The present era': None, 'The Gilded Age': None, 'Progressives & Depression': None, 'The Cold War': 1.0, 'War & New Deal': None, 'The founding': None}",1,1.4084507042253522,AI-classified; not human-validated
Lyndon B. Johnson,Thomas Jefferson,7,5,"{'policy inheritance': 2.0, 'other/unclear': 4.0, 'historical comparison': None, 'ceremonial/biographical': None, 'institutional precedent': 1.0, 'contemporary rivalry': None, 'legacy/inheritance': None}","{'mixed': None, 'neutral': 5.0, 'positive': 2.0, 'negative': None}","{'Civil War & Reconstruction': None, 'Expansion': None, 'Post-Cold War': None, 'The present era': None, 'The Gilded Age': None, 'Progressives & Depression': None, 'The Cold War': 7.0, 'War & New Deal': None, 'The founding': None}",1,9.859154929577464,AI-classified; not human-validated
Lyndon B. Johnson,William Taft,4,4,"{'policy inheritance': 3.0, 'other/unclear': 1.0, 'historical comparison': None, 'ceremonial/biographical': None, 'institutional precedent': None, 'contemporary rivalry': None, 'legacy/inheritance': None}","{'mixed': None, 'neutral': 3.0, 'positive': 1.0, 'negative': None}","{'Civil War & Reconstruction': None, 'Expansion': None, 'Post-Cold War': None, 'The present era': None, 'The Gilded Age': None, 'Progressives & Depression': None, 'The Cold War': 4.0, 'War & New Deal': None, 'The founding': None}",1,5.633802816901409,AI-classified; not human-validated
Lyndon B. Johnson,Woodrow Wilson,6,4,"{'policy inheritance': None, 'other/unclear': 5.0, 'historical comparison': None, 'ceremonial/biographical': None, 'institutional precedent': 1.0, 'contemporary rivalry': None, 'legacy/inheritance': None}","{'mixed': None, 'neutral': 6.0, 'positive': None, 'negative': None}","{'Civil War & Reconstruction': None, 'Expansion': None, 'Post-Cold War': None, 'The present era': None, 'The Gilded Age': None, 'Progressives & Depression': None, 'The Cold War': 6.0, 'War & New Deal': None, 'The founding': None}",1,8.450704225352112,AI-classified; not human-validated
Lyndon B. Johnson,Zachary Taylor,2,1,"{'policy inheritance': None, 'other/unclear': 2.0, 'historical comparison': None, 'ceremonial/biographical': None, 'institutional precedent': None, 'contemporary rivalry': None, 'legacy/inheritance': None}","{'mixed': None, 'neutral': 2.0, 'positive': None, 'negative': None}","{'Civil War & Reconstruction': None, 'Expansion': None, 'Post-Cold War': None, 'The present era': None, 'The Gilded Age': None, 'Progressives & Depression': None, 'The Cold War': 2.0, 'War & New Deal': None, 'The founding': None}",1,2.8169014084507045,AI-classified; not human-validated
Martin Van Buren,James Monroe,1,1,"{'policy inheritance': None, 'other/unclear': 1.0, 'historical comparison': None, 'ceremonial/biographical': None, 'institutional precedent': None, 'contemporary rivalry': None, 'legacy/inheritance': None}","{'mixed': None, 'neutral': 1.0, 'positive': None, 'negative': None}","{'Civil War & Reconstruction': None, 'Expansion': 1.0, 'Post-Cold War': None, 'The present era': None, 'The Gilded Age': None, 'Progressives & Depression': None, 'The Cold War': None, 'War & New Deal': None, 'The founding': None}",1,10.0,AI-classified; not human-validated
Martin Van Buren,Thomas Jefferson,2,2,"{'policy inheritance': None, 'other/unclear': 2.0, 'historical comparison': None, 'ceremonial/biographical': None, 'institutional precedent': None, 'contemporary rivalry': None, 'legacy/inheritance': None}","{'mixed': None, 'neutral': 2.0, 'positive': None, 'negative': None}","{'Civil War & Reconstruction': None, 'Expansion': 2.0, 'Post-Cold War': None, 'The present era': None, 'The Gilded Age': None, 'Progressives & Depression': None, 'The Cold War': None, 'War & New Deal': None, 'The founding': None}",1,20.0,AI-classified; not human-validated
Millard Fillmore,George Washington,2,2,"{'policy inheritance': 1.0, 'other/unclear': 1.0, 'historical comparison': None, 'ceremonial/biographical': None, 'institutional precedent': None, 'contemporary rivalry': None, 'legacy/inheritance': None}","{'mixed': None, 'neutral': 1.0, 'positive': 1.0, 'negative': None}","{'Civil War & Reconstruction': 2.0, 'Expansion': None, 'Post-Cold War': None, 'The present era': None, 'The Gilded Age': None, 'Progressives & Depression': None, 'The Cold War': None, 'War & New Deal': None, 'The founding': None}",1,28.57142857142857,AI-classified; not human-validated
Millard Fillmore,James Monroe,1,1,"{'policy inheritance': None, 'other/unclear': 1.0, 'historical comparison': None, 'ceremonial/biographical': None, 'institutional precedent': None, 'contemporary rivalry': None, 'legacy/inheritance': None}","{'mixed': None, 'neutral': 1.0, 'positive': None, 'negative': None}","{'Civil War & Reconstruction': 1.0, 'Expansion': None, 'Post-Cold War': None, 'The present era': None, 'The Gilded Age': None, 'Progressives & Depression': None, 'The Cold War': None, 'War & New Deal': None, 'The founding': None}",1,14.285714285714285,AI-classified; not human-validated
Millard Fillmore,Thomas Jefferson,2,2,"{'policy inheritance': 1.0, 'other/unclear': 1.0, 'historical comparison': None, 'ceremonial/biographical': None, 'institutional precedent': None, 'contemporary rivalry': None, 'legacy/inheritance': None}","{'mixed': None, 'neutral': 2.0, 'positive': None, 'negative': None}","{'Civil War & Reconstruction': 2.0, 'Expansion': None, 'Post-Cold War': None, 'The present era': None, 'The Gilded Age': None, 'Progressives & Depression': None, 'The Cold War': None, 'War & New Deal': None, 'The founding': None}",1,28.57142857142857,AI-classified; not human-validated
Richard M. Nixon,Abraham Lincoln,3,3,"{'policy inheritance': None, 'other/unclear': 3.0, 'historical comparison': None, 'ceremonial/biographical': None, 'institutional precedent': None, 'contemporary rivalry': None, 'legacy/inheritance': None}","{'mixed': None, 'neutral': 3.0, 'positive': None, 'negative': None}","{'Civil War & Reconstruction': None, 'Expansion': None, 'Post-Cold War': None, 'The present era': None, 'The Gilded Age': None, 'Progressives & Depression': None, 'The Cold War': 3.0, 'War & New Deal': None, 'The founding': None}",1,13.043478260869565,AI-classified; not human-validated
Richard M. Nixon,Dwight D. Eisenhower,7,6,"{'policy inheritance': None, 'other/unclear': 5.0, 'historical comparison': None, 'ceremonial/biographical': None, 'institutional precedent': 2.0, 'contemporary rivalry': None, 'legacy/inheritance': None}","{'mixed': None, 'neutral': 6.0, 'positive': 1.0, 'negative': None}","{'Civil War & Reconstruction': None, 'Expansion': None, 'Post-Cold War': None, 'The present era': None, 'The Gilded Age': None, 'Progressives & Depression': None, 'The Cold War': 7.0, 'War & New Deal': None, 'The founding': None}",1,30.434782608695656,AI-classified; not human-validated
Richard M. Nixon,Franklin D. Roosevelt,1,1,"{'policy inheritance': None, 'other/unclear': 1.0, 'historical comparison': None, 'ceremonial/biographical': None, 'institutional precedent': None, 'contemporary rivalry': None, 'legacy/inheritance': None}","{'mixed': None, 'neutral': 1.0, 'positive': None, 'negative': None}","{'Civil War & Reconstruction': None, 'Expansion': None, 'Post-Cold War': None, 'The present era': None, 'The Gilded Age': None, 'Progressives & Depression': None, 'The Cold War': 1.0, 'War & New Deal': None, 'The founding': None}",1,4.3478260869565215,AI-classified; not human-validated
Richard M. Nixon,George Washington,2,2,"{'policy inheritance': None, 'other/unclear': 1.0, 'historical comparison': None, 'ceremonial/biographical': None, 'institutional precedent': 1.0, 'contemporary rivalry': None, 'legacy/inheritance': None}","{'mixed': None, 'neutral': 2.0, 'positive': None, 'negative': None}","{'Civil War & Reconstruction': None, 'Expansion': None, 'Post-Cold War': None, 'The present era': None, 'The Gilded Age': None, 'Progressives & Depression': None, 'The Cold War': 2.0, 'War & New Deal': None, 'The founding': None}",1,8.695652173913043,AI-classified; not human-validated
Richard M. Nixon,Gerald Ford,2,1,"{'policy inheritance': None, 'other/unclear': None, 'historical comparison': None, 'ceremonial/biographical': None, 'institutional precedent': 2.0, 'contemporary rivalry': None, 'legacy/inheritance': None}","{'mixed': None, 'neutral': 1.0, 'positive': 1.0, 'negative': None}","{'Civil War & Reconstruction': None, 'Expansion': None, 'Post-Cold War': None, 'The present era': None, 'The Gilded Age': None, 'Progressives & Depression': None, 'The Cold War': 2.0, 'War & New Deal': None, 'The founding': None}",1,8.695652173913043,AI-classified; not human-validated
Richard M. Nixon,Harry S. Truman,11,5,"{'policy inheritance': 1.0, 'other/unclear': 7.0, 'historical comparison': None, 'ceremonial/biographical': None, 'institutional precedent': 3.0, 'contemporary rivalry': None, 'legacy/inheritance': None}","{'mixed': None, 'neutral': 10.0, 'positive': 1.0, 'negative': None}","{'Civil War & Reconstruction': None, 'Expansion': None, 'Post-Cold War': None, 'The present era': None, 'The Gilded Age': None, 'Progressives & Depression': None, 'The Cold War': 11.0, 'War & New Deal': None, 'The founding': None}",1,47.82608695652174,AI-classified; not human-validated
Richard M. Nixon,John F. Kennedy,7,5,"{'policy inheritance': None, 'other/unclear': 6.0, 'historical comparison': None, 'ceremonial/biographical': None, 'institutional precedent': 1.0, 'contemporary rivalry': None, 'legacy/inheritance': None}","{'mixed': None, 'neutral': 7.0, 'positive': None, 'negative': None}","{'Civil War & Reconstruction': None, 'Expansion': None, 'Post-Cold War': None, 'The present era': None, 'The Gilded Age': None, 'Progressives & Depression': None, 'The Cold War': 7.0, 'War & New Deal': None, 'The founding': None}",1,30.434782608695656,AI-classified; not human-validated
Richard M. Nixon,Lyndon B. Johnson,9,6,"{'policy inheritance': None, 'other/unclear': 6.0, 'historical comparison': None, 'ceremonial/biographical': None, 'institutional precedent': 3.0, 'contemporary rivalry': None, 'legacy/inheritance': None}","{'mixed': None, 'neutral': 8.0, 'positive': None, 'negative': 1.0}","{'Civil War & Reconstruction': None, 'Expansion': None, 'Post-Cold War': None, 'The present era': None, 'The Gilded Age': None, 'Progressives & Depression': None, 'The Cold War': 9.0, 'War & New Deal': None, 'The founding': None}",1,39.130434782608695,AI-classified; not human-validated
Richard M. Nixon,Theodore Roosevelt,1,1,"{'policy inheritance': None, 'other/unclear': 1.0, 'historical comparison': None, 'ceremonial/biographical': None, 'institutional precedent': None, 'contemporary rivalry': None, 'legacy/inheritance': None}","{'mixed': 1.0, 'neutral': None, 'positive': None, 'negative': None}","{'Civil War & Reconstruction': None, 'Expansion': None, 'Post-Cold War': None, 'The present era': None, 'The Gilded Age': None, 'Progressives & Depression': None, 'The Cold War': 1.0, 'War & New Deal': None, 'The founding': None}",1,4.3478260869565215,AI-classified; not human-validated
Richard M. Nixon,Thomas Jefferson,3,3,"{'policy inheritance': 1.0, 'other/unclear': 1.0, 'historical comparison': 1.0, 'ceremonial/biographical': None, 'institutional precedent': None, 'contemporary rivalry': None, 'legacy/inheritance': None}","{'mixed': None, 'neutral': 3.0, 'positive': None, 'negative': None}","{'Civil War & Reconstruction': None, 'Expansion': None, 'Post-Cold War': None, 'The present era': None, 'The Gilded Age': None, 'Progressives & Depression': None, 'The Cold War': 3.0, 'War & New Deal': None, 'The founding': None}",1,13.043478260869565,AI-classified; not human-validated
Richard M. Nixon,Woodrow Wilson,4,2,"{'policy inheritance': 1.0, 'other/unclear': 2.0, 'historical comparison': None, 'ceremonial/biographical': 1.0, 'institutional precedent': None, 'contemporary rivalry': None, 'legacy/inheritance': None}","{'mixed': None, 'neutral': 1.0, 'positive': 3.0, 'negative': None}","{'Civil War & Reconstruction': None, 'Expansion': None, 'Post-Cold War': None, 'The present era': None, 'The Gilded Age': None, 'Progressives & Depression': None, 'The Cold War': 4.0, 'War & New Deal': None, 'The founding': None}",1,17.391304347826086,AI-classified; not human-validated
Ronald Reagan,Abraham Lincoln,15,12,"{'policy inheritance': None, 'other/unclear': 9.0, 'historical comparison': None, 'ceremonial/biographical': 4.0, 'institutional precedent': 2.0, 'contemporary rivalry': None, 'legacy/inheritance': None}","{'mixed': None, 'neutral': 11.0, 'positive': 4.0, 'negative': None}","{'Civil War & Reconstruction': None, 'Expansion': None, 'Post-Cold War': 1.0, 'The present era': None, 'The Gilded Age': None, 'Progressives & Depression': None, 'The Cold War': 14.0, 'War & New Deal': None, 'The founding': None}",1,25.0,AI-classified; not human-validated
Ronald Reagan,Calvin Coolidge,1,1,"{'policy inheritance': None, 'other/unclear': 1.0, 'historical comparison': None, 'ceremonial/biographical': None, 'institutional precedent': None, 'contemporary rivalry': None, 'legacy/inheritance': None}","{'mixed': None, 'neutral': 1.0, 'positive': None, 'negative': None}","{'Civil War & Reconstruction': None, 'Expansion': None, 'Post-Cold War': None, 'The present era': None, 'The Gilded Age': None, 'Progressives & Depression': None, 'The Cold War': 1.0, 'War & New Deal': None, 'The founding': None}",1,1.6666666666666667,AI-classified; not human-validated
Ronald Reagan,Dwight D. Eisenhower,7,6,"{'policy inheritance': 1.0, 'other/unclear': 6.0, 'historical comparison': None, 'ceremonial/biographical': None, 'institutional precedent': None, 'contemporary rivalry': None, 'legacy/inheritance': None}","{'mixed': None, 'neutral': 7.0, 'positive': None, 'negative': None}","{'Civil War & Reconstruction': None, 'Expansion': None, 'Post-Cold War': None, 'The present era': None, 'The Gilded Age': None, 'Progressives & Depression': None, 'The Cold War': 7.0, 'War & New Deal': None, 'The founding': None}",1,11.666666666666666,AI-classified; not human-validated
Ronald Reagan,Franklin D. Roosevelt,3,3,"{'policy inheritance': None, 'other/unclear': 3.0, 'historical comparison': None, 'ceremonial/biographical': None, 'institutional precedent': None, 'contemporary rivalry': None, 'legacy/inheritance': None}","{'mixed': None, 'neutral': 3.0, 'positive': None, 'negative': None}","{'Civil War & Reconstruction': None, 'Expansion': None, 'Post-Cold War': None, 'The present era': None, 'The Gilded Age': None, 'Progressives & Depression': None, 'The Cold War': 3.0, 'War & New Deal': None, 'The founding': None}",1,5.0,AI-classified; not human-validated
Ronald Reagan,George H. W. Bush,15,7,"{'policy inheritance': 1.0, 'other/unclear': 14.0, 'historical comparison': None, 'ceremonial/biographical': None, 'institutional precedent': None, 'contemporary rivalry': None, 'legacy/inheritance': None}","{'mixed': None, 'neutral': 14.0, 'positive': 1.0, 'negative': None}","{'Civil War & Reconstruction': None, 'Expansion': None, 'Post-Cold War': None, 'The present era': None, 'The Gilded Age': None, 'Progressives & Depression': None, 'The Cold War': 15.0, 'War & New Deal': None, 'The founding': None}",1,25.0,AI-classified; not human-validated
Ronald Reagan,George W. Bush,16,11,"{'policy inheritance': 3.0, 'other/unclear': 12.0, 'historical comparison': 1.0, 'ceremonial/biographical': None, 'institutional precedent': None, 'contemporary rivalry': None, 'legacy/inheritance': None}","{'mixed': 1.0, 'neutral': 13.0, 'positive': 2.0, 'negative': None}","{'Civil War & Reconstruction': None, 'Expansion': None, 'Post-Cold War': None, 'The present era': None, 'The Gilded Age': None, 'Progressives & Depression': None, 'The Cold War': 16.0, 'War & New Deal': None, 'The founding': None}",1,26.666666666666668,AI-classified; not human-validated
Ronald Reagan,George Washington,10,8,"{'policy inheritance': None, 'other/unclear': 8.0, 'historical comparison': None, 'ceremonial/biographical': None, 'institutional precedent': 1.0, 'contemporary rivalry': None, 'legacy/inheritance': 1.0}","{'mixed': None, 'neutral': 10.0, 'positive': None, 'negative': None}","{'Civil War & Reconstruction': None, 'Expansion': None, 'Post-Cold War': None, 'The present era': None, 'The Gilded Age': None, 'Progressives & Depression': None, 'The Cold War': 10.0, 'War & New Deal': None, 'The founding': None}",1,16.666666666666664,AI-classified; not human-validated
Ronald Reagan,Gerald Ford,2,1,"{'policy inheritance': None, 'other/unclear': 1.0, 'historical comparison': None, 'ceremonial/biographical': None, 'institutional precedent': 1.0, 'contemporary rivalry': None, 'legacy/inheritance': None}","{'mixed': None, 'neutral': 2.0, 'positive': None, 'negative': None}","{'Civil War & Reconstruction': None, 'Expansion': None, 'Post-Cold War': None, 'The present era': None, 'The Gilded Age': None, 'Progressives & Depression': None, 'The Cold War': 2.0, 'War & New Deal': None, 'The founding': None}",1,3.3333333333333335,AI-classified; not human-validated
Ronald Reagan,Harry S. Truman,12,8,"{'policy inheritance': None, 'other/unclear': 11.0, 'historical comparison': None, 'ceremonial/biographical': None, 'institutional precedent': 1.0, 'contemporary rivalry': None, 'legacy/inheritance': None}","{'mixed': None, 'neutral': 12.0, 'positive': None, 'negative': None}","{'Civil War & Reconstruction': None, 'Expansion': None, 'Post-Cold War': None, 'The present era': None, 'The Gilded Age': None, 'Progressives & Depression': None, 'The Cold War': 12.0, 'War & New Deal': None, 'The founding': None}",1,20.0,AI-classified; not human-validated
Ronald Reagan,James Madison,1,1,"{'policy inheritance': None, 'other/unclear': 1.0, 'historical comparison': None, 'ceremonial/biographical': None, 'institutional precedent': None, 'contemporary rivalry': None, 'legacy/inheritance': None}","{'mixed': None, 'neutral': 1.0, 'positive': None, 'negative': None}","{'Civil War & Reconstruction': None, 'Expansion': None, 'Post-Cold War': None, 'The present era': None, 'The Gilded Age': None, 'Progressives & Depression': None, 'The Cold War': 1.0, 'War & New Deal': None, 'The founding': None}",1,1.6666666666666667,AI-classified; not human-validated
Ronald Reagan,James Monroe,1,1,"{'policy inheritance': 1.0, 'other/unclear': None, 'historical comparison': None, 'ceremonial/biographical': None, 'institutional precedent': None, 'contemporary rivalry': None, 'legacy/inheritance': None}","{'mixed': None, 'neutral': 1.0, 'positive': None, 'negative': None}","{'Civil War & Reconstruction': None, 'Expansion': None, 'Post-Cold War': None, 'The present era': None, 'The Gilded Age': None, 'Progressives & Depression': None, 'The Cold War': 1.0, 'War & New Deal': None, 'The founding': None}",1,1.6666666666666667,AI-classified; not human-validated
Ronald Reagan,Jimmy Carter,15,5,"{'policy inheritance': 2.0, 'other/unclear': 11.0, 'historical comparison': None, 'ceremonial/biographical': None, 'institutional precedent': 1.0, 'contemporary rivalry': None, 'legacy/inheritance': 1.0}","{'mixed': None, 'neutral': 14.0, 'positive': 1.0, 'negative': None}","{'Civil War & Reconstruction': None, 'Expansion': None, 'Post-Cold War': None, 'The present era': None, 'The Gilded Age': None, 'Progressives & Depression': None, 'The Cold War': 15.0, 'War & New Deal': None, 'The founding': None}",1,25.0,AI-classified; not human-validated
Ronald Reagan,John Adams,2,2,"{'policy inheritance': None, 'other/unclear': 2.0, 'historical comparison': None, 'ceremonial/biographical': None, 'institutional precedent': None, 'contemporary rivalry': None, 'legacy/inheritance': None}","{'mixed': None, 'neutral': 2.0, 'positive': None, 'negative': None}","{'Civil War & Reconstruction': None, 'Expansion': None, 'Post-Cold War': None, 'The present era': None, 'The Gilded Age': None, 'Progressives & Depression': None, 'The Cold War': 2.0, 'War & New Deal': None, 'The founding': None}",1,3.3333333333333335,AI-classified; not human-validated
Ronald Reagan,John F. Kennedy,20,13,"{'policy inheritance': 2.0, 'other/unclear': 17.0, 'historical comparison': 1.0, 'ceremonial/biographical': None, 'institutional precedent': None, 'contemporary rivalry': None, 'legacy/inheritance': None}","{'mixed': None, 'neutral': 17.0, 'positive': 3.0, 'negative': None}","{'Civil War & Reconstruction': None, 'Expansion': None, 'Post-Cold War': None, 'The present era': None, 'The Gilded Age': None, 'Progressives & Depression': None, 'The Cold War': 20.0, 'War & New Deal': None, 'The founding': None}",1,33.33333333333333,AI-classified; not human-validated
Ronald Reagan,John Quincy Adams,1,1,"{'policy inheritance': None, 'other/unclear': 1.0, 'historical comparison': None, 'ceremonial/biographical': None, 'institutional precedent': None, 'contemporary rivalry': None, 'legacy/inheritance': None}","{'mixed': None, 'neutral': 1.0, 'positive': None, 'negative': None}","{'Civil War & Reconstruction': None, 'Expansion': None, 'Post-Cold War': None, 'The present era': None, 'The Gilded Age': None, 'Progressives & Depression': None, 'The Cold War': 1.0, 'War & New Deal': None, 'The founding': None}",1,1.6666666666666667,AI-classified; not human-validated
Ronald Reagan,Richard M. Nixon,4,2,"{'policy inheritance': None, 'other/unclear': 4.0, 'historical comparison': None, 'ceremonial/biographical': None, 'institutional precedent': None, 'contemporary rivalry': None, 'legacy/inheritance': None}","{'mixed': 1.0, 'neutral': 3.0, 'positive': None, 'negative': None}","{'Civil War & Reconstruction': None, 'Expansion': None, 'Post-Cold War': None, 'The present era': None, 'The Gilded Age': None, 'Progressives & Depression': None, 'The Cold War': 4.0, 'War & New Deal': None, 'The founding': None}",1,6.666666666666667,AI-classified; not human-validated
Ronald Reagan,Theodore Roosevelt,3,3,"{'policy inheritance': None, 'other/unclear': 2.0, 'historical comparison': None, 'ceremonial/biographical': None, 'institutional precedent': 1.0, 'contemporary rivalry': None, 'legacy/inheritance': None}","{'mixed': None, 'neutral': 1.0, 'positive': 2.0, 'negative': None}","{'Civil War & Reconstruction': None, 'Expansion': None, 'Post-Cold War': None, 'The present era': None, 'The Gilded Age': None, 'Progressives & Depression': None, 'The Cold War': 3.0, 'War & New Deal': None, 'The founding': None}",1,5.0,AI-classified; not human-validated
Ronald Reagan,Thomas Jefferson,34,8,"{'policy inheritance': 1.0, 'other/unclear': 30.0, 'historical comparison': 2.0, 'ceremonial/biographical': 1.0, 'institutional precedent': None, 'contemporary rivalry': None, 'legacy/inheritance': None}","{'mixed': None, 'neutral': 28.0, 'positive': 6.0, 'negative': None}","{'Civil War & Reconstruction': None, 'Expansion': None, 'Post-Cold War': 2.0, 'The present era': None, 'The Gilded Age': None, 'Progressives & Depression': None, 'The Cold War': 32.0, 'War & New Deal': None, 'The founding': None}",1,56.666666666666664,AI-classified; not human-validated
Rutherford B. Hayes,Abraham Lincoln,3,2,"{'policy inheritance': 2.0, 'other/unclear': 1.0, 'historical comparison': None, 'ceremonial/biographical': None, 'institutional precedent': None, 'contemporary rivalry': None, 'legacy/inheritance': None}","{'mixed': None, 'neutral': 3.0, 'positive': None, 'negative': None}","{'Civil War & Reconstruction': None, 'Expansion': None, 'Post-Cold War': None, 'The present era': None, 'The Gilded Age': 3.0, 'Progressives & Depression': None, 'The Cold War': None, 'War & New Deal': None, 'The founding': None}",1,18.75,AI-classified; not human-validated
Rutherford B. Hayes,Andrew Jackson,1,1,"{'policy inheritance': None, 'other/unclear': 1.0, 'historical comparison': None, 'ceremonial/biographical': None, 'institutional precedent': None, 'contemporary rivalry': None, 'legacy/inheritance': None}","{'mixed': None, 'neutral': 1.0, 'positive': None, 'negative': None}","{'Civil War & Reconstruction': None, 'Expansion': None, 'Post-Cold War': None, 'The present era': None, 'The Gilded Age': 1.0, 'Progressives & Depression': None, 'The Cold War': None, 'War & New Deal': None, 'The founding': None}",1,6.25,AI-classified; not human-validated
Rutherford B. Hayes,George Washington,2,1,"{'policy inheritance': 1.0, 'other/unclear': 1.0, 'historical comparison': None, 'ceremonial/biographical': None, 'institutional precedent': None, 'contemporary rivalry': None, 'legacy/inheritance': None}","{'mixed': None, 'neutral': 2.0, 'positive': None, 'negative': None}","{'Civil War & Reconstruction': None, 'Expansion': None, 'Post-Cold War': None, 'The present era': None, 'The Gilded Age': 2.0, 'Progressives & Depression': None, 'The Cold War': None, 'War & New Deal': None, 'The founding': None}",1,12.5,AI-classified; not human-validated
Rutherford B. Hayes,Thomas Jefferson,2,1,"{'policy inheritance': 1.0, 'other/unclear': 1.0, 'historical comparison': None, 'ceremonial/biographical': None, 'institutional precedent': None, 'contemporary rivalry': None, 'legacy/inheritance': None}","{'mixed': None, 'neutral': 2.0, 'positive': None, 'negative': None}","{'Civil War & Reconstruction': None, 'Expansion': None, 'Post-Cold War': None, 'The present era': None, 'The Gilded Age': 2.0, 'Progressives & Depression': None, 'The Cold War': None, 'War & New Deal': None, 'The founding': None}",1,12.5,AI-classified; not human-validated
Rutherford B. Hayes,Ulysses S. Grant,1,1,"{'policy inheritance': None, 'other/unclear': None, 'historical comparison': None, 'ceremonial/biographical': None, 'institutional precedent': None, 'contemporary rivalry': None, 'legacy/inheritance': 1.0}","{'mixed': None, 'neutral': 1.0, 'positive': None, 'negative': None}","{'Civil War & Reconstruction': 1.0, 'Expansion': None, 'Post-Cold War': None, 'The present era': None, 'The Gilded Age': None, 'Progressives & Depression': None, 'The Cold War': None, 'War & New Deal': None, 'The founding': None}",1,6.25,AI-classified; not human-validated
Theodore Roosevelt,Abraham Lincoln,3,2,"{'policy inheritance': None, 'other/unclear': 1.0, 'historical comparison': None, 'ceremonial/biographical': None, 'institutional precedent': 2.0, 'contemporary rivalry': None, 'legacy/inheritance': None}","{'mixed': None, 'neutral': 2.0, 'positive': 1.0, 'negative': None}","{'Civil War & Reconstruction': None, 'Expansion': None, 'Post-Cold War': None, 'The present era': None, 'The Gilded Age': None, 'Progressives & Depression': 3.0, 'The Cold War': None, 'War & New Deal': None, 'The founding': None}",1,13.636363636363635,AI-classified; not human-validated
Theodore Roosevelt,Andrew Jackson,4,2,"{'policy inheritance': None, 'other/unclear': 3.0, 'historical comparison': None, 'ceremonial/biographical': None, 'institutional precedent': 1.0, 'contemporary rivalry': None, 'legacy/inheritance': None}","{'mixed': None, 'neutral': 3.0, 'positive': 1.0, 'negative': None}","{'Civil War & Reconstruction': None, 'Expansion': None, 'Post-Cold War': None, 'The present era': None, 'The Gilded Age': None, 'Progressives & Depression': 4.0, 'The Cold War': None, 'War & New Deal': None, 'The founding': None}",1,18.181818181818183,AI-classified; not human-validated
Theodore Roosevelt,Benjamin Harrison,1,1,"{'policy inheritance': None, 'other/unclear': 1.0, 'historical comparison': None, 'ceremonial/biographical': None, 'institutional precedent': None, 'contemporary rivalry': None, 'legacy/inheritance': None}","{'mixed': None, 'neutral': 1.0, 'positive': None, 'negative': None}","{'Civil War & Reconstruction': None, 'Expansion': None, 'Post-Cold War': None, 'The present era': None, 'The Gilded Age': None, 'Progressives & Depression': 1.0, 'The Cold War': None, 'War & New Deal': None, 'The founding': None}",1,4.545454545454546,AI-classified; not human-validated
Theodore Roosevelt,George Washington,1,1,"{'policy inheritance': None, 'other/unclear': 1.0, 'historical comparison': None, 'ceremonial/biographical': None, 'institutional precedent': None, 'contemporary rivalry': None, 'legacy/inheritance': None}","{'mixed': None, 'neutral': None, 'positive': 1.0, 'negative': None}","{'Civil War & Reconstruction': None, 'Expansion': None, 'Post-Cold War': None, 'The present era': None, 'The Gilded Age': None, 'Progressives & Depression': 1.0, 'The Cold War': None, 'War & New Deal': None, 'The founding': None}",1,4.545454545454546,AI-classified; not human-validated
Theodore Roosevelt,Grover Cleveland,1,1,"{'policy inheritance': None, 'other/unclear': None, 'historical comparison': None, 'ceremonial/biographical': None, 'institutional precedent': 1.0, 'contemporary rivalry': None, 'legacy/inheritance': None}","{'mixed': None, 'neutral': 1.0, 'positive': None, 'negative': None}","{'Civil War & Reconstruction': None, 'Expansion': None, 'Post-Cold War': None, 'The present era': None, 'The Gilded Age': None, 'Progressives & Depression': 1.0, 'The Cold War': None, 'War & New Deal': None, 'The founding': None}",1,4.545454545454546,AI-classified; not human-validated
Theodore Roosevelt,James A. Garfield,2,1,"{'policy inheritance': None, 'other/unclear': None, 'historical comparison': None, 'ceremonial/biographical': None, 'institutional precedent': 2.0, 'contemporary rivalry': None, 'legacy/inheritance': None}","{'mixed': None, 'neutral': 2.0, 'positive': None, 'negative': None}","{'Civil War & Reconstruction': None, 'Expansion': None, 'Post-Cold War': None, 'The present era': None, 'The Gilded Age': None, 'Progressives & Depression': 2.0, 'The Cold War': None, 'War & New Deal': None, 'The founding': None}",1,9.090909090909092,AI-classified; not human-validated
Theodore Roosevelt,James Monroe,24,5,"{'policy inheritance': 3.0, 'other/unclear': 20.0, 'historical comparison': 1.0, 'ceremonial/biographical': None, 'institutional precedent': None, 'contemporary rivalry': None, 'legacy/inheritance': None}","{'mixed': None, 'neutral': 21.0, 'positive': 2.0, 'negative': 1.0}","{'Civil War & Reconstruction': None, 'Expansion': None, 'Post-Cold War': None, 'The present era': None, 'The Gilded Age': None, 'Progressives & Depression': 24.0, 'The Cold War': None, 'War & New Deal': None, 'The founding': None}",1,109.09090909090908,AI-classified; not human-validated
Theodore Roosevelt,John Quincy Adams,1,1,"{'policy inheritance': None, 'other/unclear': 1.0, 'historical comparison': None, 'ceremonial/biographical': None, 'institutional precedent': None, 'contemporary rivalry': None, 'legacy/inheritance': None}","{'mixed': None, 'neutral': None, 'positive': 1.0, 'negative': None}","{'Civil War & Reconstruction': None, 'Expansion': None, 'Post-Cold War': None, 'The present era': None, 'The Gilded Age': None, 'Progressives & Depression': 1.0, 'The Cold War': None, 'War & New Deal': None, 'The founding': None}",1,4.545454545454546,AI-classified; not human-validated
Theodore Roosevelt,Thomas Jefferson,2,2,"{'policy inheritance': None, 'other/unclear': 2.0, 'historical comparison': None, 'ceremonial/biographical': None, 'institutional precedent': None, 'contemporary rivalry': None, 'legacy/inheritance': None}","{'mixed': None, 'neutral': 1.0, 'positive': 1.0, 'negative': None}","{'Civil War & Reconstruction': None, 'Expansion': None, 'Post-Cold War': None, 'The present era': None, 'The Gilded Age': None, 'Progressives & Depression': 2.0, 'The Cold War': None, 'War & New Deal': None, 'The founding': None}",1,9.090909090909092,AI-classified; not human-validated
Theodore Roosevelt,Ulysses S. Grant,2,2,"{'policy inheritance': None, 'other/unclear': None, 'historical comparison': None, 'ceremonial/biographical': None, 'institutional precedent': 2.0, 'contemporary rivalry': None, 'legacy/inheritance': None}","{'mixed': None, 'neutral': 1.0, 'positive': None, 'negative': 1.0}","{'Civil War & Reconstruction': None, 'Expansion': None, 'Post-Cold War': None, 'The present era': None, 'The Gilded Age': None, 'Progressives & Depression': 2.0, 'The Cold War': None, 'War & New Deal': None, 'The founding': None}",1,9.090909090909092,AI-classified; not human-validated
Theodore Roosevelt,William McKinley,14,6,"{'policy inheritance': 1.0, 'other/unclear': 6.0, 'historical comparison': None, 'ceremonial/biographical': 4.0, 'institutional precedent': 3.0, 'contemporary rivalry': None, 'legacy/inheritance': None}","{'mixed': 1.0, 'neutral': 13.0, 'positive': None, 'negative': None}","{'Civil War & Reconstruction': None, 'Expansion': None, 'Post-Cold War': None, 'The present era': None, 'The Gilded Age': None, 'Progressives & Depression': 14.0, 'The Cold War': None, 'War & New Deal': None, 'The founding': None}",1,63.63636363636363,AI-classified; not human-validated
Thomas Jefferson,James Madison,2,2,"{'policy inheritance': None, 'other/unclear': 2.0, 'historical comparison': None, 'ceremonial/biographical': None, 'institutional precedent': None, 'contemporary rivalry': None, 'legacy/inheritance': None}","{'mixed': None, 'neutral': 2.0, 'positive': None, 'negative': None}","{'Civil War & Reconstruction': None, 'Expansion': None, 'Post-Cold War': None, 'The present era': None, 'The Gilded Age': None, 'Progressives & Depression': None, 'The Cold War': None, 'War & New Deal': None, 'The founding': 2.0}",1,8.333333333333332,AI-classified; not human-validated
Thomas Jefferson,James Monroe,1,1,"{'policy inheritance': None, 'other/unclear': 1.0, 'historical comparison': None, 'ceremonial/biographical': None, 'institutional precedent': None, 'contemporary rivalry': None, 'legacy/inheritance': None}","{'mixed': None, 'neutral': 1.0, 'positive': None, 'negative': None}","{'Civil War & Reconstruction': None, 'Expansion': None, 'Post-Cold War': None, 'The present era': None, 'The Gilded Age': None, 'Progressives & Depression': None, 'The Cold War': None, 'War & New Deal': None, 'The founding': 1.0}",1,4.166666666666666,AI-classified; not human-validated
Ulysses S. Grant,Andrew Jackson,1,1,"{'policy inheritance': None, 'other/unclear': 1.0, 'historical comparison': None, 'ceremonial/biographical': None, 'institutional precedent': None, 'contemporary rivalry': None, 'legacy/inheritance': None}","{'mixed': None, 'neutral': 1.0, 'positive': None, 'negative': None}","{'Civil War & Reconstruction': 1.0, 'Expansion': None, 'Post-Cold War': None, 'The present era': None, 'The Gilded Age': None, 'Progressives & Depression': None, 'The Cold War': None, 'War & New Deal': None, 'The founding': None}",1,3.125,AI-classified; not human-validated
Ulysses S. Grant,Franklin Pierce,1,1,"{'policy inheritance': None, 'other/unclear': 1.0, 'historical comparison': None, 'ceremonial/biographical': None, 'institutional precedent': None, 'contemporary rivalry': None, 'legacy/inheritance': None}","{'mixed': None, 'neutral': 1.0, 'positive': None, 'negative': None}","{'Civil War & Reconstruction': 1.0, 'Expansion': None, 'Post-Cold War': None, 'The present era': None, 'The Gilded Age': None, 'Progressives & Depression': None, 'The Cold War': None, 'War & New Deal': None, 'The founding': None}",1,3.125,AI-classified; not human-validated
Ulysses S. Grant,George Washington,1,1,"{'policy inheritance': None, 'other/unclear': 1.0, 'historical comparison': None, 'ceremonial/biographical': None, 'institutional precedent': None, 'contemporary rivalry': None, 'legacy/inheritance': None}","{'mixed': None, 'neutral': 1.0, 'positive': None, 'negative': None}","{'Civil War & Reconstruction': 1.0, 'Expansion': None, 'Post-Cold War': None, 'The present era': None, 'The Gilded Age': None, 'Progressives & Depression': None, 'The Cold War': None, 'War & New Deal': None, 'The founding': None}",1,3.125,AI-classified; not human-validated
Ulysses S. Grant,James Buchanan,1,1,"{'policy inheritance': None, 'other/unclear': 1.0, 'historical comparison': None, 'ceremonial/biographical': None, 'institutional precedent': None, 'contemporary rivalry': None, 'legacy/inheritance': None}","{'mixed': None, 'neutral': 1.0, 'positive': None, 'negative': None}","{'Civil War & Reconstruction': 1.0, 'Expansion': None, 'Post-Cold War': None, 'The present era': None, 'The Gilded Age': None, 'Progressives & Depression': None, 'The Cold War': None, 'War & New Deal': None, 'The founding': None}",1,3.125,AI-classified; not human-validated
Ulysses S. Grant,James K. Polk,1,1,"{'policy inheritance': None, 'other/unclear': 1.0, 'historical comparison': None, 'ceremonial/biographical': None, 'institutional precedent': None, 'contemporary rivalry': None, 'legacy/inheritance': None}","{'mixed': None, 'neutral': 1.0, 'positive': None, 'negative': None}","{'Civil War & Reconstruction': 1.0, 'Expansion': None, 'Post-Cold War': None, 'The present era': None, 'The Gilded Age': None, 'Progressives & Depression': None, 'The Cold War': None, 'War & New Deal': None, 'The founding': None}",1,3.125,AI-classified; not human-validated
Ulysses S. Grant,James Madison,1,1,"{'policy inheritance': None, 'other/unclear': 1.0, 'historical comparison': None, 'ceremonial/biographical': None, 'institutional precedent': None, 'contemporary rivalry': None, 'legacy/inheritance': None}","{'mixed': None, 'neutral': 1.0, 'positive': None, 'negative': None}","{'Civil War & Reconstruction': 1.0, 'Expansion': None, 'Post-Cold War': None, 'The present era': None, 'The Gilded Age': None, 'Progressives & Depression': None, 'The Cold War': None, 'War & New Deal': None, 'The founding': None}",1,3.125,AI-classified; not human-validated
Ulysses S. Grant,James Monroe,11,5,"{'policy inheritance': 3.0, 'other/unclear': 7.0, 'historical comparison': None, 'ceremonial/biographical': None, 'institutional precedent': 1.0, 'contemporary rivalry': None, 'legacy/inheritance': None}","{'mixed': None, 'neutral': 8.0, 'positive': 2.0, 'negative': 1.0}","{'Civil War & Reconstruction': 11.0, 'Expansion': None, 'Post-Cold War': None, 'The present era': None, 'The Gilded Age': None, 'Progressives & Depression': None, 'The Cold War': None, 'War & New Deal': None, 'The founding': None}",1,34.375,AI-classified; not human-validated
Ulysses S. Grant,John Adams,2,2,"{'policy inheritance': None, 'other/unclear': 2.0, 'historical comparison': None, 'ceremonial/biographical': None, 'institutional precedent': None, 'contemporary rivalry': None, 'legacy/inheritance': None}","{'mixed': None, 'neutral': 2.0, 'positive': None, 'negative': None}","{'Civil War & Reconstruction': 2.0, 'Expansion': None, 'Post-Cold War': None, 'The present era': None, 'The Gilded Age': None, 'Progressives & Depression': None, 'The Cold War': None, 'War & New Deal': None, 'The founding': None}",1,6.25,AI-classified; not human-validated
Ulysses S. Grant,John Quincy Adams,10,5,"{'policy inheritance': 1.0, 'other/unclear': 7.0, 'historical comparison': 1.0, 'ceremonial/biographical': None, 'institutional precedent': 1.0, 'contemporary rivalry': None, 'legacy/inheritance': None}","{'mixed': None, 'neutral': 10.0, 'positive': None, 'negative': None}","{'Civil War & Reconstruction': 10.0, 'Expansion': None, 'Post-Cold War': None, 'The present era': None, 'The Gilded Age': None, 'Progressives & Depression': None, 'The Cold War': None, 'War & New Deal': None, 'The founding': None}",1,31.25,AI-classified; not human-validated
Ulysses S. Grant,John Tyler,1,1,"{'policy inheritance': 1.0, 'other/unclear': None, 'historical comparison': None, 'ceremonial/biographical': None, 'institutional precedent': None, 'contemporary rivalry': None, 'legacy/inheritance': None}","{'mixed': None, 'neutral': 1.0, 'positive': None, 'negative': None}","{'Civil War & Reconstruction': 1.0, 'Expansion': None, 'Post-Cold War': None, 'The present era': None, 'The Gilded Age': None, 'Progressives & Depression': None, 'The Cold War': None, 'War & New Deal': None, 'The founding': None}",1,3.125,AI-classified; not human-validated
Ulysses S. Grant,Martin Van Buren,2,1,"{'policy inheritance': None, 'other/unclear': 2.0, 'historical comparison': None, 'ceremonial/biographical': None, 'institutional precedent': None, 'contemporary rivalry': None, 'legacy/inheritance': None}","{'mixed': None, 'neutral': 2.0, 'positive': None, 'negative': None}","{'Civil War & Reconstruction': 2.0, 'Expansion': None, 'Post-Cold War': None, 'The present era': None, 'The Gilded Age': None, 'Progressives & Depression': None, 'The Cold War': None, 'War & New Deal': None, 'The founding': None}",1,6.25,AI-classified; not human-validated
Ulysses S. Grant,Millard Fillmore,1,1,"{'policy inheritance': None, 'other/unclear': 1.0, 'historical comparison': None, 'ceremonial/biographical': None, 'institutional precedent': None, 'contemporary rivalry': None, 'legacy/inheritance': None}","{'mixed': None, 'neutral': 1.0, 'positive': None, 'negative': None}","{'Civil War & Reconstruction': 1.0, 'Expansion': None, 'Post-Cold War': None, 'The present era': None, 'The Gilded Age': None, 'Progressives & Depression': None, 'The Cold War': None, 'War & New Deal': None, 'The founding': None}",1,3.125,AI-classified; not human-validated
Ulysses S. Grant,Thomas Jefferson,5,3,"{'policy inheritance': 1.0, 'other/unclear': 3.0, 'historical comparison': None, 'ceremonial/biographical': None, 'institutional precedent': 1.0, 'contemporary rivalry': None, 'legacy/inheritance': None}","{'mixed': None, 'neutral': 5.0, 'positive': None, 'negative': None}","{'Civil War & Reconstruction': 5.0, 'Expansion': None, 'Post-Cold War': None, 'The present era': None, 'The Gilded Age': None, 'Progressives & Depression': None, 'The Cold War': None, 'War & New Deal': None, 'The founding': None}",1,15.625,AI-classified; not human-validated
Ulysses S. Grant,Zachary Taylor,1,1,"{'policy inheritance': None, 'other/unclear': 1.0, 'historical comparison': None, 'ceremonial/biographical': None, 'institutional precedent': None, 'contemporary rivalry': None, 'legacy/inheritance': None}","{'mixed': None, 'neutral': 1.0, 'positive': None, 'negative': None}","{'Civil War & Reconstruction': 1.0, 'Expansion': None, 'Post-Cold War': None, 'The present era': None, 'The Gilded Age': None, 'Progressives & Depression': None, 'The Cold War': None, 'War & New Deal': None, 'The founding': None}",1,3.125,AI-classified; not human-validated
William Harrison,James Madison,1,1,"{'policy inheritance': None, 'other/unclear': None, 'historical comparison': None, 'ceremonial/biographical': None, 'institutional precedent': 1.0, 'contemporary rivalry': None, 'legacy/inheritance': None}","{'mixed': None, 'neutral': None, 'positive': 1.0, 'negative': None}","{'Civil War & Reconstruction': None, 'Expansion': 1.0, 'Post-Cold War': None, 'The present era': None, 'The Gilded Age': None, 'Progressives & Depression': None, 'The Cold War': None, 'War & New Deal': None, 'The founding': None}",1,100.0,AI-classified; not human-validated
William Harrison,Thomas Jefferson,4,1,"{'policy inheritance': None, 'other/unclear': 4.0, 'historical comparison': None, 'ceremonial/biographical': None, 'institutional precedent': None, 'contemporary rivalry': None, 'legacy/inheritance': None}","{'mixed': None, 'neutral': 4.0, 'positive': None, 'negative': None}","{'Civil War & Reconstruction': None, 'Expansion': 4.0, 'Post-Cold War': None, 'The present era': None, 'The Gilded Age': None, 'Progressives & Depression': None, 'The Cold War': None, 'War & New Deal': None, 'The founding': None}",1,400.0,AI-classified; not human-validated
William McKinley,Andrew Jackson,4,1,"{'policy inheritance': None, 'other/unclear': 2.0, 'historical comparison': None, 'ceremonial/biographical': None, 'institutional precedent': 2.0, 'contemporary rivalry': None, 'legacy/inheritance': None}","{'mixed': None, 'neutral': 3.0, 'positive': 1.0, 'negative': None}","{'Civil War & Reconstruction': None, 'Expansion': None, 'Post-Cold War': None, 'The present era': None, 'The Gilded Age': 4.0, 'Progressives & Depression': None, 'The Cold War': None, 'War & New Deal': None, 'The founding': None}",1,28.57142857142857,AI-classified; not human-validated
William McKinley,Benjamin Harrison,3,2,"{'policy inheritance': None, 'other/unclear': 2.0, 'historical comparison': None, 'ceremonial/biographical': None, 'institutional precedent': 1.0, 'contemporary rivalry': None, 'legacy/inheritance': None}","{'mixed': None, 'neutral': 3.0, 'positive': None, 'negative': None}","{'Civil War & Reconstruction': None, 'Expansion': None, 'Post-Cold War': None, 'The present era': None, 'The Gilded Age': 3.0, 'Progressives & Depression': None, 'The Cold War': None, 'War & New Deal': None, 'The founding': None}",1,21.428571428571427,AI-classified; not human-validated
William McKinley,Grover Cleveland,4,2,"{'policy inheritance': 1.0, 'other/unclear': 3.0, 'historical comparison': None, 'ceremonial/biographical': None, 'institutional precedent': None, 'contemporary rivalry': None, 'legacy/inheritance': None}","{'mixed': None, 'neutral': 3.0, 'positive': None, 'negative': 1.0}","{'Civil War & Reconstruction': None, 'Expansion': None, 'Post-Cold War': None, 'The present era': None, 'The Gilded Age': 4.0, 'Progressives & Depression': None, 'The Cold War': None, 'War & New Deal': None, 'The founding': None}",1,28.57142857142857,AI-classified; not human-validated
William McKinley,James Monroe,1,1,"{'policy inheritance': None, 'other/unclear': 1.0, 'historical comparison': None, 'ceremonial/biographical': None, 'institutional precedent': None, 'contemporary rivalry': None, 'legacy/inheritance': None}","{'mixed': None, 'neutral': None, 'positive': 1.0, 'negative': None}","{'Civil War & Reconstruction': None, 'Expansion': None, 'Post-Cold War': None, 'The present era': None, 'The Gilded Age': 1.0, 'Progressives & Depression': None, 'The Cold War': None, 'War & New Deal': None, 'The founding': None}",1,7.142857142857142,AI-classified; not human-validated
William McKinley,Martin Van Buren,1,1,"{'policy inheritance': None, 'other/unclear': 1.0, 'historical comparison': None, 'ceremonial/biographical': None, 'institutional precedent': None, 'contemporary rivalry': None, 'legacy/inheritance': None}","{'mixed': None, 'neutral': 1.0, 'positive': None, 'negative': None}","{'Civil War & Reconstruction': None, 'Expansion': None, 'Post-Cold War': None, 'The present era': None, 'The Gilded Age': 1.0, 'Progressives & Depression': None, 'The Cold War': None, 'War & New Deal': None, 'The founding': None}",1,7.142857142857142,AI-classified; not human-validated
William McKinley,Thomas Jefferson,1,1,"{'policy inheritance': None, 'other/unclear': 1.0, 'historical comparison': None, 'ceremonial/biographical': None, 'institutional precedent': None, 'contemporary rivalry': None, 'legacy/inheritance': None}","{'mixed': None, 'neutral': 1.0, 'positive': None, 'negative': None}","{'Civil War & Reconstruction': None, 'Expansion': None, 'Post-Cold War': None, 'The present era': None, 'The Gilded Age': 1.0, 'Progressives & Depression': None, 'The Cold War': None, 'War & New Deal': None, 'The founding': None}",1,7.142857142857142,AI-classified; not human-validated
William McKinley,Ulysses S. Grant,3,2,"{'policy inheritance': 1.0, 'other/unclear': 2.0, 'historical comparison': None, 'ceremonial/biographical': None, 'institutional precedent': None, 'contemporary rivalry': None, 'legacy/inheritance': None}","{'mixed': None, 'neutral': 3.0, 'positive': None, 'negative': None}","{'Civil War & Reconstruction': None, 'Expansion': None, 'Post-Cold War': None, 'The present era': None, 'The Gilded Age': 3.0, 'Progressives & Depression': None, 'The Cold War': None, 'War & New Deal': None, 'The founding': None}",1,21.428571428571427,AI-classified; not human-validated
William Taft,Abraham Lincoln,2,1,"{'policy inheritance': None, 'other/unclear': 2.0, 'historical comparison': None, 'ceremonial/biographical': None, 'institutional precedent': None, 'contemporary rivalry': None, 'legacy/inheritance': None}","{'mixed': None, 'neutral': 2.0, 'positive': None, 'negative': None}","{'Civil War & Reconstruction': None, 'Expansion': None, 'Post-Cold War': None, 'The present era': None, 'The Gilded Age': None, 'Progressives & Depression': 2.0, 'The Cold War': None, 'War & New Deal': None, 'The founding': None}",1,16.666666666666664,AI-classified; not human-validated
William Taft,Chester A. Arthur,1,1,"{'policy inheritance': None, 'other/unclear': 1.0, 'historical comparison': None, 'ceremonial/biographical': None, 'institutional precedent': None, 'contemporary rivalry': None, 'legacy/inheritance': None}","{'mixed': None, 'neutral': 1.0, 'positive': None, 'negative': None}","{'Civil War & Reconstruction': None, 'Expansion': None, 'Post-Cold War': None, 'The present era': None, 'The Gilded Age': None, 'Progressives & Depression': 1.0, 'The Cold War': None, 'War & New Deal': None, 'The founding': None}",1,8.333333333333332,AI-classified; not human-validated
William Taft,George Washington,1,1,"{'policy inheritance': None, 'other/unclear': None, 'historical comparison': 1.0, 'ceremonial/biographical': None, 'institutional precedent': None, 'contemporary rivalry': None, 'legacy/inheritance': None}","{'mixed': None, 'neutral': 1.0, 'positive': None, 'negative': None}","{'Civil War & Reconstruction': None, 'Expansion': None, 'Post-Cold War': None, 'The present era': None, 'The Gilded Age': None, 'Progressives & Depression': 1.0, 'The Cold War': None, 'War & New Deal': None, 'The founding': None}",1,8.333333333333332,AI-classified; not human-validated
William Taft,Grover Cleveland,1,1,"{'policy inheritance': None, 'other/unclear': 1.0, 'historical comparison': None, 'ceremonial/biographical': None, 'institutional precedent': None, 'contemporary rivalry': None, 'legacy/inheritance': None}","{'mixed': None, 'neutral': 1.0, 'positive': None, 'negative': None}","{'Civil War & Reconstruction': None, 'Expansion': None, 'Post-Cold War': None, 'The present era': None, 'The Gilded Age': None, 'Progressives & Depression': 1.0, 'The Cold War': None, 'War & New Deal': None, 'The founding': None}",1,8.333333333333332,AI-classified; not human-validated
William Taft,James Monroe,3,3,"{'policy inheritance': 2.0, 'other/unclear': 1.0, 'historical comparison': None, 'ceremonial/biographical': None, 'institutional precedent': None, 'contemporary rivalry': None, 'legacy/inheritance': None}","{'mixed': None, 'neutral': 2.0, 'positive': 1.0, 'negative': None}","{'Civil War & Reconstruction': None, 'Expansion': None, 'Post-Cold War': None, 'The present era': None, 'The Gilded Age': None, 'Progressives & Depression': 3.0, 'The Cold War': None, 'War & New Deal': None, 'The founding': None}",1,25.0,AI-classified; not human-validated
William Taft,Theodore Roosevelt,2,2,"{'policy inheritance': None, 'other/unclear': 2.0, 'historical comparison': None, 'ceremonial/biographical': None, 'institutional precedent': None, 'contemporary rivalry': None, 'legacy/inheritance': None}","{'mixed': None, 'neutral': 2.0, 'positive': None, 'negative': None}","{'Civil War & Reconstruction': None, 'Expansion': None, 'Post-Cold War': None, 'The present era': None, 'The Gilded Age': None, 'Progressives & Depression': 2.0, 'The Cold War': None, 'War & New Deal': None, 'The founding': None}",1,16.666666666666664,AI-classified; not human-validated
William Taft,Ulysses S. Grant,1,1,"{'policy inheritance': 1.0, 'other/unclear': None, 'historical comparison': None, 'ceremonial/biographical': None, 'institutional precedent': None, 'contemporary rivalry': None, 'legacy/inheritance': None}","{'mixed': None, 'neutral': 1.0, 'positive': None, 'negative': None}","{'Civil War & Reconstruction': None, 'Expansion': None, 'Post-Cold War': None, 'The present era': None, 'The Gilded Age': None, 'Progressives & Depression': 1.0, 'The Cold War': None, 'War & New Deal': None, 'The founding': None}",1,8.333333333333332,AI-classified; not human-validated
William Taft,Woodrow Wilson,1,1,"{'policy inheritance': None, 'other/unclear': 1.0, 'historical comparison': None, 'ceremonial/biographical': None, 'institutional precedent': None, 'contemporary rivalry': None, 'legacy/inheritance': None}","{'mixed': None, 'neutral': 1.0, 'positive': None, 'negative': None}","{'Civil War & Reconstruction': None, 'Expansion': None, 'Post-Cold War': None, 'The present era': None, 'The Gilded Age': None, 'Progressives & Depression': 1.0, 'The Cold War': None, 'War & New Deal': None, 'The founding': None}",1,8.333333333333332,AI-classified; not human-validated
Woodrow Wilson,Abraham Lincoln,1,1,"{'policy inheritance': None, 'other/unclear': None, 'historical comparison': None, 'ceremonial/biographical': None, 'institutional precedent': 1.0, 'contemporary rivalry': None, 'legacy/inheritance': None}","{'mixed': None, 'neutral': None, 'positive': 1.0, 'negative': None}","{'Civil War & Reconstruction': None, 'Expansion': None, 'Post-Cold War': None, 'The present era': None, 'The Gilded Age': None, 'Progressives & Depression': 1.0, 'The Cold War': None, 'War & New Deal': None, 'The founding': None}",1,3.0303030303030303,AI-classified; not human-validated
Woodrow Wilson,George Washington,1,1,"{'policy inheritance': None, 'other/unclear': 1.0, 'historical comparison': None, 'ceremonial/biographical': None, 'institutional precedent': None, 'contemporary rivalry': None, 'legacy/inheritance': None}","{'mixed': None, 'neutral': 1.0, 'positive': None, 'negative': None}","{'Civil War & Reconstruction': None, 'Expansion': None, 'Post-Cold War': None, 'The present era': None, 'The Gilded Age': None, 'Progressives & Depression': 1.0, 'The Cold War': None, 'War & New Deal': None, 'The founding': None}",1,3.0303030303030303,AI-classified; not human-validated
Woodrow Wilson,James Monroe,2,2,"{'policy inheritance': None, 'other/unclear': 1.0, 'historical comparison': None, 'ceremonial/biographical': 1.0, 'institutional precedent': None, 'contemporary rivalry': None, 'legacy/inheritance': None}","{'mixed': None, 'neutral': 1.0, 'positive': 1.0, 'negative': None}","{'Civil War & Reconstruction': None, 'Expansion': None, 'Post-Cold War': None, 'The present era': None, 'The Gilded Age': None, 'Progressives & Depression': 2.0, 'The Cold War': None, 'War & New Deal': None, 'The founding': None}",1,6.0606060606060606,AI-classified; not human-validated
Zachary Taylor,Andrew Jackson,1,1,"{'policy inheritance': 1.0, 'other/unclear': None, 'historical comparison': None, 'ceremonial/biographical': None, 'institutional precedent': None, 'contemporary rivalry': None, 'legacy/inheritance': None}","{'mixed': None, 'neutral': None, 'positive': 1.0, 'negative': None}","{'Civil War & Reconstruction': 1.0, 'Expansion': None, 'Post-Cold War': None, 'The present era': None, 'The Gilded Age': None, 'Progressives & Depression': None, 'The Cold War': None, 'War & New Deal': None, 'The founding': None}",1,25.0,AI-classified; not human-validated
Zachary Taylor,James K. Polk,1,1,"{'policy inheritance': 1.0, 'other/unclear': None, 'historical comparison': None, 'ceremonial/biographical': None, 'institutional precedent': None, 'contemporary rivalry': None, 'legacy/inheritance': None}","{'mixed': None, 'neutral': None, 'positive': 1.0, 'negative': None}","{'Civil War & Reconstruction': 1.0, 'Expansion': None, 'Post-Cold War': None, 'The present era': None, 'The Gilded Age': None, 'Progressives & Depression': None, 'The Cold War': None, 'War & New Deal': None, 'The founding': None}",1,25.0,AI-classified; not human-validated
