selection_order,series_id,series_label,series_kind,instrument,query,grouping_active,family_label,family_form_count,family_forms,period_kind,period,period_order,period_start,period_end,x,display_value,display_unit,numerator_count,denominator_count,denominator_unit,point,lo_sampling,hi_sampling,lo,hi,n_paragraphs,n_speeches,n_paired_paragraphs,ci_status,interval_unresolvable,disagreement_band_applied,disagreement_half_width,ci_components,disagreement_status,agreement_source,value_status,source_scope
1,corex:Economy & jobs,Economy & jobs,corex,Deterministic CorEx issue model,Economy & jobs,,,,,year5,1785,1785,1785,1789,1785.0,14.285714285714285,percent of eligible paragraphs,,14,eligible paragraphs,0.14285714285714285,0.09090909090909091,0.3333333333333333,0.09090909090909091,0.3333333333333333,14,2,,low_cluster_caution,false,false,,sampling_only,not_applicable_no_annotator_in_pipeline,n/a: CorEx labels have no annotator,observed,Complete source-document paragraph corpus; CorEx labels
1,corex:Economy & jobs,Economy & jobs,corex,Deterministic CorEx issue model,Economy & jobs,,,,,year5,1790,1790,1790,1794,1790.0,11.627906976744185,percent of eligible paragraphs,,129,eligible paragraphs,0.11627906976744186,0.07604468016714883,0.15217391304347827,0.07604468016714883,0.15217391304347827,129,13,,ok,false,false,,sampling_only,not_applicable_no_annotator_in_pipeline,n/a: CorEx labels have no annotator,observed,Complete source-document paragraph corpus; CorEx labels
1,corex:Economy & jobs,Economy & jobs,corex,Deterministic CorEx issue model,Economy & jobs,,,,,year5,1795,1795,1795,1799,1795.0,14.150943396226415,percent of eligible paragraphs,,212,eligible paragraphs,0.14150943396226415,0.10458815325293297,0.18244206773618535,0.10458815325293297,0.18244206773618535,212,13,,ok,false,false,,sampling_only,not_applicable_no_annotator_in_pipeline,n/a: CorEx labels have no annotator,observed,Complete source-document paragraph corpus; CorEx labels
1,corex:Economy & jobs,Economy & jobs,corex,Deterministic CorEx issue model,Economy & jobs,,,,,year5,1800,1800,1800,1804,1800.0,16.025641025641026,percent of eligible paragraphs,,156,eligible paragraphs,0.16025641025641027,0.0877450980392157,0.23790983606557375,0.0877450980392157,0.23790983606557375,156,13,,ok,false,false,,sampling_only,not_applicable_no_annotator_in_pipeline,n/a: CorEx labels have no annotator,observed,Complete source-document paragraph corpus; CorEx labels
1,corex:Economy & jobs,Economy & jobs,corex,Deterministic CorEx issue model,Economy & jobs,,,,,year5,1805,1805,1805,1809,1805.0,8.205128205128204,percent of eligible paragraphs,,195,eligible paragraphs,0.08205128205128205,0.044812001757579566,0.12422889610389606,0.044812001757579566,0.12422889610389606,195,15,,ok,false,false,,sampling_only,not_applicable_no_annotator_in_pipeline,n/a: CorEx labels have no annotator,observed,Complete source-document paragraph corpus; CorEx labels
1,corex:Economy & jobs,Economy & jobs,corex,Deterministic CorEx issue model,Economy & jobs,,,,,year5,1810,1810,1810,1814,1810.0,7.142857142857142,percent of eligible paragraphs,,182,eligible paragraphs,0.07142857142857142,0.041634317571753045,0.10573161189358371,0.041634317571753045,0.10573161189358371,182,14,,ok,false,false,,sampling_only,not_applicable_no_annotator_in_pipeline,n/a: CorEx labels have no annotator,observed,Complete source-document paragraph corpus; CorEx labels
1,corex:Economy & jobs,Economy & jobs,corex,Deterministic CorEx issue model,Economy & jobs,,,,,year5,1815,1815,1815,1819,1815.0,12.31527093596059,percent of eligible paragraphs,,203,eligible paragraphs,0.12315270935960591,0.06159557781825541,0.20486260540854898,0.06159557781825541,0.20486260540854898,203,9,,ok,false,false,,sampling_only,not_applicable_no_annotator_in_pipeline,n/a: CorEx labels have no annotator,observed,Complete source-document paragraph corpus; CorEx labels
1,corex:Economy & jobs,Economy & jobs,corex,Deterministic CorEx issue model,Economy & jobs,,,,,year5,1820,1820,1820,1824,1820.0,7.2202166064981945,percent of eligible paragraphs,,277,eligible paragraphs,0.07220216606498195,0.048285075787019044,0.10780688238315354,0.048285075787019044,0.10780688238315354,277,7,,low_cluster_caution,false,false,,sampling_only,not_applicable_no_annotator_in_pipeline,n/a: CorEx labels have no annotator,observed,Complete source-document paragraph corpus; CorEx labels
1,corex:Economy & jobs,Economy & jobs,corex,Deterministic CorEx issue model,Economy & jobs,,,,,year5,1825,1825,1825,1829,1825.0,8.967391304347826,percent of eligible paragraphs,,368,eligible paragraphs,0.08967391304347826,0.05897375079063884,0.11227354578194915,0.05897375079063884,0.11227354578194915,368,10,,ok,false,false,,sampling_only,not_applicable_no_annotator_in_pipeline,n/a: CorEx labels have no annotator,observed,Complete source-document paragraph corpus; CorEx labels
1,corex:Economy & jobs,Economy & jobs,corex,Deterministic CorEx issue model,Economy & jobs,,,,,year5,1830,1830,1830,1834,1830.0,9.45273631840796,percent of eligible paragraphs,,804,eligible paragraphs,0.0945273631840796,0.06430121316268692,0.1263023872679045,0.06430121316268692,0.1263023872679045,804,19,,ok,false,false,,sampling_only,not_applicable_no_annotator_in_pipeline,n/a: CorEx labels have no annotator,observed,Complete source-document paragraph corpus; CorEx labels
1,corex:Economy & jobs,Economy & jobs,corex,Deterministic CorEx issue model,Economy & jobs,,,,,year5,1835,1835,1835,1839,1835.0,18.818040435458787,percent of eligible paragraphs,,643,eligible paragraphs,0.18818040435458788,0.14041000071741158,0.24091909315031979,0.14041000071741158,0.24091909315031979,643,12,,ok,false,false,,sampling_only,not_applicable_no_annotator_in_pipeline,n/a: CorEx labels have no annotator,observed,Complete source-document paragraph corpus; CorEx labels
1,corex:Economy & jobs,Economy & jobs,corex,Deterministic CorEx issue model,Economy & jobs,,,,,year5,1840,1840,1840,1844,1840.0,11.077389984825494,percent of eligible paragraphs,,659,eligible paragraphs,0.11077389984825493,0.07514122533748702,0.1420415839643216,0.07514122533748702,0.1420415839643216,659,20,,ok,false,false,,sampling_only,not_applicable_no_annotator_in_pipeline,n/a: CorEx labels have no annotator,observed,Complete source-document paragraph corpus; CorEx labels
1,corex:Economy & jobs,Economy & jobs,corex,Deterministic CorEx issue model,Economy & jobs,,,,,year5,1845,1845,1845,1849,1845.0,9.457755359394703,percent of eligible paragraphs,,793,eligible paragraphs,0.09457755359394704,0.0575799015394233,0.12110293944322655,0.0575799015394233,0.12110293944322655,793,28,,ok,false,false,,sampling_only,not_applicable_no_annotator_in_pipeline,n/a: CorEx labels have no annotator,observed,Complete source-document paragraph corpus; CorEx labels
1,corex:Economy & jobs,Economy & jobs,corex,Deterministic CorEx issue model,Economy & jobs,,,,,year5,1850,1850,1850,1854,1850.0,8.4070796460177,percent of eligible paragraphs,,904,eligible paragraphs,0.084070796460177,0.048795245234525594,0.14211980026735865,0.048795245234525594,0.14211980026735865,904,21,,ok,false,false,,sampling_only,not_applicable_no_annotator_in_pipeline,n/a: CorEx labels have no annotator,observed,Complete source-document paragraph corpus; CorEx labels
1,corex:Economy & jobs,Economy & jobs,corex,Deterministic CorEx issue model,Economy & jobs,,,,,year5,1855,1855,1855,1859,1855.0,7.547169811320755,percent of eligible paragraphs,,689,eligible paragraphs,0.07547169811320754,0.04572646377028341,0.09473084690142623,0.04572646377028341,0.09473084690142623,689,13,,ok,false,false,,sampling_only,not_applicable_no_annotator_in_pipeline,n/a: CorEx labels have no annotator,observed,Complete source-document paragraph corpus; CorEx labels
1,corex:Economy & jobs,Economy & jobs,corex,Deterministic CorEx issue model,Economy & jobs,,,,,year5,1860,1860,1860,1864,1860.0,4.354587869362364,percent of eligible paragraphs,,643,eligible paragraphs,0.04354587869362364,0.018017318910276428,0.07060912834591625,0.018017318910276428,0.07060912834591625,643,18,,ok,false,false,,sampling_only,not_applicable_no_annotator_in_pipeline,n/a: CorEx labels have no annotator,observed,Complete source-document paragraph corpus; CorEx labels
1,corex:Economy & jobs,Economy & jobs,corex,Deterministic CorEx issue model,Economy & jobs,,,,,year5,1865,1865,1865,1869,1865.0,9.001233045622687,percent of eligible paragraphs,,811,eligible paragraphs,0.09001233045622688,0.055164001739046425,0.11355980012894906,0.055164001739046425,0.11355980012894906,811,37,,ok,false,false,,sampling_only,not_applicable_no_annotator_in_pipeline,n/a: CorEx labels have no annotator,observed,Complete source-document paragraph corpus; CorEx labels
1,corex:Economy & jobs,Economy & jobs,corex,Deterministic CorEx issue model,Economy & jobs,,,,,year5,1870,1870,1870,1874,1870.0,13.663366336633665,percent of eligible paragraphs,,505,eligible paragraphs,0.13663366336633664,0.06764079384871155,0.18126377979881494,0.06764079384871155,0.18126377979881494,505,19,,ok,false,false,,sampling_only,not_applicable_no_annotator_in_pipeline,n/a: CorEx labels have no annotator,observed,Complete source-document paragraph corpus; CorEx labels
1,corex:Economy & jobs,Economy & jobs,corex,Deterministic CorEx issue model,Economy & jobs,,,,,year5,1875,1875,1875,1879,1875.0,10.18363939899833,percent of eligible paragraphs,,599,eligible paragraphs,0.1018363939899833,0.06036971326897906,0.12825856999426274,0.06036971326897906,0.12825856999426274,599,20,,ok,false,false,,sampling_only,not_applicable_no_annotator_in_pipeline,n/a: CorEx labels have no annotator,observed,Complete source-document paragraph corpus; CorEx labels
1,corex:Economy & jobs,Economy & jobs,corex,Deterministic CorEx issue model,Economy & jobs,,,,,year5,1880,1880,1880,1884,1880.0,9.90566037735849,percent of eligible paragraphs,,636,eligible paragraphs,0.09905660377358491,0.06467151007309681,0.1365079146971529,0.06467151007309681,0.1365079146971529,636,16,,ok,false,false,,sampling_only,not_applicable_no_annotator_in_pipeline,n/a: CorEx labels have no annotator,observed,Complete source-document paragraph corpus; CorEx labels
1,corex:Economy & jobs,Economy & jobs,corex,Deterministic CorEx issue model,Economy & jobs,,,,,year5,1885,1885,1885,1889,1885.0,13.784461152882205,percent of eligible paragraphs,,798,eligible paragraphs,0.13784461152882205,0.09496334809838243,0.181368449633451,0.09496334809838243,0.181368449633451,798,18,,ok,false,false,,sampling_only,not_applicable_no_annotator_in_pipeline,n/a: CorEx labels have no annotator,observed,Complete source-document paragraph corpus; CorEx labels
1,corex:Economy & jobs,Economy & jobs,corex,Deterministic CorEx issue model,Economy & jobs,,,,,year5,1890,1890,1890,1894,1890.0,15.402843601895736,percent of eligible paragraphs,,844,eligible paragraphs,0.15402843601895735,0.10796899841017489,0.2055797603811149,0.10796899841017489,0.2055797603811149,844,20,,ok,false,false,,sampling_only,not_applicable_no_annotator_in_pipeline,n/a: CorEx labels have no annotator,observed,Complete source-document paragraph corpus; CorEx labels
1,corex:Economy & jobs,Economy & jobs,corex,Deterministic CorEx issue model,Economy & jobs,,,,,year5,1895,1895,1895,1899,1895.0,11.36094674556213,percent of eligible paragraphs,,845,eligible paragraphs,0.1136094674556213,0.07695697159982874,0.15753380702986564,0.07695697159982874,0.15753380702986564,845,20,,ok,false,false,,sampling_only,not_applicable_no_annotator_in_pipeline,n/a: CorEx labels have no annotator,observed,Complete source-document paragraph corpus; CorEx labels
1,corex:Economy & jobs,Economy & jobs,corex,Deterministic CorEx issue model,Economy & jobs,,,,,year5,1900,1900,1900,1904,1900.0,17.46987951807229,percent of eligible paragraphs,,830,eligible paragraphs,0.1746987951807229,0.12242138364779874,0.23708426468321253,0.12242138364779874,0.23708426468321253,830,15,,ok,false,false,,sampling_only,not_applicable_no_annotator_in_pipeline,n/a: CorEx labels have no annotator,observed,Complete source-document paragraph corpus; CorEx labels
1,corex:Economy & jobs,Economy & jobs,corex,Deterministic CorEx issue model,Economy & jobs,,,,,year5,1905,1905,1905,1909,1905.0,20.13888888888889,percent of eligible paragraphs,,1152,eligible paragraphs,0.2013888888888889,0.16024807623478884,0.23556849150577938,0.16024807623478884,0.23556849150577938,1152,16,,ok,false,false,,sampling_only,not_applicable_no_annotator_in_pipeline,n/a: CorEx labels have no annotator,observed,Complete source-document paragraph corpus; CorEx labels
1,corex:Economy & jobs,Economy & jobs,corex,Deterministic CorEx issue model,Economy & jobs,,,,,year5,1910,1910,1910,1914,1910.0,22.103004291845494,percent of eligible paragraphs,,932,eligible paragraphs,0.22103004291845493,0.17626703223662346,0.3037220026350461,0.17626703223662346,0.3037220026350461,932,20,,ok,false,false,,sampling_only,not_applicable_no_annotator_in_pipeline,n/a: CorEx labels have no annotator,observed,Complete source-document paragraph corpus; CorEx labels
1,corex:Economy & jobs,Economy & jobs,corex,Deterministic CorEx issue model,Economy & jobs,,,,,year5,1915,1915,1915,1919,1915.0,16.268980477223426,percent of eligible paragraphs,,461,eligible paragraphs,0.16268980477223427,0.06312741445916116,0.25052813772533733,0.06312741445916116,0.25052813772533733,461,21,,ok,false,false,,sampling_only,not_applicable_no_annotator_in_pipeline,n/a: CorEx labels have no annotator,observed,Complete source-document paragraph corpus; CorEx labels
1,corex:Economy & jobs,Economy & jobs,corex,Deterministic CorEx issue model,Economy & jobs,,,,,year5,1920,1920,1920,1924,1920.0,19.498607242339833,percent of eligible paragraphs,,359,eligible paragraphs,0.19498607242339833,0.14451062147566907,0.23503086419753083,0.14451062147566907,0.23503086419753083,359,19,,ok,false,false,,sampling_only,not_applicable_no_annotator_in_pipeline,n/a: CorEx labels have no annotator,observed,Complete source-document paragraph corpus; CorEx labels
1,corex:Economy & jobs,Economy & jobs,corex,Deterministic CorEx issue model,Economy & jobs,,,,,year5,1925,1925,1925,1929,1925.0,25.904486251808972,percent of eligible paragraphs,,691,eligible paragraphs,0.2590448625180897,0.18766938426029334,0.33567244200315544,0.18766938426029334,0.33567244200315544,691,20,,ok,false,false,,sampling_only,not_applicable_no_annotator_in_pipeline,n/a: CorEx labels have no annotator,observed,Complete source-document paragraph corpus; CorEx labels
1,corex:Economy & jobs,Economy & jobs,corex,Deterministic CorEx issue model,Economy & jobs,,,,,year5,1930,1930,1930,1934,1930.0,40.22257551669316,percent of eligible paragraphs,,629,eligible paragraphs,0.40222575516693165,0.3348056752978896,0.4751088138385502,0.3348056752978896,0.4751088138385502,629,27,,ok,false,false,,sampling_only,not_applicable_no_annotator_in_pipeline,n/a: CorEx labels have no annotator,observed,Complete source-document paragraph corpus; CorEx labels
1,corex:Economy & jobs,Economy & jobs,corex,Deterministic CorEx issue model,Economy & jobs,,,,,year5,1935,1935,1935,1939,1935.0,35.63636363636364,percent of eligible paragraphs,,275,eligible paragraphs,0.3563636363636364,0.22950378722671716,0.46614754098360656,0.22950378722671716,0.46614754098360656,275,13,,ok,false,false,,sampling_only,not_applicable_no_annotator_in_pipeline,n/a: CorEx labels have no annotator,observed,Complete source-document paragraph corpus; CorEx labels
1,corex:Economy & jobs,Economy & jobs,corex,Deterministic CorEx issue model,Economy & jobs,,,,,year5,1940,1940,1940,1944,1940.0,14.759535655058043,percent of eligible paragraphs,,603,eligible paragraphs,0.14759535655058043,0.1021276642094073,0.1979793201036552,0.1021276642094073,0.1979793201036552,603,26,,ok,false,false,,sampling_only,not_applicable_no_annotator_in_pipeline,n/a: CorEx labels have no annotator,observed,Complete source-document paragraph corpus; CorEx labels
1,corex:Economy & jobs,Economy & jobs,corex,Deterministic CorEx issue model,Economy & jobs,,,,,year5,1945,1945,1945,1949,1945.0,13.284132841328415,percent of eligible paragraphs,,271,eligible paragraphs,0.13284132841328414,0.07607417131604857,0.22022342064714945,0.07607417131604857,0.22022342064714945,271,17,,ok,false,false,,sampling_only,not_applicable_no_annotator_in_pipeline,n/a: CorEx labels have no annotator,observed,Complete source-document paragraph corpus; CorEx labels
1,corex:Economy & jobs,Economy & jobs,corex,Deterministic CorEx issue model,Economy & jobs,,,,,year5,1950,1950,1950,1954,1950.0,14.697406340057636,percent of eligible paragraphs,,347,eligible paragraphs,0.14697406340057637,0.07491071428571429,0.19246713852376138,0.07491071428571429,0.19246713852376138,347,11,,ok,false,false,,sampling_only,not_applicable_no_annotator_in_pipeline,n/a: CorEx labels have no annotator,observed,Complete source-document paragraph corpus; CorEx labels
1,corex:Economy & jobs,Economy & jobs,corex,Deterministic CorEx issue model,Economy & jobs,,,,,year5,1955,1955,1955,1959,1955.0,23.325062034739457,percent of eligible paragraphs,,403,eligible paragraphs,0.23325062034739455,0.1546652982217306,0.2855690953007783,0.1546652982217306,0.2855690953007783,403,8,,ok,false,false,,sampling_only,not_applicable_no_annotator_in_pipeline,n/a: CorEx labels have no annotator,observed,Complete source-document paragraph corpus; CorEx labels
1,corex:Economy & jobs,Economy & jobs,corex,Deterministic CorEx issue model,Economy & jobs,,,,,year5,1960,1960,1960,1964,1960.0,10.424187725631768,percent of eligible paragraphs,,2216,eligible paragraphs,0.10424187725631769,0.07621503921905416,0.13101303257829625,0.07621503921905416,0.13101303257829625,2216,67,,ok,false,false,,sampling_only,not_applicable_no_annotator_in_pipeline,n/a: CorEx labels have no annotator,observed,Complete source-document paragraph corpus; CorEx labels
1,corex:Economy & jobs,Economy & jobs,corex,Deterministic CorEx issue model,Economy & jobs,,,,,year5,1965,1965,1965,1969,1965.0,8.316929133858268,percent of eligible paragraphs,,2032,eligible paragraphs,0.08316929133858268,0.05880685533292991,0.10630834578043313,0.05880685533292991,0.10630834578043313,2032,53,,ok,false,false,,sampling_only,not_applicable_no_annotator_in_pipeline,n/a: CorEx labels have no annotator,observed,Complete source-document paragraph corpus; CorEx labels
1,corex:Economy & jobs,Economy & jobs,corex,Deterministic CorEx issue model,Economy & jobs,,,,,year5,1970,1970,1970,1974,1970.0,10.841121495327103,percent of eligible paragraphs,,535,eligible paragraphs,0.10841121495327102,0.06571757719485978,0.15397150422035563,0.06571757719485978,0.15397150422035563,535,25,,ok,false,false,,sampling_only,not_applicable_no_annotator_in_pipeline,n/a: CorEx labels have no annotator,observed,Complete source-document paragraph corpus; CorEx labels
1,corex:Economy & jobs,Economy & jobs,corex,Deterministic CorEx issue model,Economy & jobs,,,,,year5,1975,1975,1975,1979,1975.0,20.508166969147005,percent of eligible paragraphs,,1102,eligible paragraphs,0.20508166969147004,0.1541500862899455,0.2610261847685783,0.1541500862899455,0.2610261847685783,1102,27,,ok,false,false,,sampling_only,not_applicable_no_annotator_in_pipeline,n/a: CorEx labels have no annotator,observed,Complete source-document paragraph corpus; CorEx labels
1,corex:Economy & jobs,Economy & jobs,corex,Deterministic CorEx issue model,Economy & jobs,,,,,year5,1980,1980,1980,1984,1980.0,16.021441334127456,percent of eligible paragraphs,,1679,eligible paragraphs,0.16021441334127456,0.12086083387970181,0.19942819886749774,0.12086083387970181,0.19942819886749774,1679,41,,ok,false,false,,sampling_only,not_applicable_no_annotator_in_pipeline,n/a: CorEx labels have no annotator,observed,Complete source-document paragraph corpus; CorEx labels
1,corex:Economy & jobs,Economy & jobs,corex,Deterministic CorEx issue model,Economy & jobs,,,,,year5,1985,1985,1985,1989,1985.0,14.454976303317535,percent of eligible paragraphs,,844,eligible paragraphs,0.14454976303317535,0.0979999923408036,0.19990062761506278,0.0979999923408036,0.19990062761506278,844,28,,ok,false,false,,sampling_only,not_applicable_no_annotator_in_pipeline,n/a: CorEx labels have no annotator,observed,Complete source-document paragraph corpus; CorEx labels
1,corex:Economy & jobs,Economy & jobs,corex,Deterministic CorEx issue model,Economy & jobs,,,,,year5,1990,1990,1990,1994,1990.0,21.083743842364534,percent of eligible paragraphs,,1015,eligible paragraphs,0.21083743842364533,0.16006618173261666,0.2692765594179401,0.16006618173261666,0.2692765594179401,1015,32,,ok,false,false,,sampling_only,not_applicable_no_annotator_in_pipeline,n/a: CorEx labels have no annotator,observed,Complete source-document paragraph corpus; CorEx labels
1,corex:Economy & jobs,Economy & jobs,corex,Deterministic CorEx issue model,Economy & jobs,,,,,year5,1995,1995,1995,1999,1995.0,25.179856115107913,percent of eligible paragraphs,,834,eligible paragraphs,0.2517985611510791,0.19926833738472816,0.30293094744177035,0.19926833738472816,0.30293094744177035,834,22,,ok,false,false,,sampling_only,not_applicable_no_annotator_in_pipeline,n/a: CorEx labels have no annotator,observed,Complete source-document paragraph corpus; CorEx labels
1,corex:Economy & jobs,Economy & jobs,corex,Deterministic CorEx issue model,Economy & jobs,,,,,year5,2000,2000,2000,2004,2000.0,16.930379746835442,percent of eligible paragraphs,,632,eligible paragraphs,0.16930379746835442,0.10139350526687671,0.23253216859310438,0.10139350526687671,0.23253216859310438,632,23,,ok,false,false,,sampling_only,not_applicable_no_annotator_in_pipeline,n/a: CorEx labels have no annotator,observed,Complete source-document paragraph corpus; CorEx labels
1,corex:Economy & jobs,Economy & jobs,corex,Deterministic CorEx issue model,Economy & jobs,,,,,year5,2005,2005,2005,2009,2005.0,23.90300230946882,percent of eligible paragraphs,,866,eligible paragraphs,0.2390300230946882,0.17484959839032907,0.3163828626583759,0.17484959839032907,0.3163828626583759,866,28,,ok,false,false,,sampling_only,not_applicable_no_annotator_in_pipeline,n/a: CorEx labels have no annotator,observed,Complete source-document paragraph corpus; CorEx labels
1,corex:Economy & jobs,Economy & jobs,corex,Deterministic CorEx issue model,Economy & jobs,,,,,year5,2010,2010,2010,2014,2010.0,35.203252032520325,percent of eligible paragraphs,,1230,eligible paragraphs,0.35203252032520327,0.287083767301012,0.4111413104524181,0.287083767301012,0.4111413104524181,1230,33,,ok,false,false,,sampling_only,not_applicable_no_annotator_in_pipeline,n/a: CorEx labels have no annotator,observed,Complete source-document paragraph corpus; CorEx labels
1,corex:Economy & jobs,Economy & jobs,corex,Deterministic CorEx issue model,Economy & jobs,,,,,year5,2015,2015,2015,2019,2015.0,19.828926905132192,percent of eligible paragraphs,,1286,eligible paragraphs,0.19828926905132194,0.15132336772598579,0.24783493847378937,0.15132336772598579,0.24783493847378937,1286,27,,ok,false,false,,sampling_only,not_applicable_no_annotator_in_pipeline,n/a: CorEx labels have no annotator,observed,Complete source-document paragraph corpus; CorEx labels
1,corex:Economy & jobs,Economy & jobs,corex,Deterministic CorEx issue model,Economy & jobs,,,,,year5,2020,2020,2020,2024,2020.0,14.52249408050513,percent of eligible paragraphs,,2534,eligible paragraphs,0.1452249408050513,0.11456200301864108,0.17546465583283788,0.11456200301864108,0.17546465583283788,2534,50,,ok,false,false,,sampling_only,not_applicable_no_annotator_in_pipeline,n/a: CorEx labels have no annotator,observed,Complete source-document paragraph corpus; CorEx labels
1,corex:Economy & jobs,Economy & jobs,corex,Deterministic CorEx issue model,Economy & jobs,,,,,year5,2025,2025,2025,2029,2025.0,11.032028469750891,percent of eligible paragraphs,,562,eligible paragraphs,0.1103202846975089,0.07117569759841226,0.15468179954370062,0.07117569759841226,0.15468179954370062,562,11,,ok,false,false,,sampling_only,not_applicable_no_annotator_in_pipeline,n/a: CorEx labels have no annotator,observed,Complete source-document paragraph corpus; CorEx labels
2,corex:Taxes & budget,Taxes & budget,corex,Deterministic CorEx issue model,Taxes & budget,,,,,year5,1785,1785,1785,1789,1785.0,0.0,percent of eligible paragraphs,,14,eligible paragraphs,0.0,,,,,14,2,,low_cluster_caution,true,false,,sampling_only,not_applicable_no_annotator_in_pipeline,n/a: CorEx labels have no annotator,observed,Complete source-document paragraph corpus; CorEx labels
2,corex:Taxes & budget,Taxes & budget,corex,Deterministic CorEx issue model,Taxes & budget,,,,,year5,1790,1790,1790,1794,1790.0,12.4031007751938,percent of eligible paragraphs,,129,eligible paragraphs,0.12403100775193798,0.0675829519450801,0.15877179187634793,0.0675829519450801,0.15877179187634793,129,13,,ok,false,false,,sampling_only,not_applicable_no_annotator_in_pipeline,n/a: CorEx labels have no annotator,observed,Complete source-document paragraph corpus; CorEx labels
2,corex:Taxes & budget,Taxes & budget,corex,Deterministic CorEx issue model,Taxes & budget,,,,,year5,1795,1795,1795,1799,1795.0,6.132075471698113,percent of eligible paragraphs,,212,eligible paragraphs,0.06132075471698113,0.03507865937072503,0.0915032679738562,0.03507865937072503,0.0915032679738562,212,13,,ok,false,false,,sampling_only,not_applicable_no_annotator_in_pipeline,n/a: CorEx labels have no annotator,observed,Complete source-document paragraph corpus; CorEx labels
2,corex:Taxes & budget,Taxes & budget,corex,Deterministic CorEx issue model,Taxes & budget,,,,,year5,1800,1800,1800,1804,1800.0,12.179487179487179,percent of eligible paragraphs,,156,eligible paragraphs,0.12179487179487179,0.05446773713945882,0.18619912731424842,0.05446773713945882,0.18619912731424842,156,13,,ok,false,false,,sampling_only,not_applicable_no_annotator_in_pipeline,n/a: CorEx labels have no annotator,observed,Complete source-document paragraph corpus; CorEx labels
2,corex:Taxes & budget,Taxes & budget,corex,Deterministic CorEx issue model,Taxes & budget,,,,,year5,1805,1805,1805,1809,1805.0,10.256410256410255,percent of eligible paragraphs,,195,eligible paragraphs,0.10256410256410256,0.05943819308545335,0.13870533322052062,0.05943819308545335,0.13870533322052062,195,15,,ok,false,false,,sampling_only,not_applicable_no_annotator_in_pipeline,n/a: CorEx labels have no annotator,observed,Complete source-document paragraph corpus; CorEx labels
2,corex:Taxes & budget,Taxes & budget,corex,Deterministic CorEx issue model,Taxes & budget,,,,,year5,1810,1810,1810,1814,1810.0,7.142857142857142,percent of eligible paragraphs,,182,eligible paragraphs,0.07142857142857142,0.035657380020990365,0.1111111111111111,0.035657380020990365,0.1111111111111111,182,14,,ok,false,false,,sampling_only,not_applicable_no_annotator_in_pipeline,n/a: CorEx labels have no annotator,observed,Complete source-document paragraph corpus; CorEx labels
2,corex:Taxes & budget,Taxes & budget,corex,Deterministic CorEx issue model,Taxes & budget,,,,,year5,1815,1815,1815,1819,1815.0,14.77832512315271,percent of eligible paragraphs,,203,eligible paragraphs,0.1477832512315271,0.08766047297297297,0.20689655172413793,0.08766047297297297,0.20689655172413793,203,9,,ok,false,false,,sampling_only,not_applicable_no_annotator_in_pipeline,n/a: CorEx labels have no annotator,observed,Complete source-document paragraph corpus; CorEx labels
2,corex:Taxes & budget,Taxes & budget,corex,Deterministic CorEx issue model,Taxes & budget,,,,,year5,1820,1820,1820,1824,1820.0,13.718411552346572,percent of eligible paragraphs,,277,eligible paragraphs,0.1371841155234657,0.08045977011494253,0.21447503790340045,0.08045977011494253,0.21447503790340045,277,7,,low_cluster_caution,false,false,,sampling_only,not_applicable_no_annotator_in_pipeline,n/a: CorEx labels have no annotator,observed,Complete source-document paragraph corpus; CorEx labels
2,corex:Taxes & budget,Taxes & budget,corex,Deterministic CorEx issue model,Taxes & budget,,,,,year5,1825,1825,1825,1829,1825.0,17.66304347826087,percent of eligible paragraphs,,368,eligible paragraphs,0.1766304347826087,0.1421320691391173,0.2095351300748916,0.1421320691391173,0.2095351300748916,368,10,,ok,false,false,,sampling_only,not_applicable_no_annotator_in_pipeline,n/a: CorEx labels have no annotator,observed,Complete source-document paragraph corpus; CorEx labels
2,corex:Taxes & budget,Taxes & budget,corex,Deterministic CorEx issue model,Taxes & budget,,,,,year5,1830,1830,1830,1834,1830.0,19.776119402985074,percent of eligible paragraphs,,804,eligible paragraphs,0.19776119402985073,0.15757788611596288,0.24151215448370147,0.15757788611596288,0.24151215448370147,804,19,,ok,false,false,,sampling_only,not_applicable_no_annotator_in_pipeline,n/a: CorEx labels have no annotator,observed,Complete source-document paragraph corpus; CorEx labels
2,corex:Taxes & budget,Taxes & budget,corex,Deterministic CorEx issue model,Taxes & budget,,,,,year5,1835,1835,1835,1839,1835.0,18.040435458786934,percent of eligible paragraphs,,643,eligible paragraphs,0.18040435458786935,0.11764202431649437,0.22780377906976743,0.11764202431649437,0.22780377906976743,643,12,,ok,false,false,,sampling_only,not_applicable_no_annotator_in_pipeline,n/a: CorEx labels have no annotator,observed,Complete source-document paragraph corpus; CorEx labels
2,corex:Taxes & budget,Taxes & budget,corex,Deterministic CorEx issue model,Taxes & budget,,,,,year5,1840,1840,1840,1844,1840.0,14.719271623672231,percent of eligible paragraphs,,659,eligible paragraphs,0.1471927162367223,0.08344858590042932,0.2251138736411581,0.08344858590042932,0.2251138736411581,659,20,,ok,false,false,,sampling_only,not_applicable_no_annotator_in_pipeline,n/a: CorEx labels have no annotator,observed,Complete source-document paragraph corpus; CorEx labels
2,corex:Taxes & budget,Taxes & budget,corex,Deterministic CorEx issue model,Taxes & budget,,,,,year5,1845,1845,1845,1849,1845.0,16.77175283732661,percent of eligible paragraphs,,793,eligible paragraphs,0.1677175283732661,0.12885402628032347,0.19772578354285356,0.12885402628032347,0.19772578354285356,793,28,,ok,false,false,,sampling_only,not_applicable_no_annotator_in_pipeline,n/a: CorEx labels have no annotator,observed,Complete source-document paragraph corpus; CorEx labels
2,corex:Taxes & budget,Taxes & budget,corex,Deterministic CorEx issue model,Taxes & budget,,,,,year5,1850,1850,1850,1854,1850.0,9.623893805309734,percent of eligible paragraphs,,904,eligible paragraphs,0.09623893805309734,0.032465666115917204,0.18373729121278143,0.032465666115917204,0.18373729121278143,904,21,,ok,false,false,,sampling_only,not_applicable_no_annotator_in_pipeline,n/a: CorEx labels have no annotator,observed,Complete source-document paragraph corpus; CorEx labels
2,corex:Taxes & budget,Taxes & budget,corex,Deterministic CorEx issue model,Taxes & budget,,,,,year5,1855,1855,1855,1859,1855.0,8.99854862119013,percent of eligible paragraphs,,689,eligible paragraphs,0.0899854862119013,0.05947238474625503,0.11489025340237363,0.05947238474625503,0.11489025340237363,689,13,,ok,false,false,,sampling_only,not_applicable_no_annotator_in_pipeline,n/a: CorEx labels have no annotator,observed,Complete source-document paragraph corpus; CorEx labels
2,corex:Taxes & budget,Taxes & budget,corex,Deterministic CorEx issue model,Taxes & budget,,,,,year5,1860,1860,1860,1864,1860.0,6.531881804043546,percent of eligible paragraphs,,643,eligible paragraphs,0.06531881804043546,0.03086678928008408,0.091650546803908,0.03086678928008408,0.091650546803908,643,18,,ok,false,false,,sampling_only,not_applicable_no_annotator_in_pipeline,n/a: CorEx labels have no annotator,observed,Complete source-document paragraph corpus; CorEx labels
2,corex:Taxes & budget,Taxes & budget,corex,Deterministic CorEx issue model,Taxes & budget,,,,,year5,1865,1865,1865,1869,1865.0,8.508014796547473,percent of eligible paragraphs,,811,eligible paragraphs,0.08508014796547472,0.03976116024701696,0.11591553358310795,0.03976116024701696,0.11591553358310795,811,37,,ok,false,false,,sampling_only,not_applicable_no_annotator_in_pipeline,n/a: CorEx labels have no annotator,observed,Complete source-document paragraph corpus; CorEx labels
2,corex:Taxes & budget,Taxes & budget,corex,Deterministic CorEx issue model,Taxes & budget,,,,,year5,1870,1870,1870,1874,1870.0,11.881188118811881,percent of eligible paragraphs,,505,eligible paragraphs,0.1188118811881188,0.07002008032128514,0.15000360520591735,0.07002008032128514,0.15000360520591735,505,19,,ok,false,false,,sampling_only,not_applicable_no_annotator_in_pipeline,n/a: CorEx labels have no annotator,observed,Complete source-document paragraph corpus; CorEx labels
2,corex:Taxes & budget,Taxes & budget,corex,Deterministic CorEx issue model,Taxes & budget,,,,,year5,1875,1875,1875,1879,1875.0,14.691151919866444,percent of eligible paragraphs,,599,eligible paragraphs,0.14691151919866444,0.1072937062937063,0.1771788327082465,0.1072937062937063,0.1771788327082465,599,20,,ok,false,false,,sampling_only,not_applicable_no_annotator_in_pipeline,n/a: CorEx labels have no annotator,observed,Complete source-document paragraph corpus; CorEx labels
2,corex:Taxes & budget,Taxes & budget,corex,Deterministic CorEx issue model,Taxes & budget,,,,,year5,1880,1880,1880,1884,1880.0,16.82389937106918,percent of eligible paragraphs,,636,eligible paragraphs,0.16823899371069181,0.11694874835309618,0.21005552418595896,0.11694874835309618,0.21005552418595896,636,16,,ok,false,false,,sampling_only,not_applicable_no_annotator_in_pipeline,n/a: CorEx labels have no annotator,observed,Complete source-document paragraph corpus; CorEx labels
2,corex:Taxes & budget,Taxes & budget,corex,Deterministic CorEx issue model,Taxes & budget,,,,,year5,1885,1885,1885,1889,1885.0,8.521303258145362,percent of eligible paragraphs,,798,eligible paragraphs,0.08521303258145363,0.048148877083578706,0.11955696339555852,0.048148877083578706,0.11955696339555852,798,18,,ok,false,false,,sampling_only,not_applicable_no_annotator_in_pipeline,n/a: CorEx labels have no annotator,observed,Complete source-document paragraph corpus; CorEx labels
2,corex:Taxes & budget,Taxes & budget,corex,Deterministic CorEx issue model,Taxes & budget,,,,,year5,1890,1890,1890,1894,1890.0,9.47867298578199,percent of eligible paragraphs,,844,eligible paragraphs,0.0947867298578199,0.06364587958594661,0.11744969426047865,0.06364587958594661,0.11744969426047865,844,20,,ok,false,false,,sampling_only,not_applicable_no_annotator_in_pipeline,n/a: CorEx labels have no annotator,observed,Complete source-document paragraph corpus; CorEx labels
2,corex:Taxes & budget,Taxes & budget,corex,Deterministic CorEx issue model,Taxes & budget,,,,,year5,1895,1895,1895,1899,1895.0,11.242603550295858,percent of eligible paragraphs,,845,eligible paragraphs,0.11242603550295859,0.07743609780039523,0.16043557370137795,0.07743609780039523,0.16043557370137795,845,20,,ok,false,false,,sampling_only,not_applicable_no_annotator_in_pipeline,n/a: CorEx labels have no annotator,observed,Complete source-document paragraph corpus; CorEx labels
2,corex:Taxes & budget,Taxes & budget,corex,Deterministic CorEx issue model,Taxes & budget,,,,,year5,1900,1900,1900,1904,1900.0,5.301204819277109,percent of eligible paragraphs,,830,eligible paragraphs,0.05301204819277108,0.032540731711504456,0.07722871418447866,0.032540731711504456,0.07722871418447866,830,15,,ok,false,false,,sampling_only,not_applicable_no_annotator_in_pipeline,n/a: CorEx labels have no annotator,observed,Complete source-document paragraph corpus; CorEx labels
2,corex:Taxes & budget,Taxes & budget,corex,Deterministic CorEx issue model,Taxes & budget,,,,,year5,1905,1905,1905,1909,1905.0,8.506944444444445,percent of eligible paragraphs,,1152,eligible paragraphs,0.08506944444444445,0.06367787941112796,0.11012096012096012,0.06367787941112796,0.11012096012096012,1152,16,,ok,false,false,,sampling_only,not_applicable_no_annotator_in_pipeline,n/a: CorEx labels have no annotator,observed,Complete source-document paragraph corpus; CorEx labels
2,corex:Taxes & budget,Taxes & budget,corex,Deterministic CorEx issue model,Taxes & budget,,,,,year5,1910,1910,1910,1914,1910.0,5.793991416309012,percent of eligible paragraphs,,932,eligible paragraphs,0.05793991416309013,0.01198987803569513,0.08066217287866771,0.01198987803569513,0.08066217287866771,932,20,,ok,false,false,,sampling_only,not_applicable_no_annotator_in_pipeline,n/a: CorEx labels have no annotator,observed,Complete source-document paragraph corpus; CorEx labels
2,corex:Taxes & budget,Taxes & budget,corex,Deterministic CorEx issue model,Taxes & budget,,,,,year5,1915,1915,1915,1919,1915.0,4.772234273318872,percent of eligible paragraphs,,461,eligible paragraphs,0.04772234273318872,0.013144552879291251,0.0791284050966608,0.013144552879291251,0.0791284050966608,461,21,,ok,false,false,,sampling_only,not_applicable_no_annotator_in_pipeline,n/a: CorEx labels have no annotator,observed,Complete source-document paragraph corpus; CorEx labels
2,corex:Taxes & budget,Taxes & budget,corex,Deterministic CorEx issue model,Taxes & budget,,,,,year5,1920,1920,1920,1924,1920.0,10.86350974930362,percent of eligible paragraphs,,359,eligible paragraphs,0.10863509749303621,0.04936042991220103,0.16991782199210698,0.04936042991220103,0.16991782199210698,359,19,,ok,false,false,,sampling_only,not_applicable_no_annotator_in_pipeline,n/a: CorEx labels have no annotator,observed,Complete source-document paragraph corpus; CorEx labels
2,corex:Taxes & budget,Taxes & budget,corex,Deterministic CorEx issue model,Taxes & budget,,,,,year5,1925,1925,1925,1929,1925.0,11.577424023154848,percent of eligible paragraphs,,691,eligible paragraphs,0.11577424023154848,0.06360920046613422,0.15631467641261498,0.06360920046613422,0.15631467641261498,691,20,,ok,false,false,,sampling_only,not_applicable_no_annotator_in_pipeline,n/a: CorEx labels have no annotator,observed,Complete source-document paragraph corpus; CorEx labels
2,corex:Taxes & budget,Taxes & budget,corex,Deterministic CorEx issue model,Taxes & budget,,,,,year5,1930,1930,1930,1934,1930.0,13.513513513513514,percent of eligible paragraphs,,629,eligible paragraphs,0.13513513513513514,0.08941489361702128,0.19786949804039794,0.08941489361702128,0.19786949804039794,629,27,,ok,false,false,,sampling_only,not_applicable_no_annotator_in_pipeline,n/a: CorEx labels have no annotator,observed,Complete source-document paragraph corpus; CorEx labels
2,corex:Taxes & budget,Taxes & budget,corex,Deterministic CorEx issue model,Taxes & budget,,,,,year5,1935,1935,1935,1939,1935.0,8.0,percent of eligible paragraphs,,275,eligible paragraphs,0.08,0.025307575892459716,0.13477347092876918,0.025307575892459716,0.13477347092876918,275,13,,ok,false,false,,sampling_only,not_applicable_no_annotator_in_pipeline,n/a: CorEx labels have no annotator,observed,Complete source-document paragraph corpus; CorEx labels
2,corex:Taxes & budget,Taxes & budget,corex,Deterministic CorEx issue model,Taxes & budget,,,,,year5,1940,1940,1940,1944,1940.0,3.814262023217247,percent of eligible paragraphs,,603,eligible paragraphs,0.03814262023217247,0.021376983588769834,0.06309763313609468,0.021376983588769834,0.06309763313609468,603,26,,ok,false,false,,sampling_only,not_applicable_no_annotator_in_pipeline,n/a: CorEx labels have no annotator,observed,Complete source-document paragraph corpus; CorEx labels
2,corex:Taxes & budget,Taxes & budget,corex,Deterministic CorEx issue model,Taxes & budget,,,,,year5,1945,1945,1945,1949,1945.0,1.8450184501845017,percent of eligible paragraphs,,271,eligible paragraphs,0.01845018450184502,0.00421741452991453,0.04040461838288614,0.00421741452991453,0.04040461838288614,271,17,,ok,false,false,,sampling_only,not_applicable_no_annotator_in_pipeline,n/a: CorEx labels have no annotator,observed,Complete source-document paragraph corpus; CorEx labels
2,corex:Taxes & budget,Taxes & budget,corex,Deterministic CorEx issue model,Taxes & budget,,,,,year5,1950,1950,1950,1954,1950.0,9.510086455331413,percent of eligible paragraphs,,347,eligible paragraphs,0.09510086455331412,0.015625,0.1602903462172559,0.015625,0.1602903462172559,347,11,,ok,false,false,,sampling_only,not_applicable_no_annotator_in_pipeline,n/a: CorEx labels have no annotator,observed,Complete source-document paragraph corpus; CorEx labels
2,corex:Taxes & budget,Taxes & budget,corex,Deterministic CorEx issue model,Taxes & budget,,,,,year5,1955,1955,1955,1959,1955.0,10.669975186104217,percent of eligible paragraphs,,403,eligible paragraphs,0.10669975186104218,0.059140316205533595,0.1370639236609891,0.059140316205533595,0.1370639236609891,403,8,,ok,false,false,,sampling_only,not_applicable_no_annotator_in_pipeline,n/a: CorEx labels have no annotator,observed,Complete source-document paragraph corpus; CorEx labels
2,corex:Taxes & budget,Taxes & budget,corex,Deterministic CorEx issue model,Taxes & budget,,,,,year5,1960,1960,1960,1964,1960.0,7.761732851985561,percent of eligible paragraphs,,2216,eligible paragraphs,0.0776173285198556,0.055818584070796456,0.10013578183321638,0.055818584070796456,0.10013578183321638,2216,67,,ok,false,false,,sampling_only,not_applicable_no_annotator_in_pipeline,n/a: CorEx labels have no annotator,observed,Complete source-document paragraph corpus; CorEx labels
2,corex:Taxes & budget,Taxes & budget,corex,Deterministic CorEx issue model,Taxes & budget,,,,,year5,1965,1965,1965,1969,1965.0,6.1515748031496065,percent of eligible paragraphs,,2032,eligible paragraphs,0.061515748031496065,0.041078737385850835,0.08348077281411288,0.041078737385850835,0.08348077281411288,2032,53,,ok,false,false,,sampling_only,not_applicable_no_annotator_in_pipeline,n/a: CorEx labels have no annotator,observed,Complete source-document paragraph corpus; CorEx labels
2,corex:Taxes & budget,Taxes & budget,corex,Deterministic CorEx issue model,Taxes & budget,,,,,year5,1970,1970,1970,1974,1970.0,9.345794392523365,percent of eligible paragraphs,,535,eligible paragraphs,0.09345794392523364,0.04471958925750395,0.135300351943689,0.04471958925750395,0.135300351943689,535,25,,ok,false,false,,sampling_only,not_applicable_no_annotator_in_pipeline,n/a: CorEx labels have no annotator,observed,Complete source-document paragraph corpus; CorEx labels
2,corex:Taxes & budget,Taxes & budget,corex,Deterministic CorEx issue model,Taxes & budget,,,,,year5,1975,1975,1975,1979,1975.0,16.33393829401089,percent of eligible paragraphs,,1102,eligible paragraphs,0.16333938294010888,0.09652429049684243,0.23686807144320138,0.09652429049684243,0.23686807144320138,1102,27,,ok,false,false,,sampling_only,not_applicable_no_annotator_in_pipeline,n/a: CorEx labels have no annotator,observed,Complete source-document paragraph corpus; CorEx labels
2,corex:Taxes & budget,Taxes & budget,corex,Deterministic CorEx issue model,Taxes & budget,,,,,year5,1980,1980,1980,1984,1980.0,17.153067301965454,percent of eligible paragraphs,,1679,eligible paragraphs,0.17153067301965455,0.1105243952807737,0.23808291156579184,0.1105243952807737,0.23808291156579184,1679,41,,ok,false,false,,sampling_only,not_applicable_no_annotator_in_pipeline,n/a: CorEx labels have no annotator,observed,Complete source-document paragraph corpus; CorEx labels
2,corex:Taxes & budget,Taxes & budget,corex,Deterministic CorEx issue model,Taxes & budget,,,,,year5,1985,1985,1985,1989,1985.0,14.336492890995261,percent of eligible paragraphs,,844,eligible paragraphs,0.14336492890995262,0.0904144737920745,0.1939375009857355,0.0904144737920745,0.1939375009857355,844,28,,ok,false,false,,sampling_only,not_applicable_no_annotator_in_pipeline,n/a: CorEx labels have no annotator,observed,Complete source-document paragraph corpus; CorEx labels
2,corex:Taxes & budget,Taxes & budget,corex,Deterministic CorEx issue model,Taxes & budget,,,,,year5,1990,1990,1990,1994,1990.0,17.142857142857142,percent of eligible paragraphs,,1015,eligible paragraphs,0.17142857142857143,0.09074419125329619,0.24194021256371762,0.09074419125329619,0.24194021256371762,1015,32,,ok,false,false,,sampling_only,not_applicable_no_annotator_in_pipeline,n/a: CorEx labels have no annotator,observed,Complete source-document paragraph corpus; CorEx labels
2,corex:Taxes & budget,Taxes & budget,corex,Deterministic CorEx issue model,Taxes & budget,,,,,year5,1995,1995,1995,1999,1995.0,18.82494004796163,percent of eligible paragraphs,,834,eligible paragraphs,0.1882494004796163,0.12617150649767367,0.22867149318519864,0.12617150649767367,0.22867149318519864,834,22,,ok,false,false,,sampling_only,not_applicable_no_annotator_in_pipeline,n/a: CorEx labels have no annotator,observed,Complete source-document paragraph corpus; CorEx labels
2,corex:Taxes & budget,Taxes & budget,corex,Deterministic CorEx issue model,Taxes & budget,,,,,year5,2000,2000,2000,2004,2000.0,12.5,percent of eligible paragraphs,,632,eligible paragraphs,0.125,0.07233010552667721,0.1744882578281145,0.07233010552667721,0.1744882578281145,632,23,,ok,false,false,,sampling_only,not_applicable_no_annotator_in_pipeline,n/a: CorEx labels have no annotator,observed,Complete source-document paragraph corpus; CorEx labels
2,corex:Taxes & budget,Taxes & budget,corex,Deterministic CorEx issue model,Taxes & budget,,,,,year5,2005,2005,2005,2009,2005.0,10.161662817551962,percent of eligible paragraphs,,866,eligible paragraphs,0.10161662817551963,0.060127257784853005,0.14855424643420667,0.060127257784853005,0.14855424643420667,866,28,,ok,false,false,,sampling_only,not_applicable_no_annotator_in_pipeline,n/a: CorEx labels have no annotator,observed,Complete source-document paragraph corpus; CorEx labels
2,corex:Taxes & budget,Taxes & budget,corex,Deterministic CorEx issue model,Taxes & budget,,,,,year5,2010,2010,2010,2014,2010.0,16.260162601626014,percent of eligible paragraphs,,1230,eligible paragraphs,0.16260162601626016,0.1086038961038961,0.20967929637112506,0.1086038961038961,0.20967929637112506,1230,33,,ok,false,false,,sampling_only,not_applicable_no_annotator_in_pipeline,n/a: CorEx labels have no annotator,observed,Complete source-document paragraph corpus; CorEx labels
2,corex:Taxes & budget,Taxes & budget,corex,Deterministic CorEx issue model,Taxes & budget,,,,,year5,2015,2015,2015,2019,2015.0,7.931570762052877,percent of eligible paragraphs,,1286,eligible paragraphs,0.07931570762052877,0.05793576325072388,0.10123059273877172,0.05793576325072388,0.10123059273877172,1286,27,,ok,false,false,,sampling_only,not_applicable_no_annotator_in_pipeline,n/a: CorEx labels have no annotator,observed,Complete source-document paragraph corpus; CorEx labels
2,corex:Taxes & budget,Taxes & budget,corex,Deterministic CorEx issue model,Taxes & budget,,,,,year5,2020,2020,2020,2024,2020.0,4.380426203630623,percent of eligible paragraphs,,2534,eligible paragraphs,0.04380426203630623,0.02318919360644817,0.06747854964212059,0.02318919360644817,0.06747854964212059,2534,50,,ok,false,false,,sampling_only,not_applicable_no_annotator_in_pipeline,n/a: CorEx labels have no annotator,observed,Complete source-document paragraph corpus; CorEx labels
2,corex:Taxes & budget,Taxes & budget,corex,Deterministic CorEx issue model,Taxes & budget,,,,,year5,2025,2025,2025,2029,2025.0,6.227758007117438,percent of eligible paragraphs,,562,eligible paragraphs,0.06227758007117438,0.0366661064536539,0.08236628236628236,0.0366661064536539,0.08236628236628236,562,11,,ok,false,false,,sampling_only,not_applicable_no_annotator_in_pipeline,n/a: CorEx labels have no annotator,observed,Complete source-document paragraph corpus; CorEx labels
3,corex:War & military,War & military,corex,Deterministic CorEx issue model,War & military,,,,,year5,1785,1785,1785,1789,1785.0,7.142857142857142,percent of eligible paragraphs,,14,eligible paragraphs,0.07142857142857142,0.0,0.3333333333333333,0.0,0.3333333333333333,14,2,,low_cluster_caution,false,false,,sampling_only,not_applicable_no_annotator_in_pipeline,n/a: CorEx labels have no annotator,observed,Complete source-document paragraph corpus; CorEx labels
3,corex:War & military,War & military,corex,Deterministic CorEx issue model,War & military,,,,,year5,1790,1790,1790,1794,1790.0,18.6046511627907,percent of eligible paragraphs,,129,eligible paragraphs,0.18604651162790697,0.10411441250241173,0.29938311688311686,0.10411441250241173,0.29938311688311686,129,13,,ok,false,false,,sampling_only,not_applicable_no_annotator_in_pipeline,n/a: CorEx labels have no annotator,observed,Complete source-document paragraph corpus; CorEx labels
3,corex:War & military,War & military,corex,Deterministic CorEx issue model,War & military,,,,,year5,1795,1795,1795,1799,1795.0,22.169811320754718,percent of eligible paragraphs,,212,eligible paragraphs,0.22169811320754718,0.1346589878469073,0.30119205993558323,0.1346589878469073,0.30119205993558323,212,13,,ok,false,false,,sampling_only,not_applicable_no_annotator_in_pipeline,n/a: CorEx labels have no annotator,observed,Complete source-document paragraph corpus; CorEx labels
3,corex:War & military,War & military,corex,Deterministic CorEx issue model,War & military,,,,,year5,1800,1800,1800,1804,1800.0,18.58974358974359,percent of eligible paragraphs,,156,eligible paragraphs,0.1858974358974359,0.10444940476190477,0.2571022727272727,0.10444940476190477,0.2571022727272727,156,13,,ok,false,false,,sampling_only,not_applicable_no_annotator_in_pipeline,n/a: CorEx labels have no annotator,observed,Complete source-document paragraph corpus; CorEx labels
3,corex:War & military,War & military,corex,Deterministic CorEx issue model,War & military,,,,,year5,1805,1805,1805,1809,1805.0,30.256410256410255,percent of eligible paragraphs,,195,eligible paragraphs,0.30256410256410254,0.23209298023861638,0.38437340804890474,0.23209298023861638,0.38437340804890474,195,15,,ok,false,false,,sampling_only,not_applicable_no_annotator_in_pipeline,n/a: CorEx labels have no annotator,observed,Complete source-document paragraph corpus; CorEx labels
3,corex:War & military,War & military,corex,Deterministic CorEx issue model,War & military,,,,,year5,1810,1810,1810,1814,1810.0,50.0,percent of eligible paragraphs,,182,eligible paragraphs,0.5,0.3551755765199161,0.6330859375,0.3551755765199161,0.6330859375,182,14,,ok,false,false,,sampling_only,not_applicable_no_annotator_in_pipeline,n/a: CorEx labels have no annotator,observed,Complete source-document paragraph corpus; CorEx labels
3,corex:War & military,War & military,corex,Deterministic CorEx issue model,War & military,,,,,year5,1815,1815,1815,1819,1815.0,30.541871921182267,percent of eligible paragraphs,,203,eligible paragraphs,0.3054187192118227,0.2321371024239877,0.4012552095620036,0.2321371024239877,0.4012552095620036,203,9,,ok,false,false,,sampling_only,not_applicable_no_annotator_in_pipeline,n/a: CorEx labels have no annotator,observed,Complete source-document paragraph corpus; CorEx labels
3,corex:War & military,War & military,corex,Deterministic CorEx issue model,War & military,,,,,year5,1820,1820,1820,1824,1820.0,31.768953068592058,percent of eligible paragraphs,,277,eligible paragraphs,0.3176895306859206,0.23697348402521193,0.37479179424372316,0.23697348402521193,0.37479179424372316,277,7,,low_cluster_caution,false,false,,sampling_only,not_applicable_no_annotator_in_pipeline,n/a: CorEx labels have no annotator,observed,Complete source-document paragraph corpus; CorEx labels
3,corex:War & military,War & military,corex,Deterministic CorEx issue model,War & military,,,,,year5,1825,1825,1825,1829,1825.0,27.445652173913043,percent of eligible paragraphs,,368,eligible paragraphs,0.27445652173913043,0.23195473618426926,0.347979937057435,0.23195473618426926,0.347979937057435,368,10,,ok,false,false,,sampling_only,not_applicable_no_annotator_in_pipeline,n/a: CorEx labels have no annotator,observed,Complete source-document paragraph corpus; CorEx labels
3,corex:War & military,War & military,corex,Deterministic CorEx issue model,War & military,,,,,year5,1830,1830,1830,1834,1830.0,12.189054726368159,percent of eligible paragraphs,,804,eligible paragraphs,0.12189054726368159,0.07961654008219321,0.1733657639885222,0.07961654008219321,0.1733657639885222,804,19,,ok,false,false,,sampling_only,not_applicable_no_annotator_in_pipeline,n/a: CorEx labels have no annotator,observed,Complete source-document paragraph corpus; CorEx labels
3,corex:War & military,War & military,corex,Deterministic CorEx issue model,War & military,,,,,year5,1835,1835,1835,1839,1835.0,14.463452566096425,percent of eligible paragraphs,,643,eligible paragraphs,0.14463452566096424,0.10648876068631553,0.18864735110454578,0.10648876068631553,0.18864735110454578,643,12,,ok,false,false,,sampling_only,not_applicable_no_annotator_in_pipeline,n/a: CorEx labels have no annotator,observed,Complete source-document paragraph corpus; CorEx labels
3,corex:War & military,War & military,corex,Deterministic CorEx issue model,War & military,,,,,year5,1840,1840,1840,1844,1840.0,16.69195751138088,percent of eligible paragraphs,,659,eligible paragraphs,0.1669195751138088,0.12203494684535862,0.21227753608859007,0.12203494684535862,0.21227753608859007,659,20,,ok,false,false,,sampling_only,not_applicable_no_annotator_in_pipeline,n/a: CorEx labels have no annotator,observed,Complete source-document paragraph corpus; CorEx labels
3,corex:War & military,War & military,corex,Deterministic CorEx issue model,War & military,,,,,year5,1845,1845,1845,1849,1845.0,37.957124842370746,percent of eligible paragraphs,,793,eligible paragraphs,0.37957124842370743,0.2849006329113924,0.4873150708606982,0.2849006329113924,0.4873150708606982,793,28,,ok,false,false,,sampling_only,not_applicable_no_annotator_in_pipeline,n/a: CorEx labels have no annotator,observed,Complete source-document paragraph corpus; CorEx labels
3,corex:War & military,War & military,corex,Deterministic CorEx issue model,War & military,,,,,year5,1850,1850,1850,1854,1850.0,15.597345132743362,percent of eligible paragraphs,,904,eligible paragraphs,0.15597345132743362,0.09726880445374297,0.2370335541474654,0.09726880445374297,0.2370335541474654,904,21,,ok,false,false,,sampling_only,not_applicable_no_annotator_in_pipeline,n/a: CorEx labels have no annotator,observed,Complete source-document paragraph corpus; CorEx labels
3,corex:War & military,War & military,corex,Deterministic CorEx issue model,War & military,,,,,year5,1855,1855,1855,1859,1855.0,22.786647314949203,percent of eligible paragraphs,,689,eligible paragraphs,0.22786647314949202,0.1899097058050959,0.26144217188325475,0.1899097058050959,0.26144217188325475,689,13,,ok,false,false,,sampling_only,not_applicable_no_annotator_in_pipeline,n/a: CorEx labels have no annotator,observed,Complete source-document paragraph corpus; CorEx labels
3,corex:War & military,War & military,corex,Deterministic CorEx issue model,War & military,,,,,year5,1860,1860,1860,1864,1860.0,27.060653188180407,percent of eligible paragraphs,,643,eligible paragraphs,0.27060653188180406,0.1651580459770115,0.3707453964107113,0.1651580459770115,0.3707453964107113,643,18,,ok,false,false,,sampling_only,not_applicable_no_annotator_in_pipeline,n/a: CorEx labels have no annotator,observed,Complete source-document paragraph corpus; CorEx labels
3,corex:War & military,War & military,corex,Deterministic CorEx issue model,War & military,,,,,year5,1865,1865,1865,1869,1865.0,35.01849568434032,percent of eligible paragraphs,,811,eligible paragraphs,0.35018495684340323,0.2818733173465935,0.42581340829037295,0.2818733173465935,0.42581340829037295,811,37,,ok,false,false,,sampling_only,not_applicable_no_annotator_in_pipeline,n/a: CorEx labels have no annotator,observed,Complete source-document paragraph corpus; CorEx labels
3,corex:War & military,War & military,corex,Deterministic CorEx issue model,War & military,,,,,year5,1870,1870,1870,1874,1870.0,22.970297029702973,percent of eligible paragraphs,,505,eligible paragraphs,0.2297029702970297,0.18473698956866577,0.3129375,0.18473698956866577,0.3129375,505,19,,ok,false,false,,sampling_only,not_applicable_no_annotator_in_pipeline,n/a: CorEx labels have no annotator,observed,Complete source-document paragraph corpus; CorEx labels
3,corex:War & military,War & military,corex,Deterministic CorEx issue model,War & military,,,,,year5,1875,1875,1875,1879,1875.0,19.532554257095157,percent of eligible paragraphs,,599,eligible paragraphs,0.19532554257095158,0.13937321139257758,0.26687434326238996,0.13937321139257758,0.26687434326238996,599,20,,ok,false,false,,sampling_only,not_applicable_no_annotator_in_pipeline,n/a: CorEx labels have no annotator,observed,Complete source-document paragraph corpus; CorEx labels
3,corex:War & military,War & military,corex,Deterministic CorEx issue model,War & military,,,,,year5,1880,1880,1880,1884,1880.0,15.09433962264151,percent of eligible paragraphs,,636,eligible paragraphs,0.1509433962264151,0.10789997562362884,0.19674687095381954,0.10789997562362884,0.19674687095381954,636,16,,ok,false,false,,sampling_only,not_applicable_no_annotator_in_pipeline,n/a: CorEx labels have no annotator,observed,Complete source-document paragraph corpus; CorEx labels
3,corex:War & military,War & military,corex,Deterministic CorEx issue model,War & military,,,,,year5,1885,1885,1885,1889,1885.0,15.413533834586465,percent of eligible paragraphs,,798,eligible paragraphs,0.15413533834586465,0.10381075934171469,0.2083710177658899,0.10381075934171469,0.2083710177658899,798,18,,ok,false,false,,sampling_only,not_applicable_no_annotator_in_pipeline,n/a: CorEx labels have no annotator,observed,Complete source-document paragraph corpus; CorEx labels
3,corex:War & military,War & military,corex,Deterministic CorEx issue model,War & military,,,,,year5,1890,1890,1890,1894,1890.0,16.113744075829384,percent of eligible paragraphs,,844,eligible paragraphs,0.16113744075829384,0.11144642100804744,0.20306392905999607,0.11144642100804744,0.20306392905999607,844,20,,ok,false,false,,sampling_only,not_applicable_no_annotator_in_pipeline,n/a: CorEx labels have no annotator,observed,Complete source-document paragraph corpus; CorEx labels
3,corex:War & military,War & military,corex,Deterministic CorEx issue model,War & military,,,,,year5,1895,1895,1895,1899,1895.0,24.497041420118343,percent of eligible paragraphs,,845,eligible paragraphs,0.24497041420118343,0.15799865217733858,0.3328247419761301,0.15799865217733858,0.3328247419761301,845,20,,ok,false,false,,sampling_only,not_applicable_no_annotator_in_pipeline,n/a: CorEx labels have no annotator,observed,Complete source-document paragraph corpus; CorEx labels
3,corex:War & military,War & military,corex,Deterministic CorEx issue model,War & military,,,,,year5,1900,1900,1900,1904,1900.0,26.265060240963855,percent of eligible paragraphs,,830,eligible paragraphs,0.26265060240963856,0.20318373897381425,0.3482776804903287,0.20318373897381425,0.3482776804903287,830,15,,ok,false,false,,sampling_only,not_applicable_no_annotator_in_pipeline,n/a: CorEx labels have no annotator,observed,Complete source-document paragraph corpus; CorEx labels
3,corex:War & military,War & military,corex,Deterministic CorEx issue model,War & military,,,,,year5,1905,1905,1905,1909,1905.0,17.53472222222222,percent of eligible paragraphs,,1152,eligible paragraphs,0.1753472222222222,0.13432863529782765,0.22597217870570807,0.13432863529782765,0.22597217870570807,1152,16,,ok,false,false,,sampling_only,not_applicable_no_annotator_in_pipeline,n/a: CorEx labels have no annotator,observed,Complete source-document paragraph corpus; CorEx labels
3,corex:War & military,War & military,corex,Deterministic CorEx issue model,War & military,,,,,year5,1910,1910,1910,1914,1910.0,16.630901287553648,percent of eligible paragraphs,,932,eligible paragraphs,0.16630901287553648,0.10279359141184126,0.19457046160327224,0.10279359141184126,0.19457046160327224,932,20,,ok,false,false,,sampling_only,not_applicable_no_annotator_in_pipeline,n/a: CorEx labels have no annotator,observed,Complete source-document paragraph corpus; CorEx labels
3,corex:War & military,War & military,corex,Deterministic CorEx issue model,War & military,,,,,year5,1915,1915,1915,1919,1915.0,36.8763557483731,percent of eligible paragraphs,,461,eligible paragraphs,0.368763557483731,0.29374922402019615,0.46250705531365904,0.29374922402019615,0.46250705531365904,461,21,,ok,false,false,,sampling_only,not_applicable_no_annotator_in_pipeline,n/a: CorEx labels have no annotator,observed,Complete source-document paragraph corpus; CorEx labels
3,corex:War & military,War & military,corex,Deterministic CorEx issue model,War & military,,,,,year5,1920,1920,1920,1924,1920.0,28.969359331476323,percent of eligible paragraphs,,359,eligible paragraphs,0.28969359331476324,0.2378922997052519,0.36464027508375946,0.2378922997052519,0.36464027508375946,359,19,,ok,false,false,,sampling_only,not_applicable_no_annotator_in_pipeline,n/a: CorEx labels have no annotator,observed,Complete source-document paragraph corpus; CorEx labels
3,corex:War & military,War & military,corex,Deterministic CorEx issue model,War & military,,,,,year5,1925,1925,1925,1929,1925.0,23.444283646888568,percent of eligible paragraphs,,691,eligible paragraphs,0.23444283646888567,0.17903507405234986,0.3012390971487434,0.17903507405234986,0.3012390971487434,691,20,,ok,false,false,,sampling_only,not_applicable_no_annotator_in_pipeline,n/a: CorEx labels have no annotator,observed,Complete source-document paragraph corpus; CorEx labels
3,corex:War & military,War & military,corex,Deterministic CorEx issue model,War & military,,,,,year5,1930,1930,1930,1934,1930.0,12.71860095389507,percent of eligible paragraphs,,629,eligible paragraphs,0.1271860095389507,0.08859061177375914,0.16639554794520547,0.08859061177375914,0.16639554794520547,629,27,,ok,false,false,,sampling_only,not_applicable_no_annotator_in_pipeline,n/a: CorEx labels have no annotator,observed,Complete source-document paragraph corpus; CorEx labels
3,corex:War & military,War & military,corex,Deterministic CorEx issue model,War & military,,,,,year5,1935,1935,1935,1939,1935.0,13.454545454545455,percent of eligible paragraphs,,275,eligible paragraphs,0.13454545454545455,0.07806682180851064,0.2197141656158049,0.07806682180851064,0.2197141656158049,275,13,,ok,false,false,,sampling_only,not_applicable_no_annotator_in_pipeline,n/a: CorEx labels have no annotator,observed,Complete source-document paragraph corpus; CorEx labels
3,corex:War & military,War & military,corex,Deterministic CorEx issue model,War & military,,,,,year5,1940,1940,1940,1944,1940.0,65.17412935323384,percent of eligible paragraphs,,603,eligible paragraphs,0.6517412935323383,0.5859287656071487,0.7152857142857142,0.5859287656071487,0.7152857142857142,603,26,,ok,false,false,,sampling_only,not_applicable_no_annotator_in_pipeline,n/a: CorEx labels have no annotator,observed,Complete source-document paragraph corpus; CorEx labels
3,corex:War & military,War & military,corex,Deterministic CorEx issue model,War & military,,,,,year5,1945,1945,1945,1949,1945.0,39.85239852398524,percent of eligible paragraphs,,271,eligible paragraphs,0.3985239852398524,0.27015731874145005,0.5008838383838383,0.27015731874145005,0.5008838383838383,271,17,,ok,false,false,,sampling_only,not_applicable_no_annotator_in_pipeline,n/a: CorEx labels have no annotator,observed,Complete source-document paragraph corpus; CorEx labels
3,corex:War & military,War & military,corex,Deterministic CorEx issue model,War & military,,,,,year5,1950,1950,1950,1954,1950.0,29.971181556195965,percent of eligible paragraphs,,347,eligible paragraphs,0.29971181556195964,0.21823656637880337,0.4093143203883494,0.21823656637880337,0.4093143203883494,347,11,,ok,false,false,,sampling_only,not_applicable_no_annotator_in_pipeline,n/a: CorEx labels have no annotator,observed,Complete source-document paragraph corpus; CorEx labels
3,corex:War & military,War & military,corex,Deterministic CorEx issue model,War & military,,,,,year5,1955,1955,1955,1959,1955.0,26.799007444168733,percent of eligible paragraphs,,403,eligible paragraphs,0.2679900744416873,0.21300997474206945,0.34114547149029906,0.21300997474206945,0.34114547149029906,403,8,,ok,false,false,,sampling_only,not_applicable_no_annotator_in_pipeline,n/a: CorEx labels have no annotator,observed,Complete source-document paragraph corpus; CorEx labels
3,corex:War & military,War & military,corex,Deterministic CorEx issue model,War & military,,,,,year5,1960,1960,1960,1964,1960.0,25.857400722021662,percent of eligible paragraphs,,2216,eligible paragraphs,0.2585740072202166,0.22542318978410716,0.29463335580825106,0.22542318978410716,0.29463335580825106,2216,67,,ok,false,false,,sampling_only,not_applicable_no_annotator_in_pipeline,n/a: CorEx labels have no annotator,observed,Complete source-document paragraph corpus; CorEx labels
3,corex:War & military,War & military,corex,Deterministic CorEx issue model,War & military,,,,,year5,1965,1965,1965,1969,1965.0,25.492125984251967,percent of eligible paragraphs,,2032,eligible paragraphs,0.2549212598425197,0.21748565436840295,0.2955715563968133,0.21748565436840295,0.2955715563968133,2032,53,,ok,false,false,,sampling_only,not_applicable_no_annotator_in_pipeline,n/a: CorEx labels have no annotator,observed,Complete source-document paragraph corpus; CorEx labels
3,corex:War & military,War & military,corex,Deterministic CorEx issue model,War & military,,,,,year5,1970,1970,1970,1974,1970.0,29.1588785046729,percent of eligible paragraphs,,535,eligible paragraphs,0.29158878504672897,0.2010347556286772,0.4012119741866263,0.2010347556286772,0.4012119741866263,535,25,,ok,false,false,,sampling_only,not_applicable_no_annotator_in_pipeline,n/a: CorEx labels have no annotator,observed,Complete source-document paragraph corpus; CorEx labels
3,corex:War & military,War & military,corex,Deterministic CorEx issue model,War & military,,,,,year5,1975,1975,1975,1979,1975.0,17.78584392014519,percent of eligible paragraphs,,1102,eligible paragraphs,0.17785843920145192,0.12719377806337764,0.23411611497130022,0.12719377806337764,0.23411611497130022,1102,27,,ok,false,false,,sampling_only,not_applicable_no_annotator_in_pipeline,n/a: CorEx labels have no annotator,observed,Complete source-document paragraph corpus; CorEx labels
3,corex:War & military,War & military,corex,Deterministic CorEx issue model,War & military,,,,,year5,1980,1980,1980,1984,1980.0,20.96486003573556,percent of eligible paragraphs,,1679,eligible paragraphs,0.20964860035735558,0.1554649619659421,0.2659302486187845,0.1554649619659421,0.2659302486187845,1679,41,,ok,false,false,,sampling_only,not_applicable_no_annotator_in_pipeline,n/a: CorEx labels have no annotator,observed,Complete source-document paragraph corpus; CorEx labels
3,corex:War & military,War & military,corex,Deterministic CorEx issue model,War & military,,,,,year5,1985,1985,1985,1989,1985.0,19.194312796208532,percent of eligible paragraphs,,844,eligible paragraphs,0.19194312796208532,0.15860890787065285,0.23425688102849646,0.15860890787065285,0.23425688102849646,844,28,,ok,false,false,,sampling_only,not_applicable_no_annotator_in_pipeline,n/a: CorEx labels have no annotator,observed,Complete source-document paragraph corpus; CorEx labels
3,corex:War & military,War & military,corex,Deterministic CorEx issue model,War & military,,,,,year5,1990,1990,1990,1994,1990.0,24.334975369458128,percent of eligible paragraphs,,1015,eligible paragraphs,0.24334975369458128,0.17823294380477747,0.32816188277800074,0.17823294380477747,0.32816188277800074,1015,32,,ok,false,false,,sampling_only,not_applicable_no_annotator_in_pipeline,n/a: CorEx labels have no annotator,observed,Complete source-document paragraph corpus; CorEx labels
3,corex:War & military,War & military,corex,Deterministic CorEx issue model,War & military,,,,,year5,1995,1995,1995,1999,1995.0,16.666666666666664,percent of eligible paragraphs,,834,eligible paragraphs,0.16666666666666666,0.11635731703218531,0.24980999999999998,0.11635731703218531,0.24980999999999998,834,22,,ok,false,false,,sampling_only,not_applicable_no_annotator_in_pipeline,n/a: CorEx labels have no annotator,observed,Complete source-document paragraph corpus; CorEx labels
3,corex:War & military,War & military,corex,Deterministic CorEx issue model,War & military,,,,,year5,2000,2000,2000,2004,2000.0,22.310126582278482,percent of eligible paragraphs,,632,eligible paragraphs,0.2231012658227848,0.1488266506208632,0.30488737653577447,0.1488266506208632,0.30488737653577447,632,23,,ok,false,false,,sampling_only,not_applicable_no_annotator_in_pipeline,n/a: CorEx labels have no annotator,observed,Complete source-document paragraph corpus; CorEx labels
3,corex:War & military,War & military,corex,Deterministic CorEx issue model,War & military,,,,,year5,2005,2005,2005,2009,2005.0,22.0554272517321,percent of eligible paragraphs,,866,eligible paragraphs,0.22055427251732102,0.1453360884016328,0.3074263800246333,0.1453360884016328,0.3074263800246333,866,28,,ok,false,false,,sampling_only,not_applicable_no_annotator_in_pipeline,n/a: CorEx labels have no annotator,observed,Complete source-document paragraph corpus; CorEx labels
3,corex:War & military,War & military,corex,Deterministic CorEx issue model,War & military,,,,,year5,2010,2010,2010,2014,2010.0,15.691056910569106,percent of eligible paragraphs,,1230,eligible paragraphs,0.15691056910569107,0.1113708159680094,0.21432360473900455,0.1113708159680094,0.21432360473900455,1230,33,,ok,false,false,,sampling_only,not_applicable_no_annotator_in_pipeline,n/a: CorEx labels have no annotator,observed,Complete source-document paragraph corpus; CorEx labels
3,corex:War & military,War & military,corex,Deterministic CorEx issue model,War & military,,,,,year5,2015,2015,2015,2019,2015.0,12.674961119751165,percent of eligible paragraphs,,1286,eligible paragraphs,0.12674961119751166,0.10613391018182777,0.14971168539325844,0.10613391018182777,0.14971168539325844,1286,27,,ok,false,false,,sampling_only,not_applicable_no_annotator_in_pipeline,n/a: CorEx labels have no annotator,observed,Complete source-document paragraph corpus; CorEx labels
3,corex:War & military,War & military,corex,Deterministic CorEx issue model,War & military,,,,,year5,2020,2020,2020,2024,2020.0,15.114443567482242,percent of eligible paragraphs,,2534,eligible paragraphs,0.1511444356748224,0.11351812395318436,0.20292487986662744,0.11351812395318436,0.20292487986662744,2534,50,,ok,false,false,,sampling_only,not_applicable_no_annotator_in_pipeline,n/a: CorEx labels have no annotator,observed,Complete source-document paragraph corpus; CorEx labels
3,corex:War & military,War & military,corex,Deterministic CorEx issue model,War & military,,,,,year5,2025,2025,2025,2029,2025.0,25.800711743772244,percent of eligible paragraphs,,562,eligible paragraphs,0.2580071174377224,0.16484993419497454,0.40981058095869227,0.16484993419497454,0.40981058095869227,562,11,,ok,false,false,,sampling_only,not_applicable_no_annotator_in_pipeline,n/a: CorEx labels have no annotator,observed,Complete source-document paragraph corpus; CorEx labels
4,corex:Foreign policy,Foreign policy,corex,Deterministic CorEx issue model,Foreign policy,,,,,year5,1785,1785,1785,1789,1785.0,0.0,percent of eligible paragraphs,,14,eligible paragraphs,0.0,,,,,14,2,,low_cluster_caution,true,false,,sampling_only,not_applicable_no_annotator_in_pipeline,n/a: CorEx labels have no annotator,observed,Complete source-document paragraph corpus; CorEx labels
4,corex:Foreign policy,Foreign policy,corex,Deterministic CorEx issue model,Foreign policy,,,,,year5,1790,1790,1790,1794,1790.0,11.627906976744185,percent of eligible paragraphs,,129,eligible paragraphs,0.11627906976744186,0.04948529411764706,0.1800214353763099,0.04948529411764706,0.1800214353763099,129,13,,ok,false,false,,sampling_only,not_applicable_no_annotator_in_pipeline,n/a: CorEx labels have no annotator,observed,Complete source-document paragraph corpus; CorEx labels
4,corex:Foreign policy,Foreign policy,corex,Deterministic CorEx issue model,Foreign policy,,,,,year5,1795,1795,1795,1799,1795.0,33.0188679245283,percent of eligible paragraphs,,212,eligible paragraphs,0.330188679245283,0.24579975825946815,0.4223982399667722,0.24579975825946815,0.4223982399667722,212,13,,ok,false,false,,sampling_only,not_applicable_no_annotator_in_pipeline,n/a: CorEx labels have no annotator,observed,Complete source-document paragraph corpus; CorEx labels
4,corex:Foreign policy,Foreign policy,corex,Deterministic CorEx issue model,Foreign policy,,,,,year5,1800,1800,1800,1804,1800.0,16.025641025641026,percent of eligible paragraphs,,156,eligible paragraphs,0.16025641025641027,0.0601981351981352,0.2638844086021505,0.0601981351981352,0.2638844086021505,156,13,,ok,false,false,,sampling_only,not_applicable_no_annotator_in_pipeline,n/a: CorEx labels have no annotator,observed,Complete source-document paragraph corpus; CorEx labels
4,corex:Foreign policy,Foreign policy,corex,Deterministic CorEx issue model,Foreign policy,,,,,year5,1805,1805,1805,1809,1805.0,18.461538461538463,percent of eligible paragraphs,,195,eligible paragraphs,0.18461538461538463,0.14106300141576214,0.23016104141776184,0.14106300141576214,0.23016104141776184,195,15,,ok,false,false,,sampling_only,not_applicable_no_annotator_in_pipeline,n/a: CorEx labels have no annotator,observed,Complete source-document paragraph corpus; CorEx labels
4,corex:Foreign policy,Foreign policy,corex,Deterministic CorEx issue model,Foreign policy,,,,,year5,1810,1810,1810,1814,1810.0,19.230769230769234,percent of eligible paragraphs,,182,eligible paragraphs,0.19230769230769232,0.1280727171941141,0.264221582009398,0.1280727171941141,0.264221582009398,182,14,,ok,false,false,,sampling_only,not_applicable_no_annotator_in_pipeline,n/a: CorEx labels have no annotator,observed,Complete source-document paragraph corpus; CorEx labels
4,corex:Foreign policy,Foreign policy,corex,Deterministic CorEx issue model,Foreign policy,,,,,year5,1815,1815,1815,1819,1815.0,29.55665024630542,percent of eligible paragraphs,,203,eligible paragraphs,0.2955665024630542,0.18118299982133287,0.38721203260676945,0.18118299982133287,0.38721203260676945,203,9,,ok,false,false,,sampling_only,not_applicable_no_annotator_in_pipeline,n/a: CorEx labels have no annotator,observed,Complete source-document paragraph corpus; CorEx labels
4,corex:Foreign policy,Foreign policy,corex,Deterministic CorEx issue model,Foreign policy,,,,,year5,1820,1820,1820,1824,1820.0,24.548736462093864,percent of eligible paragraphs,,277,eligible paragraphs,0.24548736462093862,0.1640815886367488,0.3172766589633542,0.1640815886367488,0.3172766589633542,277,7,,low_cluster_caution,false,false,,sampling_only,not_applicable_no_annotator_in_pipeline,n/a: CorEx labels have no annotator,observed,Complete source-document paragraph corpus; CorEx labels
4,corex:Foreign policy,Foreign policy,corex,Deterministic CorEx issue model,Foreign policy,,,,,year5,1825,1825,1825,1829,1825.0,25.815217391304344,percent of eligible paragraphs,,368,eligible paragraphs,0.25815217391304346,0.2187305019852524,0.3120323067192137,0.2187305019852524,0.3120323067192137,368,10,,ok,false,false,,sampling_only,not_applicable_no_annotator_in_pipeline,n/a: CorEx labels have no annotator,observed,Complete source-document paragraph corpus; CorEx labels
4,corex:Foreign policy,Foreign policy,corex,Deterministic CorEx issue model,Foreign policy,,,,,year5,1830,1830,1830,1834,1830.0,19.154228855721392,percent of eligible paragraphs,,804,eligible paragraphs,0.19154228855721392,0.12379345299906047,0.25815552406584297,0.12379345299906047,0.25815552406584297,804,19,,ok,false,false,,sampling_only,not_applicable_no_annotator_in_pipeline,n/a: CorEx labels have no annotator,observed,Complete source-document paragraph corpus; CorEx labels
4,corex:Foreign policy,Foreign policy,corex,Deterministic CorEx issue model,Foreign policy,,,,,year5,1835,1835,1835,1839,1835.0,19.751166407465007,percent of eligible paragraphs,,643,eligible paragraphs,0.19751166407465007,0.14464425770308123,0.26039727017987885,0.14464425770308123,0.26039727017987885,643,12,,ok,false,false,,sampling_only,not_applicable_no_annotator_in_pipeline,n/a: CorEx labels have no annotator,observed,Complete source-document paragraph corpus; CorEx labels
4,corex:Foreign policy,Foreign policy,corex,Deterministic CorEx issue model,Foreign policy,,,,,year5,1840,1840,1840,1844,1840.0,22.610015174506827,percent of eligible paragraphs,,659,eligible paragraphs,0.22610015174506828,0.17726051510098204,0.2818500307708087,0.17726051510098204,0.2818500307708087,659,20,,ok,false,false,,sampling_only,not_applicable_no_annotator_in_pipeline,n/a: CorEx labels have no annotator,observed,Complete source-document paragraph corpus; CorEx labels
4,corex:Foreign policy,Foreign policy,corex,Deterministic CorEx issue model,Foreign policy,,,,,year5,1845,1845,1845,1849,1845.0,36.56998738965952,percent of eligible paragraphs,,793,eligible paragraphs,0.3656998738965952,0.2835928125193295,0.45947626992955126,0.2835928125193295,0.45947626992955126,793,28,,ok,false,false,,sampling_only,not_applicable_no_annotator_in_pipeline,n/a: CorEx labels have no annotator,observed,Complete source-document paragraph corpus; CorEx labels
4,corex:Foreign policy,Foreign policy,corex,Deterministic CorEx issue model,Foreign policy,,,,,year5,1850,1850,1850,1854,1850.0,19.469026548672566,percent of eligible paragraphs,,904,eligible paragraphs,0.19469026548672566,0.11708740398239988,0.31346902227571144,0.11708740398239988,0.31346902227571144,904,21,,ok,false,false,,sampling_only,not_applicable_no_annotator_in_pipeline,n/a: CorEx labels have no annotator,observed,Complete source-document paragraph corpus; CorEx labels
4,corex:Foreign policy,Foreign policy,corex,Deterministic CorEx issue model,Foreign policy,,,,,year5,1855,1855,1855,1859,1855.0,23.367198838896954,percent of eligible paragraphs,,689,eligible paragraphs,0.23367198838896952,0.14832249245009918,0.2754513673712961,0.14832249245009918,0.2754513673712961,689,13,,ok,false,false,,sampling_only,not_applicable_no_annotator_in_pipeline,n/a: CorEx labels have no annotator,observed,Complete source-document paragraph corpus; CorEx labels
4,corex:Foreign policy,Foreign policy,corex,Deterministic CorEx issue model,Foreign policy,,,,,year5,1860,1860,1860,1864,1860.0,13.996889580093313,percent of eligible paragraphs,,643,eligible paragraphs,0.13996889580093314,0.09298244228592487,0.18048311115806456,0.09298244228592487,0.18048311115806456,643,18,,ok,false,false,,sampling_only,not_applicable_no_annotator_in_pipeline,n/a: CorEx labels have no annotator,observed,Complete source-document paragraph corpus; CorEx labels
4,corex:Foreign policy,Foreign policy,corex,Deterministic CorEx issue model,Foreign policy,,,,,year5,1865,1865,1865,1869,1865.0,14.180024660912455,percent of eligible paragraphs,,811,eligible paragraphs,0.14180024660912455,0.09377595262757464,0.1877534829721362,0.09377595262757464,0.1877534829721362,811,37,,ok,false,false,,sampling_only,not_applicable_no_annotator_in_pipeline,n/a: CorEx labels have no annotator,observed,Complete source-document paragraph corpus; CorEx labels
4,corex:Foreign policy,Foreign policy,corex,Deterministic CorEx issue model,Foreign policy,,,,,year5,1870,1870,1870,1874,1870.0,28.910891089108908,percent of eligible paragraphs,,505,eligible paragraphs,0.2891089108910891,0.22071115282220222,0.38211348990538624,0.22071115282220222,0.38211348990538624,505,19,,ok,false,false,,sampling_only,not_applicable_no_annotator_in_pipeline,n/a: CorEx labels have no annotator,observed,Complete source-document paragraph corpus; CorEx labels
4,corex:Foreign policy,Foreign policy,corex,Deterministic CorEx issue model,Foreign policy,,,,,year5,1875,1875,1875,1879,1875.0,20.20033388981636,percent of eligible paragraphs,,599,eligible paragraphs,0.2020033388981636,0.13961691656413572,0.27407850257380817,0.13961691656413572,0.27407850257380817,599,20,,ok,false,false,,sampling_only,not_applicable_no_annotator_in_pipeline,n/a: CorEx labels have no annotator,observed,Complete source-document paragraph corpus; CorEx labels
4,corex:Foreign policy,Foreign policy,corex,Deterministic CorEx issue model,Foreign policy,,,,,year5,1880,1880,1880,1884,1880.0,26.257861635220124,percent of eligible paragraphs,,636,eligible paragraphs,0.26257861635220126,0.2147161190848695,0.3176376652358172,0.2147161190848695,0.3176376652358172,636,16,,ok,false,false,,sampling_only,not_applicable_no_annotator_in_pipeline,n/a: CorEx labels have no annotator,observed,Complete source-document paragraph corpus; CorEx labels
4,corex:Foreign policy,Foreign policy,corex,Deterministic CorEx issue model,Foreign policy,,,,,year5,1885,1885,1885,1889,1885.0,19.298245614035086,percent of eligible paragraphs,,798,eligible paragraphs,0.19298245614035087,0.12797189682035895,0.24481474567761366,0.12797189682035895,0.24481474567761366,798,18,,ok,false,false,,sampling_only,not_applicable_no_annotator_in_pipeline,n/a: CorEx labels have no annotator,observed,Complete source-document paragraph corpus; CorEx labels
4,corex:Foreign policy,Foreign policy,corex,Deterministic CorEx issue model,Foreign policy,,,,,year5,1890,1890,1890,1894,1890.0,23.81516587677725,percent of eligible paragraphs,,844,eligible paragraphs,0.2381516587677725,0.1960128075564185,0.2809009009009009,0.1960128075564185,0.2809009009009009,844,20,,ok,false,false,,sampling_only,not_applicable_no_annotator_in_pipeline,n/a: CorEx labels have no annotator,observed,Complete source-document paragraph corpus; CorEx labels
4,corex:Foreign policy,Foreign policy,corex,Deterministic CorEx issue model,Foreign policy,,,,,year5,1895,1895,1895,1899,1895.0,24.378698224852073,percent of eligible paragraphs,,845,eligible paragraphs,0.24378698224852072,0.18155818393895942,0.2885654030824734,0.18155818393895942,0.2885654030824734,845,20,,ok,false,false,,sampling_only,not_applicable_no_annotator_in_pipeline,n/a: CorEx labels have no annotator,observed,Complete source-document paragraph corpus; CorEx labels
4,corex:Foreign policy,Foreign policy,corex,Deterministic CorEx issue model,Foreign policy,,,,,year5,1900,1900,1900,1904,1900.0,24.216867469879517,percent of eligible paragraphs,,830,eligible paragraphs,0.2421686746987952,0.17664753367826608,0.32663120567375886,0.17664753367826608,0.32663120567375886,830,15,,ok,false,false,,sampling_only,not_applicable_no_annotator_in_pipeline,n/a: CorEx labels have no annotator,observed,Complete source-document paragraph corpus; CorEx labels
4,corex:Foreign policy,Foreign policy,corex,Deterministic CorEx issue model,Foreign policy,,,,,year5,1905,1905,1905,1909,1905.0,11.11111111111111,percent of eligible paragraphs,,1152,eligible paragraphs,0.1111111111111111,0.06957387864680767,0.1663717687298559,0.06957387864680767,0.1663717687298559,1152,16,,ok,false,false,,sampling_only,not_applicable_no_annotator_in_pipeline,n/a: CorEx labels have no annotator,observed,Complete source-document paragraph corpus; CorEx labels
4,corex:Foreign policy,Foreign policy,corex,Deterministic CorEx issue model,Foreign policy,,,,,year5,1910,1910,1910,1914,1910.0,19.742489270386265,percent of eligible paragraphs,,932,eligible paragraphs,0.19742489270386265,0.10870341614906832,0.2560524062285523,0.10870341614906832,0.2560524062285523,932,20,,ok,false,false,,sampling_only,not_applicable_no_annotator_in_pipeline,n/a: CorEx labels have no annotator,observed,Complete source-document paragraph corpus; CorEx labels
4,corex:Foreign policy,Foreign policy,corex,Deterministic CorEx issue model,Foreign policy,,,,,year5,1915,1915,1915,1919,1915.0,10.84598698481562,percent of eligible paragraphs,,461,eligible paragraphs,0.10845986984815618,0.08313172043010753,0.13944852019061948,0.08313172043010753,0.13944852019061948,461,21,,ok,false,false,,sampling_only,not_applicable_no_annotator_in_pipeline,n/a: CorEx labels have no annotator,observed,Complete source-document paragraph corpus; CorEx labels
4,corex:Foreign policy,Foreign policy,corex,Deterministic CorEx issue model,Foreign policy,,,,,year5,1920,1920,1920,1924,1920.0,11.977715877437326,percent of eligible paragraphs,,359,eligible paragraphs,0.11977715877437325,0.07919571279191356,0.1699979671969786,0.07919571279191356,0.1699979671969786,359,19,,ok,false,false,,sampling_only,not_applicable_no_annotator_in_pipeline,n/a: CorEx labels have no annotator,observed,Complete source-document paragraph corpus; CorEx labels
4,corex:Foreign policy,Foreign policy,corex,Deterministic CorEx issue model,Foreign policy,,,,,year5,1925,1925,1925,1929,1925.0,13.892908827785819,percent of eligible paragraphs,,691,eligible paragraphs,0.1389290882778582,0.09958719059015422,0.18857307747799737,0.09958719059015422,0.18857307747799737,691,20,,ok,false,false,,sampling_only,not_applicable_no_annotator_in_pipeline,n/a: CorEx labels have no annotator,observed,Complete source-document paragraph corpus; CorEx labels
4,corex:Foreign policy,Foreign policy,corex,Deterministic CorEx issue model,Foreign policy,,,,,year5,1930,1930,1930,1934,1930.0,13.513513513513514,percent of eligible paragraphs,,629,eligible paragraphs,0.13513513513513514,0.09058387662909531,0.19648404583243653,0.09058387662909531,0.19648404583243653,629,27,,ok,false,false,,sampling_only,not_applicable_no_annotator_in_pipeline,n/a: CorEx labels have no annotator,observed,Complete source-document paragraph corpus; CorEx labels
4,corex:Foreign policy,Foreign policy,corex,Deterministic CorEx issue model,Foreign policy,,,,,year5,1935,1935,1935,1939,1935.0,3.6363636363636362,percent of eligible paragraphs,,275,eligible paragraphs,0.03636363636363636,0.013465898784690731,0.06458052250705261,0.013465898784690731,0.06458052250705261,275,13,,ok,false,false,,sampling_only,not_applicable_no_annotator_in_pipeline,n/a: CorEx labels have no annotator,observed,Complete source-document paragraph corpus; CorEx labels
4,corex:Foreign policy,Foreign policy,corex,Deterministic CorEx issue model,Foreign policy,,,,,year5,1940,1940,1940,1944,1940.0,8.955223880597014,percent of eligible paragraphs,,603,eligible paragraphs,0.08955223880597014,0.06992733678300121,0.11203859222363796,0.06992733678300121,0.11203859222363796,603,26,,ok,false,false,,sampling_only,not_applicable_no_annotator_in_pipeline,n/a: CorEx labels have no annotator,observed,Complete source-document paragraph corpus; CorEx labels
4,corex:Foreign policy,Foreign policy,corex,Deterministic CorEx issue model,Foreign policy,,,,,year5,1945,1945,1945,1949,1945.0,19.92619926199262,percent of eligible paragraphs,,271,eligible paragraphs,0.1992619926199262,0.13732751623376624,0.27847810084652186,0.13732751623376624,0.27847810084652186,271,17,,ok,false,false,,sampling_only,not_applicable_no_annotator_in_pipeline,n/a: CorEx labels have no annotator,observed,Complete source-document paragraph corpus; CorEx labels
4,corex:Foreign policy,Foreign policy,corex,Deterministic CorEx issue model,Foreign policy,,,,,year5,1950,1950,1950,1954,1950.0,13.8328530259366,percent of eligible paragraphs,,347,eligible paragraphs,0.138328530259366,0.07792018170019469,0.19423300970873786,0.07792018170019469,0.19423300970873786,347,11,,ok,false,false,,sampling_only,not_applicable_no_annotator_in_pipeline,n/a: CorEx labels have no annotator,observed,Complete source-document paragraph corpus; CorEx labels
4,corex:Foreign policy,Foreign policy,corex,Deterministic CorEx issue model,Foreign policy,,,,,year5,1955,1955,1955,1959,1955.0,11.41439205955335,percent of eligible paragraphs,,403,eligible paragraphs,0.1141439205955335,0.07859276729559748,0.14236471213934315,0.07859276729559748,0.14236471213934315,403,8,,ok,false,false,,sampling_only,not_applicable_no_annotator_in_pipeline,n/a: CorEx labels have no annotator,observed,Complete source-document paragraph corpus; CorEx labels
4,corex:Foreign policy,Foreign policy,corex,Deterministic CorEx issue model,Foreign policy,,,,,year5,1960,1960,1960,1964,1960.0,14.485559566787003,percent of eligible paragraphs,,2216,eligible paragraphs,0.14485559566787004,0.11720566491751949,0.1737839896858884,0.11720566491751949,0.1737839896858884,2216,67,,ok,false,false,,sampling_only,not_applicable_no_annotator_in_pipeline,n/a: CorEx labels have no annotator,observed,Complete source-document paragraph corpus; CorEx labels
4,corex:Foreign policy,Foreign policy,corex,Deterministic CorEx issue model,Foreign policy,,,,,year5,1965,1965,1965,1969,1965.0,11.466535433070867,percent of eligible paragraphs,,2032,eligible paragraphs,0.11466535433070867,0.0887548120840402,0.14072446483258277,0.0887548120840402,0.14072446483258277,2032,53,,ok,false,false,,sampling_only,not_applicable_no_annotator_in_pipeline,n/a: CorEx labels have no annotator,observed,Complete source-document paragraph corpus; CorEx labels
4,corex:Foreign policy,Foreign policy,corex,Deterministic CorEx issue model,Foreign policy,,,,,year5,1970,1970,1970,1974,1970.0,14.57943925233645,percent of eligible paragraphs,,535,eligible paragraphs,0.14579439252336449,0.09932403433476394,0.20631751632773082,0.09932403433476394,0.20631751632773082,535,25,,ok,false,false,,sampling_only,not_applicable_no_annotator_in_pipeline,n/a: CorEx labels have no annotator,observed,Complete source-document paragraph corpus; CorEx labels
4,corex:Foreign policy,Foreign policy,corex,Deterministic CorEx issue model,Foreign policy,,,,,year5,1975,1975,1975,1979,1975.0,20.961887477313976,percent of eligible paragraphs,,1102,eligible paragraphs,0.20961887477313976,0.13707375735266006,0.2964134821811936,0.13707375735266006,0.2964134821811936,1102,27,,ok,false,false,,sampling_only,not_applicable_no_annotator_in_pipeline,n/a: CorEx labels have no annotator,observed,Complete source-document paragraph corpus; CorEx labels
4,corex:Foreign policy,Foreign policy,corex,Deterministic CorEx issue model,Foreign policy,,,,,year5,1980,1980,1980,1984,1980.0,13.639070875521146,percent of eligible paragraphs,,1679,eligible paragraphs,0.13639070875521145,0.1026786015327345,0.17329171928391027,0.1026786015327345,0.17329171928391027,1679,41,,ok,false,false,,sampling_only,not_applicable_no_annotator_in_pipeline,n/a: CorEx labels have no annotator,observed,Complete source-document paragraph corpus; CorEx labels
4,corex:Foreign policy,Foreign policy,corex,Deterministic CorEx issue model,Foreign policy,,,,,year5,1985,1985,1985,1989,1985.0,17.298578199052134,percent of eligible paragraphs,,844,eligible paragraphs,0.17298578199052134,0.11907295122862215,0.25120729303547956,0.11907295122862215,0.25120729303547956,844,28,,ok,false,false,,sampling_only,not_applicable_no_annotator_in_pipeline,n/a: CorEx labels have no annotator,observed,Complete source-document paragraph corpus; CorEx labels
4,corex:Foreign policy,Foreign policy,corex,Deterministic CorEx issue model,Foreign policy,,,,,year5,1990,1990,1990,1994,1990.0,10.83743842364532,percent of eligible paragraphs,,1015,eligible paragraphs,0.10837438423645321,0.06871932694554803,0.15479476585419036,0.06871932694554803,0.15479476585419036,1015,32,,ok,false,false,,sampling_only,not_applicable_no_annotator_in_pipeline,n/a: CorEx labels have no annotator,observed,Complete source-document paragraph corpus; CorEx labels
4,corex:Foreign policy,Foreign policy,corex,Deterministic CorEx issue model,Foreign policy,,,,,year5,1995,1995,1995,1999,1995.0,7.793764988009593,percent of eligible paragraphs,,834,eligible paragraphs,0.07793764988009592,0.04876361708281115,0.12105316949528691,0.04876361708281115,0.12105316949528691,834,22,,ok,false,false,,sampling_only,not_applicable_no_annotator_in_pipeline,n/a: CorEx labels have no annotator,observed,Complete source-document paragraph corpus; CorEx labels
4,corex:Foreign policy,Foreign policy,corex,Deterministic CorEx issue model,Foreign policy,,,,,year5,2000,2000,2000,2004,2000.0,10.126582278481013,percent of eligible paragraphs,,632,eligible paragraphs,0.10126582278481013,0.07073358174196553,0.13618979345278814,0.07073358174196553,0.13618979345278814,632,23,,ok,false,false,,sampling_only,not_applicable_no_annotator_in_pipeline,n/a: CorEx labels have no annotator,observed,Complete source-document paragraph corpus; CorEx labels
4,corex:Foreign policy,Foreign policy,corex,Deterministic CorEx issue model,Foreign policy,,,,,year5,2005,2005,2005,2009,2005.0,7.505773672055427,percent of eligible paragraphs,,866,eligible paragraphs,0.07505773672055427,0.05126772354827218,0.0994209537232793,0.05126772354827218,0.0994209537232793,866,28,,ok,false,false,,sampling_only,not_applicable_no_annotator_in_pipeline,n/a: CorEx labels have no annotator,observed,Complete source-document paragraph corpus; CorEx labels
4,corex:Foreign policy,Foreign policy,corex,Deterministic CorEx issue model,Foreign policy,,,,,year5,2010,2010,2010,2014,2010.0,6.747967479674796,percent of eligible paragraphs,,1230,eligible paragraphs,0.06747967479674796,0.04653473454003064,0.09318890694000646,0.04653473454003064,0.09318890694000646,1230,33,,ok,false,false,,sampling_only,not_applicable_no_annotator_in_pipeline,n/a: CorEx labels have no annotator,observed,Complete source-document paragraph corpus; CorEx labels
4,corex:Foreign policy,Foreign policy,corex,Deterministic CorEx issue model,Foreign policy,,,,,year5,2015,2015,2015,2019,2015.0,7.931570762052877,percent of eligible paragraphs,,1286,eligible paragraphs,0.07931570762052877,0.05507703381782251,0.10566804293646287,0.05507703381782251,0.10566804293646287,1286,27,,ok,false,false,,sampling_only,not_applicable_no_annotator_in_pipeline,n/a: CorEx labels have no annotator,observed,Complete source-document paragraph corpus; CorEx labels
4,corex:Foreign policy,Foreign policy,corex,Deterministic CorEx issue model,Foreign policy,,,,,year5,2020,2020,2020,2024,2020.0,4.656669297553275,percent of eligible paragraphs,,2534,eligible paragraphs,0.04656669297553275,0.030383408174486804,0.06663473876493106,0.030383408174486804,0.06663473876493106,2534,50,,ok,false,false,,sampling_only,not_applicable_no_annotator_in_pipeline,n/a: CorEx labels have no annotator,observed,Complete source-document paragraph corpus; CorEx labels
4,corex:Foreign policy,Foreign policy,corex,Deterministic CorEx issue model,Foreign policy,,,,,year5,2025,2025,2025,2029,2025.0,6.93950177935943,percent of eligible paragraphs,,562,eligible paragraphs,0.0693950177935943,0.046460166177908116,0.10508523992711073,0.046460166177908116,0.10508523992711073,562,11,,ok,false,false,,sampling_only,not_applicable_no_annotator_in_pipeline,n/a: CorEx labels have no annotator,observed,Complete source-document paragraph corpus; CorEx labels
5,corex:Immigration,Immigration,corex,Deterministic CorEx issue model,Immigration,,,,,year5,1785,1785,1785,1789,1785.0,0.0,percent of eligible paragraphs,,14,eligible paragraphs,0.0,,,,,14,2,,low_cluster_caution,true,false,,sampling_only,not_applicable_no_annotator_in_pipeline,n/a: CorEx labels have no annotator,observed,Complete source-document paragraph corpus; CorEx labels
5,corex:Immigration,Immigration,corex,Deterministic CorEx issue model,Immigration,,,,,year5,1790,1790,1790,1794,1790.0,0.7751937984496124,percent of eligible paragraphs,,129,eligible paragraphs,0.007751937984496124,0.0,0.02886269070735089,0.0,0.02886269070735089,129,13,,ok,false,false,,sampling_only,not_applicable_no_annotator_in_pipeline,n/a: CorEx labels have no annotator,observed,Complete source-document paragraph corpus; CorEx labels
5,corex:Immigration,Immigration,corex,Deterministic CorEx issue model,Immigration,,,,,year5,1795,1795,1795,1799,1795.0,0.9433962264150944,percent of eligible paragraphs,,212,eligible paragraphs,0.009433962264150943,0.0,0.02175679511745085,0.0,0.02175679511745085,212,13,,ok,false,false,,sampling_only,not_applicable_no_annotator_in_pipeline,n/a: CorEx labels have no annotator,observed,Complete source-document paragraph corpus; CorEx labels
5,corex:Immigration,Immigration,corex,Deterministic CorEx issue model,Immigration,,,,,year5,1800,1800,1800,1804,1800.0,1.282051282051282,percent of eligible paragraphs,,156,eligible paragraphs,0.01282051282051282,0.0,0.02894571500376979,0.0,0.02894571500376979,156,13,,ok,false,false,,sampling_only,not_applicable_no_annotator_in_pipeline,n/a: CorEx labels have no annotator,observed,Complete source-document paragraph corpus; CorEx labels
5,corex:Immigration,Immigration,corex,Deterministic CorEx issue model,Immigration,,,,,year5,1805,1805,1805,1809,1805.0,0.5128205128205128,percent of eligible paragraphs,,195,eligible paragraphs,0.005128205128205128,0.0,0.015426249008723235,0.0,0.015426249008723235,195,15,,ok,false,false,,sampling_only,not_applicable_no_annotator_in_pipeline,n/a: CorEx labels have no annotator,observed,Complete source-document paragraph corpus; CorEx labels
5,corex:Immigration,Immigration,corex,Deterministic CorEx issue model,Immigration,,,,,year5,1810,1810,1810,1814,1810.0,2.197802197802198,percent of eligible paragraphs,,182,eligible paragraphs,0.02197802197802198,0.0,0.044491677912730544,0.0,0.044491677912730544,182,14,,ok,false,false,,sampling_only,not_applicable_no_annotator_in_pipeline,n/a: CorEx labels have no annotator,observed,Complete source-document paragraph corpus; CorEx labels
5,corex:Immigration,Immigration,corex,Deterministic CorEx issue model,Immigration,,,,,year5,1815,1815,1815,1819,1815.0,0.49261083743842365,percent of eligible paragraphs,,203,eligible paragraphs,0.0049261083743842365,0.0,0.014406647758716104,0.0,0.014406647758716104,203,9,,ok,false,false,,sampling_only,not_applicable_no_annotator_in_pipeline,n/a: CorEx labels have no annotator,observed,Complete source-document paragraph corpus; CorEx labels
5,corex:Immigration,Immigration,corex,Deterministic CorEx issue model,Immigration,,,,,year5,1820,1820,1820,1824,1820.0,0.36101083032490977,percent of eligible paragraphs,,277,eligible paragraphs,0.0036101083032490976,0.0,0.010423223005968525,0.0,0.010423223005968525,277,7,,low_cluster_caution,false,false,,sampling_only,not_applicable_no_annotator_in_pipeline,n/a: CorEx labels have no annotator,observed,Complete source-document paragraph corpus; CorEx labels
5,corex:Immigration,Immigration,corex,Deterministic CorEx issue model,Immigration,,,,,year5,1825,1825,1825,1829,1825.0,0.2717391304347826,percent of eligible paragraphs,,368,eligible paragraphs,0.002717391304347826,0.0,0.00798856593061949,0.0,0.00798856593061949,368,10,,ok,false,false,,sampling_only,not_applicable_no_annotator_in_pipeline,n/a: CorEx labels have no annotator,observed,Complete source-document paragraph corpus; CorEx labels
5,corex:Immigration,Immigration,corex,Deterministic CorEx issue model,Immigration,,,,,year5,1830,1830,1830,1834,1830.0,0.4975124378109453,percent of eligible paragraphs,,804,eligible paragraphs,0.004975124378109453,0.0,0.013461886819795665,0.0,0.013461886819795665,804,19,,ok,false,false,,sampling_only,not_applicable_no_annotator_in_pipeline,n/a: CorEx labels have no annotator,observed,Complete source-document paragraph corpus; CorEx labels
5,corex:Immigration,Immigration,corex,Deterministic CorEx issue model,Immigration,,,,,year5,1835,1835,1835,1839,1835.0,0.6220839813374806,percent of eligible paragraphs,,643,eligible paragraphs,0.006220839813374806,0.0,0.012896874870132564,0.0,0.012896874870132564,643,12,,ok,false,false,,sampling_only,not_applicable_no_annotator_in_pipeline,n/a: CorEx labels have no annotator,observed,Complete source-document paragraph corpus; CorEx labels
5,corex:Immigration,Immigration,corex,Deterministic CorEx issue model,Immigration,,,,,year5,1840,1840,1840,1844,1840.0,1.3657056145675266,percent of eligible paragraphs,,659,eligible paragraphs,0.013657056145675266,0.005016316977206567,0.02331505942617054,0.005016316977206567,0.02331505942617054,659,20,,ok,false,false,,sampling_only,not_applicable_no_annotator_in_pipeline,n/a: CorEx labels have no annotator,observed,Complete source-document paragraph corpus; CorEx labels
5,corex:Immigration,Immigration,corex,Deterministic CorEx issue model,Immigration,,,,,year5,1845,1845,1845,1849,1845.0,0.7566204287515763,percent of eligible paragraphs,,793,eligible paragraphs,0.007566204287515763,0.0017163837638376387,0.012692047540825199,0.0017163837638376387,0.012692047540825199,793,28,,ok,false,false,,sampling_only,not_applicable_no_annotator_in_pipeline,n/a: CorEx labels have no annotator,observed,Complete source-document paragraph corpus; CorEx labels
5,corex:Immigration,Immigration,corex,Deterministic CorEx issue model,Immigration,,,,,year5,1850,1850,1850,1854,1850.0,0.6637168141592921,percent of eligible paragraphs,,904,eligible paragraphs,0.00663716814159292,0.0017338078998625503,0.014061032863849764,0.0017338078998625503,0.014061032863849764,904,21,,ok,false,false,,sampling_only,not_applicable_no_annotator_in_pipeline,n/a: CorEx labels have no annotator,observed,Complete source-document paragraph corpus; CorEx labels
5,corex:Immigration,Immigration,corex,Deterministic CorEx issue model,Immigration,,,,,year5,1855,1855,1855,1859,1855.0,1.1611030478955007,percent of eligible paragraphs,,689,eligible paragraphs,0.011611030478955007,0.0021386420534265046,0.019781844631328573,0.0021386420534265046,0.019781844631328573,689,13,,ok,false,false,,sampling_only,not_applicable_no_annotator_in_pipeline,n/a: CorEx labels have no annotator,observed,Complete source-document paragraph corpus; CorEx labels
5,corex:Immigration,Immigration,corex,Deterministic CorEx issue model,Immigration,,,,,year5,1860,1860,1860,1864,1860.0,1.7107309486780715,percent of eligible paragraphs,,643,eligible paragraphs,0.017107309486780714,0.0062373909551118,0.031177432473237676,0.0062373909551118,0.031177432473237676,643,18,,ok,false,false,,sampling_only,not_applicable_no_annotator_in_pipeline,n/a: CorEx labels have no annotator,observed,Complete source-document paragraph corpus; CorEx labels
5,corex:Immigration,Immigration,corex,Deterministic CorEx issue model,Immigration,,,,,year5,1865,1865,1865,1869,1865.0,1.972872996300863,percent of eligible paragraphs,,811,eligible paragraphs,0.01972872996300863,0.009140198629958133,0.03066196236559139,0.009140198629958133,0.03066196236559139,811,37,,ok,false,false,,sampling_only,not_applicable_no_annotator_in_pipeline,n/a: CorEx labels have no annotator,observed,Complete source-document paragraph corpus; CorEx labels
5,corex:Immigration,Immigration,corex,Deterministic CorEx issue model,Immigration,,,,,year5,1870,1870,1870,1874,1870.0,4.9504950495049505,percent of eligible paragraphs,,505,eligible paragraphs,0.04950495049504951,0.022768320082958867,0.07254350732136004,0.022768320082958867,0.07254350732136004,505,19,,ok,false,false,,sampling_only,not_applicable_no_annotator_in_pipeline,n/a: CorEx labels have no annotator,observed,Complete source-document paragraph corpus; CorEx labels
5,corex:Immigration,Immigration,corex,Deterministic CorEx issue model,Immigration,,,,,year5,1875,1875,1875,1879,1875.0,6.3439065108514185,percent of eligible paragraphs,,599,eligible paragraphs,0.06343906510851419,0.03745831039730596,0.09952373425132308,0.03745831039730596,0.09952373425132308,599,20,,ok,false,false,,sampling_only,not_applicable_no_annotator_in_pipeline,n/a: CorEx labels have no annotator,observed,Complete source-document paragraph corpus; CorEx labels
5,corex:Immigration,Immigration,corex,Deterministic CorEx issue model,Immigration,,,,,year5,1880,1880,1880,1884,1880.0,6.446540880503145,percent of eligible paragraphs,,636,eligible paragraphs,0.06446540880503145,0.03691123820151579,0.10307357318364324,0.03691123820151579,0.10307357318364324,636,16,,ok,false,false,,sampling_only,not_applicable_no_annotator_in_pipeline,n/a: CorEx labels have no annotator,observed,Complete source-document paragraph corpus; CorEx labels
5,corex:Immigration,Immigration,corex,Deterministic CorEx issue model,Immigration,,,,,year5,1885,1885,1885,1889,1885.0,6.015037593984962,percent of eligible paragraphs,,798,eligible paragraphs,0.06015037593984962,0.042917213375388785,0.08165368690851733,0.042917213375388785,0.08165368690851733,798,18,,ok,false,false,,sampling_only,not_applicable_no_annotator_in_pipeline,n/a: CorEx labels have no annotator,observed,Complete source-document paragraph corpus; CorEx labels
5,corex:Immigration,Immigration,corex,Deterministic CorEx issue model,Immigration,,,,,year5,1890,1890,1890,1894,1890.0,3.1990521327014214,percent of eligible paragraphs,,844,eligible paragraphs,0.031990521327014215,0.0196222674412204,0.04422439599562699,0.0196222674412204,0.04422439599562699,844,20,,ok,false,false,,sampling_only,not_applicable_no_annotator_in_pipeline,n/a: CorEx labels have no annotator,observed,Complete source-document paragraph corpus; CorEx labels
5,corex:Immigration,Immigration,corex,Deterministic CorEx issue model,Immigration,,,,,year5,1895,1895,1895,1899,1895.0,4.85207100591716,percent of eligible paragraphs,,845,eligible paragraphs,0.0485207100591716,0.028430301540203807,0.09138522329083724,0.028430301540203807,0.09138522329083724,845,20,,ok,false,false,,sampling_only,not_applicable_no_annotator_in_pipeline,n/a: CorEx labels have no annotator,observed,Complete source-document paragraph corpus; CorEx labels
5,corex:Immigration,Immigration,corex,Deterministic CorEx issue model,Immigration,,,,,year5,1900,1900,1900,1904,1900.0,3.734939759036145,percent of eligible paragraphs,,830,eligible paragraphs,0.03734939759036145,0.012715147572011594,0.06220633585646201,0.012715147572011594,0.06220633585646201,830,15,,ok,false,false,,sampling_only,not_applicable_no_annotator_in_pipeline,n/a: CorEx labels have no annotator,observed,Complete source-document paragraph corpus; CorEx labels
5,corex:Immigration,Immigration,corex,Deterministic CorEx issue model,Immigration,,,,,year5,1905,1905,1905,1909,1905.0,3.6458333333333335,percent of eligible paragraphs,,1152,eligible paragraphs,0.036458333333333336,0.01388180611621132,0.06504097577546124,0.01388180611621132,0.06504097577546124,1152,16,,ok,false,false,,sampling_only,not_applicable_no_annotator_in_pipeline,n/a: CorEx labels have no annotator,observed,Complete source-document paragraph corpus; CorEx labels
5,corex:Immigration,Immigration,corex,Deterministic CorEx issue model,Immigration,,,,,year5,1910,1910,1910,1914,1910.0,3.004291845493562,percent of eligible paragraphs,,932,eligible paragraphs,0.030042918454935622,0.009192668696093354,0.053011362391452,0.009192668696093354,0.053011362391452,932,20,,ok,false,false,,sampling_only,not_applicable_no_annotator_in_pipeline,n/a: CorEx labels have no annotator,observed,Complete source-document paragraph corpus; CorEx labels
5,corex:Immigration,Immigration,corex,Deterministic CorEx issue model,Immigration,,,,,year5,1915,1915,1915,1919,1915.0,2.1691973969631237,percent of eligible paragraphs,,461,eligible paragraphs,0.021691973969631236,0.00784797935046423,0.04110101719250645,0.00784797935046423,0.04110101719250645,461,21,,ok,false,false,,sampling_only,not_applicable_no_annotator_in_pipeline,n/a: CorEx labels have no annotator,observed,Complete source-document paragraph corpus; CorEx labels
5,corex:Immigration,Immigration,corex,Deterministic CorEx issue model,Immigration,,,,,year5,1920,1920,1920,1924,1920.0,6.685236768802229,percent of eligible paragraphs,,359,eligible paragraphs,0.06685236768802229,0.036231344997015205,0.10375056205035968,0.036231344997015205,0.10375056205035968,359,19,,ok,false,false,,sampling_only,not_applicable_no_annotator_in_pipeline,n/a: CorEx labels have no annotator,observed,Complete source-document paragraph corpus; CorEx labels
5,corex:Immigration,Immigration,corex,Deterministic CorEx issue model,Immigration,,,,,year5,1925,1925,1925,1929,1925.0,2.894356005788712,percent of eligible paragraphs,,691,eligible paragraphs,0.02894356005788712,0.020396660264618012,0.03763391588519466,0.020396660264618012,0.03763391588519466,691,20,,ok,false,false,,sampling_only,not_applicable_no_annotator_in_pipeline,n/a: CorEx labels have no annotator,observed,Complete source-document paragraph corpus; CorEx labels
5,corex:Immigration,Immigration,corex,Deterministic CorEx issue model,Immigration,,,,,year5,1930,1930,1930,1934,1930.0,2.2257551669316373,percent of eligible paragraphs,,629,eligible paragraphs,0.022257551669316374,0.011120902906617193,0.03495748674911659,0.011120902906617193,0.03495748674911659,629,27,,ok,false,false,,sampling_only,not_applicable_no_annotator_in_pipeline,n/a: CorEx labels have no annotator,observed,Complete source-document paragraph corpus; CorEx labels
5,corex:Immigration,Immigration,corex,Deterministic CorEx issue model,Immigration,,,,,year5,1935,1935,1935,1939,1935.0,1.4545454545454546,percent of eligible paragraphs,,275,eligible paragraphs,0.014545454545454545,0.0,0.03219652804767457,0.0,0.03219652804767457,275,13,,ok,false,false,,sampling_only,not_applicable_no_annotator_in_pipeline,n/a: CorEx labels have no annotator,observed,Complete source-document paragraph corpus; CorEx labels
5,corex:Immigration,Immigration,corex,Deterministic CorEx issue model,Immigration,,,,,year5,1940,1940,1940,1944,1940.0,0.9950248756218906,percent of eligible paragraphs,,603,eligible paragraphs,0.009950248756218905,0.0029620280948200175,0.017969921176072334,0.0029620280948200175,0.017969921176072334,603,26,,ok,false,false,,sampling_only,not_applicable_no_annotator_in_pipeline,n/a: CorEx labels have no annotator,observed,Complete source-document paragraph corpus; CorEx labels
5,corex:Immigration,Immigration,corex,Deterministic CorEx issue model,Immigration,,,,,year5,1945,1945,1945,1949,1945.0,1.4760147601476015,percent of eligible paragraphs,,271,eligible paragraphs,0.014760147601476014,0.0,0.02587513935340021,0.0,0.02587513935340021,271,17,,ok,false,false,,sampling_only,not_applicable_no_annotator_in_pipeline,n/a: CorEx labels have no annotator,observed,Complete source-document paragraph corpus; CorEx labels
5,corex:Immigration,Immigration,corex,Deterministic CorEx issue model,Immigration,,,,,year5,1950,1950,1950,1954,1950.0,1.440922190201729,percent of eligible paragraphs,,347,eligible paragraphs,0.01440922190201729,0.0,0.022724783703865947,0.0,0.022724783703865947,347,11,,ok,false,false,,sampling_only,not_applicable_no_annotator_in_pipeline,n/a: CorEx labels have no annotator,observed,Complete source-document paragraph corpus; CorEx labels
5,corex:Immigration,Immigration,corex,Deterministic CorEx issue model,Immigration,,,,,year5,1955,1955,1955,1959,1955.0,1.9851116625310175,percent of eligible paragraphs,,403,eligible paragraphs,0.019851116625310174,0.002784545906015271,0.03322439642142243,0.002784545906015271,0.03322439642142243,403,8,,ok,false,false,,sampling_only,not_applicable_no_annotator_in_pipeline,n/a: CorEx labels have no annotator,observed,Complete source-document paragraph corpus; CorEx labels
5,corex:Immigration,Immigration,corex,Deterministic CorEx issue model,Immigration,,,,,year5,1960,1960,1960,1964,1960.0,0.5866425992779783,percent of eligible paragraphs,,2216,eligible paragraphs,0.0058664259927797835,0.0022072726209504505,0.009664648492453373,0.0022072726209504505,0.009664648492453373,2216,67,,ok,false,false,,sampling_only,not_applicable_no_annotator_in_pipeline,n/a: CorEx labels have no annotator,observed,Complete source-document paragraph corpus; CorEx labels
5,corex:Immigration,Immigration,corex,Deterministic CorEx issue model,Immigration,,,,,year5,1965,1965,1965,1969,1965.0,0.2952755905511811,percent of eligible paragraphs,,2032,eligible paragraphs,0.002952755905511811,0.0005242643829600352,0.006094846503760258,0.0005242643829600352,0.006094846503760258,2032,53,,ok,false,false,,sampling_only,not_applicable_no_annotator_in_pipeline,n/a: CorEx labels have no annotator,observed,Complete source-document paragraph corpus; CorEx labels
5,corex:Immigration,Immigration,corex,Deterministic CorEx issue model,Immigration,,,,,year5,1970,1970,1970,1974,1970.0,0.3738317757009346,percent of eligible paragraphs,,535,eligible paragraphs,0.003738317757009346,0.0,0.011690656695010754,0.0,0.011690656695010754,535,25,,ok,false,false,,sampling_only,not_applicable_no_annotator_in_pipeline,n/a: CorEx labels have no annotator,observed,Complete source-document paragraph corpus; CorEx labels
5,corex:Immigration,Immigration,corex,Deterministic CorEx issue model,Immigration,,,,,year5,1975,1975,1975,1979,1975.0,0.7259528130671506,percent of eligible paragraphs,,1102,eligible paragraphs,0.007259528130671506,0.0011305683563748081,0.013533247892309435,0.0011305683563748081,0.013533247892309435,1102,27,,ok,false,false,,sampling_only,not_applicable_no_annotator_in_pipeline,n/a: CorEx labels have no annotator,observed,Complete source-document paragraph corpus; CorEx labels
5,corex:Immigration,Immigration,corex,Deterministic CorEx issue model,Immigration,,,,,year5,1980,1980,1980,1984,1980.0,1.3103037522334724,percent of eligible paragraphs,,1679,eligible paragraphs,0.013103037522334724,0.0028549593819954477,0.028046577123050243,0.0028549593819954477,0.028046577123050243,1679,41,,ok,false,false,,sampling_only,not_applicable_no_annotator_in_pipeline,n/a: CorEx labels have no annotator,observed,Complete source-document paragraph corpus; CorEx labels
5,corex:Immigration,Immigration,corex,Deterministic CorEx issue model,Immigration,,,,,year5,1985,1985,1985,1989,1985.0,0.47393364928909953,percent of eligible paragraphs,,844,eligible paragraphs,0.004739336492890996,0.0,0.008654380936082826,0.0,0.008654380936082826,844,28,,ok,false,false,,sampling_only,not_applicable_no_annotator_in_pipeline,n/a: CorEx labels have no annotator,observed,Complete source-document paragraph corpus; CorEx labels
5,corex:Immigration,Immigration,corex,Deterministic CorEx issue model,Immigration,,,,,year5,1990,1990,1990,1994,1990.0,1.083743842364532,percent of eligible paragraphs,,1015,eligible paragraphs,0.01083743842364532,0.0010333737163955234,0.026004628226351745,0.0010333737163955234,0.026004628226351745,1015,32,,ok,false,false,,sampling_only,not_applicable_no_annotator_in_pipeline,n/a: CorEx labels have no annotator,observed,Complete source-document paragraph corpus; CorEx labels
5,corex:Immigration,Immigration,corex,Deterministic CorEx issue model,Immigration,,,,,year5,1995,1995,1995,1999,1995.0,2.997601918465228,percent of eligible paragraphs,,834,eligible paragraphs,0.02997601918465228,0.01742703899939199,0.04584304001152793,0.01742703899939199,0.04584304001152793,834,22,,ok,false,false,,sampling_only,not_applicable_no_annotator_in_pipeline,n/a: CorEx labels have no annotator,observed,Complete source-document paragraph corpus; CorEx labels
5,corex:Immigration,Immigration,corex,Deterministic CorEx issue model,Immigration,,,,,year5,2000,2000,2000,2004,2000.0,3.9556962025316458,percent of eligible paragraphs,,632,eligible paragraphs,0.03955696202531646,0.008833169452638479,0.09201192944259004,0.008833169452638479,0.09201192944259004,632,23,,ok,false,false,,sampling_only,not_applicable_no_annotator_in_pipeline,n/a: CorEx labels have no annotator,observed,Complete source-document paragraph corpus; CorEx labels
5,corex:Immigration,Immigration,corex,Deterministic CorEx issue model,Immigration,,,,,year5,2005,2005,2005,2009,2005.0,6.466512702078522,percent of eligible paragraphs,,866,eligible paragraphs,0.06466512702078522,0.020203855134071136,0.14181508356978523,0.020203855134071136,0.14181508356978523,866,28,,ok,false,false,,sampling_only,not_applicable_no_annotator_in_pipeline,n/a: CorEx labels have no annotator,observed,Complete source-document paragraph corpus; CorEx labels
5,corex:Immigration,Immigration,corex,Deterministic CorEx issue model,Immigration,,,,,year5,2010,2010,2010,2014,2010.0,5.121951219512195,percent of eligible paragraphs,,1230,eligible paragraphs,0.05121951219512195,0.02743267168295257,0.09172559773389964,0.02743267168295257,0.09172559773389964,1230,33,,ok,false,false,,sampling_only,not_applicable_no_annotator_in_pipeline,n/a: CorEx labels have no annotator,observed,Complete source-document paragraph corpus; CorEx labels
5,corex:Immigration,Immigration,corex,Deterministic CorEx issue model,Immigration,,,,,year5,2015,2015,2015,2019,2015.0,9.253499222395023,percent of eligible paragraphs,,1286,eligible paragraphs,0.09253499222395023,0.06115699533269603,0.13551328722242442,0.06115699533269603,0.13551328722242442,1286,27,,ok,false,false,,sampling_only,not_applicable_no_annotator_in_pipeline,n/a: CorEx labels have no annotator,observed,Complete source-document paragraph corpus; CorEx labels
5,corex:Immigration,Immigration,corex,Deterministic CorEx issue model,Immigration,,,,,year5,2020,2020,2020,2024,2020.0,3.117600631412786,percent of eligible paragraphs,,2534,eligible paragraphs,0.031176006314127862,0.015143139632322819,0.05237938817740615,0.015143139632322819,0.05237938817740615,2534,50,,ok,false,false,,sampling_only,not_applicable_no_annotator_in_pipeline,n/a: CorEx labels have no annotator,observed,Complete source-document paragraph corpus; CorEx labels
5,corex:Immigration,Immigration,corex,Deterministic CorEx issue model,Immigration,,,,,year5,2025,2025,2025,2029,2025.0,9.252669039145907,percent of eligible paragraphs,,562,eligible paragraphs,0.09252669039145907,0.054933941491034914,0.1254663357222697,0.054933941491034914,0.1254663357222697,562,11,,ok,false,false,,sampling_only,not_applicable_no_annotator_in_pipeline,n/a: CorEx labels have no annotator,observed,Complete source-document paragraph corpus; CorEx labels
6,corex:Civil rights & race,Civil rights & race,corex,Deterministic CorEx issue model,Civil rights & race,,,,,year5,1785,1785,1785,1789,1785.0,7.142857142857142,percent of eligible paragraphs,,14,eligible paragraphs,0.07142857142857142,0.0,0.09090909090909091,0.0,0.09090909090909091,14,2,,low_cluster_caution,false,false,,sampling_only,not_applicable_no_annotator_in_pipeline,n/a: CorEx labels have no annotator,observed,Complete source-document paragraph corpus; CorEx labels
6,corex:Civil rights & race,Civil rights & race,corex,Deterministic CorEx issue model,Civil rights & race,,,,,year5,1790,1790,1790,1794,1790.0,0.7751937984496124,percent of eligible paragraphs,,129,eligible paragraphs,0.007751937984496124,0.0,0.023191961285118964,0.0,0.023191961285118964,129,13,,ok,false,false,,sampling_only,not_applicable_no_annotator_in_pipeline,n/a: CorEx labels have no annotator,observed,Complete source-document paragraph corpus; CorEx labels
6,corex:Civil rights & race,Civil rights & race,corex,Deterministic CorEx issue model,Civil rights & race,,,,,year5,1795,1795,1795,1799,1795.0,0.0,percent of eligible paragraphs,,212,eligible paragraphs,0.0,0.0,0.0,0.0,0.0,212,13,,ok,false,false,,sampling_only,not_applicable_no_annotator_in_pipeline,n/a: CorEx labels have no annotator,observed,Complete source-document paragraph corpus; CorEx labels
6,corex:Civil rights & race,Civil rights & race,corex,Deterministic CorEx issue model,Civil rights & race,,,,,year5,1800,1800,1800,1804,1800.0,1.9230769230769231,percent of eligible paragraphs,,156,eligible paragraphs,0.019230769230769232,0.0,0.04335077831454642,0.0,0.04335077831454642,156,13,,ok,false,false,,sampling_only,not_applicable_no_annotator_in_pipeline,n/a: CorEx labels have no annotator,observed,Complete source-document paragraph corpus; CorEx labels
6,corex:Civil rights & race,Civil rights & race,corex,Deterministic CorEx issue model,Civil rights & race,,,,,year5,1805,1805,1805,1809,1805.0,1.0256410256410255,percent of eligible paragraphs,,195,eligible paragraphs,0.010256410256410256,0.0,0.024847396491660744,0.0,0.024847396491660744,195,15,,ok,false,false,,sampling_only,not_applicable_no_annotator_in_pipeline,n/a: CorEx labels have no annotator,observed,Complete source-document paragraph corpus; CorEx labels
6,corex:Civil rights & race,Civil rights & race,corex,Deterministic CorEx issue model,Civil rights & race,,,,,year5,1810,1810,1810,1814,1810.0,2.7472527472527473,percent of eligible paragraphs,,182,eligible paragraphs,0.027472527472527472,0.01035843737414418,0.04601671203871748,0.01035843737414418,0.04601671203871748,182,14,,ok,false,false,,sampling_only,not_applicable_no_annotator_in_pipeline,n/a: CorEx labels have no annotator,observed,Complete source-document paragraph corpus; CorEx labels
6,corex:Civil rights & race,Civil rights & race,corex,Deterministic CorEx issue model,Civil rights & race,,,,,year5,1815,1815,1815,1819,1815.0,1.477832512315271,percent of eligible paragraphs,,203,eligible paragraphs,0.014778325123152709,0.0,0.03651031270791747,0.0,0.03651031270791747,203,9,,ok,false,false,,sampling_only,not_applicable_no_annotator_in_pipeline,n/a: CorEx labels have no annotator,observed,Complete source-document paragraph corpus; CorEx labels
6,corex:Civil rights & race,Civil rights & race,corex,Deterministic CorEx issue model,Civil rights & race,,,,,year5,1820,1820,1820,1824,1820.0,1.8050541516245486,percent of eligible paragraphs,,277,eligible paragraphs,0.018050541516245487,0.005584208552138035,0.0338078461245477,0.005584208552138035,0.0338078461245477,277,7,,low_cluster_caution,false,false,,sampling_only,not_applicable_no_annotator_in_pipeline,n/a: CorEx labels have no annotator,observed,Complete source-document paragraph corpus; CorEx labels
6,corex:Civil rights & race,Civil rights & race,corex,Deterministic CorEx issue model,Civil rights & race,,,,,year5,1825,1825,1825,1829,1825.0,4.3478260869565215,percent of eligible paragraphs,,368,eligible paragraphs,0.043478260869565216,0.02880813953488372,0.056987806858273184,0.02880813953488372,0.056987806858273184,368,10,,ok,false,false,,sampling_only,not_applicable_no_annotator_in_pipeline,n/a: CorEx labels have no annotator,observed,Complete source-document paragraph corpus; CorEx labels
6,corex:Civil rights & race,Civil rights & race,corex,Deterministic CorEx issue model,Civil rights & race,,,,,year5,1830,1830,1830,1834,1830.0,1.4925373134328357,percent of eligible paragraphs,,804,eligible paragraphs,0.014925373134328358,0.007962079047484853,0.022828023906130052,0.007962079047484853,0.022828023906130052,804,19,,ok,false,false,,sampling_only,not_applicable_no_annotator_in_pipeline,n/a: CorEx labels have no annotator,observed,Complete source-document paragraph corpus; CorEx labels
6,corex:Civil rights & race,Civil rights & race,corex,Deterministic CorEx issue model,Civil rights & race,,,,,year5,1835,1835,1835,1839,1835.0,3.265940902021773,percent of eligible paragraphs,,643,eligible paragraphs,0.03265940902021773,0.019546661137487834,0.04890956445337014,0.019546661137487834,0.04890956445337014,643,12,,ok,false,false,,sampling_only,not_applicable_no_annotator_in_pipeline,n/a: CorEx labels have no annotator,observed,Complete source-document paragraph corpus; CorEx labels
6,corex:Civil rights & race,Civil rights & race,corex,Deterministic CorEx issue model,Civil rights & race,,,,,year5,1840,1840,1840,1844,1840.0,2.579666160849772,percent of eligible paragraphs,,659,eligible paragraphs,0.025796661608497723,0.014671846072151287,0.03995899822695035,0.014671846072151287,0.03995899822695035,659,20,,ok,false,false,,sampling_only,not_applicable_no_annotator_in_pipeline,n/a: CorEx labels have no annotator,observed,Complete source-document paragraph corpus; CorEx labels
6,corex:Civil rights & race,Civil rights & race,corex,Deterministic CorEx issue model,Civil rights & race,,,,,year5,1845,1845,1845,1849,1845.0,2.1437578814627996,percent of eligible paragraphs,,793,eligible paragraphs,0.021437578814627996,0.004758929397918567,0.04184336295099622,0.004758929397918567,0.04184336295099622,793,28,,ok,false,false,,sampling_only,not_applicable_no_annotator_in_pipeline,n/a: CorEx labels have no annotator,observed,Complete source-document paragraph corpus; CorEx labels
6,corex:Civil rights & race,Civil rights & race,corex,Deterministic CorEx issue model,Civil rights & race,,,,,year5,1850,1850,1850,1854,1850.0,23.11946902654867,percent of eligible paragraphs,,904,eligible paragraphs,0.23119469026548672,0.019285093887004716,0.42598598715082886,0.019285093887004716,0.42598598715082886,904,21,,ok,false,false,,sampling_only,not_applicable_no_annotator_in_pipeline,n/a: CorEx labels have no annotator,observed,Complete source-document paragraph corpus; CorEx labels
6,corex:Civil rights & race,Civil rights & race,corex,Deterministic CorEx issue model,Civil rights & race,,,,,year5,1855,1855,1855,1859,1855.0,11.756168359941945,percent of eligible paragraphs,,689,eligible paragraphs,0.11756168359941944,0.06386773089403404,0.21473158593231578,0.06386773089403404,0.21473158593231578,689,13,,ok,false,false,,sampling_only,not_applicable_no_annotator_in_pipeline,n/a: CorEx labels have no annotator,observed,Complete source-document paragraph corpus; CorEx labels
6,corex:Civil rights & race,Civil rights & race,corex,Deterministic CorEx issue model,Civil rights & race,,,,,year5,1860,1860,1860,1864,1860.0,16.329704510108865,percent of eligible paragraphs,,643,eligible paragraphs,0.16329704510108864,0.04598799047370102,0.3056889401796866,0.04598799047370102,0.3056889401796866,643,18,,ok,false,false,,sampling_only,not_applicable_no_annotator_in_pipeline,n/a: CorEx labels have no annotator,observed,Complete source-document paragraph corpus; CorEx labels
6,corex:Civil rights & race,Civil rights & race,corex,Deterministic CorEx issue model,Civil rights & race,,,,,year5,1865,1865,1865,1869,1865.0,10.35758323057953,percent of eligible paragraphs,,811,eligible paragraphs,0.10357583230579531,0.06736075429041209,0.14714542882859716,0.06736075429041209,0.14714542882859716,811,37,,ok,false,false,,sampling_only,not_applicable_no_annotator_in_pipeline,n/a: CorEx labels have no annotator,observed,Complete source-document paragraph corpus; CorEx labels
6,corex:Civil rights & race,Civil rights & race,corex,Deterministic CorEx issue model,Civil rights & race,,,,,year5,1870,1870,1870,1874,1870.0,6.138613861386139,percent of eligible paragraphs,,505,eligible paragraphs,0.061386138613861385,0.03652178395555879,0.10135766232531607,0.03652178395555879,0.10135766232531607,505,19,,ok,false,false,,sampling_only,not_applicable_no_annotator_in_pipeline,n/a: CorEx labels have no annotator,observed,Complete source-document paragraph corpus; CorEx labels
6,corex:Civil rights & race,Civil rights & race,corex,Deterministic CorEx issue model,Civil rights & race,,,,,year5,1875,1875,1875,1879,1875.0,5.175292153589315,percent of eligible paragraphs,,599,eligible paragraphs,0.05175292153589316,0.036718870658145365,0.07444493727030793,0.036718870658145365,0.07444493727030793,599,20,,ok,false,false,,sampling_only,not_applicable_no_annotator_in_pipeline,n/a: CorEx labels have no annotator,observed,Complete source-document paragraph corpus; CorEx labels
6,corex:Civil rights & race,Civil rights & race,corex,Deterministic CorEx issue model,Civil rights & race,,,,,year5,1880,1880,1880,1884,1880.0,2.8301886792452833,percent of eligible paragraphs,,636,eligible paragraphs,0.02830188679245283,0.011898005148005148,0.06797925562424319,0.011898005148005148,0.06797925562424319,636,16,,ok,false,false,,sampling_only,not_applicable_no_annotator_in_pipeline,n/a: CorEx labels have no annotator,observed,Complete source-document paragraph corpus; CorEx labels
6,corex:Civil rights & race,Civil rights & race,corex,Deterministic CorEx issue model,Civil rights & race,,,,,year5,1885,1885,1885,1889,1885.0,5.012531328320802,percent of eligible paragraphs,,798,eligible paragraphs,0.05012531328320802,0.03328071267463629,0.07314695030035769,0.03328071267463629,0.07314695030035769,798,18,,ok,false,false,,sampling_only,not_applicable_no_annotator_in_pipeline,n/a: CorEx labels have no annotator,observed,Complete source-document paragraph corpus; CorEx labels
6,corex:Civil rights & race,Civil rights & race,corex,Deterministic CorEx issue model,Civil rights & race,,,,,year5,1890,1890,1890,1894,1890.0,2.7251184834123223,percent of eligible paragraphs,,844,eligible paragraphs,0.027251184834123223,0.015631939209974126,0.04144613583138173,0.015631939209974126,0.04144613583138173,844,20,,ok,false,false,,sampling_only,not_applicable_no_annotator_in_pipeline,n/a: CorEx labels have no annotator,observed,Complete source-document paragraph corpus; CorEx labels
6,corex:Civil rights & race,Civil rights & race,corex,Deterministic CorEx issue model,Civil rights & race,,,,,year5,1895,1895,1895,1899,1895.0,1.8934911242603552,percent of eligible paragraphs,,845,eligible paragraphs,0.01893491124260355,0.005716599764387626,0.029119500854990744,0.005716599764387626,0.029119500854990744,845,20,,ok,false,false,,sampling_only,not_applicable_no_annotator_in_pipeline,n/a: CorEx labels have no annotator,observed,Complete source-document paragraph corpus; CorEx labels
6,corex:Civil rights & race,Civil rights & race,corex,Deterministic CorEx issue model,Civil rights & race,,,,,year5,1900,1900,1900,1904,1900.0,3.3734939759036147,percent of eligible paragraphs,,830,eligible paragraphs,0.033734939759036145,0.019117632118983277,0.04559549630190671,0.019117632118983277,0.04559549630190671,830,15,,ok,false,false,,sampling_only,not_applicable_no_annotator_in_pipeline,n/a: CorEx labels have no annotator,observed,Complete source-document paragraph corpus; CorEx labels
6,corex:Civil rights & race,Civil rights & race,corex,Deterministic CorEx issue model,Civil rights & race,,,,,year5,1905,1905,1905,1909,1905.0,4.253472222222222,percent of eligible paragraphs,,1152,eligible paragraphs,0.042534722222222224,0.01948591886393554,0.07576653511159492,0.01948591886393554,0.07576653511159492,1152,16,,ok,false,false,,sampling_only,not_applicable_no_annotator_in_pipeline,n/a: CorEx labels have no annotator,observed,Complete source-document paragraph corpus; CorEx labels
6,corex:Civil rights & race,Civil rights & race,corex,Deterministic CorEx issue model,Civil rights & race,,,,,year5,1910,1910,1910,1914,1910.0,3.111587982832618,percent of eligible paragraphs,,932,eligible paragraphs,0.03111587982832618,0.020982705609954706,0.04409989528715971,0.020982705609954706,0.04409989528715971,932,20,,ok,false,false,,sampling_only,not_applicable_no_annotator_in_pipeline,n/a: CorEx labels have no annotator,observed,Complete source-document paragraph corpus; CorEx labels
6,corex:Civil rights & race,Civil rights & race,corex,Deterministic CorEx issue model,Civil rights & race,,,,,year5,1915,1915,1915,1919,1915.0,5.206073752711497,percent of eligible paragraphs,,461,eligible paragraphs,0.052060737527114966,0.02226080916825838,0.08541241685144124,0.02226080916825838,0.08541241685144124,461,21,,ok,false,false,,sampling_only,not_applicable_no_annotator_in_pipeline,n/a: CorEx labels have no annotator,observed,Complete source-document paragraph corpus; CorEx labels
6,corex:Civil rights & race,Civil rights & race,corex,Deterministic CorEx issue model,Civil rights & race,,,,,year5,1920,1920,1920,1924,1920.0,3.6211699164345403,percent of eligible paragraphs,,359,eligible paragraphs,0.036211699164345405,0.021827704084614034,0.05151466293221791,0.021827704084614034,0.05151466293221791,359,19,,ok,false,false,,sampling_only,not_applicable_no_annotator_in_pipeline,n/a: CorEx labels have no annotator,observed,Complete source-document paragraph corpus; CorEx labels
6,corex:Civil rights & race,Civil rights & race,corex,Deterministic CorEx issue model,Civil rights & race,,,,,year5,1925,1925,1925,1929,1925.0,6.512301013024602,percent of eligible paragraphs,,691,eligible paragraphs,0.06512301013024602,0.042733639590474194,0.0968010752688172,0.042733639590474194,0.0968010752688172,691,20,,ok,false,false,,sampling_only,not_applicable_no_annotator_in_pipeline,n/a: CorEx labels have no annotator,observed,Complete source-document paragraph corpus; CorEx labels
6,corex:Civil rights & race,Civil rights & race,corex,Deterministic CorEx issue model,Civil rights & race,,,,,year5,1930,1930,1930,1934,1930.0,2.5437201907790143,percent of eligible paragraphs,,629,eligible paragraphs,0.025437201907790145,0.005867402679546893,0.04887715179968699,0.005867402679546893,0.04887715179968699,629,27,,ok,false,false,,sampling_only,not_applicable_no_annotator_in_pipeline,n/a: CorEx labels have no annotator,observed,Complete source-document paragraph corpus; CorEx labels
6,corex:Civil rights & race,Civil rights & race,corex,Deterministic CorEx issue model,Civil rights & race,,,,,year5,1935,1935,1935,1939,1935.0,1.4545454545454546,percent of eligible paragraphs,,275,eligible paragraphs,0.014545454545454545,0.0028808139534883723,0.03609987357774966,0.0028808139534883723,0.03609987357774966,275,13,,ok,false,false,,sampling_only,not_applicable_no_annotator_in_pipeline,n/a: CorEx labels have no annotator,observed,Complete source-document paragraph corpus; CorEx labels
6,corex:Civil rights & race,Civil rights & race,corex,Deterministic CorEx issue model,Civil rights & race,,,,,year5,1940,1940,1940,1944,1940.0,5.804311774461028,percent of eligible paragraphs,,603,eligible paragraphs,0.05804311774461028,0.04093012241329059,0.07809983775988462,0.04093012241329059,0.07809983775988462,603,26,,ok,false,false,,sampling_only,not_applicable_no_annotator_in_pipeline,n/a: CorEx labels have no annotator,observed,Complete source-document paragraph corpus; CorEx labels
6,corex:Civil rights & race,Civil rights & race,corex,Deterministic CorEx issue model,Civil rights & race,,,,,year5,1945,1945,1945,1949,1945.0,5.166051660516605,percent of eligible paragraphs,,271,eligible paragraphs,0.05166051660516605,0.018557707773258887,0.10378477118318163,0.018557707773258887,0.10378477118318163,271,17,,ok,false,false,,sampling_only,not_applicable_no_annotator_in_pipeline,n/a: CorEx labels have no annotator,observed,Complete source-document paragraph corpus; CorEx labels
6,corex:Civil rights & race,Civil rights & race,corex,Deterministic CorEx issue model,Civil rights & race,,,,,year5,1950,1950,1950,1954,1950.0,4.322766570605188,percent of eligible paragraphs,,347,eligible paragraphs,0.043227665706051875,0.017592879256965944,0.08501362721640336,0.017592879256965944,0.08501362721640336,347,11,,ok,false,false,,sampling_only,not_applicable_no_annotator_in_pipeline,n/a: CorEx labels have no annotator,observed,Complete source-document paragraph corpus; CorEx labels
6,corex:Civil rights & race,Civil rights & race,corex,Deterministic CorEx issue model,Civil rights & race,,,,,year5,1955,1955,1955,1959,1955.0,4.218362282878412,percent of eligible paragraphs,,403,eligible paragraphs,0.04218362282878412,0.021254773389609086,0.06510416666666667,0.021254773389609086,0.06510416666666667,403,8,,ok,false,false,,sampling_only,not_applicable_no_annotator_in_pipeline,n/a: CorEx labels have no annotator,observed,Complete source-document paragraph corpus; CorEx labels
6,corex:Civil rights & race,Civil rights & race,corex,Deterministic CorEx issue model,Civil rights & race,,,,,year5,1960,1960,1960,1964,1960.0,5.144404332129964,percent of eligible paragraphs,,2216,eligible paragraphs,0.05144404332129964,0.038320446292741624,0.07001717339762678,0.038320446292741624,0.07001717339762678,2216,67,,ok,false,false,,sampling_only,not_applicable_no_annotator_in_pipeline,n/a: CorEx labels have no annotator,observed,Complete source-document paragraph corpus; CorEx labels
6,corex:Civil rights & race,Civil rights & race,corex,Deterministic CorEx issue model,Civil rights & race,,,,,year5,1965,1965,1965,1969,1965.0,5.659448818897637,percent of eligible paragraphs,,2032,eligible paragraphs,0.056594488188976375,0.03490077379738822,0.08471792019622937,0.03490077379738822,0.08471792019622937,2032,53,,ok,false,false,,sampling_only,not_applicable_no_annotator_in_pipeline,n/a: CorEx labels have no annotator,observed,Complete source-document paragraph corpus; CorEx labels
6,corex:Civil rights & race,Civil rights & race,corex,Deterministic CorEx issue model,Civil rights & race,,,,,year5,1970,1970,1970,1974,1970.0,0.9345794392523363,percent of eligible paragraphs,,535,eligible paragraphs,0.009345794392523364,0.002192752542861952,0.016016675632060235,0.002192752542861952,0.016016675632060235,535,25,,ok,false,false,,sampling_only,not_applicable_no_annotator_in_pipeline,n/a: CorEx labels have no annotator,observed,Complete source-document paragraph corpus; CorEx labels
6,corex:Civil rights & race,Civil rights & race,corex,Deterministic CorEx issue model,Civil rights & race,,,,,year5,1975,1975,1975,1979,1975.0,2.540834845735027,percent of eligible paragraphs,,1102,eligible paragraphs,0.025408348457350273,0.014425996507963546,0.042435102194258126,0.014425996507963546,0.042435102194258126,1102,27,,ok,false,false,,sampling_only,not_applicable_no_annotator_in_pipeline,n/a: CorEx labels have no annotator,observed,Complete source-document paragraph corpus; CorEx labels
6,corex:Civil rights & race,Civil rights & race,corex,Deterministic CorEx issue model,Civil rights & race,,,,,year5,1980,1980,1980,1984,1980.0,4.050029779630733,percent of eligible paragraphs,,1679,eligible paragraphs,0.04050029779630732,0.025543585397243933,0.05669317687961754,0.025543585397243933,0.05669317687961754,1679,41,,ok,false,false,,sampling_only,not_applicable_no_annotator_in_pipeline,n/a: CorEx labels have no annotator,observed,Complete source-document paragraph corpus; CorEx labels
6,corex:Civil rights & race,Civil rights & race,corex,Deterministic CorEx issue model,Civil rights & race,,,,,year5,1985,1985,1985,1989,1985.0,1.7772511848341233,percent of eligible paragraphs,,844,eligible paragraphs,0.017772511848341232,0.008250116989747444,0.029408745219351107,0.008250116989747444,0.029408745219351107,844,28,,ok,false,false,,sampling_only,not_applicable_no_annotator_in_pipeline,n/a: CorEx labels have no annotator,observed,Complete source-document paragraph corpus; CorEx labels
6,corex:Civil rights & race,Civil rights & race,corex,Deterministic CorEx issue model,Civil rights & race,,,,,year5,1990,1990,1990,1994,1990.0,2.6600985221674875,percent of eligible paragraphs,,1015,eligible paragraphs,0.026600985221674877,0.013140343074414184,0.03941953018831294,0.013140343074414184,0.03941953018831294,1015,32,,ok,false,false,,sampling_only,not_applicable_no_annotator_in_pipeline,n/a: CorEx labels have no annotator,observed,Complete source-document paragraph corpus; CorEx labels
6,corex:Civil rights & race,Civil rights & race,corex,Deterministic CorEx issue model,Civil rights & race,,,,,year5,1995,1995,1995,1999,1995.0,7.074340527577938,percent of eligible paragraphs,,834,eligible paragraphs,0.07074340527577938,0.033161991817602994,0.13272632547092927,0.033161991817602994,0.13272632547092927,834,22,,ok,false,false,,sampling_only,not_applicable_no_annotator_in_pipeline,n/a: CorEx labels have no annotator,observed,Complete source-document paragraph corpus; CorEx labels
6,corex:Civil rights & race,Civil rights & race,corex,Deterministic CorEx issue model,Civil rights & race,,,,,year5,2000,2000,2000,2004,2000.0,2.2151898734177213,percent of eligible paragraphs,,632,eligible paragraphs,0.022151898734177215,0.007396378054887409,0.03955910918067283,0.007396378054887409,0.03955910918067283,632,23,,ok,false,false,,sampling_only,not_applicable_no_annotator_in_pipeline,n/a: CorEx labels have no annotator,observed,Complete source-document paragraph corpus; CorEx labels
6,corex:Civil rights & race,Civil rights & race,corex,Deterministic CorEx issue model,Civil rights & race,,,,,year5,2005,2005,2005,2009,2005.0,2.424942263279446,percent of eligible paragraphs,,866,eligible paragraphs,0.02424942263279446,0.013973168237562691,0.03870123792270531,0.013973168237562691,0.03870123792270531,866,28,,ok,false,false,,sampling_only,not_applicable_no_annotator_in_pipeline,n/a: CorEx labels have no annotator,observed,Complete source-document paragraph corpus; CorEx labels
6,corex:Civil rights & race,Civil rights & race,corex,Deterministic CorEx issue model,Civil rights & race,,,,,year5,2010,2010,2010,2014,2010.0,3.6585365853658534,percent of eligible paragraphs,,1230,eligible paragraphs,0.036585365853658534,0.020706464346776626,0.05365995522353273,0.020706464346776626,0.05365995522353273,1230,33,,ok,false,false,,sampling_only,not_applicable_no_annotator_in_pipeline,n/a: CorEx labels have no annotator,observed,Complete source-document paragraph corpus; CorEx labels
6,corex:Civil rights & race,Civil rights & race,corex,Deterministic CorEx issue model,Civil rights & race,,,,,year5,2015,2015,2015,2019,2015.0,2.7993779160186625,percent of eligible paragraphs,,1286,eligible paragraphs,0.027993779160186624,0.013782152967590786,0.04521530112705016,0.013782152967590786,0.04521530112705016,1286,27,,ok,false,false,,sampling_only,not_applicable_no_annotator_in_pipeline,n/a: CorEx labels have no annotator,observed,Complete source-document paragraph corpus; CorEx labels
6,corex:Civil rights & race,Civil rights & race,corex,Deterministic CorEx issue model,Civil rights & race,,,,,year5,2020,2020,2020,2024,2020.0,1.4601420678768744,percent of eligible paragraphs,,2534,eligible paragraphs,0.014601420678768745,0.009462747601803288,0.021705070599577533,0.009462747601803288,0.021705070599577533,2534,50,,ok,false,false,,sampling_only,not_applicable_no_annotator_in_pipeline,n/a: CorEx labels have no annotator,observed,Complete source-document paragraph corpus; CorEx labels
6,corex:Civil rights & race,Civil rights & race,corex,Deterministic CorEx issue model,Civil rights & race,,,,,year5,2025,2025,2025,2029,2025.0,1.2455516014234875,percent of eligible paragraphs,,562,eligible paragraphs,0.012455516014234875,0.0,0.02971631229391424,0.0,0.02971631229391424,562,11,,ok,false,false,,sampling_only,not_applicable_no_annotator_in_pipeline,n/a: CorEx labels have no annotator,observed,Complete source-document paragraph corpus; CorEx labels
7,corex:Health care,Health care,corex,Deterministic CorEx issue model,Health care,,,,,year5,1785,1785,1785,1789,1785.0,7.142857142857142,percent of eligible paragraphs,,14,eligible paragraphs,0.07142857142857142,0.0,0.09090909090909091,0.0,0.09090909090909091,14,2,,low_cluster_caution,false,false,,sampling_only,not_applicable_no_annotator_in_pipeline,n/a: CorEx labels have no annotator,observed,Complete source-document paragraph corpus; CorEx labels
7,corex:Health care,Health care,corex,Deterministic CorEx issue model,Health care,,,,,year5,1790,1790,1790,1794,1790.0,0.0,percent of eligible paragraphs,,129,eligible paragraphs,0.0,0.0,0.0,0.0,0.0,129,13,,ok,false,false,,sampling_only,not_applicable_no_annotator_in_pipeline,n/a: CorEx labels have no annotator,observed,Complete source-document paragraph corpus; CorEx labels
7,corex:Health care,Health care,corex,Deterministic CorEx issue model,Health care,,,,,year5,1795,1795,1795,1799,1795.0,2.358490566037736,percent of eligible paragraphs,,212,eligible paragraphs,0.02358490566037736,0.005801945643377395,0.04432780847145487,0.005801945643377395,0.04432780847145487,212,13,,ok,false,false,,sampling_only,not_applicable_no_annotator_in_pipeline,n/a: CorEx labels have no annotator,observed,Complete source-document paragraph corpus; CorEx labels
7,corex:Health care,Health care,corex,Deterministic CorEx issue model,Health care,,,,,year5,1800,1800,1800,1804,1800.0,1.282051282051282,percent of eligible paragraphs,,156,eligible paragraphs,0.01282051282051282,0.0,0.036026822700911315,0.0,0.036026822700911315,156,13,,ok,false,false,,sampling_only,not_applicable_no_annotator_in_pipeline,n/a: CorEx labels have no annotator,observed,Complete source-document paragraph corpus; CorEx labels
7,corex:Health care,Health care,corex,Deterministic CorEx issue model,Health care,,,,,year5,1805,1805,1805,1809,1805.0,3.076923076923077,percent of eligible paragraphs,,195,eligible paragraphs,0.03076923076923077,0.005076142131979695,0.06532663316582915,0.005076142131979695,0.06532663316582915,195,15,,ok,false,false,,sampling_only,not_applicable_no_annotator_in_pipeline,n/a: CorEx labels have no annotator,observed,Complete source-document paragraph corpus; CorEx labels
7,corex:Health care,Health care,corex,Deterministic CorEx issue model,Health care,,,,,year5,1810,1810,1810,1814,1810.0,0.5494505494505495,percent of eligible paragraphs,,182,eligible paragraphs,0.005494505494505495,0.0,0.01597978723404255,0.0,0.01597978723404255,182,14,,ok,false,false,,sampling_only,not_applicable_no_annotator_in_pipeline,n/a: CorEx labels have no annotator,observed,Complete source-document paragraph corpus; CorEx labels
7,corex:Health care,Health care,corex,Deterministic CorEx issue model,Health care,,,,,year5,1815,1815,1815,1819,1815.0,1.477832512315271,percent of eligible paragraphs,,203,eligible paragraphs,0.014778325123152709,0.0,0.027898174742888908,0.0,0.027898174742888908,203,9,,ok,false,false,,sampling_only,not_applicable_no_annotator_in_pipeline,n/a: CorEx labels have no annotator,observed,Complete source-document paragraph corpus; CorEx labels
7,corex:Health care,Health care,corex,Deterministic CorEx issue model,Health care,,,,,year5,1820,1820,1820,1824,1820.0,0.36101083032490977,percent of eligible paragraphs,,277,eligible paragraphs,0.0036101083032490976,0.0,0.009433962264150943,0.0,0.009433962264150943,277,7,,low_cluster_caution,false,false,,sampling_only,not_applicable_no_annotator_in_pipeline,n/a: CorEx labels have no annotator,observed,Complete source-document paragraph corpus; CorEx labels
7,corex:Health care,Health care,corex,Deterministic CorEx issue model,Health care,,,,,year5,1825,1825,1825,1829,1825.0,1.9021739130434785,percent of eligible paragraphs,,368,eligible paragraphs,0.019021739130434784,0.008293292948762075,0.029188604981287905,0.008293292948762075,0.029188604981287905,368,10,,ok,false,false,,sampling_only,not_applicable_no_annotator_in_pipeline,n/a: CorEx labels have no annotator,observed,Complete source-document paragraph corpus; CorEx labels
7,corex:Health care,Health care,corex,Deterministic CorEx issue model,Health care,,,,,year5,1830,1830,1830,1834,1830.0,0.7462686567164178,percent of eligible paragraphs,,804,eligible paragraphs,0.007462686567164179,0.0030572831423895256,0.011709773971867283,0.0030572831423895256,0.011709773971867283,804,19,,ok,false,false,,sampling_only,not_applicable_no_annotator_in_pipeline,n/a: CorEx labels have no annotator,observed,Complete source-document paragraph corpus; CorEx labels
7,corex:Health care,Health care,corex,Deterministic CorEx issue model,Health care,,,,,year5,1835,1835,1835,1839,1835.0,1.244167962674961,percent of eligible paragraphs,,643,eligible paragraphs,0.012441679626749611,0.009387674131546463,0.015372813990461047,0.009387674131546463,0.015372813990461047,643,12,,ok,false,false,,sampling_only,not_applicable_no_annotator_in_pipeline,n/a: CorEx labels have no annotator,observed,Complete source-document paragraph corpus; CorEx labels
7,corex:Health care,Health care,corex,Deterministic CorEx issue model,Health care,,,,,year5,1840,1840,1840,1844,1840.0,1.669195751138088,percent of eligible paragraphs,,659,eligible paragraphs,0.01669195751138088,0.009161719733765067,0.025289100434449263,0.009161719733765067,0.025289100434449263,659,20,,ok,false,false,,sampling_only,not_applicable_no_annotator_in_pipeline,n/a: CorEx labels have no annotator,observed,Complete source-document paragraph corpus; CorEx labels
7,corex:Health care,Health care,corex,Deterministic CorEx issue model,Health care,,,,,year5,1845,1845,1845,1849,1845.0,0.5044136191677175,percent of eligible paragraphs,,793,eligible paragraphs,0.005044136191677175,0.0,0.009942393697366986,0.0,0.009942393697366986,793,28,,ok,false,false,,sampling_only,not_applicable_no_annotator_in_pipeline,n/a: CorEx labels have no annotator,observed,Complete source-document paragraph corpus; CorEx labels
7,corex:Health care,Health care,corex,Deterministic CorEx issue model,Health care,,,,,year5,1850,1850,1850,1854,1850.0,0.995575221238938,percent of eligible paragraphs,,904,eligible paragraphs,0.00995575221238938,0.0022692044266608992,0.02171555489378598,0.0022692044266608992,0.02171555489378598,904,21,,ok,false,false,,sampling_only,not_applicable_no_annotator_in_pipeline,n/a: CorEx labels have no annotator,observed,Complete source-document paragraph corpus; CorEx labels
7,corex:Health care,Health care,corex,Deterministic CorEx issue model,Health care,,,,,year5,1855,1855,1855,1859,1855.0,0.43541364296081275,percent of eligible paragraphs,,689,eligible paragraphs,0.0043541364296081275,0.0,0.009517897364921701,0.0,0.009517897364921701,689,13,,ok,false,false,,sampling_only,not_applicable_no_annotator_in_pipeline,n/a: CorEx labels have no annotator,observed,Complete source-document paragraph corpus; CorEx labels
7,corex:Health care,Health care,corex,Deterministic CorEx issue model,Health care,,,,,year5,1860,1860,1860,1864,1860.0,1.5552099533437014,percent of eligible paragraphs,,643,eligible paragraphs,0.015552099533437015,0.004432101328903655,0.029235026041666664,0.004432101328903655,0.029235026041666664,643,18,,ok,false,false,,sampling_only,not_applicable_no_annotator_in_pipeline,n/a: CorEx labels have no annotator,observed,Complete source-document paragraph corpus; CorEx labels
7,corex:Health care,Health care,corex,Deterministic CorEx issue model,Health care,,,,,year5,1865,1865,1865,1869,1865.0,0.2466091245376079,percent of eligible paragraphs,,811,eligible paragraphs,0.002466091245376079,0.0,0.008276845702164417,0.0,0.008276845702164417,811,37,,ok,false,false,,sampling_only,not_applicable_no_annotator_in_pipeline,n/a: CorEx labels have no annotator,observed,Complete source-document paragraph corpus; CorEx labels
7,corex:Health care,Health care,corex,Deterministic CorEx issue model,Health care,,,,,year5,1870,1870,1870,1874,1870.0,0.594059405940594,percent of eligible paragraphs,,505,eligible paragraphs,0.005940594059405941,0.0,0.015566458982346832,0.0,0.015566458982346832,505,19,,ok,false,false,,sampling_only,not_applicable_no_annotator_in_pipeline,n/a: CorEx labels have no annotator,observed,Complete source-document paragraph corpus; CorEx labels
7,corex:Health care,Health care,corex,Deterministic CorEx issue model,Health care,,,,,year5,1875,1875,1875,1879,1875.0,1.8363939899833055,percent of eligible paragraphs,,599,eligible paragraphs,0.018363939899833055,0.006106865478442697,0.03344515441959531,0.006106865478442697,0.03344515441959531,599,20,,ok,false,false,,sampling_only,not_applicable_no_annotator_in_pipeline,n/a: CorEx labels have no annotator,observed,Complete source-document paragraph corpus; CorEx labels
7,corex:Health care,Health care,corex,Deterministic CorEx issue model,Health care,,,,,year5,1880,1880,1880,1884,1880.0,2.358490566037736,percent of eligible paragraphs,,636,eligible paragraphs,0.02358490566037736,0.006731777000675206,0.03662975587462391,0.006731777000675206,0.03662975587462391,636,16,,ok,false,false,,sampling_only,not_applicable_no_annotator_in_pipeline,n/a: CorEx labels have no annotator,observed,Complete source-document paragraph corpus; CorEx labels
7,corex:Health care,Health care,corex,Deterministic CorEx issue model,Health care,,,,,year5,1885,1885,1885,1889,1885.0,1.7543859649122806,percent of eligible paragraphs,,798,eligible paragraphs,0.017543859649122806,0.00953666613560325,0.02785162598595434,0.00953666613560325,0.02785162598595434,798,18,,ok,false,false,,sampling_only,not_applicable_no_annotator_in_pipeline,n/a: CorEx labels have no annotator,observed,Complete source-document paragraph corpus; CorEx labels
7,corex:Health care,Health care,corex,Deterministic CorEx issue model,Health care,,,,,year5,1890,1890,1890,1894,1890.0,1.4218009478672986,percent of eligible paragraphs,,844,eligible paragraphs,0.014218009478672985,0.005719448288526999,0.022022771317829447,0.005719448288526999,0.022022771317829447,844,20,,ok,false,false,,sampling_only,not_applicable_no_annotator_in_pipeline,n/a: CorEx labels have no annotator,observed,Complete source-document paragraph corpus; CorEx labels
7,corex:Health care,Health care,corex,Deterministic CorEx issue model,Health care,,,,,year5,1895,1895,1895,1899,1895.0,2.130177514792899,percent of eligible paragraphs,,845,eligible paragraphs,0.021301775147928994,0.008227870600782084,0.02908513011069001,0.008227870600782084,0.02908513011069001,845,20,,ok,false,false,,sampling_only,not_applicable_no_annotator_in_pipeline,n/a: CorEx labels have no annotator,observed,Complete source-document paragraph corpus; CorEx labels
7,corex:Health care,Health care,corex,Deterministic CorEx issue model,Health care,,,,,year5,1900,1900,1900,1904,1900.0,1.8072289156626504,percent of eligible paragraphs,,830,eligible paragraphs,0.018072289156626505,0.0056930091185410335,0.0281110979814269,0.0056930091185410335,0.0281110979814269,830,15,,ok,false,false,,sampling_only,not_applicable_no_annotator_in_pipeline,n/a: CorEx labels have no annotator,observed,Complete source-document paragraph corpus; CorEx labels
7,corex:Health care,Health care,corex,Deterministic CorEx issue model,Health care,,,,,year5,1905,1905,1905,1909,1905.0,3.298611111111111,percent of eligible paragraphs,,1152,eligible paragraphs,0.03298611111111111,0.009961895218746266,0.06406523135004659,0.009961895218746266,0.06406523135004659,1152,16,,ok,false,false,,sampling_only,not_applicable_no_annotator_in_pipeline,n/a: CorEx labels have no annotator,observed,Complete source-document paragraph corpus; CorEx labels
7,corex:Health care,Health care,corex,Deterministic CorEx issue model,Health care,,,,,year5,1910,1910,1910,1914,1910.0,2.03862660944206,percent of eligible paragraphs,,932,eligible paragraphs,0.0203862660944206,0.007007233519858059,0.029312084076481983,0.007007233519858059,0.029312084076481983,932,20,,ok,false,false,,sampling_only,not_applicable_no_annotator_in_pipeline,n/a: CorEx labels have no annotator,observed,Complete source-document paragraph corpus; CorEx labels
7,corex:Health care,Health care,corex,Deterministic CorEx issue model,Health care,,,,,year5,1915,1915,1915,1919,1915.0,1.5184381778741864,percent of eligible paragraphs,,461,eligible paragraphs,0.015184381778741865,0.004085214183165838,0.027747305619707466,0.004085214183165838,0.027747305619707466,461,21,,ok,false,false,,sampling_only,not_applicable_no_annotator_in_pipeline,n/a: CorEx labels have no annotator,observed,Complete source-document paragraph corpus; CorEx labels
7,corex:Health care,Health care,corex,Deterministic CorEx issue model,Health care,,,,,year5,1920,1920,1920,1924,1920.0,1.6713091922005572,percent of eligible paragraphs,,359,eligible paragraphs,0.016713091922005572,0.0,0.03038856304985337,0.0,0.03038856304985337,359,19,,ok,false,false,,sampling_only,not_applicable_no_annotator_in_pipeline,n/a: CorEx labels have no annotator,observed,Complete source-document paragraph corpus; CorEx labels
7,corex:Health care,Health care,corex,Deterministic CorEx issue model,Health care,,,,,year5,1925,1925,1925,1929,1925.0,3.4732272069464547,percent of eligible paragraphs,,691,eligible paragraphs,0.03473227206946455,0.0178712247691757,0.05471478463329453,0.0178712247691757,0.05471478463329453,691,20,,ok,false,false,,sampling_only,not_applicable_no_annotator_in_pipeline,n/a: CorEx labels have no annotator,observed,Complete source-document paragraph corpus; CorEx labels
7,corex:Health care,Health care,corex,Deterministic CorEx issue model,Health care,,,,,year5,1930,1930,1930,1934,1930.0,6.836248012718602,percent of eligible paragraphs,,629,eligible paragraphs,0.06836248012718601,0.05061161048689138,0.08722833497162061,0.05061161048689138,0.08722833497162061,629,27,,ok,false,false,,sampling_only,not_applicable_no_annotator_in_pipeline,n/a: CorEx labels have no annotator,observed,Complete source-document paragraph corpus; CorEx labels
7,corex:Health care,Health care,corex,Deterministic CorEx issue model,Health care,,,,,year5,1935,1935,1935,1939,1935.0,5.818181818181818,percent of eligible paragraphs,,275,eligible paragraphs,0.05818181818181818,0.028973177360274136,0.09520020614048784,0.028973177360274136,0.09520020614048784,275,13,,ok,false,false,,sampling_only,not_applicable_no_annotator_in_pipeline,n/a: CorEx labels have no annotator,observed,Complete source-document paragraph corpus; CorEx labels
7,corex:Health care,Health care,corex,Deterministic CorEx issue model,Health care,,,,,year5,1940,1940,1940,1944,1940.0,1.8242122719734661,percent of eligible paragraphs,,603,eligible paragraphs,0.01824212271973466,0.010711149669134692,0.02802383970358814,0.010711149669134692,0.02802383970358814,603,26,,ok,false,false,,sampling_only,not_applicable_no_annotator_in_pipeline,n/a: CorEx labels have no annotator,observed,Complete source-document paragraph corpus; CorEx labels
7,corex:Health care,Health care,corex,Deterministic CorEx issue model,Health care,,,,,year5,1945,1945,1945,1949,1945.0,1.4760147601476015,percent of eligible paragraphs,,271,eligible paragraphs,0.014760147601476014,0.0,0.03393148254698886,0.0,0.03393148254698886,271,17,,ok,false,false,,sampling_only,not_applicable_no_annotator_in_pipeline,n/a: CorEx labels have no annotator,observed,Complete source-document paragraph corpus; CorEx labels
7,corex:Health care,Health care,corex,Deterministic CorEx issue model,Health care,,,,,year5,1950,1950,1950,1954,1950.0,5.763688760806916,percent of eligible paragraphs,,347,eligible paragraphs,0.05763688760806916,0.02352515994094488,0.09310893664862603,0.02352515994094488,0.09310893664862603,347,11,,ok,false,false,,sampling_only,not_applicable_no_annotator_in_pipeline,n/a: CorEx labels have no annotator,observed,Complete source-document paragraph corpus; CorEx labels
7,corex:Health care,Health care,corex,Deterministic CorEx issue model,Health care,,,,,year5,1955,1955,1955,1959,1955.0,9.67741935483871,percent of eligible paragraphs,,403,eligible paragraphs,0.0967741935483871,0.06068558513309894,0.1236996659046949,0.06068558513309894,0.1236996659046949,403,8,,ok,false,false,,sampling_only,not_applicable_no_annotator_in_pipeline,n/a: CorEx labels have no annotator,observed,Complete source-document paragraph corpus; CorEx labels
7,corex:Health care,Health care,corex,Deterministic CorEx issue model,Health care,,,,,year5,1960,1960,1960,1964,1960.0,4.016245487364621,percent of eligible paragraphs,,2216,eligible paragraphs,0.04016245487364621,0.026590968283237735,0.05571510587901674,0.026590968283237735,0.05571510587901674,2216,67,,ok,false,false,,sampling_only,not_applicable_no_annotator_in_pipeline,n/a: CorEx labels have no annotator,observed,Complete source-document paragraph corpus; CorEx labels
7,corex:Health care,Health care,corex,Deterministic CorEx issue model,Health care,,,,,year5,1965,1965,1965,1969,1965.0,4.675196850393701,percent of eligible paragraphs,,2032,eligible paragraphs,0.04675196850393701,0.03387341622564971,0.05856938246192234,0.03387341622564971,0.05856938246192234,2032,53,,ok,false,false,,sampling_only,not_applicable_no_annotator_in_pipeline,n/a: CorEx labels have no annotator,observed,Complete source-document paragraph corpus; CorEx labels
7,corex:Health care,Health care,corex,Deterministic CorEx issue model,Health care,,,,,year5,1970,1970,1970,1974,1970.0,4.112149532710281,percent of eligible paragraphs,,535,eligible paragraphs,0.041121495327102804,0.020157543230860185,0.06251336898395721,0.020157543230860185,0.06251336898395721,535,25,,ok,false,false,,sampling_only,not_applicable_no_annotator_in_pipeline,n/a: CorEx labels have no annotator,observed,Complete source-document paragraph corpus; CorEx labels
7,corex:Health care,Health care,corex,Deterministic CorEx issue model,Health care,,,,,year5,1975,1975,1975,1979,1975.0,5.535390199637023,percent of eligible paragraphs,,1102,eligible paragraphs,0.05535390199637023,0.03481144542648116,0.07663183178782995,0.03481144542648116,0.07663183178782995,1102,27,,ok,false,false,,sampling_only,not_applicable_no_annotator_in_pipeline,n/a: CorEx labels have no annotator,observed,Complete source-document paragraph corpus; CorEx labels
7,corex:Health care,Health care,corex,Deterministic CorEx issue model,Health care,,,,,year5,1980,1980,1980,1984,1980.0,2.6801667659321025,percent of eligible paragraphs,,1679,eligible paragraphs,0.026801667659321026,0.01370585837044471,0.03874723730004827,0.01370585837044471,0.03874723730004827,1679,41,,ok,false,false,,sampling_only,not_applicable_no_annotator_in_pipeline,n/a: CorEx labels have no annotator,observed,Complete source-document paragraph corpus; CorEx labels
7,corex:Health care,Health care,corex,Deterministic CorEx issue model,Health care,,,,,year5,1985,1985,1985,1989,1985.0,4.739336492890995,percent of eligible paragraphs,,844,eligible paragraphs,0.04739336492890995,0.018223782845419395,0.07847578070730764,0.018223782845419395,0.07847578070730764,844,28,,ok,false,false,,sampling_only,not_applicable_no_annotator_in_pipeline,n/a: CorEx labels have no annotator,observed,Complete source-document paragraph corpus; CorEx labels
7,corex:Health care,Health care,corex,Deterministic CorEx issue model,Health care,,,,,year5,1990,1990,1990,1994,1990.0,12.216748768472907,percent of eligible paragraphs,,1015,eligible paragraphs,0.12216748768472907,0.051305522208883556,0.2226187916350451,0.051305522208883556,0.2226187916350451,1015,32,,ok,false,false,,sampling_only,not_applicable_no_annotator_in_pipeline,n/a: CorEx labels have no annotator,observed,Complete source-document paragraph corpus; CorEx labels
7,corex:Health care,Health care,corex,Deterministic CorEx issue model,Health care,,,,,year5,1995,1995,1995,1999,1995.0,10.67146282973621,percent of eligible paragraphs,,834,eligible paragraphs,0.10671462829736211,0.06303535455278002,0.13643538742758,0.06303535455278002,0.13643538742758,834,22,,ok,false,false,,sampling_only,not_applicable_no_annotator_in_pipeline,n/a: CorEx labels have no annotator,observed,Complete source-document paragraph corpus; CorEx labels
7,corex:Health care,Health care,corex,Deterministic CorEx issue model,Health care,,,,,year5,2000,2000,2000,2004,2000.0,13.60759493670886,percent of eligible paragraphs,,632,eligible paragraphs,0.1360759493670886,0.07107108925278043,0.20559627581720602,0.07107108925278043,0.20559627581720602,632,23,,ok,false,false,,sampling_only,not_applicable_no_annotator_in_pipeline,n/a: CorEx labels have no annotator,observed,Complete source-document paragraph corpus; CorEx labels
7,corex:Health care,Health care,corex,Deterministic CorEx issue model,Health care,,,,,year5,2005,2005,2005,2009,2005.0,13.394919168591224,percent of eligible paragraphs,,866,eligible paragraphs,0.13394919168591224,0.061796840914300925,0.2419148668404177,0.061796840914300925,0.2419148668404177,866,28,,ok,false,false,,sampling_only,not_applicable_no_annotator_in_pipeline,n/a: CorEx labels have no annotator,observed,Complete source-document paragraph corpus; CorEx labels
7,corex:Health care,Health care,corex,Deterministic CorEx issue model,Health care,,,,,year5,2010,2010,2010,2014,2010.0,12.276422764227641,percent of eligible paragraphs,,1230,eligible paragraphs,0.12276422764227642,0.07962016761286834,0.17400196510223118,0.07962016761286834,0.17400196510223118,1230,33,,ok,false,false,,sampling_only,not_applicable_no_annotator_in_pipeline,n/a: CorEx labels have no annotator,observed,Complete source-document paragraph corpus; CorEx labels
7,corex:Health care,Health care,corex,Deterministic CorEx issue model,Health care,,,,,year5,2015,2015,2015,2019,2015.0,4.89891135303266,percent of eligible paragraphs,,1286,eligible paragraphs,0.048989113530326596,0.02859297241812423,0.07039877178620245,0.02859297241812423,0.07039877178620245,1286,27,,ok,false,false,,sampling_only,not_applicable_no_annotator_in_pipeline,n/a: CorEx labels have no annotator,observed,Complete source-document paragraph corpus; CorEx labels
7,corex:Health care,Health care,corex,Deterministic CorEx issue model,Health care,,,,,year5,2020,2020,2020,2024,2020.0,9.668508287292818,percent of eligible paragraphs,,2534,eligible paragraphs,0.09668508287292818,0.06420615910170503,0.12290847546339233,0.06420615910170503,0.12290847546339233,2534,50,,ok,false,false,,sampling_only,not_applicable_no_annotator_in_pipeline,n/a: CorEx labels have no annotator,observed,Complete source-document paragraph corpus; CorEx labels
7,corex:Health care,Health care,corex,Deterministic CorEx issue model,Health care,,,,,year5,2025,2025,2025,2029,2025.0,4.804270462633451,percent of eligible paragraphs,,562,eligible paragraphs,0.04804270462633452,0.015524311436881558,0.07108520353638395,0.015524311436881558,0.07108520353638395,562,11,,ok,false,false,,sampling_only,not_applicable_no_annotator_in_pipeline,n/a: CorEx labels have no annotator,observed,Complete source-document paragraph corpus; CorEx labels
8,corex:Education,Education,corex,Deterministic CorEx issue model,Education,,,,,year5,1785,1785,1785,1789,1785.0,0.0,percent of eligible paragraphs,,14,eligible paragraphs,0.0,,,,,14,2,,low_cluster_caution,true,false,,sampling_only,not_applicable_no_annotator_in_pipeline,n/a: CorEx labels have no annotator,observed,Complete source-document paragraph corpus; CorEx labels
8,corex:Education,Education,corex,Deterministic CorEx issue model,Education,,,,,year5,1790,1790,1790,1794,1790.0,0.7751937984496124,percent of eligible paragraphs,,129,eligible paragraphs,0.007751937984496124,0.0,0.02886269070735089,0.0,0.02886269070735089,129,13,,ok,false,false,,sampling_only,not_applicable_no_annotator_in_pipeline,n/a: CorEx labels have no annotator,observed,Complete source-document paragraph corpus; CorEx labels
8,corex:Education,Education,corex,Deterministic CorEx issue model,Education,,,,,year5,1795,1795,1795,1799,1795.0,1.8867924528301887,percent of eligible paragraphs,,212,eligible paragraphs,0.018867924528301886,0.0020474137931034545,0.03816528066528065,0.0020474137931034545,0.03816528066528065,212,13,,ok,false,false,,sampling_only,not_applicable_no_annotator_in_pipeline,n/a: CorEx labels have no annotator,observed,Complete source-document paragraph corpus; CorEx labels
8,corex:Education,Education,corex,Deterministic CorEx issue model,Education,,,,,year5,1800,1800,1800,1804,1800.0,0.0,percent of eligible paragraphs,,156,eligible paragraphs,0.0,0.0,0.0,0.0,0.0,156,13,,ok,false,false,,sampling_only,not_applicable_no_annotator_in_pipeline,n/a: CorEx labels have no annotator,observed,Complete source-document paragraph corpus; CorEx labels
8,corex:Education,Education,corex,Deterministic CorEx issue model,Education,,,,,year5,1805,1805,1805,1809,1805.0,4.102564102564102,percent of eligible paragraphs,,195,eligible paragraphs,0.041025641025641026,0.011078882750153469,0.07462123467079414,0.011078882750153469,0.07462123467079414,195,15,,ok,false,false,,sampling_only,not_applicable_no_annotator_in_pipeline,n/a: CorEx labels have no annotator,observed,Complete source-document paragraph corpus; CorEx labels
8,corex:Education,Education,corex,Deterministic CorEx issue model,Education,,,,,year5,1810,1810,1810,1814,1810.0,1.6483516483516485,percent of eligible paragraphs,,182,eligible paragraphs,0.016483516483516484,0.0,0.04317538126361656,0.0,0.04317538126361656,182,14,,ok,false,false,,sampling_only,not_applicable_no_annotator_in_pipeline,n/a: CorEx labels have no annotator,observed,Complete source-document paragraph corpus; CorEx labels
8,corex:Education,Education,corex,Deterministic CorEx issue model,Education,,,,,year5,1815,1815,1815,1819,1815.0,0.9852216748768473,percent of eligible paragraphs,,203,eligible paragraphs,0.009852216748768473,0.0,0.02111111111111111,0.0,0.02111111111111111,203,9,,ok,false,false,,sampling_only,not_applicable_no_annotator_in_pipeline,n/a: CorEx labels have no annotator,observed,Complete source-document paragraph corpus; CorEx labels
8,corex:Education,Education,corex,Deterministic CorEx issue model,Education,,,,,year5,1820,1820,1820,1824,1820.0,1.083032490974729,percent of eligible paragraphs,,277,eligible paragraphs,0.010830324909747292,0.0,0.022871965137995432,0.0,0.022871965137995432,277,7,,low_cluster_caution,false,false,,sampling_only,not_applicable_no_annotator_in_pipeline,n/a: CorEx labels have no annotator,observed,Complete source-document paragraph corpus; CorEx labels
8,corex:Education,Education,corex,Deterministic CorEx issue model,Education,,,,,year5,1825,1825,1825,1829,1825.0,1.9021739130434785,percent of eligible paragraphs,,368,eligible paragraphs,0.019021739130434784,0.007759780687660669,0.028234392419175025,0.007759780687660669,0.028234392419175025,368,10,,ok,false,false,,sampling_only,not_applicable_no_annotator_in_pipeline,n/a: CorEx labels have no annotator,observed,Complete source-document paragraph corpus; CorEx labels
8,corex:Education,Education,corex,Deterministic CorEx issue model,Education,,,,,year5,1830,1830,1830,1834,1830.0,0.3731343283582089,percent of eligible paragraphs,,804,eligible paragraphs,0.0037313432835820895,0.0,0.007424768518518518,0.0,0.007424768518518518,804,19,,ok,false,false,,sampling_only,not_applicable_no_annotator_in_pipeline,n/a: CorEx labels have no annotator,observed,Complete source-document paragraph corpus; CorEx labels
8,corex:Education,Education,corex,Deterministic CorEx issue model,Education,,,,,year5,1835,1835,1835,1839,1835.0,0.7776049766718507,percent of eligible paragraphs,,643,eligible paragraphs,0.007776049766718507,0.00309018022666896,0.013213283775508747,0.00309018022666896,0.013213283775508747,643,12,,ok,false,false,,sampling_only,not_applicable_no_annotator_in_pipeline,n/a: CorEx labels have no annotator,observed,Complete source-document paragraph corpus; CorEx labels
8,corex:Education,Education,corex,Deterministic CorEx issue model,Education,,,,,year5,1840,1840,1840,1844,1840.0,0.4552352048558422,percent of eligible paragraphs,,659,eligible paragraphs,0.004552352048558422,0.0,0.010003777945686472,0.0,0.010003777945686472,659,20,,ok,false,false,,sampling_only,not_applicable_no_annotator_in_pipeline,n/a: CorEx labels have no annotator,observed,Complete source-document paragraph corpus; CorEx labels
8,corex:Education,Education,corex,Deterministic CorEx issue model,Education,,,,,year5,1845,1845,1845,1849,1845.0,1.2610340479192939,percent of eligible paragraphs,,793,eligible paragraphs,0.012610340479192938,0.0046919367652900595,0.01936051950910792,0.0046919367652900595,0.01936051950910792,793,28,,ok,false,false,,sampling_only,not_applicable_no_annotator_in_pipeline,n/a: CorEx labels have no annotator,observed,Complete source-document paragraph corpus; CorEx labels
8,corex:Education,Education,corex,Deterministic CorEx issue model,Education,,,,,year5,1850,1850,1850,1854,1850.0,0.5530973451327433,percent of eligible paragraphs,,904,eligible paragraphs,0.0055309734513274336,0.000941880361602539,0.011488533969235408,0.000941880361602539,0.011488533969235408,904,21,,ok,false,false,,sampling_only,not_applicable_no_annotator_in_pipeline,n/a: CorEx labels have no annotator,observed,Complete source-document paragraph corpus; CorEx labels
8,corex:Education,Education,corex,Deterministic CorEx issue model,Education,,,,,year5,1855,1855,1855,1859,1855.0,2.9027576197387517,percent of eligible paragraphs,,689,eligible paragraphs,0.02902757619738752,0.0037692236625163455,0.07695282561775976,0.0037692236625163455,0.07695282561775976,689,13,,ok,false,false,,sampling_only,not_applicable_no_annotator_in_pipeline,n/a: CorEx labels have no annotator,observed,Complete source-document paragraph corpus; CorEx labels
8,corex:Education,Education,corex,Deterministic CorEx issue model,Education,,,,,year5,1860,1860,1860,1864,1860.0,0.15552099533437014,percent of eligible paragraphs,,643,eligible paragraphs,0.0015552099533437014,0.0,0.0049673121993339085,0.0,0.0049673121993339085,643,18,,ok,false,false,,sampling_only,not_applicable_no_annotator_in_pipeline,n/a: CorEx labels have no annotator,observed,Complete source-document paragraph corpus; CorEx labels
8,corex:Education,Education,corex,Deterministic CorEx issue model,Education,,,,,year5,1865,1865,1865,1869,1865.0,1.1097410604192355,percent of eligible paragraphs,,811,eligible paragraphs,0.011097410604192354,0.0010310410087929149,0.021756217673091067,0.0010310410087929149,0.021756217673091067,811,37,,ok,false,false,,sampling_only,not_applicable_no_annotator_in_pipeline,n/a: CorEx labels have no annotator,observed,Complete source-document paragraph corpus; CorEx labels
8,corex:Education,Education,corex,Deterministic CorEx issue model,Education,,,,,year5,1870,1870,1870,1874,1870.0,4.356435643564356,percent of eligible paragraphs,,505,eligible paragraphs,0.04356435643564356,0.019450126631599455,0.0772056282809489,0.019450126631599455,0.0772056282809489,505,19,,ok,false,false,,sampling_only,not_applicable_no_annotator_in_pipeline,n/a: CorEx labels have no annotator,observed,Complete source-document paragraph corpus; CorEx labels
8,corex:Education,Education,corex,Deterministic CorEx issue model,Education,,,,,year5,1875,1875,1875,1879,1875.0,3.672787979966611,percent of eligible paragraphs,,599,eligible paragraphs,0.03672787979966611,0.014531782486294267,0.05220270487593572,0.014531782486294267,0.05220270487593572,599,20,,ok,false,false,,sampling_only,not_applicable_no_annotator_in_pipeline,n/a: CorEx labels have no annotator,observed,Complete source-document paragraph corpus; CorEx labels
8,corex:Education,Education,corex,Deterministic CorEx issue model,Education,,,,,year5,1880,1880,1880,1884,1880.0,4.088050314465408,percent of eligible paragraphs,,636,eligible paragraphs,0.040880503144654086,0.021643429875427875,0.06653215125188193,0.021643429875427875,0.06653215125188193,636,16,,ok,false,false,,sampling_only,not_applicable_no_annotator_in_pipeline,n/a: CorEx labels have no annotator,observed,Complete source-document paragraph corpus; CorEx labels
8,corex:Education,Education,corex,Deterministic CorEx issue model,Education,,,,,year5,1885,1885,1885,1889,1885.0,2.756892230576441,percent of eligible paragraphs,,798,eligible paragraphs,0.02756892230576441,0.011818968164219009,0.04754108059241139,0.011818968164219009,0.04754108059241139,798,18,,ok,false,false,,sampling_only,not_applicable_no_annotator_in_pipeline,n/a: CorEx labels have no annotator,observed,Complete source-document paragraph corpus; CorEx labels
8,corex:Education,Education,corex,Deterministic CorEx issue model,Education,,,,,year5,1890,1890,1890,1894,1890.0,1.7772511848341233,percent of eligible paragraphs,,844,eligible paragraphs,0.017772511848341232,0.00944338353563724,0.02398536061461758,0.00944338353563724,0.02398536061461758,844,20,,ok,false,false,,sampling_only,not_applicable_no_annotator_in_pipeline,n/a: CorEx labels have no annotator,observed,Complete source-document paragraph corpus; CorEx labels
8,corex:Education,Education,corex,Deterministic CorEx issue model,Education,,,,,year5,1895,1895,1895,1899,1895.0,2.130177514792899,percent of eligible paragraphs,,845,eligible paragraphs,0.021301775147928994,0.00888198553583169,0.03172430830039525,0.00888198553583169,0.03172430830039525,845,20,,ok,false,false,,sampling_only,not_applicable_no_annotator_in_pipeline,n/a: CorEx labels have no annotator,observed,Complete source-document paragraph corpus; CorEx labels
8,corex:Education,Education,corex,Deterministic CorEx issue model,Education,,,,,year5,1900,1900,1900,1904,1900.0,2.6506024096385543,percent of eligible paragraphs,,830,eligible paragraphs,0.02650602409638554,0.01829750213059535,0.03129370343745915,0.01829750213059535,0.03129370343745915,830,15,,ok,false,false,,sampling_only,not_applicable_no_annotator_in_pipeline,n/a: CorEx labels have no annotator,observed,Complete source-document paragraph corpus; CorEx labels
8,corex:Education,Education,corex,Deterministic CorEx issue model,Education,,,,,year5,1905,1905,1905,1909,1905.0,4.166666666666666,percent of eligible paragraphs,,1152,eligible paragraphs,0.041666666666666664,0.022405759845215707,0.06703343313373251,0.022405759845215707,0.06703343313373251,1152,16,,ok,false,false,,sampling_only,not_applicable_no_annotator_in_pipeline,n/a: CorEx labels have no annotator,observed,Complete source-document paragraph corpus; CorEx labels
8,corex:Education,Education,corex,Deterministic CorEx issue model,Education,,,,,year5,1910,1910,1910,1914,1910.0,1.8240343347639485,percent of eligible paragraphs,,932,eligible paragraphs,0.018240343347639486,0.004676760933327496,0.026895413938070975,0.004676760933327496,0.026895413938070975,932,20,,ok,false,false,,sampling_only,not_applicable_no_annotator_in_pipeline,n/a: CorEx labels have no annotator,observed,Complete source-document paragraph corpus; CorEx labels
8,corex:Education,Education,corex,Deterministic CorEx issue model,Education,,,,,year5,1915,1915,1915,1919,1915.0,1.9522776572668112,percent of eligible paragraphs,,461,eligible paragraphs,0.019522776572668113,0.005230846139096612,0.03609744226509386,0.005230846139096612,0.03609744226509386,461,21,,ok,false,false,,sampling_only,not_applicable_no_annotator_in_pipeline,n/a: CorEx labels have no annotator,observed,Complete source-document paragraph corpus; CorEx labels
8,corex:Education,Education,corex,Deterministic CorEx issue model,Education,,,,,year5,1920,1920,1920,1924,1920.0,4.178272980501393,percent of eligible paragraphs,,359,eligible paragraphs,0.04178272980501393,0.020106698863111193,0.0609566149327194,0.020106698863111193,0.0609566149327194,359,19,,ok,false,false,,sampling_only,not_applicable_no_annotator_in_pipeline,n/a: CorEx labels have no annotator,observed,Complete source-document paragraph corpus; CorEx labels
8,corex:Education,Education,corex,Deterministic CorEx issue model,Education,,,,,year5,1925,1925,1925,1929,1925.0,6.801736613603474,percent of eligible paragraphs,,691,eligible paragraphs,0.06801736613603473,0.04461582778448687,0.09793744245204984,0.04461582778448687,0.09793744245204984,691,20,,ok,false,false,,sampling_only,not_applicable_no_annotator_in_pipeline,n/a: CorEx labels have no annotator,observed,Complete source-document paragraph corpus; CorEx labels
8,corex:Education,Education,corex,Deterministic CorEx issue model,Education,,,,,year5,1930,1930,1930,1934,1930.0,1.5898251192368837,percent of eligible paragraphs,,629,eligible paragraphs,0.01589825119236884,0.0070479715812412315,0.024259861971610064,0.0070479715812412315,0.024259861971610064,629,27,,ok,false,false,,sampling_only,not_applicable_no_annotator_in_pipeline,n/a: CorEx labels have no annotator,observed,Complete source-document paragraph corpus; CorEx labels
8,corex:Education,Education,corex,Deterministic CorEx issue model,Education,,,,,year5,1935,1935,1935,1939,1935.0,3.272727272727273,percent of eligible paragraphs,,275,eligible paragraphs,0.03272727272727273,0.012623722860791827,0.052324342495100026,0.012623722860791827,0.052324342495100026,275,13,,ok,false,false,,sampling_only,not_applicable_no_annotator_in_pipeline,n/a: CorEx labels have no annotator,observed,Complete source-document paragraph corpus; CorEx labels
8,corex:Education,Education,corex,Deterministic CorEx issue model,Education,,,,,year5,1940,1940,1940,1944,1940.0,2.155887230514096,percent of eligible paragraphs,,603,eligible paragraphs,0.02155887230514096,0.008917088466558431,0.037158418186123594,0.008917088466558431,0.037158418186123594,603,26,,ok,false,false,,sampling_only,not_applicable_no_annotator_in_pipeline,n/a: CorEx labels have no annotator,observed,Complete source-document paragraph corpus; CorEx labels
8,corex:Education,Education,corex,Deterministic CorEx issue model,Education,,,,,year5,1945,1945,1945,1949,1945.0,2.5830258302583027,percent of eligible paragraphs,,271,eligible paragraphs,0.025830258302583026,0.004404401490451793,0.057221451229183165,0.004404401490451793,0.057221451229183165,271,17,,ok,false,false,,sampling_only,not_applicable_no_annotator_in_pipeline,n/a: CorEx labels have no annotator,observed,Complete source-document paragraph corpus; CorEx labels
8,corex:Education,Education,corex,Deterministic CorEx issue model,Education,,,,,year5,1950,1950,1950,1954,1950.0,2.881844380403458,percent of eligible paragraphs,,347,eligible paragraphs,0.02881844380403458,0.016906269144374108,0.03979912510056315,0.016906269144374108,0.03979912510056315,347,11,,ok,false,false,,sampling_only,not_applicable_no_annotator_in_pipeline,n/a: CorEx labels have no annotator,observed,Complete source-document paragraph corpus; CorEx labels
8,corex:Education,Education,corex,Deterministic CorEx issue model,Education,,,,,year5,1955,1955,1955,1959,1955.0,7.196029776674938,percent of eligible paragraphs,,403,eligible paragraphs,0.07196029776674938,0.048873230535894846,0.09684481601017712,0.048873230535894846,0.09684481601017712,403,8,,ok,false,false,,sampling_only,not_applicable_no_annotator_in_pipeline,n/a: CorEx labels have no annotator,observed,Complete source-document paragraph corpus; CorEx labels
8,corex:Education,Education,corex,Deterministic CorEx issue model,Education,,,,,year5,1960,1960,1960,1964,1960.0,7.8971119133574,percent of eligible paragraphs,,2216,eligible paragraphs,0.078971119133574,0.05868416016281414,0.1028040000618751,0.05868416016281414,0.1028040000618751,2216,67,,ok,false,false,,sampling_only,not_applicable_no_annotator_in_pipeline,n/a: CorEx labels have no annotator,observed,Complete source-document paragraph corpus; CorEx labels
8,corex:Education,Education,corex,Deterministic CorEx issue model,Education,,,,,year5,1965,1965,1965,1969,1965.0,4.872047244094488,percent of eligible paragraphs,,2032,eligible paragraphs,0.04872047244094488,0.03716090536368797,0.06028349409893442,0.03716090536368797,0.06028349409893442,2032,53,,ok,false,false,,sampling_only,not_applicable_no_annotator_in_pipeline,n/a: CorEx labels have no annotator,observed,Complete source-document paragraph corpus; CorEx labels
8,corex:Education,Education,corex,Deterministic CorEx issue model,Education,,,,,year5,1970,1970,1970,1974,1970.0,3.177570093457944,percent of eligible paragraphs,,535,eligible paragraphs,0.03177570093457944,0.008656296851574213,0.058231840673610535,0.008656296851574213,0.058231840673610535,535,25,,ok,false,false,,sampling_only,not_applicable_no_annotator_in_pipeline,n/a: CorEx labels have no annotator,observed,Complete source-document paragraph corpus; CorEx labels
8,corex:Education,Education,corex,Deterministic CorEx issue model,Education,,,,,year5,1975,1975,1975,1979,1975.0,4.083484573502722,percent of eligible paragraphs,,1102,eligible paragraphs,0.04083484573502722,0.020811674917491748,0.05946368038740919,0.020811674917491748,0.05946368038740919,1102,27,,ok,false,false,,sampling_only,not_applicable_no_annotator_in_pipeline,n/a: CorEx labels have no annotator,observed,Complete source-document paragraph corpus; CorEx labels
8,corex:Education,Education,corex,Deterministic CorEx issue model,Education,,,,,year5,1980,1980,1980,1984,1980.0,4.228707564026206,percent of eligible paragraphs,,1679,eligible paragraphs,0.04228707564026206,0.030060744131011757,0.0548674248335704,0.030060744131011757,0.0548674248335704,1679,41,,ok,false,false,,sampling_only,not_applicable_no_annotator_in_pipeline,n/a: CorEx labels have no annotator,observed,Complete source-document paragraph corpus; CorEx labels
8,corex:Education,Education,corex,Deterministic CorEx issue model,Education,,,,,year5,1985,1985,1985,1989,1985.0,8.293838862559241,percent of eligible paragraphs,,844,eligible paragraphs,0.08293838862559241,0.052828480522470855,0.10898712339995616,0.052828480522470855,0.10898712339995616,844,28,,ok,false,false,,sampling_only,not_applicable_no_annotator_in_pipeline,n/a: CorEx labels have no annotator,observed,Complete source-document paragraph corpus; CorEx labels
8,corex:Education,Education,corex,Deterministic CorEx issue model,Education,,,,,year5,1990,1990,1990,1994,1990.0,7.29064039408867,percent of eligible paragraphs,,1015,eligible paragraphs,0.0729064039408867,0.03811066539003346,0.11556203047291146,0.03811066539003346,0.11556203047291146,1015,32,,ok,false,false,,sampling_only,not_applicable_no_annotator_in_pipeline,n/a: CorEx labels have no annotator,observed,Complete source-document paragraph corpus; CorEx labels
8,corex:Education,Education,corex,Deterministic CorEx issue model,Education,,,,,year5,1995,1995,1995,1999,1995.0,17.38609112709832,percent of eligible paragraphs,,834,eligible paragraphs,0.17386091127098321,0.14039712855637512,0.20431524842946885,0.14039712855637512,0.20431524842946885,834,22,,ok,false,false,,sampling_only,not_applicable_no_annotator_in_pipeline,n/a: CorEx labels have no annotator,observed,Complete source-document paragraph corpus; CorEx labels
8,corex:Education,Education,corex,Deterministic CorEx issue model,Education,,,,,year5,2000,2000,2000,2004,2000.0,10.759493670886076,percent of eligible paragraphs,,632,eligible paragraphs,0.10759493670886076,0.06717020828950136,0.15581040881979757,0.06717020828950136,0.15581040881979757,632,23,,ok,false,false,,sampling_only,not_applicable_no_annotator_in_pipeline,n/a: CorEx labels have no annotator,observed,Complete source-document paragraph corpus; CorEx labels
8,corex:Education,Education,corex,Deterministic CorEx issue model,Education,,,,,year5,2005,2005,2005,2009,2005.0,7.043879907621248,percent of eligible paragraphs,,866,eligible paragraphs,0.07043879907621248,0.0422586910401108,0.10831795551209458,0.0422586910401108,0.10831795551209458,866,28,,ok,false,false,,sampling_only,not_applicable_no_annotator_in_pipeline,n/a: CorEx labels have no annotator,observed,Complete source-document paragraph corpus; CorEx labels
8,corex:Education,Education,corex,Deterministic CorEx issue model,Education,,,,,year5,2010,2010,2010,2014,2010.0,11.463414634146343,percent of eligible paragraphs,,1230,eligible paragraphs,0.11463414634146342,0.07949193548387097,0.15468952870957114,0.07949193548387097,0.15468952870957114,1230,33,,ok,false,false,,sampling_only,not_applicable_no_annotator_in_pipeline,n/a: CorEx labels have no annotator,observed,Complete source-document paragraph corpus; CorEx labels
8,corex:Education,Education,corex,Deterministic CorEx issue model,Education,,,,,year5,2015,2015,2015,2019,2015.0,4.5101088646967336,percent of eligible paragraphs,,1286,eligible paragraphs,0.04510108864696734,0.027165682345496732,0.06480721742041229,0.027165682345496732,0.06480721742041229,1286,27,,ok,false,false,,sampling_only,not_applicable_no_annotator_in_pipeline,n/a: CorEx labels have no annotator,observed,Complete source-document paragraph corpus; CorEx labels
8,corex:Education,Education,corex,Deterministic CorEx issue model,Education,,,,,year5,2020,2020,2020,2024,2020.0,3.7884767166535127,percent of eligible paragraphs,,2534,eligible paragraphs,0.037884767166535126,0.026073399773189704,0.05037192796342603,0.026073399773189704,0.05037192796342603,2534,50,,ok,false,false,,sampling_only,not_applicable_no_annotator_in_pipeline,n/a: CorEx labels have no annotator,observed,Complete source-document paragraph corpus; CorEx labels
8,corex:Education,Education,corex,Deterministic CorEx issue model,Education,,,,,year5,2025,2025,2025,2029,2025.0,3.3807829181494666,percent of eligible paragraphs,,562,eligible paragraphs,0.033807829181494664,0.012434676576471956,0.057286046675047025,0.012434676576471956,0.057286046675047025,562,11,,ok,false,false,,sampling_only,not_applicable_no_annotator_in_pipeline,n/a: CorEx labels have no annotator,observed,Complete source-document paragraph corpus; CorEx labels
9,corex:Crime & justice,Crime & justice,corex,Deterministic CorEx issue model,Crime & justice,,,,,year5,1785,1785,1785,1789,1785.0,0.0,percent of eligible paragraphs,,14,eligible paragraphs,0.0,,,,,14,2,,low_cluster_caution,true,false,,sampling_only,not_applicable_no_annotator_in_pipeline,n/a: CorEx labels have no annotator,observed,Complete source-document paragraph corpus; CorEx labels
9,corex:Crime & justice,Crime & justice,corex,Deterministic CorEx issue model,Crime & justice,,,,,year5,1790,1790,1790,1794,1790.0,8.527131782945736,percent of eligible paragraphs,,129,eligible paragraphs,0.08527131782945736,0.04148588154269973,0.1457154977375565,0.04148588154269973,0.1457154977375565,129,13,,ok,false,false,,sampling_only,not_applicable_no_annotator_in_pipeline,n/a: CorEx labels have no annotator,observed,Complete source-document paragraph corpus; CorEx labels
9,corex:Crime & justice,Crime & justice,corex,Deterministic CorEx issue model,Crime & justice,,,,,year5,1795,1795,1795,1799,1795.0,2.358490566037736,percent of eligible paragraphs,,212,eligible paragraphs,0.02358490566037736,0.006115329941642975,0.04497474747474745,0.006115329941642975,0.04497474747474745,212,13,,ok,false,false,,sampling_only,not_applicable_no_annotator_in_pipeline,n/a: CorEx labels have no annotator,observed,Complete source-document paragraph corpus; CorEx labels
9,corex:Crime & justice,Crime & justice,corex,Deterministic CorEx issue model,Crime & justice,,,,,year5,1800,1800,1800,1804,1800.0,2.564102564102564,percent of eligible paragraphs,,156,eligible paragraphs,0.02564102564102564,0.0,0.051603701825557804,0.0,0.051603701825557804,156,13,,ok,false,false,,sampling_only,not_applicable_no_annotator_in_pipeline,n/a: CorEx labels have no annotator,observed,Complete source-document paragraph corpus; CorEx labels
9,corex:Crime & justice,Crime & justice,corex,Deterministic CorEx issue model,Crime & justice,,,,,year5,1805,1805,1805,1809,1805.0,4.102564102564102,percent of eligible paragraphs,,195,eligible paragraphs,0.041025641025641026,0.011170411985018726,0.08002856579984238,0.011170411985018726,0.08002856579984238,195,15,,ok,false,false,,sampling_only,not_applicable_no_annotator_in_pipeline,n/a: CorEx labels have no annotator,observed,Complete source-document paragraph corpus; CorEx labels
9,corex:Crime & justice,Crime & justice,corex,Deterministic CorEx issue model,Crime & justice,,,,,year5,1810,1810,1810,1814,1810.0,3.296703296703297,percent of eligible paragraphs,,182,eligible paragraphs,0.03296703296703297,0.007090040241448692,0.06026129559063689,0.007090040241448692,0.06026129559063689,182,14,,ok,false,false,,sampling_only,not_applicable_no_annotator_in_pipeline,n/a: CorEx labels have no annotator,observed,Complete source-document paragraph corpus; CorEx labels
9,corex:Crime & justice,Crime & justice,corex,Deterministic CorEx issue model,Crime & justice,,,,,year5,1815,1815,1815,1819,1815.0,1.9704433497536946,percent of eligible paragraphs,,203,eligible paragraphs,0.019704433497536946,0.007324763847144697,0.03038378710967543,0.007324763847144697,0.03038378710967543,203,9,,ok,false,false,,sampling_only,not_applicable_no_annotator_in_pipeline,n/a: CorEx labels have no annotator,observed,Complete source-document paragraph corpus; CorEx labels
9,corex:Crime & justice,Crime & justice,corex,Deterministic CorEx issue model,Crime & justice,,,,,year5,1820,1820,1820,1824,1820.0,1.8050541516245486,percent of eligible paragraphs,,277,eligible paragraphs,0.018050541516245487,0.0016666666666666718,0.03214285714285714,0.0016666666666666718,0.03214285714285714,277,7,,low_cluster_caution,false,false,,sampling_only,not_applicable_no_annotator_in_pipeline,n/a: CorEx labels have no annotator,observed,Complete source-document paragraph corpus; CorEx labels
9,corex:Crime & justice,Crime & justice,corex,Deterministic CorEx issue model,Crime & justice,,,,,year5,1825,1825,1825,1829,1825.0,2.1739130434782608,percent of eligible paragraphs,,368,eligible paragraphs,0.021739130434782608,0.0010416666666666697,0.04655317655317654,0.0010416666666666697,0.04655317655317654,368,10,,ok,false,false,,sampling_only,not_applicable_no_annotator_in_pipeline,n/a: CorEx labels have no annotator,observed,Complete source-document paragraph corpus; CorEx labels
9,corex:Crime & justice,Crime & justice,corex,Deterministic CorEx issue model,Crime & justice,,,,,year5,1830,1830,1830,1834,1830.0,4.228855721393035,percent of eligible paragraphs,,804,eligible paragraphs,0.04228855721393035,0.019342660790779377,0.07030796258563428,0.019342660790779377,0.07030796258563428,804,19,,ok,false,false,,sampling_only,not_applicable_no_annotator_in_pipeline,n/a: CorEx labels have no annotator,observed,Complete source-document paragraph corpus; CorEx labels
9,corex:Crime & justice,Crime & justice,corex,Deterministic CorEx issue model,Crime & justice,,,,,year5,1835,1835,1835,1839,1835.0,2.7993779160186625,percent of eligible paragraphs,,643,eligible paragraphs,0.027993779160186624,0.01149559477193354,0.05216152429196407,0.01149559477193354,0.05216152429196407,643,12,,ok,false,false,,sampling_only,not_applicable_no_annotator_in_pipeline,n/a: CorEx labels have no annotator,observed,Complete source-document paragraph corpus; CorEx labels
9,corex:Crime & justice,Crime & justice,corex,Deterministic CorEx issue model,Crime & justice,,,,,year5,1840,1840,1840,1844,1840.0,2.731411229135053,percent of eligible paragraphs,,659,eligible paragraphs,0.027314112291350532,0.016683311157868683,0.0400511949040229,0.016683311157868683,0.0400511949040229,659,20,,ok,false,false,,sampling_only,not_applicable_no_annotator_in_pipeline,n/a: CorEx labels have no annotator,observed,Complete source-document paragraph corpus; CorEx labels
9,corex:Crime & justice,Crime & justice,corex,Deterministic CorEx issue model,Crime & justice,,,,,year5,1845,1845,1845,1849,1845.0,1.8915510718789406,percent of eligible paragraphs,,793,eligible paragraphs,0.018915510718789406,0.01084083395838542,0.03187718426268044,0.01084083395838542,0.03187718426268044,793,28,,ok,false,false,,sampling_only,not_applicable_no_annotator_in_pipeline,n/a: CorEx labels have no annotator,observed,Complete source-document paragraph corpus; CorEx labels
9,corex:Crime & justice,Crime & justice,corex,Deterministic CorEx issue model,Crime & justice,,,,,year5,1850,1850,1850,1854,1850.0,3.0973451327433628,percent of eligible paragraphs,,904,eligible paragraphs,0.030973451327433628,0.016069474532535807,0.051011702834560295,0.016069474532535807,0.051011702834560295,904,21,,ok,false,false,,sampling_only,not_applicable_no_annotator_in_pipeline,n/a: CorEx labels have no annotator,observed,Complete source-document paragraph corpus; CorEx labels
9,corex:Crime & justice,Crime & justice,corex,Deterministic CorEx issue model,Crime & justice,,,,,year5,1855,1855,1855,1859,1855.0,4.2089985486211905,percent of eligible paragraphs,,689,eligible paragraphs,0.0420899854862119,0.029715447154471546,0.06195257875347718,0.029715447154471546,0.06195257875347718,689,13,,ok,false,false,,sampling_only,not_applicable_no_annotator_in_pipeline,n/a: CorEx labels have no annotator,observed,Complete source-document paragraph corpus; CorEx labels
9,corex:Crime & justice,Crime & justice,corex,Deterministic CorEx issue model,Crime & justice,,,,,year5,1860,1860,1860,1864,1860.0,3.1104199066874028,percent of eligible paragraphs,,643,eligible paragraphs,0.03110419906687403,0.01381090180583767,0.051526880330834815,0.01381090180583767,0.051526880330834815,643,18,,ok,false,false,,sampling_only,not_applicable_no_annotator_in_pipeline,n/a: CorEx labels have no annotator,observed,Complete source-document paragraph corpus; CorEx labels
9,corex:Crime & justice,Crime & justice,corex,Deterministic CorEx issue model,Crime & justice,,,,,year5,1865,1865,1865,1869,1865.0,8.877928483353884,percent of eligible paragraphs,,811,eligible paragraphs,0.08877928483353884,0.05674881078224101,0.1336532504051091,0.05674881078224101,0.1336532504051091,811,37,,ok,false,false,,sampling_only,not_applicable_no_annotator_in_pipeline,n/a: CorEx labels have no annotator,observed,Complete source-document paragraph corpus; CorEx labels
9,corex:Crime & justice,Crime & justice,corex,Deterministic CorEx issue model,Crime & justice,,,,,year5,1870,1870,1870,1874,1870.0,5.148514851485149,percent of eligible paragraphs,,505,eligible paragraphs,0.05148514851485148,0.028108200695688836,0.07785799844283404,0.028108200695688836,0.07785799844283404,505,19,,ok,false,false,,sampling_only,not_applicable_no_annotator_in_pipeline,n/a: CorEx labels have no annotator,observed,Complete source-document paragraph corpus; CorEx labels
9,corex:Crime & justice,Crime & justice,corex,Deterministic CorEx issue model,Crime & justice,,,,,year5,1875,1875,1875,1879,1875.0,8.013355592654424,percent of eligible paragraphs,,599,eligible paragraphs,0.08013355592654424,0.04720552767728634,0.1369212008412664,0.04720552767728634,0.1369212008412664,599,20,,ok,false,false,,sampling_only,not_applicable_no_annotator_in_pipeline,n/a: CorEx labels have no annotator,observed,Complete source-document paragraph corpus; CorEx labels
9,corex:Crime & justice,Crime & justice,corex,Deterministic CorEx issue model,Crime & justice,,,,,year5,1880,1880,1880,1884,1880.0,3.930817610062893,percent of eligible paragraphs,,636,eligible paragraphs,0.03930817610062893,0.017775606746194984,0.06409165060874134,0.017775606746194984,0.06409165060874134,636,16,,ok,false,false,,sampling_only,not_applicable_no_annotator_in_pipeline,n/a: CorEx labels have no annotator,observed,Complete source-document paragraph corpus; CorEx labels
9,corex:Crime & justice,Crime & justice,corex,Deterministic CorEx issue model,Crime & justice,,,,,year5,1885,1885,1885,1889,1885.0,5.639097744360902,percent of eligible paragraphs,,798,eligible paragraphs,0.05639097744360902,0.0359251212042403,0.07695002126045303,0.0359251212042403,0.07695002126045303,798,18,,ok,false,false,,sampling_only,not_applicable_no_annotator_in_pipeline,n/a: CorEx labels have no annotator,observed,Complete source-document paragraph corpus; CorEx labels
9,corex:Crime & justice,Crime & justice,corex,Deterministic CorEx issue model,Crime & justice,,,,,year5,1890,1890,1890,1894,1890.0,7.109004739336493,percent of eligible paragraphs,,844,eligible paragraphs,0.07109004739336493,0.046875,0.11393434150685365,0.046875,0.11393434150685365,844,20,,ok,false,false,,sampling_only,not_applicable_no_annotator_in_pipeline,n/a: CorEx labels have no annotator,observed,Complete source-document paragraph corpus; CorEx labels
9,corex:Crime & justice,Crime & justice,corex,Deterministic CorEx issue model,Crime & justice,,,,,year5,1895,1895,1895,1899,1895.0,5.207100591715976,percent of eligible paragraphs,,845,eligible paragraphs,0.05207100591715976,0.026638587856703422,0.082153467076751,0.026638587856703422,0.082153467076751,845,20,,ok,false,false,,sampling_only,not_applicable_no_annotator_in_pipeline,n/a: CorEx labels have no annotator,observed,Complete source-document paragraph corpus; CorEx labels
9,corex:Crime & justice,Crime & justice,corex,Deterministic CorEx issue model,Crime & justice,,,,,year5,1900,1900,1900,1904,1900.0,5.662650602409639,percent of eligible paragraphs,,830,eligible paragraphs,0.056626506024096385,0.02330759803921569,0.08660712023311795,0.02330759803921569,0.08660712023311795,830,15,,ok,false,false,,sampling_only,not_applicable_no_annotator_in_pipeline,n/a: CorEx labels have no annotator,observed,Complete source-document paragraph corpus; CorEx labels
9,corex:Crime & justice,Crime & justice,corex,Deterministic CorEx issue model,Crime & justice,,,,,year5,1905,1905,1905,1909,1905.0,9.54861111111111,percent of eligible paragraphs,,1152,eligible paragraphs,0.0954861111111111,0.059410987671047286,0.13634527616468012,0.059410987671047286,0.13634527616468012,1152,16,,ok,false,false,,sampling_only,not_applicable_no_annotator_in_pipeline,n/a: CorEx labels have no annotator,observed,Complete source-document paragraph corpus; CorEx labels
9,corex:Crime & justice,Crime & justice,corex,Deterministic CorEx issue model,Crime & justice,,,,,year5,1910,1910,1910,1914,1910.0,4.935622317596566,percent of eligible paragraphs,,932,eligible paragraphs,0.04935622317596566,0.024258284649476228,0.06474423355179161,0.024258284649476228,0.06474423355179161,932,20,,ok,false,false,,sampling_only,not_applicable_no_annotator_in_pipeline,n/a: CorEx labels have no annotator,observed,Complete source-document paragraph corpus; CorEx labels
9,corex:Crime & justice,Crime & justice,corex,Deterministic CorEx issue model,Crime & justice,,,,,year5,1915,1915,1915,1919,1915.0,4.55531453362256,percent of eligible paragraphs,,461,eligible paragraphs,0.0455531453362256,0.023883442265795207,0.06612762237762236,0.023883442265795207,0.06612762237762236,461,21,,ok,false,false,,sampling_only,not_applicable_no_annotator_in_pipeline,n/a: CorEx labels have no annotator,observed,Complete source-document paragraph corpus; CorEx labels
9,corex:Crime & justice,Crime & justice,corex,Deterministic CorEx issue model,Crime & justice,,,,,year5,1920,1920,1920,1924,1920.0,3.3426183844011144,percent of eligible paragraphs,,359,eligible paragraphs,0.033426183844011144,0.003967803030303031,0.06527299703264096,0.003967803030303031,0.06527299703264096,359,19,,ok,false,false,,sampling_only,not_applicable_no_annotator_in_pipeline,n/a: CorEx labels have no annotator,observed,Complete source-document paragraph corpus; CorEx labels
9,corex:Crime & justice,Crime & justice,corex,Deterministic CorEx issue model,Crime & justice,,,,,year5,1925,1925,1925,1929,1925.0,4.486251808972503,percent of eligible paragraphs,,691,eligible paragraphs,0.04486251808972504,0.02628125,0.06652237135217352,0.02628125,0.06652237135217352,691,20,,ok,false,false,,sampling_only,not_applicable_no_annotator_in_pipeline,n/a: CorEx labels have no annotator,observed,Complete source-document paragraph corpus; CorEx labels
9,corex:Crime & justice,Crime & justice,corex,Deterministic CorEx issue model,Crime & justice,,,,,year5,1930,1930,1930,1934,1930.0,1.4308426073131957,percent of eligible paragraphs,,629,eligible paragraphs,0.014308426073131956,0.004581827478007509,0.02699901905829596,0.004581827478007509,0.02699901905829596,629,27,,ok,false,false,,sampling_only,not_applicable_no_annotator_in_pipeline,n/a: CorEx labels have no annotator,observed,Complete source-document paragraph corpus; CorEx labels
9,corex:Crime & justice,Crime & justice,corex,Deterministic CorEx issue model,Crime & justice,,,,,year5,1935,1935,1935,1939,1935.0,3.6363636363636362,percent of eligible paragraphs,,275,eligible paragraphs,0.03636363636363636,0.0,0.10295057116561096,0.0,0.10295057116561096,275,13,,ok,false,false,,sampling_only,not_applicable_no_annotator_in_pipeline,n/a: CorEx labels have no annotator,observed,Complete source-document paragraph corpus; CorEx labels
9,corex:Crime & justice,Crime & justice,corex,Deterministic CorEx issue model,Crime & justice,,,,,year5,1940,1940,1940,1944,1940.0,1.658374792703151,percent of eligible paragraphs,,603,eligible paragraphs,0.01658374792703151,0.0037993102351273978,0.0315249757456653,0.0037993102351273978,0.0315249757456653,603,26,,ok,false,false,,sampling_only,not_applicable_no_annotator_in_pipeline,n/a: CorEx labels have no annotator,observed,Complete source-document paragraph corpus; CorEx labels
9,corex:Crime & justice,Crime & justice,corex,Deterministic CorEx issue model,Crime & justice,,,,,year5,1945,1945,1945,1949,1945.0,2.214022140221402,percent of eligible paragraphs,,271,eligible paragraphs,0.02214022140221402,0.007981927710843374,0.03893703572691899,0.007981927710843374,0.03893703572691899,271,17,,ok,false,false,,sampling_only,not_applicable_no_annotator_in_pipeline,n/a: CorEx labels have no annotator,observed,Complete source-document paragraph corpus; CorEx labels
9,corex:Crime & justice,Crime & justice,corex,Deterministic CorEx issue model,Crime & justice,,,,,year5,1950,1950,1950,1954,1950.0,0.8645533141210375,percent of eligible paragraphs,,347,eligible paragraphs,0.008645533141210375,0.0,0.019721243572652827,0.0,0.019721243572652827,347,11,,ok,false,false,,sampling_only,not_applicable_no_annotator_in_pipeline,n/a: CorEx labels have no annotator,observed,Complete source-document paragraph corpus; CorEx labels
9,corex:Crime & justice,Crime & justice,corex,Deterministic CorEx issue model,Crime & justice,,,,,year5,1955,1955,1955,1959,1955.0,1.488833746898263,percent of eligible paragraphs,,403,eligible paragraphs,0.01488833746898263,0.006786597257413123,0.02630186232909005,0.006786597257413123,0.02630186232909005,403,8,,ok,false,false,,sampling_only,not_applicable_no_annotator_in_pipeline,n/a: CorEx labels have no annotator,observed,Complete source-document paragraph corpus; CorEx labels
9,corex:Crime & justice,Crime & justice,corex,Deterministic CorEx issue model,Crime & justice,,,,,year5,1960,1960,1960,1964,1960.0,2.3465703971119134,percent of eligible paragraphs,,2216,eligible paragraphs,0.023465703971119134,0.014074243122518435,0.03485256713592807,0.014074243122518435,0.03485256713592807,2216,67,,ok,false,false,,sampling_only,not_applicable_no_annotator_in_pipeline,n/a: CorEx labels have no annotator,observed,Complete source-document paragraph corpus; CorEx labels
9,corex:Crime & justice,Crime & justice,corex,Deterministic CorEx issue model,Crime & justice,,,,,year5,1965,1965,1965,1969,1965.0,5.807086614173229,percent of eligible paragraphs,,2032,eligible paragraphs,0.058070866141732284,0.039842134834452606,0.07928421006007697,0.039842134834452606,0.07928421006007697,2032,53,,ok,false,false,,sampling_only,not_applicable_no_annotator_in_pipeline,n/a: CorEx labels have no annotator,observed,Complete source-document paragraph corpus; CorEx labels
9,corex:Crime & justice,Crime & justice,corex,Deterministic CorEx issue model,Crime & justice,,,,,year5,1970,1970,1970,1974,1970.0,3.925233644859813,percent of eligible paragraphs,,535,eligible paragraphs,0.03925233644859813,0.016788905122068726,0.06414652512488979,0.016788905122068726,0.06414652512488979,535,25,,ok,false,false,,sampling_only,not_applicable_no_annotator_in_pipeline,n/a: CorEx labels have no annotator,observed,Complete source-document paragraph corpus; CorEx labels
9,corex:Crime & justice,Crime & justice,corex,Deterministic CorEx issue model,Crime & justice,,,,,year5,1975,1975,1975,1979,1975.0,3.3575317604355717,percent of eligible paragraphs,,1102,eligible paragraphs,0.03357531760435572,0.01610180479203402,0.051178396072013084,0.01610180479203402,0.051178396072013084,1102,27,,ok,false,false,,sampling_only,not_applicable_no_annotator_in_pipeline,n/a: CorEx labels have no annotator,observed,Complete source-document paragraph corpus; CorEx labels
9,corex:Crime & justice,Crime & justice,corex,Deterministic CorEx issue model,Crime & justice,,,,,year5,1980,1980,1980,1984,1980.0,3.57355568790947,percent of eligible paragraphs,,1679,eligible paragraphs,0.0357355568790947,0.025145604637349585,0.04710416636359669,0.025145604637349585,0.04710416636359669,1679,41,,ok,false,false,,sampling_only,not_applicable_no_annotator_in_pipeline,n/a: CorEx labels have no annotator,observed,Complete source-document paragraph corpus; CorEx labels
9,corex:Crime & justice,Crime & justice,corex,Deterministic CorEx issue model,Crime & justice,,,,,year5,1985,1985,1985,1989,1985.0,6.161137440758294,percent of eligible paragraphs,,844,eligible paragraphs,0.061611374407582936,0.026878734531441746,0.1048351754361787,0.026878734531441746,0.1048351754361787,844,28,,ok,false,false,,sampling_only,not_applicable_no_annotator_in_pipeline,n/a: CorEx labels have no annotator,observed,Complete source-document paragraph corpus; CorEx labels
9,corex:Crime & justice,Crime & justice,corex,Deterministic CorEx issue model,Crime & justice,,,,,year5,1990,1990,1990,1994,1990.0,7.389162561576355,percent of eligible paragraphs,,1015,eligible paragraphs,0.07389162561576355,0.04305757831071525,0.10160192411789395,0.04305757831071525,0.10160192411789395,1015,32,,ok,false,false,,sampling_only,not_applicable_no_annotator_in_pipeline,n/a: CorEx labels have no annotator,observed,Complete source-document paragraph corpus; CorEx labels
9,corex:Crime & justice,Crime & justice,corex,Deterministic CorEx issue model,Crime & justice,,,,,year5,1995,1995,1995,1999,1995.0,16.06714628297362,percent of eligible paragraphs,,834,eligible paragraphs,0.1606714628297362,0.1260584443435261,0.1994319880418535,0.1260584443435261,0.1994319880418535,834,22,,ok,false,false,,sampling_only,not_applicable_no_annotator_in_pipeline,n/a: CorEx labels have no annotator,observed,Complete source-document paragraph corpus; CorEx labels
9,corex:Crime & justice,Crime & justice,corex,Deterministic CorEx issue model,Crime & justice,,,,,year5,2000,2000,2000,2004,2000.0,10.917721518987342,percent of eligible paragraphs,,632,eligible paragraphs,0.10917721518987342,0.0830559283647192,0.13252701090186464,0.0830559283647192,0.13252701090186464,632,23,,ok,false,false,,sampling_only,not_applicable_no_annotator_in_pipeline,n/a: CorEx labels have no annotator,observed,Complete source-document paragraph corpus; CorEx labels
9,corex:Crime & justice,Crime & justice,corex,Deterministic CorEx issue model,Crime & justice,,,,,year5,2005,2005,2005,2009,2005.0,9.815242494226329,percent of eligible paragraphs,,866,eligible paragraphs,0.09815242494226328,0.07292275650394622,0.12666374185473886,0.07292275650394622,0.12666374185473886,866,28,,ok,false,false,,sampling_only,not_applicable_no_annotator_in_pipeline,n/a: CorEx labels have no annotator,observed,Complete source-document paragraph corpus; CorEx labels
9,corex:Crime & justice,Crime & justice,corex,Deterministic CorEx issue model,Crime & justice,,,,,year5,2010,2010,2010,2014,2010.0,4.715447154471545,percent of eligible paragraphs,,1230,eligible paragraphs,0.04715447154471545,0.027059265962917523,0.06887380073208965,0.027059265962917523,0.06887380073208965,1230,33,,ok,false,false,,sampling_only,not_applicable_no_annotator_in_pipeline,n/a: CorEx labels have no annotator,observed,Complete source-document paragraph corpus; CorEx labels
9,corex:Crime & justice,Crime & justice,corex,Deterministic CorEx issue model,Crime & justice,,,,,year5,2015,2015,2015,2019,2015.0,9.486780715396579,percent of eligible paragraphs,,1286,eligible paragraphs,0.09486780715396578,0.06616605704163442,0.1279926739142841,0.06616605704163442,0.1279926739142841,1286,27,,ok,false,false,,sampling_only,not_applicable_no_annotator_in_pipeline,n/a: CorEx labels have no annotator,observed,Complete source-document paragraph corpus; CorEx labels
9,corex:Crime & justice,Crime & justice,corex,Deterministic CorEx issue model,Crime & justice,,,,,year5,2020,2020,2020,2024,2020.0,5.95895816890292,percent of eligible paragraphs,,2534,eligible paragraphs,0.059589581689029204,0.037349004907594505,0.08741115090103838,0.037349004907594505,0.08741115090103838,2534,50,,ok,false,false,,sampling_only,not_applicable_no_annotator_in_pipeline,n/a: CorEx labels have no annotator,observed,Complete source-document paragraph corpus; CorEx labels
9,corex:Crime & justice,Crime & justice,corex,Deterministic CorEx issue model,Crime & justice,,,,,year5,2025,2025,2025,2029,2025.0,12.455516014234876,percent of eligible paragraphs,,562,eligible paragraphs,0.12455516014234876,0.08922524004747005,0.16958696509132318,0.08922524004747005,0.16958696509132318,562,11,,ok,false,false,,sampling_only,not_applicable_no_annotator_in_pipeline,n/a: CorEx labels have no annotator,observed,Complete source-document paragraph corpus; CorEx labels
10,corex:Energy & environment,Energy & environment,corex,Deterministic CorEx issue model,Energy & environment,,,,,year5,1785,1785,1785,1789,1785.0,0.0,percent of eligible paragraphs,,14,eligible paragraphs,0.0,,,,,14,2,,low_cluster_caution,true,false,,sampling_only,not_applicable_no_annotator_in_pipeline,n/a: CorEx labels have no annotator,observed,Complete source-document paragraph corpus; CorEx labels
10,corex:Energy & environment,Energy & environment,corex,Deterministic CorEx issue model,Energy & environment,,,,,year5,1790,1790,1790,1794,1790.0,0.0,percent of eligible paragraphs,,129,eligible paragraphs,0.0,0.0,0.0,0.0,0.0,129,13,,ok,false,false,,sampling_only,not_applicable_no_annotator_in_pipeline,n/a: CorEx labels have no annotator,observed,Complete source-document paragraph corpus; CorEx labels
10,corex:Energy & environment,Energy & environment,corex,Deterministic CorEx issue model,Energy & environment,,,,,year5,1795,1795,1795,1799,1795.0,0.0,percent of eligible paragraphs,,212,eligible paragraphs,0.0,0.0,0.0,0.0,0.0,212,13,,ok,false,false,,sampling_only,not_applicable_no_annotator_in_pipeline,n/a: CorEx labels have no annotator,observed,Complete source-document paragraph corpus; CorEx labels
10,corex:Energy & environment,Energy & environment,corex,Deterministic CorEx issue model,Energy & environment,,,,,year5,1800,1800,1800,1804,1800.0,2.564102564102564,percent of eligible paragraphs,,156,eligible paragraphs,0.02564102564102564,0.0,0.05575824386503065,0.0,0.05575824386503065,156,13,,ok,false,false,,sampling_only,not_applicable_no_annotator_in_pipeline,n/a: CorEx labels have no annotator,observed,Complete source-document paragraph corpus; CorEx labels
10,corex:Energy & environment,Energy & environment,corex,Deterministic CorEx issue model,Energy & environment,,,,,year5,1805,1805,1805,1809,1805.0,0.5128205128205128,percent of eligible paragraphs,,195,eligible paragraphs,0.005128205128205128,0.0,0.015426249008723235,0.0,0.015426249008723235,195,15,,ok,false,false,,sampling_only,not_applicable_no_annotator_in_pipeline,n/a: CorEx labels have no annotator,observed,Complete source-document paragraph corpus; CorEx labels
10,corex:Energy & environment,Energy & environment,corex,Deterministic CorEx issue model,Energy & environment,,,,,year5,1810,1810,1810,1814,1810.0,0.0,percent of eligible paragraphs,,182,eligible paragraphs,0.0,0.0,0.0,0.0,0.0,182,14,,ok,false,false,,sampling_only,not_applicable_no_annotator_in_pipeline,n/a: CorEx labels have no annotator,observed,Complete source-document paragraph corpus; CorEx labels
10,corex:Energy & environment,Energy & environment,corex,Deterministic CorEx issue model,Energy & environment,,,,,year5,1815,1815,1815,1819,1815.0,0.49261083743842365,percent of eligible paragraphs,,203,eligible paragraphs,0.0049261083743842365,0.0,0.016528650870406163,0.0,0.016528650870406163,203,9,,ok,false,false,,sampling_only,not_applicable_no_annotator_in_pipeline,n/a: CorEx labels have no annotator,observed,Complete source-document paragraph corpus; CorEx labels
10,corex:Energy & environment,Energy & environment,corex,Deterministic CorEx issue model,Energy & environment,,,,,year5,1820,1820,1820,1824,1820.0,1.083032490974729,percent of eligible paragraphs,,277,eligible paragraphs,0.010830324909747292,0.0,0.019117416768455006,0.0,0.019117416768455006,277,7,,low_cluster_caution,false,false,,sampling_only,not_applicable_no_annotator_in_pipeline,n/a: CorEx labels have no annotator,observed,Complete source-document paragraph corpus; CorEx labels
10,corex:Energy & environment,Energy & environment,corex,Deterministic CorEx issue model,Energy & environment,,,,,year5,1825,1825,1825,1829,1825.0,0.2717391304347826,percent of eligible paragraphs,,368,eligible paragraphs,0.002717391304347826,0.0,0.009681907463989517,0.0,0.009681907463989517,368,10,,ok,false,false,,sampling_only,not_applicable_no_annotator_in_pipeline,n/a: CorEx labels have no annotator,observed,Complete source-document paragraph corpus; CorEx labels
10,corex:Energy & environment,Energy & environment,corex,Deterministic CorEx issue model,Energy & environment,,,,,year5,1830,1830,1830,1834,1830.0,0.4975124378109453,percent of eligible paragraphs,,804,eligible paragraphs,0.004975124378109453,0.0,0.014644464232002833,0.0,0.014644464232002833,804,19,,ok,false,false,,sampling_only,not_applicable_no_annotator_in_pipeline,n/a: CorEx labels have no annotator,observed,Complete source-document paragraph corpus; CorEx labels
10,corex:Energy & environment,Energy & environment,corex,Deterministic CorEx issue model,Energy & environment,,,,,year5,1835,1835,1835,1839,1835.0,0.7776049766718507,percent of eligible paragraphs,,643,eligible paragraphs,0.007776049766718507,0.0011382528490388997,0.01860280259739546,0.0011382528490388997,0.01860280259739546,643,12,,ok,false,false,,sampling_only,not_applicable_no_annotator_in_pipeline,n/a: CorEx labels have no annotator,observed,Complete source-document paragraph corpus; CorEx labels
10,corex:Energy & environment,Energy & environment,corex,Deterministic CorEx issue model,Energy & environment,,,,,year5,1840,1840,1840,1844,1840.0,1.062215477996965,percent of eligible paragraphs,,659,eligible paragraphs,0.010622154779969651,0.005063081103869468,0.016096433012866503,0.005063081103869468,0.016096433012866503,659,20,,ok,false,false,,sampling_only,not_applicable_no_annotator_in_pipeline,n/a: CorEx labels have no annotator,observed,Complete source-document paragraph corpus; CorEx labels
10,corex:Energy & environment,Energy & environment,corex,Deterministic CorEx issue model,Energy & environment,,,,,year5,1845,1845,1845,1849,1845.0,0.8827238335435058,percent of eligible paragraphs,,793,eligible paragraphs,0.008827238335435058,0.0014300422472940445,0.018170616672562197,0.0014300422472940445,0.018170616672562197,793,28,,ok,false,false,,sampling_only,not_applicable_no_annotator_in_pipeline,n/a: CorEx labels have no annotator,observed,Complete source-document paragraph corpus; CorEx labels
10,corex:Energy & environment,Energy & environment,corex,Deterministic CorEx issue model,Energy & environment,,,,,year5,1850,1850,1850,1854,1850.0,0.995575221238938,percent of eligible paragraphs,,904,eligible paragraphs,0.00995575221238938,0.002163214802941466,0.013897338097077378,0.002163214802941466,0.013897338097077378,904,21,,ok,false,false,,sampling_only,not_applicable_no_annotator_in_pipeline,n/a: CorEx labels have no annotator,observed,Complete source-document paragraph corpus; CorEx labels
10,corex:Energy & environment,Energy & environment,corex,Deterministic CorEx issue model,Energy & environment,,,,,year5,1855,1855,1855,1859,1855.0,0.7256894049346879,percent of eligible paragraphs,,689,eligible paragraphs,0.00725689404934688,0.0023491962658122962,0.013910141231476643,0.0023491962658122962,0.013910141231476643,689,13,,ok,false,false,,sampling_only,not_applicable_no_annotator_in_pipeline,n/a: CorEx labels have no annotator,observed,Complete source-document paragraph corpus; CorEx labels
10,corex:Energy & environment,Energy & environment,corex,Deterministic CorEx issue model,Energy & environment,,,,,year5,1860,1860,1860,1864,1860.0,0.46656298600311047,percent of eligible paragraphs,,643,eligible paragraphs,0.004665629860031105,0.0,0.00967318659775441,0.0,0.00967318659775441,643,18,,ok,false,false,,sampling_only,not_applicable_no_annotator_in_pipeline,n/a: CorEx labels have no annotator,observed,Complete source-document paragraph corpus; CorEx labels
10,corex:Energy & environment,Energy & environment,corex,Deterministic CorEx issue model,Energy & environment,,,,,year5,1865,1865,1865,1869,1865.0,0.6165228113440198,percent of eligible paragraphs,,811,eligible paragraphs,0.006165228113440197,0.0,0.013033886800334162,0.0,0.013033886800334162,811,37,,ok,false,false,,sampling_only,not_applicable_no_annotator_in_pipeline,n/a: CorEx labels have no annotator,observed,Complete source-document paragraph corpus; CorEx labels
10,corex:Energy & environment,Energy & environment,corex,Deterministic CorEx issue model,Energy & environment,,,,,year5,1870,1870,1870,1874,1870.0,0.9900990099009901,percent of eligible paragraphs,,505,eligible paragraphs,0.009900990099009901,0.0038474802536433424,0.01881188410233466,0.0038474802536433424,0.01881188410233466,505,19,,ok,false,false,,sampling_only,not_applicable_no_annotator_in_pipeline,n/a: CorEx labels have no annotator,observed,Complete source-document paragraph corpus; CorEx labels
10,corex:Energy & environment,Energy & environment,corex,Deterministic CorEx issue model,Energy & environment,,,,,year5,1875,1875,1875,1879,1875.0,1.335559265442404,percent of eligible paragraphs,,599,eligible paragraphs,0.01335559265442404,0.004865111267664,0.019154806854487363,0.004865111267664,0.019154806854487363,599,20,,ok,false,false,,sampling_only,not_applicable_no_annotator_in_pipeline,n/a: CorEx labels have no annotator,observed,Complete source-document paragraph corpus; CorEx labels
10,corex:Energy & environment,Energy & environment,corex,Deterministic CorEx issue model,Energy & environment,,,,,year5,1880,1880,1880,1884,1880.0,1.257861635220126,percent of eligible paragraphs,,636,eligible paragraphs,0.012578616352201259,0.004777725939749401,0.019442279073063565,0.004777725939749401,0.019442279073063565,636,16,,ok,false,false,,sampling_only,not_applicable_no_annotator_in_pipeline,n/a: CorEx labels have no annotator,observed,Complete source-document paragraph corpus; CorEx labels
10,corex:Energy & environment,Energy & environment,corex,Deterministic CorEx issue model,Energy & environment,,,,,year5,1885,1885,1885,1889,1885.0,0.6265664160401002,percent of eligible paragraphs,,798,eligible paragraphs,0.006265664160401002,0.0,0.014579869303166671,0.0,0.014579869303166671,798,18,,ok,false,false,,sampling_only,not_applicable_no_annotator_in_pipeline,n/a: CorEx labels have no annotator,observed,Complete source-document paragraph corpus; CorEx labels
10,corex:Energy & environment,Energy & environment,corex,Deterministic CorEx issue model,Energy & environment,,,,,year5,1890,1890,1890,1894,1890.0,0.9478672985781991,percent of eligible paragraphs,,844,eligible paragraphs,0.009478672985781991,0.001979645339931661,0.017621080914567357,0.001979645339931661,0.017621080914567357,844,20,,ok,false,false,,sampling_only,not_applicable_no_annotator_in_pipeline,n/a: CorEx labels have no annotator,observed,Complete source-document paragraph corpus; CorEx labels
10,corex:Energy & environment,Energy & environment,corex,Deterministic CorEx issue model,Energy & environment,,,,,year5,1895,1895,1895,1899,1895.0,0.35502958579881655,percent of eligible paragraphs,,845,eligible paragraphs,0.0035502958579881655,0.0,0.006872032672132669,0.0,0.006872032672132669,845,20,,ok,false,false,,sampling_only,not_applicable_no_annotator_in_pipeline,n/a: CorEx labels have no annotator,observed,Complete source-document paragraph corpus; CorEx labels
10,corex:Energy & environment,Energy & environment,corex,Deterministic CorEx issue model,Energy & environment,,,,,year5,1900,1900,1900,1904,1900.0,2.4096385542168677,percent of eligible paragraphs,,830,eligible paragraphs,0.024096385542168676,0.01678676100792536,0.03425749267158597,0.01678676100792536,0.03425749267158597,830,15,,ok,false,false,,sampling_only,not_applicable_no_annotator_in_pipeline,n/a: CorEx labels have no annotator,observed,Complete source-document paragraph corpus; CorEx labels
10,corex:Energy & environment,Energy & environment,corex,Deterministic CorEx issue model,Energy & environment,,,,,year5,1905,1905,1905,1909,1905.0,3.4722222222222223,percent of eligible paragraphs,,1152,eligible paragraphs,0.034722222222222224,0.014254413471328116,0.057632743980588215,0.014254413471328116,0.057632743980588215,1152,16,,ok,false,false,,sampling_only,not_applicable_no_annotator_in_pipeline,n/a: CorEx labels have no annotator,observed,Complete source-document paragraph corpus; CorEx labels
10,corex:Energy & environment,Energy & environment,corex,Deterministic CorEx issue model,Energy & environment,,,,,year5,1910,1910,1910,1914,1910.0,5.901287553648069,percent of eligible paragraphs,,932,eligible paragraphs,0.059012875536480686,0.03309526456202757,0.108790203879392,0.03309526456202757,0.108790203879392,932,20,,ok,false,false,,sampling_only,not_applicable_no_annotator_in_pipeline,n/a: CorEx labels have no annotator,observed,Complete source-document paragraph corpus; CorEx labels
10,corex:Energy & environment,Energy & environment,corex,Deterministic CorEx issue model,Energy & environment,,,,,year5,1915,1915,1915,1919,1915.0,1.5184381778741864,percent of eligible paragraphs,,461,eligible paragraphs,0.015184381778741865,0.005818775440976934,0.02372587529382655,0.005818775440976934,0.02372587529382655,461,21,,ok,false,false,,sampling_only,not_applicable_no_annotator_in_pipeline,n/a: CorEx labels have no annotator,observed,Complete source-document paragraph corpus; CorEx labels
10,corex:Energy & environment,Energy & environment,corex,Deterministic CorEx issue model,Energy & environment,,,,,year5,1920,1920,1920,1924,1920.0,3.6211699164345403,percent of eligible paragraphs,,359,eligible paragraphs,0.036211699164345405,0.011622718052738337,0.06076780050311713,0.011622718052738337,0.06076780050311713,359,19,,ok,false,false,,sampling_only,not_applicable_no_annotator_in_pipeline,n/a: CorEx labels have no annotator,observed,Complete source-document paragraph corpus; CorEx labels
10,corex:Energy & environment,Energy & environment,corex,Deterministic CorEx issue model,Energy & environment,,,,,year5,1925,1925,1925,1929,1925.0,3.183791606367583,percent of eligible paragraphs,,691,eligible paragraphs,0.03183791606367583,0.019976718403547672,0.04280032647718487,0.019976718403547672,0.04280032647718487,691,20,,ok,false,false,,sampling_only,not_applicable_no_annotator_in_pipeline,n/a: CorEx labels have no annotator,observed,Complete source-document paragraph corpus; CorEx labels
10,corex:Energy & environment,Energy & environment,corex,Deterministic CorEx issue model,Energy & environment,,,,,year5,1930,1930,1930,1934,1930.0,1.2718600953895072,percent of eligible paragraphs,,629,eligible paragraphs,0.012718600953895072,0.006698204564489112,0.019725962597685352,0.006698204564489112,0.019725962597685352,629,27,,ok,false,false,,sampling_only,not_applicable_no_annotator_in_pipeline,n/a: CorEx labels have no annotator,observed,Complete source-document paragraph corpus; CorEx labels
10,corex:Energy & environment,Energy & environment,corex,Deterministic CorEx issue model,Energy & environment,,,,,year5,1935,1935,1935,1939,1935.0,4.363636363636364,percent of eligible paragraphs,,275,eligible paragraphs,0.04363636363636364,0.018823249808450866,0.07079298305860801,0.018823249808450866,0.07079298305860801,275,13,,ok,false,false,,sampling_only,not_applicable_no_annotator_in_pipeline,n/a: CorEx labels have no annotator,observed,Complete source-document paragraph corpus; CorEx labels
10,corex:Energy & environment,Energy & environment,corex,Deterministic CorEx issue model,Energy & environment,,,,,year5,1940,1940,1940,1944,1940.0,3.482587064676617,percent of eligible paragraphs,,603,eligible paragraphs,0.03482587064676617,0.006188584369722095,0.08691990440949737,0.006188584369722095,0.08691990440949737,603,26,,ok,false,false,,sampling_only,not_applicable_no_annotator_in_pipeline,n/a: CorEx labels have no annotator,observed,Complete source-document paragraph corpus; CorEx labels
10,corex:Energy & environment,Energy & environment,corex,Deterministic CorEx issue model,Energy & environment,,,,,year5,1945,1945,1945,1949,1945.0,1.8450184501845017,percent of eligible paragraphs,,271,eligible paragraphs,0.01845018450184502,0.0036481889133480093,0.040015496769687436,0.0036481889133480093,0.040015496769687436,271,17,,ok,false,false,,sampling_only,not_applicable_no_annotator_in_pipeline,n/a: CorEx labels have no annotator,observed,Complete source-document paragraph corpus; CorEx labels
10,corex:Energy & environment,Energy & environment,corex,Deterministic CorEx issue model,Energy & environment,,,,,year5,1950,1950,1950,1954,1950.0,4.610951008645533,percent of eligible paragraphs,,347,eligible paragraphs,0.04610951008645533,0.019837645465568557,0.06755543914789593,0.019837645465568557,0.06755543914789593,347,11,,ok,false,false,,sampling_only,not_applicable_no_annotator_in_pipeline,n/a: CorEx labels have no annotator,observed,Complete source-document paragraph corpus; CorEx labels
10,corex:Energy & environment,Energy & environment,corex,Deterministic CorEx issue model,Energy & environment,,,,,year5,1955,1955,1955,1959,1955.0,4.714640198511166,percent of eligible paragraphs,,403,eligible paragraphs,0.04714640198511166,0.021977791198836027,0.06997670751160091,0.021977791198836027,0.06997670751160091,403,8,,ok,false,false,,sampling_only,not_applicable_no_annotator_in_pipeline,n/a: CorEx labels have no annotator,observed,Complete source-document paragraph corpus; CorEx labels
10,corex:Energy & environment,Energy & environment,corex,Deterministic CorEx issue model,Energy & environment,,,,,year5,1960,1960,1960,1964,1960.0,1.3086642599277978,percent of eligible paragraphs,,2216,eligible paragraphs,0.013086642599277979,0.006884953379317758,0.019670738767523836,0.006884953379317758,0.019670738767523836,2216,67,,ok,false,false,,sampling_only,not_applicable_no_annotator_in_pipeline,n/a: CorEx labels have no annotator,observed,Complete source-document paragraph corpus; CorEx labels
10,corex:Energy & environment,Energy & environment,corex,Deterministic CorEx issue model,Energy & environment,,,,,year5,1965,1965,1965,1969,1965.0,1.5255905511811023,percent of eligible paragraphs,,2032,eligible paragraphs,0.015255905511811024,0.009864453305015128,0.021024953875478678,0.009864453305015128,0.021024953875478678,2032,53,,ok,false,false,,sampling_only,not_applicable_no_annotator_in_pipeline,n/a: CorEx labels have no annotator,observed,Complete source-document paragraph corpus; CorEx labels
10,corex:Energy & environment,Energy & environment,corex,Deterministic CorEx issue model,Energy & environment,,,,,year5,1970,1970,1970,1974,1970.0,9.158878504672897,percent of eligible paragraphs,,535,eligible paragraphs,0.09158878504672897,0.04782179000632511,0.1280870558768551,0.04782179000632511,0.1280870558768551,535,25,,ok,false,false,,sampling_only,not_applicable_no_annotator_in_pipeline,n/a: CorEx labels have no annotator,observed,Complete source-document paragraph corpus; CorEx labels
10,corex:Energy & environment,Energy & environment,corex,Deterministic CorEx issue model,Energy & environment,,,,,year5,1975,1975,1975,1979,1975.0,11.252268602540836,percent of eligible paragraphs,,1102,eligible paragraphs,0.11252268602540835,0.07285032134604275,0.17083734324876054,0.07285032134604275,0.17083734324876054,1102,27,,ok,false,false,,sampling_only,not_applicable_no_annotator_in_pipeline,n/a: CorEx labels have no annotator,observed,Complete source-document paragraph corpus; CorEx labels
10,corex:Energy & environment,Energy & environment,corex,Deterministic CorEx issue model,Energy & environment,,,,,year5,1980,1980,1980,1984,1980.0,3.7522334723049435,percent of eligible paragraphs,,1679,eligible paragraphs,0.03752233472304944,0.017800378950064227,0.05929452348571658,0.017800378950064227,0.05929452348571658,1679,41,,ok,false,false,,sampling_only,not_applicable_no_annotator_in_pipeline,n/a: CorEx labels have no annotator,observed,Complete source-document paragraph corpus; CorEx labels
10,corex:Energy & environment,Energy & environment,corex,Deterministic CorEx issue model,Energy & environment,,,,,year5,1985,1985,1985,1989,1985.0,2.3696682464454977,percent of eligible paragraphs,,844,eligible paragraphs,0.023696682464454975,0.008940624604375029,0.03705116934937019,0.008940624604375029,0.03705116934937019,844,28,,ok,false,false,,sampling_only,not_applicable_no_annotator_in_pipeline,n/a: CorEx labels have no annotator,observed,Complete source-document paragraph corpus; CorEx labels
10,corex:Energy & environment,Energy & environment,corex,Deterministic CorEx issue model,Energy & environment,,,,,year5,1990,1990,1990,1994,1990.0,3.74384236453202,percent of eligible paragraphs,,1015,eligible paragraphs,0.0374384236453202,0.022477394582860688,0.06104343829004826,0.022477394582860688,0.06104343829004826,1015,32,,ok,false,false,,sampling_only,not_applicable_no_annotator_in_pipeline,n/a: CorEx labels have no annotator,observed,Complete source-document paragraph corpus; CorEx labels
10,corex:Energy & environment,Energy & environment,corex,Deterministic CorEx issue model,Energy & environment,,,,,year5,1995,1995,1995,1999,1995.0,4.676258992805756,percent of eligible paragraphs,,834,eligible paragraphs,0.046762589928057555,0.031988555300539664,0.06353995412437609,0.031988555300539664,0.06353995412437609,834,22,,ok,false,false,,sampling_only,not_applicable_no_annotator_in_pipeline,n/a: CorEx labels have no annotator,observed,Complete source-document paragraph corpus; CorEx labels
10,corex:Energy & environment,Energy & environment,corex,Deterministic CorEx issue model,Energy & environment,,,,,year5,2000,2000,2000,2004,2000.0,3.322784810126582,percent of eligible paragraphs,,632,eligible paragraphs,0.03322784810126582,0.013101549755301794,0.055247721974994696,0.013101549755301794,0.055247721974994696,632,23,,ok,false,false,,sampling_only,not_applicable_no_annotator_in_pipeline,n/a: CorEx labels have no annotator,observed,Complete source-document paragraph corpus; CorEx labels
10,corex:Energy & environment,Energy & environment,corex,Deterministic CorEx issue model,Energy & environment,,,,,year5,2005,2005,2005,2009,2005.0,3.9260969976905313,percent of eligible paragraphs,,866,eligible paragraphs,0.03926096997690531,0.021343602500318918,0.055527392387050865,0.021343602500318918,0.055527392387050865,866,28,,ok,false,false,,sampling_only,not_applicable_no_annotator_in_pipeline,n/a: CorEx labels have no annotator,observed,Complete source-document paragraph corpus; CorEx labels
10,corex:Energy & environment,Energy & environment,corex,Deterministic CorEx issue model,Energy & environment,,,,,year5,2010,2010,2010,2014,2010.0,5.934959349593496,percent of eligible paragraphs,,1230,eligible paragraphs,0.05934959349593496,0.03688621028718679,0.09193756168005748,0.03688621028718679,0.09193756168005748,1230,33,,ok,false,false,,sampling_only,not_applicable_no_annotator_in_pipeline,n/a: CorEx labels have no annotator,observed,Complete source-document paragraph corpus; CorEx labels
10,corex:Energy & environment,Energy & environment,corex,Deterministic CorEx issue model,Energy & environment,,,,,year5,2015,2015,2015,2019,2015.0,3.8102643856920686,percent of eligible paragraphs,,1286,eligible paragraphs,0.038102643856920686,0.01932086320191159,0.05952322065405573,0.01932086320191159,0.05952322065405573,1286,27,,ok,false,false,,sampling_only,not_applicable_no_annotator_in_pipeline,n/a: CorEx labels have no annotator,observed,Complete source-document paragraph corpus; CorEx labels
10,corex:Energy & environment,Energy & environment,corex,Deterministic CorEx issue model,Energy & environment,,,,,year5,2020,2020,2020,2024,2020.0,2.8018942383583267,percent of eligible paragraphs,,2534,eligible paragraphs,0.028018942383583267,0.019134371713601307,0.038788320684532376,0.019134371713601307,0.038788320684532376,2534,50,,ok,false,false,,sampling_only,not_applicable_no_annotator_in_pipeline,n/a: CorEx labels have no annotator,observed,Complete source-document paragraph corpus; CorEx labels
10,corex:Energy & environment,Energy & environment,corex,Deterministic CorEx issue model,Energy & environment,,,,,year5,2025,2025,2025,2029,2025.0,6.405693950177936,percent of eligible paragraphs,,562,eligible paragraphs,0.06405693950177936,0.027849275576581903,0.12197355161461565,0.027849275576581903,0.12197355161461565,562,11,,ok,false,false,,sampling_only,not_applicable_no_annotator_in_pipeline,n/a: CorEx labels have no annotator,observed,Complete source-document paragraph corpus; CorEx labels
11,corex:Trade & tariffs,Trade & tariffs,corex,Deterministic CorEx issue model,Trade & tariffs,,,,,year5,1785,1785,1785,1789,1785.0,0.0,percent of eligible paragraphs,,14,eligible paragraphs,0.0,,,,,14,2,,low_cluster_caution,true,false,,sampling_only,not_applicable_no_annotator_in_pipeline,n/a: CorEx labels have no annotator,observed,Complete source-document paragraph corpus; CorEx labels
11,corex:Trade & tariffs,Trade & tariffs,corex,Deterministic CorEx issue model,Trade & tariffs,,,,,year5,1790,1790,1790,1794,1790.0,10.077519379844961,percent of eligible paragraphs,,129,eligible paragraphs,0.10077519379844961,0.043478260869565216,0.17427295918367341,0.043478260869565216,0.17427295918367341,129,13,,ok,false,false,,sampling_only,not_applicable_no_annotator_in_pipeline,n/a: CorEx labels have no annotator,observed,Complete source-document paragraph corpus; CorEx labels
11,corex:Trade & tariffs,Trade & tariffs,corex,Deterministic CorEx issue model,Trade & tariffs,,,,,year5,1795,1795,1795,1799,1795.0,16.037735849056602,percent of eligible paragraphs,,212,eligible paragraphs,0.16037735849056603,0.08351744186046511,0.23736486486486486,0.08351744186046511,0.23736486486486486,212,13,,ok,false,false,,sampling_only,not_applicable_no_annotator_in_pipeline,n/a: CorEx labels have no annotator,observed,Complete source-document paragraph corpus; CorEx labels
11,corex:Trade & tariffs,Trade & tariffs,corex,Deterministic CorEx issue model,Trade & tariffs,,,,,year5,1800,1800,1800,1804,1800.0,17.94871794871795,percent of eligible paragraphs,,156,eligible paragraphs,0.1794871794871795,0.11522871376811594,0.24203900709219853,0.11522871376811594,0.24203900709219853,156,13,,ok,false,false,,sampling_only,not_applicable_no_annotator_in_pipeline,n/a: CorEx labels have no annotator,observed,Complete source-document paragraph corpus; CorEx labels
11,corex:Trade & tariffs,Trade & tariffs,corex,Deterministic CorEx issue model,Trade & tariffs,,,,,year5,1805,1805,1805,1809,1805.0,10.76923076923077,percent of eligible paragraphs,,195,eligible paragraphs,0.1076923076923077,0.04633419271672575,0.17495410036719702,0.04633419271672575,0.17495410036719702,195,15,,ok,false,false,,sampling_only,not_applicable_no_annotator_in_pipeline,n/a: CorEx labels have no annotator,observed,Complete source-document paragraph corpus; CorEx labels
11,corex:Trade & tariffs,Trade & tariffs,corex,Deterministic CorEx issue model,Trade & tariffs,,,,,year5,1810,1810,1810,1814,1810.0,17.582417582417584,percent of eligible paragraphs,,182,eligible paragraphs,0.17582417582417584,0.0608459595959596,0.2861356340288924,0.0608459595959596,0.2861356340288924,182,14,,ok,false,false,,sampling_only,not_applicable_no_annotator_in_pipeline,n/a: CorEx labels have no annotator,observed,Complete source-document paragraph corpus; CorEx labels
11,corex:Trade & tariffs,Trade & tariffs,corex,Deterministic CorEx issue model,Trade & tariffs,,,,,year5,1815,1815,1815,1819,1815.0,18.226600985221676,percent of eligible paragraphs,,203,eligible paragraphs,0.18226600985221675,0.1354422290388548,0.22790573959052218,0.1354422290388548,0.22790573959052218,203,9,,ok,false,false,,sampling_only,not_applicable_no_annotator_in_pipeline,n/a: CorEx labels have no annotator,observed,Complete source-document paragraph corpus; CorEx labels
11,corex:Trade & tariffs,Trade & tariffs,corex,Deterministic CorEx issue model,Trade & tariffs,,,,,year5,1820,1820,1820,1824,1820.0,21.660649819494584,percent of eligible paragraphs,,277,eligible paragraphs,0.21660649819494585,0.17647058823529413,0.2488529184181358,0.17647058823529413,0.2488529184181358,277,7,,low_cluster_caution,false,false,,sampling_only,not_applicable_no_annotator_in_pipeline,n/a: CorEx labels have no annotator,observed,Complete source-document paragraph corpus; CorEx labels
11,corex:Trade & tariffs,Trade & tariffs,corex,Deterministic CorEx issue model,Trade & tariffs,,,,,year5,1825,1825,1825,1829,1825.0,19.293478260869566,percent of eligible paragraphs,,368,eligible paragraphs,0.19293478260869565,0.13312185297079557,0.2569883701472557,0.13312185297079557,0.2569883701472557,368,10,,ok,false,false,,sampling_only,not_applicable_no_annotator_in_pipeline,n/a: CorEx labels have no annotator,observed,Complete source-document paragraph corpus; CorEx labels
11,corex:Trade & tariffs,Trade & tariffs,corex,Deterministic CorEx issue model,Trade & tariffs,,,,,year5,1830,1830,1830,1834,1830.0,13.805970149253731,percent of eligible paragraphs,,804,eligible paragraphs,0.13805970149253732,0.08467077114613468,0.18783926665024223,0.08467077114613468,0.18783926665024223,804,19,,ok,false,false,,sampling_only,not_applicable_no_annotator_in_pipeline,n/a: CorEx labels have no annotator,observed,Complete source-document paragraph corpus; CorEx labels
11,corex:Trade & tariffs,Trade & tariffs,corex,Deterministic CorEx issue model,Trade & tariffs,,,,,year5,1835,1835,1835,1839,1835.0,14.618973561430792,percent of eligible paragraphs,,643,eligible paragraphs,0.14618973561430793,0.10202247446772994,0.19285368239408668,0.10202247446772994,0.19285368239408668,643,12,,ok,false,false,,sampling_only,not_applicable_no_annotator_in_pipeline,n/a: CorEx labels have no annotator,observed,Complete source-document paragraph corpus; CorEx labels
11,corex:Trade & tariffs,Trade & tariffs,corex,Deterministic CorEx issue model,Trade & tariffs,,,,,year5,1840,1840,1840,1844,1840.0,15.477996965098633,percent of eligible paragraphs,,659,eligible paragraphs,0.15477996965098634,0.10900604161898222,0.20878150636411416,0.10900604161898222,0.20878150636411416,659,20,,ok,false,false,,sampling_only,not_applicable_no_annotator_in_pipeline,n/a: CorEx labels have no annotator,observed,Complete source-document paragraph corpus; CorEx labels
11,corex:Trade & tariffs,Trade & tariffs,corex,Deterministic CorEx issue model,Trade & tariffs,,,,,year5,1845,1845,1845,1849,1845.0,17.402269861286253,percent of eligible paragraphs,,793,eligible paragraphs,0.17402269861286254,0.12462035380640032,0.20102718360071303,0.12462035380640032,0.20102718360071303,793,28,,ok,false,false,,sampling_only,not_applicable_no_annotator_in_pipeline,n/a: CorEx labels have no annotator,observed,Complete source-document paragraph corpus; CorEx labels
11,corex:Trade & tariffs,Trade & tariffs,corex,Deterministic CorEx issue model,Trade & tariffs,,,,,year5,1850,1850,1850,1854,1850.0,11.393805309734512,percent of eligible paragraphs,,904,eligible paragraphs,0.11393805309734513,0.08328523664221256,0.15211069210292813,0.08328523664221256,0.15211069210292813,904,21,,ok,false,false,,sampling_only,not_applicable_no_annotator_in_pipeline,n/a: CorEx labels have no annotator,observed,Complete source-document paragraph corpus; CorEx labels
11,corex:Trade & tariffs,Trade & tariffs,corex,Deterministic CorEx issue model,Trade & tariffs,,,,,year5,1855,1855,1855,1859,1855.0,10.88534107402032,percent of eligible paragraphs,,689,eligible paragraphs,0.10885341074020319,0.06090374263112007,0.14505818679649138,0.06090374263112007,0.14505818679649138,689,13,,ok,false,false,,sampling_only,not_applicable_no_annotator_in_pipeline,n/a: CorEx labels have no annotator,observed,Complete source-document paragraph corpus; CorEx labels
11,corex:Trade & tariffs,Trade & tariffs,corex,Deterministic CorEx issue model,Trade & tariffs,,,,,year5,1860,1860,1860,1864,1860.0,8.553654743390357,percent of eligible paragraphs,,643,eligible paragraphs,0.08553654743390357,0.050068051575931236,0.12059090787832709,0.050068051575931236,0.12059090787832709,643,18,,ok,false,false,,sampling_only,not_applicable_no_annotator_in_pipeline,n/a: CorEx labels have no annotator,observed,Complete source-document paragraph corpus; CorEx labels
11,corex:Trade & tariffs,Trade & tariffs,corex,Deterministic CorEx issue model,Trade & tariffs,,,,,year5,1865,1865,1865,1869,1865.0,6.658446362515413,percent of eligible paragraphs,,811,eligible paragraphs,0.06658446362515413,0.02452621800165153,0.09910507046145343,0.02452621800165153,0.09910507046145343,811,37,,ok,false,false,,sampling_only,not_applicable_no_annotator_in_pipeline,n/a: CorEx labels have no annotator,observed,Complete source-document paragraph corpus; CorEx labels
11,corex:Trade & tariffs,Trade & tariffs,corex,Deterministic CorEx issue model,Trade & tariffs,,,,,year5,1870,1870,1870,1874,1870.0,16.831683168316832,percent of eligible paragraphs,,505,eligible paragraphs,0.16831683168316833,0.11651801862904684,0.25894953638275126,0.11651801862904684,0.25894953638275126,505,19,,ok,false,false,,sampling_only,not_applicable_no_annotator_in_pipeline,n/a: CorEx labels have no annotator,observed,Complete source-document paragraph corpus; CorEx labels
11,corex:Trade & tariffs,Trade & tariffs,corex,Deterministic CorEx issue model,Trade & tariffs,,,,,year5,1875,1875,1875,1879,1875.0,9.015025041736227,percent of eligible paragraphs,,599,eligible paragraphs,0.09015025041736227,0.058959788906667726,0.11687585859510942,0.058959788906667726,0.11687585859510942,599,20,,ok,false,false,,sampling_only,not_applicable_no_annotator_in_pipeline,n/a: CorEx labels have no annotator,observed,Complete source-document paragraph corpus; CorEx labels
11,corex:Trade & tariffs,Trade & tariffs,corex,Deterministic CorEx issue model,Trade & tariffs,,,,,year5,1880,1880,1880,1884,1880.0,13.364779874213836,percent of eligible paragraphs,,636,eligible paragraphs,0.13364779874213836,0.09774222204732214,0.17114583333333333,0.09774222204732214,0.17114583333333333,636,16,,ok,false,false,,sampling_only,not_applicable_no_annotator_in_pipeline,n/a: CorEx labels have no annotator,observed,Complete source-document paragraph corpus; CorEx labels
11,corex:Trade & tariffs,Trade & tariffs,corex,Deterministic CorEx issue model,Trade & tariffs,,,,,year5,1885,1885,1885,1889,1885.0,11.403508771929824,percent of eligible paragraphs,,798,eligible paragraphs,0.11403508771929824,0.06657397107897665,0.17613331317226882,0.06657397107897665,0.17613331317226882,798,18,,ok,false,false,,sampling_only,not_applicable_no_annotator_in_pipeline,n/a: CorEx labels have no annotator,observed,Complete source-document paragraph corpus; CorEx labels
11,corex:Trade & tariffs,Trade & tariffs,corex,Deterministic CorEx issue model,Trade & tariffs,,,,,year5,1890,1890,1890,1894,1890.0,19.312796208530806,percent of eligible paragraphs,,844,eligible paragraphs,0.19312796208530805,0.1261315813549243,0.26943817012336474,0.1261315813549243,0.26943817012336474,844,20,,ok,false,false,,sampling_only,not_applicable_no_annotator_in_pipeline,n/a: CorEx labels have no annotator,observed,Complete source-document paragraph corpus; CorEx labels
11,corex:Trade & tariffs,Trade & tariffs,corex,Deterministic CorEx issue model,Trade & tariffs,,,,,year5,1895,1895,1895,1899,1895.0,12.662721893491124,percent of eligible paragraphs,,845,eligible paragraphs,0.12662721893491125,0.08841308527923825,0.16757344516232484,0.08841308527923825,0.16757344516232484,845,20,,ok,false,false,,sampling_only,not_applicable_no_annotator_in_pipeline,n/a: CorEx labels have no annotator,observed,Complete source-document paragraph corpus; CorEx labels
11,corex:Trade & tariffs,Trade & tariffs,corex,Deterministic CorEx issue model,Trade & tariffs,,,,,year5,1900,1900,1900,1904,1900.0,17.710843373493976,percent of eligible paragraphs,,830,eligible paragraphs,0.17710843373493976,0.143906552580618,0.21813465430749746,0.143906552580618,0.21813465430749746,830,15,,ok,false,false,,sampling_only,not_applicable_no_annotator_in_pipeline,n/a: CorEx labels have no annotator,observed,Complete source-document paragraph corpus; CorEx labels
11,corex:Trade & tariffs,Trade & tariffs,corex,Deterministic CorEx issue model,Trade & tariffs,,,,,year5,1905,1905,1905,1909,1905.0,17.36111111111111,percent of eligible paragraphs,,1152,eligible paragraphs,0.1736111111111111,0.12108139778928222,0.25367323082456605,0.12108139778928222,0.25367323082456605,1152,16,,ok,false,false,,sampling_only,not_applicable_no_annotator_in_pipeline,n/a: CorEx labels have no annotator,observed,Complete source-document paragraph corpus; CorEx labels
11,corex:Trade & tariffs,Trade & tariffs,corex,Deterministic CorEx issue model,Trade & tariffs,,,,,year5,1910,1910,1910,1914,1910.0,24.356223175965667,percent of eligible paragraphs,,932,eligible paragraphs,0.24356223175965666,0.1825749177027505,0.3506233105750893,0.1825749177027505,0.3506233105750893,932,20,,ok,false,false,,sampling_only,not_applicable_no_annotator_in_pipeline,n/a: CorEx labels have no annotator,observed,Complete source-document paragraph corpus; CorEx labels
11,corex:Trade & tariffs,Trade & tariffs,corex,Deterministic CorEx issue model,Trade & tariffs,,,,,year5,1915,1915,1915,1919,1915.0,15.40130151843818,percent of eligible paragraphs,,461,eligible paragraphs,0.1540130151843818,0.10082506203473945,0.20941625412541248,0.10082506203473945,0.20941625412541248,461,21,,ok,false,false,,sampling_only,not_applicable_no_annotator_in_pipeline,n/a: CorEx labels have no annotator,observed,Complete source-document paragraph corpus; CorEx labels
11,corex:Trade & tariffs,Trade & tariffs,corex,Deterministic CorEx issue model,Trade & tariffs,,,,,year5,1920,1920,1920,1924,1920.0,13.370473537604457,percent of eligible paragraphs,,359,eligible paragraphs,0.13370473537604458,0.07655502392344497,0.18470317725752508,0.07655502392344497,0.18470317725752508,359,19,,ok,false,false,,sampling_only,not_applicable_no_annotator_in_pipeline,n/a: CorEx labels have no annotator,observed,Complete source-document paragraph corpus; CorEx labels
11,corex:Trade & tariffs,Trade & tariffs,corex,Deterministic CorEx issue model,Trade & tariffs,,,,,year5,1925,1925,1925,1929,1925.0,10.419681620839363,percent of eligible paragraphs,,691,eligible paragraphs,0.10419681620839363,0.06954887218045112,0.1306670625256203,0.06954887218045112,0.1306670625256203,691,20,,ok,false,false,,sampling_only,not_applicable_no_annotator_in_pipeline,n/a: CorEx labels have no annotator,observed,Complete source-document paragraph corpus; CorEx labels
11,corex:Trade & tariffs,Trade & tariffs,corex,Deterministic CorEx issue model,Trade & tariffs,,,,,year5,1930,1930,1930,1934,1930.0,18.282988871224166,percent of eligible paragraphs,,629,eligible paragraphs,0.18282988871224165,0.12428625558990367,0.2420734298637039,0.12428625558990367,0.2420734298637039,629,27,,ok,false,false,,sampling_only,not_applicable_no_annotator_in_pipeline,n/a: CorEx labels have no annotator,observed,Complete source-document paragraph corpus; CorEx labels
11,corex:Trade & tariffs,Trade & tariffs,corex,Deterministic CorEx issue model,Trade & tariffs,,,,,year5,1935,1935,1935,1939,1935.0,4.363636363636364,percent of eligible paragraphs,,275,eligible paragraphs,0.04363636363636364,0.02385458167330677,0.06403638814016172,0.02385458167330677,0.06403638814016172,275,13,,ok,false,false,,sampling_only,not_applicable_no_annotator_in_pipeline,n/a: CorEx labels have no annotator,observed,Complete source-document paragraph corpus; CorEx labels
11,corex:Trade & tariffs,Trade & tariffs,corex,Deterministic CorEx issue model,Trade & tariffs,,,,,year5,1940,1940,1940,1944,1940.0,3.316749585406302,percent of eligible paragraphs,,603,eligible paragraphs,0.03316749585406302,0.012889602293978307,0.05458904462537358,0.012889602293978307,0.05458904462537358,603,26,,ok,false,false,,sampling_only,not_applicable_no_annotator_in_pipeline,n/a: CorEx labels have no annotator,observed,Complete source-document paragraph corpus; CorEx labels
11,corex:Trade & tariffs,Trade & tariffs,corex,Deterministic CorEx issue model,Trade & tariffs,,,,,year5,1945,1945,1945,1949,1945.0,2.952029520295203,percent of eligible paragraphs,,271,eligible paragraphs,0.02952029520295203,0.005907226392040496,0.06413855752091047,0.005907226392040496,0.06413855752091047,271,17,,ok,false,false,,sampling_only,not_applicable_no_annotator_in_pipeline,n/a: CorEx labels have no annotator,observed,Complete source-document paragraph corpus; CorEx labels
11,corex:Trade & tariffs,Trade & tariffs,corex,Deterministic CorEx issue model,Trade & tariffs,,,,,year5,1950,1950,1950,1954,1950.0,5.187319884726225,percent of eligible paragraphs,,347,eligible paragraphs,0.05187319884726225,0.022037770105363414,0.08841199422737717,0.022037770105363414,0.08841199422737717,347,11,,ok,false,false,,sampling_only,not_applicable_no_annotator_in_pipeline,n/a: CorEx labels have no annotator,observed,Complete source-document paragraph corpus; CorEx labels
11,corex:Trade & tariffs,Trade & tariffs,corex,Deterministic CorEx issue model,Trade & tariffs,,,,,year5,1955,1955,1955,1959,1955.0,7.6923076923076925,percent of eligible paragraphs,,403,eligible paragraphs,0.07692307692307693,0.04474572477392784,0.09718400293524122,0.04474572477392784,0.09718400293524122,403,8,,ok,false,false,,sampling_only,not_applicable_no_annotator_in_pipeline,n/a: CorEx labels have no annotator,observed,Complete source-document paragraph corpus; CorEx labels
11,corex:Trade & tariffs,Trade & tariffs,corex,Deterministic CorEx issue model,Trade & tariffs,,,,,year5,1960,1960,1960,1964,1960.0,5.82129963898917,percent of eligible paragraphs,,2216,eligible paragraphs,0.0582129963898917,0.03421175896816932,0.09267466233217858,0.03421175896816932,0.09267466233217858,2216,67,,ok,false,false,,sampling_only,not_applicable_no_annotator_in_pipeline,n/a: CorEx labels have no annotator,observed,Complete source-document paragraph corpus; CorEx labels
11,corex:Trade & tariffs,Trade & tariffs,corex,Deterministic CorEx issue model,Trade & tariffs,,,,,year5,1965,1965,1965,1969,1965.0,1.968503937007874,percent of eligible paragraphs,,2032,eligible paragraphs,0.01968503937007874,0.011661110275030757,0.027926061259904083,0.011661110275030757,0.027926061259904083,2032,53,,ok,false,false,,sampling_only,not_applicable_no_annotator_in_pipeline,n/a: CorEx labels have no annotator,observed,Complete source-document paragraph corpus; CorEx labels
11,corex:Trade & tariffs,Trade & tariffs,corex,Deterministic CorEx issue model,Trade & tariffs,,,,,year5,1970,1970,1970,1974,1970.0,3.551401869158879,percent of eligible paragraphs,,535,eligible paragraphs,0.03551401869158879,0.011796662425823947,0.06454001983283751,0.011796662425823947,0.06454001983283751,535,25,,ok,false,false,,sampling_only,not_applicable_no_annotator_in_pipeline,n/a: CorEx labels have no annotator,observed,Complete source-document paragraph corpus; CorEx labels
11,corex:Trade & tariffs,Trade & tariffs,corex,Deterministic CorEx issue model,Trade & tariffs,,,,,year5,1975,1975,1975,1979,1975.0,4.900181488203267,percent of eligible paragraphs,,1102,eligible paragraphs,0.04900181488203267,0.031548675175140456,0.07021115450385912,0.031548675175140456,0.07021115450385912,1102,27,,ok,false,false,,sampling_only,not_applicable_no_annotator_in_pipeline,n/a: CorEx labels have no annotator,observed,Complete source-document paragraph corpus; CorEx labels
11,corex:Trade & tariffs,Trade & tariffs,corex,Deterministic CorEx issue model,Trade & tariffs,,,,,year5,1980,1980,1980,1984,1980.0,2.6801667659321025,percent of eligible paragraphs,,1679,eligible paragraphs,0.026801667659321026,0.018486305268460214,0.03461438771846627,0.018486305268460214,0.03461438771846627,1679,41,,ok,false,false,,sampling_only,not_applicable_no_annotator_in_pipeline,n/a: CorEx labels have no annotator,observed,Complete source-document paragraph corpus; CorEx labels
11,corex:Trade & tariffs,Trade & tariffs,corex,Deterministic CorEx issue model,Trade & tariffs,,,,,year5,1985,1985,1985,1989,1985.0,5.450236966824645,percent of eligible paragraphs,,844,eligible paragraphs,0.054502369668246446,0.04046248222383214,0.06873554227338977,0.04046248222383214,0.06873554227338977,844,28,,ok,false,false,,sampling_only,not_applicable_no_annotator_in_pipeline,n/a: CorEx labels have no annotator,observed,Complete source-document paragraph corpus; CorEx labels
11,corex:Trade & tariffs,Trade & tariffs,corex,Deterministic CorEx issue model,Trade & tariffs,,,,,year5,1990,1990,1990,1994,1990.0,5.517241379310345,percent of eligible paragraphs,,1015,eligible paragraphs,0.05517241379310345,0.035913437532849785,0.08490406271278172,0.035913437532849785,0.08490406271278172,1015,32,,ok,false,false,,sampling_only,not_applicable_no_annotator_in_pipeline,n/a: CorEx labels have no annotator,observed,Complete source-document paragraph corpus; CorEx labels
11,corex:Trade & tariffs,Trade & tariffs,corex,Deterministic CorEx issue model,Trade & tariffs,,,,,year5,1995,1995,1995,1999,1995.0,5.0359712230215825,percent of eligible paragraphs,,834,eligible paragraphs,0.050359712230215826,0.030157933904798654,0.07271939342888203,0.030157933904798654,0.07271939342888203,834,22,,ok,false,false,,sampling_only,not_applicable_no_annotator_in_pipeline,n/a: CorEx labels have no annotator,observed,Complete source-document paragraph corpus; CorEx labels
11,corex:Trade & tariffs,Trade & tariffs,corex,Deterministic CorEx issue model,Trade & tariffs,,,,,year5,2000,2000,2000,2004,2000.0,4.430379746835443,percent of eligible paragraphs,,632,eligible paragraphs,0.04430379746835443,0.025501635768811343,0.06443879755037736,0.025501635768811343,0.06443879755037736,632,23,,ok,false,false,,sampling_only,not_applicable_no_annotator_in_pipeline,n/a: CorEx labels have no annotator,observed,Complete source-document paragraph corpus; CorEx labels
11,corex:Trade & tariffs,Trade & tariffs,corex,Deterministic CorEx issue model,Trade & tariffs,,,,,year5,2005,2005,2005,2009,2005.0,5.427251732101617,percent of eligible paragraphs,,866,eligible paragraphs,0.054272517321016164,0.031060928750148934,0.08696217195830003,0.031060928750148934,0.08696217195830003,866,28,,ok,false,false,,sampling_only,not_applicable_no_annotator_in_pipeline,n/a: CorEx labels have no annotator,observed,Complete source-document paragraph corpus; CorEx labels
11,corex:Trade & tariffs,Trade & tariffs,corex,Deterministic CorEx issue model,Trade & tariffs,,,,,year5,2010,2010,2010,2014,2010.0,4.471544715447155,percent of eligible paragraphs,,1230,eligible paragraphs,0.044715447154471545,0.031409716083139735,0.05946003412203344,0.031409716083139735,0.05946003412203344,1230,33,,ok,false,false,,sampling_only,not_applicable_no_annotator_in_pipeline,n/a: CorEx labels have no annotator,observed,Complete source-document paragraph corpus; CorEx labels
11,corex:Trade & tariffs,Trade & tariffs,corex,Deterministic CorEx issue model,Trade & tariffs,,,,,year5,2015,2015,2015,2019,2015.0,6.14307931570762,percent of eligible paragraphs,,1286,eligible paragraphs,0.061430793157076204,0.045489162447269936,0.07628876044237519,0.045489162447269936,0.07628876044237519,1286,27,,ok,false,false,,sampling_only,not_applicable_no_annotator_in_pipeline,n/a: CorEx labels have no annotator,observed,Complete source-document paragraph corpus; CorEx labels
11,corex:Trade & tariffs,Trade & tariffs,corex,Deterministic CorEx issue model,Trade & tariffs,,,,,year5,2020,2020,2020,2024,2020.0,1.7758484609313336,percent of eligible paragraphs,,2534,eligible paragraphs,0.017758484609313337,0.011760725328874611,0.024860696870820275,0.011760725328874611,0.024860696870820275,2534,50,,ok,false,false,,sampling_only,not_applicable_no_annotator_in_pipeline,n/a: CorEx labels have no annotator,observed,Complete source-document paragraph corpus; CorEx labels
11,corex:Trade & tariffs,Trade & tariffs,corex,Deterministic CorEx issue model,Trade & tariffs,,,,,year5,2025,2025,2025,2029,2025.0,3.202846975088968,percent of eligible paragraphs,,562,eligible paragraphs,0.03202846975088968,0.017483660130718955,0.0457673514160351,0.017483660130718955,0.0457673514160351,562,11,,ok,false,false,,sampling_only,not_applicable_no_annotator_in_pipeline,n/a: CorEx labels have no annotator,observed,Complete source-document paragraph corpus; CorEx labels
12,corex:Agriculture,Agriculture,corex,Deterministic CorEx issue model,Agriculture,,,,,year5,1785,1785,1785,1789,1785.0,0.0,percent of eligible paragraphs,,14,eligible paragraphs,0.0,,,,,14,2,,low_cluster_caution,true,false,,sampling_only,not_applicable_no_annotator_in_pipeline,n/a: CorEx labels have no annotator,observed,Complete source-document paragraph corpus; CorEx labels
12,corex:Agriculture,Agriculture,corex,Deterministic CorEx issue model,Agriculture,,,,,year5,1790,1790,1790,1794,1790.0,2.3255813953488373,percent of eligible paragraphs,,129,eligible paragraphs,0.023255813953488372,0.0,0.052840909090909084,0.0,0.052840909090909084,129,13,,ok,false,false,,sampling_only,not_applicable_no_annotator_in_pipeline,n/a: CorEx labels have no annotator,observed,Complete source-document paragraph corpus; CorEx labels
12,corex:Agriculture,Agriculture,corex,Deterministic CorEx issue model,Agriculture,,,,,year5,1795,1795,1795,1799,1795.0,5.188679245283019,percent of eligible paragraphs,,212,eligible paragraphs,0.05188679245283019,0.01949135153210117,0.1059232567199065,0.01949135153210117,0.1059232567199065,212,13,,ok,false,false,,sampling_only,not_applicable_no_annotator_in_pipeline,n/a: CorEx labels have no annotator,observed,Complete source-document paragraph corpus; CorEx labels
12,corex:Agriculture,Agriculture,corex,Deterministic CorEx issue model,Agriculture,,,,,year5,1800,1800,1800,1804,1800.0,7.051282051282051,percent of eligible paragraphs,,156,eligible paragraphs,0.07051282051282051,0.0372367470749675,0.10256410256410256,0.0372367470749675,0.10256410256410256,156,13,,ok,false,false,,sampling_only,not_applicable_no_annotator_in_pipeline,n/a: CorEx labels have no annotator,observed,Complete source-document paragraph corpus; CorEx labels
12,corex:Agriculture,Agriculture,corex,Deterministic CorEx issue model,Agriculture,,,,,year5,1805,1805,1805,1809,1805.0,3.5897435897435894,percent of eligible paragraphs,,195,eligible paragraphs,0.035897435897435895,0.009971889148713867,0.07385360360360359,0.009971889148713867,0.07385360360360359,195,15,,ok,false,false,,sampling_only,not_applicable_no_annotator_in_pipeline,n/a: CorEx labels have no annotator,observed,Complete source-document paragraph corpus; CorEx labels
12,corex:Agriculture,Agriculture,corex,Deterministic CorEx issue model,Agriculture,,,,,year5,1810,1810,1810,1814,1810.0,0.5494505494505495,percent of eligible paragraphs,,182,eligible paragraphs,0.005494505494505495,0.0,0.017584434654919236,0.0,0.017584434654919236,182,14,,ok,false,false,,sampling_only,not_applicable_no_annotator_in_pipeline,n/a: CorEx labels have no annotator,observed,Complete source-document paragraph corpus; CorEx labels
12,corex:Agriculture,Agriculture,corex,Deterministic CorEx issue model,Agriculture,,,,,year5,1815,1815,1815,1819,1815.0,0.9852216748768473,percent of eligible paragraphs,,203,eligible paragraphs,0.009852216748768473,0.0,0.024630541871921183,0.0,0.024630541871921183,203,9,,ok,false,false,,sampling_only,not_applicable_no_annotator_in_pipeline,n/a: CorEx labels have no annotator,observed,Complete source-document paragraph corpus; CorEx labels
12,corex:Agriculture,Agriculture,corex,Deterministic CorEx issue model,Agriculture,,,,,year5,1820,1820,1820,1824,1820.0,1.083032490974729,percent of eligible paragraphs,,277,eligible paragraphs,0.010830324909747292,0.0,0.022871965137995432,0.0,0.022871965137995432,277,7,,low_cluster_caution,false,false,,sampling_only,not_applicable_no_annotator_in_pipeline,n/a: CorEx labels have no annotator,observed,Complete source-document paragraph corpus; CorEx labels
12,corex:Agriculture,Agriculture,corex,Deterministic CorEx issue model,Agriculture,,,,,year5,1825,1825,1825,1829,1825.0,1.6304347826086956,percent of eligible paragraphs,,368,eligible paragraphs,0.016304347826086956,0.007106274007682459,0.02764175257731958,0.007106274007682459,0.02764175257731958,368,10,,ok,false,false,,sampling_only,not_applicable_no_annotator_in_pipeline,n/a: CorEx labels have no annotator,observed,Complete source-document paragraph corpus; CorEx labels
12,corex:Agriculture,Agriculture,corex,Deterministic CorEx issue model,Agriculture,,,,,year5,1830,1830,1830,1834,1830.0,0.6218905472636816,percent of eligible paragraphs,,804,eligible paragraphs,0.006218905472636816,0.001225105884473281,0.012717517271118377,0.001225105884473281,0.012717517271118377,804,19,,ok,false,false,,sampling_only,not_applicable_no_annotator_in_pipeline,n/a: CorEx labels have no annotator,observed,Complete source-document paragraph corpus; CorEx labels
12,corex:Agriculture,Agriculture,corex,Deterministic CorEx issue model,Agriculture,,,,,year5,1835,1835,1835,1839,1835.0,1.8662519440124419,percent of eligible paragraphs,,643,eligible paragraphs,0.01866251944012442,0.0042761502063827644,0.031530891927158244,0.0042761502063827644,0.031530891927158244,643,12,,ok,false,false,,sampling_only,not_applicable_no_annotator_in_pipeline,n/a: CorEx labels have no annotator,observed,Complete source-document paragraph corpus; CorEx labels
12,corex:Agriculture,Agriculture,corex,Deterministic CorEx issue model,Agriculture,,,,,year5,1840,1840,1840,1844,1840.0,0.15174506828528073,percent of eligible paragraphs,,659,eligible paragraphs,0.0015174506828528073,0.0,0.004616548044810421,0.0,0.004616548044810421,659,20,,ok,false,false,,sampling_only,not_applicable_no_annotator_in_pipeline,n/a: CorEx labels have no annotator,observed,Complete source-document paragraph corpus; CorEx labels
12,corex:Agriculture,Agriculture,corex,Deterministic CorEx issue model,Agriculture,,,,,year5,1845,1845,1845,1849,1845.0,2.269861286254729,percent of eligible paragraphs,,793,eligible paragraphs,0.02269861286254729,0.011936711957352686,0.03306741869937219,0.011936711957352686,0.03306741869937219,793,28,,ok,false,false,,sampling_only,not_applicable_no_annotator_in_pipeline,n/a: CorEx labels have no annotator,observed,Complete source-document paragraph corpus; CorEx labels
12,corex:Agriculture,Agriculture,corex,Deterministic CorEx issue model,Agriculture,,,,,year5,1850,1850,1850,1854,1850.0,0.995575221238938,percent of eligible paragraphs,,904,eligible paragraphs,0.00995575221238938,0.005134467075341111,0.01684071685494295,0.005134467075341111,0.01684071685494295,904,21,,ok,false,false,,sampling_only,not_applicable_no_annotator_in_pipeline,n/a: CorEx labels have no annotator,observed,Complete source-document paragraph corpus; CorEx labels
12,corex:Agriculture,Agriculture,corex,Deterministic CorEx issue model,Agriculture,,,,,year5,1855,1855,1855,1859,1855.0,1.0159651669085632,percent of eligible paragraphs,,689,eligible paragraphs,0.010159651669085631,0.0,0.02996857816182246,0.0,0.02996857816182246,689,13,,ok,false,false,,sampling_only,not_applicable_no_annotator_in_pipeline,n/a: CorEx labels have no annotator,observed,Complete source-document paragraph corpus; CorEx labels
12,corex:Agriculture,Agriculture,corex,Deterministic CorEx issue model,Agriculture,,,,,year5,1860,1860,1860,1864,1860.0,1.088646967340591,percent of eligible paragraphs,,643,eligible paragraphs,0.01088646967340591,0.003830307262569833,0.018384836203985132,0.003830307262569833,0.018384836203985132,643,18,,ok,false,false,,sampling_only,not_applicable_no_annotator_in_pipeline,n/a: CorEx labels have no annotator,observed,Complete source-document paragraph corpus; CorEx labels
12,corex:Agriculture,Agriculture,corex,Deterministic CorEx issue model,Agriculture,,,,,year5,1865,1865,1865,1869,1865.0,0.6165228113440198,percent of eligible paragraphs,,811,eligible paragraphs,0.006165228113440197,0.0012277098626791879,0.011216040583598859,0.0012277098626791879,0.011216040583598859,811,37,,ok,false,false,,sampling_only,not_applicable_no_annotator_in_pipeline,n/a: CorEx labels have no annotator,observed,Complete source-document paragraph corpus; CorEx labels
12,corex:Agriculture,Agriculture,corex,Deterministic CorEx issue model,Agriculture,,,,,year5,1870,1870,1870,1874,1870.0,1.3861386138613863,percent of eligible paragraphs,,505,eligible paragraphs,0.013861386138613862,0.0049908322107468945,0.019352336394054936,0.0049908322107468945,0.019352336394054936,505,19,,ok,false,false,,sampling_only,not_applicable_no_annotator_in_pipeline,n/a: CorEx labels have no annotator,observed,Complete source-document paragraph corpus; CorEx labels
12,corex:Agriculture,Agriculture,corex,Deterministic CorEx issue model,Agriculture,,,,,year5,1875,1875,1875,1879,1875.0,3.33889816360601,percent of eligible paragraphs,,599,eligible paragraphs,0.0333889816360601,0.017548365731185116,0.044283448522151964,0.017548365731185116,0.044283448522151964,599,20,,ok,false,false,,sampling_only,not_applicable_no_annotator_in_pipeline,n/a: CorEx labels have no annotator,observed,Complete source-document paragraph corpus; CorEx labels
12,corex:Agriculture,Agriculture,corex,Deterministic CorEx issue model,Agriculture,,,,,year5,1880,1880,1880,1884,1880.0,1.5723270440251573,percent of eligible paragraphs,,636,eligible paragraphs,0.015723270440251572,0.0047388015700544125,0.029029518144775984,0.0047388015700544125,0.029029518144775984,636,16,,ok,false,false,,sampling_only,not_applicable_no_annotator_in_pipeline,n/a: CorEx labels have no annotator,observed,Complete source-document paragraph corpus; CorEx labels
12,corex:Agriculture,Agriculture,corex,Deterministic CorEx issue model,Agriculture,,,,,year5,1885,1885,1885,1889,1885.0,3.132832080200501,percent of eligible paragraphs,,798,eligible paragraphs,0.03132832080200501,0.021004932182490752,0.04745752759727549,0.021004932182490752,0.04745752759727549,798,18,,ok,false,false,,sampling_only,not_applicable_no_annotator_in_pipeline,n/a: CorEx labels have no annotator,observed,Complete source-document paragraph corpus; CorEx labels
12,corex:Agriculture,Agriculture,corex,Deterministic CorEx issue model,Agriculture,,,,,year5,1890,1890,1890,1894,1890.0,6.279620853080568,percent of eligible paragraphs,,844,eligible paragraphs,0.06279620853080568,0.03586265884652981,0.08321271966541564,0.03586265884652981,0.08321271966541564,844,20,,ok,false,false,,sampling_only,not_applicable_no_annotator_in_pipeline,n/a: CorEx labels have no annotator,observed,Complete source-document paragraph corpus; CorEx labels
12,corex:Agriculture,Agriculture,corex,Deterministic CorEx issue model,Agriculture,,,,,year5,1895,1895,1895,1899,1895.0,2.603550295857988,percent of eligible paragraphs,,845,eligible paragraphs,0.02603550295857988,0.00733091712671492,0.04017058632354895,0.00733091712671492,0.04017058632354895,845,20,,ok,false,false,,sampling_only,not_applicable_no_annotator_in_pipeline,n/a: CorEx labels have no annotator,observed,Complete source-document paragraph corpus; CorEx labels
12,corex:Agriculture,Agriculture,corex,Deterministic CorEx issue model,Agriculture,,,,,year5,1900,1900,1900,1904,1900.0,4.096385542168675,percent of eligible paragraphs,,830,eligible paragraphs,0.04096385542168675,0.019644511347846224,0.06361870951738852,0.019644511347846224,0.06361870951738852,830,15,,ok,false,false,,sampling_only,not_applicable_no_annotator_in_pipeline,n/a: CorEx labels have no annotator,observed,Complete source-document paragraph corpus; CorEx labels
12,corex:Agriculture,Agriculture,corex,Deterministic CorEx issue model,Agriculture,,,,,year5,1905,1905,1905,1909,1905.0,4.513888888888888,percent of eligible paragraphs,,1152,eligible paragraphs,0.04513888888888889,0.03070828719084533,0.06662547626403047,0.03070828719084533,0.06662547626403047,1152,16,,ok,false,false,,sampling_only,not_applicable_no_annotator_in_pipeline,n/a: CorEx labels have no annotator,observed,Complete source-document paragraph corpus; CorEx labels
12,corex:Agriculture,Agriculture,corex,Deterministic CorEx issue model,Agriculture,,,,,year5,1910,1910,1910,1914,1910.0,3.3261802575107295,percent of eligible paragraphs,,932,eligible paragraphs,0.033261802575107295,0.015220776819042336,0.06441014020676954,0.015220776819042336,0.06441014020676954,932,20,,ok,false,false,,sampling_only,not_applicable_no_annotator_in_pipeline,n/a: CorEx labels have no annotator,observed,Complete source-document paragraph corpus; CorEx labels
12,corex:Agriculture,Agriculture,corex,Deterministic CorEx issue model,Agriculture,,,,,year5,1915,1915,1915,1919,1915.0,2.8199566160520604,percent of eligible paragraphs,,461,eligible paragraphs,0.028199566160520606,0.010718534482758621,0.050087370450711,0.010718534482758621,0.050087370450711,461,21,,ok,false,false,,sampling_only,not_applicable_no_annotator_in_pipeline,n/a: CorEx labels have no annotator,observed,Complete source-document paragraph corpus; CorEx labels
12,corex:Agriculture,Agriculture,corex,Deterministic CorEx issue model,Agriculture,,,,,year5,1920,1920,1920,1924,1920.0,9.749303621169917,percent of eligible paragraphs,,359,eligible paragraphs,0.09749303621169916,0.05171200870567149,0.1280896828290193,0.05171200870567149,0.1280896828290193,359,19,,ok,false,false,,sampling_only,not_applicable_no_annotator_in_pipeline,n/a: CorEx labels have no annotator,observed,Complete source-document paragraph corpus; CorEx labels
12,corex:Agriculture,Agriculture,corex,Deterministic CorEx issue model,Agriculture,,,,,year5,1925,1925,1925,1929,1925.0,9.985528219971057,percent of eligible paragraphs,,691,eligible paragraphs,0.09985528219971057,0.06101956493336817,0.13585696450864987,0.06101956493336817,0.13585696450864987,691,20,,ok,false,false,,sampling_only,not_applicable_no_annotator_in_pipeline,n/a: CorEx labels have no annotator,observed,Complete source-document paragraph corpus; CorEx labels
12,corex:Agriculture,Agriculture,corex,Deterministic CorEx issue model,Agriculture,,,,,year5,1930,1930,1930,1934,1930.0,19.07790143084261,percent of eligible paragraphs,,629,eligible paragraphs,0.1907790143084261,0.14998834924933008,0.22862574520891435,0.14998834924933008,0.22862574520891435,629,27,,ok,false,false,,sampling_only,not_applicable_no_annotator_in_pipeline,n/a: CorEx labels have no annotator,observed,Complete source-document paragraph corpus; CorEx labels
12,corex:Agriculture,Agriculture,corex,Deterministic CorEx issue model,Agriculture,,,,,year5,1935,1935,1935,1939,1935.0,13.818181818181818,percent of eligible paragraphs,,275,eligible paragraphs,0.13818181818181818,0.06000925376508152,0.2283267675359085,0.06000925376508152,0.2283267675359085,275,13,,ok,false,false,,sampling_only,not_applicable_no_annotator_in_pipeline,n/a: CorEx labels have no annotator,observed,Complete source-document paragraph corpus; CorEx labels
12,corex:Agriculture,Agriculture,corex,Deterministic CorEx issue model,Agriculture,,,,,year5,1940,1940,1940,1944,1940.0,5.804311774461028,percent of eligible paragraphs,,603,eligible paragraphs,0.05804311774461028,0.03161592682027788,0.09966094745474041,0.03161592682027788,0.09966094745474041,603,26,,ok,false,false,,sampling_only,not_applicable_no_annotator_in_pipeline,n/a: CorEx labels have no annotator,observed,Complete source-document paragraph corpus; CorEx labels
12,corex:Agriculture,Agriculture,corex,Deterministic CorEx issue model,Agriculture,,,,,year5,1945,1945,1945,1949,1945.0,3.3210332103321036,percent of eligible paragraphs,,271,eligible paragraphs,0.033210332103321034,0.013222083797783751,0.05727709790209788,0.013222083797783751,0.05727709790209788,271,17,,ok,false,false,,sampling_only,not_applicable_no_annotator_in_pipeline,n/a: CorEx labels have no annotator,observed,Complete source-document paragraph corpus; CorEx labels
12,corex:Agriculture,Agriculture,corex,Deterministic CorEx issue model,Agriculture,,,,,year5,1950,1950,1950,1954,1950.0,6.051873198847262,percent of eligible paragraphs,,347,eligible paragraphs,0.06051873198847262,0.03370840223232741,0.08448138737136322,0.03370840223232741,0.08448138737136322,347,11,,ok,false,false,,sampling_only,not_applicable_no_annotator_in_pipeline,n/a: CorEx labels have no annotator,observed,Complete source-document paragraph corpus; CorEx labels
12,corex:Agriculture,Agriculture,corex,Deterministic CorEx issue model,Agriculture,,,,,year5,1955,1955,1955,1959,1955.0,7.94044665012407,percent of eligible paragraphs,,403,eligible paragraphs,0.0794044665012407,0.045584148895426065,0.10958642762768235,0.045584148895426065,0.10958642762768235,403,8,,ok,false,false,,sampling_only,not_applicable_no_annotator_in_pipeline,n/a: CorEx labels have no annotator,observed,Complete source-document paragraph corpus; CorEx labels
12,corex:Agriculture,Agriculture,corex,Deterministic CorEx issue model,Agriculture,,,,,year5,1960,1960,1960,1964,1960.0,2.572202166064982,percent of eligible paragraphs,,2216,eligible paragraphs,0.02572202166064982,0.01726780609776114,0.034034300718846694,0.01726780609776114,0.034034300718846694,2216,67,,ok,false,false,,sampling_only,not_applicable_no_annotator_in_pipeline,n/a: CorEx labels have no annotator,observed,Complete source-document paragraph corpus; CorEx labels
12,corex:Agriculture,Agriculture,corex,Deterministic CorEx issue model,Agriculture,,,,,year5,1965,1965,1965,1969,1965.0,2.1653543307086616,percent of eligible paragraphs,,2032,eligible paragraphs,0.021653543307086614,0.0130228262303734,0.03129554315651371,0.0130228262303734,0.03129554315651371,2032,53,,ok,false,false,,sampling_only,not_applicable_no_annotator_in_pipeline,n/a: CorEx labels have no annotator,observed,Complete source-document paragraph corpus; CorEx labels
12,corex:Agriculture,Agriculture,corex,Deterministic CorEx issue model,Agriculture,,,,,year5,1970,1970,1970,1974,1970.0,2.2429906542056073,percent of eligible paragraphs,,535,eligible paragraphs,0.022429906542056073,0.0066434878587196475,0.038360984865198774,0.0066434878587196475,0.038360984865198774,535,25,,ok,false,false,,sampling_only,not_applicable_no_annotator_in_pipeline,n/a: CorEx labels have no annotator,observed,Complete source-document paragraph corpus; CorEx labels
12,corex:Agriculture,Agriculture,corex,Deterministic CorEx issue model,Agriculture,,,,,year5,1975,1975,1975,1979,1975.0,1.5426497277676952,percent of eligible paragraphs,,1102,eligible paragraphs,0.015426497277676952,0.010075250836120401,0.02152631929859652,0.010075250836120401,0.02152631929859652,1102,27,,ok,false,false,,sampling_only,not_applicable_no_annotator_in_pipeline,n/a: CorEx labels have no annotator,observed,Complete source-document paragraph corpus; CorEx labels
12,corex:Agriculture,Agriculture,corex,Deterministic CorEx issue model,Agriculture,,,,,year5,1980,1980,1980,1984,1980.0,1.9654556283502083,percent of eligible paragraphs,,1679,eligible paragraphs,0.019654556283502083,0.01114749538669296,0.029869773104516648,0.01114749538669296,0.029869773104516648,1679,41,,ok,false,false,,sampling_only,not_applicable_no_annotator_in_pipeline,n/a: CorEx labels have no annotator,observed,Complete source-document paragraph corpus; CorEx labels
12,corex:Agriculture,Agriculture,corex,Deterministic CorEx issue model,Agriculture,,,,,year5,1985,1985,1985,1989,1985.0,2.251184834123223,percent of eligible paragraphs,,844,eligible paragraphs,0.022511848341232227,0.008174013109523788,0.0368332670150982,0.008174013109523788,0.0368332670150982,844,28,,ok,false,false,,sampling_only,not_applicable_no_annotator_in_pipeline,n/a: CorEx labels have no annotator,observed,Complete source-document paragraph corpus; CorEx labels
12,corex:Agriculture,Agriculture,corex,Deterministic CorEx issue model,Agriculture,,,,,year5,1990,1990,1990,1994,1990.0,0.7881773399014778,percent of eligible paragraphs,,1015,eligible paragraphs,0.007881773399014778,0.0014860395303118857,0.016452634902022683,0.0014860395303118857,0.016452634902022683,1015,32,,ok,false,false,,sampling_only,not_applicable_no_annotator_in_pipeline,n/a: CorEx labels have no annotator,observed,Complete source-document paragraph corpus; CorEx labels
12,corex:Agriculture,Agriculture,corex,Deterministic CorEx issue model,Agriculture,,,,,year5,1995,1995,1995,1999,1995.0,1.5587529976019185,percent of eligible paragraphs,,834,eligible paragraphs,0.015587529976019185,0.005733647322310784,0.028295992481551954,0.005733647322310784,0.028295992481551954,834,22,,ok,false,false,,sampling_only,not_applicable_no_annotator_in_pipeline,n/a: CorEx labels have no annotator,observed,Complete source-document paragraph corpus; CorEx labels
12,corex:Agriculture,Agriculture,corex,Deterministic CorEx issue model,Agriculture,,,,,year5,2000,2000,2000,2004,2000.0,0.949367088607595,percent of eligible paragraphs,,632,eligible paragraphs,0.00949367088607595,0.0032165476455570346,0.018239010265859435,0.0032165476455570346,0.018239010265859435,632,23,,ok,false,false,,sampling_only,not_applicable_no_annotator_in_pipeline,n/a: CorEx labels have no annotator,observed,Complete source-document paragraph corpus; CorEx labels
12,corex:Agriculture,Agriculture,corex,Deterministic CorEx issue model,Agriculture,,,,,year5,2005,2005,2005,2009,2005.0,1.0392609699769053,percent of eligible paragraphs,,866,eligible paragraphs,0.010392609699769052,0.004403144409937889,0.017371989064578097,0.004403144409937889,0.017371989064578097,866,28,,ok,false,false,,sampling_only,not_applicable_no_annotator_in_pipeline,n/a: CorEx labels have no annotator,observed,Complete source-document paragraph corpus; CorEx labels
12,corex:Agriculture,Agriculture,corex,Deterministic CorEx issue model,Agriculture,,,,,year5,2010,2010,2010,2014,2010.0,0.7317073170731708,percent of eligible paragraphs,,1230,eligible paragraphs,0.007317073170731708,0.002951231621489792,0.01170240728977285,0.002951231621489792,0.01170240728977285,1230,33,,ok,false,false,,sampling_only,not_applicable_no_annotator_in_pipeline,n/a: CorEx labels have no annotator,observed,Complete source-document paragraph corpus; CorEx labels
12,corex:Agriculture,Agriculture,corex,Deterministic CorEx issue model,Agriculture,,,,,year5,2015,2015,2015,2019,2015.0,0.9331259720062209,percent of eligible paragraphs,,1286,eligible paragraphs,0.00933125972006221,0.0034803341745840532,0.015560174199650015,0.0034803341745840532,0.015560174199650015,1286,27,,ok,false,false,,sampling_only,not_applicable_no_annotator_in_pipeline,n/a: CorEx labels have no annotator,observed,Complete source-document paragraph corpus; CorEx labels
12,corex:Agriculture,Agriculture,corex,Deterministic CorEx issue model,Agriculture,,,,,year5,2020,2020,2020,2024,2020.0,0.8681925808997633,percent of eligible paragraphs,,2534,eligible paragraphs,0.008681925808997633,0.004263603165831696,0.01566722778743641,0.004263603165831696,0.01566722778743641,2534,50,,ok,false,false,,sampling_only,not_applicable_no_annotator_in_pipeline,n/a: CorEx labels have no annotator,observed,Complete source-document paragraph corpus; CorEx labels
12,corex:Agriculture,Agriculture,corex,Deterministic CorEx issue model,Agriculture,,,,,year5,2025,2025,2025,2029,2025.0,0.8896797153024912,percent of eligible paragraphs,,562,eligible paragraphs,0.008896797153024912,0.0,0.017268814399373937,0.0,0.017268814399373937,562,11,,ok,false,false,,sampling_only,not_applicable_no_annotator_in_pipeline,n/a: CorEx labels have no annotator,observed,Complete source-document paragraph corpus; CorEx labels
13,corex:Religion & values,Religion & values,corex,Deterministic CorEx issue model,Religion & values,,,,,year5,1785,1785,1785,1789,1785.0,14.285714285714285,percent of eligible paragraphs,,14,eligible paragraphs,0.14285714285714285,0.0,0.6666666666666666,0.0,0.6666666666666666,14,2,,low_cluster_caution,false,false,,sampling_only,not_applicable_no_annotator_in_pipeline,n/a: CorEx labels have no annotator,observed,Complete source-document paragraph corpus; CorEx labels
13,corex:Religion & values,Religion & values,corex,Deterministic CorEx issue model,Religion & values,,,,,year5,1790,1790,1790,1794,1790.0,4.651162790697675,percent of eligible paragraphs,,129,eligible paragraphs,0.046511627906976744,0.01584493750524285,0.09453124999999997,0.01584493750524285,0.09453124999999997,129,13,,ok,false,false,,sampling_only,not_applicable_no_annotator_in_pipeline,n/a: CorEx labels have no annotator,observed,Complete source-document paragraph corpus; CorEx labels
13,corex:Religion & values,Religion & values,corex,Deterministic CorEx issue model,Religion & values,,,,,year5,1795,1795,1795,1799,1795.0,7.0754716981132075,percent of eligible paragraphs,,212,eligible paragraphs,0.07075471698113207,0.030891047717635817,0.13084150326797386,0.030891047717635817,0.13084150326797386,212,13,,ok,false,false,,sampling_only,not_applicable_no_annotator_in_pipeline,n/a: CorEx labels have no annotator,observed,Complete source-document paragraph corpus; CorEx labels
13,corex:Religion & values,Religion & values,corex,Deterministic CorEx issue model,Religion & values,,,,,year5,1800,1800,1800,1804,1800.0,5.769230769230769,percent of eligible paragraphs,,156,eligible paragraphs,0.057692307692307696,0.031030622562472916,0.08697203579418343,0.031030622562472916,0.08697203579418343,156,13,,ok,false,false,,sampling_only,not_applicable_no_annotator_in_pipeline,n/a: CorEx labels have no annotator,observed,Complete source-document paragraph corpus; CorEx labels
13,corex:Religion & values,Religion & values,corex,Deterministic CorEx issue model,Religion & values,,,,,year5,1805,1805,1805,1809,1805.0,4.615384615384616,percent of eligible paragraphs,,195,eligible paragraphs,0.046153846153846156,0.011867779656241194,0.08302479537794893,0.011867779656241194,0.08302479537794893,195,15,,ok,false,false,,sampling_only,not_applicable_no_annotator_in_pipeline,n/a: CorEx labels have no annotator,observed,Complete source-document paragraph corpus; CorEx labels
13,corex:Religion & values,Religion & values,corex,Deterministic CorEx issue model,Religion & values,,,,,year5,1810,1810,1810,1814,1810.0,5.4945054945054945,percent of eligible paragraphs,,182,eligible paragraphs,0.054945054945054944,0.01497200117889773,0.12895935960591132,0.01497200117889773,0.12895935960591132,182,14,,ok,false,false,,sampling_only,not_applicable_no_annotator_in_pipeline,n/a: CorEx labels have no annotator,observed,Complete source-document paragraph corpus; CorEx labels
13,corex:Religion & values,Religion & values,corex,Deterministic CorEx issue model,Religion & values,,,,,year5,1815,1815,1815,1819,1815.0,2.955665024630542,percent of eligible paragraphs,,203,eligible paragraphs,0.029556650246305417,0.009242015583525987,0.0511898148148148,0.009242015583525987,0.0511898148148148,203,9,,ok,false,false,,sampling_only,not_applicable_no_annotator_in_pipeline,n/a: CorEx labels have no annotator,observed,Complete source-document paragraph corpus; CorEx labels
13,corex:Religion & values,Religion & values,corex,Deterministic CorEx issue model,Religion & values,,,,,year5,1820,1820,1820,1824,1820.0,1.8050541516245486,percent of eligible paragraphs,,277,eligible paragraphs,0.018050541516245487,0.00622037112284979,0.02861777497194163,0.00622037112284979,0.02861777497194163,277,7,,low_cluster_caution,false,false,,sampling_only,not_applicable_no_annotator_in_pipeline,n/a: CorEx labels have no annotator,observed,Complete source-document paragraph corpus; CorEx labels
13,corex:Religion & values,Religion & values,corex,Deterministic CorEx issue model,Religion & values,,,,,year5,1825,1825,1825,1829,1825.0,4.619565217391304,percent of eligible paragraphs,,368,eligible paragraphs,0.04619565217391304,0.020616323141129378,0.08333333333333333,0.020616323141129378,0.08333333333333333,368,10,,ok,false,false,,sampling_only,not_applicable_no_annotator_in_pipeline,n/a: CorEx labels have no annotator,observed,Complete source-document paragraph corpus; CorEx labels
13,corex:Religion & values,Religion & values,corex,Deterministic CorEx issue model,Religion & values,,,,,year5,1830,1830,1830,1834,1830.0,3.482587064676617,percent of eligible paragraphs,,804,eligible paragraphs,0.03482587064676617,0.020893339708144516,0.0472972972972973,0.020893339708144516,0.0472972972972973,804,19,,ok,false,false,,sampling_only,not_applicable_no_annotator_in_pipeline,n/a: CorEx labels have no annotator,observed,Complete source-document paragraph corpus; CorEx labels
13,corex:Religion & values,Religion & values,corex,Deterministic CorEx issue model,Religion & values,,,,,year5,1835,1835,1835,1839,1835.0,3.265940902021773,percent of eligible paragraphs,,643,eligible paragraphs,0.03265940902021773,0.020315264834257402,0.046839118825100126,0.020315264834257402,0.046839118825100126,643,12,,ok,false,false,,sampling_only,not_applicable_no_annotator_in_pipeline,n/a: CorEx labels have no annotator,observed,Complete source-document paragraph corpus; CorEx labels
13,corex:Religion & values,Religion & values,corex,Deterministic CorEx issue model,Religion & values,,,,,year5,1840,1840,1840,1844,1840.0,3.793626707132018,percent of eligible paragraphs,,659,eligible paragraphs,0.03793626707132018,0.023432330646813444,0.05668345734678609,0.023432330646813444,0.05668345734678609,659,20,,ok,false,false,,sampling_only,not_applicable_no_annotator_in_pipeline,n/a: CorEx labels have no annotator,observed,Complete source-document paragraph corpus; CorEx labels
13,corex:Religion & values,Religion & values,corex,Deterministic CorEx issue model,Religion & values,,,,,year5,1845,1845,1845,1849,1845.0,3.4047919293820934,percent of eligible paragraphs,,793,eligible paragraphs,0.034047919293820936,0.021992806505421184,0.05207563901811027,0.021992806505421184,0.05207563901811027,793,28,,ok,false,false,,sampling_only,not_applicable_no_annotator_in_pipeline,n/a: CorEx labels have no annotator,observed,Complete source-document paragraph corpus; CorEx labels
13,corex:Religion & values,Religion & values,corex,Deterministic CorEx issue model,Religion & values,,,,,year5,1850,1850,1850,1854,1850.0,8.075221238938052,percent of eligible paragraphs,,904,eligible paragraphs,0.08075221238938053,0.032295548559505075,0.11580676265613929,0.032295548559505075,0.11580676265613929,904,21,,ok,false,false,,sampling_only,not_applicable_no_annotator_in_pipeline,n/a: CorEx labels have no annotator,observed,Complete source-document paragraph corpus; CorEx labels
13,corex:Religion & values,Religion & values,corex,Deterministic CorEx issue model,Religion & values,,,,,year5,1855,1855,1855,1859,1855.0,4.78955007256894,percent of eligible paragraphs,,689,eligible paragraphs,0.047895500725689405,0.023754137904488184,0.07309785768269285,0.023754137904488184,0.07309785768269285,689,13,,ok,false,false,,sampling_only,not_applicable_no_annotator_in_pipeline,n/a: CorEx labels have no annotator,observed,Complete source-document paragraph corpus; CorEx labels
13,corex:Religion & values,Religion & values,corex,Deterministic CorEx issue model,Religion & values,,,,,year5,1860,1860,1860,1864,1860.0,5.443234836702955,percent of eligible paragraphs,,643,eligible paragraphs,0.05443234836702955,0.04113796260299227,0.0692263541342001,0.04113796260299227,0.0692263541342001,643,18,,ok,false,false,,sampling_only,not_applicable_no_annotator_in_pipeline,n/a: CorEx labels have no annotator,observed,Complete source-document paragraph corpus; CorEx labels
13,corex:Religion & values,Religion & values,corex,Deterministic CorEx issue model,Religion & values,,,,,year5,1865,1865,1865,1869,1865.0,6.041923551171394,percent of eligible paragraphs,,811,eligible paragraphs,0.06041923551171394,0.037712895377128956,0.08176204819277108,0.037712895377128956,0.08176204819277108,811,37,,ok,false,false,,sampling_only,not_applicable_no_annotator_in_pipeline,n/a: CorEx labels have no annotator,observed,Complete source-document paragraph corpus; CorEx labels
13,corex:Religion & values,Religion & values,corex,Deterministic CorEx issue model,Religion & values,,,,,year5,1870,1870,1870,1874,1870.0,3.564356435643564,percent of eligible paragraphs,,505,eligible paragraphs,0.03564356435643564,0.017602989604184154,0.06560974075006293,0.017602989604184154,0.06560974075006293,505,19,,ok,false,false,,sampling_only,not_applicable_no_annotator_in_pipeline,n/a: CorEx labels have no annotator,observed,Complete source-document paragraph corpus; CorEx labels
13,corex:Religion & values,Religion & values,corex,Deterministic CorEx issue model,Religion & values,,,,,year5,1875,1875,1875,1879,1875.0,4.006677796327212,percent of eligible paragraphs,,599,eligible paragraphs,0.04006677796327212,0.017625467316188966,0.06657506436918201,0.017625467316188966,0.06657506436918201,599,20,,ok,false,false,,sampling_only,not_applicable_no_annotator_in_pipeline,n/a: CorEx labels have no annotator,observed,Complete source-document paragraph corpus; CorEx labels
13,corex:Religion & values,Religion & values,corex,Deterministic CorEx issue model,Religion & values,,,,,year5,1880,1880,1880,1884,1880.0,3.30188679245283,percent of eligible paragraphs,,636,eligible paragraphs,0.0330188679245283,0.015940447638499285,0.06611353711790391,0.015940447638499285,0.06611353711790391,636,16,,ok,false,false,,sampling_only,not_applicable_no_annotator_in_pipeline,n/a: CorEx labels have no annotator,observed,Complete source-document paragraph corpus; CorEx labels
13,corex:Religion & values,Religion & values,corex,Deterministic CorEx issue model,Religion & values,,,,,year5,1885,1885,1885,1889,1885.0,3.3834586466165413,percent of eligible paragraphs,,798,eligible paragraphs,0.03383458646616541,0.019477375565610862,0.06312909116782088,0.019477375565610862,0.06312909116782088,798,18,,ok,false,false,,sampling_only,not_applicable_no_annotator_in_pipeline,n/a: CorEx labels have no annotator,observed,Complete source-document paragraph corpus; CorEx labels
13,corex:Religion & values,Religion & values,corex,Deterministic CorEx issue model,Religion & values,,,,,year5,1890,1890,1890,1894,1890.0,2.6066350710900474,percent of eligible paragraphs,,844,eligible paragraphs,0.026066350710900472,0.014635567341690775,0.0481948924269979,0.014635567341690775,0.0481948924269979,844,20,,ok,false,false,,sampling_only,not_applicable_no_annotator_in_pipeline,n/a: CorEx labels have no annotator,observed,Complete source-document paragraph corpus; CorEx labels
13,corex:Religion & values,Religion & values,corex,Deterministic CorEx issue model,Religion & values,,,,,year5,1895,1895,1895,1899,1895.0,2.2485207100591715,percent of eligible paragraphs,,845,eligible paragraphs,0.022485207100591716,0.012035467977381881,0.03933595251286505,0.012035467977381881,0.03933595251286505,845,20,,ok,false,false,,sampling_only,not_applicable_no_annotator_in_pipeline,n/a: CorEx labels have no annotator,observed,Complete source-document paragraph corpus; CorEx labels
13,corex:Religion & values,Religion & values,corex,Deterministic CorEx issue model,Religion & values,,,,,year5,1900,1900,1900,1904,1900.0,4.578313253012048,percent of eligible paragraphs,,830,eligible paragraphs,0.04578313253012048,0.031199786788901042,0.06830585445670861,0.031199786788901042,0.06830585445670861,830,15,,ok,false,false,,sampling_only,not_applicable_no_annotator_in_pipeline,n/a: CorEx labels have no annotator,observed,Complete source-document paragraph corpus; CorEx labels
13,corex:Religion & values,Religion & values,corex,Deterministic CorEx issue model,Religion & values,,,,,year5,1905,1905,1905,1909,1905.0,2.604166666666667,percent of eligible paragraphs,,1152,eligible paragraphs,0.026041666666666668,0.012057400963467708,0.04262513084929473,0.012057400963467708,0.04262513084929473,1152,16,,ok,false,false,,sampling_only,not_applicable_no_annotator_in_pipeline,n/a: CorEx labels have no annotator,observed,Complete source-document paragraph corpus; CorEx labels
13,corex:Religion & values,Religion & values,corex,Deterministic CorEx issue model,Religion & values,,,,,year5,1910,1910,1910,1914,1910.0,3.5407725321888415,percent of eligible paragraphs,,932,eligible paragraphs,0.03540772532188841,0.021856964664705665,0.07599079024474942,0.021856964664705665,0.07599079024474942,932,20,,ok,false,false,,sampling_only,not_applicable_no_annotator_in_pipeline,n/a: CorEx labels have no annotator,observed,Complete source-document paragraph corpus; CorEx labels
13,corex:Religion & values,Religion & values,corex,Deterministic CorEx issue model,Religion & values,,,,,year5,1915,1915,1915,1919,1915.0,6.29067245119306,percent of eligible paragraphs,,461,eligible paragraphs,0.06290672451193059,0.04400203320908167,0.0799566210045662,0.04400203320908167,0.0799566210045662,461,21,,ok,false,false,,sampling_only,not_applicable_no_annotator_in_pipeline,n/a: CorEx labels have no annotator,observed,Complete source-document paragraph corpus; CorEx labels
13,corex:Religion & values,Religion & values,corex,Deterministic CorEx issue model,Religion & values,,,,,year5,1920,1920,1920,1924,1920.0,12.813370473537605,percent of eligible paragraphs,,359,eligible paragraphs,0.12813370473537605,0.09652401829965689,0.17317309629331182,0.09652401829965689,0.17317309629331182,359,19,,ok,false,false,,sampling_only,not_applicable_no_annotator_in_pipeline,n/a: CorEx labels have no annotator,observed,Complete source-document paragraph corpus; CorEx labels
13,corex:Religion & values,Religion & values,corex,Deterministic CorEx issue model,Religion & values,,,,,year5,1925,1925,1925,1929,1925.0,10.5643994211288,percent of eligible paragraphs,,691,eligible paragraphs,0.10564399421128799,0.06500801470431083,0.17054535745949864,0.06500801470431083,0.17054535745949864,691,20,,ok,false,false,,sampling_only,not_applicable_no_annotator_in_pipeline,n/a: CorEx labels have no annotator,observed,Complete source-document paragraph corpus; CorEx labels
13,corex:Religion & values,Religion & values,corex,Deterministic CorEx issue model,Religion & values,,,,,year5,1930,1930,1930,1934,1930.0,6.836248012718602,percent of eligible paragraphs,,629,eligible paragraphs,0.06836248012718601,0.04844745317199081,0.08713041507230342,0.04844745317199081,0.08713041507230342,629,27,,ok,false,false,,sampling_only,not_applicable_no_annotator_in_pipeline,n/a: CorEx labels have no annotator,observed,Complete source-document paragraph corpus; CorEx labels
13,corex:Religion & values,Religion & values,corex,Deterministic CorEx issue model,Religion & values,,,,,year5,1935,1935,1935,1939,1935.0,8.0,percent of eligible paragraphs,,275,eligible paragraphs,0.08,0.03081445694070437,0.146867627785059,0.03081445694070437,0.146867627785059,275,13,,ok,false,false,,sampling_only,not_applicable_no_annotator_in_pipeline,n/a: CorEx labels have no annotator,observed,Complete source-document paragraph corpus; CorEx labels
13,corex:Religion & values,Religion & values,corex,Deterministic CorEx issue model,Religion & values,,,,,year5,1940,1940,1940,1944,1940.0,8.291873963515755,percent of eligible paragraphs,,603,eligible paragraphs,0.08291873963515754,0.05668369627149087,0.10873698615670295,0.05668369627149087,0.10873698615670295,603,26,,ok,false,false,,sampling_only,not_applicable_no_annotator_in_pipeline,n/a: CorEx labels have no annotator,observed,Complete source-document paragraph corpus; CorEx labels
13,corex:Religion & values,Religion & values,corex,Deterministic CorEx issue model,Religion & values,,,,,year5,1945,1945,1945,1949,1945.0,13.653136531365314,percent of eligible paragraphs,,271,eligible paragraphs,0.13653136531365315,0.07487733644859813,0.23484973613181315,0.07487733644859813,0.23484973613181315,271,17,,ok,false,false,,sampling_only,not_applicable_no_annotator_in_pipeline,n/a: CorEx labels have no annotator,observed,Complete source-document paragraph corpus; CorEx labels
13,corex:Religion & values,Religion & values,corex,Deterministic CorEx issue model,Religion & values,,,,,year5,1950,1950,1950,1954,1950.0,10.37463976945245,percent of eligible paragraphs,,347,eligible paragraphs,0.1037463976945245,0.04413214307469944,0.2174157088122604,0.04413214307469944,0.2174157088122604,347,11,,ok,false,false,,sampling_only,not_applicable_no_annotator_in_pipeline,n/a: CorEx labels have no annotator,observed,Complete source-document paragraph corpus; CorEx labels
13,corex:Religion & values,Religion & values,corex,Deterministic CorEx issue model,Religion & values,,,,,year5,1955,1955,1955,1959,1955.0,7.6923076923076925,percent of eligible paragraphs,,403,eligible paragraphs,0.07692307692307693,0.04528566870634351,0.11827830188679243,0.04528566870634351,0.11827830188679243,403,8,,ok,false,false,,sampling_only,not_applicable_no_annotator_in_pipeline,n/a: CorEx labels have no annotator,observed,Complete source-document paragraph corpus; CorEx labels
13,corex:Religion & values,Religion & values,corex,Deterministic CorEx issue model,Religion & values,,,,,year5,1960,1960,1960,1964,1960.0,5.099277978339351,percent of eligible paragraphs,,2216,eligible paragraphs,0.050992779783393505,0.03694169587529331,0.06874558019929283,0.03694169587529331,0.06874558019929283,2216,67,,ok,false,false,,sampling_only,not_applicable_no_annotator_in_pipeline,n/a: CorEx labels have no annotator,observed,Complete source-document paragraph corpus; CorEx labels
13,corex:Religion & values,Religion & values,corex,Deterministic CorEx issue model,Religion & values,,,,,year5,1965,1965,1965,1969,1965.0,3.8877952755905514,percent of eligible paragraphs,,2032,eligible paragraphs,0.03887795275590551,0.027471755226870315,0.05380018202042672,0.027471755226870315,0.05380018202042672,2032,53,,ok,false,false,,sampling_only,not_applicable_no_annotator_in_pipeline,n/a: CorEx labels have no annotator,observed,Complete source-document paragraph corpus; CorEx labels
13,corex:Religion & values,Religion & values,corex,Deterministic CorEx issue model,Religion & values,,,,,year5,1970,1970,1970,1974,1970.0,5.794392523364486,percent of eligible paragraphs,,535,eligible paragraphs,0.05794392523364486,0.03457531030466276,0.09156558240903694,0.03457531030466276,0.09156558240903694,535,25,,ok,false,false,,sampling_only,not_applicable_no_annotator_in_pipeline,n/a: CorEx labels have no annotator,observed,Complete source-document paragraph corpus; CorEx labels
13,corex:Religion & values,Religion & values,corex,Deterministic CorEx issue model,Religion & values,,,,,year5,1975,1975,1975,1979,1975.0,6.715063520871143,percent of eligible paragraphs,,1102,eligible paragraphs,0.06715063520871144,0.041755239255431724,0.10261623141918783,0.041755239255431724,0.10261623141918783,1102,27,,ok,false,false,,sampling_only,not_applicable_no_annotator_in_pipeline,n/a: CorEx labels have no annotator,observed,Complete source-document paragraph corpus; CorEx labels
13,corex:Religion & values,Religion & values,corex,Deterministic CorEx issue model,Religion & values,,,,,year5,1980,1980,1980,1984,1980.0,9.58904109589041,percent of eligible paragraphs,,1679,eligible paragraphs,0.0958904109589041,0.06819583711495775,0.13083093869731802,0.06819583711495775,0.13083093869731802,1679,41,,ok,false,false,,sampling_only,not_applicable_no_annotator_in_pipeline,n/a: CorEx labels have no annotator,observed,Complete source-document paragraph corpus; CorEx labels
13,corex:Religion & values,Religion & values,corex,Deterministic CorEx issue model,Religion & values,,,,,year5,1985,1985,1985,1989,1985.0,14.099526066350712,percent of eligible paragraphs,,844,eligible paragraphs,0.14099526066350712,0.09970046023349784,0.18970183459657416,0.09970046023349784,0.18970183459657416,844,28,,ok,false,false,,sampling_only,not_applicable_no_annotator_in_pipeline,n/a: CorEx labels have no annotator,observed,Complete source-document paragraph corpus; CorEx labels
13,corex:Religion & values,Religion & values,corex,Deterministic CorEx issue model,Religion & values,,,,,year5,1990,1990,1990,1994,1990.0,6.896551724137931,percent of eligible paragraphs,,1015,eligible paragraphs,0.06896551724137931,0.04803108022393205,0.10106901148482361,0.04803108022393205,0.10106901148482361,1015,32,,ok,false,false,,sampling_only,not_applicable_no_annotator_in_pipeline,n/a: CorEx labels have no annotator,observed,Complete source-document paragraph corpus; CorEx labels
13,corex:Religion & values,Religion & values,corex,Deterministic CorEx issue model,Religion & values,,,,,year5,1995,1995,1995,1999,1995.0,7.793764988009593,percent of eligible paragraphs,,834,eligible paragraphs,0.07793764988009592,0.04794247471250527,0.12587817054641132,0.04794247471250527,0.12587817054641132,834,22,,ok,false,false,,sampling_only,not_applicable_no_annotator_in_pipeline,n/a: CorEx labels have no annotator,observed,Complete source-document paragraph corpus; CorEx labels
13,corex:Religion & values,Religion & values,corex,Deterministic CorEx issue model,Religion & values,,,,,year5,2000,2000,2000,2004,2000.0,11.550632911392405,percent of eligible paragraphs,,632,eligible paragraphs,0.11550632911392406,0.087854537673731,0.153449846407532,0.087854537673731,0.153449846407532,632,23,,ok,false,false,,sampling_only,not_applicable_no_annotator_in_pipeline,n/a: CorEx labels have no annotator,observed,Complete source-document paragraph corpus; CorEx labels
13,corex:Religion & values,Religion & values,corex,Deterministic CorEx issue model,Religion & values,,,,,year5,2005,2005,2005,2009,2005.0,9.930715935334874,percent of eligible paragraphs,,866,eligible paragraphs,0.09930715935334873,0.06959822314869962,0.13337957248320553,0.06959822314869962,0.13337957248320553,866,28,,ok,false,false,,sampling_only,not_applicable_no_annotator_in_pipeline,n/a: CorEx labels have no annotator,observed,Complete source-document paragraph corpus; CorEx labels
13,corex:Religion & values,Religion & values,corex,Deterministic CorEx issue model,Religion & values,,,,,year5,2010,2010,2010,2014,2010.0,6.341463414634147,percent of eligible paragraphs,,1230,eligible paragraphs,0.06341463414634146,0.04665358412194325,0.08379350562025074,0.04665358412194325,0.08379350562025074,1230,33,,ok,false,false,,sampling_only,not_applicable_no_annotator_in_pipeline,n/a: CorEx labels have no annotator,observed,Complete source-document paragraph corpus; CorEx labels
13,corex:Religion & values,Religion & values,corex,Deterministic CorEx issue model,Religion & values,,,,,year5,2015,2015,2015,2019,2015.0,7.387247278382582,percent of eligible paragraphs,,1286,eligible paragraphs,0.07387247278382582,0.04609825955831111,0.12406915750148949,0.04609825955831111,0.12406915750148949,1286,27,,ok,false,false,,sampling_only,not_applicable_no_annotator_in_pipeline,n/a: CorEx labels have no annotator,observed,Complete source-document paragraph corpus; CorEx labels
13,corex:Religion & values,Religion & values,corex,Deterministic CorEx issue model,Religion & values,,,,,year5,2020,2020,2020,2024,2020.0,5.445935280189424,percent of eligible paragraphs,,2534,eligible paragraphs,0.05445935280189424,0.039324709546304105,0.07686227493635679,0.039324709546304105,0.07686227493635679,2534,50,,ok,false,false,,sampling_only,not_applicable_no_annotator_in_pipeline,n/a: CorEx labels have no annotator,observed,Complete source-document paragraph corpus; CorEx labels
13,corex:Religion & values,Religion & values,corex,Deterministic CorEx issue model,Religion & values,,,,,year5,2025,2025,2025,2029,2025.0,4.804270462633451,percent of eligible paragraphs,,562,eligible paragraphs,0.04804270462633452,0.03173453749315818,0.07647668756598365,0.03173453749315818,0.07647668756598365,562,11,,ok,false,false,,sampling_only,not_applicable_no_annotator_in_pipeline,n/a: CorEx labels have no annotator,observed,Complete source-document paragraph corpus; CorEx labels
14,corex:Money & banking,Money & banking,corex,Deterministic CorEx issue model,Money & banking,,,,,year5,1785,1785,1785,1789,1785.0,0.0,percent of eligible paragraphs,,14,eligible paragraphs,0.0,,,,,14,2,,low_cluster_caution,true,false,,sampling_only,not_applicable_no_annotator_in_pipeline,n/a: CorEx labels have no annotator,observed,Complete source-document paragraph corpus; CorEx labels
14,corex:Money & banking,Money & banking,corex,Deterministic CorEx issue model,Money & banking,,,,,year5,1790,1790,1790,1794,1790.0,6.2015503875969,percent of eligible paragraphs,,129,eligible paragraphs,0.06201550387596899,0.028560413642960816,0.09336593869546268,0.028560413642960816,0.09336593869546268,129,13,,ok,false,false,,sampling_only,not_applicable_no_annotator_in_pipeline,n/a: CorEx labels have no annotator,observed,Complete source-document paragraph corpus; CorEx labels
14,corex:Money & banking,Money & banking,corex,Deterministic CorEx issue model,Money & banking,,,,,year5,1795,1795,1795,1799,1795.0,0.0,percent of eligible paragraphs,,212,eligible paragraphs,0.0,0.0,0.0,0.0,0.0,212,13,,ok,false,false,,sampling_only,not_applicable_no_annotator_in_pipeline,n/a: CorEx labels have no annotator,observed,Complete source-document paragraph corpus; CorEx labels
14,corex:Money & banking,Money & banking,corex,Deterministic CorEx issue model,Money & banking,,,,,year5,1800,1800,1800,1804,1800.0,1.282051282051282,percent of eligible paragraphs,,156,eligible paragraphs,0.01282051282051282,0.0,0.030316248636859312,0.0,0.030316248636859312,156,13,,ok,false,false,,sampling_only,not_applicable_no_annotator_in_pipeline,n/a: CorEx labels have no annotator,observed,Complete source-document paragraph corpus; CorEx labels
14,corex:Money & banking,Money & banking,corex,Deterministic CorEx issue model,Money & banking,,,,,year5,1805,1805,1805,1809,1805.0,2.051282051282051,percent of eligible paragraphs,,195,eligible paragraphs,0.020512820512820513,0.0,0.0473536281532233,0.0,0.0473536281532233,195,15,,ok,false,false,,sampling_only,not_applicable_no_annotator_in_pipeline,n/a: CorEx labels have no annotator,observed,Complete source-document paragraph corpus; CorEx labels
14,corex:Money & banking,Money & banking,corex,Deterministic CorEx issue model,Money & banking,,,,,year5,1810,1810,1810,1814,1810.0,0.5494505494505495,percent of eligible paragraphs,,182,eligible paragraphs,0.005494505494505495,0.0,0.023384233762687168,0.0,0.023384233762687168,182,14,,ok,false,false,,sampling_only,not_applicable_no_annotator_in_pipeline,n/a: CorEx labels have no annotator,observed,Complete source-document paragraph corpus; CorEx labels
14,corex:Money & banking,Money & banking,corex,Deterministic CorEx issue model,Money & banking,,,,,year5,1815,1815,1815,1819,1815.0,9.852216748768473,percent of eligible paragraphs,,203,eligible paragraphs,0.09852216748768473,0.03240183864593178,0.23199872981310102,0.03240183864593178,0.23199872981310102,203,9,,ok,false,false,,sampling_only,not_applicable_no_annotator_in_pipeline,n/a: CorEx labels have no annotator,observed,Complete source-document paragraph corpus; CorEx labels
14,corex:Money & banking,Money & banking,corex,Deterministic CorEx issue model,Money & banking,,,,,year5,1820,1820,1820,1824,1820.0,1.8050541516245486,percent of eligible paragraphs,,277,eligible paragraphs,0.018050541516245487,0.007795257637938897,0.026098876149392665,0.007795257637938897,0.026098876149392665,277,7,,low_cluster_caution,false,false,,sampling_only,not_applicable_no_annotator_in_pipeline,n/a: CorEx labels have no annotator,observed,Complete source-document paragraph corpus; CorEx labels
14,corex:Money & banking,Money & banking,corex,Deterministic CorEx issue model,Money & banking,,,,,year5,1825,1825,1825,1829,1825.0,1.6304347826086956,percent of eligible paragraphs,,368,eligible paragraphs,0.016304347826086956,0.006655038759689923,0.02573582520765619,0.006655038759689923,0.02573582520765619,368,10,,ok,false,false,,sampling_only,not_applicable_no_annotator_in_pipeline,n/a: CorEx labels have no annotator,observed,Complete source-document paragraph corpus; CorEx labels
14,corex:Money & banking,Money & banking,corex,Deterministic CorEx issue model,Money & banking,,,,,year5,1830,1830,1830,1834,1830.0,16.29353233830846,percent of eligible paragraphs,,804,eligible paragraphs,0.16293532338308458,0.055305911630746114,0.3061893664736902,0.055305911630746114,0.3061893664736902,804,19,,ok,false,false,,sampling_only,not_applicable_no_annotator_in_pipeline,n/a: CorEx labels have no annotator,observed,Complete source-document paragraph corpus; CorEx labels
14,corex:Money & banking,Money & banking,corex,Deterministic CorEx issue model,Money & banking,,,,,year5,1835,1835,1835,1839,1835.0,25.972006220839816,percent of eligible paragraphs,,643,eligible paragraphs,0.25972006220839816,0.1440720296805719,0.3676511085449862,0.1440720296805719,0.3676511085449862,643,12,,ok,false,false,,sampling_only,not_applicable_no_annotator_in_pipeline,n/a: CorEx labels have no annotator,observed,Complete source-document paragraph corpus; CorEx labels
14,corex:Money & banking,Money & banking,corex,Deterministic CorEx issue model,Money & banking,,,,,year5,1840,1840,1840,1844,1840.0,14.112291350531109,percent of eligible paragraphs,,659,eligible paragraphs,0.1411229135053111,0.10522773972602739,0.17865436893203884,0.10522773972602739,0.17865436893203884,659,20,,ok,false,false,,sampling_only,not_applicable_no_annotator_in_pipeline,n/a: CorEx labels have no annotator,observed,Complete source-document paragraph corpus; CorEx labels
14,corex:Money & banking,Money & banking,corex,Deterministic CorEx issue model,Money & banking,,,,,year5,1845,1845,1845,1849,1845.0,6.557377049180328,percent of eligible paragraphs,,793,eligible paragraphs,0.06557377049180328,0.016483312171231636,0.1111111111111111,0.016483312171231636,0.1111111111111111,793,28,,ok,false,false,,sampling_only,not_applicable_no_annotator_in_pipeline,n/a: CorEx labels have no annotator,observed,Complete source-document paragraph corpus; CorEx labels
14,corex:Money & banking,Money & banking,corex,Deterministic CorEx issue model,Money & banking,,,,,year5,1850,1850,1850,1854,1850.0,1.1061946902654867,percent of eligible paragraphs,,904,eligible paragraphs,0.011061946902654867,0.00526379583659132,0.01856024479415037,0.00526379583659132,0.01856024479415037,904,21,,ok,false,false,,sampling_only,not_applicable_no_annotator_in_pipeline,n/a: CorEx labels have no annotator,observed,Complete source-document paragraph corpus; CorEx labels
14,corex:Money & banking,Money & banking,corex,Deterministic CorEx issue model,Money & banking,,,,,year5,1855,1855,1855,1859,1855.0,3.6284470246734397,percent of eligible paragraphs,,689,eligible paragraphs,0.036284470246734396,0.002541138709135764,0.08759142859633676,0.002541138709135764,0.08759142859633676,689,13,,ok,false,false,,sampling_only,not_applicable_no_annotator_in_pipeline,n/a: CorEx labels have no annotator,observed,Complete source-document paragraph corpus; CorEx labels
14,corex:Money & banking,Money & banking,corex,Deterministic CorEx issue model,Money & banking,,,,,year5,1860,1860,1860,1864,1860.0,1.7107309486780715,percent of eligible paragraphs,,643,eligible paragraphs,0.017107309486780714,0.003989556760204082,0.033829555361813424,0.003989556760204082,0.033829555361813424,643,18,,ok,false,false,,sampling_only,not_applicable_no_annotator_in_pipeline,n/a: CorEx labels have no annotator,observed,Complete source-document paragraph corpus; CorEx labels
14,corex:Money & banking,Money & banking,corex,Deterministic CorEx issue model,Money & banking,,,,,year5,1865,1865,1865,1869,1865.0,5.7953144266337855,percent of eligible paragraphs,,811,eligible paragraphs,0.05795314426633785,0.010055490527593532,0.10076220855435912,0.010055490527593532,0.10076220855435912,811,37,,ok,false,false,,sampling_only,not_applicable_no_annotator_in_pipeline,n/a: CorEx labels have no annotator,observed,Complete source-document paragraph corpus; CorEx labels
14,corex:Money & banking,Money & banking,corex,Deterministic CorEx issue model,Money & banking,,,,,year5,1870,1870,1870,1874,1870.0,8.712871287128712,percent of eligible paragraphs,,505,eligible paragraphs,0.08712871287128712,0.028867991103887772,0.14836762443687507,0.028867991103887772,0.14836762443687507,505,19,,ok,false,false,,sampling_only,not_applicable_no_annotator_in_pipeline,n/a: CorEx labels have no annotator,observed,Complete source-document paragraph corpus; CorEx labels
14,corex:Money & banking,Money & banking,corex,Deterministic CorEx issue model,Money & banking,,,,,year5,1875,1875,1875,1879,1875.0,8.347245409015025,percent of eligible paragraphs,,599,eligible paragraphs,0.08347245409015025,0.043985226342766075,0.13772290854784686,0.043985226342766075,0.13772290854784686,599,20,,ok,false,false,,sampling_only,not_applicable_no_annotator_in_pipeline,n/a: CorEx labels have no annotator,observed,Complete source-document paragraph corpus; CorEx labels
14,corex:Money & banking,Money & banking,corex,Deterministic CorEx issue model,Money & banking,,,,,year5,1880,1880,1880,1884,1880.0,8.018867924528301,percent of eligible paragraphs,,636,eligible paragraphs,0.08018867924528301,0.053003566778529645,0.10944756379062949,0.053003566778529645,0.10944756379062949,636,16,,ok,false,false,,sampling_only,not_applicable_no_annotator_in_pipeline,n/a: CorEx labels have no annotator,observed,Complete source-document paragraph corpus; CorEx labels
14,corex:Money & banking,Money & banking,corex,Deterministic CorEx issue model,Money & banking,,,,,year5,1885,1885,1885,1889,1885.0,5.137844611528822,percent of eligible paragraphs,,798,eligible paragraphs,0.05137844611528822,0.01726971721751581,0.0817908240308892,0.01726971721751581,0.0817908240308892,798,18,,ok,false,false,,sampling_only,not_applicable_no_annotator_in_pipeline,n/a: CorEx labels have no annotator,observed,Complete source-document paragraph corpus; CorEx labels
14,corex:Money & banking,Money & banking,corex,Deterministic CorEx issue model,Money & banking,,,,,year5,1890,1890,1890,1894,1890.0,14.099526066350712,percent of eligible paragraphs,,844,eligible paragraphs,0.14099526066350712,0.08742861316970808,0.25018415298723573,0.08742861316970808,0.25018415298723573,844,20,,ok,false,false,,sampling_only,not_applicable_no_annotator_in_pipeline,n/a: CorEx labels have no annotator,observed,Complete source-document paragraph corpus; CorEx labels
14,corex:Money & banking,Money & banking,corex,Deterministic CorEx issue model,Money & banking,,,,,year5,1895,1895,1895,1899,1895.0,15.266272189349111,percent of eligible paragraphs,,845,eligible paragraphs,0.15266272189349112,0.06367780042030186,0.2948603968738197,0.06367780042030186,0.2948603968738197,845,20,,ok,false,false,,sampling_only,not_applicable_no_annotator_in_pipeline,n/a: CorEx labels have no annotator,observed,Complete source-document paragraph corpus; CorEx labels
14,corex:Money & banking,Money & banking,corex,Deterministic CorEx issue model,Money & banking,,,,,year5,1900,1900,1900,1904,1900.0,3.2530120481927707,percent of eligible paragraphs,,830,eligible paragraphs,0.03253012048192771,0.016599872773536896,0.058038681969714234,0.016599872773536896,0.058038681969714234,830,15,,ok,false,false,,sampling_only,not_applicable_no_annotator_in_pipeline,n/a: CorEx labels have no annotator,observed,Complete source-document paragraph corpus; CorEx labels
14,corex:Money & banking,Money & banking,corex,Deterministic CorEx issue model,Money & banking,,,,,year5,1905,1905,1905,1909,1905.0,2.7777777777777777,percent of eligible paragraphs,,1152,eligible paragraphs,0.027777777777777776,0.016111099081933138,0.037715977074007444,0.016111099081933138,0.037715977074007444,1152,16,,ok,false,false,,sampling_only,not_applicable_no_annotator_in_pipeline,n/a: CorEx labels have no annotator,observed,Complete source-document paragraph corpus; CorEx labels
14,corex:Money & banking,Money & banking,corex,Deterministic CorEx issue model,Money & banking,,,,,year5,1910,1910,1910,1914,1910.0,6.652360515021459,percent of eligible paragraphs,,932,eligible paragraphs,0.06652360515021459,0.04583091283135398,0.08055335271830116,0.04583091283135398,0.08055335271830116,932,20,,ok,false,false,,sampling_only,not_applicable_no_annotator_in_pipeline,n/a: CorEx labels have no annotator,observed,Complete source-document paragraph corpus; CorEx labels
14,corex:Money & banking,Money & banking,corex,Deterministic CorEx issue model,Money & banking,,,,,year5,1915,1915,1915,1919,1915.0,2.6030368763557483,percent of eligible paragraphs,,461,eligible paragraphs,0.026030368763557483,0.0085752655166063,0.041666666666666664,0.0085752655166063,0.041666666666666664,461,21,,ok,false,false,,sampling_only,not_applicable_no_annotator_in_pipeline,n/a: CorEx labels have no annotator,observed,Complete source-document paragraph corpus; CorEx labels
14,corex:Money & banking,Money & banking,corex,Deterministic CorEx issue model,Money & banking,,,,,year5,1920,1920,1920,1924,1920.0,2.5069637883008355,percent of eligible paragraphs,,359,eligible paragraphs,0.025069637883008356,0.01168528736888112,0.03795291545189504,0.01168528736888112,0.03795291545189504,359,19,,ok,false,false,,sampling_only,not_applicable_no_annotator_in_pipeline,n/a: CorEx labels have no annotator,observed,Complete source-document paragraph corpus; CorEx labels
14,corex:Money & banking,Money & banking,corex,Deterministic CorEx issue model,Money & banking,,,,,year5,1925,1925,1925,1929,1925.0,2.7496382054992763,percent of eligible paragraphs,,691,eligible paragraphs,0.027496382054992764,0.013646208228216172,0.03938588215112788,0.013646208228216172,0.03938588215112788,691,20,,ok,false,false,,sampling_only,not_applicable_no_annotator_in_pipeline,n/a: CorEx labels have no annotator,observed,Complete source-document paragraph corpus; CorEx labels
14,corex:Money & banking,Money & banking,corex,Deterministic CorEx issue model,Money & banking,,,,,year5,1930,1930,1930,1934,1930.0,18.124006359300477,percent of eligible paragraphs,,629,eligible paragraphs,0.18124006359300476,0.13391643059490085,0.24496198877957556,0.13391643059490085,0.24496198877957556,629,27,,ok,false,false,,sampling_only,not_applicable_no_annotator_in_pipeline,n/a: CorEx labels have no annotator,observed,Complete source-document paragraph corpus; CorEx labels
14,corex:Money & banking,Money & banking,corex,Deterministic CorEx issue model,Money & banking,,,,,year5,1935,1935,1935,1939,1935.0,6.909090909090909,percent of eligible paragraphs,,275,eligible paragraphs,0.06909090909090909,0.03356450534759358,0.10821055712752463,0.03356450534759358,0.10821055712752463,275,13,,ok,false,false,,sampling_only,not_applicable_no_annotator_in_pipeline,n/a: CorEx labels have no annotator,observed,Complete source-document paragraph corpus; CorEx labels
14,corex:Money & banking,Money & banking,corex,Deterministic CorEx issue model,Money & banking,,,,,year5,1940,1940,1940,1944,1940.0,2.8192371475953566,percent of eligible paragraphs,,603,eligible paragraphs,0.028192371475953566,0.015006102999859161,0.04700384489528795,0.015006102999859161,0.04700384489528795,603,26,,ok,false,false,,sampling_only,not_applicable_no_annotator_in_pipeline,n/a: CorEx labels have no annotator,observed,Complete source-document paragraph corpus; CorEx labels
14,corex:Money & banking,Money & banking,corex,Deterministic CorEx issue model,Money & banking,,,,,year5,1945,1945,1945,1949,1945.0,2.214022140221402,percent of eligible paragraphs,,271,eligible paragraphs,0.02214022140221402,0.004887222541140452,0.04243657937806874,0.004887222541140452,0.04243657937806874,271,17,,ok,false,false,,sampling_only,not_applicable_no_annotator_in_pipeline,n/a: CorEx labels have no annotator,observed,Complete source-document paragraph corpus; CorEx labels
14,corex:Money & banking,Money & banking,corex,Deterministic CorEx issue model,Money & banking,,,,,year5,1950,1950,1950,1954,1950.0,3.7463976945244957,percent of eligible paragraphs,,347,eligible paragraphs,0.037463976945244955,0.01135864651943691,0.057971014492753624,0.01135864651943691,0.057971014492753624,347,11,,ok,false,false,,sampling_only,not_applicable_no_annotator_in_pipeline,n/a: CorEx labels have no annotator,observed,Complete source-document paragraph corpus; CorEx labels
14,corex:Money & banking,Money & banking,corex,Deterministic CorEx issue model,Money & banking,,,,,year5,1955,1955,1955,1959,1955.0,5.459057071960298,percent of eligible paragraphs,,403,eligible paragraphs,0.05459057071960298,0.02237570215909566,0.08134920634920635,0.02237570215909566,0.08134920634920635,403,8,,ok,false,false,,sampling_only,not_applicable_no_annotator_in_pipeline,n/a: CorEx labels have no annotator,observed,Complete source-document paragraph corpus; CorEx labels
14,corex:Money & banking,Money & banking,corex,Deterministic CorEx issue model,Money & banking,,,,,year5,1960,1960,1960,1964,1960.0,4.287003610108303,percent of eligible paragraphs,,2216,eligible paragraphs,0.04287003610108303,0.025002363869484148,0.06698868496729711,0.025002363869484148,0.06698868496729711,2216,67,,ok,false,false,,sampling_only,not_applicable_no_annotator_in_pipeline,n/a: CorEx labels have no annotator,observed,Complete source-document paragraph corpus; CorEx labels
14,corex:Money & banking,Money & banking,corex,Deterministic CorEx issue model,Money & banking,,,,,year5,1965,1965,1965,1969,1965.0,2.65748031496063,percent of eligible paragraphs,,2032,eligible paragraphs,0.0265748031496063,0.01623652368863539,0.03714264042532391,0.01623652368863539,0.03714264042532391,2032,53,,ok,false,false,,sampling_only,not_applicable_no_annotator_in_pipeline,n/a: CorEx labels have no annotator,observed,Complete source-document paragraph corpus; CorEx labels
14,corex:Money & banking,Money & banking,corex,Deterministic CorEx issue model,Money & banking,,,,,year5,1970,1970,1970,1974,1970.0,8.598130841121495,percent of eligible paragraphs,,535,eligible paragraphs,0.08598130841121496,0.03919383140986705,0.15681368670886073,0.03919383140986705,0.15681368670886073,535,25,,ok,false,false,,sampling_only,not_applicable_no_annotator_in_pipeline,n/a: CorEx labels have no annotator,observed,Complete source-document paragraph corpus; CorEx labels
14,corex:Money & banking,Money & banking,corex,Deterministic CorEx issue model,Money & banking,,,,,year5,1975,1975,1975,1979,1975.0,11.524500907441016,percent of eligible paragraphs,,1102,eligible paragraphs,0.11524500907441017,0.07276919682259488,0.17977132828491385,0.07276919682259488,0.17977132828491385,1102,27,,ok,false,false,,sampling_only,not_applicable_no_annotator_in_pipeline,n/a: CorEx labels have no annotator,observed,Complete source-document paragraph corpus; CorEx labels
14,corex:Money & banking,Money & banking,corex,Deterministic CorEx issue model,Money & banking,,,,,year5,1980,1980,1980,1984,1980.0,6.4324002382370455,percent of eligible paragraphs,,1679,eligible paragraphs,0.06432400238237046,0.04437543061871297,0.08344610549220292,0.04437543061871297,0.08344610549220292,1679,41,,ok,false,false,,sampling_only,not_applicable_no_annotator_in_pipeline,n/a: CorEx labels have no annotator,observed,Complete source-document paragraph corpus; CorEx labels
14,corex:Money & banking,Money & banking,corex,Deterministic CorEx issue model,Money & banking,,,,,year5,1985,1985,1985,1989,1985.0,3.909952606635071,percent of eligible paragraphs,,844,eligible paragraphs,0.03909952606635071,0.023259724535162635,0.05545201464403232,0.023259724535162635,0.05545201464403232,844,28,,ok,false,false,,sampling_only,not_applicable_no_annotator_in_pipeline,n/a: CorEx labels have no annotator,observed,Complete source-document paragraph corpus; CorEx labels
14,corex:Money & banking,Money & banking,corex,Deterministic CorEx issue model,Money & banking,,,,,year5,1990,1990,1990,1994,1990.0,4.334975369458128,percent of eligible paragraphs,,1015,eligible paragraphs,0.04334975369458128,0.026750635757196037,0.05720592955147235,0.026750635757196037,0.05720592955147235,1015,32,,ok,false,false,,sampling_only,not_applicable_no_annotator_in_pipeline,n/a: CorEx labels have no annotator,observed,Complete source-document paragraph corpus; CorEx labels
14,corex:Money & banking,Money & banking,corex,Deterministic CorEx issue model,Money & banking,,,,,year5,1995,1995,1995,1999,1995.0,2.278177458033573,percent of eligible paragraphs,,834,eligible paragraphs,0.022781774580335732,0.015024994418120023,0.030618633927840953,0.015024994418120023,0.030618633927840953,834,22,,ok,false,false,,sampling_only,not_applicable_no_annotator_in_pipeline,n/a: CorEx labels have no annotator,observed,Complete source-document paragraph corpus; CorEx labels
14,corex:Money & banking,Money & banking,corex,Deterministic CorEx issue model,Money & banking,,,,,year5,2000,2000,2000,2004,2000.0,0.949367088607595,percent of eligible paragraphs,,632,eligible paragraphs,0.00949367088607595,0.0,0.020631944351704706,0.0,0.020631944351704706,632,23,,ok,false,false,,sampling_only,not_applicable_no_annotator_in_pipeline,n/a: CorEx labels have no annotator,observed,Complete source-document paragraph corpus; CorEx labels
14,corex:Money & banking,Money & banking,corex,Deterministic CorEx issue model,Money & banking,,,,,year5,2005,2005,2005,2009,2005.0,3.233256351039261,percent of eligible paragraphs,,866,eligible paragraphs,0.03233256351039261,0.016545850307532552,0.052197730481987246,0.016545850307532552,0.052197730481987246,866,28,,ok,false,false,,sampling_only,not_applicable_no_annotator_in_pipeline,n/a: CorEx labels have no annotator,observed,Complete source-document paragraph corpus; CorEx labels
14,corex:Money & banking,Money & banking,corex,Deterministic CorEx issue model,Money & banking,,,,,year5,2010,2010,2010,2014,2010.0,2.0325203252032518,percent of eligible paragraphs,,1230,eligible paragraphs,0.02032520325203252,0.01127005540864769,0.03023627128231523,0.01127005540864769,0.03023627128231523,1230,33,,ok,false,false,,sampling_only,not_applicable_no_annotator_in_pipeline,n/a: CorEx labels have no annotator,observed,Complete source-document paragraph corpus; CorEx labels
14,corex:Money & banking,Money & banking,corex,Deterministic CorEx issue model,Money & banking,,,,,year5,2015,2015,2015,2019,2015.0,0.8553654743390358,percent of eligible paragraphs,,1286,eligible paragraphs,0.008553654743390357,0.00343989343989344,0.014515381699422635,0.00343989343989344,0.014515381699422635,1286,27,,ok,false,false,,sampling_only,not_applicable_no_annotator_in_pipeline,n/a: CorEx labels have no annotator,observed,Complete source-document paragraph corpus; CorEx labels
14,corex:Money & banking,Money & banking,corex,Deterministic CorEx issue model,Money & banking,,,,,year5,2020,2020,2020,2024,2020.0,1.4601420678768744,percent of eligible paragraphs,,2534,eligible paragraphs,0.014601420678768745,0.006282009631018854,0.02357745454696987,0.006282009631018854,0.02357745454696987,2534,50,,ok,false,false,,sampling_only,not_applicable_no_annotator_in_pipeline,n/a: CorEx labels have no annotator,observed,Complete source-document paragraph corpus; CorEx labels
14,corex:Money & banking,Money & banking,corex,Deterministic CorEx issue model,Money & banking,,,,,year5,2025,2025,2025,2029,2025.0,5.160142348754448,percent of eligible paragraphs,,562,eligible paragraphs,0.051601423487544484,0.025711989916495984,0.07204500978473578,0.025711989916495984,0.07204500978473578,562,11,,ok,false,false,,sampling_only,not_applicable_no_annotator_in_pipeline,n/a: CorEx labels have no annotator,observed,Complete source-document paragraph corpus; CorEx labels
15,corex:Infrastructure,Infrastructure,corex,Deterministic CorEx issue model,Infrastructure,,,,,year5,1785,1785,1785,1789,1785.0,0.0,percent of eligible paragraphs,,14,eligible paragraphs,0.0,,,,,14,2,,low_cluster_caution,true,false,,sampling_only,not_applicable_no_annotator_in_pipeline,n/a: CorEx labels have no annotator,observed,Complete source-document paragraph corpus; CorEx labels
15,corex:Infrastructure,Infrastructure,corex,Deterministic CorEx issue model,Infrastructure,,,,,year5,1790,1790,1790,1794,1790.0,6.2015503875969,percent of eligible paragraphs,,129,eligible paragraphs,0.06201550387596899,0.01868006993006993,0.11074712643678158,0.01868006993006993,0.11074712643678158,129,13,,ok,false,false,,sampling_only,not_applicable_no_annotator_in_pipeline,n/a: CorEx labels have no annotator,observed,Complete source-document paragraph corpus; CorEx labels
15,corex:Infrastructure,Infrastructure,corex,Deterministic CorEx issue model,Infrastructure,,,,,year5,1795,1795,1795,1799,1795.0,9.90566037735849,percent of eligible paragraphs,,212,eligible paragraphs,0.09905660377358491,0.030847103223174212,0.16256405897068466,0.030847103223174212,0.16256405897068466,212,13,,ok,false,false,,sampling_only,not_applicable_no_annotator_in_pipeline,n/a: CorEx labels have no annotator,observed,Complete source-document paragraph corpus; CorEx labels
15,corex:Infrastructure,Infrastructure,corex,Deterministic CorEx issue model,Infrastructure,,,,,year5,1800,1800,1800,1804,1800.0,20.51282051282051,percent of eligible paragraphs,,156,eligible paragraphs,0.20512820512820512,0.12297619047619048,0.2737382190445238,0.12297619047619048,0.2737382190445238,156,13,,ok,false,false,,sampling_only,not_applicable_no_annotator_in_pipeline,n/a: CorEx labels have no annotator,observed,Complete source-document paragraph corpus; CorEx labels
15,corex:Infrastructure,Infrastructure,corex,Deterministic CorEx issue model,Infrastructure,,,,,year5,1805,1805,1805,1809,1805.0,27.17948717948718,percent of eligible paragraphs,,195,eligible paragraphs,0.2717948717948718,0.17813280112336177,0.3795411573300501,0.17813280112336177,0.3795411573300501,195,15,,ok,false,false,,sampling_only,not_applicable_no_annotator_in_pipeline,n/a: CorEx labels have no annotator,observed,Complete source-document paragraph corpus; CorEx labels
15,corex:Infrastructure,Infrastructure,corex,Deterministic CorEx issue model,Infrastructure,,,,,year5,1810,1810,1810,1814,1810.0,17.582417582417584,percent of eligible paragraphs,,182,eligible paragraphs,0.17582417582417584,0.10853107158179598,0.24010498430141286,0.10853107158179598,0.24010498430141286,182,14,,ok,false,false,,sampling_only,not_applicable_no_annotator_in_pipeline,n/a: CorEx labels have no annotator,observed,Complete source-document paragraph corpus; CorEx labels
15,corex:Infrastructure,Infrastructure,corex,Deterministic CorEx issue model,Infrastructure,,,,,year5,1815,1815,1815,1819,1815.0,19.21182266009852,percent of eligible paragraphs,,203,eligible paragraphs,0.1921182266009852,0.12698989674921352,0.26994987971130713,0.12698989674921352,0.26994987971130713,203,9,,ok,false,false,,sampling_only,not_applicable_no_annotator_in_pipeline,n/a: CorEx labels have no annotator,observed,Complete source-document paragraph corpus; CorEx labels
15,corex:Infrastructure,Infrastructure,corex,Deterministic CorEx issue model,Infrastructure,,,,,year5,1820,1820,1820,1824,1820.0,23.826714801444044,percent of eligible paragraphs,,277,eligible paragraphs,0.23826714801444043,0.19775832532486523,0.27169811320754716,0.19775832532486523,0.27169811320754716,277,7,,low_cluster_caution,false,false,,sampling_only,not_applicable_no_annotator_in_pipeline,n/a: CorEx labels have no annotator,observed,Complete source-document paragraph corpus; CorEx labels
15,corex:Infrastructure,Infrastructure,corex,Deterministic CorEx issue model,Infrastructure,,,,,year5,1825,1825,1825,1829,1825.0,18.206521739130434,percent of eligible paragraphs,,368,eligible paragraphs,0.18206521739130435,0.11463615023474177,0.2605481256999802,0.11463615023474177,0.2605481256999802,368,10,,ok,false,false,,sampling_only,not_applicable_no_annotator_in_pipeline,n/a: CorEx labels have no annotator,observed,Complete source-document paragraph corpus; CorEx labels
15,corex:Infrastructure,Infrastructure,corex,Deterministic CorEx issue model,Infrastructure,,,,,year5,1830,1830,1830,1834,1830.0,7.338308457711443,percent of eligible paragraphs,,804,eligible paragraphs,0.07338308457711443,0.04409112552824237,0.10624021673690547,0.04409112552824237,0.10624021673690547,804,19,,ok,false,false,,sampling_only,not_applicable_no_annotator_in_pipeline,n/a: CorEx labels have no annotator,observed,Complete source-document paragraph corpus; CorEx labels
15,corex:Infrastructure,Infrastructure,corex,Deterministic CorEx issue model,Infrastructure,,,,,year5,1835,1835,1835,1839,1835.0,5.443234836702955,percent of eligible paragraphs,,643,eligible paragraphs,0.05443234836702955,0.02857037096861035,0.07650297619047618,0.02857037096861035,0.07650297619047618,643,12,,ok,false,false,,sampling_only,not_applicable_no_annotator_in_pipeline,n/a: CorEx labels have no annotator,observed,Complete source-document paragraph corpus; CorEx labels
15,corex:Infrastructure,Infrastructure,corex,Deterministic CorEx issue model,Infrastructure,,,,,year5,1840,1840,1840,1844,1840.0,14.56752655538695,percent of eligible paragraphs,,659,eligible paragraphs,0.1456752655538695,0.07009329070433289,0.25188260933296536,0.07009329070433289,0.25188260933296536,659,20,,ok,false,false,,sampling_only,not_applicable_no_annotator_in_pipeline,n/a: CorEx labels have no annotator,observed,Complete source-document paragraph corpus; CorEx labels
15,corex:Infrastructure,Infrastructure,corex,Deterministic CorEx issue model,Infrastructure,,,,,year5,1845,1845,1845,1849,1845.0,16.14123581336696,percent of eligible paragraphs,,793,eligible paragraphs,0.1614123581336696,0.11611794825727632,0.2132165778777928,0.11611794825727632,0.2132165778777928,793,28,,ok,false,false,,sampling_only,not_applicable_no_annotator_in_pipeline,n/a: CorEx labels have no annotator,observed,Complete source-document paragraph corpus; CorEx labels
15,corex:Infrastructure,Infrastructure,corex,Deterministic CorEx issue model,Infrastructure,,,,,year5,1850,1850,1850,1854,1850.0,17.36725663716814,percent of eligible paragraphs,,904,eligible paragraphs,0.1736725663716814,0.08277892501032509,0.31554157812384365,0.08277892501032509,0.31554157812384365,904,21,,ok,false,false,,sampling_only,not_applicable_no_annotator_in_pipeline,n/a: CorEx labels have no annotator,observed,Complete source-document paragraph corpus; CorEx labels
15,corex:Infrastructure,Infrastructure,corex,Deterministic CorEx issue model,Infrastructure,,,,,year5,1855,1855,1855,1859,1855.0,13.933236574746008,percent of eligible paragraphs,,689,eligible paragraphs,0.13933236574746008,0.08169390482063933,0.18313743551952835,0.08169390482063933,0.18313743551952835,689,13,,ok,false,false,,sampling_only,not_applicable_no_annotator_in_pipeline,n/a: CorEx labels have no annotator,observed,Complete source-document paragraph corpus; CorEx labels
15,corex:Infrastructure,Infrastructure,corex,Deterministic CorEx issue model,Infrastructure,,,,,year5,1860,1860,1860,1864,1860.0,9.020217729393467,percent of eligible paragraphs,,643,eligible paragraphs,0.09020217729393468,0.04482883882584481,0.1433158584534731,0.04482883882584481,0.1433158584534731,643,18,,ok,false,false,,sampling_only,not_applicable_no_annotator_in_pipeline,n/a: CorEx labels have no annotator,observed,Complete source-document paragraph corpus; CorEx labels
15,corex:Infrastructure,Infrastructure,corex,Deterministic CorEx issue model,Infrastructure,,,,,year5,1865,1865,1865,1869,1865.0,7.398273736128237,percent of eligible paragraphs,,811,eligible paragraphs,0.07398273736128237,0.035846216847222,0.10396215596330276,0.035846216847222,0.10396215596330276,811,37,,ok,false,false,,sampling_only,not_applicable_no_annotator_in_pipeline,n/a: CorEx labels have no annotator,observed,Complete source-document paragraph corpus; CorEx labels
15,corex:Infrastructure,Infrastructure,corex,Deterministic CorEx issue model,Infrastructure,,,,,year5,1870,1870,1870,1874,1870.0,19.603960396039604,percent of eligible paragraphs,,505,eligible paragraphs,0.19603960396039605,0.1348893280632411,0.25835575560279916,0.1348893280632411,0.25835575560279916,505,19,,ok,false,false,,sampling_only,not_applicable_no_annotator_in_pipeline,n/a: CorEx labels have no annotator,observed,Complete source-document paragraph corpus; CorEx labels
15,corex:Infrastructure,Infrastructure,corex,Deterministic CorEx issue model,Infrastructure,,,,,year5,1875,1875,1875,1879,1875.0,8.180300500834726,percent of eligible paragraphs,,599,eligible paragraphs,0.08180300500834725,0.029151546146193832,0.1279765592034977,0.029151546146193832,0.1279765592034977,599,20,,ok,false,false,,sampling_only,not_applicable_no_annotator_in_pipeline,n/a: CorEx labels have no annotator,observed,Complete source-document paragraph corpus; CorEx labels
15,corex:Infrastructure,Infrastructure,corex,Deterministic CorEx issue model,Infrastructure,,,,,year5,1880,1880,1880,1884,1880.0,19.025157232704405,percent of eligible paragraphs,,636,eligible paragraphs,0.19025157232704404,0.13258303716743616,0.2698489010989011,0.13258303716743616,0.2698489010989011,636,16,,ok,false,false,,sampling_only,not_applicable_no_annotator_in_pipeline,n/a: CorEx labels have no annotator,observed,Complete source-document paragraph corpus; CorEx labels
15,corex:Infrastructure,Infrastructure,corex,Deterministic CorEx issue model,Infrastructure,,,,,year5,1885,1885,1885,1889,1885.0,10.401002506265664,percent of eligible paragraphs,,798,eligible paragraphs,0.10401002506265664,0.05832569906415605,0.1324430127164502,0.05832569906415605,0.1324430127164502,798,18,,ok,false,false,,sampling_only,not_applicable_no_annotator_in_pipeline,n/a: CorEx labels have no annotator,observed,Complete source-document paragraph corpus; CorEx labels
15,corex:Infrastructure,Infrastructure,corex,Deterministic CorEx issue model,Infrastructure,,,,,year5,1890,1890,1890,1894,1890.0,15.876777251184834,percent of eligible paragraphs,,844,eligible paragraphs,0.15876777251184834,0.10617802939050831,0.19829391812048622,0.10617802939050831,0.19829391812048622,844,20,,ok,false,false,,sampling_only,not_applicable_no_annotator_in_pipeline,n/a: CorEx labels have no annotator,observed,Complete source-document paragraph corpus; CorEx labels
15,corex:Infrastructure,Infrastructure,corex,Deterministic CorEx issue model,Infrastructure,,,,,year5,1895,1895,1895,1899,1895.0,15.02958579881657,percent of eligible paragraphs,,845,eligible paragraphs,0.1502958579881657,0.07659065315315315,0.215248716936439,0.07659065315315315,0.215248716936439,845,20,,ok,false,false,,sampling_only,not_applicable_no_annotator_in_pipeline,n/a: CorEx labels have no annotator,observed,Complete source-document paragraph corpus; CorEx labels
15,corex:Infrastructure,Infrastructure,corex,Deterministic CorEx issue model,Infrastructure,,,,,year5,1900,1900,1900,1904,1900.0,23.012048192771083,percent of eligible paragraphs,,830,eligible paragraphs,0.23012048192771084,0.15385819459735986,0.3896394984326018,0.15385819459735986,0.3896394984326018,830,15,,ok,false,false,,sampling_only,not_applicable_no_annotator_in_pipeline,n/a: CorEx labels have no annotator,observed,Complete source-document paragraph corpus; CorEx labels
15,corex:Infrastructure,Infrastructure,corex,Deterministic CorEx issue model,Infrastructure,,,,,year5,1905,1905,1905,1909,1905.0,19.87847222222222,percent of eligible paragraphs,,1152,eligible paragraphs,0.1987847222222222,0.13057143202173122,0.3000914811663008,0.13057143202173122,0.3000914811663008,1152,16,,ok,false,false,,sampling_only,not_applicable_no_annotator_in_pipeline,n/a: CorEx labels have no annotator,observed,Complete source-document paragraph corpus; CorEx labels
15,corex:Infrastructure,Infrastructure,corex,Deterministic CorEx issue model,Infrastructure,,,,,year5,1910,1910,1910,1914,1910.0,17.06008583690987,percent of eligible paragraphs,,932,eligible paragraphs,0.17060085836909872,0.11065218106954201,0.21227455555614014,0.11065218106954201,0.21227455555614014,932,20,,ok,false,false,,sampling_only,not_applicable_no_annotator_in_pipeline,n/a: CorEx labels have no annotator,observed,Complete source-document paragraph corpus; CorEx labels
15,corex:Infrastructure,Infrastructure,corex,Deterministic CorEx issue model,Infrastructure,,,,,year5,1915,1915,1915,1919,1915.0,13.449023861171366,percent of eligible paragraphs,,461,eligible paragraphs,0.13449023861171366,0.06838265169895869,0.20166501373207202,0.06838265169895869,0.20166501373207202,461,21,,ok,false,false,,sampling_only,not_applicable_no_annotator_in_pipeline,n/a: CorEx labels have no annotator,observed,Complete source-document paragraph corpus; CorEx labels
15,corex:Infrastructure,Infrastructure,corex,Deterministic CorEx issue model,Infrastructure,,,,,year5,1920,1920,1920,1924,1920.0,10.30640668523677,percent of eligible paragraphs,,359,eligible paragraphs,0.10306406685236769,0.03737771739130435,0.1588373554550025,0.03737771739130435,0.1588373554550025,359,19,,ok,false,false,,sampling_only,not_applicable_no_annotator_in_pipeline,n/a: CorEx labels have no annotator,observed,Complete source-document paragraph corpus; CorEx labels
15,corex:Infrastructure,Infrastructure,corex,Deterministic CorEx issue model,Infrastructure,,,,,year5,1925,1925,1925,1929,1925.0,14.182344428364688,percent of eligible paragraphs,,691,eligible paragraphs,0.14182344428364688,0.0865205493869389,0.19601559473579513,0.0865205493869389,0.19601559473579513,691,20,,ok,false,false,,sampling_only,not_applicable_no_annotator_in_pipeline,n/a: CorEx labels have no annotator,observed,Complete source-document paragraph corpus; CorEx labels
15,corex:Infrastructure,Infrastructure,corex,Deterministic CorEx issue model,Infrastructure,,,,,year5,1930,1930,1930,1934,1930.0,5.723370429252783,percent of eligible paragraphs,,629,eligible paragraphs,0.057233704292527825,0.023970170454545452,0.1113167589865995,0.023970170454545452,0.1113167589865995,629,27,,ok,false,false,,sampling_only,not_applicable_no_annotator_in_pipeline,n/a: CorEx labels have no annotator,observed,Complete source-document paragraph corpus; CorEx labels
15,corex:Infrastructure,Infrastructure,corex,Deterministic CorEx issue model,Infrastructure,,,,,year5,1935,1935,1935,1939,1935.0,6.181818181818182,percent of eligible paragraphs,,275,eligible paragraphs,0.06181818181818182,0.040806231756347414,0.08726113483831605,0.040806231756347414,0.08726113483831605,275,13,,ok,false,false,,sampling_only,not_applicable_no_annotator_in_pipeline,n/a: CorEx labels have no annotator,observed,Complete source-document paragraph corpus; CorEx labels
15,corex:Infrastructure,Infrastructure,corex,Deterministic CorEx issue model,Infrastructure,,,,,year5,1940,1940,1940,1944,1940.0,17.081260364842453,percent of eligible paragraphs,,603,eligible paragraphs,0.17081260364842454,0.11569560320100589,0.23779954515206686,0.11569560320100589,0.23779954515206686,603,26,,ok,false,false,,sampling_only,not_applicable_no_annotator_in_pipeline,n/a: CorEx labels have no annotator,observed,Complete source-document paragraph corpus; CorEx labels
15,corex:Infrastructure,Infrastructure,corex,Deterministic CorEx issue model,Infrastructure,,,,,year5,1945,1945,1945,1949,1945.0,7.011070110701106,percent of eligible paragraphs,,271,eligible paragraphs,0.07011070110701106,0.029071557971014492,0.13207031249999995,0.029071557971014492,0.13207031249999995,271,17,,ok,false,false,,sampling_only,not_applicable_no_annotator_in_pipeline,n/a: CorEx labels have no annotator,observed,Complete source-document paragraph corpus; CorEx labels
15,corex:Infrastructure,Infrastructure,corex,Deterministic CorEx issue model,Infrastructure,,,,,year5,1950,1950,1950,1954,1950.0,1.729106628242075,percent of eligible paragraphs,,347,eligible paragraphs,0.01729106628242075,0.006693972733795743,0.03522863051470588,0.006693972733795743,0.03522863051470588,347,11,,ok,false,false,,sampling_only,not_applicable_no_annotator_in_pipeline,n/a: CorEx labels have no annotator,observed,Complete source-document paragraph corpus; CorEx labels
15,corex:Infrastructure,Infrastructure,corex,Deterministic CorEx issue model,Infrastructure,,,,,year5,1955,1955,1955,1959,1955.0,2.977667493796526,percent of eligible paragraphs,,403,eligible paragraphs,0.02977667493796526,0.0163234706117553,0.04116745227709769,0.0163234706117553,0.04116745227709769,403,8,,ok,false,false,,sampling_only,not_applicable_no_annotator_in_pipeline,n/a: CorEx labels have no annotator,observed,Complete source-document paragraph corpus; CorEx labels
15,corex:Infrastructure,Infrastructure,corex,Deterministic CorEx issue model,Infrastructure,,,,,year5,1960,1960,1960,1964,1960.0,1.7148014440433215,percent of eligible paragraphs,,2216,eligible paragraphs,0.017148014440433214,0.010223001867816744,0.025181109617278884,0.010223001867816744,0.025181109617278884,2216,67,,ok,false,false,,sampling_only,not_applicable_no_annotator_in_pipeline,n/a: CorEx labels have no annotator,observed,Complete source-document paragraph corpus; CorEx labels
15,corex:Infrastructure,Infrastructure,corex,Deterministic CorEx issue model,Infrastructure,,,,,year5,1965,1965,1965,1969,1965.0,1.7224409448818898,percent of eligible paragraphs,,2032,eligible paragraphs,0.0172244094488189,0.009271112387332395,0.027577003182779763,0.009271112387332395,0.027577003182779763,2032,53,,ok,false,false,,sampling_only,not_applicable_no_annotator_in_pipeline,n/a: CorEx labels have no annotator,observed,Complete source-document paragraph corpus; CorEx labels
15,corex:Infrastructure,Infrastructure,corex,Deterministic CorEx issue model,Infrastructure,,,,,year5,1970,1970,1970,1974,1970.0,0.9345794392523363,percent of eligible paragraphs,,535,eligible paragraphs,0.009345794392523364,0.0020895708582834333,0.01735157755298651,0.0020895708582834333,0.01735157755298651,535,25,,ok,false,false,,sampling_only,not_applicable_no_annotator_in_pipeline,n/a: CorEx labels have no annotator,observed,Complete source-document paragraph corpus; CorEx labels
15,corex:Infrastructure,Infrastructure,corex,Deterministic CorEx issue model,Infrastructure,,,,,year5,1975,1975,1975,1979,1975.0,0.9981851179673321,percent of eligible paragraphs,,1102,eligible paragraphs,0.009981851179673321,0.004610593446406194,0.017875116758462973,0.004610593446406194,0.017875116758462973,1102,27,,ok,false,false,,sampling_only,not_applicable_no_annotator_in_pipeline,n/a: CorEx labels have no annotator,observed,Complete source-document paragraph corpus; CorEx labels
15,corex:Infrastructure,Infrastructure,corex,Deterministic CorEx issue model,Infrastructure,,,,,year5,1980,1980,1980,1984,1980.0,2.620607504466945,percent of eligible paragraphs,,1679,eligible paragraphs,0.026206075044669448,0.01802330413138041,0.03559709354530574,0.01802330413138041,0.03559709354530574,1679,41,,ok,false,false,,sampling_only,not_applicable_no_annotator_in_pipeline,n/a: CorEx labels have no annotator,observed,Complete source-document paragraph corpus; CorEx labels
15,corex:Infrastructure,Infrastructure,corex,Deterministic CorEx issue model,Infrastructure,,,,,year5,1985,1985,1985,1989,1985.0,1.7772511848341233,percent of eligible paragraphs,,844,eligible paragraphs,0.017772511848341232,0.008927490677651743,0.029420622215545505,0.008927490677651743,0.029420622215545505,844,28,,ok,false,false,,sampling_only,not_applicable_no_annotator_in_pipeline,n/a: CorEx labels have no annotator,observed,Complete source-document paragraph corpus; CorEx labels
15,corex:Infrastructure,Infrastructure,corex,Deterministic CorEx issue model,Infrastructure,,,,,year5,1990,1990,1990,1994,1990.0,1.7733990147783252,percent of eligible paragraphs,,1015,eligible paragraphs,0.017733990147783252,0.010643053751469043,0.026000167078601838,0.010643053751469043,0.026000167078601838,1015,32,,ok,false,false,,sampling_only,not_applicable_no_annotator_in_pipeline,n/a: CorEx labels have no annotator,observed,Complete source-document paragraph corpus; CorEx labels
15,corex:Infrastructure,Infrastructure,corex,Deterministic CorEx issue model,Infrastructure,,,,,year5,1995,1995,1995,1999,1995.0,1.6786570743405276,percent of eligible paragraphs,,834,eligible paragraphs,0.016786570743405275,0.010638512659302672,0.024961460304113232,0.010638512659302672,0.024961460304113232,834,22,,ok,false,false,,sampling_only,not_applicable_no_annotator_in_pipeline,n/a: CorEx labels have no annotator,observed,Complete source-document paragraph corpus; CorEx labels
15,corex:Infrastructure,Infrastructure,corex,Deterministic CorEx issue model,Infrastructure,,,,,year5,2000,2000,2000,2004,2000.0,1.5822784810126582,percent of eligible paragraphs,,632,eligible paragraphs,0.015822784810126583,0.005763239443646786,0.026814631228874612,0.005763239443646786,0.026814631228874612,632,23,,ok,false,false,,sampling_only,not_applicable_no_annotator_in_pipeline,n/a: CorEx labels have no annotator,observed,Complete source-document paragraph corpus; CorEx labels
15,corex:Infrastructure,Infrastructure,corex,Deterministic CorEx issue model,Infrastructure,,,,,year5,2005,2005,2005,2009,2005.0,3.4642032332563506,percent of eligible paragraphs,,866,eligible paragraphs,0.03464203233256351,0.01760915763431011,0.05506198347107438,0.01760915763431011,0.05506198347107438,866,28,,ok,false,false,,sampling_only,not_applicable_no_annotator_in_pipeline,n/a: CorEx labels have no annotator,observed,Complete source-document paragraph corpus; CorEx labels
15,corex:Infrastructure,Infrastructure,corex,Deterministic CorEx issue model,Infrastructure,,,,,year5,2010,2010,2010,2014,2010.0,3.414634146341464,percent of eligible paragraphs,,1230,eligible paragraphs,0.03414634146341464,0.022944650096950465,0.04773103896752782,0.022944650096950465,0.04773103896752782,1230,33,,ok,false,false,,sampling_only,not_applicable_no_annotator_in_pipeline,n/a: CorEx labels have no annotator,observed,Complete source-document paragraph corpus; CorEx labels
15,corex:Infrastructure,Infrastructure,corex,Deterministic CorEx issue model,Infrastructure,,,,,year5,2015,2015,2015,2019,2015.0,3.3437013996889577,percent of eligible paragraphs,,1286,eligible paragraphs,0.03343701399688958,0.021790741355966838,0.04781078939786805,0.021790741355966838,0.04781078939786805,1286,27,,ok,false,false,,sampling_only,not_applicable_no_annotator_in_pipeline,n/a: CorEx labels have no annotator,observed,Complete source-document paragraph corpus; CorEx labels
15,corex:Infrastructure,Infrastructure,corex,Deterministic CorEx issue model,Infrastructure,,,,,year5,2020,2020,2020,2024,2020.0,2.999210734017364,percent of eligible paragraphs,,2534,eligible paragraphs,0.02999210734017364,0.016983975029187796,0.045537855947224516,0.016983975029187796,0.045537855947224516,2534,50,,ok,false,false,,sampling_only,not_applicable_no_annotator_in_pipeline,n/a: CorEx labels have no annotator,observed,Complete source-document paragraph corpus; CorEx labels
15,corex:Infrastructure,Infrastructure,corex,Deterministic CorEx issue model,Infrastructure,,,,,year5,2025,2025,2025,2029,2025.0,3.7366548042704624,percent of eligible paragraphs,,562,eligible paragraphs,0.037366548042704624,0.016704082100151188,0.06725353450896929,0.016704082100151188,0.06725353450896929,562,11,,ok,false,false,,sampling_only,not_applicable_no_annotator_in_pipeline,n/a: CorEx labels have no annotator,observed,Complete source-document paragraph corpus; CorEx labels
16,corex:Discovered 5,Security & peace,corex,Deterministic CorEx issue model,Discovered 5,,,,,year5,1785,1785,1785,1789,1785.0,0.0,percent of eligible paragraphs,,14,eligible paragraphs,0.0,,,,,14,2,,low_cluster_caution,true,false,,sampling_only,not_applicable_no_annotator_in_pipeline,n/a: CorEx labels have no annotator,observed,Complete source-document paragraph corpus; CorEx labels
16,corex:Discovered 5,Security & peace,corex,Deterministic CorEx issue model,Discovered 5,,,,,year5,1790,1790,1790,1794,1790.0,4.651162790697675,percent of eligible paragraphs,,129,eligible paragraphs,0.046511627906976744,0.007165433240826396,0.1057291666666666,0.007165433240826396,0.1057291666666666,129,13,,ok,false,false,,sampling_only,not_applicable_no_annotator_in_pipeline,n/a: CorEx labels have no annotator,observed,Complete source-document paragraph corpus; CorEx labels
16,corex:Discovered 5,Security & peace,corex,Deterministic CorEx issue model,Discovered 5,,,,,year5,1795,1795,1795,1799,1795.0,8.018867924528301,percent of eligible paragraphs,,212,eligible paragraphs,0.08018867924528301,0.027393712844532517,0.13823674752920034,0.027393712844532517,0.13823674752920034,212,13,,ok,false,false,,sampling_only,not_applicable_no_annotator_in_pipeline,n/a: CorEx labels have no annotator,observed,Complete source-document paragraph corpus; CorEx labels
16,corex:Discovered 5,Security & peace,corex,Deterministic CorEx issue model,Discovered 5,,,,,year5,1800,1800,1800,1804,1800.0,8.974358974358974,percent of eligible paragraphs,,156,eligible paragraphs,0.08974358974358974,0.028829078801331856,0.1424863387978142,0.028829078801331856,0.1424863387978142,156,13,,ok,false,false,,sampling_only,not_applicable_no_annotator_in_pipeline,n/a: CorEx labels have no annotator,observed,Complete source-document paragraph corpus; CorEx labels
16,corex:Discovered 5,Security & peace,corex,Deterministic CorEx issue model,Discovered 5,,,,,year5,1805,1805,1805,1809,1805.0,4.102564102564102,percent of eligible paragraphs,,195,eligible paragraphs,0.041025641025641026,0.016591766103621054,0.07319576129392079,0.016591766103621054,0.07319576129392079,195,15,,ok,false,false,,sampling_only,not_applicable_no_annotator_in_pipeline,n/a: CorEx labels have no annotator,observed,Complete source-document paragraph corpus; CorEx labels
16,corex:Discovered 5,Security & peace,corex,Deterministic CorEx issue model,Discovered 5,,,,,year5,1810,1810,1810,1814,1810.0,9.340659340659341,percent of eligible paragraphs,,182,eligible paragraphs,0.09340659340659341,0.05906811377245509,0.13638410084898378,0.05906811377245509,0.13638410084898378,182,14,,ok,false,false,,sampling_only,not_applicable_no_annotator_in_pipeline,n/a: CorEx labels have no annotator,observed,Complete source-document paragraph corpus; CorEx labels
16,corex:Discovered 5,Security & peace,corex,Deterministic CorEx issue model,Discovered 5,,,,,year5,1815,1815,1815,1819,1815.0,2.955665024630542,percent of eligible paragraphs,,203,eligible paragraphs,0.029556650246305417,0.0,0.07077169625246547,0.0,0.07077169625246547,203,9,,ok,false,false,,sampling_only,not_applicable_no_annotator_in_pipeline,n/a: CorEx labels have no annotator,observed,Complete source-document paragraph corpus; CorEx labels
16,corex:Discovered 5,Security & peace,corex,Deterministic CorEx issue model,Discovered 5,,,,,year5,1820,1820,1820,1824,1820.0,6.4981949458483745,percent of eligible paragraphs,,277,eligible paragraphs,0.06498194945848375,0.03640366751115937,0.0995373249555017,0.03640366751115937,0.0995373249555017,277,7,,low_cluster_caution,false,false,,sampling_only,not_applicable_no_annotator_in_pipeline,n/a: CorEx labels have no annotator,observed,Complete source-document paragraph corpus; CorEx labels
16,corex:Discovered 5,Security & peace,corex,Deterministic CorEx issue model,Discovered 5,,,,,year5,1825,1825,1825,1829,1825.0,7.880434782608696,percent of eligible paragraphs,,368,eligible paragraphs,0.07880434782608696,0.04920050114669158,0.11068027210884351,0.04920050114669158,0.11068027210884351,368,10,,ok,false,false,,sampling_only,not_applicable_no_annotator_in_pipeline,n/a: CorEx labels have no annotator,observed,Complete source-document paragraph corpus; CorEx labels
16,corex:Discovered 5,Security & peace,corex,Deterministic CorEx issue model,Discovered 5,,,,,year5,1830,1830,1830,1834,1830.0,1.7412935323383085,percent of eligible paragraphs,,804,eligible paragraphs,0.017412935323383085,0.006963644741948001,0.028922242792911928,0.006963644741948001,0.028922242792911928,804,19,,ok,false,false,,sampling_only,not_applicable_no_annotator_in_pipeline,n/a: CorEx labels have no annotator,observed,Complete source-document paragraph corpus; CorEx labels
16,corex:Discovered 5,Security & peace,corex,Deterministic CorEx issue model,Discovered 5,,,,,year5,1835,1835,1835,1839,1835.0,3.7325038880248838,percent of eligible paragraphs,,643,eligible paragraphs,0.03732503888024884,0.018987378083763627,0.06549760311594924,0.018987378083763627,0.06549760311594924,643,12,,ok,false,false,,sampling_only,not_applicable_no_annotator_in_pipeline,n/a: CorEx labels have no annotator,observed,Complete source-document paragraph corpus; CorEx labels
16,corex:Discovered 5,Security & peace,corex,Deterministic CorEx issue model,Discovered 5,,,,,year5,1840,1840,1840,1844,1840.0,2.8831562974203337,percent of eligible paragraphs,,659,eligible paragraphs,0.028831562974203338,0.014392164394084887,0.04428446715468772,0.014392164394084887,0.04428446715468772,659,20,,ok,false,false,,sampling_only,not_applicable_no_annotator_in_pipeline,n/a: CorEx labels have no annotator,observed,Complete source-document paragraph corpus; CorEx labels
16,corex:Discovered 5,Security & peace,corex,Deterministic CorEx issue model,Discovered 5,,,,,year5,1845,1845,1845,1849,1845.0,6.809583858764187,percent of eligible paragraphs,,793,eligible paragraphs,0.06809583858764187,0.04249243378737951,0.09917355371900827,0.04249243378737951,0.09917355371900827,793,28,,ok,false,false,,sampling_only,not_applicable_no_annotator_in_pipeline,n/a: CorEx labels have no annotator,observed,Complete source-document paragraph corpus; CorEx labels
16,corex:Discovered 5,Security & peace,corex,Deterministic CorEx issue model,Discovered 5,,,,,year5,1850,1850,1850,1854,1850.0,5.8628318584070795,percent of eligible paragraphs,,904,eligible paragraphs,0.0586283185840708,0.035960883234442395,0.0875997966907842,0.035960883234442395,0.0875997966907842,904,21,,ok,false,false,,sampling_only,not_applicable_no_annotator_in_pipeline,n/a: CorEx labels have no annotator,observed,Complete source-document paragraph corpus; CorEx labels
16,corex:Discovered 5,Security & peace,corex,Deterministic CorEx issue model,Discovered 5,,,,,year5,1855,1855,1855,1859,1855.0,4.934687953555878,percent of eligible paragraphs,,689,eligible paragraphs,0.04934687953555878,0.032156247979830625,0.07227252394048839,0.032156247979830625,0.07227252394048839,689,13,,ok,false,false,,sampling_only,not_applicable_no_annotator_in_pipeline,n/a: CorEx labels have no annotator,observed,Complete source-document paragraph corpus; CorEx labels
16,corex:Discovered 5,Security & peace,corex,Deterministic CorEx issue model,Discovered 5,,,,,year5,1860,1860,1860,1864,1860.0,3.576982892690513,percent of eligible paragraphs,,643,eligible paragraphs,0.03576982892690513,0.021542587135100016,0.04987139336411282,0.021542587135100016,0.04987139336411282,643,18,,ok,false,false,,sampling_only,not_applicable_no_annotator_in_pipeline,n/a: CorEx labels have no annotator,observed,Complete source-document paragraph corpus; CorEx labels
16,corex:Discovered 5,Security & peace,corex,Deterministic CorEx issue model,Discovered 5,,,,,year5,1865,1865,1865,1869,1865.0,4.808877928483354,percent of eligible paragraphs,,811,eligible paragraphs,0.04808877928483354,0.022453557603298833,0.06509392285254353,0.022453557603298833,0.06509392285254353,811,37,,ok,false,false,,sampling_only,not_applicable_no_annotator_in_pipeline,n/a: CorEx labels have no annotator,observed,Complete source-document paragraph corpus; CorEx labels
16,corex:Discovered 5,Security & peace,corex,Deterministic CorEx issue model,Discovered 5,,,,,year5,1870,1870,1870,1874,1870.0,9.108910891089108,percent of eligible paragraphs,,505,eligible paragraphs,0.09108910891089109,0.05284569478264341,0.16097820997096743,0.05284569478264341,0.16097820997096743,505,19,,ok,false,false,,sampling_only,not_applicable_no_annotator_in_pipeline,n/a: CorEx labels have no annotator,observed,Complete source-document paragraph corpus; CorEx labels
16,corex:Discovered 5,Security & peace,corex,Deterministic CorEx issue model,Discovered 5,,,,,year5,1875,1875,1875,1879,1875.0,2.8380634390651087,percent of eligible paragraphs,,599,eligible paragraphs,0.028380634390651086,0.013516497345780707,0.04151082677165353,0.013516497345780707,0.04151082677165353,599,20,,ok,false,false,,sampling_only,not_applicable_no_annotator_in_pipeline,n/a: CorEx labels have no annotator,observed,Complete source-document paragraph corpus; CorEx labels
16,corex:Discovered 5,Security & peace,corex,Deterministic CorEx issue model,Discovered 5,,,,,year5,1880,1880,1880,1884,1880.0,5.9748427672955975,percent of eligible paragraphs,,636,eligible paragraphs,0.059748427672955975,0.039305820966561766,0.09201395933272678,0.039305820966561766,0.09201395933272678,636,16,,ok,false,false,,sampling_only,not_applicable_no_annotator_in_pipeline,n/a: CorEx labels have no annotator,observed,Complete source-document paragraph corpus; CorEx labels
16,corex:Discovered 5,Security & peace,corex,Deterministic CorEx issue model,Discovered 5,,,,,year5,1885,1885,1885,1889,1885.0,3.8847117794486214,percent of eligible paragraphs,,798,eligible paragraphs,0.03884711779448621,0.02111569003591265,0.05491976521813935,0.02111569003591265,0.05491976521813935,798,18,,ok,false,false,,sampling_only,not_applicable_no_annotator_in_pipeline,n/a: CorEx labels have no annotator,observed,Complete source-document paragraph corpus; CorEx labels
16,corex:Discovered 5,Security & peace,corex,Deterministic CorEx issue model,Discovered 5,,,,,year5,1890,1890,1890,1894,1890.0,4.976303317535545,percent of eligible paragraphs,,844,eligible paragraphs,0.04976303317535545,0.04078947368421053,0.060848752907155176,0.04078947368421053,0.060848752907155176,844,20,,ok,false,false,,sampling_only,not_applicable_no_annotator_in_pipeline,n/a: CorEx labels have no annotator,observed,Complete source-document paragraph corpus; CorEx labels
16,corex:Discovered 5,Security & peace,corex,Deterministic CorEx issue model,Discovered 5,,,,,year5,1895,1895,1895,1899,1895.0,10.059171597633137,percent of eligible paragraphs,,845,eligible paragraphs,0.10059171597633136,0.08076128262114927,0.1345982472811741,0.08076128262114927,0.1345982472811741,845,20,,ok,false,false,,sampling_only,not_applicable_no_annotator_in_pipeline,n/a: CorEx labels have no annotator,observed,Complete source-document paragraph corpus; CorEx labels
16,corex:Discovered 5,Security & peace,corex,Deterministic CorEx issue model,Discovered 5,,,,,year5,1900,1900,1900,1904,1900.0,9.156626506024097,percent of eligible paragraphs,,830,eligible paragraphs,0.09156626506024096,0.06699755137315153,0.11792976588628758,0.06699755137315153,0.11792976588628758,830,15,,ok,false,false,,sampling_only,not_applicable_no_annotator_in_pipeline,n/a: CorEx labels have no annotator,observed,Complete source-document paragraph corpus; CorEx labels
16,corex:Discovered 5,Security & peace,corex,Deterministic CorEx issue model,Discovered 5,,,,,year5,1905,1905,1905,1909,1905.0,6.163194444444445,percent of eligible paragraphs,,1152,eligible paragraphs,0.06163194444444445,0.037018588797526175,0.08229953748056881,0.037018588797526175,0.08229953748056881,1152,16,,ok,false,false,,sampling_only,not_applicable_no_annotator_in_pipeline,n/a: CorEx labels have no annotator,observed,Complete source-document paragraph corpus; CorEx labels
16,corex:Discovered 5,Security & peace,corex,Deterministic CorEx issue model,Discovered 5,,,,,year5,1910,1910,1910,1914,1910.0,5.042918454935622,percent of eligible paragraphs,,932,eligible paragraphs,0.05042918454935622,0.022121064114226194,0.07737020127965875,0.022121064114226194,0.07737020127965875,932,20,,ok,false,false,,sampling_only,not_applicable_no_annotator_in_pipeline,n/a: CorEx labels have no annotator,observed,Complete source-document paragraph corpus; CorEx labels
16,corex:Discovered 5,Security & peace,corex,Deterministic CorEx issue model,Discovered 5,,,,,year5,1915,1915,1915,1919,1915.0,28.850325379609544,percent of eligible paragraphs,,461,eligible paragraphs,0.2885032537960954,0.20272028257030295,0.3907171903414831,0.20272028257030295,0.3907171903414831,461,21,,ok,false,false,,sampling_only,not_applicable_no_annotator_in_pipeline,n/a: CorEx labels have no annotator,observed,Complete source-document paragraph corpus; CorEx labels
16,corex:Discovered 5,Security & peace,corex,Deterministic CorEx issue model,Discovered 5,,,,,year5,1920,1920,1920,1924,1920.0,19.220055710306408,percent of eligible paragraphs,,359,eligible paragraphs,0.19220055710306408,0.1386233321312658,0.2620956541218638,0.1386233321312658,0.2620956541218638,359,19,,ok,false,false,,sampling_only,not_applicable_no_annotator_in_pipeline,n/a: CorEx labels have no annotator,observed,Complete source-document paragraph corpus; CorEx labels
16,corex:Discovered 5,Security & peace,corex,Deterministic CorEx issue model,Discovered 5,,,,,year5,1925,1925,1925,1929,1925.0,12.301013024602025,percent of eligible paragraphs,,691,eligible paragraphs,0.12301013024602026,0.08259650520914322,0.1743922290243816,0.08259650520914322,0.1743922290243816,691,20,,ok,false,false,,sampling_only,not_applicable_no_annotator_in_pipeline,n/a: CorEx labels have no annotator,observed,Complete source-document paragraph corpus; CorEx labels
16,corex:Discovered 5,Security & peace,corex,Deterministic CorEx issue model,Discovered 5,,,,,year5,1930,1930,1930,1934,1930.0,10.969793322734498,percent of eligible paragraphs,,629,eligible paragraphs,0.10969793322734499,0.07376345994556857,0.14856780966277558,0.07376345994556857,0.14856780966277558,629,27,,ok,false,false,,sampling_only,not_applicable_no_annotator_in_pipeline,n/a: CorEx labels have no annotator,observed,Complete source-document paragraph corpus; CorEx labels
16,corex:Discovered 5,Security & peace,corex,Deterministic CorEx issue model,Discovered 5,,,,,year5,1935,1935,1935,1939,1935.0,15.636363636363637,percent of eligible paragraphs,,275,eligible paragraphs,0.15636363636363637,0.08784926470588235,0.2654667530745114,0.08784926470588235,0.2654667530745114,275,13,,ok,false,false,,sampling_only,not_applicable_no_annotator_in_pipeline,n/a: CorEx labels have no annotator,observed,Complete source-document paragraph corpus; CorEx labels
16,corex:Discovered 5,Security & peace,corex,Deterministic CorEx issue model,Discovered 5,,,,,year5,1940,1940,1940,1944,1940.0,59.20398009950249,percent of eligible paragraphs,,603,eligible paragraphs,0.5920398009950248,0.5237396116704527,0.6579803598290089,0.5237396116704527,0.6579803598290089,603,26,,ok,false,false,,sampling_only,not_applicable_no_annotator_in_pipeline,n/a: CorEx labels have no annotator,observed,Complete source-document paragraph corpus; CorEx labels
16,corex:Discovered 5,Security & peace,corex,Deterministic CorEx issue model,Discovered 5,,,,,year5,1945,1945,1945,1949,1945.0,67.89667896678966,percent of eligible paragraphs,,271,eligible paragraphs,0.6789667896678967,0.4534893048128343,0.8115377761938704,0.4534893048128343,0.8115377761938704,271,17,,ok,false,false,,sampling_only,not_applicable_no_annotator_in_pipeline,n/a: CorEx labels have no annotator,observed,Complete source-document paragraph corpus; CorEx labels
16,corex:Discovered 5,Security & peace,corex,Deterministic CorEx issue model,Discovered 5,,,,,year5,1950,1950,1950,1954,1950.0,36.023054755043226,percent of eligible paragraphs,,347,eligible paragraphs,0.36023054755043227,0.22664498092007632,0.5990200895294245,0.22664498092007632,0.5990200895294245,347,11,,ok,false,false,,sampling_only,not_applicable_no_annotator_in_pipeline,n/a: CorEx labels have no annotator,observed,Complete source-document paragraph corpus; CorEx labels
16,corex:Discovered 5,Security & peace,corex,Deterministic CorEx issue model,Discovered 5,,,,,year5,1955,1955,1955,1959,1955.0,40.69478908188586,percent of eligible paragraphs,,403,eligible paragraphs,0.40694789081885857,0.31256780078895463,0.5466237942122186,0.31256780078895463,0.5466237942122186,403,8,,ok,false,false,,sampling_only,not_applicable_no_annotator_in_pipeline,n/a: CorEx labels have no annotator,observed,Complete source-document paragraph corpus; CorEx labels
16,corex:Discovered 5,Security & peace,corex,Deterministic CorEx issue model,Discovered 5,,,,,year5,1960,1960,1960,1964,1960.0,41.38086642599278,percent of eligible paragraphs,,2216,eligible paragraphs,0.4138086642599278,0.3352481941508104,0.488897622314258,0.3352481941508104,0.488897622314258,2216,67,,ok,false,false,,sampling_only,not_applicable_no_annotator_in_pipeline,n/a: CorEx labels have no annotator,observed,Complete source-document paragraph corpus; CorEx labels
16,corex:Discovered 5,Security & peace,corex,Deterministic CorEx issue model,Discovered 5,,,,,year5,1965,1965,1965,1969,1965.0,34.89173228346456,percent of eligible paragraphs,,2032,eligible paragraphs,0.34891732283464566,0.28638756517533753,0.41826998727837567,0.28638756517533753,0.41826998727837567,2032,53,,ok,false,false,,sampling_only,not_applicable_no_annotator_in_pipeline,n/a: CorEx labels have no annotator,observed,Complete source-document paragraph corpus; CorEx labels
16,corex:Discovered 5,Security & peace,corex,Deterministic CorEx issue model,Discovered 5,,,,,year5,1970,1970,1970,1974,1970.0,31.962616822429908,percent of eligible paragraphs,,535,eligible paragraphs,0.31962616822429907,0.20222076252236135,0.4726758618549663,0.20222076252236135,0.4726758618549663,535,25,,ok,false,false,,sampling_only,not_applicable_no_annotator_in_pipeline,n/a: CorEx labels have no annotator,observed,Complete source-document paragraph corpus; CorEx labels
16,corex:Discovered 5,Security & peace,corex,Deterministic CorEx issue model,Discovered 5,,,,,year5,1975,1975,1975,1979,1975.0,30.762250453720508,percent of eligible paragraphs,,1102,eligible paragraphs,0.3076225045372051,0.1920573217355605,0.4432779004882585,0.1920573217355605,0.4432779004882585,1102,27,,ok,false,false,,sampling_only,not_applicable_no_annotator_in_pipeline,n/a: CorEx labels have no annotator,observed,Complete source-document paragraph corpus; CorEx labels
16,corex:Discovered 5,Security & peace,corex,Deterministic CorEx issue model,Discovered 5,,,,,year5,1980,1980,1980,1984,1980.0,36.50982727814175,percent of eligible paragraphs,,1679,eligible paragraphs,0.3650982727814175,0.2678465049388485,0.47614779874213836,0.2678465049388485,0.47614779874213836,1679,41,,ok,false,false,,sampling_only,not_applicable_no_annotator_in_pipeline,n/a: CorEx labels have no annotator,observed,Complete source-document paragraph corpus; CorEx labels
16,corex:Discovered 5,Security & peace,corex,Deterministic CorEx issue model,Discovered 5,,,,,year5,1985,1985,1985,1989,1985.0,38.62559241706161,percent of eligible paragraphs,,844,eligible paragraphs,0.3862559241706161,0.2834118179893816,0.5312086568881219,0.2834118179893816,0.5312086568881219,844,28,,ok,false,false,,sampling_only,not_applicable_no_annotator_in_pipeline,n/a: CorEx labels have no annotator,observed,Complete source-document paragraph corpus; CorEx labels
16,corex:Discovered 5,Security & peace,corex,Deterministic CorEx issue model,Discovered 5,,,,,year5,1990,1990,1990,1994,1990.0,33.59605911330049,percent of eligible paragraphs,,1015,eligible paragraphs,0.3359605911330049,0.24977716468590833,0.45625399682081447,0.24977716468590833,0.45625399682081447,1015,32,,ok,false,false,,sampling_only,not_applicable_no_annotator_in_pipeline,n/a: CorEx labels have no annotator,observed,Complete source-document paragraph corpus; CorEx labels
16,corex:Discovered 5,Security & peace,corex,Deterministic CorEx issue model,Discovered 5,,,,,year5,1995,1995,1995,1999,1995.0,22.422062350119905,percent of eligible paragraphs,,834,eligible paragraphs,0.22422062350119903,0.15085863512579767,0.33883666666666656,0.15085863512579767,0.33883666666666656,834,22,,ok,false,false,,sampling_only,not_applicable_no_annotator_in_pipeline,n/a: CorEx labels have no annotator,observed,Complete source-document paragraph corpus; CorEx labels
16,corex:Discovered 5,Security & peace,corex,Deterministic CorEx issue model,Discovered 5,,,,,year5,2000,2000,2000,2004,2000.0,43.5126582278481,percent of eligible paragraphs,,632,eligible paragraphs,0.435126582278481,0.30753917478635967,0.5743348675348001,0.30753917478635967,0.5743348675348001,632,23,,ok,false,false,,sampling_only,not_applicable_no_annotator_in_pipeline,n/a: CorEx labels have no annotator,observed,Complete source-document paragraph corpus; CorEx labels
16,corex:Discovered 5,Security & peace,corex,Deterministic CorEx issue model,Discovered 5,,,,,year5,2005,2005,2005,2009,2005.0,40.300230946882216,percent of eligible paragraphs,,866,eligible paragraphs,0.40300230946882215,0.2798656144393781,0.533761208627937,0.2798656144393781,0.533761208627937,866,28,,ok,false,false,,sampling_only,not_applicable_no_annotator_in_pipeline,n/a: CorEx labels have no annotator,observed,Complete source-document paragraph corpus; CorEx labels
16,corex:Discovered 5,Security & peace,corex,Deterministic CorEx issue model,Discovered 5,,,,,year5,2010,2010,2010,2014,2010.0,24.634146341463413,percent of eligible paragraphs,,1230,eligible paragraphs,0.24634146341463414,0.15623308420235696,0.36311977370435106,0.15623308420235696,0.36311977370435106,1230,33,,ok,false,false,,sampling_only,not_applicable_no_annotator_in_pipeline,n/a: CorEx labels have no annotator,observed,Complete source-document paragraph corpus; CorEx labels
16,corex:Discovered 5,Security & peace,corex,Deterministic CorEx issue model,Discovered 5,,,,,year5,2015,2015,2015,2019,2015.0,19.440124416796266,percent of eligible paragraphs,,1286,eligible paragraphs,0.19440124416796267,0.12590418781725887,0.2727397219286928,0.12590418781725887,0.2727397219286928,1286,27,,ok,false,false,,sampling_only,not_applicable_no_annotator_in_pipeline,n/a: CorEx labels have no annotator,observed,Complete source-document paragraph corpus; CorEx labels
16,corex:Discovered 5,Security & peace,corex,Deterministic CorEx issue model,Discovered 5,,,,,year5,2020,2020,2020,2024,2020.0,17.008681925808997,percent of eligible paragraphs,,2534,eligible paragraphs,0.17008681925808997,0.10989590198482431,0.2540890263985229,0.10989590198482431,0.2540890263985229,2534,50,,ok,false,false,,sampling_only,not_applicable_no_annotator_in_pipeline,n/a: CorEx labels have no annotator,observed,Complete source-document paragraph corpus; CorEx labels
16,corex:Discovered 5,Security & peace,corex,Deterministic CorEx issue model,Discovered 5,,,,,year5,2025,2025,2025,2029,2025.0,21.70818505338078,percent of eligible paragraphs,,562,eligible paragraphs,0.21708185053380782,0.15119803640612328,0.3324588156465885,0.15119803640612328,0.3324588156465885,562,11,,ok,false,false,,sampling_only,not_applicable_no_annotator_in_pipeline,n/a: CorEx labels have no annotator,observed,Complete source-document paragraph corpus; CorEx labels
17,llm:Neutral Rights & Maritime Depredations,Neutral Rights & Maritime Depredations,llm,Exploratory AI paragraph labels,Neutral Rights & Maritime Depredations,,,,,era,The founding,0,1789,1815,1802.0,17.367853290183387,percent of eligible paragraphs,,927,eligible paragraphs,0.17367853290183388,0.11613743052932607,0.2401436846887778,0.09558948532384662,0.26069162989425726,927,73,219,ok,false,true,0.02054794520547945,sampling+annotator_disagreement,measured_paired_annotators,paragraph_annotations.parquet vs paragraph_annotations__opus4-8.parquet,observed,Complete source-document paragraph corpus; primary AI labels
17,llm:Neutral Rights & Maritime Depredations,Neutral Rights & Maritime Depredations,llm,Exploratory AI paragraph labels,Neutral Rights & Maritime Depredations,,,,,era,Expansion,1,1816,1849,1832.5,2.2114347357065802,percent of eligible paragraphs,,3708,eligible paragraphs,0.022114347357065803,0.013559371605537853,0.030015750377198048,0.011061869108035355,0.03251325287470055,3708,102,1001,ok,false,true,0.002497502497502498,sampling+annotator_disagreement,measured_paired_annotators,paragraph_annotations.parquet vs paragraph_annotations__opus4-8.parquet,observed,Complete source-document paragraph corpus; primary AI labels
17,llm:Neutral Rights & Maritime Depredations,Neutral Rights & Maritime Depredations,llm,Exploratory AI paragraph labels,Neutral Rights & Maritime Depredations,,,,,era,Civil War & Reconstruction,2,1850,1877,1863.5,2.49935583612471,percent of eligible paragraphs,,3881,eligible paragraphs,0.0249935583612471,0.013702527300728322,0.039225948162088034,0.012030286498052736,0.04089818896476362,3881,120,897,ok,false,true,0.001672240802675586,sampling+annotator_disagreement,measured_paired_annotators,paragraph_annotations.parquet vs paragraph_annotations__opus4-8.parquet,observed,Complete source-document paragraph corpus; primary AI labels
17,llm:Neutral Rights & Maritime Depredations,Neutral Rights & Maritime Depredations,llm,Exploratory AI paragraph labels,Neutral Rights & Maritime Depredations,,,,,era,The Gilded Age,3,1878,1900,1889.0,1.198105321816662,percent of eligible paragraphs,,3589,eligible paragraphs,0.01198105321816662,0.0022653499988976996,0.029495485974558196,0.0,0.03284797639601413,3589,84,1044,ok,false,true,0.0033524904214559384,sampling+annotator_disagreement,measured_paired_annotators,paragraph_annotations.parquet vs paragraph_annotations__opus4-8.parquet,observed,Complete source-document paragraph corpus; primary AI labels
17,llm:Neutral Rights & Maritime Depredations,Neutral Rights & Maritime Depredations,llm,Exploratory AI paragraph labels,Neutral Rights & Maritime Depredations,,,,,era,Progressives & Depression,4,1901,1932,1916.5,1.2293344637558288,percent of eligible paragraphs,,4718,eligible paragraphs,0.012293344637558287,0.004562780563097497,0.020713258581412434,0.000361099890828589,0.024914939253681344,4718,129,1071,ok,false,true,0.004201680672268908,sampling+annotator_disagreement,measured_paired_annotators,paragraph_annotations.parquet vs paragraph_annotations__opus4-8.parquet,observed,Complete source-document paragraph corpus; primary AI labels
17,llm:Neutral Rights & Maritime Depredations,Neutral Rights & Maritime Depredations,llm,Exploratory AI paragraph labels,Neutral Rights & Maritime Depredations,,,,,era,War & New Deal,5,1933,1945,1939.0,1.2573344509639564,percent of eligible paragraphs,,1193,eligible paragraphs,0.012573344509639563,0.0,0.038729373453987526,0.0,0.05252247690226339,1193,55,290,ok,false,true,0.013793103448275862,sampling+annotator_disagreement,measured_paired_annotators,paragraph_annotations.parquet vs paragraph_annotations__opus4-8.parquet,observed,Complete source-document paragraph corpus; primary AI labels
17,llm:Neutral Rights & Maritime Depredations,Neutral Rights & Maritime Depredations,llm,Exploratory AI paragraph labels,Neutral Rights & Maritime Depredations,,,,,era,The Cold War,6,1946,1988,1967.0,0.010937329104232747,percent of eligible paragraphs,,9143,eligible paragraphs,0.00010937329104232747,0.0,0.00035285109385675386,0.0,0.00035285109385675386,9143,263,1865,ok,false,true,0.0,sampling+annotator_disagreement,measured_paired_annotators,paragraph_annotations.parquet vs paragraph_annotations__opus4-8.parquet,observed,Complete source-document paragraph corpus; primary AI labels
17,llm:Neutral Rights & Maritime Depredations,Neutral Rights & Maritime Depredations,llm,Exploratory AI paragraph labels,Neutral Rights & Maritime Depredations,,,,,era,Post-Cold War,7,1989,2016,2002.5,0.0202020202020202,percent of eligible paragraphs,,4950,eligible paragraphs,0.00020202020202020202,0.0,0.0007359315937891791,0.0,0.0011827591183646929,4950,149,1119,ok,false,true,0.00044682752457551384,sampling+annotator_disagreement,measured_paired_annotators,paragraph_annotations.parquet vs paragraph_annotations__opus4-8.parquet,observed,Complete source-document paragraph corpus; primary AI labels
17,llm:Neutral Rights & Maritime Depredations,Neutral Rights & Maritime Depredations,llm,Exploratory AI paragraph labels,Neutral Rights & Maritime Depredations,,,,,era,The present era,8,2017,2026,2021.5,0.0,percent of eligible paragraphs,,4120,eligible paragraphs,0.0,0.0,0.0,0.0,0.0,4120,82,1064,ok,false,true,0.0,sampling+annotator_disagreement,measured_paired_annotators,paragraph_annotations.parquet vs paragraph_annotations__opus4-8.parquet,observed,Complete source-document paragraph corpus; primary AI labels
18,"llm:Treaties, Diplomacy & International Arbitration","Treaties, Diplomacy & International Arbitration",llm,Exploratory AI paragraph labels,"Treaties, Diplomacy & International Arbitration",,,,,era,The founding,0,1789,1815,1802.0,16.073354908306364,percent of eligible paragraphs,,927,eligible paragraphs,0.16073354908306364,0.1202955784943069,0.19929132789339282,0.11344626342581375,0.20614064296188597,927,73,219,ok,false,true,0.00684931506849315,sampling+annotator_disagreement,measured_paired_annotators,paragraph_annotations.parquet vs paragraph_annotations__opus4-8.parquet,observed,Complete source-document paragraph corpus; primary AI labels
18,"llm:Treaties, Diplomacy & International Arbitration","Treaties, Diplomacy & International Arbitration",llm,Exploratory AI paragraph labels,"Treaties, Diplomacy & International Arbitration",,,,,era,Expansion,1,1816,1849,1832.5,17.15210355987055,percent of eligible paragraphs,,3708,eligible paragraphs,0.1715210355987055,0.13089437401724446,0.2218649935588003,0.10991535303822349,0.24284401453782128,3708,102,1001,ok,false,true,0.020979020979020976,sampling+annotator_disagreement,measured_paired_annotators,paragraph_annotations.parquet vs paragraph_annotations__opus4-8.parquet,observed,Complete source-document paragraph corpus; primary AI labels
18,"llm:Treaties, Diplomacy & International Arbitration","Treaties, Diplomacy & International Arbitration",llm,Exploratory AI paragraph labels,"Treaties, Diplomacy & International Arbitration",,,,,era,Civil War & Reconstruction,2,1850,1877,1863.5,11.955681525380056,percent of eligible paragraphs,,3881,eligible paragraphs,0.11955681525380056,0.09070197152824272,0.146208531197665,0.05725715547473102,0.1796533472511767,3881,120,897,ok,false,true,0.0334448160535117,sampling+annotator_disagreement,measured_paired_annotators,paragraph_annotations.parquet vs paragraph_annotations__opus4-8.parquet,observed,Complete source-document paragraph corpus; primary AI labels
18,"llm:Treaties, Diplomacy & International Arbitration","Treaties, Diplomacy & International Arbitration",llm,Exploratory AI paragraph labels,"Treaties, Diplomacy & International Arbitration",,,,,era,The Gilded Age,3,1878,1900,1889.0,18.30593480078016,percent of eligible paragraphs,,3589,eligible paragraphs,0.1830593480078016,0.148290446372922,0.2214354706578166,0.11428661495529746,0.25543930207544113,3589,84,1044,ok,false,true,0.03400383141762453,sampling+annotator_disagreement,measured_paired_annotators,paragraph_annotations.parquet vs paragraph_annotations__opus4-8.parquet,observed,Complete source-document paragraph corpus; primary AI labels
18,"llm:Treaties, Diplomacy & International Arbitration","Treaties, Diplomacy & International Arbitration",llm,Exploratory AI paragraph labels,"Treaties, Diplomacy & International Arbitration",,,,,era,Progressives & Depression,4,1901,1932,1916.5,12.060194997880458,percent of eligible paragraphs,,4718,eligible paragraphs,0.12060194997880458,0.09717439571027607,0.1475104357351041,0.09063844799785777,0.15404638344752242,4718,129,1071,ok,false,true,0.006535947712418305,sampling+annotator_disagreement,measured_paired_annotators,paragraph_annotations.parquet vs paragraph_annotations__opus4-8.parquet,observed,Complete source-document paragraph corpus; primary AI labels
18,"llm:Treaties, Diplomacy & International Arbitration","Treaties, Diplomacy & International Arbitration",llm,Exploratory AI paragraph labels,"Treaties, Diplomacy & International Arbitration",,,,,era,War & New Deal,5,1933,1945,1939.0,9.97485331098072,percent of eligible paragraphs,,1193,eligible paragraphs,0.0997485331098072,0.04264478888638776,0.16869325598926255,0.03919651302431879,0.17214153185133152,1193,55,290,ok,false,true,0.0034482758620689655,sampling+annotator_disagreement,measured_paired_annotators,paragraph_annotations.parquet vs paragraph_annotations__opus4-8.parquet,observed,Complete source-document paragraph corpus; primary AI labels
18,"llm:Treaties, Diplomacy & International Arbitration","Treaties, Diplomacy & International Arbitration",llm,Exploratory AI paragraph labels,"Treaties, Diplomacy & International Arbitration",,,,,era,The Cold War,6,1946,1988,1967.0,6.540522804331182,percent of eligible paragraphs,,9143,eligible paragraphs,0.06540522804331182,0.05475490274169385,0.07841724853079458,0.05100155153525954,0.0821705997372289,9143,263,1865,ok,false,true,0.003753351206434316,sampling+annotator_disagreement,measured_paired_annotators,paragraph_annotations.parquet vs paragraph_annotations__opus4-8.parquet,observed,Complete source-document paragraph corpus; primary AI labels
18,"llm:Treaties, Diplomacy & International Arbitration","Treaties, Diplomacy & International Arbitration",llm,Exploratory AI paragraph labels,"Treaties, Diplomacy & International Arbitration",,,,,era,Post-Cold War,7,1989,2016,2002.5,4.686868686868687,percent of eligible paragraphs,,4950,eligible paragraphs,0.04686868686868687,0.023188653517147603,0.08013255564750978,0.0062092075832780765,0.09711200158137931,4950,149,1119,ok,false,true,0.016979445933869526,sampling+annotator_disagreement,measured_paired_annotators,paragraph_annotations.parquet vs paragraph_annotations__opus4-8.parquet,observed,Complete source-document paragraph corpus; primary AI labels
18,"llm:Treaties, Diplomacy & International Arbitration","Treaties, Diplomacy & International Arbitration",llm,Exploratory AI paragraph labels,"Treaties, Diplomacy & International Arbitration",,,,,era,The present era,8,2017,2026,2021.5,2.7912621359223304,percent of eligible paragraphs,,4120,eligible paragraphs,0.027912621359223302,0.02112506679800117,0.036000124564628734,0.007967172061159065,0.04915801930147084,4120,82,1064,ok,false,true,0.013157894736842105,sampling+annotator_disagreement,measured_paired_annotators,paragraph_annotations.parquet vs paragraph_annotations__opus4-8.parquet,observed,Complete source-document paragraph corpus; primary AI labels
19,"llm:Relations with Spain, Mexico & Territorial Claims","Relations with Spain, Mexico & Territorial Claims",llm,Exploratory AI paragraph labels,"Relations with Spain, Mexico & Territorial Claims",,,,,era,The founding,0,1789,1815,1802.0,4.53074433656958,percent of eligible paragraphs,,927,eligible paragraphs,0.045307443365695796,0.02454479595107099,0.07470214819883668,0.01312927083691574,0.08611767331299193,927,73,219,ok,false,true,0.01141552511415525,sampling+annotator_disagreement,measured_paired_annotators,paragraph_annotations.parquet vs paragraph_annotations__opus4-8.parquet,observed,Complete source-document paragraph corpus; primary AI labels
19,"llm:Relations with Spain, Mexico & Territorial Claims","Relations with Spain, Mexico & Territorial Claims",llm,Exploratory AI paragraph labels,"Relations with Spain, Mexico & Territorial Claims",,,,,era,Expansion,1,1816,1849,1832.5,9.519956850053937,percent of eligible paragraphs,,3708,eligible paragraphs,0.09519956850053937,0.06037346097031392,0.13342013384748452,0.05937445997131292,0.13441913484648552,3708,102,1001,ok,false,true,0.0009990009990009999,sampling+annotator_disagreement,measured_paired_annotators,paragraph_annotations.parquet vs paragraph_annotations__opus4-8.parquet,observed,Complete source-document paragraph corpus; primary AI labels
19,"llm:Relations with Spain, Mexico & Territorial Claims","Relations with Spain, Mexico & Territorial Claims",llm,Exploratory AI paragraph labels,"Relations with Spain, Mexico & Territorial Claims",,,,,era,Civil War & Reconstruction,2,1850,1877,1863.5,5.668642102550889,percent of eligible paragraphs,,3881,eligible paragraphs,0.05668642102550889,0.03733377478347031,0.07547406774868398,0.036776361182578446,0.07603148134957585,3881,120,897,ok,false,true,0.0005574136008918637,sampling+annotator_disagreement,measured_paired_annotators,paragraph_annotations.parquet vs paragraph_annotations__opus4-8.parquet,observed,Complete source-document paragraph corpus; primary AI labels
19,"llm:Relations with Spain, Mexico & Territorial Claims","Relations with Spain, Mexico & Territorial Claims",llm,Exploratory AI paragraph labels,"Relations with Spain, Mexico & Territorial Claims",,,,,era,The Gilded Age,3,1878,1900,1889.0,4.458066313736417,percent of eligible paragraphs,,3589,eligible paragraphs,0.04458066313736417,0.025081475808917272,0.06767675887089149,0.0064033148893770445,0.08635491979043172,3589,84,1044,ok,false,true,0.018678160919540228,sampling+annotator_disagreement,measured_paired_annotators,paragraph_annotations.parquet vs paragraph_annotations__opus4-8.parquet,observed,Complete source-document paragraph corpus; primary AI labels
19,"llm:Relations with Spain, Mexico & Territorial Claims","Relations with Spain, Mexico & Territorial Claims",llm,Exploratory AI paragraph labels,"Relations with Spain, Mexico & Territorial Claims",,,,,era,Progressives & Depression,4,1901,1932,1916.5,1.1445527766002543,percent of eligible paragraphs,,4718,eligible paragraphs,0.011445527766002543,0.005185638862642341,0.019743185651112428,0.005185638862642341,0.019743185651112428,4718,129,1071,ok,false,true,0.0,sampling+annotator_disagreement,measured_paired_annotators,paragraph_annotations.parquet vs paragraph_annotations__opus4-8.parquet,observed,Complete source-document paragraph corpus; primary AI labels
19,"llm:Relations with Spain, Mexico & Territorial Claims","Relations with Spain, Mexico & Territorial Claims",llm,Exploratory AI paragraph labels,"Relations with Spain, Mexico & Territorial Claims",,,,,era,War & New Deal,5,1933,1945,1939.0,0.0,percent of eligible paragraphs,,1193,eligible paragraphs,0.0,0.0,0.0,0.0,0.0,1193,55,290,ok,false,true,0.0,sampling+annotator_disagreement,measured_paired_annotators,paragraph_annotations.parquet vs paragraph_annotations__opus4-8.parquet,observed,Complete source-document paragraph corpus; primary AI labels
19,"llm:Relations with Spain, Mexico & Territorial Claims","Relations with Spain, Mexico & Territorial Claims",llm,Exploratory AI paragraph labels,"Relations with Spain, Mexico & Territorial Claims",,,,,era,The Cold War,6,1946,1988,1967.0,0.010937329104232747,percent of eligible paragraphs,,9143,eligible paragraphs,0.00010937329104232747,0.0,0.00034532665236112223,0.0,0.0006134231671064306,9143,263,1865,ok,false,true,0.00026809651474530834,sampling+annotator_disagreement,measured_paired_annotators,paragraph_annotations.parquet vs paragraph_annotations__opus4-8.parquet,observed,Complete source-document paragraph corpus; primary AI labels
19,"llm:Relations with Spain, Mexico & Territorial Claims","Relations with Spain, Mexico & Territorial Claims",llm,Exploratory AI paragraph labels,"Relations with Spain, Mexico & Territorial Claims",,,,,era,Post-Cold War,7,1989,2016,2002.5,0.0202020202020202,percent of eligible paragraphs,,4950,eligible paragraphs,0.00020202020202020202,0.0,0.0006743317150326921,0.0,0.0006743317150326921,4950,149,1119,ok,false,true,0.0,sampling+annotator_disagreement,measured_paired_annotators,paragraph_annotations.parquet vs paragraph_annotations__opus4-8.parquet,observed,Complete source-document paragraph corpus; primary AI labels
19,"llm:Relations with Spain, Mexico & Territorial Claims","Relations with Spain, Mexico & Territorial Claims",llm,Exploratory AI paragraph labels,"Relations with Spain, Mexico & Territorial Claims",,,,,era,The present era,8,2017,2026,2021.5,0.024271844660194174,percent of eligible paragraphs,,4120,eligible paragraphs,0.00024271844660194174,0.0,0.0007885533232787774,0.0,0.0007885533232787774,4120,82,1064,ok,false,true,0.0,sampling+annotator_disagreement,measured_paired_annotators,paragraph_annotations.parquet vs paragraph_annotations__opus4-8.parquet,observed,Complete source-document paragraph corpus; primary AI labels
20,llm:Monroe Doctrine & Latin American Policy,Monroe Doctrine & Latin American Policy,llm,Exploratory AI paragraph labels,Monroe Doctrine & Latin American Policy,,,,,era,The founding,0,1789,1815,1802.0,0.2157497303128371,percent of eligible paragraphs,,927,eligible paragraphs,0.002157497303128371,0.0,0.005284091305591804,0.0,0.007567196328422854,927,73,219,ok,false,true,0.00228310502283105,sampling+annotator_disagreement,measured_paired_annotators,paragraph_annotations.parquet vs paragraph_annotations__opus4-8.parquet,observed,Complete source-document paragraph corpus; primary AI labels
20,llm:Monroe Doctrine & Latin American Policy,Monroe Doctrine & Latin American Policy,llm,Exploratory AI paragraph labels,Monroe Doctrine & Latin American Policy,,,,,era,Expansion,1,1816,1849,1832.5,4.47680690399137,percent of eligible paragraphs,,3708,eligible paragraphs,0.0447680690399137,0.03322989804934067,0.0571412053242048,0.030732395551838175,0.0596387078217073,3708,102,1001,ok,false,true,0.002497502497502496,sampling+annotator_disagreement,measured_paired_annotators,paragraph_annotations.parquet vs paragraph_annotations__opus4-8.parquet,observed,Complete source-document paragraph corpus; primary AI labels
20,llm:Monroe Doctrine & Latin American Policy,Monroe Doctrine & Latin American Policy,llm,Exploratory AI paragraph labels,Monroe Doctrine & Latin American Policy,,,,,era,Civil War & Reconstruction,2,1850,1877,1863.5,7.214635403246586,percent of eligible paragraphs,,3881,eligible paragraphs,0.07214635403246586,0.04906389071000291,0.09786279029331138,0.047391649907327325,0.09953503109598696,3881,120,897,ok,false,true,0.0016722408026755842,sampling+annotator_disagreement,measured_paired_annotators,paragraph_annotations.parquet vs paragraph_annotations__opus4-8.parquet,observed,Complete source-document paragraph corpus; primary AI labels
20,llm:Monroe Doctrine & Latin American Policy,Monroe Doctrine & Latin American Policy,llm,Exploratory AI paragraph labels,Monroe Doctrine & Latin American Policy,,,,,era,The Gilded Age,3,1878,1900,1889.0,6.687099470604625,percent of eligible paragraphs,,3589,eligible paragraphs,0.06687099470604625,0.05161747295366401,0.08832118800625266,0.037728584064775125,0.10221007689514156,3589,84,1044,ok,false,true,0.013888888888888888,sampling+annotator_disagreement,measured_paired_annotators,paragraph_annotations.parquet vs paragraph_annotations__opus4-8.parquet,observed,Complete source-document paragraph corpus; primary AI labels
20,llm:Monroe Doctrine & Latin American Policy,Monroe Doctrine & Latin American Policy,llm,Exploratory AI paragraph labels,Monroe Doctrine & Latin American Policy,,,,,era,Progressives & Depression,4,1901,1932,1916.5,6.612971598134802,percent of eligible paragraphs,,4718,eligible paragraphs,0.06612971598134802,0.04149957947855341,0.09562922983648586,0.03869845903037414,0.09843035028466514,4718,129,1071,ok,false,true,0.002801120448179272,sampling+annotator_disagreement,measured_paired_annotators,paragraph_annotations.parquet vs paragraph_annotations__opus4-8.parquet,observed,Complete source-document paragraph corpus; primary AI labels
20,llm:Monroe Doctrine & Latin American Policy,Monroe Doctrine & Latin American Policy,llm,Exploratory AI paragraph labels,Monroe Doctrine & Latin American Policy,,,,,era,War & New Deal,5,1933,1945,1939.0,3.0176026823134956,percent of eligible paragraphs,,1193,eligible paragraphs,0.030176026823134954,0.011045374121749834,0.0539057225686033,0.004148822397611903,0.06080227429274123,1193,55,290,ok,false,true,0.006896551724137931,sampling+annotator_disagreement,measured_paired_annotators,paragraph_annotations.parquet vs paragraph_annotations__opus4-8.parquet,observed,Complete source-document paragraph corpus; primary AI labels
20,llm:Monroe Doctrine & Latin American Policy,Monroe Doctrine & Latin American Policy,llm,Exploratory AI paragraph labels,Monroe Doctrine & Latin American Policy,,,,,era,The Cold War,6,1946,1988,1967.0,4.429618287214263,percent of eligible paragraphs,,9143,eligible paragraphs,0.044296182872142625,0.030722213287518597,0.05800358995178306,0.027773151625320208,0.06095265161398145,9143,263,1865,ok,false,true,0.0029490616621983892,sampling+annotator_disagreement,measured_paired_annotators,paragraph_annotations.parquet vs paragraph_annotations__opus4-8.parquet,observed,Complete source-document paragraph corpus; primary AI labels
20,llm:Monroe Doctrine & Latin American Policy,Monroe Doctrine & Latin American Policy,llm,Exploratory AI paragraph labels,Monroe Doctrine & Latin American Policy,,,,,era,Post-Cold War,7,1989,2016,2002.5,1.2727272727272727,percent of eligible paragraphs,,4950,eligible paragraphs,0.012727272727272728,0.00655275620157778,0.02175167932975018,0.004765446103275725,0.023538989428052236,4950,149,1119,ok,false,true,0.0017873100983020552,sampling+annotator_disagreement,measured_paired_annotators,paragraph_annotations.parquet vs paragraph_annotations__opus4-8.parquet,observed,Complete source-document paragraph corpus; primary AI labels
20,llm:Monroe Doctrine & Latin American Policy,Monroe Doctrine & Latin American Policy,llm,Exploratory AI paragraph labels,Monroe Doctrine & Latin American Policy,,,,,era,The present era,8,2017,2026,2021.5,1.5533980582524272,percent of eligible paragraphs,,4120,eligible paragraphs,0.015533980582524271,0.0071555007490335665,0.02712584609703825,0.004805876688883191,0.029475470157188627,4120,82,1064,ok,false,true,0.002349624060150376,sampling+annotator_disagreement,measured_paired_annotators,paragraph_annotations.parquet vs paragraph_annotations__opus4-8.parquet,observed,Complete source-document paragraph corpus; primary AI labels
21,llm:Cold War & Great-Power Rivalry,Cold War & Great-Power Rivalry,llm,Exploratory AI paragraph labels,Cold War & Great-Power Rivalry,,,,,era,The founding,0,1789,1815,1802.0,0.0,percent of eligible paragraphs,,927,eligible paragraphs,0.0,0.0,0.0,0.0,0.0,927,73,219,ok,false,true,0.0,sampling+annotator_disagreement,measured_paired_annotators,paragraph_annotations.parquet vs paragraph_annotations__opus4-8.parquet,observed,Complete source-document paragraph corpus; primary AI labels
21,llm:Cold War & Great-Power Rivalry,Cold War & Great-Power Rivalry,llm,Exploratory AI paragraph labels,Cold War & Great-Power Rivalry,,,,,era,Expansion,1,1816,1849,1832.5,0.026968716289104636,percent of eligible paragraphs,,3708,eligible paragraphs,0.00026968716289104636,0.0,0.0008678427625171117,0.0,0.0008678427625171117,3708,102,1001,ok,false,true,0.0,sampling+annotator_disagreement,measured_paired_annotators,paragraph_annotations.parquet vs paragraph_annotations__opus4-8.parquet,observed,Complete source-document paragraph corpus; primary AI labels
21,llm:Cold War & Great-Power Rivalry,Cold War & Great-Power Rivalry,llm,Exploratory AI paragraph labels,Cold War & Great-Power Rivalry,,,,,era,Civil War & Reconstruction,2,1850,1877,1863.5,0.0,percent of eligible paragraphs,,3881,eligible paragraphs,0.0,0.0,0.0,0.0,0.0,3881,120,897,ok,false,true,0.0,sampling+annotator_disagreement,measured_paired_annotators,paragraph_annotations.parquet vs paragraph_annotations__opus4-8.parquet,observed,Complete source-document paragraph corpus; primary AI labels
21,llm:Cold War & Great-Power Rivalry,Cold War & Great-Power Rivalry,llm,Exploratory AI paragraph labels,Cold War & Great-Power Rivalry,,,,,era,The Gilded Age,3,1878,1900,1889.0,0.0,percent of eligible paragraphs,,3589,eligible paragraphs,0.0,0.0,0.0,0.0,0.0,3589,84,1044,ok,false,true,0.0,sampling+annotator_disagreement,measured_paired_annotators,paragraph_annotations.parquet vs paragraph_annotations__opus4-8.parquet,observed,Complete source-document paragraph corpus; primary AI labels
21,llm:Cold War & Great-Power Rivalry,Cold War & Great-Power Rivalry,llm,Exploratory AI paragraph labels,Cold War & Great-Power Rivalry,,,,,era,Progressives & Depression,4,1901,1932,1916.5,0.3391267486222976,percent of eligible paragraphs,,4718,eligible paragraphs,0.003391267486222976,0.0014884688376298884,0.005506765436777321,8.79086135402525e-05,0.006907325660866957,4718,129,1071,ok,false,true,0.0014005602240896359,sampling+annotator_disagreement,measured_paired_annotators,paragraph_annotations.parquet vs paragraph_annotations__opus4-8.parquet,observed,Complete source-document paragraph corpus; primary AI labels
21,llm:Cold War & Great-Power Rivalry,Cold War & Great-Power Rivalry,llm,Exploratory AI paragraph labels,Cold War & Great-Power Rivalry,,,,,era,War & New Deal,5,1933,1945,1939.0,1.5088013411567478,percent of eligible paragraphs,,1193,eligible paragraphs,0.015088013411567477,0.006384251101040729,0.02465325440610135,0.0,0.03154980613023928,1193,55,290,ok,false,true,0.006896551724137931,sampling+annotator_disagreement,measured_paired_annotators,paragraph_annotations.parquet vs paragraph_annotations__opus4-8.parquet,observed,Complete source-document paragraph corpus; primary AI labels
21,llm:Cold War & Great-Power Rivalry,Cold War & Great-Power Rivalry,llm,Exploratory AI paragraph labels,Cold War & Great-Power Rivalry,,,,,era,The Cold War,6,1946,1988,1967.0,17.991906376462868,percent of eligible paragraphs,,9143,eligible paragraphs,0.17991906376462868,0.15723541849393655,0.2056671931664515,0.15080110214004916,0.2121015095203389,9143,263,1865,ok,false,true,0.006434316353887401,sampling+annotator_disagreement,measured_paired_annotators,paragraph_annotations.parquet vs paragraph_annotations__opus4-8.parquet,observed,Complete source-document paragraph corpus; primary AI labels
21,llm:Cold War & Great-Power Rivalry,Cold War & Great-Power Rivalry,llm,Exploratory AI paragraph labels,Cold War & Great-Power Rivalry,,,,,era,Post-Cold War,7,1989,2016,2002.5,5.191919191919192,percent of eligible paragraphs,,4950,eligible paragraphs,0.05191919191919192,0.04012223141603641,0.06583805192503149,0.02403644053131791,0.08192384280974999,4950,149,1119,ok,false,true,0.0160857908847185,sampling+annotator_disagreement,measured_paired_annotators,paragraph_annotations.parquet vs paragraph_annotations__opus4-8.parquet,observed,Complete source-document paragraph corpus; primary AI labels
21,llm:Cold War & Great-Power Rivalry,Cold War & Great-Power Rivalry,llm,Exploratory AI paragraph labels,Cold War & Great-Power Rivalry,,,,,era,The present era,8,2017,2026,2021.5,9.563106796116505,percent of eligible paragraphs,,4120,eligible paragraphs,0.09563106796116505,0.06762994639305991,0.13392354356249395,0.05541190128027796,0.1461415886752759,4120,82,1064,ok,false,true,0.012218045112781954,sampling+annotator_disagreement,measured_paired_annotators,paragraph_annotations.parquet vs paragraph_annotations__opus4-8.parquet,observed,Complete source-document paragraph corpus; primary AI labels
22,llm:Nuclear Weapons & Arms Control,Nuclear Weapons & Arms Control,llm,Exploratory AI paragraph labels,Nuclear Weapons & Arms Control,,,,,era,The founding,0,1789,1815,1802.0,0.0,percent of eligible paragraphs,,927,eligible paragraphs,0.0,0.0,0.0,0.0,0.0,927,73,219,ok,false,true,0.0,sampling+annotator_disagreement,measured_paired_annotators,paragraph_annotations.parquet vs paragraph_annotations__opus4-8.parquet,observed,Complete source-document paragraph corpus; primary AI labels
22,llm:Nuclear Weapons & Arms Control,Nuclear Weapons & Arms Control,llm,Exploratory AI paragraph labels,Nuclear Weapons & Arms Control,,,,,era,Expansion,1,1816,1849,1832.5,0.0,percent of eligible paragraphs,,3708,eligible paragraphs,0.0,0.0,0.0,0.0,0.0,3708,102,1001,ok,false,true,0.0,sampling+annotator_disagreement,measured_paired_annotators,paragraph_annotations.parquet vs paragraph_annotations__opus4-8.parquet,observed,Complete source-document paragraph corpus; primary AI labels
22,llm:Nuclear Weapons & Arms Control,Nuclear Weapons & Arms Control,llm,Exploratory AI paragraph labels,Nuclear Weapons & Arms Control,,,,,era,Civil War & Reconstruction,2,1850,1877,1863.5,0.0,percent of eligible paragraphs,,3881,eligible paragraphs,0.0,0.0,0.0,0.0,0.0,3881,120,897,ok,false,true,0.0,sampling+annotator_disagreement,measured_paired_annotators,paragraph_annotations.parquet vs paragraph_annotations__opus4-8.parquet,observed,Complete source-document paragraph corpus; primary AI labels
22,llm:Nuclear Weapons & Arms Control,Nuclear Weapons & Arms Control,llm,Exploratory AI paragraph labels,Nuclear Weapons & Arms Control,,,,,era,The Gilded Age,3,1878,1900,1889.0,0.0,percent of eligible paragraphs,,3589,eligible paragraphs,0.0,0.0,0.0,0.0,0.0,3589,84,1044,ok,false,true,0.0,sampling+annotator_disagreement,measured_paired_annotators,paragraph_annotations.parquet vs paragraph_annotations__opus4-8.parquet,observed,Complete source-document paragraph corpus; primary AI labels
22,llm:Nuclear Weapons & Arms Control,Nuclear Weapons & Arms Control,llm,Exploratory AI paragraph labels,Nuclear Weapons & Arms Control,,,,,era,Progressives & Depression,4,1901,1932,1916.5,0.19075879610004237,percent of eligible paragraphs,,4718,eligible paragraphs,0.0019075879610004239,0.0003774268028416777,0.004099775337518633,0.0,0.005500335561608269,4718,129,1071,ok,false,true,0.0014005602240896359,sampling+annotator_disagreement,measured_paired_annotators,paragraph_annotations.parquet vs paragraph_annotations__opus4-8.parquet,observed,Complete source-document paragraph corpus; primary AI labels
22,llm:Nuclear Weapons & Arms Control,Nuclear Weapons & Arms Control,llm,Exploratory AI paragraph labels,Nuclear Weapons & Arms Control,,,,,era,War & New Deal,5,1933,1945,1939.0,2.095557418273261,percent of eligible paragraphs,,1193,eligible paragraphs,0.020955574182732608,0.0011641338005215125,0.043342711050764766,0.0011641338005215125,0.043342711050764766,1193,55,290,ok,false,true,0.0,sampling+annotator_disagreement,measured_paired_annotators,paragraph_annotations.parquet vs paragraph_annotations__opus4-8.parquet,observed,Complete source-document paragraph corpus; primary AI labels
22,llm:Nuclear Weapons & Arms Control,Nuclear Weapons & Arms Control,llm,Exploratory AI paragraph labels,Nuclear Weapons & Arms Control,,,,,era,The Cold War,6,1946,1988,1967.0,7.481133107295198,percent of eligible paragraphs,,9143,eligible paragraphs,0.07481133107295199,0.06239561006975566,0.08910217663237922,0.05676558326010418,0.0947322034420307,9143,263,1865,ok,false,true,0.005630026809651474,sampling+annotator_disagreement,measured_paired_annotators,paragraph_annotations.parquet vs paragraph_annotations__opus4-8.parquet,observed,Complete source-document paragraph corpus; primary AI labels
22,llm:Nuclear Weapons & Arms Control,Nuclear Weapons & Arms Control,llm,Exploratory AI paragraph labels,Nuclear Weapons & Arms Control,,,,,era,Post-Cold War,7,1989,2016,2002.5,2.868686868686869,percent of eligible paragraphs,,4950,eligible paragraphs,0.028686868686868688,0.0206928455878437,0.03623028511775736,0.014884087768362017,0.04203904293723904,4950,149,1119,ok,false,true,0.005808757819481682,sampling+annotator_disagreement,measured_paired_annotators,paragraph_annotations.parquet vs paragraph_annotations__opus4-8.parquet,observed,Complete source-document paragraph corpus; primary AI labels
22,llm:Nuclear Weapons & Arms Control,Nuclear Weapons & Arms Control,llm,Exploratory AI paragraph labels,Nuclear Weapons & Arms Control,,,,,era,The present era,8,2017,2026,2021.5,1.650485436893204,percent of eligible paragraphs,,4120,eligible paragraphs,0.01650485436893204,0.010278555497070154,0.024257769557883804,0.006049232188799478,0.02848709286615448,4120,82,1064,ok,false,true,0.0042293233082706765,sampling+annotator_disagreement,measured_paired_annotators,paragraph_annotations.parquet vs paragraph_annotations__opus4-8.parquet,observed,Complete source-document paragraph corpus; primary AI labels
23,llm:Middle East & Israel,Middle East & Israel,llm,Exploratory AI paragraph labels,Middle East & Israel,,,,,era,The founding,0,1789,1815,1802.0,0.0,percent of eligible paragraphs,,927,eligible paragraphs,0.0,0.0,0.0,0.0,0.0,927,73,219,ok,false,true,0.0,sampling+annotator_disagreement,measured_paired_annotators,paragraph_annotations.parquet vs paragraph_annotations__opus4-8.parquet,observed,Complete source-document paragraph corpus; primary AI labels
23,llm:Middle East & Israel,Middle East & Israel,llm,Exploratory AI paragraph labels,Middle East & Israel,,,,,era,Expansion,1,1816,1849,1832.5,0.0,percent of eligible paragraphs,,3708,eligible paragraphs,0.0,0.0,0.0,0.0,0.0,3708,102,1001,ok,false,true,0.0,sampling+annotator_disagreement,measured_paired_annotators,paragraph_annotations.parquet vs paragraph_annotations__opus4-8.parquet,observed,Complete source-document paragraph corpus; primary AI labels
23,llm:Middle East & Israel,Middle East & Israel,llm,Exploratory AI paragraph labels,Middle East & Israel,,,,,era,Civil War & Reconstruction,2,1850,1877,1863.5,0.0,percent of eligible paragraphs,,3881,eligible paragraphs,0.0,0.0,0.0,0.0,0.0,3881,120,897,ok,false,true,0.0,sampling+annotator_disagreement,measured_paired_annotators,paragraph_annotations.parquet vs paragraph_annotations__opus4-8.parquet,observed,Complete source-document paragraph corpus; primary AI labels
23,llm:Middle East & Israel,Middle East & Israel,llm,Exploratory AI paragraph labels,Middle East & Israel,,,,,era,The Gilded Age,3,1878,1900,1889.0,0.02786291446085261,percent of eligible paragraphs,,3589,eligible paragraphs,0.00027862914460852607,0.0,0.0009439134889379816,0.0,0.0009439134889379816,3589,84,1044,ok,false,true,0.0,sampling+annotator_disagreement,measured_paired_annotators,paragraph_annotations.parquet vs paragraph_annotations__opus4-8.parquet,observed,Complete source-document paragraph corpus; primary AI labels
23,llm:Middle East & Israel,Middle East & Israel,llm,Exploratory AI paragraph labels,Middle East & Israel,,,,,era,Progressives & Depression,4,1901,1932,1916.5,0.0,percent of eligible paragraphs,,4718,eligible paragraphs,0.0,0.0,0.0,0.0,0.00046685340802987864,4718,129,1071,ok,false,true,0.00046685340802987864,sampling+annotator_disagreement,measured_paired_annotators,paragraph_annotations.parquet vs paragraph_annotations__opus4-8.parquet,observed,Complete source-document paragraph corpus; primary AI labels
23,llm:Middle East & Israel,Middle East & Israel,llm,Exploratory AI paragraph labels,Middle East & Israel,,,,,era,War & New Deal,5,1933,1945,1939.0,0.08382229673093043,percent of eligible paragraphs,,1193,eligible paragraphs,0.0008382229673093043,0.0,0.0025719655770474453,0.0,0.0025719655770474453,1193,55,290,ok,false,true,0.0,sampling+annotator_disagreement,measured_paired_annotators,paragraph_annotations.parquet vs paragraph_annotations__opus4-8.parquet,observed,Complete source-document paragraph corpus; primary AI labels
23,llm:Middle East & Israel,Middle East & Israel,llm,Exploratory AI paragraph labels,Middle East & Israel,,,,,era,The Cold War,6,1946,1988,1967.0,2.9202668708301434,percent of eligible paragraphs,,9143,eligible paragraphs,0.029202668708301432,0.01815479965050396,0.044689432425333,0.01761860662101334,0.045225625454823615,9143,263,1865,ok,false,true,0.0005361930294906191,sampling+annotator_disagreement,measured_paired_annotators,paragraph_annotations.parquet vs paragraph_annotations__opus4-8.parquet,observed,Complete source-document paragraph corpus; primary AI labels
23,llm:Middle East & Israel,Middle East & Israel,llm,Exploratory AI paragraph labels,Middle East & Israel,,,,,era,Post-Cold War,7,1989,2016,2002.5,4.202020202020202,percent of eligible paragraphs,,4950,eligible paragraphs,0.04202020202020202,0.02501656650501898,0.06015226745443528,0.02278242888214141,0.062386405077312856,4950,149,1119,ok,false,true,0.0022341376228775696,sampling+annotator_disagreement,measured_paired_annotators,paragraph_annotations.parquet vs paragraph_annotations__opus4-8.parquet,observed,Complete source-document paragraph corpus; primary AI labels
23,llm:Middle East & Israel,Middle East & Israel,llm,Exploratory AI paragraph labels,Middle East & Israel,,,,,era,The present era,8,2017,2026,2021.5,3.4708737864077666,percent of eligible paragraphs,,4120,eligible paragraphs,0.03470873786407767,0.021601911717119164,0.05174359827976971,0.01925228765696879,0.05409322233992009,4120,82,1064,ok,false,true,0.002349624060150376,sampling+annotator_disagreement,measured_paired_annotators,paragraph_annotations.parquet vs paragraph_annotations__opus4-8.parquet,observed,Complete source-document paragraph corpus; primary AI labels
24,"llm:World Order, Foreign Aid & Democracy Promotion","World Order, Foreign Aid & Democracy Promotion",llm,Exploratory AI paragraph labels,"World Order, Foreign Aid & Democracy Promotion",,,,,era,The founding,0,1789,1815,1802.0,0.0,percent of eligible paragraphs,,927,eligible paragraphs,0.0,0.0,0.0,0.0,0.0,927,73,219,ok,false,true,0.0,sampling+annotator_disagreement,measured_paired_annotators,paragraph_annotations.parquet vs paragraph_annotations__opus4-8.parquet,observed,Complete source-document paragraph corpus; primary AI labels
24,"llm:World Order, Foreign Aid & Democracy Promotion","World Order, Foreign Aid & Democracy Promotion",llm,Exploratory AI paragraph labels,"World Order, Foreign Aid & Democracy Promotion",,,,,era,Expansion,1,1816,1849,1832.5,0.0,percent of eligible paragraphs,,3708,eligible paragraphs,0.0,0.0,0.0,0.0,0.0004995004995004995,3708,102,1001,ok,false,true,0.0004995004995004995,sampling+annotator_disagreement,measured_paired_annotators,paragraph_annotations.parquet vs paragraph_annotations__opus4-8.parquet,observed,Complete source-document paragraph corpus; primary AI labels
24,"llm:World Order, Foreign Aid & Democracy Promotion","World Order, Foreign Aid & Democracy Promotion",llm,Exploratory AI paragraph labels,"World Order, Foreign Aid & Democracy Promotion",,,,,era,Civil War & Reconstruction,2,1850,1877,1863.5,0.0,percent of eligible paragraphs,,3881,eligible paragraphs,0.0,0.0,0.0,0.0,0.0005574136008918618,3881,120,897,ok,false,true,0.0005574136008918618,sampling+annotator_disagreement,measured_paired_annotators,paragraph_annotations.parquet vs paragraph_annotations__opus4-8.parquet,observed,Complete source-document paragraph corpus; primary AI labels
24,"llm:World Order, Foreign Aid & Democracy Promotion","World Order, Foreign Aid & Democracy Promotion",llm,Exploratory AI paragraph labels,"World Order, Foreign Aid & Democracy Promotion",,,,,era,The Gilded Age,3,1878,1900,1889.0,0.02786291446085261,percent of eligible paragraphs,,3589,eligible paragraphs,0.00027862914460852607,0.0,0.0009648486946401911,0.0,0.0009648486946401911,3589,84,1044,ok,false,true,0.0,sampling+annotator_disagreement,measured_paired_annotators,paragraph_annotations.parquet vs paragraph_annotations__opus4-8.parquet,observed,Complete source-document paragraph corpus; primary AI labels
24,"llm:World Order, Foreign Aid & Democracy Promotion","World Order, Foreign Aid & Democracy Promotion",llm,Exploratory AI paragraph labels,"World Order, Foreign Aid & Democracy Promotion",,,,,era,Progressives & Depression,4,1901,1932,1916.5,1.483679525222552,percent of eligible paragraphs,,4718,eligible paragraphs,0.01483679525222552,0.00826560472166358,0.022971688989783124,0.00032909678515564457,0.03090819692629106,4718,129,1071,ok,false,true,0.007936507936507936,sampling+annotator_disagreement,measured_paired_annotators,paragraph_annotations.parquet vs paragraph_annotations__opus4-8.parquet,observed,Complete source-document paragraph corpus; primary AI labels
24,"llm:World Order, Foreign Aid & Democracy Promotion","World Order, Foreign Aid & Democracy Promotion",llm,Exploratory AI paragraph labels,"World Order, Foreign Aid & Democracy Promotion",,,,,era,War & New Deal,5,1933,1945,1939.0,6.957250628667226,percent of eligible paragraphs,,1193,eligible paragraphs,0.06957250628667226,0.03872559563796331,0.1039308937465412,0.0,0.16944813512585155,1193,55,290,ok,false,true,0.06551724137931035,sampling+annotator_disagreement,measured_paired_annotators,paragraph_annotations.parquet vs paragraph_annotations__opus4-8.parquet,observed,Complete source-document paragraph corpus; primary AI labels
24,"llm:World Order, Foreign Aid & Democracy Promotion","World Order, Foreign Aid & Democracy Promotion",llm,Exploratory AI paragraph labels,"World Order, Foreign Aid & Democracy Promotion",,,,,era,The Cold War,6,1946,1988,1967.0,8.137372853549163,percent of eligible paragraphs,,9143,eligible paragraphs,0.08137372853549163,0.06778922333818886,0.09548905920085504,0.045001019584837654,0.11827726295420625,9143,263,1865,ok,false,true,0.022788203753351208,sampling+annotator_disagreement,measured_paired_annotators,paragraph_annotations.parquet vs paragraph_annotations__opus4-8.parquet,observed,Complete source-document paragraph corpus; primary AI labels
24,"llm:World Order, Foreign Aid & Democracy Promotion","World Order, Foreign Aid & Democracy Promotion",llm,Exploratory AI paragraph labels,"World Order, Foreign Aid & Democracy Promotion",,,,,era,Post-Cold War,7,1989,2016,2002.5,9.373737373737374,percent of eligible paragraphs,,4950,eligible paragraphs,0.09373737373737374,0.07181733548379164,0.11751599841334259,0.058859337271101736,0.13047399662603248,4950,149,1119,ok,false,true,0.012957998212689906,sampling+annotator_disagreement,measured_paired_annotators,paragraph_annotations.parquet vs paragraph_annotations__opus4-8.parquet,observed,Complete source-document paragraph corpus; primary AI labels
24,"llm:World Order, Foreign Aid & Democracy Promotion","World Order, Foreign Aid & Democracy Promotion",llm,Exploratory AI paragraph labels,"World Order, Foreign Aid & Democracy Promotion",,,,,era,The present era,8,2017,2026,2021.5,4.101941747572815,percent of eligible paragraphs,,4120,eligible paragraphs,0.041019417475728154,0.02438882859618569,0.06115487097630288,0.017809881227764637,0.06773381834472393,4120,82,1064,ok,false,true,0.006578947368421052,sampling+annotator_disagreement,measured_paired_annotators,paragraph_annotations.parquet vs paragraph_annotations__opus4-8.parquet,observed,Complete source-document paragraph corpus; primary AI labels
25,"llm:Military Preparedness, Armed Forces & Veterans","Military Preparedness, Armed Forces & Veterans",llm,Exploratory AI paragraph labels,"Military Preparedness, Armed Forces & Veterans",,,,,era,The founding,0,1789,1815,1802.0,16.181229773462782,percent of eligible paragraphs,,927,eligible paragraphs,0.16181229773462782,0.12313145348432827,0.19653858565369722,0.11628213841583512,0.20338790072219037,927,73,219,ok,false,true,0.00684931506849315,sampling+annotator_disagreement,measured_paired_annotators,paragraph_annotations.parquet vs paragraph_annotations__opus4-8.parquet,observed,Complete source-document paragraph corpus; primary AI labels
25,"llm:Military Preparedness, Armed Forces & Veterans","Military Preparedness, Armed Forces & Veterans",llm,Exploratory AI paragraph labels,"Military Preparedness, Armed Forces & Veterans",,,,,era,Expansion,1,1816,1849,1832.5,8.818770226537216,percent of eligible paragraphs,,3708,eligible paragraphs,0.08818770226537216,0.0710448436941785,0.10531188912549845,0.06305283570217052,0.11330389711750644,3708,102,1001,ok,false,true,0.007992007992007992,sampling+annotator_disagreement,measured_paired_annotators,paragraph_annotations.parquet vs paragraph_annotations__opus4-8.parquet,observed,Complete source-document paragraph corpus; primary AI labels
25,"llm:Military Preparedness, Armed Forces & Veterans","Military Preparedness, Armed Forces & Veterans",llm,Exploratory AI paragraph labels,"Military Preparedness, Armed Forces & Veterans",,,,,era,Civil War & Reconstruction,2,1850,1877,1863.5,6.699304303014688,percent of eligible paragraphs,,3881,eligible paragraphs,0.06699304303014687,0.048682014320049635,0.0832985021616402,0.047009773517374044,0.08497074296431578,3881,120,897,ok,false,true,0.0016722408026755911,sampling+annotator_disagreement,measured_paired_annotators,paragraph_annotations.parquet vs paragraph_annotations__opus4-8.parquet,observed,Complete source-document paragraph corpus; primary AI labels
25,"llm:Military Preparedness, Armed Forces & Veterans","Military Preparedness, Armed Forces & Veterans",llm,Exploratory AI paragraph labels,"Military Preparedness, Armed Forces & Veterans",,,,,era,The Gilded Age,3,1878,1900,1889.0,9.83560880468097,percent of eligible paragraphs,,3589,eligible paragraphs,0.0983560880468097,0.0709635028612541,0.12645583675008246,0.06521637642447248,0.13220296318686406,3589,84,1044,ok,false,true,0.005747126436781609,sampling+annotator_disagreement,measured_paired_annotators,paragraph_annotations.parquet vs paragraph_annotations__opus4-8.parquet,observed,Complete source-document paragraph corpus; primary AI labels
25,"llm:Military Preparedness, Armed Forces & Veterans","Military Preparedness, Armed Forces & Veterans",llm,Exploratory AI paragraph labels,"Military Preparedness, Armed Forces & Veterans",,,,,era,Progressives & Depression,4,1901,1932,1916.5,10.06782534972446,percent of eligible paragraphs,,4718,eligible paragraphs,0.1006782534972446,0.0838400756913456,0.11843938041254672,0.07263559389862852,0.1296438622052638,4718,129,1071,ok,false,true,0.011204481792717089,sampling+annotator_disagreement,measured_paired_annotators,paragraph_annotations.parquet vs paragraph_annotations__opus4-8.parquet,observed,Complete source-document paragraph corpus; primary AI labels
25,"llm:Military Preparedness, Armed Forces & Veterans","Military Preparedness, Armed Forces & Veterans",llm,Exploratory AI paragraph labels,"Military Preparedness, Armed Forces & Veterans",,,,,era,War & New Deal,5,1933,1945,1939.0,11.986588432523051,percent of eligible paragraphs,,1193,eligible paragraphs,0.11986588432523052,0.07823427476350985,0.1641393145901914,0.06271703338419951,0.17965655596950175,1193,55,290,ok,false,true,0.015517241379310341,sampling+annotator_disagreement,measured_paired_annotators,paragraph_annotations.parquet vs paragraph_annotations__opus4-8.parquet,observed,Complete source-document paragraph corpus; primary AI labels
25,"llm:Military Preparedness, Armed Forces & Veterans","Military Preparedness, Armed Forces & Veterans",llm,Exploratory AI paragraph labels,"Military Preparedness, Armed Forces & Veterans",,,,,era,The Cold War,6,1946,1988,1967.0,7.907688942360276,percent of eligible paragraphs,,9143,eligible paragraphs,0.07907688942360276,0.06672697748189291,0.09288894557914143,0.06377791581969451,0.09583800724133983,9143,263,1865,ok,false,true,0.002949061662198396,sampling+annotator_disagreement,measured_paired_annotators,paragraph_annotations.parquet vs paragraph_annotations__opus4-8.parquet,observed,Complete source-document paragraph corpus; primary AI labels
25,"llm:Military Preparedness, Armed Forces & Veterans","Military Preparedness, Armed Forces & Veterans",llm,Exploratory AI paragraph labels,"Military Preparedness, Armed Forces & Veterans",,,,,era,Post-Cold War,7,1989,2016,2002.5,6.969696969696971,percent of eligible paragraphs,,4950,eligible paragraphs,0.0696969696969697,0.05784029105606694,0.08390244654238085,0.056052980957764884,0.0856897566406829,4950,149,1119,ok,false,true,0.0017873100983020543,sampling+annotator_disagreement,measured_paired_annotators,paragraph_annotations.parquet vs paragraph_annotations__opus4-8.parquet,observed,Complete source-document paragraph corpus; primary AI labels
25,"llm:Military Preparedness, Armed Forces & Veterans","Military Preparedness, Armed Forces & Veterans",llm,Exploratory AI paragraph labels,"Military Preparedness, Armed Forces & Veterans",,,,,era,The present era,8,2017,2026,2021.5,8.640776699029127,percent of eligible paragraphs,,4120,eligible paragraphs,0.08640776699029126,0.06417599163533626,0.11369516729141987,0.059476743515035506,0.11839441541172063,4120,82,1064,ok,false,true,0.004699248120300752,sampling+annotator_disagreement,measured_paired_annotators,paragraph_annotations.parquet vs paragraph_annotations__opus4-8.parquet,observed,Complete source-document paragraph corpus; primary AI labels
26,llm:Early Naval Wars: Barbary & the War of 1812,Early Naval Wars: Barbary & the War of 1812,llm,Exploratory AI paragraph labels,Early Naval Wars: Barbary & the War of 1812,,,,,era,The founding,0,1789,1815,1802.0,11.434735706580366,percent of eligible paragraphs,,927,eligible paragraphs,0.11434735706580366,0.05985324015247776,0.17769779122730392,0.05757013512964671,0.17998089625013497,927,73,219,ok,false,true,0.00228310502283105,sampling+annotator_disagreement,measured_paired_annotators,paragraph_annotations.parquet vs paragraph_annotations__opus4-8.parquet,observed,Complete source-document paragraph corpus; primary AI labels
26,llm:Early Naval Wars: Barbary & the War of 1812,Early Naval Wars: Barbary & the War of 1812,llm,Exploratory AI paragraph labels,Early Naval Wars: Barbary & the War of 1812,,,,,era,Expansion,1,1816,1849,1832.5,0.7551240560949299,percent of eligible paragraphs,,3708,eligible paragraphs,0.007551240560949299,0.004359604610762318,0.011492004771855533,0.00236160261276032,0.01349000676985753,3708,102,1001,ok,false,true,0.001998001998001998,sampling+annotator_disagreement,measured_paired_annotators,paragraph_annotations.parquet vs paragraph_annotations__opus4-8.parquet,observed,Complete source-document paragraph corpus; primary AI labels
26,llm:Early Naval Wars: Barbary & the War of 1812,Early Naval Wars: Barbary & the War of 1812,llm,Exploratory AI paragraph labels,Early Naval Wars: Barbary & the War of 1812,,,,,era,Civil War & Reconstruction,2,1850,1877,1863.5,0.2834321051275444,percent of eligible paragraphs,,3881,eligible paragraphs,0.0028343210512754443,0.0005764592992222307,0.006899954750686114,0.0,0.008014781952469838,3881,120,897,ok,false,true,0.0011148272017837235,sampling+annotator_disagreement,measured_paired_annotators,paragraph_annotations.parquet vs paragraph_annotations__opus4-8.parquet,observed,Complete source-document paragraph corpus; primary AI labels
26,llm:Early Naval Wars: Barbary & the War of 1812,Early Naval Wars: Barbary & the War of 1812,llm,Exploratory AI paragraph labels,Early Naval Wars: Barbary & the War of 1812,,,,,era,The Gilded Age,3,1878,1900,1889.0,0.0,percent of eligible paragraphs,,3589,eligible paragraphs,0.0,0.0,0.0,0.0,0.0,3589,84,1044,ok,false,true,0.0,sampling+annotator_disagreement,measured_paired_annotators,paragraph_annotations.parquet vs paragraph_annotations__opus4-8.parquet,observed,Complete source-document paragraph corpus; primary AI labels
26,llm:Early Naval Wars: Barbary & the War of 1812,Early Naval Wars: Barbary & the War of 1812,llm,Exploratory AI paragraph labels,Early Naval Wars: Barbary & the War of 1812,,,,,era,Progressives & Depression,4,1901,1932,1916.5,0.1483679525222552,percent of eligible paragraphs,,4718,eligible paragraphs,0.001483679525222552,0.0004185470755291759,0.002676369784987534,0.0,0.003610076601047291,4718,129,1071,ok,false,true,0.0009337068160597572,sampling+annotator_disagreement,measured_paired_annotators,paragraph_annotations.parquet vs paragraph_annotations__opus4-8.parquet,observed,Complete source-document paragraph corpus; primary AI labels
26,llm:Early Naval Wars: Barbary & the War of 1812,Early Naval Wars: Barbary & the War of 1812,llm,Exploratory AI paragraph labels,Early Naval Wars: Barbary & the War of 1812,,,,,era,War & New Deal,5,1933,1945,1939.0,0.2514668901927913,percent of eligible paragraphs,,1193,eligible paragraphs,0.002514668901927913,0.0,0.005640589712177507,0.0,0.0073647276432119895,1193,55,290,ok,false,true,0.0017241379310344827,sampling+annotator_disagreement,measured_paired_annotators,paragraph_annotations.parquet vs paragraph_annotations__opus4-8.parquet,observed,Complete source-document paragraph corpus; primary AI labels
26,llm:Early Naval Wars: Barbary & the War of 1812,Early Naval Wars: Barbary & the War of 1812,llm,Exploratory AI paragraph labels,Early Naval Wars: Barbary & the War of 1812,,,,,era,The Cold War,6,1946,1988,1967.0,0.021874658208465493,percent of eligible paragraphs,,9143,eligible paragraphs,0.00021874658208465494,0.0,0.0005573063496224904,0.0,0.0024339819528396488,9143,263,1865,ok,false,true,0.0018766756032171585,sampling+annotator_disagreement,measured_paired_annotators,paragraph_annotations.parquet vs paragraph_annotations__opus4-8.parquet,observed,Complete source-document paragraph corpus; primary AI labels
26,llm:Early Naval Wars: Barbary & the War of 1812,Early Naval Wars: Barbary & the War of 1812,llm,Exploratory AI paragraph labels,Early Naval Wars: Barbary & the War of 1812,,,,,era,Post-Cold War,7,1989,2016,2002.5,0.0202020202020202,percent of eligible paragraphs,,4950,eligible paragraphs,0.00020202020202020202,0.0,0.0006633514850374868,0.0,0.0011101790096130007,4950,149,1119,ok,false,true,0.00044682752457551384,sampling+annotator_disagreement,measured_paired_annotators,paragraph_annotations.parquet vs paragraph_annotations__opus4-8.parquet,observed,Complete source-document paragraph corpus; primary AI labels
26,llm:Early Naval Wars: Barbary & the War of 1812,Early Naval Wars: Barbary & the War of 1812,llm,Exploratory AI paragraph labels,Early Naval Wars: Barbary & the War of 1812,,,,,era,The present era,8,2017,2026,2021.5,0.04854368932038835,percent of eligible paragraphs,,4120,eligible paragraphs,0.0004854368932038835,0.0,0.0012891563229820815,0.0,0.0012891563229820815,4120,82,1064,ok,false,true,0.0,sampling+annotator_disagreement,measured_paired_annotators,paragraph_annotations.parquet vs paragraph_annotations__opus4-8.parquet,observed,Complete source-document paragraph corpus; primary AI labels
27,llm:Mexican War,Mexican War,llm,Exploratory AI paragraph labels,Mexican War,,,,,era,The founding,0,1789,1815,1802.0,0.0,percent of eligible paragraphs,,927,eligible paragraphs,0.0,0.0,0.0,0.0,0.0,927,73,219,ok,false,true,0.0,sampling+annotator_disagreement,measured_paired_annotators,paragraph_annotations.parquet vs paragraph_annotations__opus4-8.parquet,observed,Complete source-document paragraph corpus; primary AI labels
27,llm:Mexican War,Mexican War,llm,Exploratory AI paragraph labels,Mexican War,,,,,era,Expansion,1,1816,1849,1832.5,5.0431499460625675,percent of eligible paragraphs,,3708,eligible paragraphs,0.050431499460625674,0.019562812435294466,0.08997478726546707,0.019063311935793966,0.09047428776496756,3708,102,1001,ok,false,true,0.0004995004995004995,sampling+annotator_disagreement,measured_paired_annotators,paragraph_annotations.parquet vs paragraph_annotations__opus4-8.parquet,observed,Complete source-document paragraph corpus; primary AI labels
27,llm:Mexican War,Mexican War,llm,Exploratory AI paragraph labels,Mexican War,,,,,era,Civil War & Reconstruction,2,1850,1877,1863.5,0.33496521515073435,percent of eligible paragraphs,,3881,eligible paragraphs,0.0033496521515073434,0.0005807287173241267,0.007660258747684542,0.0005807287173241267,0.007660258747684542,3881,120,897,ok,false,true,0.0,sampling+annotator_disagreement,measured_paired_annotators,paragraph_annotations.parquet vs paragraph_annotations__opus4-8.parquet,observed,Complete source-document paragraph corpus; primary AI labels
27,llm:Mexican War,Mexican War,llm,Exploratory AI paragraph labels,Mexican War,,,,,era,The Gilded Age,3,1878,1900,1889.0,0.05572582892170522,percent of eligible paragraphs,,3589,eligible paragraphs,0.0005572582892170521,0.0,0.0018213283845710025,0.0,0.0018213283845710025,3589,84,1044,ok,false,true,0.0,sampling+annotator_disagreement,measured_paired_annotators,paragraph_annotations.parquet vs paragraph_annotations__opus4-8.parquet,observed,Complete source-document paragraph corpus; primary AI labels
27,llm:Mexican War,Mexican War,llm,Exploratory AI paragraph labels,Mexican War,,,,,era,Progressives & Depression,4,1901,1932,1916.5,0.0,percent of eligible paragraphs,,4718,eligible paragraphs,0.0,0.0,0.0,0.0,0.0,4718,129,1071,ok,false,true,0.0,sampling+annotator_disagreement,measured_paired_annotators,paragraph_annotations.parquet vs paragraph_annotations__opus4-8.parquet,observed,Complete source-document paragraph corpus; primary AI labels
27,llm:Mexican War,Mexican War,llm,Exploratory AI paragraph labels,Mexican War,,,,,era,War & New Deal,5,1933,1945,1939.0,0.0,percent of eligible paragraphs,,1193,eligible paragraphs,0.0,0.0,0.0,0.0,0.0017241379310344827,1193,55,290,ok,false,true,0.0017241379310344827,sampling+annotator_disagreement,measured_paired_annotators,paragraph_annotations.parquet vs paragraph_annotations__opus4-8.parquet,observed,Complete source-document paragraph corpus; primary AI labels
27,llm:Mexican War,Mexican War,llm,Exploratory AI paragraph labels,Mexican War,,,,,era,The Cold War,6,1946,1988,1967.0,0.010937329104232747,percent of eligible paragraphs,,9143,eligible paragraphs,0.00010937329104232747,0.0,0.00036650922131600014,0.0,0.00036650922131600014,9143,263,1865,ok,false,true,0.0,sampling+annotator_disagreement,measured_paired_annotators,paragraph_annotations.parquet vs paragraph_annotations__opus4-8.parquet,observed,Complete source-document paragraph corpus; primary AI labels
27,llm:Mexican War,Mexican War,llm,Exploratory AI paragraph labels,Mexican War,,,,,era,Post-Cold War,7,1989,2016,2002.5,0.0,percent of eligible paragraphs,,4950,eligible paragraphs,0.0,0.0,0.0,0.0,0.0,4950,149,1119,ok,false,true,0.0,sampling+annotator_disagreement,measured_paired_annotators,paragraph_annotations.parquet vs paragraph_annotations__opus4-8.parquet,observed,Complete source-document paragraph corpus; primary AI labels
27,llm:Mexican War,Mexican War,llm,Exploratory AI paragraph labels,Mexican War,,,,,era,The present era,8,2017,2026,2021.5,0.0,percent of eligible paragraphs,,4120,eligible paragraphs,0.0,0.0,0.0,0.0,0.0,4120,82,1064,ok,false,true,0.0,sampling+annotator_disagreement,measured_paired_annotators,paragraph_annotations.parquet vs paragraph_annotations__opus4-8.parquet,observed,Complete source-document paragraph corpus; primary AI labels
28,llm:World War I Mobilization & War Aims,World War I Mobilization & War Aims,llm,Exploratory AI paragraph labels,World War I Mobilization & War Aims,,,,,era,The founding,0,1789,1815,1802.0,0.0,percent of eligible paragraphs,,927,eligible paragraphs,0.0,0.0,0.0,0.0,0.0,927,73,219,ok,false,true,0.0,sampling+annotator_disagreement,measured_paired_annotators,paragraph_annotations.parquet vs paragraph_annotations__opus4-8.parquet,observed,Complete source-document paragraph corpus; primary AI labels
28,llm:World War I Mobilization & War Aims,World War I Mobilization & War Aims,llm,Exploratory AI paragraph labels,World War I Mobilization & War Aims,,,,,era,Expansion,1,1816,1849,1832.5,0.0,percent of eligible paragraphs,,3708,eligible paragraphs,0.0,0.0,0.0,0.0,0.0,3708,102,1001,ok,false,true,0.0,sampling+annotator_disagreement,measured_paired_annotators,paragraph_annotations.parquet vs paragraph_annotations__opus4-8.parquet,observed,Complete source-document paragraph corpus; primary AI labels
28,llm:World War I Mobilization & War Aims,World War I Mobilization & War Aims,llm,Exploratory AI paragraph labels,World War I Mobilization & War Aims,,,,,era,Civil War & Reconstruction,2,1850,1877,1863.5,0.02576655501159495,percent of eligible paragraphs,,3881,eligible paragraphs,0.0002576655501159495,0.0,0.0008932211816399051,0.0,0.001450634782531767,3881,120,897,ok,false,true,0.0005574136008918618,sampling+annotator_disagreement,measured_paired_annotators,paragraph_annotations.parquet vs paragraph_annotations__opus4-8.parquet,observed,Complete source-document paragraph corpus; primary AI labels
28,llm:World War I Mobilization & War Aims,World War I Mobilization & War Aims,llm,Exploratory AI paragraph labels,World War I Mobilization & War Aims,,,,,era,The Gilded Age,3,1878,1900,1889.0,0.02786291446085261,percent of eligible paragraphs,,3589,eligible paragraphs,0.00027862914460852607,0.0,0.0009692735133066335,0.0,0.0014482007163717676,3589,84,1044,ok,false,true,0.0004789272030651341,sampling+annotator_disagreement,measured_paired_annotators,paragraph_annotations.parquet vs paragraph_annotations__opus4-8.parquet,observed,Complete source-document paragraph corpus; primary AI labels
28,llm:World War I Mobilization & War Aims,World War I Mobilization & War Aims,llm,Exploratory AI paragraph labels,World War I Mobilization & War Aims,,,,,era,Progressives & Depression,4,1901,1932,1916.5,4.260279779567614,percent of eligible paragraphs,,4718,eligible paragraphs,0.042602797795676134,0.024884255474409325,0.06878252862494076,0.0,0.09726058651476335,4718,129,1071,ok,false,true,0.0284780578898226,sampling+annotator_disagreement,measured_paired_annotators,paragraph_annotations.parquet vs paragraph_annotations__opus4-8.parquet,observed,Complete source-document paragraph corpus; primary AI labels
28,llm:World War I Mobilization & War Aims,World War I Mobilization & War Aims,llm,Exploratory AI paragraph labels,World War I Mobilization & War Aims,,,,,era,War & New Deal,5,1933,1945,1939.0,0.5029337803855826,percent of eligible paragraphs,,1193,eligible paragraphs,0.005029337803855826,0.0014904559473201634,0.009656487583712046,0.0014904559473201634,0.009656487583712046,1193,55,290,ok,false,true,0.0,sampling+annotator_disagreement,measured_paired_annotators,paragraph_annotations.parquet vs paragraph_annotations__opus4-8.parquet,observed,Complete source-document paragraph corpus; primary AI labels
28,llm:World War I Mobilization & War Aims,World War I Mobilization & War Aims,llm,Exploratory AI paragraph labels,World War I Mobilization & War Aims,,,,,era,The Cold War,6,1946,1988,1967.0,0.09843596193809472,percent of eligible paragraphs,,9143,eligible paragraphs,0.0009843596193809471,0.0003083654369907573,0.0018852993557731267,0.0,0.002689588900009052,9143,263,1865,ok,false,true,0.000804289544235925,sampling+annotator_disagreement,measured_paired_annotators,paragraph_annotations.parquet vs paragraph_annotations__opus4-8.parquet,observed,Complete source-document paragraph corpus; primary AI labels
28,llm:World War I Mobilization & War Aims,World War I Mobilization & War Aims,llm,Exploratory AI paragraph labels,World War I Mobilization & War Aims,,,,,era,Post-Cold War,7,1989,2016,2002.5,0.18181818181818182,percent of eligible paragraphs,,4950,eligible paragraphs,0.0018181818181818182,0.0003768811347533868,0.004056328548638814,0.0,0.004503156073214327,4950,149,1119,ok,false,true,0.00044682752457551384,sampling+annotator_disagreement,measured_paired_annotators,paragraph_annotations.parquet vs paragraph_annotations__opus4-8.parquet,observed,Complete source-document paragraph corpus; primary AI labels
28,llm:World War I Mobilization & War Aims,World War I Mobilization & War Aims,llm,Exploratory AI paragraph labels,World War I Mobilization & War Aims,,,,,era,The present era,8,2017,2026,2021.5,0.0,percent of eligible paragraphs,,4120,eligible paragraphs,0.0,0.0,0.0,0.0,0.00046992481203007516,4120,82,1064,ok,false,true,0.00046992481203007516,sampling+annotator_disagreement,measured_paired_annotators,paragraph_annotations.parquet vs paragraph_annotations__opus4-8.parquet,observed,Complete source-document paragraph corpus; primary AI labels
29,llm:World War II Military Operations,World War II Military Operations,llm,Exploratory AI paragraph labels,World War II Military Operations,,,,,era,The founding,0,1789,1815,1802.0,0.0,percent of eligible paragraphs,,927,eligible paragraphs,0.0,0.0,0.0,0.0,0.0,927,73,219,ok,false,true,0.0,sampling+annotator_disagreement,measured_paired_annotators,paragraph_annotations.parquet vs paragraph_annotations__opus4-8.parquet,observed,Complete source-document paragraph corpus; primary AI labels
29,llm:World War II Military Operations,World War II Military Operations,llm,Exploratory AI paragraph labels,World War II Military Operations,,,,,era,Expansion,1,1816,1849,1832.5,0.0,percent of eligible paragraphs,,3708,eligible paragraphs,0.0,0.0,0.0,0.0,0.0,3708,102,1001,ok,false,true,0.0,sampling+annotator_disagreement,measured_paired_annotators,paragraph_annotations.parquet vs paragraph_annotations__opus4-8.parquet,observed,Complete source-document paragraph corpus; primary AI labels
29,llm:World War II Military Operations,World War II Military Operations,llm,Exploratory AI paragraph labels,World War II Military Operations,,,,,era,Civil War & Reconstruction,2,1850,1877,1863.5,0.02576655501159495,percent of eligible paragraphs,,3881,eligible paragraphs,0.0002576655501159495,0.0,0.0008636814042880353,0.0,0.0014210950051798971,3881,120,897,ok,false,true,0.0005574136008918618,sampling+annotator_disagreement,measured_paired_annotators,paragraph_annotations.parquet vs paragraph_annotations__opus4-8.parquet,observed,Complete source-document paragraph corpus; primary AI labels
29,llm:World War II Military Operations,World War II Military Operations,llm,Exploratory AI paragraph labels,World War II Military Operations,,,,,era,The Gilded Age,3,1878,1900,1889.0,0.0,percent of eligible paragraphs,,3589,eligible paragraphs,0.0,0.0,0.0,0.0,0.0,3589,84,1044,ok,false,true,0.0,sampling+annotator_disagreement,measured_paired_annotators,paragraph_annotations.parquet vs paragraph_annotations__opus4-8.parquet,observed,Complete source-document paragraph corpus; primary AI labels
29,llm:World War II Military Operations,World War II Military Operations,llm,Exploratory AI paragraph labels,World War II Military Operations,,,,,era,Progressives & Depression,4,1901,1932,1916.5,0.9537939805002119,percent of eligible paragraphs,,4718,eligible paragraphs,0.00953793980500212,0.004007764592068084,0.01663507241182467,0.0,0.025038433756362485,4718,129,1071,ok,false,true,0.008403361344537816,sampling+annotator_disagreement,measured_paired_annotators,paragraph_annotations.parquet vs paragraph_annotations__opus4-8.parquet,observed,Complete source-document paragraph corpus; primary AI labels
29,llm:World War II Military Operations,World War II Military Operations,llm,Exploratory AI paragraph labels,World War II Military Operations,,,,,era,War & New Deal,5,1933,1945,1939.0,37.7200335289187,percent of eligible paragraphs,,1193,eligible paragraphs,0.37720033528918695,0.2872211419002863,0.4657044969068161,0.23204872810718286,0.5208769106999196,1193,55,290,ok,false,true,0.05517241379310345,sampling+annotator_disagreement,measured_paired_annotators,paragraph_annotations.parquet vs paragraph_annotations__opus4-8.parquet,observed,Complete source-document paragraph corpus; primary AI labels
29,llm:World War II Military Operations,World War II Military Operations,llm,Exploratory AI paragraph labels,World War II Military Operations,,,,,era,The Cold War,6,1946,1988,1967.0,0.7656130372962923,percent of eligible paragraphs,,9143,eligible paragraphs,0.007656130372962922,0.00471017572093725,0.011537392002214769,0.0001525349702670084,0.01609503275288501,9143,263,1865,ok,false,true,0.004557640750670241,sampling+annotator_disagreement,measured_paired_annotators,paragraph_annotations.parquet vs paragraph_annotations__opus4-8.parquet,observed,Complete source-document paragraph corpus; primary AI labels
29,llm:World War II Military Operations,World War II Military Operations,llm,Exploratory AI paragraph labels,World War II Military Operations,,,,,era,Post-Cold War,7,1989,2016,2002.5,0.8080808080808081,percent of eligible paragraphs,,4950,eligible paragraphs,0.00808080808080808,0.003250038615967177,0.014701097324529299,0.001909556042240635,0.01604157989825584,4950,149,1119,ok,false,true,0.0013404825737265418,sampling+annotator_disagreement,measured_paired_annotators,paragraph_annotations.parquet vs paragraph_annotations__opus4-8.parquet,observed,Complete source-document paragraph corpus; primary AI labels
29,llm:World War II Military Operations,World War II Military Operations,llm,Exploratory AI paragraph labels,World War II Military Operations,,,,,era,The present era,8,2017,2026,2021.5,0.4368932038834952,percent of eligible paragraphs,,4120,eligible paragraphs,0.004368932038834952,0.0014133696314199942,0.008014514574968483,0.0,0.010364138635118859,4120,82,1064,ok,false,true,0.002349624060150376,sampling+annotator_disagreement,measured_paired_annotators,paragraph_annotations.parquet vs paragraph_annotations__opus4-8.parquet,observed,Complete source-document paragraph corpus; primary AI labels
30,llm:Vietnam War,Vietnam War,llm,Exploratory AI paragraph labels,Vietnam War,,,,,era,The founding,0,1789,1815,1802.0,0.0,percent of eligible paragraphs,,927,eligible paragraphs,0.0,0.0,0.0,0.0,0.0,927,73,219,ok,false,true,0.0,sampling+annotator_disagreement,measured_paired_annotators,paragraph_annotations.parquet vs paragraph_annotations__opus4-8.parquet,observed,Complete source-document paragraph corpus; primary AI labels
30,llm:Vietnam War,Vietnam War,llm,Exploratory AI paragraph labels,Vietnam War,,,,,era,Expansion,1,1816,1849,1832.5,0.0,percent of eligible paragraphs,,3708,eligible paragraphs,0.0,0.0,0.0,0.0,0.0,3708,102,1001,ok,false,true,0.0,sampling+annotator_disagreement,measured_paired_annotators,paragraph_annotations.parquet vs paragraph_annotations__opus4-8.parquet,observed,Complete source-document paragraph corpus; primary AI labels
30,llm:Vietnam War,Vietnam War,llm,Exploratory AI paragraph labels,Vietnam War,,,,,era,Civil War & Reconstruction,2,1850,1877,1863.5,0.0,percent of eligible paragraphs,,3881,eligible paragraphs,0.0,0.0,0.0,0.0,0.0,3881,120,897,ok,false,true,0.0,sampling+annotator_disagreement,measured_paired_annotators,paragraph_annotations.parquet vs paragraph_annotations__opus4-8.parquet,observed,Complete source-document paragraph corpus; primary AI labels
30,llm:Vietnam War,Vietnam War,llm,Exploratory AI paragraph labels,Vietnam War,,,,,era,The Gilded Age,3,1878,1900,1889.0,0.0,percent of eligible paragraphs,,3589,eligible paragraphs,0.0,0.0,0.0,0.0,0.0,3589,84,1044,ok,false,true,0.0,sampling+annotator_disagreement,measured_paired_annotators,paragraph_annotations.parquet vs paragraph_annotations__opus4-8.parquet,observed,Complete source-document paragraph corpus; primary AI labels
30,llm:Vietnam War,Vietnam War,llm,Exploratory AI paragraph labels,Vietnam War,,,,,era,Progressives & Depression,4,1901,1932,1916.5,0.0,percent of eligible paragraphs,,4718,eligible paragraphs,0.0,0.0,0.0,0.0,0.0,4718,129,1071,ok,false,true,0.0,sampling+annotator_disagreement,measured_paired_annotators,paragraph_annotations.parquet vs paragraph_annotations__opus4-8.parquet,observed,Complete source-document paragraph corpus; primary AI labels
30,llm:Vietnam War,Vietnam War,llm,Exploratory AI paragraph labels,Vietnam War,,,,,era,War & New Deal,5,1933,1945,1939.0,0.0,percent of eligible paragraphs,,1193,eligible paragraphs,0.0,0.0,0.0,0.0,0.0,1193,55,290,ok,false,true,0.0,sampling+annotator_disagreement,measured_paired_annotators,paragraph_annotations.parquet vs paragraph_annotations__opus4-8.parquet,observed,Complete source-document paragraph corpus; primary AI labels
30,llm:Vietnam War,Vietnam War,llm,Exploratory AI paragraph labels,Vietnam War,,,,,era,The Cold War,6,1946,1988,1967.0,12.621677786284588,percent of eligible paragraphs,,9143,eligible paragraphs,0.12621677786284588,0.10199379355458017,0.1562240026470032,0.10038521446610832,0.15783258173547504,9143,263,1865,ok,false,true,0.0016085790884718537,sampling+annotator_disagreement,measured_paired_annotators,paragraph_annotations.parquet vs paragraph_annotations__opus4-8.parquet,observed,Complete source-document paragraph corpus; primary AI labels
30,llm:Vietnam War,Vietnam War,llm,Exploratory AI paragraph labels,Vietnam War,,,,,era,Post-Cold War,7,1989,2016,2002.5,0.5656565656565656,percent of eligible paragraphs,,4950,eligible paragraphs,0.0056565656565656566,0.0031760478177088143,0.009901192639338394,0.0022823927685577863,0.010794847688489421,4950,149,1119,ok,false,true,0.0008936550491510278,sampling+annotator_disagreement,measured_paired_annotators,paragraph_annotations.parquet vs paragraph_annotations__opus4-8.parquet,observed,Complete source-document paragraph corpus; primary AI labels
30,llm:Vietnam War,Vietnam War,llm,Exploratory AI paragraph labels,Vietnam War,,,,,era,The present era,8,2017,2026,2021.5,0.4611650485436893,percent of eligible paragraphs,,4120,eligible paragraphs,0.004611650485436893,0.0023742987206633536,0.007252276188722823,0.0004945994725430529,0.009131975436843125,4120,82,1064,ok,false,true,0.0018796992481203006,sampling+annotator_disagreement,measured_paired_annotators,paragraph_annotations.parquet vs paragraph_annotations__opus4-8.parquet,observed,Complete source-document paragraph corpus; primary AI labels
31,"llm:Iraq, Gulf Wars, the War on Terror & Interventions","Iraq, Gulf Wars, the War on Terror & Interventions",llm,Exploratory AI paragraph labels,"Iraq, Gulf Wars, the War on Terror & Interventions",,,,,era,The founding,0,1789,1815,1802.0,0.0,percent of eligible paragraphs,,927,eligible paragraphs,0.0,0.0,0.0,0.0,0.0,927,73,219,ok,false,true,0.0,sampling+annotator_disagreement,measured_paired_annotators,paragraph_annotations.parquet vs paragraph_annotations__opus4-8.parquet,observed,Complete source-document paragraph corpus; primary AI labels
31,"llm:Iraq, Gulf Wars, the War on Terror & Interventions","Iraq, Gulf Wars, the War on Terror & Interventions",llm,Exploratory AI paragraph labels,"Iraq, Gulf Wars, the War on Terror & Interventions",,,,,era,Expansion,1,1816,1849,1832.5,0.0,percent of eligible paragraphs,,3708,eligible paragraphs,0.0,0.0,0.0,0.0,0.0,3708,102,1001,ok,false,true,0.0,sampling+annotator_disagreement,measured_paired_annotators,paragraph_annotations.parquet vs paragraph_annotations__opus4-8.parquet,observed,Complete source-document paragraph corpus; primary AI labels
31,"llm:Iraq, Gulf Wars, the War on Terror & Interventions","Iraq, Gulf Wars, the War on Terror & Interventions",llm,Exploratory AI paragraph labels,"Iraq, Gulf Wars, the War on Terror & Interventions",,,,,era,Civil War & Reconstruction,2,1850,1877,1863.5,0.0,percent of eligible paragraphs,,3881,eligible paragraphs,0.0,0.0,0.0,0.0,0.0,3881,120,897,ok,false,true,0.0,sampling+annotator_disagreement,measured_paired_annotators,paragraph_annotations.parquet vs paragraph_annotations__opus4-8.parquet,observed,Complete source-document paragraph corpus; primary AI labels
31,"llm:Iraq, Gulf Wars, the War on Terror & Interventions","Iraq, Gulf Wars, the War on Terror & Interventions",llm,Exploratory AI paragraph labels,"Iraq, Gulf Wars, the War on Terror & Interventions",,,,,era,The Gilded Age,3,1878,1900,1889.0,0.0,percent of eligible paragraphs,,3589,eligible paragraphs,0.0,0.0,0.0,0.0,0.0,3589,84,1044,ok,false,true,0.0,sampling+annotator_disagreement,measured_paired_annotators,paragraph_annotations.parquet vs paragraph_annotations__opus4-8.parquet,observed,Complete source-document paragraph corpus; primary AI labels
31,"llm:Iraq, Gulf Wars, the War on Terror & Interventions","Iraq, Gulf Wars, the War on Terror & Interventions",llm,Exploratory AI paragraph labels,"Iraq, Gulf Wars, the War on Terror & Interventions",,,,,era,Progressives & Depression,4,1901,1932,1916.5,0.0,percent of eligible paragraphs,,4718,eligible paragraphs,0.0,0.0,0.0,0.0,0.0,4718,129,1071,ok,false,true,0.0,sampling+annotator_disagreement,measured_paired_annotators,paragraph_annotations.parquet vs paragraph_annotations__opus4-8.parquet,observed,Complete source-document paragraph corpus; primary AI labels
31,"llm:Iraq, Gulf Wars, the War on Terror & Interventions","Iraq, Gulf Wars, the War on Terror & Interventions",llm,Exploratory AI paragraph labels,"Iraq, Gulf Wars, the War on Terror & Interventions",,,,,era,War & New Deal,5,1933,1945,1939.0,0.0,percent of eligible paragraphs,,1193,eligible paragraphs,0.0,0.0,0.0,0.0,0.0,1193,55,290,ok,false,true,0.0,sampling+annotator_disagreement,measured_paired_annotators,paragraph_annotations.parquet vs paragraph_annotations__opus4-8.parquet,observed,Complete source-document paragraph corpus; primary AI labels
31,"llm:Iraq, Gulf Wars, the War on Terror & Interventions","Iraq, Gulf Wars, the War on Terror & Interventions",llm,Exploratory AI paragraph labels,"Iraq, Gulf Wars, the War on Terror & Interventions",,,,,era,The Cold War,6,1946,1988,1967.0,1.0281089357978783,percent of eligible paragraphs,,9143,eligible paragraphs,0.010281089357978782,0.005174591276051646,0.016408202701726503,0.002225529613853255,0.019357264363924896,9143,263,1865,ok,false,true,0.002949061662198391,sampling+annotator_disagreement,measured_paired_annotators,paragraph_annotations.parquet vs paragraph_annotations__opus4-8.parquet,observed,Complete source-document paragraph corpus; primary AI labels
31,"llm:Iraq, Gulf Wars, the War on Terror & Interventions","Iraq, Gulf Wars, the War on Terror & Interventions",llm,Exploratory AI paragraph labels,"Iraq, Gulf Wars, the War on Terror & Interventions",,,,,era,Post-Cold War,7,1989,2016,2002.5,13.434343434343434,percent of eligible paragraphs,,4950,eligible paragraphs,0.13434343434343435,0.10189146883023029,0.17208339789664426,0.0992105036827772,0.17476436304409734,4950,149,1119,ok,false,true,0.002680965147453078,sampling+annotator_disagreement,measured_paired_annotators,paragraph_annotations.parquet vs paragraph_annotations__opus4-8.parquet,observed,Complete source-document paragraph corpus; primary AI labels
31,"llm:Iraq, Gulf Wars, the War on Terror & Interventions","Iraq, Gulf Wars, the War on Terror & Interventions",llm,Exploratory AI paragraph labels,"Iraq, Gulf Wars, the War on Terror & Interventions",,,,,era,The present era,8,2017,2026,2021.5,5.533980582524272,percent of eligible paragraphs,,4120,eligible paragraphs,0.05533980582524272,0.03158557465765254,0.08993853202969489,0.03111564984562247,0.09040845684172497,4120,82,1064,ok,false,true,0.0004699248120300717,sampling+annotator_disagreement,measured_paired_annotators,paragraph_annotations.parquet vs paragraph_annotations__opus4-8.parquet,observed,Complete source-document paragraph corpus; primary AI labels
32,"llm:Coinage, Currency & Specie","Coinage, Currency & Specie",llm,Exploratory AI paragraph labels,"Coinage, Currency & Specie",,,,,era,The founding,0,1789,1815,1802.0,1.5102481121898599,percent of eligible paragraphs,,927,eligible paragraphs,0.015102481121898598,0.005876130373809178,0.026360819722513293,0.005876130373809178,0.026360819722513293,927,73,219,ok,false,true,0.0,sampling+annotator_disagreement,measured_paired_annotators,paragraph_annotations.parquet vs paragraph_annotations__opus4-8.parquet,observed,Complete source-document paragraph corpus; primary AI labels
32,"llm:Coinage, Currency & Specie","Coinage, Currency & Specie",llm,Exploratory AI paragraph labels,"Coinage, Currency & Specie",,,,,era,Expansion,1,1816,1849,1832.5,2.373247033441208,percent of eligible paragraphs,,3708,eligible paragraphs,0.023732470334412083,0.012233424571727014,0.03620420702491435,0.0,0.05468572550643283,3708,102,1001,ok,false,true,0.01848151848151848,sampling+annotator_disagreement,measured_paired_annotators,paragraph_annotations.parquet vs paragraph_annotations__opus4-8.parquet,observed,Complete source-document paragraph corpus; primary AI labels
32,"llm:Coinage, Currency & Specie","Coinage, Currency & Specie",llm,Exploratory AI paragraph labels,"Coinage, Currency & Specie",,,,,era,Civil War & Reconstruction,2,1850,1877,1863.5,2.988920381345014,percent of eligible paragraphs,,3881,eligible paragraphs,0.02988920381345014,0.01555790008906466,0.046260129493103506,0.00608186887390301,0.055736160708265155,3881,120,897,ok,false,true,0.00947603121516165,sampling+annotator_disagreement,measured_paired_annotators,paragraph_annotations.parquet vs paragraph_annotations__opus4-8.parquet,observed,Complete source-document paragraph corpus; primary AI labels
32,"llm:Coinage, Currency & Specie","Coinage, Currency & Specie",llm,Exploratory AI paragraph labels,"Coinage, Currency & Specie",,,,,era,The Gilded Age,3,1878,1900,1889.0,7.773753134577877,percent of eligible paragraphs,,3589,eligible paragraphs,0.07773753134577877,0.04819747464118985,0.11458856251881802,0.03622429456456149,0.1265617425954464,3589,84,1044,ok,false,true,0.011973180076628356,sampling+annotator_disagreement,measured_paired_annotators,paragraph_annotations.parquet vs paragraph_annotations__opus4-8.parquet,observed,Complete source-document paragraph corpus; primary AI labels
32,"llm:Coinage, Currency & Specie","Coinage, Currency & Specie",llm,Exploratory AI paragraph labels,"Coinage, Currency & Specie",,,,,era,Progressives & Depression,4,1901,1932,1916.5,0.6146672318779144,percent of eligible paragraphs,,4718,eligible paragraphs,0.006146672318779143,0.0035681850006351614,0.010163398732986726,0.0,0.01576563962934527,4718,129,1071,ok,false,true,0.005602240896358543,sampling+annotator_disagreement,measured_paired_annotators,paragraph_annotations.parquet vs paragraph_annotations__opus4-8.parquet,observed,Complete source-document paragraph corpus; primary AI labels
32,"llm:Coinage, Currency & Specie","Coinage, Currency & Specie",llm,Exploratory AI paragraph labels,"Coinage, Currency & Specie",,,,,era,War & New Deal,5,1933,1945,1939.0,1.173512154233026,percent of eligible paragraphs,,1193,eligible paragraphs,0.01173512154233026,0.0027868428924968046,0.02545457758925415,0.0027868428924968046,0.02545457758925415,1193,55,290,ok,false,true,0.0,sampling+annotator_disagreement,measured_paired_annotators,paragraph_annotations.parquet vs paragraph_annotations__opus4-8.parquet,observed,Complete source-document paragraph corpus; primary AI labels
32,"llm:Coinage, Currency & Specie","Coinage, Currency & Specie",llm,Exploratory AI paragraph labels,"Coinage, Currency & Specie",,,,,era,The Cold War,6,1946,1988,1967.0,0.31718254402274965,percent of eligible paragraphs,,9143,eligible paragraphs,0.0031718254402274965,0.0015324360733416974,0.005014471277885698,0.0009962430438510807,0.005550664307376315,9143,263,1865,ok,false,true,0.0005361930294906166,sampling+annotator_disagreement,measured_paired_annotators,paragraph_annotations.parquet vs paragraph_annotations__opus4-8.parquet,observed,Complete source-document paragraph corpus; primary AI labels
32,"llm:Coinage, Currency & Specie","Coinage, Currency & Specie",llm,Exploratory AI paragraph labels,"Coinage, Currency & Specie",,,,,era,Post-Cold War,7,1989,2016,2002.5,0.0,percent of eligible paragraphs,,4950,eligible paragraphs,0.0,0.0,0.0,0.0,0.0,4950,149,1119,ok,false,true,0.0,sampling+annotator_disagreement,measured_paired_annotators,paragraph_annotations.parquet vs paragraph_annotations__opus4-8.parquet,observed,Complete source-document paragraph corpus; primary AI labels
32,"llm:Coinage, Currency & Specie","Coinage, Currency & Specie",llm,Exploratory AI paragraph labels,"Coinage, Currency & Specie",,,,,era,The present era,8,2017,2026,2021.5,0.0,percent of eligible paragraphs,,4120,eligible paragraphs,0.0,0.0,0.0,0.0,0.0,4120,82,1064,ok,false,true,0.0,sampling+annotator_disagreement,measured_paired_annotators,paragraph_annotations.parquet vs paragraph_annotations__opus4-8.parquet,observed,Complete source-document paragraph corpus; primary AI labels
33,llm:National Bank & Banking Crises,National Bank & Banking Crises,llm,Exploratory AI paragraph labels,National Bank & Banking Crises,,,,,era,The founding,0,1789,1815,1802.0,1.5102481121898599,percent of eligible paragraphs,,927,eligible paragraphs,0.015102481121898598,0.0013008998056121862,0.04330585213816699,0.0013008998056121862,0.04330585213816699,927,73,219,ok,false,true,0.0,sampling+annotator_disagreement,measured_paired_annotators,paragraph_annotations.parquet vs paragraph_annotations__opus4-8.parquet,observed,Complete source-document paragraph corpus; primary AI labels
33,llm:National Bank & Banking Crises,National Bank & Banking Crises,llm,Exploratory AI paragraph labels,National Bank & Banking Crises,,,,,era,Expansion,1,1816,1849,1832.5,13.646170442286948,percent of eligible paragraphs,,3708,eligible paragraphs,0.13646170442286948,0.09027984750234799,0.19553528496181743,0.085284842507343,0.20053028995682243,3708,102,1001,ok,false,true,0.004995004995004992,sampling+annotator_disagreement,measured_paired_annotators,paragraph_annotations.parquet vs paragraph_annotations__opus4-8.parquet,observed,Complete source-document paragraph corpus; primary AI labels
33,llm:National Bank & Banking Crises,National Bank & Banking Crises,llm,Exploratory AI paragraph labels,National Bank & Banking Crises,,,,,era,Civil War & Reconstruction,2,1850,1877,1863.5,1.597526410718887,percent of eligible paragraphs,,3881,eligible paragraphs,0.01597526410718887,0.004236662005101792,0.027656213215706195,0.00367924840420993,0.02821362681659806,3881,120,897,ok,false,true,0.000557413600891862,sampling+annotator_disagreement,measured_paired_annotators,paragraph_annotations.parquet vs paragraph_annotations__opus4-8.parquet,observed,Complete source-document paragraph corpus; primary AI labels
33,llm:National Bank & Banking Crises,National Bank & Banking Crises,llm,Exploratory AI paragraph labels,National Bank & Banking Crises,,,,,era,The Gilded Age,3,1878,1900,1889.0,3.4271384786848706,percent of eligible paragraphs,,3589,eligible paragraphs,0.034271384786848706,0.02260780299694117,0.05029281700164421,0.009197841311117413,0.06370277868746796,3589,84,1044,ok,false,true,0.013409961685823755,sampling+annotator_disagreement,measured_paired_annotators,paragraph_annotations.parquet vs paragraph_annotations__opus4-8.parquet,observed,Complete source-document paragraph corpus; primary AI labels
33,llm:National Bank & Banking Crises,National Bank & Banking Crises,llm,Exploratory AI paragraph labels,National Bank & Banking Crises,,,,,era,Progressives & Depression,4,1901,1932,1916.5,3.5608308605341246,percent of eligible paragraphs,,4718,eligible paragraphs,0.03560830860534125,0.02489189573191778,0.04745707077957655,0.02489189573191778,0.04745707077957655,4718,129,1071,ok,false,true,0.0,sampling+annotator_disagreement,measured_paired_annotators,paragraph_annotations.parquet vs paragraph_annotations__opus4-8.parquet,observed,Complete source-document paragraph corpus; primary AI labels
33,llm:National Bank & Banking Crises,National Bank & Banking Crises,llm,Exploratory AI paragraph labels,National Bank & Banking Crises,,,,,era,War & New Deal,5,1933,1945,1939.0,3.1014249790444257,percent of eligible paragraphs,,1193,eligible paragraphs,0.03101424979044426,0.012130771675914953,0.05933509021270811,0.0069583578828115045,0.06450750400581155,1193,55,290,ok,false,true,0.005172413793103448,sampling+annotator_disagreement,measured_paired_annotators,paragraph_annotations.parquet vs paragraph_annotations__opus4-8.parquet,observed,Complete source-document paragraph corpus; primary AI labels
33,llm:National Bank & Banking Crises,National Bank & Banking Crises,llm,Exploratory AI paragraph labels,National Bank & Banking Crises,,,,,era,The Cold War,6,1946,1988,1967.0,0.5906157716285683,percent of eligible paragraphs,,9143,eligible paragraphs,0.005906157716285683,0.0033702114202124912,0.00870164990806235,0.0033702114202124912,0.00870164990806235,9143,263,1865,ok,false,true,0.0,sampling+annotator_disagreement,measured_paired_annotators,paragraph_annotations.parquet vs paragraph_annotations__opus4-8.parquet,observed,Complete source-document paragraph corpus; primary AI labels
33,llm:National Bank & Banking Crises,National Bank & Banking Crises,llm,Exploratory AI paragraph labels,National Bank & Banking Crises,,,,,era,Post-Cold War,7,1989,2016,2002.5,1.7575757575757573,percent of eligible paragraphs,,4950,eligible paragraphs,0.017575757575757574,0.008345914525991233,0.029865458434703947,0.006558604427689177,0.031652768533006005,4950,149,1119,ok,false,true,0.001787310098302056,sampling+annotator_disagreement,measured_paired_annotators,paragraph_annotations.parquet vs paragraph_annotations__opus4-8.parquet,observed,Complete source-document paragraph corpus; primary AI labels
33,llm:National Bank & Banking Crises,National Bank & Banking Crises,llm,Exploratory AI paragraph labels,National Bank & Banking Crises,,,,,era,The present era,8,2017,2026,2021.5,0.12135922330097086,percent of eligible paragraphs,,4120,eligible paragraphs,0.0012135922330097086,0.00023198462280134272,0.0024409668681050407,0.00023198462280134272,0.0024409668681050407,4120,82,1064,ok,false,true,0.0,sampling+annotator_disagreement,measured_paired_annotators,paragraph_annotations.parquet vs paragraph_annotations__opus4-8.parquet,observed,Complete source-document paragraph corpus; primary AI labels
34,"llm:Tariffs, Reciprocity & Navigation Laws","Tariffs, Reciprocity & Navigation Laws",llm,Exploratory AI paragraph labels,"Tariffs, Reciprocity & Navigation Laws",,,,,era,The founding,0,1789,1815,1802.0,3.8834951456310676,percent of eligible paragraphs,,927,eligible paragraphs,0.038834951456310676,0.02479141714311541,0.05541697243323786,0.02250831212028436,0.05770007745606891,927,73,219,ok,false,true,0.00228310502283105,sampling+annotator_disagreement,measured_paired_annotators,paragraph_annotations.parquet vs paragraph_annotations__opus4-8.parquet,observed,Complete source-document paragraph corpus; primary AI labels
34,"llm:Tariffs, Reciprocity & Navigation Laws","Tariffs, Reciprocity & Navigation Laws",llm,Exploratory AI paragraph labels,"Tariffs, Reciprocity & Navigation Laws",,,,,era,Expansion,1,1816,1849,1832.5,9.735706580366775,percent of eligible paragraphs,,3708,eligible paragraphs,0.09735706580366775,0.07887582080228447,0.11615203649350642,0.06938531131177497,0.12564254598401592,3708,102,1001,ok,false,true,0.009490509490509495,sampling+annotator_disagreement,measured_paired_annotators,paragraph_annotations.parquet vs paragraph_annotations__opus4-8.parquet,observed,Complete source-document paragraph corpus; primary AI labels
34,"llm:Tariffs, Reciprocity & Navigation Laws","Tariffs, Reciprocity & Navigation Laws",llm,Exploratory AI paragraph labels,"Tariffs, Reciprocity & Navigation Laws",,,,,era,Civil War & Reconstruction,2,1850,1877,1863.5,4.251481576913166,percent of eligible paragraphs,,3881,eligible paragraphs,0.042514815769131666,0.027174800699980555,0.059060557857838744,0.02383031909462938,0.06240503946318992,3881,120,897,ok,false,true,0.0033444816053511753,sampling+annotator_disagreement,measured_paired_annotators,paragraph_annotations.parquet vs paragraph_annotations__opus4-8.parquet,observed,Complete source-document paragraph corpus; primary AI labels
34,"llm:Tariffs, Reciprocity & Navigation Laws","Tariffs, Reciprocity & Navigation Laws",llm,Exploratory AI paragraph labels,"Tariffs, Reciprocity & Navigation Laws",,,,,era,The Gilded Age,3,1878,1900,1889.0,9.752020061298412,percent of eligible paragraphs,,3589,eligible paragraphs,0.09752020061298412,0.07380777400590133,0.12219040058622374,0.06806064756911973,0.12793752702300534,3589,84,1044,ok,false,true,0.005747126436781609,sampling+annotator_disagreement,measured_paired_annotators,paragraph_annotations.parquet vs paragraph_annotations__opus4-8.parquet,observed,Complete source-document paragraph corpus; primary AI labels
34,"llm:Tariffs, Reciprocity & Navigation Laws","Tariffs, Reciprocity & Navigation Laws",llm,Exploratory AI paragraph labels,"Tariffs, Reciprocity & Navigation Laws",,,,,era,Progressives & Depression,4,1901,1932,1916.5,9.516744383213226,percent of eligible paragraphs,,4718,eligible paragraphs,0.09516744383213226,0.07020240669929988,0.13515763740699002,0.060398485130672426,0.14496155897561747,4718,129,1071,ok,false,true,0.00980392156862745,sampling+annotator_disagreement,measured_paired_annotators,paragraph_annotations.parquet vs paragraph_annotations__opus4-8.parquet,observed,Complete source-document paragraph corpus; primary AI labels
34,"llm:Tariffs, Reciprocity & Navigation Laws","Tariffs, Reciprocity & Navigation Laws",llm,Exploratory AI paragraph labels,"Tariffs, Reciprocity & Navigation Laws",,,,,era,War & New Deal,5,1933,1945,1939.0,0.8382229673093042,percent of eligible paragraphs,,1193,eligible paragraphs,0.008382229673093043,0.003924006775485063,0.014074253318584067,0.003924006775485063,0.014074253318584067,1193,55,290,ok,false,true,0.0,sampling+annotator_disagreement,measured_paired_annotators,paragraph_annotations.parquet vs paragraph_annotations__opus4-8.parquet,observed,Complete source-document paragraph corpus; primary AI labels
34,"llm:Tariffs, Reciprocity & Navigation Laws","Tariffs, Reciprocity & Navigation Laws",llm,Exploratory AI paragraph labels,"Tariffs, Reciprocity & Navigation Laws",,,,,era,The Cold War,6,1946,1988,1967.0,1.4984140872798863,percent of eligible paragraphs,,9143,eligible paragraphs,0.014984140872798863,0.009781836119539035,0.020893254282238972,0.008709450060557802,0.021965640341220206,9143,263,1865,ok,false,true,0.001072386058981233,sampling+annotator_disagreement,measured_paired_annotators,paragraph_annotations.parquet vs paragraph_annotations__opus4-8.parquet,observed,Complete source-document paragraph corpus; primary AI labels
34,"llm:Tariffs, Reciprocity & Navigation Laws","Tariffs, Reciprocity & Navigation Laws",llm,Exploratory AI paragraph labels,"Tariffs, Reciprocity & Navigation Laws",,,,,era,Post-Cold War,7,1989,2016,2002.5,1.9393939393939394,percent of eligible paragraphs,,4950,eligible paragraphs,0.019393939393939394,0.012734704747900283,0.02754104815325403,0.001117189108936923,0.03915856379221739,4950,149,1119,ok,false,true,0.01161751563896336,sampling+annotator_disagreement,measured_paired_annotators,paragraph_annotations.parquet vs paragraph_annotations__opus4-8.parquet,observed,Complete source-document paragraph corpus; primary AI labels
34,"llm:Tariffs, Reciprocity & Navigation Laws","Tariffs, Reciprocity & Navigation Laws",llm,Exploratory AI paragraph labels,"Tariffs, Reciprocity & Navigation Laws",,,,,era,The present era,8,2017,2026,2021.5,3.713592233009709,percent of eligible paragraphs,,4120,eligible paragraphs,0.03713592233009709,0.025843408537345947,0.048666666480119254,0.01926446116892489,0.055245613848540306,4120,82,1064,ok,false,true,0.006578947368421056,sampling+annotator_disagreement,measured_paired_annotators,paragraph_annotations.parquet vs paragraph_annotations__opus4-8.parquet,observed,Complete source-document paragraph corpus; primary AI labels
35,"llm:Trusts, Corporations & Antitrust","Trusts, Corporations & Antitrust",llm,Exploratory AI paragraph labels,"Trusts, Corporations & Antitrust",,,,,era,The founding,0,1789,1815,1802.0,0.0,percent of eligible paragraphs,,927,eligible paragraphs,0.0,0.0,0.0,0.0,0.0,927,73,219,ok,false,true,0.0,sampling+annotator_disagreement,measured_paired_annotators,paragraph_annotations.parquet vs paragraph_annotations__opus4-8.parquet,observed,Complete source-document paragraph corpus; primary AI labels
35,"llm:Trusts, Corporations & Antitrust","Trusts, Corporations & Antitrust",llm,Exploratory AI paragraph labels,"Trusts, Corporations & Antitrust",,,,,era,Expansion,1,1816,1849,1832.5,0.05393743257820927,percent of eligible paragraphs,,3708,eligible paragraphs,0.0005393743257820927,0.0,0.0014389913452097297,0.0,0.0014389913452097297,3708,102,1001,ok,false,true,0.0,sampling+annotator_disagreement,measured_paired_annotators,paragraph_annotations.parquet vs paragraph_annotations__opus4-8.parquet,observed,Complete source-document paragraph corpus; primary AI labels
35,"llm:Trusts, Corporations & Antitrust","Trusts, Corporations & Antitrust",llm,Exploratory AI paragraph labels,"Trusts, Corporations & Antitrust",,,,,era,Civil War & Reconstruction,2,1850,1877,1863.5,0.2061324400927596,percent of eligible paragraphs,,3881,eligible paragraphs,0.002061324400927596,0.0,0.006092665743152038,0.0,0.006092665743152038,3881,120,897,ok,false,true,0.0,sampling+annotator_disagreement,measured_paired_annotators,paragraph_annotations.parquet vs paragraph_annotations__opus4-8.parquet,observed,Complete source-document paragraph corpus; primary AI labels
35,"llm:Trusts, Corporations & Antitrust","Trusts, Corporations & Antitrust",llm,Exploratory AI paragraph labels,"Trusts, Corporations & Antitrust",,,,,era,The Gilded Age,3,1878,1900,1889.0,1.2538311507383673,percent of eligible paragraphs,,3589,eligible paragraphs,0.012538311507383673,0.00574711480474849,0.019493974426941077,0.004789260398618222,0.020451828833071346,3589,84,1044,ok,false,true,0.0009578544061302683,sampling+annotator_disagreement,measured_paired_annotators,paragraph_annotations.parquet vs paragraph_annotations__opus4-8.parquet,observed,Complete source-document paragraph corpus; primary AI labels
35,"llm:Trusts, Corporations & Antitrust","Trusts, Corporations & Antitrust",llm,Exploratory AI paragraph labels,"Trusts, Corporations & Antitrust",,,,,era,Progressives & Depression,4,1901,1932,1916.5,8.47816871555744,percent of eligible paragraphs,,4718,eligible paragraphs,0.0847816871555744,0.054750479381600665,0.1150263478035747,0.052416212341451274,0.11736061484372409,4718,129,1071,ok,false,true,0.0023342670401493917,sampling+annotator_disagreement,measured_paired_annotators,paragraph_annotations.parquet vs paragraph_annotations__opus4-8.parquet,observed,Complete source-document paragraph corpus; primary AI labels
35,"llm:Trusts, Corporations & Antitrust","Trusts, Corporations & Antitrust",llm,Exploratory AI paragraph labels,"Trusts, Corporations & Antitrust",,,,,era,War & New Deal,5,1933,1945,1939.0,2.0117351215423303,percent of eligible paragraphs,,1193,eligible paragraphs,0.020117351215423303,0.009034723599580654,0.03585849330340098,0.007310585668546171,0.03758263123443546,1193,55,290,ok,false,true,0.0017241379310344827,sampling+annotator_disagreement,measured_paired_annotators,paragraph_annotations.parquet vs paragraph_annotations__opus4-8.parquet,observed,Complete source-document paragraph corpus; primary AI labels
35,"llm:Trusts, Corporations & Antitrust","Trusts, Corporations & Antitrust",llm,Exploratory AI paragraph labels,"Trusts, Corporations & Antitrust",,,,,era,The Cold War,6,1946,1988,1967.0,0.2843705567100514,percent of eligible paragraphs,,9143,eligible paragraphs,0.002843705567100514,0.0014640832892792548,0.0044546357550610685,0.0011959867745339465,0.004722732269806377,9143,263,1865,ok,false,true,0.00026809651474530834,sampling+annotator_disagreement,measured_paired_annotators,paragraph_annotations.parquet vs paragraph_annotations__opus4-8.parquet,observed,Complete source-document paragraph corpus; primary AI labels
35,"llm:Trusts, Corporations & Antitrust","Trusts, Corporations & Antitrust",llm,Exploratory AI paragraph labels,"Trusts, Corporations & Antitrust",,,,,era,Post-Cold War,7,1989,2016,2002.5,0.5656565656565656,percent of eligible paragraphs,,4950,eligible paragraphs,0.0056565656565656566,0.0017562472212669282,0.011640347207418576,0.0008625921721159004,0.012534002256569603,4950,149,1119,ok,false,true,0.0008936550491510278,sampling+annotator_disagreement,measured_paired_annotators,paragraph_annotations.parquet vs paragraph_annotations__opus4-8.parquet,observed,Complete source-document paragraph corpus; primary AI labels
35,"llm:Trusts, Corporations & Antitrust","Trusts, Corporations & Antitrust",llm,Exploratory AI paragraph labels,"Trusts, Corporations & Antitrust",,,,,era,The present era,8,2017,2026,2021.5,0.825242718446602,percent of eligible paragraphs,,4120,eligible paragraphs,0.00825242718446602,0.0028685646361474855,0.014591774507474056,0.00145879020005726,0.01600154894356428,4120,82,1064,ok,false,true,0.0014097744360902255,sampling+annotator_disagreement,measured_paired_annotators,paragraph_annotations.parquet vs paragraph_annotations__opus4-8.parquet,observed,Complete source-document paragraph corpus; primary AI labels
36,"llm:Public Debt, Revenue & Treasury Finance","Public Debt, Revenue & Treasury Finance",llm,Exploratory AI paragraph labels,"Public Debt, Revenue & Treasury Finance",,,,,era,The founding,0,1789,1815,1802.0,9.385113268608414,percent of eligible paragraphs,,927,eligible paragraphs,0.09385113268608414,0.06876301823911903,0.11854135917083086,0.059630598147794825,0.12767377926215506,927,73,219,ok,false,true,0.0091324200913242,sampling+annotator_disagreement,measured_paired_annotators,paragraph_annotations.parquet vs paragraph_annotations__opus4-8.parquet,observed,Complete source-document paragraph corpus; primary AI labels
36,"llm:Public Debt, Revenue & Treasury Finance","Public Debt, Revenue & Treasury Finance",llm,Exploratory AI paragraph labels,"Public Debt, Revenue & Treasury Finance",,,,,era,Expansion,1,1816,1849,1832.5,10.571736785329017,percent of eligible paragraphs,,3708,eligible paragraphs,0.10571736785329018,0.0850688263913611,0.1251149160808459,0.06458930591184062,0.14559443656036639,3708,102,1001,ok,false,true,0.02047952047952048,sampling+annotator_disagreement,measured_paired_annotators,paragraph_annotations.parquet vs paragraph_annotations__opus4-8.parquet,observed,Complete source-document paragraph corpus; primary AI labels
36,"llm:Public Debt, Revenue & Treasury Finance","Public Debt, Revenue & Treasury Finance",llm,Exploratory AI paragraph labels,"Public Debt, Revenue & Treasury Finance",,,,,era,Civil War & Reconstruction,2,1850,1877,1863.5,6.415872197887143,percent of eligible paragraphs,,3881,eligible paragraphs,0.06415872197887143,0.04582797518217043,0.082752428017746,0.03635194396700878,0.09222845923290765,3881,120,897,ok,false,true,0.009476031215161648,sampling+annotator_disagreement,measured_paired_annotators,paragraph_annotations.parquet vs paragraph_annotations__opus4-8.parquet,observed,Complete source-document paragraph corpus; primary AI labels
36,"llm:Public Debt, Revenue & Treasury Finance","Public Debt, Revenue & Treasury Finance",llm,Exploratory AI paragraph labels,"Public Debt, Revenue & Treasury Finance",,,,,era,The Gilded Age,3,1878,1900,1889.0,7.021454444134855,percent of eligible paragraphs,,3589,eligible paragraphs,0.07021454444134856,0.057395875979033416,0.08410024835691438,0.028660243795125367,0.11283588054082243,3589,84,1044,ok,false,true,0.02873563218390805,sampling+annotator_disagreement,measured_paired_annotators,paragraph_annotations.parquet vs paragraph_annotations__opus4-8.parquet,observed,Complete source-document paragraph corpus; primary AI labels
36,"llm:Public Debt, Revenue & Treasury Finance","Public Debt, Revenue & Treasury Finance",llm,Exploratory AI paragraph labels,"Public Debt, Revenue & Treasury Finance",,,,,era,Progressives & Depression,4,1901,1932,1916.5,4.790165324289954,percent of eligible paragraphs,,4718,eligible paragraphs,0.047901653242899536,0.03528553597650514,0.061037531018715806,0.028749588264086835,0.06757347873113412,4718,129,1071,ok,false,true,0.006535947712418305,sampling+annotator_disagreement,measured_paired_annotators,paragraph_annotations.parquet vs paragraph_annotations__opus4-8.parquet,observed,Complete source-document paragraph corpus; primary AI labels
36,"llm:Public Debt, Revenue & Treasury Finance","Public Debt, Revenue & Treasury Finance",llm,Exploratory AI paragraph labels,"Public Debt, Revenue & Treasury Finance",,,,,era,War & New Deal,5,1933,1945,1939.0,2.0117351215423303,percent of eligible paragraphs,,1193,eligible paragraphs,0.020117351215423303,0.008541851184730364,0.03303793532338308,0.0068177132536958816,0.03476207325441756,1193,55,290,ok,false,true,0.0017241379310344827,sampling+annotator_disagreement,measured_paired_annotators,paragraph_annotations.parquet vs paragraph_annotations__opus4-8.parquet,observed,Complete source-document paragraph corpus; primary AI labels
36,"llm:Public Debt, Revenue & Treasury Finance","Public Debt, Revenue & Treasury Finance",llm,Exploratory AI paragraph labels,"Public Debt, Revenue & Treasury Finance",,,,,era,The Cold War,6,1946,1988,1967.0,1.0609209231105765,percent of eligible paragraphs,,9143,eligible paragraphs,0.010609209231105764,0.006542370345214212,0.016016416381084784,0.003861405197761129,0.018697381528537865,9143,263,1865,ok,false,true,0.0026809651474530827,sampling+annotator_disagreement,measured_paired_annotators,paragraph_annotations.parquet vs paragraph_annotations__opus4-8.parquet,observed,Complete source-document paragraph corpus; primary AI labels
36,"llm:Public Debt, Revenue & Treasury Finance","Public Debt, Revenue & Treasury Finance",llm,Exploratory AI paragraph labels,"Public Debt, Revenue & Treasury Finance",,,,,era,Post-Cold War,7,1989,2016,2002.5,0.787878787878788,percent of eligible paragraphs,,4950,eligible paragraphs,0.00787878787878788,0.003803182468093394,0.01330963333819576,0.0015690448452158243,0.01554377096107333,4950,149,1119,ok,false,true,0.0022341376228775696,sampling+annotator_disagreement,measured_paired_annotators,paragraph_annotations.parquet vs paragraph_annotations__opus4-8.parquet,observed,Complete source-document paragraph corpus; primary AI labels
36,"llm:Public Debt, Revenue & Treasury Finance","Public Debt, Revenue & Treasury Finance",llm,Exploratory AI paragraph labels,"Public Debt, Revenue & Treasury Finance",,,,,era,The present era,8,2017,2026,2021.5,0.3640776699029126,percent of eligible paragraphs,,4120,eligible paragraphs,0.0036407766990291263,0.0012593319355974368,0.006186957056805879,0.0012593319355974368,0.006186957056805879,4120,82,1064,ok,false,true,0.0,sampling+annotator_disagreement,measured_paired_annotators,paragraph_annotations.parquet vs paragraph_annotations__opus4-8.parquet,observed,Complete source-document paragraph corpus; primary AI labels
37,"llm:Taxes, Budget Deficits & Federal Spending","Taxes, Budget Deficits & Federal Spending",llm,Exploratory AI paragraph labels,"Taxes, Budget Deficits & Federal Spending",,,,,era,The founding,0,1789,1815,1802.0,0.3236245954692557,percent of eligible paragraphs,,927,eligible paragraphs,0.003236245954692557,0.0,0.007306431966088494,0.0,0.011872642011750595,927,73,219,ok,false,true,0.0045662100456621,sampling+annotator_disagreement,measured_paired_annotators,paragraph_annotations.parquet vs paragraph_annotations__opus4-8.parquet,observed,Complete source-document paragraph corpus; primary AI labels
37,"llm:Taxes, Budget Deficits & Federal Spending","Taxes, Budget Deficits & Federal Spending",llm,Exploratory AI paragraph labels,"Taxes, Budget Deficits & Federal Spending",,,,,era,Expansion,1,1816,1849,1832.5,0.3236245954692557,percent of eligible paragraphs,,3708,eligible paragraphs,0.003236245954692557,0.0012397969175016355,0.0058582648928664684,0.0,0.008355767390368966,3708,102,1001,ok,false,true,0.0024975024975024975,sampling+annotator_disagreement,measured_paired_annotators,paragraph_annotations.parquet vs paragraph_annotations__opus4-8.parquet,observed,Complete source-document paragraph corpus; primary AI labels
37,"llm:Taxes, Budget Deficits & Federal Spending","Taxes, Budget Deficits & Federal Spending",llm,Exploratory AI paragraph labels,"Taxes, Budget Deficits & Federal Spending",,,,,era,Civil War & Reconstruction,2,1850,1877,1863.5,0.2834321051275444,percent of eligible paragraphs,,3881,eligible paragraphs,0.0028343210512754443,0.000743494840597945,0.005657949072279273,0.00018608123970608327,0.006215362673171135,3881,120,897,ok,false,true,0.0005574136008918618,sampling+annotator_disagreement,measured_paired_annotators,paragraph_annotations.parquet vs paragraph_annotations__opus4-8.parquet,observed,Complete source-document paragraph corpus; primary AI labels
37,"llm:Taxes, Budget Deficits & Federal Spending","Taxes, Budget Deficits & Federal Spending",llm,Exploratory AI paragraph labels,"Taxes, Budget Deficits & Federal Spending",,,,,era,The Gilded Age,3,1878,1900,1889.0,0.6129841181387573,percent of eligible paragraphs,,3589,eligible paragraphs,0.006129841181387573,0.0022920733421433583,0.011353689137980448,0.0022920733421433583,0.011353689137980448,3589,84,1044,ok,false,true,0.0,sampling+annotator_disagreement,measured_paired_annotators,paragraph_annotations.parquet vs paragraph_annotations__opus4-8.parquet,observed,Complete source-document paragraph corpus; primary AI labels
37,"llm:Taxes, Budget Deficits & Federal Spending","Taxes, Budget Deficits & Federal Spending",llm,Exploratory AI paragraph labels,"Taxes, Budget Deficits & Federal Spending",,,,,era,Progressives & Depression,4,1901,1932,1916.5,2.5646460364561254,percent of eligible paragraphs,,4718,eligible paragraphs,0.025646460364561256,0.01594763702215317,0.03890661182032828,0.011745956349884262,0.043108292492597185,4718,129,1071,ok,false,true,0.0042016806722689065,sampling+annotator_disagreement,measured_paired_annotators,paragraph_annotations.parquet vs paragraph_annotations__opus4-8.parquet,observed,Complete source-document paragraph corpus; primary AI labels
37,"llm:Taxes, Budget Deficits & Federal Spending","Taxes, Budget Deficits & Federal Spending",llm,Exploratory AI paragraph labels,"Taxes, Budget Deficits & Federal Spending",,,,,era,War & New Deal,5,1933,1945,1939.0,2.4308466051969826,percent of eligible paragraphs,,1193,eligible paragraphs,0.024308466051969825,0.009665723677390662,0.04217678992951878,0.009665723677390662,0.04217678992951878,1193,55,290,ok,false,true,0.0,sampling+annotator_disagreement,measured_paired_annotators,paragraph_annotations.parquet vs paragraph_annotations__opus4-8.parquet,observed,Complete source-document paragraph corpus; primary AI labels
37,"llm:Taxes, Budget Deficits & Federal Spending","Taxes, Budget Deficits & Federal Spending",llm,Exploratory AI paragraph labels,"Taxes, Budget Deficits & Federal Spending",,,,,era,The Cold War,6,1946,1988,1967.0,9.263917751285137,percent of eligible paragraphs,,9143,eligible paragraphs,0.09263917751285136,0.0725483123219861,0.11200054034319601,0.06799067157131586,0.11655818109386626,9143,263,1865,ok,false,true,0.004557640750670243,sampling+annotator_disagreement,measured_paired_annotators,paragraph_annotations.parquet vs paragraph_annotations__opus4-8.parquet,observed,Complete source-document paragraph corpus; primary AI labels
37,"llm:Taxes, Budget Deficits & Federal Spending","Taxes, Budget Deficits & Federal Spending",llm,Exploratory AI paragraph labels,"Taxes, Budget Deficits & Federal Spending",,,,,era,Post-Cold War,7,1989,2016,2002.5,8.90909090909091,percent of eligible paragraphs,,4950,eligible paragraphs,0.0890909090909091,0.06888251282463133,0.11001184455977447,0.06664837520175376,0.11224598218265205,4950,149,1119,ok,false,true,0.002234137622877573,sampling+annotator_disagreement,measured_paired_annotators,paragraph_annotations.parquet vs paragraph_annotations__opus4-8.parquet,observed,Complete source-document paragraph corpus; primary AI labels
37,"llm:Taxes, Budget Deficits & Federal Spending","Taxes, Budget Deficits & Federal Spending",llm,Exploratory AI paragraph labels,"Taxes, Budget Deficits & Federal Spending",,,,,era,The present era,8,2017,2026,2021.5,5.169902912621359,percent of eligible paragraphs,,4120,eligible paragraphs,0.051699029126213596,0.038845892571206755,0.06618700471037198,0.03743611813511653,0.0675967791464622,4120,82,1064,ok,false,true,0.0014097744360902255,sampling+annotator_disagreement,measured_paired_annotators,paragraph_annotations.parquet vs paragraph_annotations__opus4-8.parquet,observed,Complete source-document paragraph corpus; primary AI labels
38,llm:Great Depression Recovery,Great Depression Recovery,llm,Exploratory AI paragraph labels,Great Depression Recovery,,,,,era,The founding,0,1789,1815,1802.0,0.0,percent of eligible paragraphs,,927,eligible paragraphs,0.0,0.0,0.0,0.0,0.0,927,73,219,ok,false,true,0.0,sampling+annotator_disagreement,measured_paired_annotators,paragraph_annotations.parquet vs paragraph_annotations__opus4-8.parquet,observed,Complete source-document paragraph corpus; primary AI labels
38,llm:Great Depression Recovery,Great Depression Recovery,llm,Exploratory AI paragraph labels,Great Depression Recovery,,,,,era,Expansion,1,1816,1849,1832.5,0.026968716289104636,percent of eligible paragraphs,,3708,eligible paragraphs,0.00026968716289104636,0.0,0.0008958888388610347,0.0,0.0008958888388610347,3708,102,1001,ok,false,true,0.0,sampling+annotator_disagreement,measured_paired_annotators,paragraph_annotations.parquet vs paragraph_annotations__opus4-8.parquet,observed,Complete source-document paragraph corpus; primary AI labels
38,llm:Great Depression Recovery,Great Depression Recovery,llm,Exploratory AI paragraph labels,Great Depression Recovery,,,,,era,Civil War & Reconstruction,2,1850,1877,1863.5,0.12883277505797475,percent of eligible paragraphs,,3881,eligible paragraphs,0.0012883277505797476,0.0,0.0038838042472455724,0.0,0.0038838042472455724,3881,120,897,ok,false,true,0.0,sampling+annotator_disagreement,measured_paired_annotators,paragraph_annotations.parquet vs paragraph_annotations__opus4-8.parquet,observed,Complete source-document paragraph corpus; primary AI labels
38,llm:Great Depression Recovery,Great Depression Recovery,llm,Exploratory AI paragraph labels,Great Depression Recovery,,,,,era,The Gilded Age,3,1878,1900,1889.0,0.0,percent of eligible paragraphs,,3589,eligible paragraphs,0.0,0.0,0.0,0.0,0.0,3589,84,1044,ok,false,true,0.0,sampling+annotator_disagreement,measured_paired_annotators,paragraph_annotations.parquet vs paragraph_annotations__opus4-8.parquet,observed,Complete source-document paragraph corpus; primary AI labels
38,llm:Great Depression Recovery,Great Depression Recovery,llm,Exploratory AI paragraph labels,Great Depression Recovery,,,,,era,Progressives & Depression,4,1901,1932,1916.5,3.009749894022891,percent of eligible paragraphs,,4718,eligible paragraphs,0.03009749894022891,0.013466652873219142,0.05246501652685159,0.003662731304591691,0.062268938095479044,4718,129,1071,ok,false,true,0.00980392156862745,sampling+annotator_disagreement,measured_paired_annotators,paragraph_annotations.parquet vs paragraph_annotations__opus4-8.parquet,observed,Complete source-document paragraph corpus; primary AI labels
38,llm:Great Depression Recovery,Great Depression Recovery,llm,Exploratory AI paragraph labels,Great Depression Recovery,,,,,era,War & New Deal,5,1933,1945,1939.0,14.333612740989102,percent of eligible paragraphs,,1193,eligible paragraphs,0.14333612740989102,0.08643120912836165,0.21240530303030303,0.07436224361112027,0.2244742685475444,1193,55,290,ok,false,true,0.012068965517241376,sampling+annotator_disagreement,measured_paired_annotators,paragraph_annotations.parquet vs paragraph_annotations__opus4-8.parquet,observed,Complete source-document paragraph corpus; primary AI labels
38,llm:Great Depression Recovery,Great Depression Recovery,llm,Exploratory AI paragraph labels,Great Depression Recovery,,,,,era,The Cold War,6,1946,1988,1967.0,0.25155856939735316,percent of eligible paragraphs,,9143,eligible paragraphs,0.0025155856939735317,0.0012822574757133793,0.0040111291543140784,0.0,0.006155901272276545,9143,263,1865,ok,false,true,0.0021447721179624667,sampling+annotator_disagreement,measured_paired_annotators,paragraph_annotations.parquet vs paragraph_annotations__opus4-8.parquet,observed,Complete source-document paragraph corpus; primary AI labels
38,llm:Great Depression Recovery,Great Depression Recovery,llm,Exploratory AI paragraph labels,Great Depression Recovery,,,,,era,Post-Cold War,7,1989,2016,2002.5,0.6868686868686869,percent of eligible paragraphs,,4950,eligible paragraphs,0.006868686868686869,0.0028542461471720696,0.011781374900824213,0.0,0.01580282262200384,4950,149,1119,ok,false,true,0.004021447721179625,sampling+annotator_disagreement,measured_paired_annotators,paragraph_annotations.parquet vs paragraph_annotations__opus4-8.parquet,observed,Complete source-document paragraph corpus; primary AI labels
38,llm:Great Depression Recovery,Great Depression Recovery,llm,Exploratory AI paragraph labels,Great Depression Recovery,,,,,era,The present era,8,2017,2026,2021.5,0.8737864077669903,percent of eligible paragraphs,,4120,eligible paragraphs,0.008737864077669903,0.0027464730991763322,0.016705798489442297,0.002276548287146257,0.017175723301472372,4120,82,1064,ok,false,true,0.00046992481203007516,sampling+annotator_disagreement,measured_paired_annotators,paragraph_annotations.parquet vs paragraph_annotations__opus4-8.parquet,observed,Complete source-document paragraph corpus; primary AI labels
39,"llm:Labor, Wages & Working Conditions","Labor, Wages & Working Conditions",llm,Exploratory AI paragraph labels,"Labor, Wages & Working Conditions",,,,,era,The founding,0,1789,1815,1802.0,0.0,percent of eligible paragraphs,,927,eligible paragraphs,0.0,0.0,0.0,0.0,0.0,927,73,219,ok,false,true,0.0,sampling+annotator_disagreement,measured_paired_annotators,paragraph_annotations.parquet vs paragraph_annotations__opus4-8.parquet,observed,Complete source-document paragraph corpus; primary AI labels
39,"llm:Labor, Wages & Working Conditions","Labor, Wages & Working Conditions",llm,Exploratory AI paragraph labels,"Labor, Wages & Working Conditions",,,,,era,Expansion,1,1816,1849,1832.5,0.3236245954692557,percent of eligible paragraphs,,3708,eligible paragraphs,0.003236245954692557,0.0011626188140581133,0.005880969244772951,0.0006631183145576138,0.00638046974427345,3708,102,1001,ok,false,true,0.0004995004995004995,sampling+annotator_disagreement,measured_paired_annotators,paragraph_annotations.parquet vs paragraph_annotations__opus4-8.parquet,observed,Complete source-document paragraph corpus; primary AI labels
39,"llm:Labor, Wages & Working Conditions","Labor, Wages & Working Conditions",llm,Exploratory AI paragraph labels,"Labor, Wages & Working Conditions",,,,,era,Civil War & Reconstruction,2,1850,1877,1863.5,0.6183973202782788,percent of eligible paragraphs,,3881,eligible paragraphs,0.006183973202782788,0.0023843132770934856,0.010490107911110488,0.0007120724744179004,0.012162348713786074,3881,120,897,ok,false,true,0.0016722408026755853,sampling+annotator_disagreement,measured_paired_annotators,paragraph_annotations.parquet vs paragraph_annotations__opus4-8.parquet,observed,Complete source-document paragraph corpus; primary AI labels
39,"llm:Labor, Wages & Working Conditions","Labor, Wages & Working Conditions",llm,Exploratory AI paragraph labels,"Labor, Wages & Working Conditions",,,,,era,The Gilded Age,3,1878,1900,1889.0,1.7553636110337139,percent of eligible paragraphs,,3589,eligible paragraphs,0.01755363611033714,0.010311565559990247,0.026289776966180504,0.005043366326273772,0.031557976199896975,3589,84,1044,ok,false,true,0.0052681992337164744,sampling+annotator_disagreement,measured_paired_annotators,paragraph_annotations.parquet vs paragraph_annotations__opus4-8.parquet,observed,Complete source-document paragraph corpus; primary AI labels
39,"llm:Labor, Wages & Working Conditions","Labor, Wages & Working Conditions",llm,Exploratory AI paragraph labels,"Labor, Wages & Working Conditions",,,,,era,Progressives & Depression,4,1901,1932,1916.5,6.88851208139042,percent of eligible paragraphs,,4718,eligible paragraphs,0.0688851208139042,0.05058538690903084,0.08670187258809388,0.044983146012672295,0.09230411348445242,4718,129,1071,ok,false,true,0.005602240896358544,sampling+annotator_disagreement,measured_paired_annotators,paragraph_annotations.parquet vs paragraph_annotations__opus4-8.parquet,observed,Complete source-document paragraph corpus; primary AI labels
39,"llm:Labor, Wages & Working Conditions","Labor, Wages & Working Conditions",llm,Exploratory AI paragraph labels,"Labor, Wages & Working Conditions",,,,,era,War & New Deal,5,1933,1945,1939.0,10.980720871751885,percent of eligible paragraphs,,1193,eligible paragraphs,0.10980720871751885,0.07144898315814463,0.15070731034831458,0.05765587970986877,0.16450041379659044,1193,55,290,ok,false,true,0.013793103448275862,sampling+annotator_disagreement,measured_paired_annotators,paragraph_annotations.parquet vs paragraph_annotations__opus4-8.parquet,observed,Complete source-document paragraph corpus; primary AI labels
39,"llm:Labor, Wages & Working Conditions","Labor, Wages & Working Conditions",llm,Exploratory AI paragraph labels,"Labor, Wages & Working Conditions",,,,,era,The Cold War,6,1946,1988,1967.0,2.5593350103904626,percent of eligible paragraphs,,9143,eligible paragraphs,0.025593350103904625,0.01867924102534098,0.03284697636871505,0.01546208284839728,0.03606413454565875,9143,263,1865,ok,false,true,0.0032171581769436988,sampling+annotator_disagreement,measured_paired_annotators,paragraph_annotations.parquet vs paragraph_annotations__opus4-8.parquet,observed,Complete source-document paragraph corpus; primary AI labels
39,"llm:Labor, Wages & Working Conditions","Labor, Wages & Working Conditions",llm,Exploratory AI paragraph labels,"Labor, Wages & Working Conditions",,,,,era,Post-Cold War,7,1989,2016,2002.5,2.909090909090909,percent of eligible paragraphs,,4950,eligible paragraphs,0.02909090909090909,0.020283849355307238,0.03861400327680905,0.01715605668327864,0.041741795948837646,4950,149,1119,ok,false,true,0.0031277926720285967,sampling+annotator_disagreement,measured_paired_annotators,paragraph_annotations.parquet vs paragraph_annotations__opus4-8.parquet,observed,Complete source-document paragraph corpus; primary AI labels
39,"llm:Labor, Wages & Working Conditions","Labor, Wages & Working Conditions",llm,Exploratory AI paragraph labels,"Labor, Wages & Working Conditions",,,,,era,The present era,8,2017,2026,2021.5,1.5048543689320388,percent of eligible paragraphs,,4120,eligible paragraphs,0.015048543689320388,0.009150142060963031,0.022298139278625884,0.006800518000812656,0.02464776333877626,4120,82,1064,ok,false,true,0.002349624060150376,sampling+annotator_disagreement,measured_paired_annotators,paragraph_annotations.parquet vs paragraph_annotations__opus4-8.parquet,observed,Complete source-document paragraph corpus; primary AI labels
40,"llm:Welfare, Poverty & Economic Opportunity","Welfare, Poverty & Economic Opportunity",llm,Exploratory AI paragraph labels,"Welfare, Poverty & Economic Opportunity",,,,,era,The founding,0,1789,1815,1802.0,0.0,percent of eligible paragraphs,,927,eligible paragraphs,0.0,0.0,0.0,0.0,0.0,927,73,219,ok,false,true,0.0,sampling+annotator_disagreement,measured_paired_annotators,paragraph_annotations.parquet vs paragraph_annotations__opus4-8.parquet,observed,Complete source-document paragraph corpus; primary AI labels
40,"llm:Welfare, Poverty & Economic Opportunity","Welfare, Poverty & Economic Opportunity",llm,Exploratory AI paragraph labels,"Welfare, Poverty & Economic Opportunity",,,,,era,Expansion,1,1816,1849,1832.5,0.026968716289104636,percent of eligible paragraphs,,3708,eligible paragraphs,0.00026968716289104636,0.0,0.0009296705208839886,0.0,0.0009296705208839886,3708,102,1001,ok,false,true,0.0,sampling+annotator_disagreement,measured_paired_annotators,paragraph_annotations.parquet vs paragraph_annotations__opus4-8.parquet,observed,Complete source-document paragraph corpus; primary AI labels
40,"llm:Welfare, Poverty & Economic Opportunity","Welfare, Poverty & Economic Opportunity",llm,Exploratory AI paragraph labels,"Welfare, Poverty & Economic Opportunity",,,,,era,Civil War & Reconstruction,2,1850,1877,1863.5,0.0515331100231899,percent of eligible paragraphs,,3881,eligible paragraphs,0.000515331100231899,0.0,0.0016496567219733244,0.0,0.0016496567219733244,3881,120,897,ok,false,true,0.0,sampling+annotator_disagreement,measured_paired_annotators,paragraph_annotations.parquet vs paragraph_annotations__opus4-8.parquet,observed,Complete source-document paragraph corpus; primary AI labels
40,"llm:Welfare, Poverty & Economic Opportunity","Welfare, Poverty & Economic Opportunity",llm,Exploratory AI paragraph labels,"Welfare, Poverty & Economic Opportunity",,,,,era,The Gilded Age,3,1878,1900,1889.0,0.02786291446085261,percent of eligible paragraphs,,3589,eligible paragraphs,0.00027862914460852607,0.0,0.001054342355674209,0.0,0.001054342355674209,3589,84,1044,ok,false,true,0.0,sampling+annotator_disagreement,measured_paired_annotators,paragraph_annotations.parquet vs paragraph_annotations__opus4-8.parquet,observed,Complete source-document paragraph corpus; primary AI labels
40,"llm:Welfare, Poverty & Economic Opportunity","Welfare, Poverty & Economic Opportunity",llm,Exploratory AI paragraph labels,"Welfare, Poverty & Economic Opportunity",,,,,era,Progressives & Depression,4,1901,1932,1916.5,1.0385756676557862,percent of eligible paragraphs,,4718,eligible paragraphs,0.010385756676557863,0.0052796123629456964,0.018794921418492143,0.004345905546885939,0.0197286282345519,4718,129,1071,ok,false,true,0.0009337068160597574,sampling+annotator_disagreement,measured_paired_annotators,paragraph_annotations.parquet vs paragraph_annotations__opus4-8.parquet,observed,Complete source-document paragraph corpus; primary AI labels
40,"llm:Welfare, Poverty & Economic Opportunity","Welfare, Poverty & Economic Opportunity",llm,Exploratory AI paragraph labels,"Welfare, Poverty & Economic Opportunity",,,,,era,War & New Deal,5,1933,1945,1939.0,3.4367141659681475,percent of eligible paragraphs,,1193,eligible paragraphs,0.03436714165968147,0.02097674248301851,0.04984228000113174,0.015804328689915062,0.055014693794235195,1193,55,290,ok,false,true,0.005172413793103448,sampling+annotator_disagreement,measured_paired_annotators,paragraph_annotations.parquet vs paragraph_annotations__opus4-8.parquet,observed,Complete source-document paragraph corpus; primary AI labels
40,"llm:Welfare, Poverty & Economic Opportunity","Welfare, Poverty & Economic Opportunity",llm,Exploratory AI paragraph labels,"Welfare, Poverty & Economic Opportunity",,,,,era,The Cold War,6,1946,1988,1967.0,4.517116920048124,percent of eligible paragraphs,,9143,eligible paragraphs,0.04517116920048124,0.035158886669778434,0.055393434790442043,0.033282211066561276,0.0572701103936592,9143,263,1865,ok,false,true,0.001876675603217158,sampling+annotator_disagreement,measured_paired_annotators,paragraph_annotations.parquet vs paragraph_annotations__opus4-8.parquet,observed,Complete source-document paragraph corpus; primary AI labels
40,"llm:Welfare, Poverty & Economic Opportunity","Welfare, Poverty & Economic Opportunity",llm,Exploratory AI paragraph labels,"Welfare, Poverty & Economic Opportunity",,,,,era,Post-Cold War,7,1989,2016,2002.5,7.5353535353535355,percent of eligible paragraphs,,4950,eligible paragraphs,0.07535353535353535,0.05609979847167809,0.0954369440771871,0.04314180025898819,0.108394942289877,4950,149,1119,ok,false,true,0.012957998212689899,sampling+annotator_disagreement,measured_paired_annotators,paragraph_annotations.parquet vs paragraph_annotations__opus4-8.parquet,observed,Complete source-document paragraph corpus; primary AI labels
40,"llm:Welfare, Poverty & Economic Opportunity","Welfare, Poverty & Economic Opportunity",llm,Exploratory AI paragraph labels,"Welfare, Poverty & Economic Opportunity",,,,,era,The present era,8,2017,2026,2021.5,1.9902912621359223,percent of eligible paragraphs,,4120,eligible paragraphs,0.019902912621359223,0.010344474624888215,0.031230173822961393,0.00799485056473784,0.03357979788311177,4120,82,1064,ok,false,true,0.002349624060150376,sampling+annotator_disagreement,measured_paired_annotators,paragraph_annotations.parquet vs paragraph_annotations__opus4-8.parquet,observed,Complete source-document paragraph corpus; primary AI labels
41,"llm:Health Care, Medicare & Social Security","Health Care, Medicare & Social Security",llm,Exploratory AI paragraph labels,"Health Care, Medicare & Social Security",,,,,era,The founding,0,1789,1815,1802.0,0.0,percent of eligible paragraphs,,927,eligible paragraphs,0.0,0.0,0.0,0.0,0.0,927,73,219,ok,false,true,0.0,sampling+annotator_disagreement,measured_paired_annotators,paragraph_annotations.parquet vs paragraph_annotations__opus4-8.parquet,observed,Complete source-document paragraph corpus; primary AI labels
41,"llm:Health Care, Medicare & Social Security","Health Care, Medicare & Social Security",llm,Exploratory AI paragraph labels,"Health Care, Medicare & Social Security",,,,,era,Expansion,1,1816,1849,1832.5,0.0,percent of eligible paragraphs,,3708,eligible paragraphs,0.0,0.0,0.0,0.0,0.0,3708,102,1001,ok,false,true,0.0,sampling+annotator_disagreement,measured_paired_annotators,paragraph_annotations.parquet vs paragraph_annotations__opus4-8.parquet,observed,Complete source-document paragraph corpus; primary AI labels
41,"llm:Health Care, Medicare & Social Security","Health Care, Medicare & Social Security",llm,Exploratory AI paragraph labels,"Health Care, Medicare & Social Security",,,,,era,Civil War & Reconstruction,2,1850,1877,1863.5,0.0,percent of eligible paragraphs,,3881,eligible paragraphs,0.0,0.0,0.0,0.0,0.0,3881,120,897,ok,false,true,0.0,sampling+annotator_disagreement,measured_paired_annotators,paragraph_annotations.parquet vs paragraph_annotations__opus4-8.parquet,observed,Complete source-document paragraph corpus; primary AI labels
41,"llm:Health Care, Medicare & Social Security","Health Care, Medicare & Social Security",llm,Exploratory AI paragraph labels,"Health Care, Medicare & Social Security",,,,,era,The Gilded Age,3,1878,1900,1889.0,0.0,percent of eligible paragraphs,,3589,eligible paragraphs,0.0,0.0,0.0,0.0,0.0009578544061302681,3589,84,1044,ok,false,true,0.0009578544061302681,sampling+annotator_disagreement,measured_paired_annotators,paragraph_annotations.parquet vs paragraph_annotations__opus4-8.parquet,observed,Complete source-document paragraph corpus; primary AI labels
41,"llm:Health Care, Medicare & Social Security","Health Care, Medicare & Social Security",llm,Exploratory AI paragraph labels,"Health Care, Medicare & Social Security",,,,,era,Progressives & Depression,4,1901,1932,1916.5,0.23314963967782956,percent of eligible paragraphs,,4718,eligible paragraphs,0.0023314963967782957,0.0007403900365352442,0.004365088782522801,0.0,0.005298795598582559,4718,129,1071,ok,false,true,0.0009337068160597573,sampling+annotator_disagreement,measured_paired_annotators,paragraph_annotations.parquet vs paragraph_annotations__opus4-8.parquet,observed,Complete source-document paragraph corpus; primary AI labels
41,"llm:Health Care, Medicare & Social Security","Health Care, Medicare & Social Security",llm,Exploratory AI paragraph labels,"Health Care, Medicare & Social Security",,,,,era,War & New Deal,5,1933,1945,1939.0,1.4249790444258172,percent of eligible paragraphs,,1193,eligible paragraphs,0.014249790444258172,0.0054317446307737575,0.025220734425301587,0.0054317446307737575,0.025220734425301587,1193,55,290,ok,false,true,0.0,sampling+annotator_disagreement,measured_paired_annotators,paragraph_annotations.parquet vs paragraph_annotations__opus4-8.parquet,observed,Complete source-document paragraph corpus; primary AI labels
41,"llm:Health Care, Medicare & Social Security","Health Care, Medicare & Social Security",llm,Exploratory AI paragraph labels,"Health Care, Medicare & Social Security",,,,,era,The Cold War,6,1946,1988,1967.0,2.8655802253089795,percent of eligible paragraphs,,9143,eligible paragraphs,0.028655802253089797,0.021108780378256288,0.03706064247671134,0.020572587348765672,0.03759683550620196,9143,263,1865,ok,false,true,0.0005361930294906156,sampling+annotator_disagreement,measured_paired_annotators,paragraph_annotations.parquet vs paragraph_annotations__opus4-8.parquet,observed,Complete source-document paragraph corpus; primary AI labels
41,"llm:Health Care, Medicare & Social Security","Health Care, Medicare & Social Security",llm,Exploratory AI paragraph labels,"Health Care, Medicare & Social Security",,,,,era,Post-Cold War,7,1989,2016,2002.5,10.04040404040404,percent of eligible paragraphs,,4950,eligible paragraphs,0.1004040404040404,0.07143532202384795,0.1358799183671167,0.06786070182724384,0.1394545385637208,4950,149,1119,ok,false,true,0.0035746201966041086,sampling+annotator_disagreement,measured_paired_annotators,paragraph_annotations.parquet vs paragraph_annotations__opus4-8.parquet,observed,Complete source-document paragraph corpus; primary AI labels
41,"llm:Health Care, Medicare & Social Security","Health Care, Medicare & Social Security",llm,Exploratory AI paragraph labels,"Health Care, Medicare & Social Security",,,,,era,The present era,8,2017,2026,2021.5,9.902912621359224,percent of eligible paragraphs,,4120,eligible paragraphs,0.09902912621359224,0.04912227560714377,0.15309529424902849,0.03925385455451219,0.16296371530166007,4120,82,1064,ok,false,true,0.009868421052631582,sampling+annotator_disagreement,measured_paired_annotators,paragraph_annotations.parquet vs paragraph_annotations__opus4-8.parquet,observed,Complete source-document paragraph corpus; primary AI labels
42,"llm:Prosperity, Jobs & the Middle Class","Prosperity, Jobs & the Middle Class",llm,Exploratory AI paragraph labels,"Prosperity, Jobs & the Middle Class",,,,,era,The founding,0,1789,1815,1802.0,0.10787486515641855,percent of eligible paragraphs,,927,eligible paragraphs,0.0010787486515641855,0.0,0.0035242237583996286,0.0,0.0035242237583996286,927,73,219,ok,false,true,0.0,sampling+annotator_disagreement,measured_paired_annotators,paragraph_annotations.parquet vs paragraph_annotations__opus4-8.parquet,observed,Complete source-document paragraph corpus; primary AI labels
42,"llm:Prosperity, Jobs & the Middle Class","Prosperity, Jobs & the Middle Class",llm,Exploratory AI paragraph labels,"Prosperity, Jobs & the Middle Class",,,,,era,Expansion,1,1816,1849,1832.5,0.08090614886731393,percent of eligible paragraphs,,3708,eligible paragraphs,0.0008090614886731392,0.0,0.001875013725619378,0.0,0.001875013725619378,3708,102,1001,ok,false,true,0.0,sampling+annotator_disagreement,measured_paired_annotators,paragraph_annotations.parquet vs paragraph_annotations__opus4-8.parquet,observed,Complete source-document paragraph corpus; primary AI labels
42,"llm:Prosperity, Jobs & the Middle Class","Prosperity, Jobs & the Middle Class",llm,Exploratory AI paragraph labels,"Prosperity, Jobs & the Middle Class",,,,,era,Civil War & Reconstruction,2,1850,1877,1863.5,0.0515331100231899,percent of eligible paragraphs,,3881,eligible paragraphs,0.000515331100231899,0.0,0.0014901945416540654,0.0,0.0026050217434377887,3881,120,897,ok,false,true,0.0011148272017837235,sampling+annotator_disagreement,measured_paired_annotators,paragraph_annotations.parquet vs paragraph_annotations__opus4-8.parquet,observed,Complete source-document paragraph corpus; primary AI labels
42,"llm:Prosperity, Jobs & the Middle Class","Prosperity, Jobs & the Middle Class",llm,Exploratory AI paragraph labels,"Prosperity, Jobs & the Middle Class",,,,,era,The Gilded Age,3,1878,1900,1889.0,0.6687099470604625,percent of eligible paragraphs,,3589,eligible paragraphs,0.006687099470604625,0.002246084378425064,0.013782149325461322,0.0017671571753599302,0.014261076528526456,3589,84,1044,ok,false,true,0.0004789272030651338,sampling+annotator_disagreement,measured_paired_annotators,paragraph_annotations.parquet vs paragraph_annotations__opus4-8.parquet,observed,Complete source-document paragraph corpus; primary AI labels
42,"llm:Prosperity, Jobs & the Middle Class","Prosperity, Jobs & the Middle Class",llm,Exploratory AI paragraph labels,"Prosperity, Jobs & the Middle Class",,,,,era,Progressives & Depression,4,1901,1932,1916.5,1.483679525222552,percent of eligible paragraphs,,4718,eligible paragraphs,0.01483679525222552,0.008475993872607026,0.024168520124689778,0.0,0.03397244169331723,4718,129,1071,ok,false,true,0.00980392156862745,sampling+annotator_disagreement,measured_paired_annotators,paragraph_annotations.parquet vs paragraph_annotations__opus4-8.parquet,observed,Complete source-document paragraph corpus; primary AI labels
42,"llm:Prosperity, Jobs & the Middle Class","Prosperity, Jobs & the Middle Class",llm,Exploratory AI paragraph labels,"Prosperity, Jobs & the Middle Class",,,,,era,War & New Deal,5,1933,1945,1939.0,1.6764459346186085,percent of eligible paragraphs,,1193,eligible paragraphs,0.016764459346186086,0.0075291824196597355,0.026550945250499305,0.0,0.03517163490567172,1193,55,290,ok,false,true,0.008620689655172414,sampling+annotator_disagreement,measured_paired_annotators,paragraph_annotations.parquet vs paragraph_annotations__opus4-8.parquet,observed,Complete source-document paragraph corpus; primary AI labels
42,"llm:Prosperity, Jobs & the Middle Class","Prosperity, Jobs & the Middle Class",llm,Exploratory AI paragraph labels,"Prosperity, Jobs & the Middle Class",,,,,era,The Cold War,6,1946,1988,1967.0,5.435852564803675,percent of eligible paragraphs,,9143,eligible paragraphs,0.05435852564803675,0.04600655809916347,0.06209638030519711,0.036086987053587066,0.07201595135077352,9143,263,1865,ok,false,true,0.009919571045576406,sampling+annotator_disagreement,measured_paired_annotators,paragraph_annotations.parquet vs paragraph_annotations__opus4-8.parquet,observed,Complete source-document paragraph corpus; primary AI labels
42,"llm:Prosperity, Jobs & the Middle Class","Prosperity, Jobs & the Middle Class",llm,Exploratory AI paragraph labels,"Prosperity, Jobs & the Middle Class",,,,,era,Post-Cold War,7,1989,2016,2002.5,9.232323232323232,percent of eligible paragraphs,,4950,eligible paragraphs,0.09232323232323232,0.07617506777673975,0.10912658663372785,0.05472734659711509,0.1305743078133525,4950,149,1119,ok,false,true,0.021447721179624665,sampling+annotator_disagreement,measured_paired_annotators,paragraph_annotations.parquet vs paragraph_annotations__opus4-8.parquet,observed,Complete source-document paragraph corpus; primary AI labels
42,"llm:Prosperity, Jobs & the Middle Class","Prosperity, Jobs & the Middle Class",llm,Exploratory AI paragraph labels,"Prosperity, Jobs & the Middle Class",,,,,era,The present era,8,2017,2026,2021.5,7.451456310679612,percent of eligible paragraphs,,4120,eligible paragraphs,0.07451456310679612,0.05721203282533934,0.09175468466039367,0.04922331102082807,0.09974340646490495,4120,82,1064,ok,false,true,0.007988721804511274,sampling+annotator_disagreement,measured_paired_annotators,paragraph_annotations.parquet vs paragraph_annotations__opus4-8.parquet,observed,Complete source-document paragraph corpus; primary AI labels
43,llm:Public Lands & Homestead Settlement,Public Lands & Homestead Settlement,llm,Exploratory AI paragraph labels,Public Lands & Homestead Settlement,,,,,era,The founding,0,1789,1815,1802.0,1.5102481121898599,percent of eligible paragraphs,,927,eligible paragraphs,0.015102481121898598,0.00604735991426639,0.027107466886681336,0.0,0.033956781955174486,927,73,219,ok,false,true,0.00684931506849315,sampling+annotator_disagreement,measured_paired_annotators,paragraph_annotations.parquet vs paragraph_annotations__opus4-8.parquet,observed,Complete source-document paragraph corpus; primary AI labels
43,llm:Public Lands & Homestead Settlement,Public Lands & Homestead Settlement,llm,Exploratory AI paragraph labels,Public Lands & Homestead Settlement,,,,,era,Expansion,1,1816,1849,1832.5,3.6138079827400214,percent of eligible paragraphs,,3708,eligible paragraphs,0.036138079827400214,0.024522951482479783,0.050118698419766544,0.023523950483478783,0.051117699418767544,3708,102,1001,ok,false,true,0.0009990009990009999,sampling+annotator_disagreement,measured_paired_annotators,paragraph_annotations.parquet vs paragraph_annotations__opus4-8.parquet,observed,Complete source-document paragraph corpus; primary AI labels
43,llm:Public Lands & Homestead Settlement,Public Lands & Homestead Settlement,llm,Exploratory AI paragraph labels,Public Lands & Homestead Settlement,,,,,era,Civil War & Reconstruction,2,1850,1877,1863.5,2.473589281113115,percent of eligible paragraphs,,3881,eligible paragraphs,0.02473589281113115,0.014056123086847916,0.038575339291513314,0.013498709485956054,0.03913275289240518,3881,120,897,ok,false,true,0.000557413600891862,sampling+annotator_disagreement,measured_paired_annotators,paragraph_annotations.parquet vs paragraph_annotations__opus4-8.parquet,observed,Complete source-document paragraph corpus; primary AI labels
43,llm:Public Lands & Homestead Settlement,Public Lands & Homestead Settlement,llm,Exploratory AI paragraph labels,Public Lands & Homestead Settlement,,,,,era,The Gilded Age,3,1878,1900,1889.0,1.978266926720535,percent of eligible paragraphs,,3589,eligible paragraphs,0.01978266926720535,0.013504936678203232,0.02589744122750674,0.010631373459812427,0.028771004445897544,3589,84,1044,ok,false,true,0.0028735632183908046,sampling+annotator_disagreement,measured_paired_annotators,paragraph_annotations.parquet vs paragraph_annotations__opus4-8.parquet,observed,Complete source-document paragraph corpus; primary AI labels
43,llm:Public Lands & Homestead Settlement,Public Lands & Homestead Settlement,llm,Exploratory AI paragraph labels,Public Lands & Homestead Settlement,,,,,era,Progressives & Depression,4,1901,1932,1916.5,2.225519287833828,percent of eligible paragraphs,,4718,eligible paragraphs,0.02225519287833828,0.014832582370280241,0.030734936338166426,0.010630901698011334,0.034936617010435336,4718,129,1071,ok,false,true,0.004201680672268907,sampling+annotator_disagreement,measured_paired_annotators,paragraph_annotations.parquet vs paragraph_annotations__opus4-8.parquet,observed,Complete source-document paragraph corpus; primary AI labels
43,llm:Public Lands & Homestead Settlement,Public Lands & Homestead Settlement,llm,Exploratory AI paragraph labels,Public Lands & Homestead Settlement,,,,,era,War & New Deal,5,1933,1945,1939.0,0.4191114836546521,percent of eligible paragraphs,,1193,eligible paragraphs,0.004191114836546521,0.0,0.00881197125594746,0.0,0.00881197125594746,1193,55,290,ok,false,true,0.0,sampling+annotator_disagreement,measured_paired_annotators,paragraph_annotations.parquet vs paragraph_annotations__opus4-8.parquet,observed,Complete source-document paragraph corpus; primary AI labels
43,llm:Public Lands & Homestead Settlement,Public Lands & Homestead Settlement,llm,Exploratory AI paragraph labels,Public Lands & Homestead Settlement,,,,,era,The Cold War,6,1946,1988,1967.0,0.09843596193809472,percent of eligible paragraphs,,9143,eligible paragraphs,0.0009843596193809471,0.00033897989767521654,0.0016348804562157835,7.08833829299082e-05,0.0019029769709610917,9143,263,1865,ok,false,true,0.00026809651474530834,sampling+annotator_disagreement,measured_paired_annotators,paragraph_annotations.parquet vs paragraph_annotations__opus4-8.parquet,observed,Complete source-document paragraph corpus; primary AI labels
43,llm:Public Lands & Homestead Settlement,Public Lands & Homestead Settlement,llm,Exploratory AI paragraph labels,Public Lands & Homestead Settlement,,,,,era,Post-Cold War,7,1989,2016,2002.5,0.0404040404040404,percent of eligible paragraphs,,4950,eligible paragraphs,0.00040404040404040404,0.0,0.0010268602143448113,0.0,0.0010268602143448113,4950,149,1119,ok,false,true,0.0,sampling+annotator_disagreement,measured_paired_annotators,paragraph_annotations.parquet vs paragraph_annotations__opus4-8.parquet,observed,Complete source-document paragraph corpus; primary AI labels
43,llm:Public Lands & Homestead Settlement,Public Lands & Homestead Settlement,llm,Exploratory AI paragraph labels,Public Lands & Homestead Settlement,,,,,era,The present era,8,2017,2026,2021.5,0.04854368932038835,percent of eligible paragraphs,,4120,eligible paragraphs,0.0004854368932038835,0.0,0.0013151909724722023,0.0,0.0017851157845022775,4120,82,1064,ok,false,true,0.00046992481203007516,sampling+annotator_disagreement,measured_paired_annotators,paragraph_annotations.parquet vs paragraph_annotations__opus4-8.parquet,observed,Complete source-document paragraph corpus; primary AI labels
44,llm:Agriculture & Farm Prices,Agriculture & Farm Prices,llm,Exploratory AI paragraph labels,Agriculture & Farm Prices,,,,,era,The founding,0,1789,1815,1802.0,0.8629989212513484,percent of eligible paragraphs,,927,eligible paragraphs,0.008629989212513484,0.003754929733933234,0.014616556650967566,0.0,0.026032081765122818,927,73,219,ok,false,true,0.01141552511415525,sampling+annotator_disagreement,measured_paired_annotators,paragraph_annotations.parquet vs paragraph_annotations__opus4-8.parquet,observed,Complete source-document paragraph corpus; primary AI labels
44,llm:Agriculture & Farm Prices,Agriculture & Farm Prices,llm,Exploratory AI paragraph labels,Agriculture & Farm Prices,,,,,era,Expansion,1,1816,1849,1832.5,0.889967637540453,percent of eligible paragraphs,,3708,eligible paragraphs,0.00889967637540453,0.005122393450251653,0.013279095551341312,0.005122393450251653,0.013279095551341312,3708,102,1001,ok,false,true,0.0,sampling+annotator_disagreement,measured_paired_annotators,paragraph_annotations.parquet vs paragraph_annotations__opus4-8.parquet,observed,Complete source-document paragraph corpus; primary AI labels
44,llm:Agriculture & Farm Prices,Agriculture & Farm Prices,llm,Exploratory AI paragraph labels,Agriculture & Farm Prices,,,,,era,Civil War & Reconstruction,2,1850,1877,1863.5,0.9018294254058232,percent of eligible paragraphs,,3881,eligible paragraphs,0.009018294254058232,0.005459684165466891,0.012688094009274975,0.0037874433627913063,0.014360334811950561,3881,120,897,ok,false,true,0.0016722408026755853,sampling+annotator_disagreement,measured_paired_annotators,paragraph_annotations.parquet vs paragraph_annotations__opus4-8.parquet,observed,Complete source-document paragraph corpus; primary AI labels
44,llm:Agriculture & Farm Prices,Agriculture & Farm Prices,llm,Exploratory AI paragraph labels,Agriculture & Farm Prices,,,,,era,The Gilded Age,3,1878,1900,1889.0,2.9813318473112287,percent of eligible paragraphs,,3589,eligible paragraphs,0.029813318473112287,0.0190797656602073,0.040797416118243605,0.018121911254077035,0.041755270524373875,3589,84,1044,ok,false,true,0.0009578544061302676,sampling+annotator_disagreement,measured_paired_annotators,paragraph_annotations.parquet vs paragraph_annotations__opus4-8.parquet,observed,Complete source-document paragraph corpus; primary AI labels
44,llm:Agriculture & Farm Prices,Agriculture & Farm Prices,llm,Exploratory AI paragraph labels,Agriculture & Farm Prices,,,,,era,Progressives & Depression,4,1901,1932,1916.5,4.726579058923273,percent of eligible paragraphs,,4718,eligible paragraphs,0.04726579058923273,0.03604006038542178,0.059751887997430454,0.032772086529212624,0.0630198618536396,4718,129,1071,ok,false,true,0.003267973856209149,sampling+annotator_disagreement,measured_paired_annotators,paragraph_annotations.parquet vs paragraph_annotations__opus4-8.parquet,observed,Complete source-document paragraph corpus; primary AI labels
44,llm:Agriculture & Farm Prices,Agriculture & Farm Prices,llm,Exploratory AI paragraph labels,Agriculture & Farm Prices,,,,,era,War & New Deal,5,1933,1945,1939.0,5.364626990779548,percent of eligible paragraphs,,1193,eligible paragraphs,0.053646269907795474,0.02514350350295584,0.08435957069243875,0.02341936557192136,0.08608370862347324,1193,55,290,ok,false,true,0.0017241379310344827,sampling+annotator_disagreement,measured_paired_annotators,paragraph_annotations.parquet vs paragraph_annotations__opus4-8.parquet,observed,Complete source-document paragraph corpus; primary AI labels
44,llm:Agriculture & Farm Prices,Agriculture & Farm Prices,llm,Exploratory AI paragraph labels,Agriculture & Farm Prices,,,,,era,The Cold War,6,1946,1988,1967.0,2.154653833533851,percent of eligible paragraphs,,9143,eligible paragraphs,0.02154653833533851,0.016482360586525538,0.02692349414932257,0.015946167557034922,0.027459687178813186,9143,263,1865,ok,false,true,0.0005361930294906165,sampling+annotator_disagreement,measured_paired_annotators,paragraph_annotations.parquet vs paragraph_annotations__opus4-8.parquet,observed,Complete source-document paragraph corpus; primary AI labels
44,llm:Agriculture & Farm Prices,Agriculture & Farm Prices,llm,Exploratory AI paragraph labels,Agriculture & Farm Prices,,,,,era,Post-Cold War,7,1989,2016,2002.5,0.30303030303030304,percent of eligible paragraphs,,4950,eligible paragraphs,0.0030303030303030303,0.0014515764956474957,0.0046755717293400344,0.0001110939219209539,0.006016054303066576,4950,149,1119,ok,false,true,0.0013404825737265418,sampling+annotator_disagreement,measured_paired_annotators,paragraph_annotations.parquet vs paragraph_annotations__opus4-8.parquet,observed,Complete source-document paragraph corpus; primary AI labels
44,llm:Agriculture & Farm Prices,Agriculture & Farm Prices,llm,Exploratory AI paragraph labels,Agriculture & Farm Prices,,,,,era,The present era,8,2017,2026,2021.5,0.6796116504854369,percent of eligible paragraphs,,4120,eligible paragraphs,0.006796116504854369,0.002819398052578359,0.012764049463704248,0.0009396988044580584,0.014643748711824549,4120,82,1064,ok,false,true,0.0018796992481203006,sampling+annotator_disagreement,measured_paired_annotators,paragraph_annotations.parquet vs paragraph_annotations__opus4-8.parquet,observed,Complete source-document paragraph corpus; primary AI labels
45,llm:Conservation & the Environment,Conservation & the Environment,llm,Exploratory AI paragraph labels,Conservation & the Environment,,,,,era,The founding,0,1789,1815,1802.0,0.0,percent of eligible paragraphs,,927,eligible paragraphs,0.0,0.0,0.0,0.0,0.0,927,73,219,ok,false,true,0.0,sampling+annotator_disagreement,measured_paired_annotators,paragraph_annotations.parquet vs paragraph_annotations__opus4-8.parquet,observed,Complete source-document paragraph corpus; primary AI labels
45,llm:Conservation & the Environment,Conservation & the Environment,llm,Exploratory AI paragraph labels,Conservation & the Environment,,,,,era,Expansion,1,1816,1849,1832.5,0.026968716289104636,percent of eligible paragraphs,,3708,eligible paragraphs,0.00026968716289104636,0.0,0.0009174286889857328,0.0,0.0014169291884862322,3708,102,1001,ok,false,true,0.0004995004995004995,sampling+annotator_disagreement,measured_paired_annotators,paragraph_annotations.parquet vs paragraph_annotations__opus4-8.parquet,observed,Complete source-document paragraph corpus; primary AI labels
45,llm:Conservation & the Environment,Conservation & the Environment,llm,Exploratory AI paragraph labels,Conservation & the Environment,,,,,era,Civil War & Reconstruction,2,1850,1877,1863.5,0.07729966503478485,percent of eligible paragraphs,,3881,eligible paragraphs,0.0007729966503478485,0.0,0.0018411745847275933,0.0,0.0018411745847275933,3881,120,897,ok,false,true,0.0,sampling+annotator_disagreement,measured_paired_annotators,paragraph_annotations.parquet vs paragraph_annotations__opus4-8.parquet,observed,Complete source-document paragraph corpus; primary AI labels
45,llm:Conservation & the Environment,Conservation & the Environment,llm,Exploratory AI paragraph labels,Conservation & the Environment,,,,,era,The Gilded Age,3,1878,1900,1889.0,0.9752020061298413,percent of eligible paragraphs,,3589,eligible paragraphs,0.009752020061298413,0.006778706378992287,0.012603157970805029,0.004862997566731751,0.014518866783065566,3589,84,1044,ok,false,true,0.0019157088122605365,sampling+annotator_disagreement,measured_paired_annotators,paragraph_annotations.parquet vs paragraph_annotations__opus4-8.parquet,observed,Complete source-document paragraph corpus; primary AI labels
45,llm:Conservation & the Environment,Conservation & the Environment,llm,Exploratory AI paragraph labels,Conservation & the Environment,,,,,era,Progressives & Depression,4,1901,1932,1916.5,3.793980500211954,percent of eligible paragraphs,,4718,eligible paragraphs,0.03793980500211954,0.024443588002012875,0.04917803888927609,0.01884134710565433,0.054780279785634635,4718,129,1071,ok,false,true,0.005602240896358544,sampling+annotator_disagreement,measured_paired_annotators,paragraph_annotations.parquet vs paragraph_annotations__opus4-8.parquet,observed,Complete source-document paragraph corpus; primary AI labels
45,llm:Conservation & the Environment,Conservation & the Environment,llm,Exploratory AI paragraph labels,Conservation & the Environment,,,,,era,War & New Deal,5,1933,1945,1939.0,0.9220452640402346,percent of eligible paragraphs,,1193,eligible paragraphs,0.009220452640402346,0.0018099378719036384,0.01765594881640186,0.0,0.026276638471574274,1193,55,290,ok,false,true,0.008620689655172414,sampling+annotator_disagreement,measured_paired_annotators,paragraph_annotations.parquet vs paragraph_annotations__opus4-8.parquet,observed,Complete source-document paragraph corpus; primary AI labels
45,llm:Conservation & the Environment,Conservation & the Environment,llm,Exploratory AI paragraph labels,Conservation & the Environment,,,,,era,The Cold War,6,1946,1988,1967.0,1.3671661380290931,percent of eligible paragraphs,,9143,eligible paragraphs,0.013671661380290932,0.009757186619622002,0.017544018869150232,0.006540028442678302,0.020761177046093933,9143,263,1865,ok,false,true,0.0032171581769437,sampling+annotator_disagreement,measured_paired_annotators,paragraph_annotations.parquet vs paragraph_annotations__opus4-8.parquet,observed,Complete source-document paragraph corpus; primary AI labels
45,llm:Conservation & the Environment,Conservation & the Environment,llm,Exploratory AI paragraph labels,Conservation & the Environment,,,,,era,Post-Cold War,7,1989,2016,2002.5,2.808080808080808,percent of eligible paragraphs,,4950,eligible paragraphs,0.02808080808080808,0.02081780293742619,0.03764899432519915,0.015009045117944509,0.04345775214468083,4950,149,1119,ok,false,true,0.00580875781948168,sampling+annotator_disagreement,measured_paired_annotators,paragraph_annotations.parquet vs paragraph_annotations__opus4-8.parquet,observed,Complete source-document paragraph corpus; primary AI labels
45,llm:Conservation & the Environment,Conservation & the Environment,llm,Exploratory AI paragraph labels,Conservation & the Environment,,,,,era,The present era,8,2017,2026,2021.5,2.1359223300970873,percent of eligible paragraphs,,4120,eligible paragraphs,0.021359223300970873,0.012135879012728938,0.031103637688616653,0.010726104576638713,0.032513412124706875,4120,82,1064,ok,false,true,0.0014097744360902255,sampling+annotator_disagreement,measured_paired_annotators,paragraph_annotations.parquet vs paragraph_annotations__opus4-8.parquet,observed,Complete source-document paragraph corpus; primary AI labels
46,"llm:Internal Improvements, Energy & Infrastructure","Internal Improvements, Energy & Infrastructure",llm,Exploratory AI paragraph labels,"Internal Improvements, Energy & Infrastructure",,,,,era,The founding,0,1789,1815,1802.0,1.5102481121898599,percent of eligible paragraphs,,927,eligible paragraphs,0.015102481121898598,0.004658186778548293,0.0286394107423653,9.19767328861924e-05,0.0332056207880274,927,73,219,ok,false,true,0.0045662100456621,sampling+annotator_disagreement,measured_paired_annotators,paragraph_annotations.parquet vs paragraph_annotations__opus4-8.parquet,observed,Complete source-document paragraph corpus; primary AI labels
46,"llm:Internal Improvements, Energy & Infrastructure","Internal Improvements, Energy & Infrastructure",llm,Exploratory AI paragraph labels,"Internal Improvements, Energy & Infrastructure",,,,,era,Expansion,1,1816,1849,1832.5,5.744336569579287,percent of eligible paragraphs,,3708,eligible paragraphs,0.05744336569579288,0.03688218484983232,0.0822511182999729,0.03588318385083132,0.0832501192989739,3708,102,1001,ok,false,true,0.0009990009990009964,sampling+annotator_disagreement,measured_paired_annotators,paragraph_annotations.parquet vs paragraph_annotations__opus4-8.parquet,observed,Complete source-document paragraph corpus; primary AI labels
46,"llm:Internal Improvements, Energy & Infrastructure","Internal Improvements, Energy & Infrastructure",llm,Exploratory AI paragraph labels,"Internal Improvements, Energy & Infrastructure",,,,,era,Civil War & Reconstruction,2,1850,1877,1863.5,4.741046122133471,percent of eligible paragraphs,,3881,eligible paragraphs,0.04741046122133471,0.027855845663967996,0.0751843817787418,0.026741018462184275,0.07629920898052553,3881,120,897,ok,false,true,0.0011148272017837205,sampling+annotator_disagreement,measured_paired_annotators,paragraph_annotations.parquet vs paragraph_annotations__opus4-8.parquet,observed,Complete source-document paragraph corpus; primary AI labels
46,"llm:Internal Improvements, Energy & Infrastructure","Internal Improvements, Energy & Infrastructure",llm,Exploratory AI paragraph labels,"Internal Improvements, Energy & Infrastructure",,,,,era,The Gilded Age,3,1878,1900,1889.0,4.346614655893006,percent of eligible paragraphs,,3589,eligible paragraphs,0.043466146558930066,0.032823730366242344,0.05511298355492312,0.029471239944786405,0.05846547397637906,3589,84,1044,ok,false,true,0.0033524904214559392,sampling+annotator_disagreement,measured_paired_annotators,paragraph_annotations.parquet vs paragraph_annotations__opus4-8.parquet,observed,Complete source-document paragraph corpus; primary AI labels
46,"llm:Internal Improvements, Energy & Infrastructure","Internal Improvements, Energy & Infrastructure",llm,Exploratory AI paragraph labels,"Internal Improvements, Energy & Infrastructure",,,,,era,Progressives & Depression,4,1901,1932,1916.5,10.046629927935566,percent of eligible paragraphs,,4718,eligible paragraphs,0.10046629927935566,0.07154675270265735,0.13875649997709255,0.06967933907053783,0.14062391360921206,4718,129,1071,ok,false,true,0.0018674136321195148,sampling+annotator_disagreement,measured_paired_annotators,paragraph_annotations.parquet vs paragraph_annotations__opus4-8.parquet,observed,Complete source-document paragraph corpus; primary AI labels
46,"llm:Internal Improvements, Energy & Infrastructure","Internal Improvements, Energy & Infrastructure",llm,Exploratory AI paragraph labels,"Internal Improvements, Energy & Infrastructure",,,,,era,War & New Deal,5,1933,1945,1939.0,2.8499580888516345,percent of eligible paragraphs,,1193,eligible paragraphs,0.028499580888516344,0.016555564312318867,0.041036758502842136,0.016555564312318867,0.041036758502842136,1193,55,290,ok,false,true,0.0,sampling+annotator_disagreement,measured_paired_annotators,paragraph_annotations.parquet vs paragraph_annotations__opus4-8.parquet,observed,Complete source-document paragraph corpus; primary AI labels
46,"llm:Internal Improvements, Energy & Infrastructure","Internal Improvements, Energy & Infrastructure",llm,Exploratory AI paragraph labels,"Internal Improvements, Energy & Infrastructure",,,,,era,The Cold War,6,1946,1988,1967.0,3.6093186043968064,percent of eligible paragraphs,,9143,eligible paragraphs,0.036093186043968065,0.02650907802895532,0.04605844897473277,0.024096209396247546,0.04847131760744054,9143,263,1865,ok,false,true,0.0024128686327077736,sampling+annotator_disagreement,measured_paired_annotators,paragraph_annotations.parquet vs paragraph_annotations__opus4-8.parquet,observed,Complete source-document paragraph corpus; primary AI labels
46,"llm:Internal Improvements, Energy & Infrastructure","Internal Improvements, Energy & Infrastructure",llm,Exploratory AI paragraph labels,"Internal Improvements, Energy & Infrastructure",,,,,era,Post-Cold War,7,1989,2016,2002.5,3.5151515151515147,percent of eligible paragraphs,,4950,eligible paragraphs,0.03515151515151515,0.027401734497755674,0.04406066547201561,0.027401734497755674,0.04406066547201561,4950,149,1119,ok,false,true,0.0,sampling+annotator_disagreement,measured_paired_annotators,paragraph_annotations.parquet vs paragraph_annotations__opus4-8.parquet,observed,Complete source-document paragraph corpus; primary AI labels
46,"llm:Internal Improvements, Energy & Infrastructure","Internal Improvements, Energy & Infrastructure",llm,Exploratory AI paragraph labels,"Internal Improvements, Energy & Infrastructure",,,,,era,The present era,8,2017,2026,2021.5,4.927184466019417,percent of eligible paragraphs,,4120,eligible paragraphs,0.04927184466019417,0.033635970194189374,0.07275474083438684,0.032696120570129224,0.07369459045844698,4120,82,1064,ok,false,true,0.0009398496240601503,sampling+annotator_disagreement,measured_paired_annotators,paragraph_annotations.parquet vs paragraph_annotations__opus4-8.parquet,observed,Complete source-document paragraph corpus; primary AI labels
47,llm:Space Exploration,Space Exploration,llm,Exploratory AI paragraph labels,Space Exploration,,,,,era,The founding,0,1789,1815,1802.0,0.0,percent of eligible paragraphs,,927,eligible paragraphs,0.0,0.0,0.0,0.0,0.0,927,73,219,ok,false,true,0.0,sampling+annotator_disagreement,measured_paired_annotators,paragraph_annotations.parquet vs paragraph_annotations__opus4-8.parquet,observed,Complete source-document paragraph corpus; primary AI labels
47,llm:Space Exploration,Space Exploration,llm,Exploratory AI paragraph labels,Space Exploration,,,,,era,Expansion,1,1816,1849,1832.5,0.0,percent of eligible paragraphs,,3708,eligible paragraphs,0.0,0.0,0.0,0.0,0.0,3708,102,1001,ok,false,true,0.0,sampling+annotator_disagreement,measured_paired_annotators,paragraph_annotations.parquet vs paragraph_annotations__opus4-8.parquet,observed,Complete source-document paragraph corpus; primary AI labels
47,llm:Space Exploration,Space Exploration,llm,Exploratory AI paragraph labels,Space Exploration,,,,,era,Civil War & Reconstruction,2,1850,1877,1863.5,0.0,percent of eligible paragraphs,,3881,eligible paragraphs,0.0,0.0,0.0,0.0,0.0,3881,120,897,ok,false,true,0.0,sampling+annotator_disagreement,measured_paired_annotators,paragraph_annotations.parquet vs paragraph_annotations__opus4-8.parquet,observed,Complete source-document paragraph corpus; primary AI labels
47,llm:Space Exploration,Space Exploration,llm,Exploratory AI paragraph labels,Space Exploration,,,,,era,The Gilded Age,3,1878,1900,1889.0,0.0,percent of eligible paragraphs,,3589,eligible paragraphs,0.0,0.0,0.0,0.0,0.0,3589,84,1044,ok,false,true,0.0,sampling+annotator_disagreement,measured_paired_annotators,paragraph_annotations.parquet vs paragraph_annotations__opus4-8.parquet,observed,Complete source-document paragraph corpus; primary AI labels
47,llm:Space Exploration,Space Exploration,llm,Exploratory AI paragraph labels,Space Exploration,,,,,era,Progressives & Depression,4,1901,1932,1916.5,0.0,percent of eligible paragraphs,,4718,eligible paragraphs,0.0,0.0,0.0,0.0,0.0,4718,129,1071,ok,false,true,0.0,sampling+annotator_disagreement,measured_paired_annotators,paragraph_annotations.parquet vs paragraph_annotations__opus4-8.parquet,observed,Complete source-document paragraph corpus; primary AI labels
47,llm:Space Exploration,Space Exploration,llm,Exploratory AI paragraph labels,Space Exploration,,,,,era,War & New Deal,5,1933,1945,1939.0,0.0,percent of eligible paragraphs,,1193,eligible paragraphs,0.0,0.0,0.0,0.0,0.0,1193,55,290,ok,false,true,0.0,sampling+annotator_disagreement,measured_paired_annotators,paragraph_annotations.parquet vs paragraph_annotations__opus4-8.parquet,observed,Complete source-document paragraph corpus; primary AI labels
47,llm:Space Exploration,Space Exploration,llm,Exploratory AI paragraph labels,Space Exploration,,,,,era,The Cold War,6,1946,1988,1967.0,1.6187247074264464,percent of eligible paragraphs,,9143,eligible paragraphs,0.016187247074264464,0.010794528356935963,0.022959040170277296,0.009454045783209422,0.024299522744003838,9143,263,1865,ok,false,true,0.0013404825737265416,sampling+annotator_disagreement,measured_paired_annotators,paragraph_annotations.parquet vs paragraph_annotations__opus4-8.parquet,observed,Complete source-document paragraph corpus; primary AI labels
47,llm:Space Exploration,Space Exploration,llm,Exploratory AI paragraph labels,Space Exploration,,,,,era,Post-Cold War,7,1989,2016,2002.5,0.9494949494949495,percent of eligible paragraphs,,4950,eligible paragraphs,0.009494949494949495,0.0024506028891225495,0.021794244598995833,0.002003775364547036,0.022241072123571348,4950,149,1119,ok,false,true,0.0004468275245755138,sampling+annotator_disagreement,measured_paired_annotators,paragraph_annotations.parquet vs paragraph_annotations__opus4-8.parquet,observed,Complete source-document paragraph corpus; primary AI labels
47,llm:Space Exploration,Space Exploration,llm,Exploratory AI paragraph labels,Space Exploration,,,,,era,The present era,8,2017,2026,2021.5,0.6796116504854369,percent of eligible paragraphs,,4120,eligible paragraphs,0.006796116504854369,0.0037363568426621594,0.010322565646668223,0.0037363568426621594,0.010322565646668223,4120,82,1064,ok,false,true,0.0,sampling+annotator_disagreement,measured_paired_annotators,paragraph_annotations.parquet vs paragraph_annotations__opus4-8.parquet,observed,Complete source-document paragraph corpus; primary AI labels
48,"llm:Slavery, Emancipation & Sectionalism","Slavery, Emancipation & Sectionalism",llm,Exploratory AI paragraph labels,"Slavery, Emancipation & Sectionalism",,,,,era,The founding,0,1789,1815,1802.0,0.2157497303128371,percent of eligible paragraphs,,927,eligible paragraphs,0.002157497303128371,0.0,0.0054194839648776805,0.0,0.0054194839648776805,927,73,219,ok,false,true,0.0,sampling+annotator_disagreement,measured_paired_annotators,paragraph_annotations.parquet vs paragraph_annotations__opus4-8.parquet,observed,Complete source-document paragraph corpus; primary AI labels
48,"llm:Slavery, Emancipation & Sectionalism","Slavery, Emancipation & Sectionalism",llm,Exploratory AI paragraph labels,"Slavery, Emancipation & Sectionalism",,,,,era,Expansion,1,1816,1849,1832.5,0.8629989212513484,percent of eligible paragraphs,,3708,eligible paragraphs,0.008629989212513484,0.002333678895987276,0.0169238446335317,0.0008351773974857777,0.0184223461320332,3708,102,1001,ok,false,true,0.0014985014985014985,sampling+annotator_disagreement,measured_paired_annotators,paragraph_annotations.parquet vs paragraph_annotations__opus4-8.parquet,observed,Complete source-document paragraph corpus; primary AI labels
48,"llm:Slavery, Emancipation & Sectionalism","Slavery, Emancipation & Sectionalism",llm,Exploratory AI paragraph labels,"Slavery, Emancipation & Sectionalism",,,,,era,Civil War & Reconstruction,2,1850,1877,1863.5,20.278278794125228,percent of eligible paragraphs,,3881,eligible paragraphs,0.20278278794125226,0.10325065781753892,0.35280499775464463,0.09823393540951217,0.3578217201626714,3881,120,897,ok,false,true,0.0050167224080267525,sampling+annotator_disagreement,measured_paired_annotators,paragraph_annotations.parquet vs paragraph_annotations__opus4-8.parquet,observed,Complete source-document paragraph corpus; primary AI labels
48,"llm:Slavery, Emancipation & Sectionalism","Slavery, Emancipation & Sectionalism",llm,Exploratory AI paragraph labels,"Slavery, Emancipation & Sectionalism",,,,,era,The Gilded Age,3,1878,1900,1889.0,0.25076623014767346,percent of eligible paragraphs,,3589,eligible paragraphs,0.0025076623014767345,0.0005954908742403342,0.005535783208658767,0.0005954908742403342,0.005535783208658767,3589,84,1044,ok,false,true,0.0,sampling+annotator_disagreement,measured_paired_annotators,paragraph_annotations.parquet vs paragraph_annotations__opus4-8.parquet,observed,Complete source-document paragraph corpus; primary AI labels
48,"llm:Slavery, Emancipation & Sectionalism","Slavery, Emancipation & Sectionalism",llm,Exploratory AI paragraph labels,"Slavery, Emancipation & Sectionalism",,,,,era,Progressives & Depression,4,1901,1932,1916.5,0.1271725307333616,percent of eligible paragraphs,,4718,eligible paragraphs,0.001271725307333616,0.0004447068241182247,0.0024123895906002796,0.0,0.003346096406660037,4718,129,1071,ok,false,true,0.0009337068160597572,sampling+annotator_disagreement,measured_paired_annotators,paragraph_annotations.parquet vs paragraph_annotations__opus4-8.parquet,observed,Complete source-document paragraph corpus; primary AI labels
48,"llm:Slavery, Emancipation & Sectionalism","Slavery, Emancipation & Sectionalism",llm,Exploratory AI paragraph labels,"Slavery, Emancipation & Sectionalism",,,,,era,War & New Deal,5,1933,1945,1939.0,0.0,percent of eligible paragraphs,,1193,eligible paragraphs,0.0,0.0,0.0,0.0,0.0,1193,55,290,ok,false,true,0.0,sampling+annotator_disagreement,measured_paired_annotators,paragraph_annotations.parquet vs paragraph_annotations__opus4-8.parquet,observed,Complete source-document paragraph corpus; primary AI labels
48,"llm:Slavery, Emancipation & Sectionalism","Slavery, Emancipation & Sectionalism",llm,Exploratory AI paragraph labels,"Slavery, Emancipation & Sectionalism",,,,,era,The Cold War,6,1946,1988,1967.0,0.06562397462539647,percent of eligible paragraphs,,9143,eligible paragraphs,0.0006562397462539647,0.00011087814301425521,0.001290752820464513,0.00011087814301425521,0.001290752820464513,9143,263,1865,ok,false,true,0.0,sampling+annotator_disagreement,measured_paired_annotators,paragraph_annotations.parquet vs paragraph_annotations__opus4-8.parquet,observed,Complete source-document paragraph corpus; primary AI labels
48,"llm:Slavery, Emancipation & Sectionalism","Slavery, Emancipation & Sectionalism",llm,Exploratory AI paragraph labels,"Slavery, Emancipation & Sectionalism",,,,,era,Post-Cold War,7,1989,2016,2002.5,0.3434343434343434,percent of eligible paragraphs,,4950,eligible paragraphs,0.0034343434343434343,0.0014435947764053396,0.006722327754602726,0.0009967672518298258,0.0071691552791782395,4950,149,1119,ok,false,true,0.0004468275245755138,sampling+annotator_disagreement,measured_paired_annotators,paragraph_annotations.parquet vs paragraph_annotations__opus4-8.parquet,observed,Complete source-document paragraph corpus; primary AI labels
48,"llm:Slavery, Emancipation & Sectionalism","Slavery, Emancipation & Sectionalism",llm,Exploratory AI paragraph labels,"Slavery, Emancipation & Sectionalism",,,,,era,The present era,8,2017,2026,2021.5,0.16990291262135923,percent of eligible paragraphs,,4120,eligible paragraphs,0.0016990291262135922,0.0004950979658539422,0.003362398786805158,2.5173153823867026e-05,0.003832323598835233,4120,82,1064,ok,false,true,0.00046992481203007516,sampling+annotator_disagreement,measured_paired_annotators,paragraph_annotations.parquet vs paragraph_annotations__opus4-8.parquet,observed,Complete source-document paragraph corpus; primary AI labels
49,llm:Reconstruction & Southern Self-Government,Reconstruction & Southern Self-Government,llm,Exploratory AI paragraph labels,Reconstruction & Southern Self-Government,,,,,era,The founding,0,1789,1815,1802.0,0.10787486515641855,percent of eligible paragraphs,,927,eligible paragraphs,0.0010787486515641855,0.0,0.0033848155547355156,0.0,0.0033848155547355156,927,73,219,ok,false,true,0.0,sampling+annotator_disagreement,measured_paired_annotators,paragraph_annotations.parquet vs paragraph_annotations__opus4-8.parquet,observed,Complete source-document paragraph corpus; primary AI labels
49,llm:Reconstruction & Southern Self-Government,Reconstruction & Southern Self-Government,llm,Exploratory AI paragraph labels,Reconstruction & Southern Self-Government,,,,,era,Expansion,1,1816,1849,1832.5,0.0,percent of eligible paragraphs,,3708,eligible paragraphs,0.0,0.0,0.0,0.0,0.0004995004995004995,3708,102,1001,ok,false,true,0.0004995004995004995,sampling+annotator_disagreement,measured_paired_annotators,paragraph_annotations.parquet vs paragraph_annotations__opus4-8.parquet,observed,Complete source-document paragraph corpus; primary AI labels
49,llm:Reconstruction & Southern Self-Government,Reconstruction & Southern Self-Government,llm,Exploratory AI paragraph labels,Reconstruction & Southern Self-Government,,,,,era,Civil War & Reconstruction,2,1850,1877,1863.5,8.631795928884308,percent of eligible paragraphs,,3881,eligible paragraphs,0.08631795928884309,0.054462996201406176,0.12830974216521304,0.051118514596055,0.1316542237705642,3881,120,897,ok,false,true,0.0033444816053511753,sampling+annotator_disagreement,measured_paired_annotators,paragraph_annotations.parquet vs paragraph_annotations__opus4-8.parquet,observed,Complete source-document paragraph corpus; primary AI labels
49,llm:Reconstruction & Southern Self-Government,Reconstruction & Southern Self-Government,llm,Exploratory AI paragraph labels,Reconstruction & Southern Self-Government,,,,,era,The Gilded Age,3,1878,1900,1889.0,0.33435497353023125,percent of eligible paragraphs,,3589,eligible paragraphs,0.0033435497353023124,0.000540885636841858,0.006976348117164412,0.0,0.008413129726359814,3589,84,1044,ok,false,true,0.0014367816091954023,sampling+annotator_disagreement,measured_paired_annotators,paragraph_annotations.parquet vs paragraph_annotations__opus4-8.parquet,observed,Complete source-document paragraph corpus; primary AI labels
49,llm:Reconstruction & Southern Self-Government,Reconstruction & Southern Self-Government,llm,Exploratory AI paragraph labels,Reconstruction & Southern Self-Government,,,,,era,Progressives & Depression,4,1901,1932,1916.5,0.0423908435777872,percent of eligible paragraphs,,4718,eligible paragraphs,0.000423908435777872,0.0,0.0010773203598233292,0.0,0.002011027175883086,4718,129,1071,ok,false,true,0.0009337068160597572,sampling+annotator_disagreement,measured_paired_annotators,paragraph_annotations.parquet vs paragraph_annotations__opus4-8.parquet,observed,Complete source-document paragraph corpus; primary AI labels
49,llm:Reconstruction & Southern Self-Government,Reconstruction & Southern Self-Government,llm,Exploratory AI paragraph labels,Reconstruction & Southern Self-Government,,,,,era,War & New Deal,5,1933,1945,1939.0,0.0,percent of eligible paragraphs,,1193,eligible paragraphs,0.0,0.0,0.0,0.0,0.0,1193,55,290,ok,false,true,0.0,sampling+annotator_disagreement,measured_paired_annotators,paragraph_annotations.parquet vs paragraph_annotations__opus4-8.parquet,observed,Complete source-document paragraph corpus; primary AI labels
49,llm:Reconstruction & Southern Self-Government,Reconstruction & Southern Self-Government,llm,Exploratory AI paragraph labels,Reconstruction & Southern Self-Government,,,,,era,The Cold War,6,1946,1988,1967.0,0.0,percent of eligible paragraphs,,9143,eligible paragraphs,0.0,0.0,0.0,0.0,0.0005361930294906167,9143,263,1865,ok,false,true,0.0005361930294906167,sampling+annotator_disagreement,measured_paired_annotators,paragraph_annotations.parquet vs paragraph_annotations__opus4-8.parquet,observed,Complete source-document paragraph corpus; primary AI labels
49,llm:Reconstruction & Southern Self-Government,Reconstruction & Southern Self-Government,llm,Exploratory AI paragraph labels,Reconstruction & Southern Self-Government,,,,,era,Post-Cold War,7,1989,2016,2002.5,0.0,percent of eligible paragraphs,,4950,eligible paragraphs,0.0,0.0,0.0,0.0,0.0,4950,149,1119,ok,false,true,0.0,sampling+annotator_disagreement,measured_paired_annotators,paragraph_annotations.parquet vs paragraph_annotations__opus4-8.parquet,observed,Complete source-document paragraph corpus; primary AI labels
49,llm:Reconstruction & Southern Self-Government,Reconstruction & Southern Self-Government,llm,Exploratory AI paragraph labels,Reconstruction & Southern Self-Government,,,,,era,The present era,8,2017,2026,2021.5,0.0,percent of eligible paragraphs,,4120,eligible paragraphs,0.0,0.0,0.0,0.0,0.0,4120,82,1064,ok,false,true,0.0,sampling+annotator_disagreement,measured_paired_annotators,paragraph_annotations.parquet vs paragraph_annotations__opus4-8.parquet,observed,Complete source-document paragraph corpus; primary AI labels
50,llm:Chinese Immigration & Exclusion,Chinese Immigration & Exclusion,llm,Exploratory AI paragraph labels,Chinese Immigration & Exclusion,,,,,era,The founding,0,1789,1815,1802.0,0.0,percent of eligible paragraphs,,927,eligible paragraphs,0.0,0.0,0.0,0.0,0.0,927,73,219,ok,false,true,0.0,sampling+annotator_disagreement,measured_paired_annotators,paragraph_annotations.parquet vs paragraph_annotations__opus4-8.parquet,observed,Complete source-document paragraph corpus; primary AI labels
50,llm:Chinese Immigration & Exclusion,Chinese Immigration & Exclusion,llm,Exploratory AI paragraph labels,Chinese Immigration & Exclusion,,,,,era,Expansion,1,1816,1849,1832.5,0.0,percent of eligible paragraphs,,3708,eligible paragraphs,0.0,0.0,0.0,0.0,0.0,3708,102,1001,ok,false,true,0.0,sampling+annotator_disagreement,measured_paired_annotators,paragraph_annotations.parquet vs paragraph_annotations__opus4-8.parquet,observed,Complete source-document paragraph corpus; primary AI labels
50,llm:Chinese Immigration & Exclusion,Chinese Immigration & Exclusion,llm,Exploratory AI paragraph labels,Chinese Immigration & Exclusion,,,,,era,Civil War & Reconstruction,2,1850,1877,1863.5,0.12883277505797475,percent of eligible paragraphs,,3881,eligible paragraphs,0.0012883277505797476,0.00020774123302213192,0.002750984123981889,0.00020774123302213192,0.002750984123981889,3881,120,897,ok,false,true,0.0,sampling+annotator_disagreement,measured_paired_annotators,paragraph_annotations.parquet vs paragraph_annotations__opus4-8.parquet,observed,Complete source-document paragraph corpus; primary AI labels
50,llm:Chinese Immigration & Exclusion,Chinese Immigration & Exclusion,llm,Exploratory AI paragraph labels,Chinese Immigration & Exclusion,,,,,era,The Gilded Age,3,1878,1900,1889.0,2.535525215937587,percent of eligible paragraphs,,3589,eligible paragraphs,0.025355252159375872,0.010416239633407143,0.045745443411648726,0.00993731243034201,0.04622437061471386,3589,84,1044,ok,false,true,0.00047892720306513294,sampling+annotator_disagreement,measured_paired_annotators,paragraph_annotations.parquet vs paragraph_annotations__opus4-8.parquet,observed,Complete source-document paragraph corpus; primary AI labels
50,llm:Chinese Immigration & Exclusion,Chinese Immigration & Exclusion,llm,Exploratory AI paragraph labels,Chinese Immigration & Exclusion,,,,,era,Progressives & Depression,4,1901,1932,1916.5,0.2967359050445104,percent of eligible paragraphs,,4718,eligible paragraphs,0.002967359050445104,0.00047212366603444,0.006480903518963067,0.0,0.007414610335022824,4718,129,1071,ok,false,true,0.0009337068160597573,sampling+annotator_disagreement,measured_paired_annotators,paragraph_annotations.parquet vs paragraph_annotations__opus4-8.parquet,observed,Complete source-document paragraph corpus; primary AI labels
50,llm:Chinese Immigration & Exclusion,Chinese Immigration & Exclusion,llm,Exploratory AI paragraph labels,Chinese Immigration & Exclusion,,,,,era,War & New Deal,5,1933,1945,1939.0,0.0,percent of eligible paragraphs,,1193,eligible paragraphs,0.0,0.0,0.0,0.0,0.0,1193,55,290,ok,false,true,0.0,sampling+annotator_disagreement,measured_paired_annotators,paragraph_annotations.parquet vs paragraph_annotations__opus4-8.parquet,observed,Complete source-document paragraph corpus; primary AI labels
50,llm:Chinese Immigration & Exclusion,Chinese Immigration & Exclusion,llm,Exploratory AI paragraph labels,Chinese Immigration & Exclusion,,,,,era,The Cold War,6,1946,1988,1967.0,0.0,percent of eligible paragraphs,,9143,eligible paragraphs,0.0,0.0,0.0,0.0,0.0,9143,263,1865,ok,false,true,0.0,sampling+annotator_disagreement,measured_paired_annotators,paragraph_annotations.parquet vs paragraph_annotations__opus4-8.parquet,observed,Complete source-document paragraph corpus; primary AI labels
50,llm:Chinese Immigration & Exclusion,Chinese Immigration & Exclusion,llm,Exploratory AI paragraph labels,Chinese Immigration & Exclusion,,,,,era,Post-Cold War,7,1989,2016,2002.5,0.0,percent of eligible paragraphs,,4950,eligible paragraphs,0.0,0.0,0.0,0.0,0.0,4950,149,1119,ok,false,true,0.0,sampling+annotator_disagreement,measured_paired_annotators,paragraph_annotations.parquet vs paragraph_annotations__opus4-8.parquet,observed,Complete source-document paragraph corpus; primary AI labels
50,llm:Chinese Immigration & Exclusion,Chinese Immigration & Exclusion,llm,Exploratory AI paragraph labels,Chinese Immigration & Exclusion,,,,,era,The present era,8,2017,2026,2021.5,0.0,percent of eligible paragraphs,,4120,eligible paragraphs,0.0,0.0,0.0,0.0,0.0,4120,82,1064,ok,false,true,0.0,sampling+annotator_disagreement,measured_paired_annotators,paragraph_annotations.parquet vs paragraph_annotations__opus4-8.parquet,observed,Complete source-document paragraph corpus; primary AI labels
51,"llm:Civil Rights, Voting Rights & Discrimination","Civil Rights, Voting Rights & Discrimination",llm,Exploratory AI paragraph labels,"Civil Rights, Voting Rights & Discrimination",,,,,era,The founding,0,1789,1815,1802.0,0.0,percent of eligible paragraphs,,927,eligible paragraphs,0.0,0.0,0.0,0.0,0.0,927,73,219,ok,false,true,0.0,sampling+annotator_disagreement,measured_paired_annotators,paragraph_annotations.parquet vs paragraph_annotations__opus4-8.parquet,observed,Complete source-document paragraph corpus; primary AI labels
51,"llm:Civil Rights, Voting Rights & Discrimination","Civil Rights, Voting Rights & Discrimination",llm,Exploratory AI paragraph labels,"Civil Rights, Voting Rights & Discrimination",,,,,era,Expansion,1,1816,1849,1832.5,0.0,percent of eligible paragraphs,,3708,eligible paragraphs,0.0,0.0,0.0,0.0,0.0,3708,102,1001,ok,false,true,0.0,sampling+annotator_disagreement,measured_paired_annotators,paragraph_annotations.parquet vs paragraph_annotations__opus4-8.parquet,observed,Complete source-document paragraph corpus; primary AI labels
51,"llm:Civil Rights, Voting Rights & Discrimination","Civil Rights, Voting Rights & Discrimination",llm,Exploratory AI paragraph labels,"Civil Rights, Voting Rights & Discrimination",,,,,era,Civil War & Reconstruction,2,1850,1877,1863.5,1.8036588508116465,percent of eligible paragraphs,,3881,eligible paragraphs,0.018036588508116465,0.00843501375692929,0.02976759937443445,0.007320186555145566,0.030882426576218175,3881,120,897,ok,false,true,0.0011148272017837237,sampling+annotator_disagreement,measured_paired_annotators,paragraph_annotations.parquet vs paragraph_annotations__opus4-8.parquet,observed,Complete source-document paragraph corpus; primary AI labels
51,"llm:Civil Rights, Voting Rights & Discrimination","Civil Rights, Voting Rights & Discrimination",llm,Exploratory AI paragraph labels,"Civil Rights, Voting Rights & Discrimination",,,,,era,The Gilded Age,3,1878,1900,1889.0,0.8080245193647256,percent of eligible paragraphs,,3589,eligible paragraphs,0.008080245193647256,0.0030606549207000677,0.0141493583087642,0.0,0.018459703136350408,3589,84,1044,ok,false,true,0.004310344827586207,sampling+annotator_disagreement,measured_paired_annotators,paragraph_annotations.parquet vs paragraph_annotations__opus4-8.parquet,observed,Complete source-document paragraph corpus; primary AI labels
51,"llm:Civil Rights, Voting Rights & Discrimination","Civil Rights, Voting Rights & Discrimination",llm,Exploratory AI paragraph labels,"Civil Rights, Voting Rights & Discrimination",,,,,era,Progressives & Depression,4,1901,1932,1916.5,1.0385756676557862,percent of eligible paragraphs,,4718,eligible paragraphs,0.010385756676557863,0.004266293850554855,0.01874419752904006,0.003799440442524976,0.019211050937069936,4718,129,1071,ok,false,true,0.0004668534080298787,sampling+annotator_disagreement,measured_paired_annotators,paragraph_annotations.parquet vs paragraph_annotations__opus4-8.parquet,observed,Complete source-document paragraph corpus; primary AI labels
51,"llm:Civil Rights, Voting Rights & Discrimination","Civil Rights, Voting Rights & Discrimination",llm,Exploratory AI paragraph labels,"Civil Rights, Voting Rights & Discrimination",,,,,era,War & New Deal,5,1933,1945,1939.0,0.16764459346186086,percent of eligible paragraphs,,1193,eligible paragraphs,0.0016764459346186086,0.0,0.004629784174509222,0.0,0.004629784174509222,1193,55,290,ok,false,true,0.0,sampling+annotator_disagreement,measured_paired_annotators,paragraph_annotations.parquet vs paragraph_annotations__opus4-8.parquet,observed,Complete source-document paragraph corpus; primary AI labels
51,"llm:Civil Rights, Voting Rights & Discrimination","Civil Rights, Voting Rights & Discrimination",llm,Exploratory AI paragraph labels,"Civil Rights, Voting Rights & Discrimination",,,,,era,The Cold War,6,1946,1988,1967.0,5.326479273761348,percent of eligible paragraphs,,9143,eligible paragraphs,0.053264792737613476,0.041142054680047675,0.06554597548399443,0.03578012438514151,0.0709079057789006,9143,263,1865,ok,false,true,0.005361930294906166,sampling+annotator_disagreement,measured_paired_annotators,paragraph_annotations.parquet vs paragraph_annotations__opus4-8.parquet,observed,Complete source-document paragraph corpus; primary AI labels
51,"llm:Civil Rights, Voting Rights & Discrimination","Civil Rights, Voting Rights & Discrimination",llm,Exploratory AI paragraph labels,"Civil Rights, Voting Rights & Discrimination",,,,,era,Post-Cold War,7,1989,2016,2002.5,5.797979797979798,percent of eligible paragraphs,,4950,eligible paragraphs,0.05797979797979798,0.03930501507655487,0.08183032805008611,0.036177222404526276,0.0849581207221147,4950,149,1119,ok,false,true,0.0031277926720285967,sampling+annotator_disagreement,measured_paired_annotators,paragraph_annotations.parquet vs paragraph_annotations__opus4-8.parquet,observed,Complete source-document paragraph corpus; primary AI labels
51,"llm:Civil Rights, Voting Rights & Discrimination","Civil Rights, Voting Rights & Discrimination",llm,Exploratory AI paragraph labels,"Civil Rights, Voting Rights & Discrimination",,,,,era,The present era,8,2017,2026,2021.5,3.9077669902912624,percent of eligible paragraphs,,4120,eligible paragraphs,0.03907766990291262,0.021837341641447426,0.06308575199049303,0.0204275672053572,0.06449552642658325,4120,82,1064,ok,false,true,0.0014097744360902255,sampling+annotator_disagreement,measured_paired_annotators,paragraph_annotations.parquet vs paragraph_annotations__opus4-8.parquet,observed,Complete source-document paragraph corpus; primary AI labels
52,llm:Immigration & Border Security,Immigration & Border Security,llm,Exploratory AI paragraph labels,Immigration & Border Security,,,,,era,The founding,0,1789,1815,1802.0,0.10787486515641855,percent of eligible paragraphs,,927,eligible paragraphs,0.0010787486515641855,0.0,0.0034959903932264094,0.0,0.0034959903932264094,927,73,219,ok,false,true,0.0,sampling+annotator_disagreement,measured_paired_annotators,paragraph_annotations.parquet vs paragraph_annotations__opus4-8.parquet,observed,Complete source-document paragraph corpus; primary AI labels
52,llm:Immigration & Border Security,Immigration & Border Security,llm,Exploratory AI paragraph labels,Immigration & Border Security,,,,,era,Expansion,1,1816,1849,1832.5,0.0,percent of eligible paragraphs,,3708,eligible paragraphs,0.0,0.0,0.0,0.0,0.0004995004995004995,3708,102,1001,ok,false,true,0.0004995004995004995,sampling+annotator_disagreement,measured_paired_annotators,paragraph_annotations.parquet vs paragraph_annotations__opus4-8.parquet,observed,Complete source-document paragraph corpus; primary AI labels
52,llm:Immigration & Border Security,Immigration & Border Security,llm,Exploratory AI paragraph labels,Immigration & Border Security,,,,,era,Civil War & Reconstruction,2,1850,1877,1863.5,0.5926307652666839,percent of eligible paragraphs,,3881,eligible paragraphs,0.0059263076526668386,0.0021527061486536847,0.010978692967926513,0.001595292547761823,0.011536106568818375,3881,120,897,ok,false,true,0.0005574136008918618,sampling+annotator_disagreement,measured_paired_annotators,paragraph_annotations.parquet vs paragraph_annotations__opus4-8.parquet,observed,Complete source-document paragraph corpus; primary AI labels
52,llm:Immigration & Border Security,Immigration & Border Security,llm,Exploratory AI paragraph labels,Immigration & Border Security,,,,,era,The Gilded Age,3,1878,1900,1889.0,1.0030649205906939,percent of eligible paragraphs,,3589,eligible paragraphs,0.010030649205906938,0.0068790351302877055,0.014242641344595163,0.003526544708831767,0.0175951317660511,3589,84,1044,ok,false,true,0.0033524904214559384,sampling+annotator_disagreement,measured_paired_annotators,paragraph_annotations.parquet vs paragraph_annotations__opus4-8.parquet,observed,Complete source-document paragraph corpus; primary AI labels
52,llm:Immigration & Border Security,Immigration & Border Security,llm,Exploratory AI paragraph labels,Immigration & Border Security,,,,,era,Progressives & Depression,4,1901,1932,1916.5,1.6320474777448073,percent of eligible paragraphs,,4718,eligible paragraphs,0.016320474777448073,0.009139007544179957,0.023684974075234014,0.007738447320090321,0.02508553429932365,4718,129,1071,ok,false,true,0.001400560224089636,sampling+annotator_disagreement,measured_paired_annotators,paragraph_annotations.parquet vs paragraph_annotations__opus4-8.parquet,observed,Complete source-document paragraph corpus; primary AI labels
52,llm:Immigration & Border Security,Immigration & Border Security,llm,Exploratory AI paragraph labels,Immigration & Border Security,,,,,era,War & New Deal,5,1933,1945,1939.0,0.0,percent of eligible paragraphs,,1193,eligible paragraphs,0.0,0.0,0.0,0.0,0.0017241379310344827,1193,55,290,ok,false,true,0.0017241379310344827,sampling+annotator_disagreement,measured_paired_annotators,paragraph_annotations.parquet vs paragraph_annotations__opus4-8.parquet,observed,Complete source-document paragraph corpus; primary AI labels
52,llm:Immigration & Border Security,Immigration & Border Security,llm,Exploratory AI paragraph labels,Immigration & Border Security,,,,,era,The Cold War,6,1946,1988,1967.0,0.3499945313354479,percent of eligible paragraphs,,9143,eligible paragraphs,0.003499945313354479,0.0010941577195101675,0.0071214219204236194,0.0010941577195101675,0.0071214219204236194,9143,263,1865,ok,false,true,0.0,sampling+annotator_disagreement,measured_paired_annotators,paragraph_annotations.parquet vs paragraph_annotations__opus4-8.parquet,observed,Complete source-document paragraph corpus; primary AI labels
52,llm:Immigration & Border Security,Immigration & Border Security,llm,Exploratory AI paragraph labels,Immigration & Border Security,,,,,era,Post-Cold War,7,1989,2016,2002.5,3.0707070707070705,percent of eligible paragraphs,,4950,eligible paragraphs,0.030707070707070707,0.014020693095676736,0.05201624327805908,0.012233382997374679,0.05380355337636114,4950,149,1119,ok,false,true,0.0017873100983020578,sampling+annotator_disagreement,measured_paired_annotators,paragraph_annotations.parquet vs paragraph_annotations__opus4-8.parquet,observed,Complete source-document paragraph corpus; primary AI labels
52,llm:Immigration & Border Security,Immigration & Border Security,llm,Exploratory AI paragraph labels,Immigration & Border Security,,,,,era,The present era,8,2017,2026,2021.5,8.83495145631068,percent of eligible paragraphs,,4120,eligible paragraphs,0.0883495145631068,0.061265183416833284,0.12308076545471043,0.055626085672472375,0.12871986319907133,4120,82,1064,ok,false,true,0.005639097744360909,sampling+annotator_disagreement,measured_paired_annotators,paragraph_annotations.parquet vs paragraph_annotations__opus4-8.parquet,observed,Complete source-document paragraph corpus; primary AI labels
53,"llm:Indian Affairs, Removal & Allotment","Indian Affairs, Removal & Allotment",llm,Exploratory AI paragraph labels,"Indian Affairs, Removal & Allotment",,,,,era,The founding,0,1789,1815,1802.0,14.994606256742179,percent of eligible paragraphs,,927,eligible paragraphs,0.1499460625674218,0.09564180599608096,0.21428792917983838,0.07966007083626361,0.23026966433965573,927,73,219,ok,false,true,0.01598173515981735,sampling+annotator_disagreement,measured_paired_annotators,paragraph_annotations.parquet vs paragraph_annotations__opus4-8.parquet,observed,Complete source-document paragraph corpus; primary AI labels
53,"llm:Indian Affairs, Removal & Allotment","Indian Affairs, Removal & Allotment",llm,Exploratory AI paragraph labels,"Indian Affairs, Removal & Allotment",,,,,era,Expansion,1,1816,1849,1832.5,6.256742179072276,percent of eligible paragraphs,,3708,eligible paragraphs,0.06256742179072276,0.046501383560068374,0.0806426242997753,0.04400388106256588,0.0831401267972778,3708,102,1001,ok,false,true,0.002497502497502496,sampling+annotator_disagreement,measured_paired_annotators,paragraph_annotations.parquet vs paragraph_annotations__opus4-8.parquet,observed,Complete source-document paragraph corpus; primary AI labels
53,"llm:Indian Affairs, Removal & Allotment","Indian Affairs, Removal & Allotment",llm,Exploratory AI paragraph labels,"Indian Affairs, Removal & Allotment",,,,,era,Civil War & Reconstruction,2,1850,1877,1863.5,2.164390620973976,percent of eligible paragraphs,,3881,eligible paragraphs,0.021643906209739758,0.014062203328161398,0.028249799779703027,0.011275135323702088,0.031036867784162335,3881,120,897,ok,false,true,0.00278706800445931,sampling+annotator_disagreement,measured_paired_annotators,paragraph_annotations.parquet vs paragraph_annotations__opus4-8.parquet,observed,Complete source-document paragraph corpus; primary AI labels
53,"llm:Indian Affairs, Removal & Allotment","Indian Affairs, Removal & Allotment",llm,Exploratory AI paragraph labels,"Indian Affairs, Removal & Allotment",,,,,era,The Gilded Age,3,1878,1900,1889.0,5.154639175257731,percent of eligible paragraphs,,3589,eligible paragraphs,0.05154639175257732,0.03560144927536232,0.06656300883016031,0.03464359486923205,0.06752086323629058,3589,84,1044,ok,false,true,0.0009578544061302693,sampling+annotator_disagreement,measured_paired_annotators,paragraph_annotations.parquet vs paragraph_annotations__opus4-8.parquet,observed,Complete source-document paragraph corpus; primary AI labels
53,"llm:Indian Affairs, Removal & Allotment","Indian Affairs, Removal & Allotment",llm,Exploratory AI paragraph labels,"Indian Affairs, Removal & Allotment",,,,,era,Progressives & Depression,4,1901,1932,1916.5,0.6994489190334888,percent of eligible paragraphs,,4718,eligible paragraphs,0.006994489190334888,0.0029604711209900137,0.011826656174798543,0.0029604711209900137,0.011826656174798543,4718,129,1071,ok,false,true,0.0,sampling+annotator_disagreement,measured_paired_annotators,paragraph_annotations.parquet vs paragraph_annotations__opus4-8.parquet,observed,Complete source-document paragraph corpus; primary AI labels
53,"llm:Indian Affairs, Removal & Allotment","Indian Affairs, Removal & Allotment",llm,Exploratory AI paragraph labels,"Indian Affairs, Removal & Allotment",,,,,era,War & New Deal,5,1933,1945,1939.0,0.0,percent of eligible paragraphs,,1193,eligible paragraphs,0.0,0.0,0.0,0.0,0.0,1193,55,290,ok,false,true,0.0,sampling+annotator_disagreement,measured_paired_annotators,paragraph_annotations.parquet vs paragraph_annotations__opus4-8.parquet,observed,Complete source-document paragraph corpus; primary AI labels
53,"llm:Indian Affairs, Removal & Allotment","Indian Affairs, Removal & Allotment",llm,Exploratory AI paragraph labels,"Indian Affairs, Removal & Allotment",,,,,era,The Cold War,6,1946,1988,1967.0,0.09843596193809472,percent of eligible paragraphs,,9143,eligible paragraphs,0.0009843596193809471,0.00022191077555862624,0.0019476728952543306,0.00022191077555862624,0.0019476728952543306,9143,263,1865,ok,false,true,0.0,sampling+annotator_disagreement,measured_paired_annotators,paragraph_annotations.parquet vs paragraph_annotations__opus4-8.parquet,observed,Complete source-document paragraph corpus; primary AI labels
53,"llm:Indian Affairs, Removal & Allotment","Indian Affairs, Removal & Allotment",llm,Exploratory AI paragraph labels,"Indian Affairs, Removal & Allotment",,,,,era,Post-Cold War,7,1989,2016,2002.5,0.0808080808080808,percent of eligible paragraphs,,4950,eligible paragraphs,0.0008080808080808081,0.0,0.0020132610826201665,0.0,0.0024600886071956805,4950,149,1119,ok,false,true,0.00044682752457551384,sampling+annotator_disagreement,measured_paired_annotators,paragraph_annotations.parquet vs paragraph_annotations__opus4-8.parquet,observed,Complete source-document paragraph corpus; primary AI labels
53,"llm:Indian Affairs, Removal & Allotment","Indian Affairs, Removal & Allotment",llm,Exploratory AI paragraph labels,"Indian Affairs, Removal & Allotment",,,,,era,The present era,8,2017,2026,2021.5,0.024271844660194174,percent of eligible paragraphs,,4120,eligible paragraphs,0.00024271844660194174,0.0,0.0008136807442830525,0.0,0.0008136807442830525,4120,82,1064,ok,false,true,0.0,sampling+annotator_disagreement,measured_paired_annotators,paragraph_annotations.parquet vs paragraph_annotations__opus4-8.parquet,observed,Complete source-document paragraph corpus; primary AI labels
54,"llm:Crime, Insurrection & Federal Law Enforcement","Crime, Insurrection & Federal Law Enforcement",llm,Exploratory AI paragraph labels,"Crime, Insurrection & Federal Law Enforcement",,,,,era,The founding,0,1789,1815,1802.0,6.580366774541532,percent of eligible paragraphs,,927,eligible paragraphs,0.06580366774541532,0.025018687640157303,0.11881505334374179,0.022735582617326253,0.12109815836657284,927,73,219,ok,false,true,0.00228310502283105,sampling+annotator_disagreement,measured_paired_annotators,paragraph_annotations.parquet vs paragraph_annotations__opus4-8.parquet,observed,Complete source-document paragraph corpus; primary AI labels
54,"llm:Crime, Insurrection & Federal Law Enforcement","Crime, Insurrection & Federal Law Enforcement",llm,Exploratory AI paragraph labels,"Crime, Insurrection & Federal Law Enforcement",,,,,era,Expansion,1,1816,1849,1832.5,1.8338727076591153,percent of eligible paragraphs,,3708,eligible paragraphs,0.018338727076591153,0.010580732855341871,0.026845078736007756,0.0,0.04382809571902474,3708,102,1001,ok,false,true,0.016983016983016984,sampling+annotator_disagreement,measured_paired_annotators,paragraph_annotations.parquet vs paragraph_annotations__opus4-8.parquet,observed,Complete source-document paragraph corpus; primary AI labels
54,"llm:Crime, Insurrection & Federal Law Enforcement","Crime, Insurrection & Federal Law Enforcement",llm,Exploratory AI paragraph labels,"Crime, Insurrection & Federal Law Enforcement",,,,,era,Civil War & Reconstruction,2,1850,1877,1863.5,5.462509662458129,percent of eligible paragraphs,,3881,eligible paragraphs,0.054625096624581294,0.038297204738024934,0.07557731402547424,0.023247037513944663,0.09062748124955451,3881,120,897,ok,false,true,0.015050167224080271,sampling+annotator_disagreement,measured_paired_annotators,paragraph_annotations.parquet vs paragraph_annotations__opus4-8.parquet,observed,Complete source-document paragraph corpus; primary AI labels
54,"llm:Crime, Insurrection & Federal Law Enforcement","Crime, Insurrection & Federal Law Enforcement",llm,Exploratory AI paragraph labels,"Crime, Insurrection & Federal Law Enforcement",,,,,era,The Gilded Age,3,1878,1900,1889.0,3.0091947617720813,percent of eligible paragraphs,,3589,eligible paragraphs,0.030091947617720813,0.023500057198821107,0.03724948611247296,0.0191897123712349,0.04155983094005917,3589,84,1044,ok,false,true,0.004310344827586207,sampling+annotator_disagreement,measured_paired_annotators,paragraph_annotations.parquet vs paragraph_annotations__opus4-8.parquet,observed,Complete source-document paragraph corpus; primary AI labels
54,"llm:Crime, Insurrection & Federal Law Enforcement","Crime, Insurrection & Federal Law Enforcement",llm,Exploratory AI paragraph labels,"Crime, Insurrection & Federal Law Enforcement",,,,,era,Progressives & Depression,4,1901,1932,1916.5,3.7727850784230603,percent of eligible paragraphs,,4718,eligible paragraphs,0.037727850784230604,0.026625133487476672,0.049646110678071065,0.021022892591118128,0.05524835157442961,4718,129,1071,ok,false,true,0.005602240896358544,sampling+annotator_disagreement,measured_paired_annotators,paragraph_annotations.parquet vs paragraph_annotations__opus4-8.parquet,observed,Complete source-document paragraph corpus; primary AI labels
54,"llm:Crime, Insurrection & Federal Law Enforcement","Crime, Insurrection & Federal Law Enforcement",llm,Exploratory AI paragraph labels,"Crime, Insurrection & Federal Law Enforcement",,,,,era,War & New Deal,5,1933,1945,1939.0,0.8382229673093042,percent of eligible paragraphs,,1193,eligible paragraphs,0.008382229673093043,0.0017971162750107872,0.018218273135527072,0.0,0.021666548997596038,1193,55,290,ok,false,true,0.0034482758620689655,sampling+annotator_disagreement,measured_paired_annotators,paragraph_annotations.parquet vs paragraph_annotations__opus4-8.parquet,observed,Complete source-document paragraph corpus; primary AI labels
54,"llm:Crime, Insurrection & Federal Law Enforcement","Crime, Insurrection & Federal Law Enforcement",llm,Exploratory AI paragraph labels,"Crime, Insurrection & Federal Law Enforcement",,,,,era,The Cold War,6,1946,1988,1967.0,3.149950782019031,percent of eligible paragraphs,,9143,eligible paragraphs,0.03149950782019031,0.02158414851672084,0.04153516553761099,0.019171279884013067,0.04394803417031876,9143,263,1865,ok,false,true,0.0024128686327077736,sampling+annotator_disagreement,measured_paired_annotators,paragraph_annotations.parquet vs paragraph_annotations__opus4-8.parquet,observed,Complete source-document paragraph corpus; primary AI labels
54,"llm:Crime, Insurrection & Federal Law Enforcement","Crime, Insurrection & Federal Law Enforcement",llm,Exploratory AI paragraph labels,"Crime, Insurrection & Federal Law Enforcement",,,,,era,Post-Cold War,7,1989,2016,2002.5,4.242424242424243,percent of eligible paragraphs,,4950,eligible paragraphs,0.04242424242424243,0.029475430522938047,0.05740064832188044,0.02500715527718291,0.06186892356763558,4950,149,1119,ok,false,true,0.0044682752457551374,sampling+annotator_disagreement,measured_paired_annotators,paragraph_annotations.parquet vs paragraph_annotations__opus4-8.parquet,observed,Complete source-document paragraph corpus; primary AI labels
54,"llm:Crime, Insurrection & Federal Law Enforcement","Crime, Insurrection & Federal Law Enforcement",llm,Exploratory AI paragraph labels,"Crime, Insurrection & Federal Law Enforcement",,,,,era,The present era,8,2017,2026,2021.5,6.868932038834952,percent of eligible paragraphs,,4120,eligible paragraphs,0.06868932038834952,0.04693900109914952,0.09411609966879983,0.03472095598636757,0.10633414478158179,4120,82,1064,ok,false,true,0.012218045112781954,sampling+annotator_disagreement,measured_paired_annotators,paragraph_annotations.parquet vs paragraph_annotations__opus4-8.parquet,observed,Complete source-document paragraph corpus; primary AI labels
55,llm:Polygamy in the Territories,Polygamy in the Territories,llm,Exploratory AI paragraph labels,Polygamy in the Territories,,,,,era,The founding,0,1789,1815,1802.0,0.0,percent of eligible paragraphs,,927,eligible paragraphs,0.0,0.0,0.0,0.0,0.0,927,73,219,ok,false,true,0.0,sampling+annotator_disagreement,measured_paired_annotators,paragraph_annotations.parquet vs paragraph_annotations__opus4-8.parquet,observed,Complete source-document paragraph corpus; primary AI labels
55,llm:Polygamy in the Territories,Polygamy in the Territories,llm,Exploratory AI paragraph labels,Polygamy in the Territories,,,,,era,Expansion,1,1816,1849,1832.5,0.0,percent of eligible paragraphs,,3708,eligible paragraphs,0.0,0.0,0.0,0.0,0.0,3708,102,1001,ok,false,true,0.0,sampling+annotator_disagreement,measured_paired_annotators,paragraph_annotations.parquet vs paragraph_annotations__opus4-8.parquet,observed,Complete source-document paragraph corpus; primary AI labels
55,llm:Polygamy in the Territories,Polygamy in the Territories,llm,Exploratory AI paragraph labels,Polygamy in the Territories,,,,,era,Civil War & Reconstruction,2,1850,1877,1863.5,0.7472300953362535,percent of eligible paragraphs,,3881,eligible paragraphs,0.007472300953362535,0.0022075260804769003,0.013407481455852155,0.0016501124795850384,0.013964895056744017,3881,120,897,ok,false,true,0.000557413600891862,sampling+annotator_disagreement,measured_paired_annotators,paragraph_annotations.parquet vs paragraph_annotations__opus4-8.parquet,observed,Complete source-document paragraph corpus; primary AI labels
55,llm:Polygamy in the Territories,Polygamy in the Territories,llm,Exploratory AI paragraph labels,Polygamy in the Territories,,,,,era,The Gilded Age,3,1878,1900,1889.0,0.8637503482864307,percent of eligible paragraphs,,3589,eligible paragraphs,0.008637503482864307,0.004306102572426932,0.013531961651367908,0.004306102572426932,0.013531961651367908,3589,84,1044,ok,false,true,0.0,sampling+annotator_disagreement,measured_paired_annotators,paragraph_annotations.parquet vs paragraph_annotations__opus4-8.parquet,observed,Complete source-document paragraph corpus; primary AI labels
55,llm:Polygamy in the Territories,Polygamy in the Territories,llm,Exploratory AI paragraph labels,Polygamy in the Territories,,,,,era,Progressives & Depression,4,1901,1932,1916.5,0.0211954217888936,percent of eligible paragraphs,,4718,eligible paragraphs,0.000211954217888936,0.0,0.000677643369175627,0.0,0.000677643369175627,4718,129,1071,ok,false,true,0.0,sampling+annotator_disagreement,measured_paired_annotators,paragraph_annotations.parquet vs paragraph_annotations__opus4-8.parquet,observed,Complete source-document paragraph corpus; primary AI labels
55,llm:Polygamy in the Territories,Polygamy in the Territories,llm,Exploratory AI paragraph labels,Polygamy in the Territories,,,,,era,War & New Deal,5,1933,1945,1939.0,0.0,percent of eligible paragraphs,,1193,eligible paragraphs,0.0,0.0,0.0,0.0,0.0,1193,55,290,ok,false,true,0.0,sampling+annotator_disagreement,measured_paired_annotators,paragraph_annotations.parquet vs paragraph_annotations__opus4-8.parquet,observed,Complete source-document paragraph corpus; primary AI labels
55,llm:Polygamy in the Territories,Polygamy in the Territories,llm,Exploratory AI paragraph labels,Polygamy in the Territories,,,,,era,The Cold War,6,1946,1988,1967.0,0.0,percent of eligible paragraphs,,9143,eligible paragraphs,0.0,0.0,0.0,0.0,0.0,9143,263,1865,ok,false,true,0.0,sampling+annotator_disagreement,measured_paired_annotators,paragraph_annotations.parquet vs paragraph_annotations__opus4-8.parquet,observed,Complete source-document paragraph corpus; primary AI labels
55,llm:Polygamy in the Territories,Polygamy in the Territories,llm,Exploratory AI paragraph labels,Polygamy in the Territories,,,,,era,Post-Cold War,7,1989,2016,2002.5,0.0,percent of eligible paragraphs,,4950,eligible paragraphs,0.0,0.0,0.0,0.0,0.0,4950,149,1119,ok,false,true,0.0,sampling+annotator_disagreement,measured_paired_annotators,paragraph_annotations.parquet vs paragraph_annotations__opus4-8.parquet,observed,Complete source-document paragraph corpus; primary AI labels
55,llm:Polygamy in the Territories,Polygamy in the Territories,llm,Exploratory AI paragraph labels,Polygamy in the Territories,,,,,era,The present era,8,2017,2026,2021.5,0.0,percent of eligible paragraphs,,4120,eligible paragraphs,0.0,0.0,0.0,0.0,0.0,4120,82,1064,ok,false,true,0.0,sampling+annotator_disagreement,measured_paired_annotators,paragraph_annotations.parquet vs paragraph_annotations__opus4-8.parquet,observed,Complete source-document paragraph corpus; primary AI labels
56,llm:Constitutional Union & Federalism,Constitutional Union & Federalism,llm,Exploratory AI paragraph labels,Constitutional Union & Federalism,,,,,era,The founding,0,1789,1815,1802.0,7.119741100323624,percent of eligible paragraphs,,927,eligible paragraphs,0.07119741100323625,0.034002405772749135,0.11976597783347644,0.027153090704255985,0.1266152929019696,927,73,219,ok,false,true,0.00684931506849315,sampling+annotator_disagreement,measured_paired_annotators,paragraph_annotations.parquet vs paragraph_annotations__opus4-8.parquet,observed,Complete source-document paragraph corpus; primary AI labels
56,llm:Constitutional Union & Federalism,Constitutional Union & Federalism,llm,Exploratory AI paragraph labels,Constitutional Union & Federalism,,,,,era,Expansion,1,1816,1849,1832.5,12.081984897518879,percent of eligible paragraphs,,3708,eligible paragraphs,0.12081984897518878,0.07823426109596383,0.17019492031760788,0.05825424111594385,0.19017494029762788,3708,102,1001,ok,false,true,0.019980019980019983,sampling+annotator_disagreement,measured_paired_annotators,paragraph_annotations.parquet vs paragraph_annotations__opus4-8.parquet,observed,Complete source-document paragraph corpus; primary AI labels
56,llm:Constitutional Union & Federalism,Constitutional Union & Federalism,llm,Exploratory AI paragraph labels,Constitutional Union & Federalism,,,,,era,Civil War & Reconstruction,2,1850,1877,1863.5,13.115176500901828,percent of eligible paragraphs,,3881,eligible paragraphs,0.1311517650090183,0.09975448520670364,0.1662842467211167,0.052931742731787246,0.2131069891960331,3881,120,897,ok,false,true,0.0468227424749164,sampling+annotator_disagreement,measured_paired_annotators,paragraph_annotations.parquet vs paragraph_annotations__opus4-8.parquet,observed,Complete source-document paragraph corpus; primary AI labels
56,llm:Constitutional Union & Federalism,Constitutional Union & Federalism,llm,Exploratory AI paragraph labels,Constitutional Union & Federalism,,,,,era,The Gilded Age,3,1878,1900,1889.0,1.5881861242685986,percent of eligible paragraphs,,3589,eligible paragraphs,0.015881861242685986,0.008050719725552198,0.02616327557944228,0.0003878844765100517,0.033826110828484426,3589,84,1044,ok,false,true,0.007662835249042146,sampling+annotator_disagreement,measured_paired_annotators,paragraph_annotations.parquet vs paragraph_annotations__opus4-8.parquet,observed,Complete source-document paragraph corpus; primary AI labels
56,llm:Constitutional Union & Federalism,Constitutional Union & Federalism,llm,Exploratory AI paragraph labels,Constitutional Union & Federalism,,,,,era,Progressives & Depression,4,1901,1932,1916.5,2.013565069944892,percent of eligible paragraphs,,4718,eligible paragraphs,0.02013565069944892,0.010802994959082565,0.03268397254117111,0.0,0.04902384182221686,4718,129,1071,ok,false,true,0.016339869281045753,sampling+annotator_disagreement,measured_paired_annotators,paragraph_annotations.parquet vs paragraph_annotations__opus4-8.parquet,observed,Complete source-document paragraph corpus; primary AI labels
56,llm:Constitutional Union & Federalism,Constitutional Union & Federalism,llm,Exploratory AI paragraph labels,Constitutional Union & Federalism,,,,,era,War & New Deal,5,1933,1945,1939.0,2.095557418273261,percent of eligible paragraphs,,1193,eligible paragraphs,0.020955574182732608,0.00901183736489964,0.03969712493451497,0.00901183736489964,0.03969712493451497,1193,55,290,ok,false,true,0.0,sampling+annotator_disagreement,measured_paired_annotators,paragraph_annotations.parquet vs paragraph_annotations__opus4-8.parquet,observed,Complete source-document paragraph corpus; primary AI labels
56,llm:Constitutional Union & Federalism,Constitutional Union & Federalism,llm,Exploratory AI paragraph labels,Constitutional Union & Federalism,,,,,era,The Cold War,6,1946,1988,1967.0,0.7328010499835941,percent of eligible paragraphs,,9143,eligible paragraphs,0.00732801049983594,0.00414818852417063,0.01150859007468554,0.0,0.01767480991382763,9143,263,1865,ok,false,true,0.006166219839142091,sampling+annotator_disagreement,measured_paired_annotators,paragraph_annotations.parquet vs paragraph_annotations__opus4-8.parquet,observed,Complete source-document paragraph corpus; primary AI labels
56,llm:Constitutional Union & Federalism,Constitutional Union & Federalism,llm,Exploratory AI paragraph labels,Constitutional Union & Federalism,,,,,era,Post-Cold War,7,1989,2016,2002.5,0.2828282828282828,percent of eligible paragraphs,,4950,eligible paragraphs,0.0028282828282828283,0.0011092230379318667,0.0050432300531819,0.0,0.0063837126269084415,4950,149,1119,ok,false,true,0.0013404825737265416,sampling+annotator_disagreement,measured_paired_annotators,paragraph_annotations.parquet vs paragraph_annotations__opus4-8.parquet,observed,Complete source-document paragraph corpus; primary AI labels
56,llm:Constitutional Union & Federalism,Constitutional Union & Federalism,llm,Exploratory AI paragraph labels,Constitutional Union & Federalism,,,,,era,The present era,8,2017,2026,2021.5,1.1407766990291262,percent of eligible paragraphs,,4120,eligible paragraphs,0.011407766990291262,0.0070722402180292444,0.017489144944065522,0.0019030672856984177,0.02265831787639635,4120,82,1064,ok,false,true,0.005169172932330827,sampling+annotator_disagreement,measured_paired_annotators,paragraph_annotations.parquet vs paragraph_annotations__opus4-8.parquet,observed,Complete source-document paragraph corpus; primary AI labels
57,llm:Civil Service Reform & the Merit System,Civil Service Reform & the Merit System,llm,Exploratory AI paragraph labels,Civil Service Reform & the Merit System,,,,,era,The founding,0,1789,1815,1802.0,1.0787486515641855,percent of eligible paragraphs,,927,eligible paragraphs,0.010787486515641856,0.0,0.03443566321360205,0.0,0.03443566321360205,927,73,219,ok,false,true,0.0,sampling+annotator_disagreement,measured_paired_annotators,paragraph_annotations.parquet vs paragraph_annotations__opus4-8.parquet,observed,Complete source-document paragraph corpus; primary AI labels
57,llm:Civil Service Reform & the Merit System,Civil Service Reform & the Merit System,llm,Exploratory AI paragraph labels,Civil Service Reform & the Merit System,,,,,era,Expansion,1,1816,1849,1832.5,0.40453074433656955,percent of eligible paragraphs,,3708,eligible paragraphs,0.0040453074433656954,0.0011128584443191186,0.007798018397418014,0.0006133579448186191,0.008297518896918514,3708,102,1001,ok,false,true,0.0004995004995004995,sampling+annotator_disagreement,measured_paired_annotators,paragraph_annotations.parquet vs paragraph_annotations__opus4-8.parquet,observed,Complete source-document paragraph corpus; primary AI labels
57,llm:Civil Service Reform & the Merit System,Civil Service Reform & the Merit System,llm,Exploratory AI paragraph labels,Civil Service Reform & the Merit System,,,,,era,Civil War & Reconstruction,2,1850,1877,1863.5,1.107961865498583,percent of eligible paragraphs,,3881,eligible paragraphs,0.011079618654985829,0.005785969191481002,0.019033293602551484,0.005228555590589141,0.019590707203443344,3881,120,897,ok,false,true,0.0005574136008918615,sampling+annotator_disagreement,measured_paired_annotators,paragraph_annotations.parquet vs paragraph_annotations__opus4-8.parquet,observed,Complete source-document paragraph corpus; primary AI labels
57,llm:Civil Service Reform & the Merit System,Civil Service Reform & the Merit System,llm,Exploratory AI paragraph labels,Civil Service Reform & the Merit System,,,,,era,The Gilded Age,3,1878,1900,1889.0,6.21342992477013,percent of eligible paragraphs,,3589,eligible paragraphs,0.06213429924770131,0.03007838059056183,0.11207979409593018,0.02672589016910589,0.11543228451738612,3589,84,1044,ok,false,true,0.0033524904214559392,sampling+annotator_disagreement,measured_paired_annotators,paragraph_annotations.parquet vs paragraph_annotations__opus4-8.parquet,observed,Complete source-document paragraph corpus; primary AI labels
57,llm:Civil Service Reform & the Merit System,Civil Service Reform & the Merit System,llm,Exploratory AI paragraph labels,Civil Service Reform & the Merit System,,,,,era,Progressives & Depression,4,1901,1932,1916.5,1.844001695633743,percent of eligible paragraphs,,4718,eligible paragraphs,0.01844001695633743,0.012195991171353017,0.024189412514540855,0.011729137763323138,0.024656265922570732,4718,129,1071,ok,false,true,0.0004668534080298787,sampling+annotator_disagreement,measured_paired_annotators,paragraph_annotations.parquet vs paragraph_annotations__opus4-8.parquet,observed,Complete source-document paragraph corpus; primary AI labels
57,llm:Civil Service Reform & the Merit System,Civil Service Reform & the Merit System,llm,Exploratory AI paragraph labels,Civil Service Reform & the Merit System,,,,,era,War & New Deal,5,1933,1945,1939.0,0.16764459346186086,percent of eligible paragraphs,,1193,eligible paragraphs,0.0016764459346186086,0.0,0.00407357471757168,0.0,0.00407357471757168,1193,55,290,ok,false,true,0.0,sampling+annotator_disagreement,measured_paired_annotators,paragraph_annotations.parquet vs paragraph_annotations__opus4-8.parquet,observed,Complete source-document paragraph corpus; primary AI labels
57,llm:Civil Service Reform & the Merit System,Civil Service Reform & the Merit System,llm,Exploratory AI paragraph labels,Civil Service Reform & the Merit System,,,,,era,The Cold War,6,1946,1988,1967.0,0.7874876955047577,percent of eligible paragraphs,,9143,eligible paragraphs,0.007874876955047577,0.004219764518844622,0.012040725014639564,0.0031473784598633884,0.013113111073620797,9143,263,1865,ok,false,true,0.0010723860589812334,sampling+annotator_disagreement,measured_paired_annotators,paragraph_annotations.parquet vs paragraph_annotations__opus4-8.parquet,observed,Complete source-document paragraph corpus; primary AI labels
57,llm:Civil Service Reform & the Merit System,Civil Service Reform & the Merit System,llm,Exploratory AI paragraph labels,Civil Service Reform & the Merit System,,,,,era,Post-Cold War,7,1989,2016,2002.5,0.6666666666666667,percent of eligible paragraphs,,4950,eligible paragraphs,0.006666666666666667,0.0028399546397259367,0.011868319703410755,0.0,0.01857073257204346,4950,149,1119,ok,false,true,0.006702412868632707,sampling+annotator_disagreement,measured_paired_annotators,paragraph_annotations.parquet vs paragraph_annotations__opus4-8.parquet,observed,Complete source-document paragraph corpus; primary AI labels
57,llm:Civil Service Reform & the Merit System,Civil Service Reform & the Merit System,llm,Exploratory AI paragraph labels,Civil Service Reform & the Merit System,,,,,era,The present era,8,2017,2026,2021.5,0.6067961165048543,percent of eligible paragraphs,,4120,eligible paragraphs,0.006067961165048544,0.001544570742599841,0.012692760325800821,0.001074645930569766,0.013162685137830896,4120,82,1064,ok,false,true,0.00046992481203007516,sampling+annotator_disagreement,measured_paired_annotators,paragraph_annotations.parquet vs paragraph_annotations__opus4-8.parquet,observed,Complete source-document paragraph corpus; primary AI labels
58,"llm:Executive Power, Vetoes & the Courts","Executive Power, Vetoes & the Courts",llm,Exploratory AI paragraph labels,"Executive Power, Vetoes & the Courts",,,,,era,The founding,0,1789,1815,1802.0,4.638619201725998,percent of eligible paragraphs,,927,eligible paragraphs,0.04638619201725998,0.025441786345134783,0.07366744235410655,0.025441786345134783,0.07366744235410655,927,73,219,ok,false,true,0.0,sampling+annotator_disagreement,measured_paired_annotators,paragraph_annotations.parquet vs paragraph_annotations__opus4-8.parquet,observed,Complete source-document paragraph corpus; primary AI labels
58,"llm:Executive Power, Vetoes & the Courts","Executive Power, Vetoes & the Courts",llm,Exploratory AI paragraph labels,"Executive Power, Vetoes & the Courts",,,,,era,Expansion,1,1816,1849,1832.5,9.169363538295578,percent of eligible paragraphs,,3708,eligible paragraphs,0.09169363538295577,0.06260896847913423,0.13096769949462095,0.05161995749012324,0.14195671048363195,3708,102,1001,ok,false,true,0.010989010989010992,sampling+annotator_disagreement,measured_paired_annotators,paragraph_annotations.parquet vs paragraph_annotations__opus4-8.parquet,observed,Complete source-document paragraph corpus; primary AI labels
58,"llm:Executive Power, Vetoes & the Courts","Executive Power, Vetoes & the Courts",llm,Exploratory AI paragraph labels,"Executive Power, Vetoes & the Courts",,,,,era,Civil War & Reconstruction,2,1850,1877,1863.5,9.84282401442927,percent of eligible paragraphs,,3881,eligible paragraphs,0.0984282401442927,0.06309683345941856,0.14454611799651737,0.05919493825317553,0.1484480132027604,3881,120,897,ok,false,true,0.003901895206243032,sampling+annotator_disagreement,measured_paired_annotators,paragraph_annotations.parquet vs paragraph_annotations__opus4-8.parquet,observed,Complete source-document paragraph corpus; primary AI labels
58,"llm:Executive Power, Vetoes & the Courts","Executive Power, Vetoes & the Courts",llm,Exploratory AI paragraph labels,"Executive Power, Vetoes & the Courts",,,,,era,The Gilded Age,3,1878,1900,1889.0,4.17943716912789,percent of eligible paragraphs,,3589,eligible paragraphs,0.041794371691278906,0.0250823889502889,0.06135628004882396,0.020772044122702695,0.06566662487641016,3589,84,1044,ok,false,true,0.004310344827586205,sampling+annotator_disagreement,measured_paired_annotators,paragraph_annotations.parquet vs paragraph_annotations__opus4-8.parquet,observed,Complete source-document paragraph corpus; primary AI labels
58,"llm:Executive Power, Vetoes & the Courts","Executive Power, Vetoes & the Courts",llm,Exploratory AI paragraph labels,"Executive Power, Vetoes & the Courts",,,,,era,Progressives & Depression,4,1901,1932,1916.5,3.688003391267486,percent of eligible paragraphs,,4718,eligible paragraphs,0.03688003391267486,0.024133735603671876,0.05068471894396363,0.018998348115343212,0.055820106432292294,4718,129,1071,ok,false,true,0.005135387488328664,sampling+annotator_disagreement,measured_paired_annotators,paragraph_annotations.parquet vs paragraph_annotations__opus4-8.parquet,observed,Complete source-document paragraph corpus; primary AI labels
58,"llm:Executive Power, Vetoes & the Courts","Executive Power, Vetoes & the Courts",llm,Exploratory AI paragraph labels,"Executive Power, Vetoes & the Courts",,,,,era,War & New Deal,5,1933,1945,1939.0,4.107292539815591,percent of eligible paragraphs,,1193,eligible paragraphs,0.04107292539815591,0.01405333113863627,0.094295195416643,0.012329193207601787,0.09601933334767748,1193,55,290,ok,false,true,0.0017241379310344827,sampling+annotator_disagreement,measured_paired_annotators,paragraph_annotations.parquet vs paragraph_annotations__opus4-8.parquet,observed,Complete source-document paragraph corpus; primary AI labels
58,"llm:Executive Power, Vetoes & the Courts","Executive Power, Vetoes & the Courts",llm,Exploratory AI paragraph labels,"Executive Power, Vetoes & the Courts",,,,,era,The Cold War,6,1946,1988,1967.0,3.22651208574866,percent of eligible paragraphs,,9143,eligible paragraphs,0.032265120857486604,0.024338333112655815,0.04026614396253072,0.021657367965202734,0.0429471091099838,9143,263,1865,ok,false,true,0.0026809651474530814,sampling+annotator_disagreement,measured_paired_annotators,paragraph_annotations.parquet vs paragraph_annotations__opus4-8.parquet,observed,Complete source-document paragraph corpus; primary AI labels
58,"llm:Executive Power, Vetoes & the Courts","Executive Power, Vetoes & the Courts",llm,Exploratory AI paragraph labels,"Executive Power, Vetoes & the Courts",,,,,era,Post-Cold War,7,1989,2016,2002.5,1.8585858585858588,percent of eligible paragraphs,,4950,eligible paragraphs,0.018585858585858588,0.01247014539103569,0.02573511284541149,0.010236007768158122,0.027969250468289054,4950,149,1119,ok,false,true,0.002234137622877568,sampling+annotator_disagreement,measured_paired_annotators,paragraph_annotations.parquet vs paragraph_annotations__opus4-8.parquet,observed,Complete source-document paragraph corpus; primary AI labels
58,"llm:Executive Power, Vetoes & the Courts","Executive Power, Vetoes & the Courts",llm,Exploratory AI paragraph labels,"Executive Power, Vetoes & the Courts",,,,,era,The present era,8,2017,2026,2021.5,2.815533980582524,percent of eligible paragraphs,,4120,eligible paragraphs,0.02815533980582524,0.016454532334978244,0.04137122204914406,0.013634983462797793,0.044190770921324514,4120,82,1064,ok,false,true,0.002819548872180451,sampling+annotator_disagreement,measured_paired_annotators,paragraph_annotations.parquet vs paragraph_annotations__opus4-8.parquet,observed,Complete source-document paragraph corpus; primary AI labels
59,"llm:Territorial Organization, Statehood & Insular Governance","Territorial Organization, Statehood & Insular Governance",llm,Exploratory AI paragraph labels,"Territorial Organization, Statehood & Insular Governance",,,,,era,The founding,0,1789,1815,1802.0,0.9708737864077669,percent of eligible paragraphs,,927,eligible paragraphs,0.009708737864077669,0.0028870289976067236,0.018902371021345874,0.0006039239747756735,0.021185476044176924,927,73,219,ok,false,true,0.00228310502283105,sampling+annotator_disagreement,measured_paired_annotators,paragraph_annotations.parquet vs paragraph_annotations__opus4-8.parquet,observed,Complete source-document paragraph corpus; primary AI labels
59,"llm:Territorial Organization, Statehood & Insular Governance","Territorial Organization, Statehood & Insular Governance",llm,Exploratory AI paragraph labels,"Territorial Organization, Statehood & Insular Governance",,,,,era,Expansion,1,1816,1849,1832.5,2.6159654800431498,percent of eligible paragraphs,,3708,eligible paragraphs,0.0261596548004315,0.016662955665103257,0.03777845420315953,0.01316645216859976,0.04127495769966302,3708,102,1001,ok,false,true,0.003496503496503498,sampling+annotator_disagreement,measured_paired_annotators,paragraph_annotations.parquet vs paragraph_annotations__opus4-8.parquet,observed,Complete source-document paragraph corpus; primary AI labels
59,"llm:Territorial Organization, Statehood & Insular Governance","Territorial Organization, Statehood & Insular Governance",llm,Exploratory AI paragraph labels,"Territorial Organization, Statehood & Insular Governance",,,,,era,Civil War & Reconstruction,2,1850,1877,1863.5,5.462509662458129,percent of eligible paragraphs,,3881,eligible paragraphs,0.054625096624581294,0.03589645123294958,0.0775975821757142,0.015829561600842555,0.09766447180782123,3881,120,897,ok,false,true,0.020066889632107024,sampling+annotator_disagreement,measured_paired_annotators,paragraph_annotations.parquet vs paragraph_annotations__opus4-8.parquet,observed,Complete source-document paragraph corpus; primary AI labels
59,"llm:Territorial Organization, Statehood & Insular Governance","Territorial Organization, Statehood & Insular Governance",llm,Exploratory AI paragraph labels,"Territorial Organization, Statehood & Insular Governance",,,,,era,The Gilded Age,3,1878,1900,1889.0,5.321816662022847,percent of eligible paragraphs,,3589,eligible paragraphs,0.05321816662022848,0.025970121219922548,0.08468513331693427,0.023096558001531743,0.08755869653532507,3589,84,1044,ok,false,true,0.0028735632183908046,sampling+annotator_disagreement,measured_paired_annotators,paragraph_annotations.parquet vs paragraph_annotations__opus4-8.parquet,observed,Complete source-document paragraph corpus; primary AI labels
59,"llm:Territorial Organization, Statehood & Insular Governance","Territorial Organization, Statehood & Insular Governance",llm,Exploratory AI paragraph labels,"Territorial Organization, Statehood & Insular Governance",,,,,era,Progressives & Depression,4,1901,1932,1916.5,4.23908435777872,percent of eligible paragraphs,,4718,eligible paragraphs,0.0423908435777872,0.02903014382570363,0.05350820227784685,0.0252953165614646,0.05724302954208588,4718,129,1071,ok,false,true,0.0037348272642390296,sampling+annotator_disagreement,measured_paired_annotators,paragraph_annotations.parquet vs paragraph_annotations__opus4-8.parquet,observed,Complete source-document paragraph corpus; primary AI labels
59,"llm:Territorial Organization, Statehood & Insular Governance","Territorial Organization, Statehood & Insular Governance",llm,Exploratory AI paragraph labels,"Territorial Organization, Statehood & Insular Governance",,,,,era,War & New Deal,5,1933,1945,1939.0,0.16764459346186086,percent of eligible paragraphs,,1193,eligible paragraphs,0.0016764459346186086,0.0,0.004234543089669935,0.0,0.004234543089669935,1193,55,290,ok,false,true,0.0,sampling+annotator_disagreement,measured_paired_annotators,paragraph_annotations.parquet vs paragraph_annotations__opus4-8.parquet,observed,Complete source-document paragraph corpus; primary AI labels
59,"llm:Territorial Organization, Statehood & Insular Governance","Territorial Organization, Statehood & Insular Governance",llm,Exploratory AI paragraph labels,"Territorial Organization, Statehood & Insular Governance",,,,,era,The Cold War,6,1946,1988,1967.0,0.3718691895439134,percent of eligible paragraphs,,9143,eligible paragraphs,0.003718691895439134,0.0014793719347675983,0.006490678250232718,0.0014793719347675983,0.006490678250232718,9143,263,1865,ok,false,true,0.0,sampling+annotator_disagreement,measured_paired_annotators,paragraph_annotations.parquet vs paragraph_annotations__opus4-8.parquet,observed,Complete source-document paragraph corpus; primary AI labels
59,"llm:Territorial Organization, Statehood & Insular Governance","Territorial Organization, Statehood & Insular Governance",llm,Exploratory AI paragraph labels,"Territorial Organization, Statehood & Insular Governance",,,,,era,Post-Cold War,7,1989,2016,2002.5,0.06060606060606061,percent of eligible paragraphs,,4950,eligible paragraphs,0.0006060606060606061,0.0,0.001435814009342858,0.0,0.0018826415339183718,4950,149,1119,ok,false,true,0.00044682752457551384,sampling+annotator_disagreement,measured_paired_annotators,paragraph_annotations.parquet vs paragraph_annotations__opus4-8.parquet,observed,Complete source-document paragraph corpus; primary AI labels
59,"llm:Territorial Organization, Statehood & Insular Governance","Territorial Organization, Statehood & Insular Governance",llm,Exploratory AI paragraph labels,"Territorial Organization, Statehood & Insular Governance",,,,,era,The present era,8,2017,2026,2021.5,0.07281553398058252,percent of eligible paragraphs,,4120,eligible paragraphs,0.0007281553398058253,0.0,0.0014831210402892867,0.0,0.0019530458523193618,4120,82,1064,ok,false,true,0.00046992481203007516,sampling+annotator_disagreement,measured_paired_annotators,paragraph_annotations.parquet vs paragraph_annotations__opus4-8.parquet,observed,Complete source-document paragraph corpus; primary AI labels
60,llm:Elections & Voting Integrity,Elections & Voting Integrity,llm,Exploratory AI paragraph labels,Elections & Voting Integrity,,,,,era,The founding,0,1789,1815,1802.0,0.2157497303128371,percent of eligible paragraphs,,927,eligible paragraphs,0.002157497303128371,0.0,0.007404574226135563,0.0,0.009687679248966612,927,73,219,ok,false,true,0.00228310502283105,sampling+annotator_disagreement,measured_paired_annotators,paragraph_annotations.parquet vs paragraph_annotations__opus4-8.parquet,observed,Complete source-document paragraph corpus; primary AI labels
60,llm:Elections & Voting Integrity,Elections & Voting Integrity,llm,Exploratory AI paragraph labels,Elections & Voting Integrity,,,,,era,Expansion,1,1816,1849,1832.5,0.9169363538295576,percent of eligible paragraphs,,3708,eligible paragraphs,0.009169363538295576,0.003209180472453174,0.0177755818210884,0.0,0.021272085317591897,3708,102,1001,ok,false,true,0.003496503496503497,sampling+annotator_disagreement,measured_paired_annotators,paragraph_annotations.parquet vs paragraph_annotations__opus4-8.parquet,observed,Complete source-document paragraph corpus; primary AI labels
60,llm:Elections & Voting Integrity,Elections & Voting Integrity,llm,Exploratory AI paragraph labels,Elections & Voting Integrity,,,,,era,Civil War & Reconstruction,2,1850,1877,1863.5,2.4220561710899253,percent of eligible paragraphs,,3881,eligible paragraphs,0.024220561710899254,0.013714169517128186,0.037402805218980095,0.006467792705533985,0.044649182030574296,3881,120,897,ok,false,true,0.0072463768115942,sampling+annotator_disagreement,measured_paired_annotators,paragraph_annotations.parquet vs paragraph_annotations__opus4-8.parquet,observed,Complete source-document paragraph corpus; primary AI labels
60,llm:Elections & Voting Integrity,Elections & Voting Integrity,llm,Exploratory AI paragraph labels,Elections & Voting Integrity,,,,,era,The Gilded Age,3,1878,1900,1889.0,3.3714126497631653,percent of eligible paragraphs,,3589,eligible paragraphs,0.033714126497631655,0.017254535382910954,0.05916609179724855,0.012465263352259613,0.06395536382789989,3589,84,1044,ok,false,true,0.0047892720306513415,sampling+annotator_disagreement,measured_paired_annotators,paragraph_annotations.parquet vs paragraph_annotations__opus4-8.parquet,observed,Complete source-document paragraph corpus; primary AI labels
60,llm:Elections & Voting Integrity,Elections & Voting Integrity,llm,Exploratory AI paragraph labels,Elections & Voting Integrity,,,,,era,Progressives & Depression,4,1901,1932,1916.5,0.5510809665112336,percent of eligible paragraphs,,4718,eligible paragraphs,0.005510809665112336,0.002625809249972412,0.008196860325618071,0.0012252490258827763,0.009597420549707707,4718,129,1071,ok,false,true,0.0014005602240896356,sampling+annotator_disagreement,measured_paired_annotators,paragraph_annotations.parquet vs paragraph_annotations__opus4-8.parquet,observed,Complete source-document paragraph corpus; primary AI labels
60,llm:Elections & Voting Integrity,Elections & Voting Integrity,llm,Exploratory AI paragraph labels,Elections & Voting Integrity,,,,,era,War & New Deal,5,1933,1945,1939.0,0.4191114836546521,percent of eligible paragraphs,,1193,eligible paragraphs,0.004191114836546521,0.0,0.011156641657430296,0.0,0.018053193381568227,1193,55,290,ok,false,true,0.006896551724137931,sampling+annotator_disagreement,measured_paired_annotators,paragraph_annotations.parquet vs paragraph_annotations__opus4-8.parquet,observed,Complete source-document paragraph corpus; primary AI labels
60,llm:Elections & Voting Integrity,Elections & Voting Integrity,llm,Exploratory AI paragraph labels,Elections & Voting Integrity,,,,,era,The Cold War,6,1946,1988,1967.0,0.8312370119216888,percent of eligible paragraphs,,9143,eligible paragraphs,0.008312370119216888,0.0050647848266585065,0.012349451856644073,0.0,0.021464733357984555,9143,263,1865,ok,false,true,0.009115281501340482,sampling+annotator_disagreement,measured_paired_annotators,paragraph_annotations.parquet vs paragraph_annotations__opus4-8.parquet,observed,Complete source-document paragraph corpus; primary AI labels
60,llm:Elections & Voting Integrity,Elections & Voting Integrity,llm,Exploratory AI paragraph labels,Elections & Voting Integrity,,,,,era,Post-Cold War,7,1989,2016,2002.5,0.8888888888888888,percent of eligible paragraphs,,4950,eligible paragraphs,0.008888888888888889,0.005725939151137658,0.01231202440899153,0.005279111626562144,0.012758851933567043,4950,149,1119,ok,false,true,0.000446827524575514,sampling+annotator_disagreement,measured_paired_annotators,paragraph_annotations.parquet vs paragraph_annotations__opus4-8.parquet,observed,Complete source-document paragraph corpus; primary AI labels
60,llm:Elections & Voting Integrity,Elections & Voting Integrity,llm,Exploratory AI paragraph labels,Elections & Voting Integrity,,,,,era,The present era,8,2017,2026,2021.5,4.029126213592233,percent of eligible paragraphs,,4120,eligible paragraphs,0.04029126213592233,0.021362920733270417,0.06534813491834064,0.017133597424999737,0.06957745822661132,4120,82,1064,ok,false,true,0.00422932330827068,sampling+annotator_disagreement,measured_paired_annotators,paragraph_annotations.parquet vs paragraph_annotations__opus4-8.parquet,observed,Complete source-document paragraph corpus; primary AI labels
61,"llm:Commemoration, Eulogy & National Mourning","Commemoration, Eulogy & National Mourning",llm,Exploratory AI paragraph labels,"Commemoration, Eulogy & National Mourning",,,,,era,The founding,0,1789,1815,1802.0,1.4023732470334414,percent of eligible paragraphs,,927,eligible paragraphs,0.014023732470334413,0.0,0.03967026330692806,0.0,0.03967026330692806,927,73,219,ok,false,true,0.0,sampling+annotator_disagreement,measured_paired_annotators,paragraph_annotations.parquet vs paragraph_annotations__opus4-8.parquet,observed,Complete source-document paragraph corpus; primary AI labels
61,"llm:Commemoration, Eulogy & National Mourning","Commemoration, Eulogy & National Mourning",llm,Exploratory AI paragraph labels,"Commemoration, Eulogy & National Mourning",,,,,era,Expansion,1,1816,1849,1832.5,0.4584681769147788,percent of eligible paragraphs,,3708,eligible paragraphs,0.004584681769147788,0.0017400737894515495,0.007829923357784284,0.0007410727904505505,0.008828924356785284,3708,102,1001,ok,false,true,0.000999000999000999,sampling+annotator_disagreement,measured_paired_annotators,paragraph_annotations.parquet vs paragraph_annotations__opus4-8.parquet,observed,Complete source-document paragraph corpus; primary AI labels
61,"llm:Commemoration, Eulogy & National Mourning","Commemoration, Eulogy & National Mourning",llm,Exploratory AI paragraph labels,"Commemoration, Eulogy & National Mourning",,,,,era,Civil War & Reconstruction,2,1850,1877,1863.5,0.9275959804174182,percent of eligible paragraphs,,3881,eligible paragraphs,0.009275959804174182,0.002434426800751484,0.022574041324568823,0.0013195995989677607,0.023688868526352547,3881,120,897,ok,false,true,0.0011148272017837235,sampling+annotator_disagreement,measured_paired_annotators,paragraph_annotations.parquet vs paragraph_annotations__opus4-8.parquet,observed,Complete source-document paragraph corpus; primary AI labels
61,"llm:Commemoration, Eulogy & National Mourning","Commemoration, Eulogy & National Mourning",llm,Exploratory AI paragraph labels,"Commemoration, Eulogy & National Mourning",,,,,era,The Gilded Age,3,1878,1900,1889.0,1.0866536639732516,percent of eligible paragraphs,,3589,eligible paragraphs,0.010866536639732517,0.006498473548844971,0.015389040706574032,0.005061691939649568,0.016825822315769436,3589,84,1044,ok,false,true,0.0014367816091954023,sampling+annotator_disagreement,measured_paired_annotators,paragraph_annotations.parquet vs paragraph_annotations__opus4-8.parquet,observed,Complete source-document paragraph corpus; primary AI labels
61,"llm:Commemoration, Eulogy & National Mourning","Commemoration, Eulogy & National Mourning",llm,Exploratory AI paragraph labels,"Commemoration, Eulogy & National Mourning",,,,,era,Progressives & Depression,4,1901,1932,1916.5,1.9923696481559985,percent of eligible paragraphs,,4718,eligible paragraphs,0.019923696481559984,0.01194156824446216,0.03235210238757579,0.0,0.044490290996352634,4718,129,1071,ok,false,true,0.012138188608776843,sampling+annotator_disagreement,measured_paired_annotators,paragraph_annotations.parquet vs paragraph_annotations__opus4-8.parquet,observed,Complete source-document paragraph corpus; primary AI labels
61,"llm:Commemoration, Eulogy & National Mourning","Commemoration, Eulogy & National Mourning",llm,Exploratory AI paragraph labels,"Commemoration, Eulogy & National Mourning",,,,,era,War & New Deal,5,1933,1945,1939.0,1.0058675607711651,percent of eligible paragraphs,,1193,eligible paragraphs,0.010058675607711651,0.003747078073866293,0.0179292856496728,0.00029880221179732743,0.021377561511741767,1193,55,290,ok,false,true,0.0034482758620689655,sampling+annotator_disagreement,measured_paired_annotators,paragraph_annotations.parquet vs paragraph_annotations__opus4-8.parquet,observed,Complete source-document paragraph corpus; primary AI labels
61,"llm:Commemoration, Eulogy & National Mourning","Commemoration, Eulogy & National Mourning",llm,Exploratory AI paragraph labels,"Commemoration, Eulogy & National Mourning",,,,,era,The Cold War,6,1946,1988,1967.0,2.165591162638084,percent of eligible paragraphs,,9143,eligible paragraphs,0.02165591162638084,0.01650606476826695,0.02857322914626143,0.015433678709285716,0.029645615205242663,9143,263,1865,ok,false,true,0.0010723860589812338,sampling+annotator_disagreement,measured_paired_annotators,paragraph_annotations.parquet vs paragraph_annotations__opus4-8.parquet,observed,Complete source-document paragraph corpus; primary AI labels
61,"llm:Commemoration, Eulogy & National Mourning","Commemoration, Eulogy & National Mourning",llm,Exploratory AI paragraph labels,"Commemoration, Eulogy & National Mourning",,,,,era,Post-Cold War,7,1989,2016,2002.5,2.808080808080808,percent of eligible paragraphs,,4950,eligible paragraphs,0.02808080808080808,0.018428245263941122,0.04024861632341571,0.01619410764106355,0.042482753946293285,4950,149,1119,ok,false,true,0.0022341376228775713,sampling+annotator_disagreement,measured_paired_annotators,paragraph_annotations.parquet vs paragraph_annotations__opus4-8.parquet,observed,Complete source-document paragraph corpus; primary AI labels
61,"llm:Commemoration, Eulogy & National Mourning","Commemoration, Eulogy & National Mourning",llm,Exploratory AI paragraph labels,"Commemoration, Eulogy & National Mourning",,,,,era,The present era,8,2017,2026,2021.5,2.621359223300971,percent of eligible paragraphs,,4120,eligible paragraphs,0.02621359223300971,0.01662210373033864,0.037948652118100126,0.01662210373033864,0.037948652118100126,4120,82,1064,ok,false,true,0.0,sampling+annotator_disagreement,measured_paired_annotators,paragraph_annotations.parquet vs paragraph_annotations__opus4-8.parquet,observed,Complete source-document paragraph corpus; primary AI labels
62,llm:Presidential Humility & Reflection on Office,Presidential Humility & Reflection on Office,llm,Exploratory AI paragraph labels,Presidential Humility & Reflection on Office,,,,,era,The founding,0,1789,1815,1802.0,5.070118662351672,percent of eligible paragraphs,,927,eligible paragraphs,0.05070118662351672,0.029731371047975363,0.07426917335148249,0.022882055979482212,0.08111848841997564,927,73,219,ok,false,true,0.00684931506849315,sampling+annotator_disagreement,measured_paired_annotators,paragraph_annotations.parquet vs paragraph_annotations__opus4-8.parquet,observed,Complete source-document paragraph corpus; primary AI labels
62,llm:Presidential Humility & Reflection on Office,Presidential Humility & Reflection on Office,llm,Exploratory AI paragraph labels,Presidential Humility & Reflection on Office,,,,,era,Expansion,1,1816,1849,1832.5,1.6181229773462782,percent of eligible paragraphs,,3708,eligible paragraphs,0.016181229773462782,0.010677859967037406,0.022700185792037787,0.007680856970034409,0.025697188789040783,3708,102,1001,ok,false,true,0.002997002997002997,sampling+annotator_disagreement,measured_paired_annotators,paragraph_annotations.parquet vs paragraph_annotations__opus4-8.parquet,observed,Complete source-document paragraph corpus; primary AI labels
62,llm:Presidential Humility & Reflection on Office,Presidential Humility & Reflection on Office,llm,Exploratory AI paragraph labels,Presidential Humility & Reflection on Office,,,,,era,Civil War & Reconstruction,2,1850,1877,1863.5,0.8502963153826334,percent of eligible paragraphs,,3881,eligible paragraphs,0.008502963153826334,0.004689200543975509,0.013122609693796264,0.004131786943083648,0.013680023294688126,3881,120,897,ok,false,true,0.0005574136008918615,sampling+annotator_disagreement,measured_paired_annotators,paragraph_annotations.parquet vs paragraph_annotations__opus4-8.parquet,observed,Complete source-document paragraph corpus; primary AI labels
62,llm:Presidential Humility & Reflection on Office,Presidential Humility & Reflection on Office,llm,Exploratory AI paragraph labels,Presidential Humility & Reflection on Office,,,,,era,The Gilded Age,3,1878,1900,1889.0,0.5015324602953469,percent of eligible paragraphs,,3589,eligible paragraphs,0.005015324602953469,0.002342406228429495,0.009218683179351086,0.0018634790253643607,0.00969761038241622,3589,84,1044,ok,false,true,0.00047892720306513424,sampling+annotator_disagreement,measured_paired_annotators,paragraph_annotations.parquet vs paragraph_annotations__opus4-8.parquet,observed,Complete source-document paragraph corpus; primary AI labels
62,llm:Presidential Humility & Reflection on Office,Presidential Humility & Reflection on Office,llm,Exploratory AI paragraph labels,Presidential Humility & Reflection on Office,,,,,era,Progressives & Depression,4,1901,1932,1916.5,1.0173802458668928,percent of eligible paragraphs,,4718,eligible paragraphs,0.010173802458668928,0.005680022807540628,0.016317646750754033,0.0033457557673912345,0.018651913790903425,4718,129,1071,ok,false,true,0.0023342670401493935,sampling+annotator_disagreement,measured_paired_annotators,paragraph_annotations.parquet vs paragraph_annotations__opus4-8.parquet,observed,Complete source-document paragraph corpus; primary AI labels
62,llm:Presidential Humility & Reflection on Office,Presidential Humility & Reflection on Office,llm,Exploratory AI paragraph labels,Presidential Humility & Reflection on Office,,,,,era,War & New Deal,5,1933,1945,1939.0,2.933780385582565,percent of eligible paragraphs,,1193,eligible paragraphs,0.02933780385582565,0.015251694233861704,0.045546564617901374,0.010079280440758256,0.050718978411004825,1193,55,290,ok,false,true,0.005172413793103448,sampling+annotator_disagreement,measured_paired_annotators,paragraph_annotations.parquet vs paragraph_annotations__opus4-8.parquet,observed,Complete source-document paragraph corpus; primary AI labels
62,llm:Presidential Humility & Reflection on Office,Presidential Humility & Reflection on Office,llm,Exploratory AI paragraph labels,Presidential Humility & Reflection on Office,,,,,era,The Cold War,6,1946,1988,1967.0,2.9093295417259104,percent of eligible paragraphs,,9143,eligible paragraphs,0.029093295417259104,0.024252830648210755,0.0351999702937229,0.022912348074484216,0.03654045286744944,9143,263,1865,ok,false,true,0.0013404825737265407,sampling+annotator_disagreement,measured_paired_annotators,paragraph_annotations.parquet vs paragraph_annotations__opus4-8.parquet,observed,Complete source-document paragraph corpus; primary AI labels
62,llm:Presidential Humility & Reflection on Office,Presidential Humility & Reflection on Office,llm,Exploratory AI paragraph labels,Presidential Humility & Reflection on Office,,,,,era,Post-Cold War,7,1989,2016,2002.5,2.181818181818182,percent of eligible paragraphs,,4950,eligible paragraphs,0.02181818181818182,0.014819286662049935,0.032074457278983615,0.010351011416294797,0.036542732524738754,4950,149,1119,ok,false,true,0.0044682752457551374,sampling+annotator_disagreement,measured_paired_annotators,paragraph_annotations.parquet vs paragraph_annotations__opus4-8.parquet,observed,Complete source-document paragraph corpus; primary AI labels
62,llm:Presidential Humility & Reflection on Office,Presidential Humility & Reflection on Office,llm,Exploratory AI paragraph labels,Presidential Humility & Reflection on Office,,,,,era,The present era,8,2017,2026,2021.5,1.237864077669903,percent of eligible paragraphs,,4120,eligible paragraphs,0.01237864077669903,0.007626362820228047,0.018340430578164924,0.006216588384137822,0.01975020501425515,4120,82,1064,ok,false,true,0.0014097744360902255,sampling+annotator_disagreement,measured_paired_annotators,paragraph_annotations.parquet vs paragraph_annotations__opus4-8.parquet,observed,Complete source-document paragraph corpus; primary AI labels
63,"llm:Personal Narrative, Storytelling & Boasting","Personal Narrative, Storytelling & Boasting",llm,Exploratory AI paragraph labels,"Personal Narrative, Storytelling & Boasting",,,,,era,The founding,0,1789,1815,1802.0,0.2157497303128371,percent of eligible paragraphs,,927,eligible paragraphs,0.002157497303128371,0.0,0.007651294303311921,0.0,0.01221750434897402,927,73,219,ok,false,true,0.0045662100456621,sampling+annotator_disagreement,measured_paired_annotators,paragraph_annotations.parquet vs paragraph_annotations__opus4-8.parquet,observed,Complete source-document paragraph corpus; primary AI labels
63,"llm:Personal Narrative, Storytelling & Boasting","Personal Narrative, Storytelling & Boasting",llm,Exploratory AI paragraph labels,"Personal Narrative, Storytelling & Boasting",,,,,era,Expansion,1,1816,1849,1832.5,0.05393743257820927,percent of eligible paragraphs,,3708,eligible paragraphs,0.0005393743257820927,0.0,0.0017507616655085766,0.0,0.002250262165009076,3708,102,1001,ok,false,true,0.0004995004995004995,sampling+annotator_disagreement,measured_paired_annotators,paragraph_annotations.parquet vs paragraph_annotations__opus4-8.parquet,observed,Complete source-document paragraph corpus; primary AI labels
63,"llm:Personal Narrative, Storytelling & Boasting","Personal Narrative, Storytelling & Boasting",llm,Exploratory AI paragraph labels,"Personal Narrative, Storytelling & Boasting",,,,,era,Civil War & Reconstruction,2,1850,1877,1863.5,0.2834321051275444,percent of eligible paragraphs,,3881,eligible paragraphs,0.0028343210512754443,0.0,0.0102792331689469,0.0,0.011394060370730624,3881,120,897,ok,false,true,0.0011148272017837235,sampling+annotator_disagreement,measured_paired_annotators,paragraph_annotations.parquet vs paragraph_annotations__opus4-8.parquet,observed,Complete source-document paragraph corpus; primary AI labels
63,"llm:Personal Narrative, Storytelling & Boasting","Personal Narrative, Storytelling & Boasting",llm,Exploratory AI paragraph labels,"Personal Narrative, Storytelling & Boasting",,,,,era,The Gilded Age,3,1878,1900,1889.0,0.02786291446085261,percent of eligible paragraphs,,3589,eligible paragraphs,0.00027862914460852607,0.0,0.0008802040630879384,0.0,0.0008802040630879384,3589,84,1044,ok,false,true,0.0,sampling+annotator_disagreement,measured_paired_annotators,paragraph_annotations.parquet vs paragraph_annotations__opus4-8.parquet,observed,Complete source-document paragraph corpus; primary AI labels
63,"llm:Personal Narrative, Storytelling & Boasting","Personal Narrative, Storytelling & Boasting",llm,Exploratory AI paragraph labels,"Personal Narrative, Storytelling & Boasting",,,,,era,Progressives & Depression,4,1901,1932,1916.5,0.42390843577787196,percent of eligible paragraphs,,4718,eligible paragraphs,0.00423908435777872,0.001027869997975422,0.00913868605117554,0.0,0.011939806499354812,4718,129,1071,ok,false,true,0.0028011204481792717,sampling+annotator_disagreement,measured_paired_annotators,paragraph_annotations.parquet vs paragraph_annotations__opus4-8.parquet,observed,Complete source-document paragraph corpus; primary AI labels
63,"llm:Personal Narrative, Storytelling & Boasting","Personal Narrative, Storytelling & Boasting",llm,Exploratory AI paragraph labels,"Personal Narrative, Storytelling & Boasting",,,,,era,War & New Deal,5,1933,1945,1939.0,0.8382229673093042,percent of eligible paragraphs,,1193,eligible paragraphs,0.008382229673093043,0.002587468930656017,0.014197415904035065,0.0,0.029714657283345408,1193,55,290,ok,false,true,0.015517241379310345,sampling+annotator_disagreement,measured_paired_annotators,paragraph_annotations.parquet vs paragraph_annotations__opus4-8.parquet,observed,Complete source-document paragraph corpus; primary AI labels
63,"llm:Personal Narrative, Storytelling & Boasting","Personal Narrative, Storytelling & Boasting",llm,Exploratory AI paragraph labels,"Personal Narrative, Storytelling & Boasting",,,,,era,The Cold War,6,1946,1988,1967.0,2.5046483648692988,percent of eligible paragraphs,,9143,eligible paragraphs,0.02504648364869299,0.017642369872232944,0.035135574164568015,0.015765694269015786,0.03701224976778517,9143,263,1865,ok,false,true,0.001876675603217158,sampling+annotator_disagreement,measured_paired_annotators,paragraph_annotations.parquet vs paragraph_annotations__opus4-8.parquet,observed,Complete source-document paragraph corpus; primary AI labels
63,"llm:Personal Narrative, Storytelling & Boasting","Personal Narrative, Storytelling & Boasting",llm,Exploratory AI paragraph labels,"Personal Narrative, Storytelling & Boasting",,,,,era,Post-Cold War,7,1989,2016,2002.5,2.505050505050505,percent of eligible paragraphs,,4950,eligible paragraphs,0.025050505050505052,0.019020302940157722,0.03165215688854146,0.010977407497798472,0.03969505233090071,4950,149,1119,ok,false,true,0.00804289544235925,sampling+annotator_disagreement,measured_paired_annotators,paragraph_annotations.parquet vs paragraph_annotations__opus4-8.parquet,observed,Complete source-document paragraph corpus; primary AI labels
63,"llm:Personal Narrative, Storytelling & Boasting","Personal Narrative, Storytelling & Boasting",llm,Exploratory AI paragraph labels,"Personal Narrative, Storytelling & Boasting",,,,,era,The present era,8,2017,2026,2021.5,4.393203883495145,percent of eligible paragraphs,,4120,eligible paragraphs,0.043932038834951455,0.024660145888594165,0.06623428333362981,0.02325037145250394,0.06764405776972003,4120,82,1064,ok,false,true,0.0014097744360902255,sampling+annotator_disagreement,measured_paired_annotators,paragraph_annotations.parquet vs paragraph_annotations__opus4-8.parquet,observed,Complete source-document paragraph corpus; primary AI labels
64,"llm:Executive Departments, Postal & Administrative Housekeeping","Executive Departments, Postal & Administrative Housekeeping",llm,Exploratory AI paragraph labels,"Executive Departments, Postal & Administrative Housekeeping",,,,,era,The founding,0,1789,1815,1802.0,4.53074433656958,percent of eligible paragraphs,,927,eligible paragraphs,0.045307443365695796,0.028737951085744493,0.06524254530461272,0.008190005880265042,0.08579049051009217,927,73,219,ok,false,true,0.02054794520547945,sampling+annotator_disagreement,measured_paired_annotators,paragraph_annotations.parquet vs paragraph_annotations__opus4-8.parquet,observed,Complete source-document paragraph corpus; primary AI labels
64,"llm:Executive Departments, Postal & Administrative Housekeeping","Executive Departments, Postal & Administrative Housekeeping",llm,Exploratory AI paragraph labels,"Executive Departments, Postal & Administrative Housekeeping",,,,,era,Expansion,1,1816,1849,1832.5,4.288025889967638,percent of eligible paragraphs,,3708,eligible paragraphs,0.04288025889967637,0.033677524166382394,0.051626513974161244,0.031180021668879895,0.05412401647166375,3708,102,1001,ok,false,true,0.0024975024975024997,sampling+annotator_disagreement,measured_paired_annotators,paragraph_annotations.parquet vs paragraph_annotations__opus4-8.parquet,observed,Complete source-document paragraph corpus; primary AI labels
64,"llm:Executive Departments, Postal & Administrative Housekeeping","Executive Departments, Postal & Administrative Housekeeping",llm,Exploratory AI paragraph labels,"Executive Departments, Postal & Administrative Housekeeping",,,,,era,Civil War & Reconstruction,2,1850,1877,1863.5,5.977840762690028,percent of eligible paragraphs,,3881,eligible paragraphs,0.05977840762690028,0.0451822743715032,0.073416121834853,0.043510033568827614,0.07508836263752858,3881,120,897,ok,false,true,0.0016722408026755842,sampling+annotator_disagreement,measured_paired_annotators,paragraph_annotations.parquet vs paragraph_annotations__opus4-8.parquet,observed,Complete source-document paragraph corpus; primary AI labels
64,"llm:Executive Departments, Postal & Administrative Housekeeping","Executive Departments, Postal & Administrative Housekeeping",llm,Exploratory AI paragraph labels,"Executive Departments, Postal & Administrative Housekeeping",,,,,era,The Gilded Age,3,1878,1900,1889.0,8.442463081638339,percent of eligible paragraphs,,3589,eligible paragraphs,0.08442463081638339,0.06768850412494287,0.10051554563634037,0.062420304891226394,0.10578374487005685,3589,84,1044,ok,false,true,0.005268199233716478,sampling+annotator_disagreement,measured_paired_annotators,paragraph_annotations.parquet vs paragraph_annotations__opus4-8.parquet,observed,Complete source-document paragraph corpus; primary AI labels
64,"llm:Executive Departments, Postal & Administrative Housekeeping","Executive Departments, Postal & Administrative Housekeeping",llm,Exploratory AI paragraph labels,"Executive Departments, Postal & Administrative Housekeeping",,,,,era,Progressives & Depression,4,1901,1932,1916.5,5.743959304790165,percent of eligible paragraphs,,4718,eligible paragraphs,0.05743959304790165,0.04331450206312615,0.07154764835629461,0.04144708843100663,0.07341506198841413,4718,129,1071,ok,false,true,0.0018674136321195148,sampling+annotator_disagreement,measured_paired_annotators,paragraph_annotations.parquet vs paragraph_annotations__opus4-8.parquet,observed,Complete source-document paragraph corpus; primary AI labels
64,"llm:Executive Departments, Postal & Administrative Housekeeping","Executive Departments, Postal & Administrative Housekeeping",llm,Exploratory AI paragraph labels,"Executive Departments, Postal & Administrative Housekeeping",,,,,era,War & New Deal,5,1933,1945,1939.0,2.095557418273261,percent of eligible paragraphs,,1193,eligible paragraphs,0.020955574182732608,0.010530009267388549,0.03337843113863372,0.007081733405319583,0.03682670700070269,1193,55,290,ok,false,true,0.0034482758620689655,sampling+annotator_disagreement,measured_paired_annotators,paragraph_annotations.parquet vs paragraph_annotations__opus4-8.parquet,observed,Complete source-document paragraph corpus; primary AI labels
64,"llm:Executive Departments, Postal & Administrative Housekeeping","Executive Departments, Postal & Administrative Housekeeping",llm,Exploratory AI paragraph labels,"Executive Departments, Postal & Administrative Housekeeping",,,,,era,The Cold War,6,1946,1988,1967.0,2.66870830143279,percent of eligible paragraphs,,9143,eligible paragraphs,0.0266870830143279,0.020023771817013557,0.033145289221536325,0.018415192728541706,0.03475386831000818,9143,263,1865,ok,false,true,0.0016085790884718502,sampling+annotator_disagreement,measured_paired_annotators,paragraph_annotations.parquet vs paragraph_annotations__opus4-8.parquet,observed,Complete source-document paragraph corpus; primary AI labels
64,"llm:Executive Departments, Postal & Administrative Housekeeping","Executive Departments, Postal & Administrative Housekeeping",llm,Exploratory AI paragraph labels,"Executive Departments, Postal & Administrative Housekeeping",,,,,era,Post-Cold War,7,1989,2016,2002.5,1.7373737373737375,percent of eligible paragraphs,,4950,eligible paragraphs,0.017373737373737375,0.010076763347725013,0.026257973403843102,0.009183108298573984,0.027151628452994132,4950,149,1119,ok,false,true,0.0008936550491510289,sampling+annotator_disagreement,measured_paired_annotators,paragraph_annotations.parquet vs paragraph_annotations__opus4-8.parquet,observed,Complete source-document paragraph corpus; primary AI labels
64,"llm:Executive Departments, Postal & Administrative Housekeeping","Executive Departments, Postal & Administrative Housekeeping",llm,Exploratory AI paragraph labels,"Executive Departments, Postal & Administrative Housekeeping",,,,,era,The present era,8,2017,2026,2021.5,0.7766990291262136,percent of eligible paragraphs,,4120,eligible paragraphs,0.007766990291262136,0.0039071008950548915,0.012479517801448644,0.0034371760830248163,0.01294944261347872,4120,82,1064,ok,false,true,0.00046992481203007516,sampling+annotator_disagreement,measured_paired_annotators,paragraph_annotations.parquet vs paragraph_annotations__opus4-8.parquet,observed,Complete source-document paragraph corpus; primary AI labels
65,"llm:Providence, Faith & American Ideals","Providence, Faith & American Ideals",llm,Exploratory AI paragraph labels,"Providence, Faith & American Ideals",,,,,era,The founding,0,1789,1815,1802.0,11.11111111111111,percent of eligible paragraphs,,927,eligible paragraphs,0.1111111111111111,0.08831331877729258,0.13578717406624383,0.08374710873163048,0.14035338411190593,927,73,219,ok,false,true,0.0045662100456621,sampling+annotator_disagreement,measured_paired_annotators,paragraph_annotations.parquet vs paragraph_annotations__opus4-8.parquet,observed,Complete source-document paragraph corpus; primary AI labels
65,"llm:Providence, Faith & American Ideals","Providence, Faith & American Ideals",llm,Exploratory AI paragraph labels,"Providence, Faith & American Ideals",,,,,era,Expansion,1,1816,1849,1832.5,4.018338727076591,percent of eligible paragraphs,,3708,eligible paragraphs,0.04018338727076591,0.03365649051025467,0.04760440271932664,0.02316698002074418,0.058093913208837125,3708,102,1001,ok,false,true,0.01048951048951049,sampling+annotator_disagreement,measured_paired_annotators,paragraph_annotations.parquet vs paragraph_annotations__opus4-8.parquet,observed,Complete source-document paragraph corpus; primary AI labels
65,"llm:Providence, Faith & American Ideals","Providence, Faith & American Ideals",llm,Exploratory AI paragraph labels,"Providence, Faith & American Ideals",,,,,era,Civil War & Reconstruction,2,1850,1877,1863.5,2.9116207163102295,percent of eligible paragraphs,,3881,eligible paragraphs,0.029116207163102294,0.022271550069946744,0.0373826966720641,0.017812241262811848,0.041842005479198995,3881,120,897,ok,false,true,0.004459308807134894,sampling+annotator_disagreement,measured_paired_annotators,paragraph_annotations.parquet vs paragraph_annotations__opus4-8.parquet,observed,Complete source-document paragraph corpus; primary AI labels
65,"llm:Providence, Faith & American Ideals","Providence, Faith & American Ideals",llm,Exploratory AI paragraph labels,"Providence, Faith & American Ideals",,,,,era,The Gilded Age,3,1878,1900,1889.0,1.6439119531903037,percent of eligible paragraphs,,3589,eligible paragraphs,0.016439119531903038,0.011967474313840177,0.022456556031083125,0.007178202283188835,0.027245828061734464,3589,84,1044,ok,false,true,0.0047892720306513415,sampling+annotator_disagreement,measured_paired_annotators,paragraph_annotations.parquet vs paragraph_annotations__opus4-8.parquet,observed,Complete source-document paragraph corpus; primary AI labels
65,"llm:Providence, Faith & American Ideals","Providence, Faith & American Ideals",llm,Exploratory AI paragraph labels,"Providence, Faith & American Ideals",,,,,era,Progressives & Depression,4,1901,1932,1916.5,7.079270877490462,percent of eligible paragraphs,,4718,eligible paragraphs,0.07079270877490462,0.05141548041367285,0.09357207898206442,0.04674694633337407,0.0982406130623632,4718,129,1071,ok,false,true,0.0046685340802987835,sampling+annotator_disagreement,measured_paired_annotators,paragraph_annotations.parquet vs paragraph_annotations__opus4-8.parquet,observed,Complete source-document paragraph corpus; primary AI labels
65,"llm:Providence, Faith & American Ideals","Providence, Faith & American Ideals",llm,Exploratory AI paragraph labels,"Providence, Faith & American Ideals",,,,,era,War & New Deal,5,1933,1945,1939.0,15.50712489522213,percent of eligible paragraphs,,1193,eligible paragraphs,0.1550712489522213,0.122632383740414,0.19493910256410257,0.11401169408524159,0.203559792219275,1193,55,290,ok,false,true,0.008620689655172417,sampling+annotator_disagreement,measured_paired_annotators,paragraph_annotations.parquet vs paragraph_annotations__opus4-8.parquet,observed,Complete source-document paragraph corpus; primary AI labels
65,"llm:Providence, Faith & American Ideals","Providence, Faith & American Ideals",llm,Exploratory AI paragraph labels,"Providence, Faith & American Ideals",,,,,era,The Cold War,6,1946,1988,1967.0,11.506070217652848,percent of eligible paragraphs,,9143,eligible paragraphs,0.11506070217652849,0.10383995787280362,0.13080052368180883,0.09767373803366153,0.13696674352095092,9143,263,1865,ok,false,true,0.006166219839142097,sampling+annotator_disagreement,measured_paired_annotators,paragraph_annotations.parquet vs paragraph_annotations__opus4-8.parquet,observed,Complete source-document paragraph corpus; primary AI labels
65,"llm:Providence, Faith & American Ideals","Providence, Faith & American Ideals",llm,Exploratory AI paragraph labels,"Providence, Faith & American Ideals",,,,,era,Post-Cold War,7,1989,2016,2002.5,13.717171717171716,percent of eligible paragraphs,,4950,eligible paragraphs,0.13717171717171717,0.11928044313906751,0.1584497885214122,0.10542878987722658,0.17230144178325313,4950,149,1119,ok,false,true,0.01385165326184093,sampling+annotator_disagreement,measured_paired_annotators,paragraph_annotations.parquet vs paragraph_annotations__opus4-8.parquet,observed,Complete source-document paragraph corpus; primary AI labels
65,"llm:Providence, Faith & American Ideals","Providence, Faith & American Ideals",llm,Exploratory AI paragraph labels,"Providence, Faith & American Ideals",,,,,era,The present era,8,2017,2026,2021.5,10.558252427184465,percent of eligible paragraphs,,4120,eligible paragraphs,0.10558252427184465,0.08305295701565568,0.13081524697919195,0.07976348333144515,0.13410472066340248,4120,82,1064,ok,false,true,0.0032894736842105296,sampling+annotator_disagreement,measured_paired_annotators,paragraph_annotations.parquet vs paragraph_annotations__opus4-8.parquet,observed,Complete source-document paragraph corpus; primary AI labels
66,"llm:Partisan Combat, Press Conferences & Media Attacks","Partisan Combat, Press Conferences & Media Attacks",llm,Exploratory AI paragraph labels,"Partisan Combat, Press Conferences & Media Attacks",,,,,era,The founding,0,1789,1815,1802.0,0.3236245954692557,percent of eligible paragraphs,,927,eligible paragraphs,0.003236245954692557,0.0,0.010764803994991964,0.0,0.010764803994991964,927,73,219,ok,false,true,0.0,sampling+annotator_disagreement,measured_paired_annotators,paragraph_annotations.parquet vs paragraph_annotations__opus4-8.parquet,observed,Complete source-document paragraph corpus; primary AI labels
66,"llm:Partisan Combat, Press Conferences & Media Attacks","Partisan Combat, Press Conferences & Media Attacks",llm,Exploratory AI paragraph labels,"Partisan Combat, Press Conferences & Media Attacks",,,,,era,Expansion,1,1816,1849,1832.5,0.24271844660194172,percent of eligible paragraphs,,3708,eligible paragraphs,0.0024271844660194173,0.0,0.006998950792543931,0.0,0.006998950792543931,3708,102,1001,ok,false,true,0.0,sampling+annotator_disagreement,measured_paired_annotators,paragraph_annotations.parquet vs paragraph_annotations__opus4-8.parquet,observed,Complete source-document paragraph corpus; primary AI labels
66,"llm:Partisan Combat, Press Conferences & Media Attacks","Partisan Combat, Press Conferences & Media Attacks",llm,Exploratory AI paragraph labels,"Partisan Combat, Press Conferences & Media Attacks",,,,,era,Civil War & Reconstruction,2,1850,1877,1863.5,0.07729966503478485,percent of eligible paragraphs,,3881,eligible paragraphs,0.0007729966503478485,0.0,0.0017757428092739815,0.0,0.0017757428092739815,3881,120,897,ok,false,true,0.0,sampling+annotator_disagreement,measured_paired_annotators,paragraph_annotations.parquet vs paragraph_annotations__opus4-8.parquet,observed,Complete source-document paragraph corpus; primary AI labels
66,"llm:Partisan Combat, Press Conferences & Media Attacks","Partisan Combat, Press Conferences & Media Attacks",llm,Exploratory AI paragraph labels,"Partisan Combat, Press Conferences & Media Attacks",,,,,era,The Gilded Age,3,1878,1900,1889.0,0.5015324602953469,percent of eligible paragraphs,,3589,eligible paragraphs,0.005015324602953469,0.0,0.01568279278128924,0.0,0.020950992015005714,3589,84,1044,ok,false,true,0.005268199233716475,sampling+annotator_disagreement,measured_paired_annotators,paragraph_annotations.parquet vs paragraph_annotations__opus4-8.parquet,observed,Complete source-document paragraph corpus; primary AI labels
66,"llm:Partisan Combat, Press Conferences & Media Attacks","Partisan Combat, Press Conferences & Media Attacks",llm,Exploratory AI paragraph labels,"Partisan Combat, Press Conferences & Media Attacks",,,,,era,Progressives & Depression,4,1901,1932,1916.5,1.9287833827893175,percent of eligible paragraphs,,4718,eligible paragraphs,0.019287833827893175,0.007314617275233443,0.03543397961018991,0.004046643419024292,0.03870195346639906,4718,129,1071,ok,false,true,0.003267973856209151,sampling+annotator_disagreement,measured_paired_annotators,paragraph_annotations.parquet vs paragraph_annotations__opus4-8.parquet,observed,Complete source-document paragraph corpus; primary AI labels
66,"llm:Partisan Combat, Press Conferences & Media Attacks","Partisan Combat, Press Conferences & Media Attacks",llm,Exploratory AI paragraph labels,"Partisan Combat, Press Conferences & Media Attacks",,,,,era,War & New Deal,5,1933,1945,1939.0,4.610226320201174,percent of eligible paragraphs,,1193,eligible paragraphs,0.04610226320201174,0.028216398985629755,0.06580675293277286,0.021319847261491824,0.07270330465691079,1193,55,290,ok,false,true,0.006896551724137931,sampling+annotator_disagreement,measured_paired_annotators,paragraph_annotations.parquet vs paragraph_annotations__opus4-8.parquet,observed,Complete source-document paragraph corpus; primary AI labels
66,"llm:Partisan Combat, Press Conferences & Media Attacks","Partisan Combat, Press Conferences & Media Attacks",llm,Exploratory AI paragraph labels,"Partisan Combat, Press Conferences & Media Attacks",,,,,era,The Cold War,6,1946,1988,1967.0,7.13113857595975,percent of eligible paragraphs,,9143,eligible paragraphs,0.0713113857595975,0.0556285284674336,0.0889338555845733,0.04490466787762126,0.09965771617438564,9143,263,1865,ok,false,true,0.010723860589812336,sampling+annotator_disagreement,measured_paired_annotators,paragraph_annotations.parquet vs paragraph_annotations__opus4-8.parquet,observed,Complete source-document paragraph corpus; primary AI labels
66,"llm:Partisan Combat, Press Conferences & Media Attacks","Partisan Combat, Press Conferences & Media Attacks",llm,Exploratory AI paragraph labels,"Partisan Combat, Press Conferences & Media Attacks",,,,,era,Post-Cold War,7,1989,2016,2002.5,6.141414141414141,percent of eligible paragraphs,,4950,eligible paragraphs,0.061414141414141414,0.040620767303004256,0.08058200135488516,0.039727112253853225,0.08147565640403619,4950,149,1119,ok,false,true,0.0008936550491510271,sampling+annotator_disagreement,measured_paired_annotators,paragraph_annotations.parquet vs paragraph_annotations__opus4-8.parquet,observed,Complete source-document paragraph corpus; primary AI labels
66,"llm:Partisan Combat, Press Conferences & Media Attacks","Partisan Combat, Press Conferences & Media Attacks",llm,Exploratory AI paragraph labels,"Partisan Combat, Press Conferences & Media Attacks",,,,,era,The present era,8,2017,2026,2021.5,11.747572815533982,percent of eligible paragraphs,,4120,eligible paragraphs,0.11747572815533981,0.08809355061577108,0.15130638611867794,0.08668377617968086,0.15271616055476817,4120,82,1064,ok,false,true,0.001409774436090222,sampling+annotator_disagreement,measured_paired_annotators,paragraph_annotations.parquet vs paragraph_annotations__opus4-8.parquet,observed,Complete source-document paragraph corpus; primary AI labels
