edge_id,edge_type,source_president_profile_id,source_president_name,target_president_profile_id,target_president_name,raw_mentions,reference_paragraph_count,distinct_speeches,function_counts,stance_counts,first_speech_date,last_speech_date,evidence_row_count,evidence_status
invocation_edge_c7b7ed2bd641cdd842774689392950bb309fc74e9d4956a5651cace88f9bc2d3,actual_speaker_invokes_former_president,lyndon-b-johnson,Lyndon B. Johnson,john-f-kennedy,John F. Kennedy,44,42,23,"{""ceremonial/biographical"":4,""contemporary rivalry"":0,""historical comparison"":0,""institutional precedent"":1,""legacy/inheritance"":1,""other/unclear"":34,""policy inheritance"":4}","{""mixed"":0,""negative"":1,""neutral"":35,""positive"":8,""unclear"":0}",1963-11-27,1969-01-14,44,AI-classified; not human-validated
invocation_edge_541af1a3e8704eae6869d17616e948447478b49bdaa4ff61f569c354189e9489,actual_speaker_invokes_former_president,donald-trump,Donald Trump,joe-biden,Joe Biden,39,36,6,"{""ceremonial/biographical"":0,""contemporary rivalry"":0,""historical comparison"":3,""institutional precedent"":10,""legacy/inheritance"":1,""other/unclear"":23,""policy inheritance"":2}","{""mixed"":0,""negative"":4,""neutral"":33,""positive"":2,""unclear"":0}",2025-01-20,2026-02-25,39,AI-classified; not human-validated
invocation_edge_187a5c77910e1c5bdd036fb1a16256078d81a57129a9a4a0822869d271089c1d,actual_speaker_invokes_former_president,lyndon-b-johnson,Lyndon B. Johnson,dwight-d-eisenhower,Dwight D. Eisenhower,28,27,22,"{""ceremonial/biographical"":2,""contemporary rivalry"":0,""historical comparison"":0,""institutional precedent"":6,""legacy/inheritance"":0,""other/unclear"":16,""policy inheritance"":4}","{""mixed"":0,""negative"":0,""neutral"":22,""positive"":6,""unclear"":0}",1963-11-28,1967-11-17,28,AI-classified; not human-validated
invocation_edge_daf9372d9f019ebb3070fb606dc0bfc23f096fee52a9a2a7b25dd9fc8278a29c,actual_speaker_invokes_former_president,lyndon-b-johnson,Lyndon B. Johnson,harry-s-truman,Harry S. Truman,26,24,16,"{""ceremonial/biographical"":0,""contemporary rivalry"":0,""historical comparison"":0,""institutional precedent"":2,""legacy/inheritance"":0,""other/unclear"":22,""policy inheritance"":2}","{""mixed"":0,""negative"":0,""neutral"":23,""positive"":3,""unclear"":0}",1963-11-28,1969-01-14,26,AI-classified; not human-validated
invocation_edge_48fe7cd03db2dabb98059432aff22d0945b2bce985a315fac8fe74d27563d4ff,actual_speaker_invokes_former_president,ronald-reagan,Ronald Reagan,thomas-jefferson,Thomas Jefferson,34,23,8,"{""ceremonial/biographical"":1,""contemporary rivalry"":0,""historical comparison"":2,""institutional precedent"":0,""legacy/inheritance"":0,""other/unclear"":30,""policy inheritance"":1}","{""mixed"":0,""negative"":0,""neutral"":28,""positive"":6,""unclear"":0}",1964-10-27,1989-01-11,34,AI-classified; not human-validated
invocation_edge_2dde089d25df7635a477791c993ba60c74ad4dee75db4af2519285ac90792d5a,actual_speaker_invokes_former_president,jimmy-carter,Jimmy Carter,richard-m-nixon,Richard M. Nixon,24,21,7,"{""ceremonial/biographical"":0,""contemporary rivalry"":0,""historical comparison"":0,""institutional precedent"":3,""legacy/inheritance"":0,""other/unclear"":21,""policy inheritance"":0}","{""mixed"":0,""negative"":1,""neutral"":22,""positive"":1,""unclear"":0}",1976-09-23,1980-10-28,24,AI-classified; not human-validated
invocation_edge_8bb2e272b0720b6dd23e65df35c0bc755a7ba9a98fc37dec8629c7a218a5473d,actual_speaker_invokes_former_president,richard-m-nixon,Richard M. Nixon,harry-s-truman,Harry S. Truman,19,15,7,"{""ceremonial/biographical"":0,""contemporary rivalry"":0,""historical comparison"":0,""institutional precedent"":10,""legacy/inheritance"":1,""other/unclear"":8,""policy inheritance"":0}","{""mixed"":0,""negative"":0,""neutral"":16,""positive"":3,""unclear"":0}",1960-09-26,1974-02-25,19,AI-classified; not human-validated
invocation_edge_86db2a8b5e25e9e4f6fd191c7af344f5f054521d26c6c3d680a1160249fa86c1,actual_speaker_invokes_former_president,calvin-coolidge,Calvin Coolidge,george-washington,George Washington,15,15,4,"{""ceremonial/biographical"":0,""contemporary rivalry"":0,""historical comparison"":0,""institutional precedent"":0,""legacy/inheritance"":0,""other/unclear"":14,""policy inheritance"":1}","{""mixed"":0,""negative"":0,""neutral"":13,""positive"":2,""unclear"":0}",1925-07-03,1927-12-06,15,AI-classified; not human-validated
invocation_edge_7d302dfe3b043de2d8e3bec65907cebddbe3b856ecbb317df5eed01448d3fae7,actual_speaker_invokes_former_president,theodore-roosevelt,Theodore Roosevelt,james-monroe,James Monroe,19,14,4,"{""ceremonial/biographical"":0,""contemporary rivalry"":0,""historical comparison"":1,""institutional precedent"":0,""legacy/inheritance"":0,""other/unclear"":16,""policy inheritance"":2}","{""mixed"":0,""negative"":1,""neutral"":17,""positive"":1,""unclear"":0}",1901-12-03,1906-12-03,19,AI-classified; not human-validated
invocation_edge_a9efc5b10d7e1e3a4c5598fd2e169bd24563b29fe5ed417bc4c9b93d9217a793,actual_speaker_invokes_former_president,harry-s-truman,Harry S. Truman,franklin-d-roosevelt,Franklin D. Roosevelt,17,14,11,"{""ceremonial/biographical"":2,""contemporary rivalry"":0,""historical comparison"":0,""institutional precedent"":3,""legacy/inheritance"":0,""other/unclear"":12,""policy inheritance"":0}","{""mixed"":0,""negative"":0,""neutral"":13,""positive"":4,""unclear"":0}",1945-04-16,1953-01-15,17,AI-classified; not human-validated
invocation_edge_4b4ef2c7a8d05a608f73d16bd0cd11ede85a4e2640acf90064dfc4136f2b1c3b,actual_speaker_invokes_former_president,john-f-kennedy,John F. Kennedy,franklin-d-roosevelt,Franklin D. Roosevelt,17,14,8,"{""ceremonial/biographical"":1,""contemporary rivalry"":0,""historical comparison"":4,""institutional precedent"":0,""legacy/inheritance"":0,""other/unclear"":12,""policy inheritance"":0}","{""mixed"":0,""negative"":0,""neutral"":16,""positive"":1,""unclear"":0}",1960-07-15,1963-10-26,17,AI-classified; not human-validated
invocation_edge_f37e5164bf4953e9850231aca2a910c4a5e929344f92f3eb0bee2f93c97ac4be,actual_speaker_invokes_former_president,ronald-reagan,Ronald Reagan,john-f-kennedy,John F. Kennedy,14,13,11,"{""ceremonial/biographical"":0,""contemporary rivalry"":0,""historical comparison"":0,""institutional precedent"":0,""legacy/inheritance"":0,""other/unclear"":12,""policy inheritance"":2}","{""mixed"":0,""negative"":0,""neutral"":14,""positive"":0,""unclear"":0}",1981-06-29,1988-12-16,14,AI-classified; not human-validated
invocation_edge_62748ab0358ec59ce293b07914134c6e6e4e8f3049b9e7e27428ad8846177045,actual_speaker_invokes_former_president,john-f-kennedy,John F. Kennedy,woodrow-wilson,Woodrow Wilson,13,13,10,"{""ceremonial/biographical"":2,""contemporary rivalry"":0,""historical comparison"":0,""institutional precedent"":1,""legacy/inheritance"":0,""other/unclear"":9,""policy inheritance"":1}","{""mixed"":0,""negative"":0,""neutral"":10,""positive"":3,""unclear"":0}",1960-07-15,1963-10-26,13,AI-classified; not human-validated
invocation_edge_ce72825fab553eeac15f03b59589a05187e6140fe6141fa44423ad4fc9ca9b7f,actual_speaker_invokes_former_president,lyndon-b-johnson,Lyndon B. Johnson,franklin-d-roosevelt,Franklin D. Roosevelt,14,12,7,"{""ceremonial/biographical"":1,""contemporary rivalry"":0,""historical comparison"":0,""institutional precedent"":2,""legacy/inheritance"":0,""other/unclear"":11,""policy inheritance"":0}","{""mixed"":0,""negative"":0,""neutral"":14,""positive"":0,""unclear"":0}",1963-11-28,1967-12-19,14,AI-classified; not human-validated
invocation_edge_3e58b5b27cdb9b91009a8eb11486fa84d3a6fb1959726e824d0322c3f5196ae5,actual_speaker_invokes_former_president,ronald-reagan,Ronald Reagan,abraham-lincoln,Abraham Lincoln,12,12,11,"{""ceremonial/biographical"":2,""contemporary rivalry"":0,""historical comparison"":0,""institutional precedent"":1,""legacy/inheritance"":0,""other/unclear"":9,""policy inheritance"":0}","{""mixed"":0,""negative"":0,""neutral"":9,""positive"":3,""unclear"":0}",1980-07-17,1989-01-11,12,AI-classified; not human-validated
invocation_edge_f7285a950a672c494425dacb3775bac450ecd3fbc07512e6df9ee4ccf103604b,actual_speaker_invokes_former_president,harry-s-truman,Harry S. Truman,william-taft,William Taft,12,12,3,"{""ceremonial/biographical"":0,""contemporary rivalry"":0,""historical comparison"":0,""institutional precedent"":2,""legacy/inheritance"":0,""other/unclear"":8,""policy inheritance"":2}","{""mixed"":0,""negative"":1,""neutral"":11,""positive"":0,""unclear"":0}",1947-06-20,1952-10-22,12,AI-classified; not human-validated
invocation_edge_20f184f886bf88aec6eafbbb74f347771acdd37ff26f0d99cdd12a42896126d9,actual_speaker_invokes_former_president,abraham-lincoln,Abraham Lincoln,thomas-jefferson,Thomas Jefferson,12,11,6,"{""ceremonial/biographical"":0,""contemporary rivalry"":0,""historical comparison"":2,""institutional precedent"":0,""legacy/inheritance"":0,""other/unclear"":10,""policy inheritance"":0}","{""mixed"":0,""negative"":0,""neutral"":11,""positive"":1,""unclear"":0}",1852-07-06,1863-01-01,12,AI-classified; not human-validated
invocation_edge_4b89e9835fd0064da976bfd1a3a59dea97913e806dbbaa2e0ff412f0c1805cd3,actual_speaker_invokes_former_president,theodore-roosevelt,Theodore Roosevelt,william-mckinley,William McKinley,12,11,5,"{""ceremonial/biographical"":4,""contemporary rivalry"":0,""historical comparison"":0,""institutional precedent"":2,""legacy/inheritance"":0,""other/unclear"":5,""policy inheritance"":1}","{""mixed"":1,""negative"":0,""neutral"":11,""positive"":0,""unclear"":0}",1901-09-14,1905-12-05,12,AI-classified; not human-validated
invocation_edge_c15857c2a5744e216975b23db6678c7d0043acfde1635ea5a8b488ad2cfa64eb,actual_speaker_invokes_former_president,donald-trump,Donald Trump,george-washington,George Washington,11,11,9,"{""ceremonial/biographical"":0,""contemporary rivalry"":0,""historical comparison"":1,""institutional precedent"":0,""legacy/inheritance"":2,""other/unclear"":8,""policy inheritance"":0}","{""mixed"":0,""negative"":0,""neutral"":9,""positive"":2,""unclear"":0}",2018-01-31,2026-02-25,11,AI-classified; not human-validated
invocation_edge_0e33fe1db28a1ec0b7d57c1cb1d787f740441a59adbd8137342d8396d9006d79,actual_speaker_invokes_former_president,john-f-kennedy,John F. Kennedy,thomas-jefferson,Thomas Jefferson,12,9,8,"{""ceremonial/biographical"":1,""contemporary rivalry"":0,""historical comparison"":1,""institutional precedent"":0,""legacy/inheritance"":1,""other/unclear"":8,""policy inheritance"":1}","{""mixed"":0,""negative"":0,""neutral"":11,""positive"":1,""unclear"":0}",1960-09-12,1963-09-26,12,AI-classified; not human-validated
invocation_edge_42c92bca6869cccc66c84a4e374bceaa0398fffd37d6e889e3554bed0166f490,actual_speaker_invokes_former_president,gerald-ford,Gerald Ford,harry-s-truman,Harry S. Truman,11,9,7,"{""ceremonial/biographical"":0,""contemporary rivalry"":0,""historical comparison"":0,""institutional precedent"":3,""legacy/inheritance"":0,""other/unclear"":7,""policy inheritance"":1}","{""mixed"":0,""negative"":0,""neutral"":9,""positive"":2,""unclear"":0}",1974-09-16,1976-10-06,11,AI-classified; not human-validated
invocation_edge_3b0f569b787a72099f75e8a0608ac3f80fc779e2ab201a572b35e23053402f3f,actual_speaker_invokes_former_president,george-w-bush,George W. Bush,ronald-reagan,Ronald Reagan,11,9,5,"{""ceremonial/biographical"":0,""contemporary rivalry"":0,""historical comparison"":0,""institutional precedent"":0,""legacy/inheritance"":0,""other/unclear"":10,""policy inheritance"":1}","{""mixed"":0,""negative"":0,""neutral"":8,""positive"":3,""unclear"":0}",2001-06-07,2004-09-03,11,AI-classified; not human-validated
invocation_edge_1a19e18adb0e4e29405f57cca104832cdbf2290f71e13efa34083433b4631f9b,actual_speaker_invokes_former_president,ronald-reagan,Ronald Reagan,george-washington,George Washington,10,9,8,"{""ceremonial/biographical"":0,""contemporary rivalry"":0,""historical comparison"":0,""institutional precedent"":1,""legacy/inheritance"":1,""other/unclear"":8,""policy inheritance"":0}","{""mixed"":0,""negative"":0,""neutral"":10,""positive"":0,""unclear"":0}",1981-01-20,1988-12-16,10,AI-classified; not human-validated
invocation_edge_15a4696f5f71c35e9dc6a26a2e0f6a54e4e7e547a511c0e9a71fd60c882d07f3,actual_speaker_invokes_former_president,donald-trump,Donald Trump,barack-obama,Barack Obama,10,9,7,"{""ceremonial/biographical"":0,""contemporary rivalry"":0,""historical comparison"":0,""institutional precedent"":0,""legacy/inheritance"":0,""other/unclear"":10,""policy inheritance"":0}","{""mixed"":0,""negative"":0,""neutral"":9,""positive"":1,""unclear"":0}",2017-01-20,2025-01-20,10,AI-classified; not human-validated
invocation_edge_95eaa5ee751c2e2835d4d319baad9ff71ae8481049b29faa078531f60506354f,actual_speaker_invokes_former_president,jimmy-carter,Jimmy Carter,john-f-kennedy,John F. Kennedy,9,9,5,"{""ceremonial/biographical"":0,""contemporary rivalry"":0,""historical comparison"":0,""institutional precedent"":2,""legacy/inheritance"":0,""other/unclear"":7,""policy inheritance"":0}","{""mixed"":0,""negative"":0,""neutral"":8,""positive"":1,""unclear"":0}",1976-09-23,1980-10-28,9,AI-classified; not human-validated
invocation_edge_b7d78a3049c3379d4e0a1a568bee0a905d09d449acbfee14c0d88d74ab00248a,actual_speaker_invokes_former_president,ronald-reagan,Ronald Reagan,harry-s-truman,Harry S. Truman,11,8,7,"{""ceremonial/biographical"":0,""contemporary rivalry"":0,""historical comparison"":0,""institutional precedent"":1,""legacy/inheritance"":0,""other/unclear"":10,""policy inheritance"":0}","{""mixed"":0,""negative"":0,""neutral"":11,""positive"":0,""unclear"":0}",1982-06-17,1988-08-15,11,AI-classified; not human-validated
invocation_edge_75471586f0c2c1bb58946448275f43885d3f89797d10242dc4555c1fddca4af4,actual_speaker_invokes_former_president,lyndon-b-johnson,Lyndon B. Johnson,abraham-lincoln,Abraham Lincoln,9,8,6,"{""ceremonial/biographical"":2,""contemporary rivalry"":0,""historical comparison"":0,""institutional precedent"":0,""legacy/inheritance"":0,""other/unclear"":7,""policy inheritance"":0}","{""mixed"":0,""negative"":0,""neutral"":5,""positive"":4,""unclear"":0}",1964-02-01,1968-04-11,9,AI-classified; not human-validated
invocation_edge_54bf83e9a7d82475d25e75a91afeea1a882476813953050be66c32f44a806c87,actual_speaker_invokes_former_president,barack-obama,Barack Obama,john-f-kennedy,John F. Kennedy,8,8,7,"{""ceremonial/biographical"":0,""contemporary rivalry"":0,""historical comparison"":0,""institutional precedent"":1,""legacy/inheritance"":1,""other/unclear"":6,""policy inheritance"":0}","{""mixed"":0,""negative"":0,""neutral"":8,""positive"":0,""unclear"":0}",2008-08-28,2014-01-28,8,AI-classified; not human-validated
invocation_edge_43654bcf49751197803842c6511fb3dc725432f9f39cc4b3f6b84d5c097da000,actual_speaker_invokes_former_president,bill-clinton,Bill Clinton,john-f-kennedy,John F. Kennedy,8,8,6,"{""ceremonial/biographical"":0,""contemporary rivalry"":0,""historical comparison"":0,""institutional precedent"":1,""legacy/inheritance"":0,""other/unclear"":6,""policy inheritance"":1}","{""mixed"":0,""negative"":0,""neutral"":8,""positive"":0,""unclear"":0}",1993-02-17,1996-08-29,8,AI-classified; not human-validated
invocation_edge_dfe37cc24669ad64ababb5272e76828c81d97a112ce39cb89e18fe67372ffede,actual_speaker_invokes_former_president,gerald-ford,Gerald Ford,richard-m-nixon,Richard M. Nixon,11,7,2,"{""ceremonial/biographical"":0,""contemporary rivalry"":0,""historical comparison"":0,""institutional precedent"":2,""legacy/inheritance"":0,""other/unclear"":9,""policy inheritance"":0}","{""mixed"":0,""negative"":0,""neutral"":9,""positive"":2,""unclear"":0}",1974-09-08,1976-09-23,11,AI-classified; not human-validated
invocation_edge_544758657ace1d929e26e5d5997d2f8532c077652c12188f8cb0d4da24d88972,actual_speaker_invokes_former_president,jimmy-carter,Jimmy Carter,lyndon-b-johnson,Lyndon B. Johnson,9,7,4,"{""ceremonial/biographical"":0,""contemporary rivalry"":0,""historical comparison"":0,""institutional precedent"":1,""legacy/inheritance"":0,""other/unclear"":8,""policy inheritance"":0}","{""mixed"":0,""negative"":0,""neutral"":9,""positive"":0,""unclear"":0}",1976-09-23,1977-09-07,9,AI-classified; not human-validated
invocation_edge_e8207e69092d4136463084851fca766ccf357b79b2f45fc81a46fbe21fea08cb,actual_speaker_invokes_former_president,joe-biden,Joe Biden,george-washington,George Washington,9,7,3,"{""ceremonial/biographical"":0,""contemporary rivalry"":0,""historical comparison"":1,""institutional precedent"":0,""legacy/inheritance"":0,""other/unclear"":8,""policy inheritance"":0}","{""mixed"":0,""negative"":0,""neutral"":9,""positive"":0,""unclear"":0}",2021-01-20,2024-07-25,9,AI-classified; not human-validated
invocation_edge_59bd088e7c817f6ec82674a1c2756d275bcd48a3f4518895602b4663f5043f9e,actual_speaker_invokes_former_president,grover-cleveland,Grover Cleveland,james-monroe,James Monroe,9,7,2,"{""ceremonial/biographical"":0,""contemporary rivalry"":0,""historical comparison"":0,""institutional precedent"":0,""legacy/inheritance"":0,""other/unclear"":5,""policy inheritance"":4}","{""mixed"":0,""negative"":1,""neutral"":6,""positive"":2,""unclear"":0}",1885-03-04,1895-12-17,9,AI-classified; not human-validated
invocation_edge_93c0941ecc9f34861b8a4123453b8dc09ae9426e11e50c6fe86b3010cca297e4,actual_speaker_invokes_former_president,george-w-bush,George W. Bush,bill-clinton,Bill Clinton,8,7,7,"{""ceremonial/biographical"":0,""contemporary rivalry"":0,""historical comparison"":0,""institutional precedent"":0,""legacy/inheritance"":1,""other/unclear"":4,""policy inheritance"":3}","{""mixed"":0,""negative"":0,""neutral"":7,""positive"":1,""unclear"":0}",2001-01-20,2006-01-31,8,AI-classified; not human-validated
invocation_edge_9143602406990a378cd374691a20a9c71a5201004654ce7bce33499cd278b730,actual_speaker_invokes_former_president,donald-trump,Donald Trump,abraham-lincoln,Abraham Lincoln,8,7,6,"{""ceremonial/biographical"":0,""contemporary rivalry"":0,""historical comparison"":0,""institutional precedent"":0,""legacy/inheritance"":0,""other/unclear"":6,""policy inheritance"":2}","{""mixed"":0,""negative"":0,""neutral"":7,""positive"":1,""unclear"":0}",2017-03-01,2025-09-30,8,AI-classified; not human-validated
invocation_edge_445fcb44c84b41015a2638d15eab9ba1e408306df1243b32d72f1bada304caa8,actual_speaker_invokes_former_president,bill-clinton,Bill Clinton,franklin-d-roosevelt,Franklin D. Roosevelt,8,7,6,"{""ceremonial/biographical"":0,""contemporary rivalry"":0,""historical comparison"":0,""institutional precedent"":2,""legacy/inheritance"":0,""other/unclear"":4,""policy inheritance"":2}","{""mixed"":1,""negative"":0,""neutral"":7,""positive"":0,""unclear"":0}",1993-01-20,1999-01-19,8,AI-classified; not human-validated
invocation_edge_794e1c025a5926eaef4d63c10d5aaafd7ddd3c92975efa6f81cdabbde2356a73,actual_speaker_invokes_former_president,barack-obama,Barack Obama,george-w-bush,George W. Bush,8,7,6,"{""ceremonial/biographical"":0,""contemporary rivalry"":0,""historical comparison"":1,""institutional precedent"":1,""legacy/inheritance"":0,""other/unclear"":6,""policy inheritance"":0}","{""mixed"":0,""negative"":0,""neutral"":8,""positive"":0,""unclear"":0}",2009-01-20,2015-03-07,8,AI-classified; not human-validated
invocation_edge_6a2af927657092b39dfc2409bda190ccb7f74596f81bea4fb062d6f6cf1a0f45,actual_speaker_invokes_former_president,bill-clinton,Bill Clinton,harry-s-truman,Harry S. Truman,8,7,5,"{""ceremonial/biographical"":0,""contemporary rivalry"":0,""historical comparison"":0,""institutional precedent"":2,""legacy/inheritance"":0,""other/unclear"":5,""policy inheritance"":1}","{""mixed"":0,""negative"":0,""neutral"":7,""positive"":1,""unclear"":0}",1993-09-13,1997-02-04,8,AI-classified; not human-validated
invocation_edge_764b57ac8752669c2ea3fa14a371c0056d43d423db273857fd49a1dd0c604b9a,actual_speaker_invokes_former_president,joe-biden,Joe Biden,abraham-lincoln,Abraham Lincoln,7,7,7,"{""ceremonial/biographical"":0,""contemporary rivalry"":0,""historical comparison"":0,""institutional precedent"":0,""legacy/inheritance"":0,""other/unclear"":7,""policy inheritance"":0}","{""mixed"":0,""negative"":0,""neutral"":7,""positive"":0,""unclear"":0}",2021-01-20,2024-07-25,7,AI-classified; not human-validated
invocation_edge_9fe49a57b7474694ee6f8bf470ca0e6843aa3380c37a83076632405a0cc912bd,actual_speaker_invokes_former_president,barack-obama,Barack Obama,franklin-d-roosevelt,Franklin D. Roosevelt,7,7,6,"{""ceremonial/biographical"":0,""contemporary rivalry"":0,""historical comparison"":2,""institutional precedent"":0,""legacy/inheritance"":0,""other/unclear"":4,""policy inheritance"":1}","{""mixed"":0,""negative"":0,""neutral"":5,""positive"":2,""unclear"":0}",2009-12-01,2015-03-07,7,AI-classified; not human-validated
invocation_edge_14f37131fab91b3bb23a1270ee71750fb1b9ce33b31ca49e2aad9d6083ad8ea6,actual_speaker_invokes_former_president,richard-m-nixon,Richard M. Nixon,dwight-d-eisenhower,Dwight D. Eisenhower,7,7,6,"{""ceremonial/biographical"":0,""contemporary rivalry"":0,""historical comparison"":0,""institutional precedent"":2,""legacy/inheritance"":0,""other/unclear"":5,""policy inheritance"":0}","{""mixed"":0,""negative"":0,""neutral"":6,""positive"":1,""unclear"":0}",1969-11-03,1973-08-15,7,AI-classified; not human-validated
invocation_edge_0d4aca2dcb7fd821f6dca8228bedd5336d1f3e302b6052afb632df7966f801e2,actual_speaker_invokes_former_president,richard-m-nixon,Richard M. Nixon,john-f-kennedy,John F. Kennedy,7,7,5,"{""ceremonial/biographical"":0,""contemporary rivalry"":0,""historical comparison"":0,""institutional precedent"":1,""legacy/inheritance"":0,""other/unclear"":6,""policy inheritance"":0}","{""mixed"":0,""negative"":0,""neutral"":7,""positive"":0,""unclear"":0}",1969-11-03,1974-01-30,7,AI-classified; not human-validated
invocation_edge_c402c80b1043f1a163a46b45375c6a7ca9c67e50b1477b7693beb3111feb9096,actual_speaker_invokes_former_president,herbert-hoover,Herbert Hoover,theodore-roosevelt,Theodore Roosevelt,7,7,4,"{""ceremonial/biographical"":0,""contemporary rivalry"":0,""historical comparison"":0,""institutional precedent"":2,""legacy/inheritance"":0,""other/unclear"":5,""policy inheritance"":0}","{""mixed"":0,""negative"":0,""neutral"":7,""positive"":0,""unclear"":0}",1930-06-16,1932-11-05,7,AI-classified; not human-validated
invocation_edge_56897f604fb1f5d63743fa17842590c4728634a0ee22cab116adf7d909131f75,actual_speaker_invokes_former_president,ronald-reagan,Ronald Reagan,gerald-ford,Gerald Ford,7,7,2,"{""ceremonial/biographical"":0,""contemporary rivalry"":0,""historical comparison"":0,""institutional precedent"":1,""legacy/inheritance"":0,""other/unclear"":4,""policy inheritance"":2}","{""mixed"":0,""negative"":0,""neutral"":7,""positive"":0,""unclear"":0}",1980-10-28,1984-08-23,7,AI-classified; not human-validated
invocation_edge_b59c952a57f59587d2fea6bbcdb082b3af483ae8c95b84aab6a7bab6288e6470,actual_speaker_invokes_former_president,john-f-kennedy,John F. Kennedy,harry-s-truman,Harry S. Truman,10,6,6,"{""ceremonial/biographical"":0,""contemporary rivalry"":0,""historical comparison"":0,""institutional precedent"":1,""legacy/inheritance"":0,""other/unclear"":9,""policy inheritance"":0}","{""mixed"":0,""negative"":0,""neutral"":10,""positive"":0,""unclear"":0}",1960-07-15,1962-06-11,10,AI-classified; not human-validated
invocation_edge_f0bcea7420bbb78bf0502fadf85b4d95db4896f7a3f4fac419ee82b646c26acb,actual_speaker_invokes_former_president,abraham-lincoln,Abraham Lincoln,george-washington,George Washington,10,6,1,"{""ceremonial/biographical"":0,""contemporary rivalry"":0,""historical comparison"":0,""institutional precedent"":0,""legacy/inheritance"":0,""other/unclear"":0,""policy inheritance"":10}","{""mixed"":6,""negative"":0,""neutral"":4,""positive"":0,""unclear"":0}",1860-02-27,1860-02-27,10,AI-classified; not human-validated
invocation_edge_4c5ec92cf47741a4b4e96eb9b9644c3ecfa8a953d5a61e74854d02090cbb4135,actual_speaker_invokes_former_president,donald-trump,Donald Trump,thomas-jefferson,Thomas Jefferson,7,6,5,"{""ceremonial/biographical"":0,""contemporary rivalry"":0,""historical comparison"":0,""institutional precedent"":0,""legacy/inheritance"":0,""other/unclear"":7,""policy inheritance"":0}","{""mixed"":0,""negative"":0,""neutral"":5,""positive"":2,""unclear"":0}",2018-01-31,2026-02-25,7,AI-classified; not human-validated
invocation_edge_844cae1b9402bb7424200909b27bf751c49a33cf7f5f30d2797e933c09a5d592,actual_speaker_invokes_former_president,richard-m-nixon,Richard M. Nixon,lyndon-b-johnson,Lyndon B. Johnson,7,6,5,"{""ceremonial/biographical"":0,""contemporary rivalry"":0,""historical comparison"":0,""institutional precedent"":3,""legacy/inheritance"":0,""other/unclear"":4,""policy inheritance"":0}","{""mixed"":0,""negative"":1,""neutral"":6,""positive"":0,""unclear"":0}",1969-01-20,1974-01-30,7,AI-classified; not human-validated
invocation_edge_8fa953ebe8e33feb56b4f2f83f7432f27d8bbecf4a1a2a4ac5cc8fe5b2fc6384,actual_speaker_invokes_former_president,lyndon-b-johnson,Lyndon B. Johnson,andrew-jackson,Andrew Jackson,7,6,4,"{""ceremonial/biographical"":0,""contemporary rivalry"":0,""historical comparison"":0,""institutional precedent"":0,""legacy/inheritance"":2,""other/unclear"":5,""policy inheritance"":0}","{""mixed"":0,""negative"":0,""neutral"":5,""positive"":2,""unclear"":0}",1965-01-04,1967-11-17,7,AI-classified; not human-validated
invocation_edge_a716ccb11dde75cdfa26bfc10ce6936957da0990885ecc6265c4b87839dc1ba3,actual_speaker_invokes_former_president,barack-obama,Barack Obama,george-h-w-bush,George H. W. Bush,7,6,3,"{""ceremonial/biographical"":0,""contemporary rivalry"":0,""historical comparison"":2,""institutional precedent"":0,""legacy/inheritance"":0,""other/unclear"":4,""policy inheritance"":1}","{""mixed"":0,""negative"":1,""neutral"":5,""positive"":1,""unclear"":0}",2008-08-28,2012-01-24,7,AI-classified; not human-validated
invocation_edge_36655d63bccf272bc7db94eacc0147d3d6ee4e2a63acbb936b27894e41729f0b,actual_speaker_invokes_former_president,barack-obama,Barack Obama,abraham-lincoln,Abraham Lincoln,6,6,6,"{""ceremonial/biographical"":0,""contemporary rivalry"":0,""historical comparison"":1,""institutional precedent"":1,""legacy/inheritance"":0,""other/unclear"":4,""policy inheritance"":0}","{""mixed"":0,""negative"":0,""neutral"":5,""positive"":1,""unclear"":0}",2008-08-28,2016-01-12,6,AI-classified; not human-validated
invocation_edge_b4454024c7a8bd4901e38f7e06bd0ba7db9b1f66a2e51fd23a30024cdc6aeee8,actual_speaker_invokes_former_president,gerald-ford,Gerald Ford,abraham-lincoln,Abraham Lincoln,6,6,6,"{""ceremonial/biographical"":0,""contemporary rivalry"":0,""historical comparison"":0,""institutional precedent"":1,""legacy/inheritance"":0,""other/unclear"":4,""policy inheritance"":1}","{""mixed"":0,""negative"":0,""neutral"":5,""positive"":1,""unclear"":0}",1974-08-09,1976-08-19,6,AI-classified; not human-validated
invocation_edge_a8432317c5fe0ee38172e88dc70e5cb11bc4c7949a9161a19be9575797490a6a,actual_speaker_invokes_former_president,john-f-kennedy,John F. Kennedy,dwight-d-eisenhower,Dwight D. Eisenhower,6,6,6,"{""ceremonial/biographical"":0,""contemporary rivalry"":0,""historical comparison"":0,""institutional precedent"":0,""legacy/inheritance"":0,""other/unclear"":6,""policy inheritance"":0}","{""mixed"":0,""negative"":0,""neutral"":6,""positive"":0,""unclear"":0}",1961-01-20,1963-07-26,6,AI-classified; not human-validated
invocation_edge_dd7f5733cd284cce1cea0e8f7d4007dbd1fd99a898223b57417ed4a008f8ac64,actual_speaker_invokes_former_president,joe-biden,Joe Biden,barack-obama,Barack Obama,6,6,6,"{""ceremonial/biographical"":0,""contemporary rivalry"":0,""historical comparison"":0,""institutional precedent"":1,""legacy/inheritance"":0,""other/unclear"":3,""policy inheritance"":2}","{""mixed"":0,""negative"":0,""neutral"":6,""positive"":0,""unclear"":0}",2021-03-25,2024-09-24,6,AI-classified; not human-validated
invocation_edge_85d366a177e53484d1c691e9f3d091d17af0668edf12f9021f9ce4f594d70de1,actual_speaker_invokes_former_president,ronald-reagan,Ronald Reagan,dwight-d-eisenhower,Dwight D. Eisenhower,6,6,5,"{""ceremonial/biographical"":0,""contemporary rivalry"":0,""historical comparison"":0,""institutional precedent"":0,""legacy/inheritance"":0,""other/unclear"":5,""policy inheritance"":1}","{""mixed"":0,""negative"":0,""neutral"":6,""positive"":0,""unclear"":0}",1982-01-26,1987-01-27,6,AI-classified; not human-validated
invocation_edge_100399dca0afa5b53e0342ef32b1120dbec0d8474fba10ee9eb3f0472e8e0bd3,actual_speaker_invokes_former_president,barack-obama,Barack Obama,ronald-reagan,Ronald Reagan,6,6,5,"{""ceremonial/biographical"":0,""contemporary rivalry"":0,""historical comparison"":0,""institutional precedent"":1,""legacy/inheritance"":0,""other/unclear"":5,""policy inheritance"":0}","{""mixed"":0,""negative"":0,""neutral"":5,""positive"":1,""unclear"":0}",2009-12-10,2015-03-07,6,AI-classified; not human-validated
invocation_edge_9f15ab4be79420c595606b4843263936b4371c7fa8d6d454b4ff9198ad75b443,actual_speaker_invokes_former_president,barack-obama,Barack Obama,bill-clinton,Bill Clinton,6,6,4,"{""ceremonial/biographical"":0,""contemporary rivalry"":0,""historical comparison"":1,""institutional precedent"":0,""legacy/inheritance"":0,""other/unclear"":3,""policy inheritance"":2}","{""mixed"":0,""negative"":0,""neutral"":5,""positive"":1,""unclear"":0}",2008-08-28,2012-09-06,6,AI-classified; not human-validated
invocation_edge_24f4c4f4812d350b04c1a81dfbee54fb93bf951c00bd7bff1336b8349421d793,actual_speaker_invokes_former_president,john-f-kennedy,John F. Kennedy,george-washington,George Washington,7,5,3,"{""ceremonial/biographical"":0,""contemporary rivalry"":0,""historical comparison"":0,""institutional precedent"":0,""legacy/inheritance"":0,""other/unclear"":7,""policy inheritance"":0}","{""mixed"":0,""negative"":0,""neutral"":7,""positive"":0,""unclear"":0}",1961-03-13,1963-09-26,7,AI-classified; not human-validated
invocation_edge_068ee80c2522495ad3e382e27c84ad79cc65b704c737b1e104782a2dbb667ace,actual_speaker_invokes_former_president,george-w-bush,George W. Bush,harry-s-truman,Harry S. Truman,6,5,5,"{""ceremonial/biographical"":0,""contemporary rivalry"":0,""historical comparison"":0,""institutional precedent"":0,""legacy/inheritance"":0,""other/unclear"":6,""policy inheritance"":0}","{""mixed"":0,""negative"":0,""neutral"":6,""positive"":0,""unclear"":0}",2002-06-07,2007-01-23,6,AI-classified; not human-validated
invocation_edge_cc474be5a6820fe8cc79b58ecf6183cf08dc090e8b66b3882d3aab71ad2c8923,actual_speaker_invokes_former_president,ulysses-s-grant,Ulysses S. Grant,john-quincy-adams,John Quincy Adams,6,5,4,"{""ceremonial/biographical"":0,""contemporary rivalry"":0,""historical comparison"":1,""institutional precedent"":0,""legacy/inheritance"":0,""other/unclear"":5,""policy inheritance"":0}","{""mixed"":0,""negative"":0,""neutral"":6,""positive"":0,""unclear"":0}",1870-06-13,1876-05-04,6,AI-classified; not human-validated
invocation_edge_0f60d106163ca15e042f0178a1f59a6bf1e407dd475c33f142d3ca31a914a1c5,actual_speaker_invokes_former_president,jimmy-carter,Jimmy Carter,harry-s-truman,Harry S. Truman,6,5,4,"{""ceremonial/biographical"":0,""contemporary rivalry"":0,""historical comparison"":0,""institutional precedent"":0,""legacy/inheritance"":0,""other/unclear"":6,""policy inheritance"":0}","{""mixed"":0,""negative"":0,""neutral"":5,""positive"":1,""unclear"":0}",1976-10-06,1980-08-14,6,AI-classified; not human-validated
invocation_edge_b68a2d0613e24c920aa1053bd17112b972c976ffa3dce59f1fd5d65df9b55e48,actual_speaker_invokes_former_president,jimmy-carter,Jimmy Carter,gerald-ford,Gerald Ford,6,5,4,"{""ceremonial/biographical"":0,""contemporary rivalry"":0,""historical comparison"":0,""institutional precedent"":0,""legacy/inheritance"":0,""other/unclear"":5,""policy inheritance"":1}","{""mixed"":0,""negative"":0,""neutral"":3,""positive"":3,""unclear"":0}",1977-03-09,1980-10-28,6,AI-classified; not human-validated
invocation_edge_fe146982764aa6b49f951fd0ff92c94d9f9d613a3933ea1e9cef42703b76fdc7,actual_speaker_invokes_former_president,calvin-coolidge,Calvin Coolidge,thomas-jefferson,Thomas Jefferson,6,5,3,"{""ceremonial/biographical"":0,""contemporary rivalry"":0,""historical comparison"":0,""institutional precedent"":1,""legacy/inheritance"":0,""other/unclear"":5,""policy inheritance"":0}","{""mixed"":0,""negative"":0,""neutral"":5,""positive"":1,""unclear"":0}",1926-07-05,1927-08-10,6,AI-classified; not human-validated
invocation_edge_2b29a2aaf12f03011d1218ab416e9986dc6054b2e2bee2215b45b38d1e873fc3,actual_speaker_invokes_former_president,franklin-d-roosevelt,Franklin D. Roosevelt,george-washington,George Washington,5,5,5,"{""ceremonial/biographical"":1,""contemporary rivalry"":0,""historical comparison"":0,""institutional precedent"":2,""legacy/inheritance"":0,""other/unclear"":2,""policy inheritance"":0}","{""mixed"":0,""negative"":0,""neutral"":5,""positive"":0,""unclear"":0}",1934-06-28,1942-02-23,5,AI-classified; not human-validated
invocation_edge_d403c4e917a3f05381ea0b1f0bcb7dbf947b000306382bf82a40a40d221188a9,actual_speaker_invokes_former_president,franklin-d-roosevelt,Franklin D. Roosevelt,abraham-lincoln,Abraham Lincoln,5,5,5,"{""ceremonial/biographical"":0,""contemporary rivalry"":0,""historical comparison"":0,""institutional precedent"":2,""legacy/inheritance"":0,""other/unclear"":3,""policy inheritance"":0}","{""mixed"":0,""negative"":0,""neutral"":5,""positive"":0,""unclear"":0}",1934-09-30,1940-07-19,5,AI-classified; not human-validated
invocation_edge_160565bb247f80f1b4cfa952bfbd4e69ed4999c99ab41d62c96f7be404d19c34,actual_speaker_invokes_former_president,joe-biden,Joe Biden,dwight-d-eisenhower,Dwight D. Eisenhower,5,5,5,"{""ceremonial/biographical"":0,""contemporary rivalry"":0,""historical comparison"":0,""institutional precedent"":0,""legacy/inheritance"":0,""other/unclear"":4,""policy inheritance"":1}","{""mixed"":0,""negative"":0,""neutral"":5,""positive"":0,""unclear"":0}",2021-03-31,2025-01-16,5,AI-classified; not human-validated
invocation_edge_5b1062416e74e129bd2a34eecd5402ff514c8fa0521006639309aade7d103529,actual_speaker_invokes_former_president,donald-trump,Donald Trump,dwight-d-eisenhower,Dwight D. Eisenhower,5,5,5,"{""ceremonial/biographical"":0,""contemporary rivalry"":0,""historical comparison"":1,""institutional precedent"":1,""legacy/inheritance"":1,""other/unclear"":2,""policy inheritance"":0}","{""mixed"":0,""negative"":0,""neutral"":5,""positive"":0,""unclear"":0}",2017-03-01,2025-09-30,5,AI-classified; not human-validated
invocation_edge_86a5e7e29b1d3fbb48f0c580d7948cb06593fbe46994692f7b7592ecd936b44e,actual_speaker_invokes_former_president,donald-trump,Donald Trump,ronald-reagan,Ronald Reagan,5,5,5,"{""ceremonial/biographical"":0,""contemporary rivalry"":0,""historical comparison"":0,""institutional precedent"":0,""legacy/inheritance"":0,""other/unclear"":4,""policy inheritance"":1}","{""mixed"":0,""negative"":0,""neutral"":5,""positive"":0,""unclear"":0}",2018-01-26,2025-03-05,5,AI-classified; not human-validated
invocation_edge_ea264c3e7c688bdd6fefa8a8a9004360014a27a0db628edfc18f0c6f7d6a2185,actual_speaker_invokes_former_president,bill-clinton,Bill Clinton,abraham-lincoln,Abraham Lincoln,5,5,4,"{""ceremonial/biographical"":0,""contemporary rivalry"":0,""historical comparison"":0,""institutional precedent"":0,""legacy/inheritance"":0,""other/unclear"":4,""policy inheritance"":1}","{""mixed"":0,""negative"":0,""neutral"":4,""positive"":1,""unclear"":0}",1993-04-30,1996-11-03,5,AI-classified; not human-validated
invocation_edge_1d1438ea66da469cd24483093ded822ec6a41604de3b9c3d8cb39f866735124e,actual_speaker_invokes_former_president,lyndon-b-johnson,Lyndon B. Johnson,woodrow-wilson,Woodrow Wilson,5,5,4,"{""ceremonial/biographical"":0,""contemporary rivalry"":0,""historical comparison"":0,""institutional precedent"":1,""legacy/inheritance"":0,""other/unclear"":4,""policy inheritance"":0}","{""mixed"":0,""negative"":0,""neutral"":5,""positive"":0,""unclear"":0}",1964-04-20,1967-11-17,5,AI-classified; not human-validated
invocation_edge_6f76ea471bda251d37f1db7cbfa9be5402a3ef28d1a2dcbfe8c348a74fdcedea,actual_speaker_invokes_former_president,gerald-ford,Gerald Ford,franklin-d-roosevelt,Franklin D. Roosevelt,5,5,4,"{""ceremonial/biographical"":0,""contemporary rivalry"":0,""historical comparison"":0,""institutional precedent"":1,""legacy/inheritance"":0,""other/unclear"":4,""policy inheritance"":0}","{""mixed"":0,""negative"":0,""neutral"":5,""positive"":0,""unclear"":0}",1974-10-08,1976-09-23,5,AI-classified; not human-validated
invocation_edge_9b8ed84ba65935ebd2fe74c655885735b5bf93a949eb17c23586209c805f81eb,actual_speaker_invokes_former_president,bill-clinton,Bill Clinton,richard-m-nixon,Richard M. Nixon,5,5,4,"{""ceremonial/biographical"":0,""contemporary rivalry"":0,""historical comparison"":0,""institutional precedent"":3,""legacy/inheritance"":0,""other/unclear"":2,""policy inheritance"":0}","{""mixed"":0,""negative"":0,""neutral"":5,""positive"":0,""unclear"":0}",1993-09-22,1996-01-23,5,AI-classified; not human-validated
invocation_edge_089f5ca4f394c73a9c1f41cc06dbf21f2c1406ca60084669972f917f31308800,actual_speaker_invokes_former_president,ulysses-s-grant,Ulysses S. Grant,james-monroe,James Monroe,5,5,3,"{""ceremonial/biographical"":0,""contemporary rivalry"":0,""historical comparison"":0,""institutional precedent"":0,""legacy/inheritance"":0,""other/unclear"":4,""policy inheritance"":1}","{""mixed"":0,""negative"":0,""neutral"":3,""positive"":2,""unclear"":0}",1870-05-31,1876-05-04,5,AI-classified; not human-validated
invocation_edge_bdaf8f47e7449e220136ec7a77bfe5c2e0156a8479402d6c25203da92221e0ca,actual_speaker_invokes_former_president,andrew-johnson,Andrew Johnson,abraham-lincoln,Abraham Lincoln,7,4,2,"{""ceremonial/biographical"":0,""contemporary rivalry"":0,""historical comparison"":0,""institutional precedent"":1,""legacy/inheritance"":0,""other/unclear"":4,""policy inheritance"":2}","{""mixed"":0,""negative"":0,""neutral"":7,""positive"":0,""unclear"":0}",1865-05-02,1867-12-12,7,AI-classified; not human-validated
invocation_edge_9602e89e7d5e7e46384784ff4eaf1605333a5120ce871017b968cef348884db1,actual_speaker_invokes_former_president,bill-clinton,Bill Clinton,thomas-jefferson,Thomas Jefferson,5,4,4,"{""ceremonial/biographical"":0,""contemporary rivalry"":0,""historical comparison"":1,""institutional precedent"":0,""legacy/inheritance"":0,""other/unclear"":4,""policy inheritance"":0}","{""mixed"":0,""negative"":0,""neutral"":4,""positive"":1,""unclear"":0}",1993-01-20,2001-01-18,5,AI-classified; not human-validated
invocation_edge_518578d77c44af004e510e8a7b4dbce27d2c7c4795c4bae56f6df71901be4af7,actual_speaker_invokes_former_president,george-h-w-bush,George H. W. Bush,franklin-d-roosevelt,Franklin D. Roosevelt,5,4,4,"{""ceremonial/biographical"":0,""contemporary rivalry"":0,""historical comparison"":0,""institutional precedent"":1,""legacy/inheritance"":0,""other/unclear"":3,""policy inheritance"":1}","{""mixed"":0,""negative"":0,""neutral"":5,""positive"":0,""unclear"":0}",1988-08-18,1992-01-28,5,AI-classified; not human-validated
invocation_edge_1ba60b9a19cd514f22f6aeb9536c764bdee636b508244fae1305a6fcc81bebe7,actual_speaker_invokes_former_president,james-buchanan,James Buchanan,james-monroe,James Monroe,5,4,2,"{""ceremonial/biographical"":0,""contemporary rivalry"":0,""historical comparison"":0,""institutional precedent"":0,""legacy/inheritance"":0,""other/unclear"":5,""policy inheritance"":0}","{""mixed"":0,""negative"":0,""neutral"":5,""positive"":0,""unclear"":0}",1858-12-06,1860-05-19,5,AI-classified; not human-validated
invocation_edge_0eb88a2793ec8ee5a5599506087079a49d33f114fac9bda25cf0f8f86e471c06,actual_speaker_invokes_former_president,herbert-hoover,Herbert Hoover,george-washington,George Washington,4,4,4,"{""ceremonial/biographical"":0,""contemporary rivalry"":0,""historical comparison"":0,""institutional precedent"":1,""legacy/inheritance"":0,""other/unclear"":0,""policy inheritance"":3}","{""mixed"":0,""negative"":0,""neutral"":4,""positive"":0,""unclear"":0}",1929-09-18,1932-10-28,4,AI-classified; not human-validated
invocation_edge_48c3f08964989eb5ef619b3c0df99603bfcdd23fdf2a2deb55a6fa1d8e359ba4,actual_speaker_invokes_former_president,gerald-ford,Gerald Ford,george-washington,George Washington,4,4,4,"{""ceremonial/biographical"":0,""contemporary rivalry"":0,""historical comparison"":1,""institutional precedent"":1,""legacy/inheritance"":0,""other/unclear"":2,""policy inheritance"":0}","{""mixed"":0,""negative"":0,""neutral"":4,""positive"":0,""unclear"":0}",1974-08-09,1977-01-12,4,AI-classified; not human-validated
invocation_edge_deb2be593f8c7a0b1aa0e6ef2c7992c527b4656e3757a53baa11982b204f7f34,actual_speaker_invokes_former_president,barack-obama,Barack Obama,george-washington,George Washington,4,4,4,"{""ceremonial/biographical"":0,""contemporary rivalry"":0,""historical comparison"":1,""institutional precedent"":0,""legacy/inheritance"":0,""other/unclear"":3,""policy inheritance"":0}","{""mixed"":0,""negative"":0,""neutral"":4,""positive"":0,""unclear"":0}",2010-02-09,2017-01-11,4,AI-classified; not human-validated
invocation_edge_60097dc57656c1e4948014144eb66afee7d73143141d5ccc00ba47d1d44d8ac6,actual_speaker_invokes_former_president,lyndon-b-johnson,Lyndon B. Johnson,thomas-jefferson,Thomas Jefferson,4,4,4,"{""ceremonial/biographical"":0,""contemporary rivalry"":0,""historical comparison"":0,""institutional precedent"":1,""legacy/inheritance"":0,""other/unclear"":2,""policy inheritance"":1}","{""mixed"":0,""negative"":0,""neutral"":3,""positive"":1,""unclear"":0}",1964-02-21,1967-01-10,4,AI-classified; not human-validated
invocation_edge_ce4ddc25d9848fdbeefc910dad658deb0be9804f732e99b0c074e88e89966560,actual_speaker_invokes_former_president,john-f-kennedy,John F. Kennedy,abraham-lincoln,Abraham Lincoln,4,4,4,"{""ceremonial/biographical"":0,""contemporary rivalry"":0,""historical comparison"":0,""institutional precedent"":0,""legacy/inheritance"":0,""other/unclear"":3,""policy inheritance"":1}","{""mixed"":0,""negative"":0,""neutral"":3,""positive"":1,""unclear"":0}",1960-07-15,1963-06-11,4,AI-classified; not human-validated
invocation_edge_75173ddbc3e544e814d0ea252c5e39ea122c2996b25f97515ca6cae4b7230d50,actual_speaker_invokes_former_president,ronald-reagan,Ronald Reagan,theodore-roosevelt,Theodore Roosevelt,4,4,4,"{""ceremonial/biographical"":0,""contemporary rivalry"":0,""historical comparison"":0,""institutional precedent"":1,""legacy/inheritance"":0,""other/unclear"":3,""policy inheritance"":0}","{""mixed"":0,""negative"":0,""neutral"":2,""positive"":2,""unclear"":0}",1980-10-28,1988-08-15,4,AI-classified; not human-validated
invocation_edge_99aa7cc82e6db88f5993e32013c1550d25b1f1f0fc3928610276a05e847f75c0,actual_speaker_invokes_former_president,jimmy-carter,Jimmy Carter,franklin-d-roosevelt,Franklin D. Roosevelt,4,4,4,"{""ceremonial/biographical"":1,""contemporary rivalry"":0,""historical comparison"":0,""institutional precedent"":1,""legacy/inheritance"":0,""other/unclear"":2,""policy inheritance"":0}","{""mixed"":0,""negative"":0,""neutral"":4,""positive"":0,""unclear"":0}",1976-10-06,1980-08-14,4,AI-classified; not human-validated
invocation_edge_c72a24ab9f0508853e36195c77406605341df3e8ffe90f84492c9ad08a2e5ba8,actual_speaker_invokes_former_president,barack-obama,Barack Obama,dwight-d-eisenhower,Dwight D. Eisenhower,4,4,4,"{""ceremonial/biographical"":0,""contemporary rivalry"":0,""historical comparison"":0,""institutional precedent"":0,""legacy/inheritance"":0,""other/unclear"":4,""policy inheritance"":0}","{""mixed"":0,""negative"":0,""neutral"":4,""positive"":0,""unclear"":0}",2009-02-07,2011-01-25,4,AI-classified; not human-validated
invocation_edge_f35941bd39e1c71a8a232382cee19f78c049a51df12cfd37953466e069565fa9,actual_speaker_invokes_former_president,jimmy-carter,Jimmy Carter,dwight-d-eisenhower,Dwight D. Eisenhower,4,4,4,"{""ceremonial/biographical"":0,""contemporary rivalry"":0,""historical comparison"":0,""institutional precedent"":1,""legacy/inheritance"":0,""other/unclear"":3,""policy inheritance"":0}","{""mixed"":0,""negative"":0,""neutral"":4,""positive"":0,""unclear"":0}",1976-09-23,1980-10-28,4,AI-classified; not human-validated
invocation_edge_3de3fe47180d52ef04f516614a76afdd8ec7d3b9e0bb86c6c67be7523ecbcc88,actual_speaker_invokes_former_president,george-h-w-bush,George H. W. Bush,ronald-reagan,Ronald Reagan,4,4,4,"{""ceremonial/biographical"":0,""contemporary rivalry"":0,""historical comparison"":0,""institutional precedent"":1,""legacy/inheritance"":0,""other/unclear"":3,""policy inheritance"":0}","{""mixed"":0,""negative"":0,""neutral"":4,""positive"":0,""unclear"":0}",1989-01-20,1993-01-05,4,AI-classified; not human-validated
invocation_edge_19e9574a5221a0f18b66f3615b11e6826c6210ff707730fd8384f2341d78e0dd,actual_speaker_invokes_former_president,james-k-polk,James K. Polk,thomas-jefferson,Thomas Jefferson,4,4,3,"{""ceremonial/biographical"":0,""contemporary rivalry"":0,""historical comparison"":0,""institutional precedent"":3,""legacy/inheritance"":0,""other/unclear"":1,""policy inheritance"":0}","{""mixed"":0,""negative"":0,""neutral"":4,""positive"":0,""unclear"":0}",1846-08-08,1848-12-05,4,AI-classified; not human-validated
invocation_edge_4958851f49cd52497ceaaa28aea31bece25d4f8f6f85b5ace4b38b2540b0355b,actual_speaker_invokes_former_president,barack-obama,Barack Obama,thomas-jefferson,Thomas Jefferson,4,4,3,"{""ceremonial/biographical"":1,""contemporary rivalry"":0,""historical comparison"":1,""institutional precedent"":1,""legacy/inheritance"":0,""other/unclear"":1,""policy inheritance"":0}","{""mixed"":0,""negative"":0,""neutral"":2,""positive"":2,""unclear"":0}",2009-06-04,2016-05-15,4,AI-classified; not human-validated
invocation_edge_2e3f0e9c57aa8d97875d3afbeafc07f2c9306b6405d3981c9a673f644379f3a3,actual_speaker_invokes_former_president,john-f-kennedy,John F. Kennedy,william-taft,William Taft,4,4,3,"{""ceremonial/biographical"":0,""contemporary rivalry"":0,""historical comparison"":0,""institutional precedent"":0,""legacy/inheritance"":0,""other/unclear"":4,""policy inheritance"":0}","{""mixed"":0,""negative"":0,""neutral"":4,""positive"":0,""unclear"":0}",1960-07-15,1962-06-11,4,AI-classified; not human-validated
invocation_edge_ff3be67d5792e6a9f464cf9baed6cacb327bcf16be5003365d77abab8146dfd5,actual_speaker_invokes_former_president,joe-biden,Joe Biden,franklin-d-roosevelt,Franklin D. Roosevelt,4,4,3,"{""ceremonial/biographical"":0,""contemporary rivalry"":0,""historical comparison"":0,""institutional precedent"":1,""legacy/inheritance"":0,""other/unclear"":3,""policy inheritance"":0}","{""mixed"":0,""negative"":0,""neutral"":4,""positive"":0,""unclear"":0}",2021-04-29,2024-07-25,4,AI-classified; not human-validated
invocation_edge_6596533935e24744dfe06919e49dca920634283a83cad7bf694264bb074dc560,actual_speaker_invokes_former_president,bill-clinton,Bill Clinton,george-h-w-bush,George H. W. Bush,4,4,3,"{""ceremonial/biographical"":0,""contemporary rivalry"":0,""historical comparison"":0,""institutional precedent"":0,""legacy/inheritance"":0,""other/unclear"":4,""policy inheritance"":0}","{""mixed"":0,""negative"":0,""neutral"":3,""positive"":1,""unclear"":0}",1993-01-20,1997-02-04,4,AI-classified; not human-validated
invocation_edge_15c10906fcff6e37fee188ebbb0669dd3054bd79bfcf68d6db0cc13b79dc185e,actual_speaker_invokes_former_president,andrew-johnson,Andrew Johnson,andrew-jackson,Andrew Jackson,4,4,2,"{""ceremonial/biographical"":0,""contemporary rivalry"":0,""historical comparison"":0,""institutional precedent"":4,""legacy/inheritance"":0,""other/unclear"":0,""policy inheritance"":0}","{""mixed"":0,""negative"":1,""neutral"":1,""positive"":2,""unclear"":0}",1868-07-18,1868-12-08,4,AI-classified; not human-validated
invocation_edge_714ce39f27105987dd0d7b5561a33e110c784f716f5495240329e540f423f998,actual_speaker_invokes_former_president,theodore-roosevelt,Theodore Roosevelt,andrew-jackson,Andrew Jackson,4,4,2,"{""ceremonial/biographical"":0,""contemporary rivalry"":0,""historical comparison"":0,""institutional precedent"":1,""legacy/inheritance"":0,""other/unclear"":3,""policy inheritance"":0}","{""mixed"":0,""negative"":0,""neutral"":3,""positive"":1,""unclear"":0}",1906-12-17,1907-12-03,4,AI-classified; not human-validated
invocation_edge_864a528c5877f3810b83116b4e97c9aa0c9ce212d07ece0d7d414c3db72d07c5,actual_speaker_invokes_former_president,william-mckinley,William McKinley,grover-cleveland,Grover Cleveland,4,4,2,"{""ceremonial/biographical"":0,""contemporary rivalry"":0,""historical comparison"":0,""institutional precedent"":0,""legacy/inheritance"":0,""other/unclear"":3,""policy inheritance"":1}","{""mixed"":0,""negative"":1,""neutral"":3,""positive"":0,""unclear"":0}",1899-12-05,1900-12-03,4,AI-classified; not human-validated
invocation_edge_b3e62a28015618d0b3acf0008874518e6c8cd6e1af9b2ee313cf0fab361bcf96,actual_speaker_invokes_former_president,james-k-polk,James K. Polk,george-washington,George Washington,4,4,1,"{""ceremonial/biographical"":0,""contemporary rivalry"":0,""historical comparison"":0,""institutional precedent"":1,""legacy/inheritance"":0,""other/unclear"":3,""policy inheritance"":0}","{""mixed"":0,""negative"":0,""neutral"":3,""positive"":1,""unclear"":0}",1848-12-05,1848-12-05,4,AI-classified; not human-validated
invocation_edge_e601bca7938129cf5d0dca327c141dd000de6cfe050dd1531735c1a226dc0fe3,actual_speaker_invokes_former_president,william-harrison,William Harrison,thomas-jefferson,Thomas Jefferson,4,4,1,"{""ceremonial/biographical"":0,""contemporary rivalry"":0,""historical comparison"":0,""institutional precedent"":0,""legacy/inheritance"":0,""other/unclear"":4,""policy inheritance"":0}","{""mixed"":0,""negative"":0,""neutral"":4,""positive"":0,""unclear"":0}",1841-03-04,1841-03-04,4,AI-classified; not human-validated
invocation_edge_26d26a97e885b2aa53197fdb3c0c38280995026d6cb584ecf4da33bfe775bbf0,actual_speaker_invokes_former_president,william-mckinley,William McKinley,andrew-jackson,Andrew Jackson,4,4,1,"{""ceremonial/biographical"":0,""contemporary rivalry"":0,""historical comparison"":0,""institutional precedent"":2,""legacy/inheritance"":0,""other/unclear"":2,""policy inheritance"":0}","{""mixed"":0,""negative"":0,""neutral"":3,""positive"":1,""unclear"":0}",1898-04-11,1898-04-11,4,AI-classified; not human-validated
invocation_edge_b17c59d31b008ac5fed6fbca716429fd766dfc91761a80a82c9208fcd3fcb7a8,actual_speaker_invokes_former_president,bill-clinton,Bill Clinton,lyndon-b-johnson,Lyndon B. Johnson,4,4,1,"{""ceremonial/biographical"":0,""contemporary rivalry"":0,""historical comparison"":0,""institutional precedent"":1,""legacy/inheritance"":0,""other/unclear"":2,""policy inheritance"":1}","{""mixed"":0,""negative"":0,""neutral"":2,""positive"":2,""unclear"":0}",1995-10-16,1995-10-16,4,AI-classified; not human-validated
invocation_edge_c05d6f109cd0778799f41e1f919ce2623e7cf1fabc53a8756d54a4c8fe991c50,actual_speaker_invokes_former_president,james-k-polk,James K. Polk,james-madison,James Madison,6,3,3,"{""ceremonial/biographical"":0,""contemporary rivalry"":0,""historical comparison"":0,""institutional precedent"":1,""legacy/inheritance"":0,""other/unclear"":5,""policy inheritance"":0}","{""mixed"":0,""negative"":0,""neutral"":6,""positive"":0,""unclear"":0}",1845-12-02,1848-12-05,6,AI-classified; not human-validated
invocation_edge_a5013456964cc6247c7fd9a1a57809cc0965d1244bdd940c956dd4d15a317774,actual_speaker_invokes_former_president,george-h-w-bush,George H. W. Bush,harry-s-truman,Harry S. Truman,5,3,3,"{""ceremonial/biographical"":0,""contemporary rivalry"":0,""historical comparison"":0,""institutional precedent"":1,""legacy/inheritance"":0,""other/unclear"":4,""policy inheritance"":0}","{""mixed"":0,""negative"":0,""neutral"":4,""positive"":1,""unclear"":0}",1989-05-12,1992-08-20,5,AI-classified; not human-validated
invocation_edge_3736822d5637846b49bd04601cce35fafd1967507c1e414b3e160f7539580f83,actual_speaker_invokes_former_president,andrew-johnson,Andrew Johnson,thomas-jefferson,Thomas Jefferson,5,3,2,"{""ceremonial/biographical"":0,""contemporary rivalry"":0,""historical comparison"":0,""institutional precedent"":1,""legacy/inheritance"":0,""other/unclear"":4,""policy inheritance"":0}","{""mixed"":0,""negative"":0,""neutral"":5,""positive"":0,""unclear"":0}",1865-05-02,1865-12-04,5,AI-classified; not human-validated
invocation_edge_31774e5769d309387e4cd2aa89ac31299cd7377d0d23bebb9e81c941aa2afe43,actual_speaker_invokes_former_president,grover-cleveland,Grover Cleveland,george-washington,George Washington,3,3,3,"{""ceremonial/biographical"":0,""contemporary rivalry"":0,""historical comparison"":0,""institutional precedent"":1,""legacy/inheritance"":0,""other/unclear"":1,""policy inheritance"":1}","{""mixed"":0,""negative"":0,""neutral"":3,""positive"":0,""unclear"":0}",1885-03-04,1888-12-03,3,AI-classified; not human-validated
invocation_edge_3c5cb65c24c92000777ca661cb59f682444c6312548eab9da7fa63c6050f23bf,actual_speaker_invokes_former_president,john-f-kennedy,John F. Kennedy,john-adams,John Adams,3,3,3,"{""ceremonial/biographical"":0,""contemporary rivalry"":0,""historical comparison"":0,""institutional precedent"":0,""legacy/inheritance"":0,""other/unclear"":3,""policy inheritance"":0}","{""mixed"":0,""negative"":0,""neutral"":3,""positive"":0,""unclear"":0}",1961-05-03,1963-09-26,3,AI-classified; not human-validated
invocation_edge_08994b9f1ac30a5977b553a6fcd3f95cdffd2ab67d7b9459aa92b7fa02485f35,actual_speaker_invokes_former_president,james-buchanan,James Buchanan,thomas-jefferson,Thomas Jefferson,3,3,3,"{""ceremonial/biographical"":0,""contemporary rivalry"":0,""historical comparison"":0,""institutional precedent"":1,""legacy/inheritance"":1,""other/unclear"":1,""policy inheritance"":0}","{""mixed"":0,""negative"":0,""neutral"":3,""positive"":0,""unclear"":0}",1858-12-06,1860-12-03,3,AI-classified; not human-validated
invocation_edge_9e9b11251b79e93b3a7046698abadeaab6d360f8f1668e80dd78c13a86145673,actual_speaker_invokes_former_president,richard-m-nixon,Richard M. Nixon,thomas-jefferson,Thomas Jefferson,3,3,3,"{""ceremonial/biographical"":0,""contemporary rivalry"":0,""historical comparison"":1,""institutional precedent"":0,""legacy/inheritance"":0,""other/unclear"":1,""policy inheritance"":1}","{""mixed"":0,""negative"":0,""neutral"":3,""positive"":0,""unclear"":0}",1970-01-22,1974-01-30,3,AI-classified; not human-validated
invocation_edge_ffea9491c6af460fa368dda0dab30e9150cd8a376eec036ae4d0236abf518e21,actual_speaker_invokes_former_president,franklin-d-roosevelt,Franklin D. Roosevelt,thomas-jefferson,Thomas Jefferson,3,3,3,"{""ceremonial/biographical"":0,""contemporary rivalry"":0,""historical comparison"":0,""institutional precedent"":1,""legacy/inheritance"":0,""other/unclear"":2,""policy inheritance"":0}","{""mixed"":0,""negative"":0,""neutral"":3,""positive"":0,""unclear"":0}",1936-06-27,1941-09-11,3,AI-classified; not human-validated
invocation_edge_59646ed47443a57daaf3556fa7c5a9eae114f6342d7a6a9cb468a44437e20582,actual_speaker_invokes_former_president,william-taft,William Taft,james-monroe,James Monroe,3,3,3,"{""ceremonial/biographical"":0,""contemporary rivalry"":0,""historical comparison"":0,""institutional precedent"":0,""legacy/inheritance"":0,""other/unclear"":1,""policy inheritance"":2}","{""mixed"":0,""negative"":0,""neutral"":2,""positive"":1,""unclear"":0}",1909-03-04,1912-12-03,3,AI-classified; not human-validated
invocation_edge_cabbf61e70ebee62cda4da56a09654cdbd89618f6eb0cfbe08cd4ce9ffc44642,actual_speaker_invokes_former_president,calvin-coolidge,Calvin Coolidge,james-monroe,James Monroe,3,3,3,"{""ceremonial/biographical"":0,""contemporary rivalry"":0,""historical comparison"":0,""institutional precedent"":0,""legacy/inheritance"":0,""other/unclear"":3,""policy inheritance"":0}","{""mixed"":0,""negative"":0,""neutral"":3,""positive"":0,""unclear"":0}",1923-12-06,1927-02-22,3,AI-classified; not human-validated
invocation_edge_8d7034d049e83fb8ccf8465a5cad93b18f7b76501fac499d6b213542d33d5daa,actual_speaker_invokes_former_president,richard-m-nixon,Richard M. Nixon,abraham-lincoln,Abraham Lincoln,3,3,3,"{""ceremonial/biographical"":0,""contemporary rivalry"":0,""historical comparison"":0,""institutional precedent"":0,""legacy/inheritance"":0,""other/unclear"":3,""policy inheritance"":0}","{""mixed"":0,""negative"":0,""neutral"":3,""positive"":0,""unclear"":0}",1952-09-23,1974-04-29,3,AI-classified; not human-validated
invocation_edge_1a66d82cb12a7d23d74ecc6d9bf2993646847b8cb862008fc5e0bfd3bfd941f1,actual_speaker_invokes_former_president,bill-clinton,Bill Clinton,theodore-roosevelt,Theodore Roosevelt,3,3,3,"{""ceremonial/biographical"":0,""contemporary rivalry"":0,""historical comparison"":0,""institutional precedent"":1,""legacy/inheritance"":0,""other/unclear"":2,""policy inheritance"":0}","{""mixed"":1,""negative"":0,""neutral"":1,""positive"":1,""unclear"":0}",1995-01-24,2000-01-27,3,AI-classified; not human-validated
invocation_edge_5469c8becc216ce11f58f9a90de0329fac0fd88e8f19e3bba4bde99bbe609a9c,actual_speaker_invokes_former_president,barack-obama,Barack Obama,theodore-roosevelt,Theodore Roosevelt,3,3,3,"{""ceremonial/biographical"":0,""contemporary rivalry"":0,""historical comparison"":0,""institutional precedent"":0,""legacy/inheritance"":0,""other/unclear"":1,""policy inheritance"":2}","{""mixed"":0,""negative"":0,""neutral"":3,""positive"":0,""unclear"":0}",2009-02-24,2013-12-04,3,AI-classified; not human-validated
invocation_edge_5e2cae16b00385c0e7381d0770ddc55926fd42f1fdd22323a1dba2b4853123f6,actual_speaker_invokes_former_president,john-f-kennedy,John F. Kennedy,theodore-roosevelt,Theodore Roosevelt,3,3,3,"{""ceremonial/biographical"":0,""contemporary rivalry"":0,""historical comparison"":0,""institutional precedent"":0,""legacy/inheritance"":0,""other/unclear"":3,""policy inheritance"":0}","{""mixed"":0,""negative"":0,""neutral"":3,""positive"":0,""unclear"":0}",1960-10-07,1961-05-03,3,AI-classified; not human-validated
invocation_edge_59eb261bf66a26cf2062c24c08f8a14bd2c454db2e56606ddab61913d309f73d,actual_speaker_invokes_former_president,lyndon-b-johnson,Lyndon B. Johnson,william-taft,William Taft,3,3,3,"{""ceremonial/biographical"":0,""contemporary rivalry"":0,""historical comparison"":0,""institutional precedent"":0,""legacy/inheritance"":0,""other/unclear"":1,""policy inheritance"":2}","{""mixed"":0,""negative"":0,""neutral"":2,""positive"":1,""unclear"":0}",1965-01-04,1967-03-09,3,AI-classified; not human-validated
invocation_edge_acaf95cbee18d5d07932ad90dc47d899d59b9b02a793d9af6f005b75a285aa89,actual_speaker_invokes_former_president,franklin-d-roosevelt,Franklin D. Roosevelt,woodrow-wilson,Woodrow Wilson,3,3,3,"{""ceremonial/biographical"":0,""contemporary rivalry"":0,""historical comparison"":0,""institutional precedent"":1,""legacy/inheritance"":0,""other/unclear"":2,""policy inheritance"":0}","{""mixed"":0,""negative"":0,""neutral"":2,""positive"":1,""unclear"":0}",1934-09-30,1937-03-09,3,AI-classified; not human-validated
invocation_edge_b9af42b3cf2ced9eb082b4bbccdb3aca9c47ad2407e463d28b564d731d97ef08,actual_speaker_invokes_former_president,herbert-hoover,Herbert Hoover,calvin-coolidge,Calvin Coolidge,3,3,3,"{""ceremonial/biographical"":0,""contemporary rivalry"":0,""historical comparison"":0,""institutional precedent"":1,""legacy/inheritance"":0,""other/unclear"":2,""policy inheritance"":0}","{""mixed"":0,""negative"":0,""neutral"":1,""positive"":2,""unclear"":0}",1929-03-04,1929-09-18,3,AI-classified; not human-validated
invocation_edge_3c8411834f580bbd0a721feab740fcd76f70f6064e92c530efa1b1d685c5c3d8,actual_speaker_invokes_former_president,lyndon-b-johnson,Lyndon B. Johnson,herbert-hoover,Herbert Hoover,3,3,3,"{""ceremonial/biographical"":0,""contemporary rivalry"":0,""historical comparison"":0,""institutional precedent"":0,""legacy/inheritance"":0,""other/unclear"":3,""policy inheritance"":0}","{""mixed"":0,""negative"":0,""neutral"":3,""positive"":0,""unclear"":0}",1963-11-28,1967-02-02,3,AI-classified; not human-validated
invocation_edge_ecbca4106b026d5c240cd19d9977b2219928070b3fac87a62f1fd01354900905,actual_speaker_invokes_former_president,john-f-kennedy,John F. Kennedy,herbert-hoover,Herbert Hoover,3,3,3,"{""ceremonial/biographical"":0,""contemporary rivalry"":0,""historical comparison"":0,""institutional precedent"":0,""legacy/inheritance"":0,""other/unclear"":3,""policy inheritance"":0}","{""mixed"":0,""negative"":0,""neutral"":3,""positive"":0,""unclear"":0}",1960-07-15,1962-06-11,3,AI-classified; not human-validated
invocation_edge_b71c48e8542e42e2a7b883bd6be5ff6cd6e74438f575cb5edd32c8ba4da07da2,actual_speaker_invokes_former_president,ronald-reagan,Ronald Reagan,franklin-d-roosevelt,Franklin D. Roosevelt,3,3,3,"{""ceremonial/biographical"":0,""contemporary rivalry"":0,""historical comparison"":0,""institutional precedent"":0,""legacy/inheritance"":0,""other/unclear"":3,""policy inheritance"":0}","{""mixed"":0,""negative"":0,""neutral"":3,""positive"":0,""unclear"":0}",1984-01-25,1987-01-27,3,AI-classified; not human-validated
invocation_edge_946145d7d130792fe08aa7c1316bd2d05a25f835527f64fca6cf9be12731257e,actual_speaker_invokes_former_president,bill-clinton,Bill Clinton,dwight-d-eisenhower,Dwight D. Eisenhower,3,3,3,"{""ceremonial/biographical"":0,""contemporary rivalry"":0,""historical comparison"":0,""institutional precedent"":1,""legacy/inheritance"":0,""other/unclear"":2,""policy inheritance"":0}","{""mixed"":0,""negative"":0,""neutral"":3,""positive"":0,""unclear"":0}",1993-11-13,1998-01-27,3,AI-classified; not human-validated
invocation_edge_763408cad877c0efa2b54eef93fa8505c5256ea0e3bd10a70bd9a44550184cef,actual_speaker_invokes_former_president,george-h-w-bush,George H. W. Bush,gerald-ford,Gerald Ford,3,3,3,"{""ceremonial/biographical"":0,""contemporary rivalry"":0,""historical comparison"":0,""institutional precedent"":0,""legacy/inheritance"":0,""other/unclear"":3,""policy inheritance"":0}","{""mixed"":0,""negative"":0,""neutral"":3,""positive"":0,""unclear"":0}",1988-08-18,1992-08-20,3,AI-classified; not human-validated
invocation_edge_a2a77db5333e8e35c641f386804324db862c253d9c8054afb7ae2fc126193866,actual_speaker_invokes_former_president,donald-trump,Donald Trump,bill-clinton,Bill Clinton,3,3,3,"{""ceremonial/biographical"":0,""contemporary rivalry"":0,""historical comparison"":0,""institutional precedent"":0,""legacy/inheritance"":0,""other/unclear"":3,""policy inheritance"":0}","{""mixed"":0,""negative"":0,""neutral"":2,""positive"":1,""unclear"":0}",2017-01-20,2025-01-20,3,AI-classified; not human-validated
invocation_edge_1a38802143bf6d0507485b7300cbf67445edabd9d538448aa2ac84cfeb7c3088,actual_speaker_invokes_former_president,ulysses-s-grant,Ulysses S. Grant,thomas-jefferson,Thomas Jefferson,3,3,2,"{""ceremonial/biographical"":0,""contemporary rivalry"":0,""historical comparison"":0,""institutional precedent"":1,""legacy/inheritance"":0,""other/unclear"":2,""policy inheritance"":0}","{""mixed"":0,""negative"":0,""neutral"":3,""positive"":0,""unclear"":0}",1870-06-13,1876-05-04,3,AI-classified; not human-validated
invocation_edge_83b8b1009b6883b6c53875e837aa17082cdd15f08c475ae55ed048f2c22bfa0f,actual_speaker_invokes_former_president,james-buchanan,James Buchanan,james-madison,James Madison,3,3,2,"{""ceremonial/biographical"":0,""contemporary rivalry"":0,""historical comparison"":0,""institutional precedent"":0,""legacy/inheritance"":0,""other/unclear"":3,""policy inheritance"":0}","{""mixed"":0,""negative"":0,""neutral"":3,""positive"":0,""unclear"":0}",1860-06-22,1860-12-03,3,AI-classified; not human-validated
invocation_edge_07e90775a7423f7f93ac169774f35b002e93920dce2499d116a1c05e794c849d,actual_speaker_invokes_former_president,james-k-polk,James K. Polk,james-monroe,James Monroe,3,3,2,"{""ceremonial/biographical"":0,""contemporary rivalry"":0,""historical comparison"":0,""institutional precedent"":1,""legacy/inheritance"":0,""other/unclear"":2,""policy inheritance"":0}","{""mixed"":0,""negative"":0,""neutral"":3,""positive"":0,""unclear"":0}",1845-12-02,1847-12-07,3,AI-classified; not human-validated
invocation_edge_c89540701351542501f5f54fc034494320ca2e51dcb545c289f3f0acaa984017,actual_speaker_invokes_former_president,franklin-pierce,Franklin Pierce,andrew-jackson,Andrew Jackson,3,3,2,"{""ceremonial/biographical"":0,""contemporary rivalry"":0,""historical comparison"":0,""institutional precedent"":2,""legacy/inheritance"":0,""other/unclear"":1,""policy inheritance"":0}","{""mixed"":0,""negative"":0,""neutral"":2,""positive"":1,""unclear"":0}",1853-12-05,1854-12-30,3,AI-classified; not human-validated
invocation_edge_481cf9c7eef8bb02ae1c950e643744a5a9f70e3ea99e0774892b4051924219ab,actual_speaker_invokes_former_president,james-buchanan,James Buchanan,james-k-polk,James K. Polk,3,3,2,"{""ceremonial/biographical"":0,""contemporary rivalry"":0,""historical comparison"":0,""institutional precedent"":1,""legacy/inheritance"":0,""other/unclear"":2,""policy inheritance"":0}","{""mixed"":0,""negative"":0,""neutral"":3,""positive"":0,""unclear"":0}",1857-12-08,1858-12-06,3,AI-classified; not human-validated
invocation_edge_8af0108ae925070397b5b22e0f26864b9badeff83e5148719fcfc7210475b4e4,actual_speaker_invokes_former_president,jimmy-carter,Jimmy Carter,abraham-lincoln,Abraham Lincoln,3,3,2,"{""ceremonial/biographical"":0,""contemporary rivalry"":0,""historical comparison"":0,""institutional precedent"":0,""legacy/inheritance"":0,""other/unclear"":3,""policy inheritance"":0}","{""mixed"":0,""negative"":0,""neutral"":3,""positive"":0,""unclear"":0}",1977-05-22,1978-01-19,3,AI-classified; not human-validated
invocation_edge_a10f0e011e9cca7386cc9b9c3d14054bf3a647b913491c80f16f9ade929d9108,actual_speaker_invokes_former_president,rutherford-b-hayes,Rutherford B. Hayes,abraham-lincoln,Abraham Lincoln,3,3,2,"{""ceremonial/biographical"":0,""contemporary rivalry"":0,""historical comparison"":0,""institutional precedent"":0,""legacy/inheritance"":0,""other/unclear"":1,""policy inheritance"":2}","{""mixed"":0,""negative"":0,""neutral"":3,""positive"":0,""unclear"":0}",1879-04-29,1879-05-12,3,AI-classified; not human-validated
invocation_edge_bf0f6382da3834bbe9bd0ba34748b69c3bfb9c4c76859c99b824033c5b1219f5,actual_speaker_invokes_former_president,william-mckinley,William McKinley,ulysses-s-grant,Ulysses S. Grant,3,3,2,"{""ceremonial/biographical"":0,""contemporary rivalry"":0,""historical comparison"":0,""institutional precedent"":0,""legacy/inheritance"":0,""other/unclear"":2,""policy inheritance"":1}","{""mixed"":0,""negative"":0,""neutral"":3,""positive"":0,""unclear"":0}",1897-12-06,1898-04-11,3,AI-classified; not human-validated
invocation_edge_775bb2ff763ec8fb3d3d3927f29556416e42cd117c1643a1347b01a3db02dc41,actual_speaker_invokes_former_president,chester-a-arthur,Chester A. Arthur,james-a-garfield,James A. Garfield,3,3,2,"{""ceremonial/biographical"":1,""contemporary rivalry"":0,""historical comparison"":0,""institutional precedent"":1,""legacy/inheritance"":0,""other/unclear"":1,""policy inheritance"":0}","{""mixed"":0,""negative"":0,""neutral"":3,""positive"":0,""unclear"":0}",1881-12-06,1882-12-04,3,AI-classified; not human-validated
invocation_edge_81a44c15a12f96bb6e1f0740333b2a3d2b2bf9d7459144de8e50223beb75b7ef,actual_speaker_invokes_former_president,donald-trump,Donald Trump,william-mckinley,William McKinley,3,3,2,"{""ceremonial/biographical"":0,""contemporary rivalry"":0,""historical comparison"":0,""institutional precedent"":0,""legacy/inheritance"":0,""other/unclear"":3,""policy inheritance"":0}","{""mixed"":0,""negative"":0,""neutral"":0,""positive"":3,""unclear"":0}",2025-01-20,2025-03-05,3,AI-classified; not human-validated
invocation_edge_231c9af3ab34d7d656150270382129b6855e33eea4eb6a02c29a701de6e429fc,actual_speaker_invokes_former_president,harry-s-truman,Harry S. Truman,woodrow-wilson,Woodrow Wilson,3,3,2,"{""ceremonial/biographical"":0,""contemporary rivalry"":0,""historical comparison"":0,""institutional precedent"":0,""legacy/inheritance"":0,""other/unclear"":3,""policy inheritance"":0}","{""mixed"":0,""negative"":0,""neutral"":2,""positive"":1,""unclear"":0}",1948-07-15,1952-03-15,3,AI-classified; not human-validated
invocation_edge_cd6cf97e6b3ad00a422f7ddf6e885f246e3151414e9a6dfb3465997469818d2c,actual_speaker_invokes_former_president,donald-trump,Donald Trump,harry-s-truman,Harry S. Truman,3,3,2,"{""ceremonial/biographical"":0,""contemporary rivalry"":0,""historical comparison"":0,""institutional precedent"":1,""legacy/inheritance"":0,""other/unclear"":2,""policy inheritance"":0}","{""mixed"":0,""negative"":0,""neutral"":3,""positive"":0,""unclear"":0}",2017-09-19,2020-02-05,3,AI-classified; not human-validated
invocation_edge_461f22a159932bb755cc35376806d514f011ab120e3ab2f282fda4274168ea65,actual_speaker_invokes_former_president,gerald-ford,Gerald Ford,dwight-d-eisenhower,Dwight D. Eisenhower,3,3,2,"{""ceremonial/biographical"":0,""contemporary rivalry"":0,""historical comparison"":0,""institutional precedent"":0,""legacy/inheritance"":0,""other/unclear"":3,""policy inheritance"":0}","{""mixed"":0,""negative"":0,""neutral"":2,""positive"":1,""unclear"":0}",1976-01-19,1976-08-19,3,AI-classified; not human-validated
invocation_edge_fd3c3778950d70721ad57655179d1a2226481550f305daf453d7b45d56b908ad,actual_speaker_invokes_former_president,bill-clinton,Bill Clinton,jimmy-carter,Jimmy Carter,3,3,2,"{""ceremonial/biographical"":1,""contemporary rivalry"":0,""historical comparison"":0,""institutional precedent"":0,""legacy/inheritance"":0,""other/unclear"":2,""policy inheritance"":0}","{""mixed"":0,""negative"":0,""neutral"":2,""positive"":1,""unclear"":0}",1993-09-13,1994-01-25,3,AI-classified; not human-validated
invocation_edge_9338687a6c2afa72ca0c839fdc7b15f658d341090b8bf7339864842b252edda6,actual_speaker_invokes_former_president,calvin-coolidge,Calvin Coolidge,john-adams,John Adams,3,3,1,"{""ceremonial/biographical"":0,""contemporary rivalry"":0,""historical comparison"":0,""institutional precedent"":0,""legacy/inheritance"":0,""other/unclear"":3,""policy inheritance"":0}","{""mixed"":0,""negative"":0,""neutral"":2,""positive"":1,""unclear"":0}",1925-07-03,1925-07-03,3,AI-classified; not human-validated
invocation_edge_e2a70ee02471d317366dd5c89dbccf6f9f4ea56439e4f3575f558e5639be32b8,actual_speaker_invokes_former_president,richard-m-nixon,Richard M. Nixon,woodrow-wilson,Woodrow Wilson,4,2,2,"{""ceremonial/biographical"":1,""contemporary rivalry"":0,""historical comparison"":0,""institutional precedent"":0,""legacy/inheritance"":0,""other/unclear"":2,""policy inheritance"":1}","{""mixed"":0,""negative"":0,""neutral"":1,""positive"":3,""unclear"":0}",1969-11-03,1970-04-30,4,AI-classified; not human-validated
invocation_edge_8b08ca26236a8359beb608194d8422e90a74e7af09fb0c319532fa1e52498e1c,actual_speaker_invokes_former_president,george-h-w-bush,George H. W. Bush,dwight-d-eisenhower,Dwight D. Eisenhower,4,2,1,"{""ceremonial/biographical"":1,""contemporary rivalry"":0,""historical comparison"":0,""institutional precedent"":0,""legacy/inheritance"":0,""other/unclear"":3,""policy inheritance"":0}","{""mixed"":0,""negative"":1,""neutral"":3,""positive"":0,""unclear"":0}",1989-05-12,1989-05-12,4,AI-classified; not human-validated
invocation_edge_54da11074a1a03931d23bf267d1caf793a6b6d5cc96e1506d72d628d14fef5b8,actual_speaker_invokes_former_president,george-w-bush,George W. Bush,thomas-jefferson,Thomas Jefferson,3,2,2,"{""ceremonial/biographical"":0,""contemporary rivalry"":0,""historical comparison"":1,""institutional precedent"":0,""legacy/inheritance"":0,""other/unclear"":2,""policy inheritance"":0}","{""mixed"":0,""negative"":0,""neutral"":3,""positive"":0,""unclear"":0}",2001-01-20,2009-01-15,3,AI-classified; not human-validated
invocation_edge_6a3466f01738a4ed2509cc04d6e72f2645db1d849d84f880c94063f500ccdac8,actual_speaker_invokes_former_president,donald-trump,Donald Trump,james-monroe,James Monroe,3,2,2,"{""ceremonial/biographical"":0,""contemporary rivalry"":0,""historical comparison"":0,""institutional precedent"":0,""legacy/inheritance"":0,""other/unclear"":2,""policy inheritance"":1}","{""mixed"":0,""negative"":0,""neutral"":3,""positive"":0,""unclear"":0}",2018-09-25,2026-01-03,3,AI-classified; not human-validated
invocation_edge_b8f374fb790dd9d7e8172a17f7e0cc54a4b510088a06d92cb9157b050e0d1afb,actual_speaker_invokes_former_president,donald-trump,Donald Trump,andrew-jackson,Andrew Jackson,3,2,2,"{""ceremonial/biographical"":0,""contemporary rivalry"":0,""historical comparison"":0,""institutional precedent"":0,""legacy/inheritance"":0,""other/unclear"":3,""policy inheritance"":0}","{""mixed"":0,""negative"":0,""neutral"":1,""positive"":2,""unclear"":0}",2020-02-06,2020-09-07,3,AI-classified; not human-validated
invocation_edge_0a54a4a30bb7f6877943e08fb5eef50dfacab1aad34773a115c5db9f11b2c827,actual_speaker_invokes_former_president,theodore-roosevelt,Theodore Roosevelt,abraham-lincoln,Abraham Lincoln,3,2,2,"{""ceremonial/biographical"":0,""contemporary rivalry"":0,""historical comparison"":0,""institutional precedent"":2,""legacy/inheritance"":0,""other/unclear"":1,""policy inheritance"":0}","{""mixed"":0,""negative"":0,""neutral"":2,""positive"":1,""unclear"":0}",1901-12-03,1905-03-04,3,AI-classified; not human-validated
invocation_edge_a87c4862f6e0ff7e902780b82b298b00cd800cf1facceba946d5e6f8e77ddbcb,actual_speaker_invokes_former_president,john-f-kennedy,John F. Kennedy,william-mckinley,William McKinley,3,2,2,"{""ceremonial/biographical"":0,""contemporary rivalry"":0,""historical comparison"":0,""institutional precedent"":0,""legacy/inheritance"":0,""other/unclear"":3,""policy inheritance"":0}","{""mixed"":0,""negative"":0,""neutral"":3,""positive"":0,""unclear"":0}",1960-07-15,1961-12-06,3,AI-classified; not human-validated
invocation_edge_028e6a0bb13ae9d73ba3eb5d3349acc31fc3fee11a757756bfdea586bc3c950b,actual_speaker_invokes_former_president,benjamin-harrison,Benjamin Harrison,george-washington,George Washington,2,2,2,"{""ceremonial/biographical"":1,""contemporary rivalry"":0,""historical comparison"":0,""institutional precedent"":1,""legacy/inheritance"":0,""other/unclear"":0,""policy inheritance"":0}","{""mixed"":0,""negative"":0,""neutral"":2,""positive"":0,""unclear"":0}",1889-03-04,1889-04-04,2,AI-classified; not human-validated
invocation_edge_1dea309f00820cf1bf2e9a73c45c53fac741689e2341c11bec55a8217775b1c8,actual_speaker_invokes_former_president,richard-m-nixon,Richard M. Nixon,george-washington,George Washington,2,2,2,"{""ceremonial/biographical"":0,""contemporary rivalry"":0,""historical comparison"":0,""institutional precedent"":1,""legacy/inheritance"":0,""other/unclear"":1,""policy inheritance"":0}","{""mixed"":0,""negative"":0,""neutral"":2,""positive"":0,""unclear"":0}",1974-01-30,1974-04-29,2,AI-classified; not human-validated
invocation_edge_26d27ded96883e9c85188c10f109ad254912d169710dcf2a197e72c522dc7e41,actual_speaker_invokes_former_president,george-h-w-bush,George H. W. Bush,george-washington,George Washington,2,2,2,"{""ceremonial/biographical"":0,""contemporary rivalry"":0,""historical comparison"":0,""institutional precedent"":0,""legacy/inheritance"":0,""other/unclear"":2,""policy inheritance"":0}","{""mixed"":0,""negative"":0,""neutral"":2,""positive"":0,""unclear"":0}",1989-01-20,1993-01-05,2,AI-classified; not human-validated
invocation_edge_8513d1b4bcc2883219b10aacee5119a184f1e765d46cae0daa52c3f90aeb88fd,actual_speaker_invokes_former_president,bill-clinton,Bill Clinton,george-washington,George Washington,2,2,2,"{""ceremonial/biographical"":0,""contemporary rivalry"":0,""historical comparison"":0,""institutional precedent"":0,""legacy/inheritance"":0,""other/unclear"":2,""policy inheritance"":0}","{""mixed"":0,""negative"":0,""neutral"":2,""positive"":0,""unclear"":0}",1993-01-20,1999-01-19,2,AI-classified; not human-validated
invocation_edge_c92ab700196ecbbc0543079c9a3c440a5b0169a7367e69ccb194e3324954d60d,actual_speaker_invokes_former_president,andrew-jackson,Andrew Jackson,george-washington,George Washington,2,2,2,"{""ceremonial/biographical"":0,""contemporary rivalry"":0,""historical comparison"":0,""institutional precedent"":1,""legacy/inheritance"":0,""other/unclear"":1,""policy inheritance"":0}","{""mixed"":0,""negative"":0,""neutral"":2,""positive"":0,""unclear"":0}",1834-04-15,1835-12-07,2,AI-classified; not human-validated
invocation_edge_d61b55dfa3794a66d97312cdc169a306a0949deb9ae820fbe23673b9b7632698,actual_speaker_invokes_former_president,millard-fillmore,Millard Fillmore,george-washington,George Washington,2,2,2,"{""ceremonial/biographical"":0,""contemporary rivalry"":0,""historical comparison"":0,""institutional precedent"":0,""legacy/inheritance"":0,""other/unclear"":1,""policy inheritance"":1}","{""mixed"":0,""negative"":0,""neutral"":1,""positive"":1,""unclear"":0}",1851-12-02,1852-12-06,2,AI-classified; not human-validated
invocation_edge_1abd25e5560149d23aabbc174e9fad87e7ea2b077372259cb4940f7bcf0b44a0,actual_speaker_invokes_former_president,ronald-reagan,Ronald Reagan,john-adams,John Adams,2,2,2,"{""ceremonial/biographical"":0,""contemporary rivalry"":0,""historical comparison"":0,""institutional precedent"":0,""legacy/inheritance"":0,""other/unclear"":2,""policy inheritance"":0}","{""mixed"":0,""negative"":0,""neutral"":2,""positive"":0,""unclear"":0}",1988-08-15,1988-12-16,2,AI-classified; not human-validated
invocation_edge_8777f91cf19d60a93a8a3a0ee3ef314a3df5c21ac59fe2ae837fb44d5983a9a9,actual_speaker_invokes_former_president,ulysses-s-grant,Ulysses S. Grant,john-adams,John Adams,2,2,2,"{""ceremonial/biographical"":0,""contemporary rivalry"":0,""historical comparison"":0,""institutional precedent"":0,""legacy/inheritance"":0,""other/unclear"":2,""policy inheritance"":0}","{""mixed"":0,""negative"":0,""neutral"":2,""positive"":0,""unclear"":0}",1870-06-13,1876-05-04,2,AI-classified; not human-validated
invocation_edge_b1be8dc6c8139170048e6379cf95f710e6f8e452bb6c12af86124f83d5f3a163,actual_speaker_invokes_former_president,donald-trump,Donald Trump,john-adams,John Adams,2,2,2,"{""ceremonial/biographical"":0,""contemporary rivalry"":0,""historical comparison"":0,""institutional precedent"":0,""legacy/inheritance"":0,""other/unclear"":2,""policy inheritance"":0}","{""mixed"":0,""negative"":0,""neutral"":2,""positive"":0,""unclear"":0}",2017-09-19,2020-07-04,2,AI-classified; not human-validated
invocation_edge_bd35cbf0825ed95f911ef221c4910024ff7e0892580a55f2506ca5bf41227ab1,actual_speaker_invokes_former_president,franklin-d-roosevelt,Franklin D. Roosevelt,john-adams,John Adams,2,2,2,"{""ceremonial/biographical"":0,""contemporary rivalry"":0,""historical comparison"":0,""institutional precedent"":1,""legacy/inheritance"":0,""other/unclear"":1,""policy inheritance"":0}","{""mixed"":0,""negative"":0,""neutral"":2,""positive"":0,""unclear"":0}",1937-03-09,1941-09-11,2,AI-classified; not human-validated
invocation_edge_18288fb183fb267ace3fd0e99eda1863ab677d8e2b7ed7704e1af12dbf3f54f2,actual_speaker_invokes_former_president,andrew-jackson,Andrew Jackson,thomas-jefferson,Thomas Jefferson,2,2,2,"{""ceremonial/biographical"":0,""contemporary rivalry"":0,""historical comparison"":0,""institutional precedent"":2,""legacy/inheritance"":0,""other/unclear"":0,""policy inheritance"":0}","{""mixed"":0,""negative"":0,""neutral"":1,""positive"":1,""unclear"":0}",1830-05-27,1830-12-06,2,AI-classified; not human-validated
invocation_edge_9af158cc71cdcaf1828669293705029a8d5e91e5890bda88cffbf12ada3b46aa,actual_speaker_invokes_former_president,martin-van-buren,Martin Van Buren,thomas-jefferson,Thomas Jefferson,2,2,2,"{""ceremonial/biographical"":0,""contemporary rivalry"":0,""historical comparison"":0,""institutional precedent"":0,""legacy/inheritance"":0,""other/unclear"":2,""policy inheritance"":0}","{""mixed"":0,""negative"":0,""neutral"":2,""positive"":0,""unclear"":0}",1837-12-05,1838-12-03,2,AI-classified; not human-validated
invocation_edge_f28b054c61554eb1c1b1c205873094ba9fe7912bc1af3bc30bf39379ea4a8409,actual_speaker_invokes_former_president,millard-fillmore,Millard Fillmore,thomas-jefferson,Thomas Jefferson,2,2,2,"{""ceremonial/biographical"":0,""contemporary rivalry"":0,""historical comparison"":0,""institutional precedent"":0,""legacy/inheritance"":0,""other/unclear"":1,""policy inheritance"":1}","{""mixed"":0,""negative"":0,""neutral"":2,""positive"":0,""unclear"":0}",1851-12-02,1852-12-06,2,AI-classified; not human-validated
invocation_edge_43c926474eb4d14a385986e01012b36a6a7730488263571163349b6e33b862b7,actual_speaker_invokes_former_president,andrew-jackson,Andrew Jackson,james-madison,James Madison,2,2,2,"{""ceremonial/biographical"":0,""contemporary rivalry"":0,""historical comparison"":0,""institutional precedent"":1,""legacy/inheritance"":0,""other/unclear"":1,""policy inheritance"":0}","{""mixed"":0,""negative"":0,""neutral"":2,""positive"":0,""unclear"":0}",1829-12-08,1830-05-27,2,AI-classified; not human-validated
invocation_edge_8dfb8bf92664d3d186c4e6b8d207757b85d07ee369b16f445a1725b16a059478,actual_speaker_invokes_former_president,woodrow-wilson,Woodrow Wilson,james-monroe,James Monroe,2,2,2,"{""ceremonial/biographical"":1,""contemporary rivalry"":0,""historical comparison"":0,""institutional precedent"":0,""legacy/inheritance"":0,""other/unclear"":1,""policy inheritance"":0}","{""mixed"":0,""negative"":0,""neutral"":1,""positive"":1,""unclear"":0}",1915-12-07,1917-01-22,2,AI-classified; not human-validated
invocation_edge_c8b522bd4c502d8174bc54195bbcef1583b6de9b0bd6190298e37b6e2115abbf,actual_speaker_invokes_former_president,andrew-jackson,Andrew Jackson,james-monroe,James Monroe,2,2,2,"{""ceremonial/biographical"":0,""contemporary rivalry"":0,""historical comparison"":0,""institutional precedent"":1,""legacy/inheritance"":0,""other/unclear"":1,""policy inheritance"":0}","{""mixed"":0,""negative"":0,""neutral"":1,""positive"":1,""unclear"":0}",1830-05-27,1830-12-06,2,AI-classified; not human-validated
invocation_edge_004f1f7d1faa97c6f796dac3b5b68e9467fbe8c40458cb849b204d6f2f39d19e,actual_speaker_invokes_former_president,john-f-kennedy,John F. Kennedy,john-quincy-adams,John Quincy Adams,2,2,2,"{""ceremonial/biographical"":0,""contemporary rivalry"":0,""historical comparison"":0,""institutional precedent"":0,""legacy/inheritance"":0,""other/unclear"":2,""policy inheritance"":0}","{""mixed"":0,""negative"":0,""neutral"":1,""positive"":1,""unclear"":0}",1961-05-03,1961-10-12,2,AI-classified; not human-validated
invocation_edge_1887b01d5051d7bdd23db4d06664492abe9669087bd94a0602690d0e7c5df863,actual_speaker_invokes_former_president,bill-clinton,Bill Clinton,andrew-jackson,Andrew Jackson,2,2,2,"{""ceremonial/biographical"":0,""contemporary rivalry"":0,""historical comparison"":0,""institutional precedent"":0,""legacy/inheritance"":0,""other/unclear"":2,""policy inheritance"":0}","{""mixed"":0,""negative"":0,""neutral"":2,""positive"":0,""unclear"":0}",1995-11-30,2000-01-27,2,AI-classified; not human-validated
invocation_edge_5ed7a9d3c7519ad578027deaf1690164338dd61f562e4044a057bd152d94df43,actual_speaker_invokes_former_president,franklin-d-roosevelt,Franklin D. Roosevelt,andrew-jackson,Andrew Jackson,2,2,2,"{""ceremonial/biographical"":1,""contemporary rivalry"":0,""historical comparison"":0,""institutional precedent"":1,""legacy/inheritance"":0,""other/unclear"":0,""policy inheritance"":0}","{""mixed"":0,""negative"":0,""neutral"":2,""positive"":0,""unclear"":0}",1933-07-24,1937-03-09,2,AI-classified; not human-validated
invocation_edge_553dd397fd32e01fa6c5412f29bb3bdd3bfec3fe53520c610feac482d1be7c26,actual_speaker_invokes_former_president,george-w-bush,George W. Bush,abraham-lincoln,Abraham Lincoln,2,2,2,"{""ceremonial/biographical"":0,""contemporary rivalry"":0,""historical comparison"":2,""institutional precedent"":0,""legacy/inheritance"":0,""other/unclear"":0,""policy inheritance"":0}","{""mixed"":0,""negative"":0,""neutral"":2,""positive"":0,""unclear"":0}",2005-01-20,2009-01-12,2,AI-classified; not human-validated
invocation_edge_76a9cff0ea193c23765ffb3bc827f58668df762f2f2b294d18d45e95ab68127c,actual_speaker_invokes_former_president,george-h-w-bush,George H. W. Bush,abraham-lincoln,Abraham Lincoln,2,2,2,"{""ceremonial/biographical"":1,""contemporary rivalry"":0,""historical comparison"":0,""institutional precedent"":0,""legacy/inheritance"":0,""other/unclear"":1,""policy inheritance"":0}","{""mixed"":0,""negative"":0,""neutral"":2,""positive"":0,""unclear"":0}",1989-02-09,1992-12-15,2,AI-classified; not human-validated
invocation_edge_7ad0174fe4f84c93928d95ff403ac7feb649e30e85b784e6fd6bbf6fa3e796bc,actual_speaker_invokes_former_president,harry-s-truman,Harry S. Truman,abraham-lincoln,Abraham Lincoln,2,2,2,"{""ceremonial/biographical"":0,""contemporary rivalry"":0,""historical comparison"":0,""institutional precedent"":0,""legacy/inheritance"":0,""other/unclear"":2,""policy inheritance"":0}","{""mixed"":0,""negative"":0,""neutral"":2,""positive"":0,""unclear"":0}",1947-06-29,1948-09-18,2,AI-classified; not human-validated
invocation_edge_20e0726fff7642e2e7d487abd2a1df6eb6cc04ff81f12a9bbd89f72c72f608f0,actual_speaker_invokes_former_president,theodore-roosevelt,Theodore Roosevelt,ulysses-s-grant,Ulysses S. Grant,2,2,2,"{""ceremonial/biographical"":0,""contemporary rivalry"":0,""historical comparison"":0,""institutional precedent"":2,""legacy/inheritance"":0,""other/unclear"":0,""policy inheritance"":0}","{""mixed"":0,""negative"":1,""neutral"":1,""positive"":0,""unclear"":0}",1902-12-02,1906-12-17,2,AI-classified; not human-validated
invocation_edge_d69b0c053c97a2cb4e3e47b46f3ffa889821aa315fd538e9b013fec894ff9ae4,actual_speaker_invokes_former_president,herbert-hoover,Herbert Hoover,grover-cleveland,Grover Cleveland,2,2,2,"{""ceremonial/biographical"":0,""contemporary rivalry"":0,""historical comparison"":0,""institutional precedent"":0,""legacy/inheritance"":0,""other/unclear"":2,""policy inheritance"":0}","{""mixed"":0,""negative"":0,""neutral"":2,""positive"":0,""unclear"":0}",1931-02-03,1932-10-28,2,AI-classified; not human-validated
invocation_edge_054699c0bb9a6a4ab73d279d953537a190307f331f114d721a2cb985db543e69,actual_speaker_invokes_former_president,william-mckinley,William McKinley,benjamin-harrison,Benjamin Harrison,2,2,2,"{""ceremonial/biographical"":0,""contemporary rivalry"":0,""historical comparison"":0,""institutional precedent"":0,""legacy/inheritance"":0,""other/unclear"":2,""policy inheritance"":0}","{""mixed"":0,""negative"":0,""neutral"":2,""positive"":0,""unclear"":0}",1899-12-05,1900-12-03,2,AI-classified; not human-validated
invocation_edge_e430f45f4208f5859bb73e177169a820bc596deae03797a2bb04bcc32da4046d,actual_speaker_invokes_former_president,herbert-hoover,Herbert Hoover,william-mckinley,William McKinley,2,2,2,"{""ceremonial/biographical"":0,""contemporary rivalry"":0,""historical comparison"":0,""institutional precedent"":0,""legacy/inheritance"":0,""other/unclear"":2,""policy inheritance"":0}","{""mixed"":0,""negative"":0,""neutral"":2,""positive"":0,""unclear"":0}",1928-10-22,1929-09-18,2,AI-classified; not human-validated
invocation_edge_104cbadb6d2988499c6a723f81b0972cee46d0d037e25a8a7acdc500954a9f25,actual_speaker_invokes_former_president,richard-m-nixon,Richard M. Nixon,theodore-roosevelt,Theodore Roosevelt,2,2,2,"{""ceremonial/biographical"":0,""contemporary rivalry"":0,""historical comparison"":0,""institutional precedent"":1,""legacy/inheritance"":0,""other/unclear"":1,""policy inheritance"":0}","{""mixed"":1,""negative"":0,""neutral"":0,""positive"":1,""unclear"":0}",1960-10-07,1974-08-08,2,AI-classified; not human-validated
invocation_edge_28dc876c4d4685b89f8748dbba5eda2005c32198a7080d23d6669468a27b1642,actual_speaker_invokes_former_president,donald-trump,Donald Trump,theodore-roosevelt,Theodore Roosevelt,2,2,2,"{""ceremonial/biographical"":0,""contemporary rivalry"":0,""historical comparison"":0,""institutional precedent"":0,""legacy/inheritance"":0,""other/unclear"":2,""policy inheritance"":0}","{""mixed"":0,""negative"":0,""neutral"":0,""positive"":2,""unclear"":0}",2020-02-05,2025-01-20,2,AI-classified; not human-validated
invocation_edge_58836f2e4b14792b0e50078b32fb559972a40ad2dbbe40f380654fec5c40f3ed,actual_speaker_invokes_former_president,franklin-d-roosevelt,Franklin D. Roosevelt,theodore-roosevelt,Theodore Roosevelt,2,2,2,"{""ceremonial/biographical"":0,""contemporary rivalry"":0,""historical comparison"":0,""institutional precedent"":1,""legacy/inheritance"":0,""other/unclear"":1,""policy inheritance"":0}","{""mixed"":0,""negative"":0,""neutral"":0,""positive"":2,""unclear"":0}",1933-05-07,1934-09-30,2,AI-classified; not human-validated
invocation_edge_8980fa09d229903d9db8fa06b6a46429e5e292bd4610656ddaefa9a131444fa8,actual_speaker_invokes_former_president,william-taft,William Taft,theodore-roosevelt,Theodore Roosevelt,2,2,2,"{""ceremonial/biographical"":0,""contemporary rivalry"":0,""historical comparison"":0,""institutional precedent"":0,""legacy/inheritance"":0,""other/unclear"":2,""policy inheritance"":0}","{""mixed"":0,""negative"":0,""neutral"":2,""positive"":0,""unclear"":0}",1910-12-06,1912-12-03,2,AI-classified; not human-validated
invocation_edge_744ca6c7b7b3e6576613dbcee542fe962218a110efbc59d9e4b5e0dce6cabd39,actual_speaker_invokes_former_president,herbert-hoover,Herbert Hoover,william-taft,William Taft,2,2,2,"{""ceremonial/biographical"":0,""contemporary rivalry"":0,""historical comparison"":0,""institutional precedent"":0,""legacy/inheritance"":0,""other/unclear"":2,""policy inheritance"":0}","{""mixed"":0,""negative"":0,""neutral"":2,""positive"":0,""unclear"":0}",1929-09-18,1932-10-28,2,AI-classified; not human-validated
invocation_edge_7c2b6eb1a73f536a9e8b80dfcda0695d0793a9dcb95cb7cb37e5a82886e68f24,actual_speaker_invokes_former_president,john-f-kennedy,John F. Kennedy,calvin-coolidge,Calvin Coolidge,2,2,2,"{""ceremonial/biographical"":0,""contemporary rivalry"":0,""historical comparison"":0,""institutional precedent"":0,""legacy/inheritance"":0,""other/unclear"":2,""policy inheritance"":0}","{""mixed"":0,""negative"":0,""neutral"":2,""positive"":0,""unclear"":0}",1960-07-15,1961-12-06,2,AI-classified; not human-validated
invocation_edge_673fc182f10d07811801c104dd005c5fb30fe48d289ee4b5b905aef531ddb358,actual_speaker_invokes_former_president,franklin-d-roosevelt,Franklin D. Roosevelt,herbert-hoover,Herbert Hoover,2,2,2,"{""ceremonial/biographical"":0,""contemporary rivalry"":0,""historical comparison"":0,""institutional precedent"":0,""legacy/inheritance"":0,""other/unclear"":2,""policy inheritance"":0}","{""mixed"":0,""negative"":0,""neutral"":2,""positive"":0,""unclear"":0}",1933-03-04,1937-03-09,2,AI-classified; not human-validated
invocation_edge_996c5c62e2bd9b52ce1eaaf64d4ba70e94dfb17dcab4d4022764c321c5aca605,actual_speaker_invokes_former_president,dwight-d-eisenhower,Dwight D. Eisenhower,herbert-hoover,Herbert Hoover,2,2,2,"{""ceremonial/biographical"":0,""contemporary rivalry"":0,""historical comparison"":0,""institutional precedent"":0,""legacy/inheritance"":0,""other/unclear"":2,""policy inheritance"":0}","{""mixed"":0,""negative"":0,""neutral"":1,""positive"":1,""unclear"":0}",1955-01-06,1959-01-09,2,AI-classified; not human-validated
invocation_edge_2200b37f3d5841d8dba7d8b42c18d6950d177cb7b85bc3eaeab09aa7f596a894,actual_speaker_invokes_former_president,george-w-bush,George W. Bush,franklin-d-roosevelt,Franklin D. Roosevelt,2,2,2,"{""ceremonial/biographical"":0,""contemporary rivalry"":0,""historical comparison"":0,""institutional precedent"":0,""legacy/inheritance"":0,""other/unclear"":2,""policy inheritance"":0}","{""mixed"":0,""negative"":0,""neutral"":2,""positive"":0,""unclear"":0}",2005-02-02,2006-01-31,2,AI-classified; not human-validated
invocation_edge_653a1fd57953e93d80bd348cd86a0fc57c69d1183eaccde47a5a7c5bb75d10bd,actual_speaker_invokes_former_president,barack-obama,Barack Obama,harry-s-truman,Harry S. Truman,2,2,2,"{""ceremonial/biographical"":0,""contemporary rivalry"":0,""historical comparison"":0,""institutional precedent"":1,""legacy/inheritance"":0,""other/unclear"":1,""policy inheritance"":0}","{""mixed"":0,""negative"":0,""neutral"":0,""positive"":2,""unclear"":0}",2013-03-21,2013-12-04,2,AI-classified; not human-validated
invocation_edge_dabd5003a998fec503cbfb943988d77c9bb6b0ae066d995310d6c516566769b6,actual_speaker_invokes_former_president,george-w-bush,George W. Bush,john-f-kennedy,John F. Kennedy,2,2,2,"{""ceremonial/biographical"":0,""contemporary rivalry"":0,""historical comparison"":1,""institutional precedent"":0,""legacy/inheritance"":0,""other/unclear"":0,""policy inheritance"":1}","{""mixed"":0,""negative"":0,""neutral"":2,""positive"":0,""unclear"":0}",2001-06-07,2002-06-01,2,AI-classified; not human-validated
invocation_edge_13ecd6c0fc84d7ca4634c5611568314231ba7e2b57d4b6ce1b78b516de828637,actual_speaker_invokes_former_president,barack-obama,Barack Obama,lyndon-b-johnson,Lyndon B. Johnson,2,2,2,"{""ceremonial/biographical"":1,""contemporary rivalry"":0,""historical comparison"":0,""institutional precedent"":0,""legacy/inheritance"":0,""other/unclear"":1,""policy inheritance"":0}","{""mixed"":0,""negative"":0,""neutral"":2,""positive"":0,""unclear"":0}",2013-12-04,2015-03-07,2,AI-classified; not human-validated
invocation_edge_265364973b601dbc6c2fb38dfdc9567c3aa7979c67d01b608c49009ec6e92549,actual_speaker_invokes_former_president,donald-trump,Donald Trump,jimmy-carter,Jimmy Carter,2,2,2,"{""ceremonial/biographical"":0,""contemporary rivalry"":0,""historical comparison"":1,""institutional precedent"":0,""legacy/inheritance"":0,""other/unclear"":1,""policy inheritance"":0}","{""mixed"":0,""negative"":0,""neutral"":2,""positive"":0,""unclear"":0}",2017-01-20,2026-01-03,2,AI-classified; not human-validated
invocation_edge_f228aed5700fb022df84a0c1bdc2035d8859af98ec2b8ba0b41d3803f88457bd,actual_speaker_invokes_former_president,ronald-reagan,Ronald Reagan,jimmy-carter,Jimmy Carter,2,2,2,"{""ceremonial/biographical"":0,""contemporary rivalry"":0,""historical comparison"":0,""institutional precedent"":1,""legacy/inheritance"":0,""other/unclear"":1,""policy inheritance"":0}","{""mixed"":0,""negative"":0,""neutral"":2,""positive"":0,""unclear"":0}",1983-04-27,1984-10-07,2,AI-classified; not human-validated
invocation_edge_89016024e86a421a1dcd8d801e155a7e8a1d6851d6d1fb70cd3fe74f76f24ce9,actual_speaker_invokes_former_president,bill-clinton,Bill Clinton,ronald-reagan,Ronald Reagan,2,2,2,"{""ceremonial/biographical"":0,""contemporary rivalry"":0,""historical comparison"":0,""institutional precedent"":0,""legacy/inheritance"":0,""other/unclear"":2,""policy inheritance"":0}","{""mixed"":0,""negative"":0,""neutral"":2,""positive"":0,""unclear"":0}",1993-02-17,1995-01-24,2,AI-classified; not human-validated
invocation_edge_197a3a73ceacf047ca58c5ef5ffec5c775371341e9c8ff4c27a5d23ccd965039,actual_speaker_invokes_former_president,joe-biden,Joe Biden,george-w-bush,George W. Bush,2,2,2,"{""ceremonial/biographical"":0,""contemporary rivalry"":0,""historical comparison"":0,""institutional precedent"":0,""legacy/inheritance"":0,""other/unclear"":1,""policy inheritance"":1}","{""mixed"":0,""negative"":0,""neutral"":1,""positive"":1,""unclear"":0}",2021-04-29,2023-02-08,2,AI-classified; not human-validated
invocation_edge_4e083f029f11c9c08b0a165acf57be88c5e3f1c2962e383f83137930c74035f5,actual_speaker_invokes_former_president,donald-trump,Donald Trump,george-w-bush,George W. Bush,2,2,2,"{""ceremonial/biographical"":0,""contemporary rivalry"":0,""historical comparison"":0,""institutional precedent"":0,""legacy/inheritance"":0,""other/unclear"":2,""policy inheritance"":0}","{""mixed"":0,""negative"":0,""neutral"":1,""positive"":1,""unclear"":0}",2017-01-20,2025-01-20,2,AI-classified; not human-validated
invocation_edge_5e7d38e58316e51aed603e1ff94f316683f76fb2fe0da1ad3571fcdd4f31f78b,actual_speaker_invokes_former_president,rutherford-b-hayes,Rutherford B. Hayes,george-washington,George Washington,2,2,1,"{""ceremonial/biographical"":0,""contemporary rivalry"":0,""historical comparison"":0,""institutional precedent"":0,""legacy/inheritance"":0,""other/unclear"":1,""policy inheritance"":1}","{""mixed"":0,""negative"":0,""neutral"":2,""positive"":0,""unclear"":0}",1879-05-12,1879-05-12,2,AI-classified; not human-validated
invocation_edge_3edc2583d1a8d8dfc99e394369df4a1db84f20a18d8350f50af6eea4079b1e7d,actual_speaker_invokes_former_president,rutherford-b-hayes,Rutherford B. Hayes,thomas-jefferson,Thomas Jefferson,2,2,1,"{""ceremonial/biographical"":0,""contemporary rivalry"":0,""historical comparison"":0,""institutional precedent"":0,""legacy/inheritance"":0,""other/unclear"":1,""policy inheritance"":1}","{""mixed"":0,""negative"":0,""neutral"":2,""positive"":0,""unclear"":0}",1879-05-12,1879-05-12,2,AI-classified; not human-validated
invocation_edge_591e14a16c0a329c1c17499d436d18eaacc25f952e82f1d57acab8fcfa9a5788,actual_speaker_invokes_former_president,harry-s-truman,Harry S. Truman,thomas-jefferson,Thomas Jefferson,2,2,1,"{""ceremonial/biographical"":0,""contemporary rivalry"":0,""historical comparison"":0,""institutional precedent"":0,""legacy/inheritance"":0,""other/unclear"":2,""policy inheritance"":0}","{""mixed"":0,""negative"":0,""neutral"":2,""positive"":0,""unclear"":0}",1952-03-29,1952-03-29,2,AI-classified; not human-validated
invocation_edge_81dcc59c7eaac1c064ed17346f5300cdd0fe73605a668ad25da08957ff76157d,actual_speaker_invokes_former_president,dwight-d-eisenhower,Dwight D. Eisenhower,abraham-lincoln,Abraham Lincoln,2,2,1,"{""ceremonial/biographical"":0,""contemporary rivalry"":0,""historical comparison"":0,""institutional precedent"":0,""legacy/inheritance"":0,""other/unclear"":2,""policy inheritance"":0}","{""mixed"":0,""negative"":0,""neutral"":2,""positive"":0,""unclear"":0}",1956-08-23,1956-08-23,2,AI-classified; not human-validated
invocation_edge_0ca6d702b44de2ed27d74db09aaa7c827691a08873f80c327bcead4600d32427,actual_speaker_invokes_former_president,george-w-bush,George W. Bush,dwight-d-eisenhower,Dwight D. Eisenhower,2,2,1,"{""ceremonial/biographical"":0,""contemporary rivalry"":0,""historical comparison"":0,""institutional precedent"":0,""legacy/inheritance"":1,""other/unclear"":1,""policy inheritance"":0}","{""mixed"":0,""negative"":0,""neutral"":2,""positive"":0,""unclear"":0}",2002-06-01,2002-06-01,2,AI-classified; not human-validated
invocation_edge_5317cd1a6eeea6dd1bb9bcdea1248a56d696a71aa26ffebf7672971e4670daee,actual_speaker_invokes_former_president,ulysses-s-grant,Ulysses S. Grant,martin-van-buren,Martin Van Buren,2,1,1,"{""ceremonial/biographical"":0,""contemporary rivalry"":0,""historical comparison"":0,""institutional precedent"":0,""legacy/inheritance"":0,""other/unclear"":2,""policy inheritance"":0}","{""mixed"":0,""negative"":0,""neutral"":2,""positive"":0,""unclear"":0}",1876-05-04,1876-05-04,2,AI-classified; not human-validated
invocation_edge_484583d82a35f5d019cf323474ed9cce4bff26a8442c7803d4ce4148ef9be352,actual_speaker_invokes_former_president,lyndon-b-johnson,Lyndon B. Johnson,zachary-taylor,Zachary Taylor,2,1,1,"{""ceremonial/biographical"":0,""contemporary rivalry"":0,""historical comparison"":0,""institutional precedent"":0,""legacy/inheritance"":0,""other/unclear"":2,""policy inheritance"":0}","{""mixed"":0,""negative"":0,""neutral"":2,""positive"":0,""unclear"":0}",1965-08-25,1965-08-25,2,AI-classified; not human-validated
invocation_edge_153a3aa881f55ca51f1eb9f0c777c017af2dd5d44cbe2175e6cb800081e5a0e6,actual_speaker_invokes_former_president,theodore-roosevelt,Theodore Roosevelt,james-a-garfield,James A. Garfield,2,1,1,"{""ceremonial/biographical"":0,""contemporary rivalry"":0,""historical comparison"":0,""institutional precedent"":2,""legacy/inheritance"":0,""other/unclear"":0,""policy inheritance"":0}","{""mixed"":0,""negative"":0,""neutral"":2,""positive"":0,""unclear"":0}",1901-12-03,1901-12-03,2,AI-classified; not human-validated
invocation_edge_0925bc106679a2eb5466cd9c172b454a917e5cb8871863bce5c5e03a45d8e60f,actual_speaker_invokes_former_president,harry-s-truman,Harry S. Truman,herbert-hoover,Herbert Hoover,2,1,1,"{""ceremonial/biographical"":0,""contemporary rivalry"":0,""historical comparison"":0,""institutional precedent"":0,""legacy/inheritance"":0,""other/unclear"":1,""policy inheritance"":1}","{""mixed"":0,""negative"":0,""neutral"":1,""positive"":1,""unclear"":0}",1952-10-22,1952-10-22,2,AI-classified; not human-validated
invocation_edge_01ee6df8202d793328da0f92396fa537f1ff94177f78c584ff463303ddfbf19a,actual_speaker_invokes_former_president,william-taft,William Taft,george-washington,George Washington,1,1,1,"{""ceremonial/biographical"":0,""contemporary rivalry"":0,""historical comparison"":1,""institutional precedent"":0,""legacy/inheritance"":0,""other/unclear"":0,""policy inheritance"":0}","{""mixed"":0,""negative"":0,""neutral"":1,""positive"":0,""unclear"":0}",1910-12-06,1910-12-06,1,AI-classified; not human-validated
invocation_edge_239cb506bcc60f648e8068cb0c64e618ab48fc4b392bb83238b8d620f0a85aaa,actual_speaker_invokes_former_president,ulysses-s-grant,Ulysses S. Grant,george-washington,George Washington,1,1,1,"{""ceremonial/biographical"":0,""contemporary rivalry"":0,""historical comparison"":0,""institutional precedent"":0,""legacy/inheritance"":0,""other/unclear"":1,""policy inheritance"":0}","{""mixed"":0,""negative"":0,""neutral"":1,""positive"":0,""unclear"":0}",1876-05-04,1876-05-04,1,AI-classified; not human-validated
invocation_edge_25d6fd03d7d3a96b4aa73c351643cc260cd3e29bd8ef8f1b3e4fcef3468561e2,actual_speaker_invokes_former_president,john-adams,John Adams,george-washington,George Washington,1,1,1,"{""ceremonial/biographical"":0,""contemporary rivalry"":0,""historical comparison"":0,""institutional precedent"":0,""legacy/inheritance"":0,""other/unclear"":1,""policy inheritance"":0}","{""mixed"":0,""negative"":0,""neutral"":1,""positive"":0,""unclear"":0}",1799-12-19,1799-12-19,1,AI-classified; not human-validated
invocation_edge_2aeca95e6d63f184707cd4165bdfa288dc718cd69f9a8ba257151b91301a6efb,actual_speaker_invokes_former_president,lyndon-b-johnson,Lyndon B. Johnson,george-washington,George Washington,1,1,1,"{""ceremonial/biographical"":1,""contemporary rivalry"":0,""historical comparison"":0,""institutional precedent"":0,""legacy/inheritance"":0,""other/unclear"":0,""policy inheritance"":0}","{""mixed"":0,""negative"":0,""neutral"":1,""positive"":0,""unclear"":0}",1964-04-20,1964-04-20,1,AI-classified; not human-validated
invocation_edge_6afd3ff55109aa8b7f75cab76f571123f428a2a88f14207812543765aebb44a5,actual_speaker_invokes_former_president,woodrow-wilson,Woodrow Wilson,george-washington,George Washington,1,1,1,"{""ceremonial/biographical"":0,""contemporary rivalry"":0,""historical comparison"":0,""institutional precedent"":0,""legacy/inheritance"":0,""other/unclear"":1,""policy inheritance"":0}","{""mixed"":0,""negative"":0,""neutral"":1,""positive"":0,""unclear"":0}",1913-10-25,1913-10-25,1,AI-classified; not human-validated
invocation_edge_81ed15594a731b613cf9ee5b2ebd2e7514868c36f7ff4f9e0df2ff4ab6119be8,actual_speaker_invokes_former_president,andrew-johnson,Andrew Johnson,george-washington,George Washington,1,1,1,"{""ceremonial/biographical"":0,""contemporary rivalry"":0,""historical comparison"":0,""institutional precedent"":0,""legacy/inheritance"":0,""other/unclear"":1,""policy inheritance"":0}","{""mixed"":0,""negative"":0,""neutral"":1,""positive"":0,""unclear"":0}",1865-12-04,1865-12-04,1,AI-classified; not human-validated
invocation_edge_24c45a9cb79e06b19db56b3f7685609aeea37fc01a9caf3de23e90556414a653,actual_speaker_invokes_former_president,lyndon-b-johnson,Lyndon B. Johnson,john-adams,John Adams,1,1,1,"{""ceremonial/biographical"":0,""contemporary rivalry"":0,""historical comparison"":0,""institutional precedent"":0,""legacy/inheritance"":0,""other/unclear"":1,""policy inheritance"":0}","{""mixed"":0,""negative"":0,""neutral"":0,""positive"":1,""unclear"":0}",1965-03-26,1965-03-26,1,AI-classified; not human-validated
invocation_edge_321d1005d8d2c17af88f34fe82feec95bb2880cba18c15f2fe5db5b5607a0a62,actual_speaker_invokes_former_president,barack-obama,Barack Obama,john-adams,John Adams,1,1,1,"{""ceremonial/biographical"":0,""contemporary rivalry"":0,""historical comparison"":0,""institutional precedent"":0,""legacy/inheritance"":0,""other/unclear"":0,""policy inheritance"":1}","{""mixed"":0,""negative"":0,""neutral"":1,""positive"":0,""unclear"":0}",2009-06-04,2009-06-04,1,AI-classified; not human-validated
invocation_edge_6f5a00d68af141ea7bc0e8a473868235a0b06c3b4bd59aebe81ed238406852c3,actual_speaker_invokes_former_president,herbert-hoover,Herbert Hoover,john-adams,John Adams,1,1,1,"{""ceremonial/biographical"":0,""contemporary rivalry"":0,""historical comparison"":0,""institutional precedent"":1,""legacy/inheritance"":0,""other/unclear"":0,""policy inheritance"":0}","{""mixed"":0,""negative"":0,""neutral"":1,""positive"":0,""unclear"":0}",1929-09-18,1929-09-18,1,AI-classified; not human-validated
invocation_edge_7fa13c9d053cb88a1c4b11ae677ce408410fafd776cac8364ec2fda8faf09e38,actual_speaker_invokes_former_president,gerald-ford,Gerald Ford,john-adams,John Adams,1,1,1,"{""ceremonial/biographical"":0,""contemporary rivalry"":0,""historical comparison"":0,""institutional precedent"":0,""legacy/inheritance"":0,""other/unclear"":1,""policy inheritance"":0}","{""mixed"":0,""negative"":0,""neutral"":1,""positive"":0,""unclear"":0}",1976-08-19,1976-08-19,1,AI-classified; not human-validated
invocation_edge_15a65daccd9797329ef2e7888de93a5d6883289ad2e5af9d341f4e2d3d02a2fc,actual_speaker_invokes_former_president,grover-cleveland,Grover Cleveland,thomas-jefferson,Thomas Jefferson,1,1,1,"{""ceremonial/biographical"":0,""contemporary rivalry"":0,""historical comparison"":0,""institutional precedent"":0,""legacy/inheritance"":0,""other/unclear"":1,""policy inheritance"":0}","{""mixed"":0,""negative"":0,""neutral"":1,""positive"":0,""unclear"":0}",1885-03-04,1885-03-04,1,AI-classified; not human-validated
invocation_edge_1c17c4b73cdc211c118c0f8faf2fe56eb43bbed9c82c894b13e9d780049a700b,actual_speaker_invokes_former_president,joe-biden,Joe Biden,thomas-jefferson,Thomas Jefferson,1,1,1,"{""ceremonial/biographical"":0,""contemporary rivalry"":0,""historical comparison"":0,""institutional precedent"":0,""legacy/inheritance"":0,""other/unclear"":1,""policy inheritance"":0}","{""mixed"":0,""negative"":0,""neutral"":1,""positive"":0,""unclear"":0}",2024-07-25,2024-07-25,1,AI-classified; not human-validated
invocation_edge_23cd519d71f1c93f89a299b1af62aabe16e1c29a5ac8b32a9c85a97fc5366c98,actual_speaker_invokes_former_president,herbert-hoover,Herbert Hoover,thomas-jefferson,Thomas Jefferson,1,1,1,"{""ceremonial/biographical"":0,""contemporary rivalry"":0,""historical comparison"":0,""institutional precedent"":0,""legacy/inheritance"":0,""other/unclear"":1,""policy inheritance"":0}","{""mixed"":0,""negative"":0,""neutral"":1,""positive"":0,""unclear"":0}",1929-09-18,1929-09-18,1,AI-classified; not human-validated
invocation_edge_2decfba0eaf2bda687dde411bf31b6979231f8575b5cda95290d1189af2883bd,actual_speaker_invokes_former_president,benjamin-harrison,Benjamin Harrison,thomas-jefferson,Thomas Jefferson,1,1,1,"{""ceremonial/biographical"":0,""contemporary rivalry"":0,""historical comparison"":0,""institutional precedent"":0,""legacy/inheritance"":0,""other/unclear"":1,""policy inheritance"":0}","{""mixed"":0,""negative"":0,""neutral"":1,""positive"":0,""unclear"":0}",1892-09-03,1892-09-03,1,AI-classified; not human-validated
invocation_edge_85c12a2baf0e285250201d554dcf496e1a3a45e74047a8b383b743f9af93e46a,actual_speaker_invokes_former_president,theodore-roosevelt,Theodore Roosevelt,thomas-jefferson,Thomas Jefferson,1,1,1,"{""ceremonial/biographical"":0,""contemporary rivalry"":0,""historical comparison"":0,""institutional precedent"":0,""legacy/inheritance"":0,""other/unclear"":1,""policy inheritance"":0}","{""mixed"":0,""negative"":0,""neutral"":1,""positive"":0,""unclear"":0}",1902-12-02,1902-12-02,1,AI-classified; not human-validated
invocation_edge_b793fbb067739d5e28d6bf6c6a0efb60b29678c714c74d49dbe903abff1df52f,actual_speaker_invokes_former_president,gerald-ford,Gerald Ford,thomas-jefferson,Thomas Jefferson,1,1,1,"{""ceremonial/biographical"":0,""contemporary rivalry"":0,""historical comparison"":0,""institutional precedent"":0,""legacy/inheritance"":0,""other/unclear"":1,""policy inheritance"":0}","{""mixed"":0,""negative"":0,""neutral"":1,""positive"":0,""unclear"":0}",1974-08-09,1974-08-09,1,AI-classified; not human-validated
invocation_edge_d09ca848fc00e00597cfb97a5bac16e4a3ae8fab3192381f9d126155af3b3b7a,actual_speaker_invokes_former_president,william-mckinley,William McKinley,thomas-jefferson,Thomas Jefferson,1,1,1,"{""ceremonial/biographical"":0,""contemporary rivalry"":0,""historical comparison"":0,""institutional precedent"":0,""legacy/inheritance"":0,""other/unclear"":1,""policy inheritance"":0}","{""mixed"":0,""negative"":0,""neutral"":1,""positive"":0,""unclear"":0}",1898-12-05,1898-12-05,1,AI-classified; not human-validated
invocation_edge_ed21d68038cf7ce7812530459c5eef437ee73a2a3c86e04b0e8239957d8cbf91,actual_speaker_invokes_former_president,franklin-pierce,Franklin Pierce,thomas-jefferson,Thomas Jefferson,1,1,1,"{""ceremonial/biographical"":0,""contemporary rivalry"":0,""historical comparison"":0,""institutional precedent"":1,""legacy/inheritance"":0,""other/unclear"":0,""policy inheritance"":0}","{""mixed"":0,""negative"":0,""neutral"":1,""positive"":0,""unclear"":0}",1853-12-05,1853-12-05,1,AI-classified; not human-validated
invocation_edge_464c5ec2f234d9e24f2331cc46e7d01af9a9ce8278e01585950022cdf8a5451c,actual_speaker_invokes_former_president,barack-obama,Barack Obama,james-madison,James Madison,1,1,1,"{""ceremonial/biographical"":0,""contemporary rivalry"":0,""historical comparison"":1,""institutional precedent"":0,""legacy/inheritance"":0,""other/unclear"":0,""policy inheritance"":0}","{""mixed"":0,""negative"":0,""neutral"":1,""positive"":0,""unclear"":0}",2016-05-15,2016-05-15,1,AI-classified; not human-validated
invocation_edge_696ea5c9ae122fd81fdef82d41479f7c765c503e0e1895865b78460d1c4f453b,actual_speaker_invokes_former_president,ronald-reagan,Ronald Reagan,james-madison,James Madison,1,1,1,"{""ceremonial/biographical"":0,""contemporary rivalry"":0,""historical comparison"":0,""institutional precedent"":0,""legacy/inheritance"":0,""other/unclear"":1,""policy inheritance"":0}","{""mixed"":0,""negative"":0,""neutral"":1,""positive"":0,""unclear"":0}",1987-01-27,1987-01-27,1,AI-classified; not human-validated
invocation_edge_798e6471fcecc9980a1c8fb116f6c9f1330348c5284d47155fca204370c0493b,actual_speaker_invokes_former_president,lyndon-b-johnson,Lyndon B. Johnson,james-madison,James Madison,1,1,1,"{""ceremonial/biographical"":0,""contemporary rivalry"":0,""historical comparison"":0,""institutional precedent"":1,""legacy/inheritance"":0,""other/unclear"":0,""policy inheritance"":0}","{""mixed"":0,""negative"":0,""neutral"":1,""positive"":0,""unclear"":0}",1967-11-17,1967-11-17,1,AI-classified; not human-validated
invocation_edge_7f202c81aa628893bd0610d1d7231b2f21b404da8463abbf35ec4aebf1256ec8,actual_speaker_invokes_former_president,donald-trump,Donald Trump,james-madison,James Madison,1,1,1,"{""ceremonial/biographical"":0,""contemporary rivalry"":0,""historical comparison"":0,""institutional precedent"":0,""legacy/inheritance"":0,""other/unclear"":1,""policy inheritance"":0}","{""mixed"":0,""negative"":0,""neutral"":1,""positive"":0,""unclear"":0}",2020-07-04,2020-07-04,1,AI-classified; not human-validated
invocation_edge_9008e26bdea1285379ca4503de82107c1f00192c63af114f7ab6cb7737c6273d,actual_speaker_invokes_former_president,andrew-johnson,Andrew Johnson,james-madison,James Madison,1,1,1,"{""ceremonial/biographical"":0,""contemporary rivalry"":0,""historical comparison"":0,""institutional precedent"":0,""legacy/inheritance"":0,""other/unclear"":1,""policy inheritance"":0}","{""mixed"":0,""negative"":0,""neutral"":0,""positive"":1,""unclear"":0}",1867-12-12,1867-12-12,1,AI-classified; not human-validated
invocation_edge_a9d791f89ac4f0cc5a52a0aea8a0a93f77e6a91b8cad6e4bd38311cd19d686e5,actual_speaker_invokes_former_president,abraham-lincoln,Abraham Lincoln,james-madison,James Madison,1,1,1,"{""ceremonial/biographical"":0,""contemporary rivalry"":0,""historical comparison"":0,""institutional precedent"":0,""legacy/inheritance"":0,""other/unclear"":1,""policy inheritance"":0}","{""mixed"":0,""negative"":0,""neutral"":1,""positive"":0,""unclear"":0}",1860-02-27,1860-02-27,1,AI-classified; not human-validated
invocation_edge_ade9b280cc90bfa8392f5af5ecaf48fff097f3ca1891499d0718793179122b52,actual_speaker_invokes_former_president,william-harrison,William Harrison,james-madison,James Madison,1,1,1,"{""ceremonial/biographical"":0,""contemporary rivalry"":0,""historical comparison"":0,""institutional precedent"":1,""legacy/inheritance"":0,""other/unclear"":0,""policy inheritance"":0}","{""mixed"":0,""negative"":0,""neutral"":0,""positive"":1,""unclear"":0}",1841-03-04,1841-03-04,1,AI-classified; not human-validated
invocation_edge_e7dbfd2f176040dc4b773f77587cb7ab34c64ec2e5955d291f3ced4966d74874,actual_speaker_invokes_former_president,ulysses-s-grant,Ulysses S. Grant,james-madison,James Madison,1,1,1,"{""ceremonial/biographical"":0,""contemporary rivalry"":0,""historical comparison"":0,""institutional precedent"":0,""legacy/inheritance"":0,""other/unclear"":1,""policy inheritance"":0}","{""mixed"":0,""negative"":0,""neutral"":1,""positive"":0,""unclear"":0}",1876-05-04,1876-05-04,1,AI-classified; not human-validated
invocation_edge_3c100db732374748b316c9bcc3823886347ef85ab6c22c60e9ac87b3b26327f6,actual_speaker_invokes_former_president,franklin-d-roosevelt,Franklin D. Roosevelt,james-monroe,James Monroe,1,1,1,"{""ceremonial/biographical"":0,""contemporary rivalry"":0,""historical comparison"":0,""institutional precedent"":0,""legacy/inheritance"":0,""other/unclear"":1,""policy inheritance"":0}","{""mixed"":0,""negative"":0,""neutral"":1,""positive"":0,""unclear"":0}",1940-12-29,1940-12-29,1,AI-classified; not human-validated
invocation_edge_52f7357314442f4fb73f54f9b291b249f1f60d98d54f61f51cecbcdf658fa198,actual_speaker_invokes_former_president,martin-van-buren,Martin Van Buren,james-monroe,James Monroe,1,1,1,"{""ceremonial/biographical"":0,""contemporary rivalry"":0,""historical comparison"":0,""institutional precedent"":0,""legacy/inheritance"":0,""other/unclear"":1,""policy inheritance"":0}","{""mixed"":0,""negative"":0,""neutral"":1,""positive"":0,""unclear"":0}",1838-12-03,1838-12-03,1,AI-classified; not human-validated
invocation_edge_5c0988772f12096ff8a68c3906534a26fcd57582bdfba83cda64973abfbd4155,actual_speaker_invokes_former_president,john-tyler,John Tyler,james-monroe,James Monroe,1,1,1,"{""ceremonial/biographical"":0,""contemporary rivalry"":0,""historical comparison"":0,""institutional precedent"":0,""legacy/inheritance"":0,""other/unclear"":1,""policy inheritance"":0}","{""mixed"":0,""negative"":0,""neutral"":0,""positive"":1,""unclear"":0}",1841-06-01,1841-06-01,1,AI-classified; not human-validated
invocation_edge_7568ec95291bfea6ad1ba5cc6cdfc7e320c13d13fa434570a7f44f1296aa99ff,actual_speaker_invokes_former_president,franklin-pierce,Franklin Pierce,james-monroe,James Monroe,1,1,1,"{""ceremonial/biographical"":0,""contemporary rivalry"":0,""historical comparison"":0,""institutional precedent"":1,""legacy/inheritance"":0,""other/unclear"":0,""policy inheritance"":0}","{""mixed"":0,""negative"":0,""neutral"":1,""positive"":0,""unclear"":0}",1854-12-30,1854-12-30,1,AI-classified; not human-validated
invocation_edge_8cfee705daaf20212f97a016711b788528c8a3c9a8e585093884e925ebe3c615,actual_speaker_invokes_former_president,millard-fillmore,Millard Fillmore,james-monroe,James Monroe,1,1,1,"{""ceremonial/biographical"":0,""contemporary rivalry"":0,""historical comparison"":0,""institutional precedent"":0,""legacy/inheritance"":0,""other/unclear"":1,""policy inheritance"":0}","{""mixed"":0,""negative"":0,""neutral"":1,""positive"":0,""unclear"":0}",1852-12-06,1852-12-06,1,AI-classified; not human-validated
invocation_edge_c5d1bfd81fb5e7c3efc722a4d3b18c6763b85b9736119ec8ca19b1e609b6da2d,actual_speaker_invokes_former_president,william-mckinley,William McKinley,james-monroe,James Monroe,1,1,1,"{""ceremonial/biographical"":0,""contemporary rivalry"":0,""historical comparison"":0,""institutional precedent"":0,""legacy/inheritance"":0,""other/unclear"":1,""policy inheritance"":0}","{""mixed"":0,""negative"":0,""neutral"":0,""positive"":1,""unclear"":0}",1900-07-12,1900-07-12,1,AI-classified; not human-validated
invocation_edge_c67098d848821f90d1bcc178ec75a94bfc20c0f2dac243c1c56bd64e4bfe9e59,actual_speaker_invokes_former_president,joe-biden,Joe Biden,james-monroe,James Monroe,1,1,1,"{""ceremonial/biographical"":0,""contemporary rivalry"":0,""historical comparison"":0,""institutional precedent"":0,""legacy/inheritance"":0,""other/unclear"":1,""policy inheritance"":0}","{""mixed"":0,""negative"":0,""neutral"":1,""positive"":0,""unclear"":0}",2021-06-01,2021-06-01,1,AI-classified; not human-validated
invocation_edge_eb7ac40de03204305af8d990f8f5d5fe142830bcbe9149844132bfb1eaa5731d,actual_speaker_invokes_former_president,ronald-reagan,Ronald Reagan,james-monroe,James Monroe,1,1,1,"{""ceremonial/biographical"":0,""contemporary rivalry"":0,""historical comparison"":0,""institutional precedent"":0,""legacy/inheritance"":0,""other/unclear"":0,""policy inheritance"":1}","{""mixed"":0,""negative"":0,""neutral"":1,""positive"":0,""unclear"":0}",1987-01-27,1987-01-27,1,AI-classified; not human-validated
invocation_edge_fb86d6d1bcf515c20578ddd0da95f91f4d1cc1d63a489c97f261863c94e32619,actual_speaker_invokes_former_president,herbert-hoover,Herbert Hoover,james-monroe,James Monroe,1,1,1,"{""ceremonial/biographical"":0,""contemporary rivalry"":0,""historical comparison"":0,""institutional precedent"":0,""legacy/inheritance"":0,""other/unclear"":1,""policy inheritance"":0}","{""mixed"":0,""negative"":0,""neutral"":1,""positive"":0,""unclear"":0}",1929-09-18,1929-09-18,1,AI-classified; not human-validated
invocation_edge_bfd1ab6cb9a4dc705af3a0ab66faa7df8376381b8e475e5be6b222eca8742ad1,actual_speaker_invokes_former_president,ronald-reagan,Ronald Reagan,john-quincy-adams,John Quincy Adams,1,1,1,"{""ceremonial/biographical"":0,""contemporary rivalry"":0,""historical comparison"":0,""institutional precedent"":0,""legacy/inheritance"":0,""other/unclear"":1,""policy inheritance"":0}","{""mixed"":0,""negative"":0,""neutral"":1,""positive"":0,""unclear"":0}",1986-10-13,1986-10-13,1,AI-classified; not human-validated
invocation_edge_c23cfd24486a89131b09e710666aec15cf0f6e1176f9308426f371b937c0c257,actual_speaker_invokes_former_president,james-k-polk,James K. Polk,john-quincy-adams,John Quincy Adams,1,1,1,"{""ceremonial/biographical"":0,""contemporary rivalry"":0,""historical comparison"":0,""institutional precedent"":0,""legacy/inheritance"":0,""other/unclear"":1,""policy inheritance"":0}","{""mixed"":0,""negative"":0,""neutral"":1,""positive"":0,""unclear"":0}",1845-12-02,1845-12-02,1,AI-classified; not human-validated
invocation_edge_f8f3724ef78269e93e2e97150b6adff2df982fbb05916fd7a63a90ab7335aad2,actual_speaker_invokes_former_president,andrew-jackson,Andrew Jackson,john-quincy-adams,John Quincy Adams,1,1,1,"{""ceremonial/biographical"":0,""contemporary rivalry"":0,""historical comparison"":0,""institutional precedent"":0,""legacy/inheritance"":0,""other/unclear"":1,""policy inheritance"":0}","{""mixed"":0,""negative"":0,""neutral"":1,""positive"":0,""unclear"":0}",1835-12-07,1835-12-07,1,AI-classified; not human-validated
invocation_edge_5ffd487f8553623aa38297cd4aab0b173c8cf3b29c0768e5953d7d3342302dbe,actual_speaker_invokes_former_president,grover-cleveland,Grover Cleveland,andrew-jackson,Andrew Jackson,1,1,1,"{""ceremonial/biographical"":0,""contemporary rivalry"":0,""historical comparison"":0,""institutional precedent"":0,""legacy/inheritance"":0,""other/unclear"":1,""policy inheritance"":0}","{""mixed"":0,""negative"":0,""neutral"":1,""positive"":0,""unclear"":0}",1893-12-18,1893-12-18,1,AI-classified; not human-validated
invocation_edge_884df273c0f37b4f08fcc91f4f2d0fc22fd893711e0bb148933456a1d120ff67,actual_speaker_invokes_former_president,zachary-taylor,Zachary Taylor,andrew-jackson,Andrew Jackson,1,1,1,"{""ceremonial/biographical"":0,""contemporary rivalry"":0,""historical comparison"":0,""institutional precedent"":0,""legacy/inheritance"":0,""other/unclear"":0,""policy inheritance"":1}","{""mixed"":0,""negative"":0,""neutral"":0,""positive"":1,""unclear"":0}",1850-04-22,1850-04-22,1,AI-classified; not human-validated
invocation_edge_a30f7d2ceb7edaaa4aced2a2be393fc5685a9e49a1d4c449915db70ddbac3eab,actual_speaker_invokes_former_president,ulysses-s-grant,Ulysses S. Grant,andrew-jackson,Andrew Jackson,1,1,1,"{""ceremonial/biographical"":0,""contemporary rivalry"":0,""historical comparison"":0,""institutional precedent"":0,""legacy/inheritance"":0,""other/unclear"":1,""policy inheritance"":0}","{""mixed"":0,""negative"":0,""neutral"":1,""positive"":0,""unclear"":0}",1876-05-04,1876-05-04,1,AI-classified; not human-validated
invocation_edge_a3bdc4f3156bd4ecbf0a021c0d42ef2a67d5bacd80cff563d53a4d3ac6b97ede,actual_speaker_invokes_former_president,rutherford-b-hayes,Rutherford B. Hayes,andrew-jackson,Andrew Jackson,1,1,1,"{""ceremonial/biographical"":0,""contemporary rivalry"":0,""historical comparison"":0,""institutional precedent"":0,""legacy/inheritance"":0,""other/unclear"":1,""policy inheritance"":0}","{""mixed"":0,""negative"":0,""neutral"":1,""positive"":0,""unclear"":0}",1879-05-12,1879-05-12,1,AI-classified; not human-validated
invocation_edge_e9317e3fdcc55858db8ddf3b1a11382ccd6cff0dce42391799479cf2273ea610,actual_speaker_invokes_former_president,harry-s-truman,Harry S. Truman,andrew-jackson,Andrew Jackson,1,1,1,"{""ceremonial/biographical"":0,""contemporary rivalry"":0,""historical comparison"":0,""institutional precedent"":0,""legacy/inheritance"":0,""other/unclear"":1,""policy inheritance"":0}","{""mixed"":0,""negative"":0,""neutral"":0,""positive"":1,""unclear"":0}",1948-11-03,1948-11-03,1,AI-classified; not human-validated
invocation_edge_f5fcfd67f869371f4ae6945d226fbe94d9a9c786905f02dae8a61b866b6b34b5,actual_speaker_invokes_former_president,james-k-polk,James K. Polk,andrew-jackson,Andrew Jackson,1,1,1,"{""ceremonial/biographical"":0,""contemporary rivalry"":0,""historical comparison"":0,""institutional precedent"":0,""legacy/inheritance"":0,""other/unclear"":1,""policy inheritance"":0}","{""mixed"":0,""negative"":0,""neutral"":1,""positive"":0,""unclear"":0}",1845-12-02,1845-12-02,1,AI-classified; not human-validated
invocation_edge_52782de5f92a25fea8065b5bc5f2e6636de791727f5e03d12087c3e196cdbb9e,actual_speaker_invokes_former_president,abraham-lincoln,Abraham Lincoln,martin-van-buren,Martin Van Buren,1,1,1,"{""ceremonial/biographical"":0,""contemporary rivalry"":0,""historical comparison"":0,""institutional precedent"":0,""legacy/inheritance"":0,""other/unclear"":1,""policy inheritance"":0}","{""mixed"":0,""negative"":0,""neutral"":1,""positive"":0,""unclear"":0}",1852-07-06,1852-07-06,1,AI-classified; not human-validated
invocation_edge_e003e14f989b13635783cab2d373053726d497071f0a39bc9ccccde5382a7b01,actual_speaker_invokes_former_president,william-mckinley,William McKinley,martin-van-buren,Martin Van Buren,1,1,1,"{""ceremonial/biographical"":0,""contemporary rivalry"":0,""historical comparison"":0,""institutional precedent"":0,""legacy/inheritance"":0,""other/unclear"":1,""policy inheritance"":0}","{""mixed"":0,""negative"":0,""neutral"":1,""positive"":0,""unclear"":0}",1898-04-11,1898-04-11,1,AI-classified; not human-validated
invocation_edge_29dca0db757f683b00e081e4e2f317c9ea09f1f9eb1cd89b184f1b61d875fa4c,actual_speaker_invokes_former_president,john-tyler,John Tyler,william-harrison,William Harrison,1,1,1,"{""ceremonial/biographical"":1,""contemporary rivalry"":0,""historical comparison"":0,""institutional precedent"":0,""legacy/inheritance"":0,""other/unclear"":0,""policy inheritance"":0}","{""mixed"":0,""negative"":0,""neutral"":1,""positive"":0,""unclear"":0}",1841-04-09,1841-04-09,1,AI-classified; not human-validated
invocation_edge_261dabb8c3c34875383fad74768eccf1a149c280557daa9fbdde47c2a55b6a3d,actual_speaker_invokes_former_president,ulysses-s-grant,Ulysses S. Grant,john-tyler,John Tyler,1,1,1,"{""ceremonial/biographical"":0,""contemporary rivalry"":0,""historical comparison"":0,""institutional precedent"":0,""legacy/inheritance"":0,""other/unclear"":0,""policy inheritance"":1}","{""mixed"":0,""negative"":0,""neutral"":1,""positive"":0,""unclear"":0}",1876-05-04,1876-05-04,1,AI-classified; not human-validated
invocation_edge_36cfb2651c8f128cfe9b58c7ce20a1704d1a73c224f46ce2add09e1db89f953c,actual_speaker_invokes_former_president,zachary-taylor,Zachary Taylor,james-k-polk,James K. Polk,1,1,1,"{""ceremonial/biographical"":0,""contemporary rivalry"":0,""historical comparison"":0,""institutional precedent"":0,""legacy/inheritance"":0,""other/unclear"":0,""policy inheritance"":1}","{""mixed"":0,""negative"":0,""neutral"":0,""positive"":1,""unclear"":0}",1850-04-22,1850-04-22,1,AI-classified; not human-validated
invocation_edge_a6534d95ffde37a1e7feffddb3b0bbd3e494bbd704ca53979394e5547502200c,actual_speaker_invokes_former_president,ulysses-s-grant,Ulysses S. Grant,james-k-polk,James K. Polk,1,1,1,"{""ceremonial/biographical"":0,""contemporary rivalry"":0,""historical comparison"":0,""institutional precedent"":0,""legacy/inheritance"":0,""other/unclear"":1,""policy inheritance"":0}","{""mixed"":0,""negative"":0,""neutral"":1,""positive"":0,""unclear"":0}",1876-05-04,1876-05-04,1,AI-classified; not human-validated
invocation_edge_c56c42e2e0647d89d0132df2fe662861a3cff5c0938161096241b0f961ad6e2a,actual_speaker_invokes_former_president,franklin-pierce,Franklin Pierce,james-k-polk,James K. Polk,1,1,1,"{""ceremonial/biographical"":0,""contemporary rivalry"":0,""historical comparison"":0,""institutional precedent"":1,""legacy/inheritance"":0,""other/unclear"":0,""policy inheritance"":0}","{""mixed"":0,""negative"":0,""neutral"":1,""positive"":0,""unclear"":0}",1854-12-30,1854-12-30,1,AI-classified; not human-validated
invocation_edge_cd0800f0dd49fd44c8924edbc02233271c9cd2c29bd4063c5eb04cbb4ee9a150,actual_speaker_invokes_former_president,abraham-lincoln,Abraham Lincoln,james-k-polk,James K. Polk,1,1,1,"{""ceremonial/biographical"":0,""contemporary rivalry"":0,""historical comparison"":0,""institutional precedent"":0,""legacy/inheritance"":0,""other/unclear"":0,""policy inheritance"":1}","{""mixed"":0,""negative"":0,""neutral"":1,""positive"":0,""unclear"":0}",1854-10-16,1854-10-16,1,AI-classified; not human-validated
invocation_edge_3bf16188a43abd674ebc8f6771172b2e5fb4c1ddd68eb4bde5850323663735af,actual_speaker_invokes_former_president,ulysses-s-grant,Ulysses S. Grant,zachary-taylor,Zachary Taylor,1,1,1,"{""ceremonial/biographical"":0,""contemporary rivalry"":0,""historical comparison"":0,""institutional precedent"":0,""legacy/inheritance"":0,""other/unclear"":1,""policy inheritance"":0}","{""mixed"":0,""negative"":0,""neutral"":1,""positive"":0,""unclear"":0}",1876-05-04,1876-05-04,1,AI-classified; not human-validated
invocation_edge_e8c0cfbf92f5d9bc490eb59b42bd37a4c5afbd36b85002bc183253e096d184a0,actual_speaker_invokes_former_president,ulysses-s-grant,Ulysses S. Grant,millard-fillmore,Millard Fillmore,1,1,1,"{""ceremonial/biographical"":0,""contemporary rivalry"":0,""historical comparison"":0,""institutional precedent"":0,""legacy/inheritance"":0,""other/unclear"":1,""policy inheritance"":0}","{""mixed"":0,""negative"":0,""neutral"":1,""positive"":0,""unclear"":0}",1876-05-04,1876-05-04,1,AI-classified; not human-validated
invocation_edge_ff603757a536f4cee70129e1a68a9f31a9cae41d705f3f0716f714e19bc84087,actual_speaker_invokes_former_president,john-f-kennedy,John F. Kennedy,millard-fillmore,Millard Fillmore,1,1,1,"{""ceremonial/biographical"":0,""contemporary rivalry"":0,""historical comparison"":0,""institutional precedent"":0,""legacy/inheritance"":0,""other/unclear"":1,""policy inheritance"":0}","{""mixed"":0,""negative"":0,""neutral"":1,""positive"":0,""unclear"":0}",1960-07-15,1960-07-15,1,AI-classified; not human-validated
invocation_edge_648f7cf7492217a50d6d457e9116b57d38c34a43cb357f1a9ceb768cd48eb262,actual_speaker_invokes_former_president,ulysses-s-grant,Ulysses S. Grant,franklin-pierce,Franklin Pierce,1,1,1,"{""ceremonial/biographical"":0,""contemporary rivalry"":0,""historical comparison"":0,""institutional precedent"":0,""legacy/inheritance"":0,""other/unclear"":1,""policy inheritance"":0}","{""mixed"":0,""negative"":0,""neutral"":1,""positive"":0,""unclear"":0}",1876-05-04,1876-05-04,1,AI-classified; not human-validated
invocation_edge_71e49d5aa39caaa5484c0e4a372381d26f5509f69513f5cc0e81944ebdb01ffe,actual_speaker_invokes_former_president,andrew-johnson,Andrew Johnson,james-buchanan,James Buchanan,1,1,1,"{""ceremonial/biographical"":0,""contemporary rivalry"":0,""historical comparison"":0,""institutional precedent"":1,""legacy/inheritance"":0,""other/unclear"":0,""policy inheritance"":0}","{""mixed"":0,""negative"":0,""neutral"":1,""positive"":0,""unclear"":0}",1867-12-12,1867-12-12,1,AI-classified; not human-validated
invocation_edge_bea67a3fe8dfd172febb651fff2d393329d58f8a25235b9034bf42e9a240e8c1,actual_speaker_invokes_former_president,john-f-kennedy,John F. Kennedy,james-buchanan,James Buchanan,1,1,1,"{""ceremonial/biographical"":0,""contemporary rivalry"":0,""historical comparison"":0,""institutional precedent"":0,""legacy/inheritance"":0,""other/unclear"":1,""policy inheritance"":0}","{""mixed"":0,""negative"":0,""neutral"":1,""positive"":0,""unclear"":0}",1960-07-15,1960-07-15,1,AI-classified; not human-validated
invocation_edge_f0fc5179cc2669d9b069e6e74e4750a0b1e9e38ee5327cef008a8937f388fdfc,actual_speaker_invokes_former_president,ulysses-s-grant,Ulysses S. Grant,james-buchanan,James Buchanan,1,1,1,"{""ceremonial/biographical"":0,""contemporary rivalry"":0,""historical comparison"":0,""institutional precedent"":0,""legacy/inheritance"":0,""other/unclear"":1,""policy inheritance"":0}","{""mixed"":0,""negative"":0,""neutral"":1,""positive"":0,""unclear"":0}",1876-05-04,1876-05-04,1,AI-classified; not human-validated
invocation_edge_6b8f579b5c1e3ae544b61e6ec902a3977d57d8c4e3dd4b019a9ad5db2ce8b295,actual_speaker_invokes_former_president,william-taft,William Taft,abraham-lincoln,Abraham Lincoln,1,1,1,"{""ceremonial/biographical"":0,""contemporary rivalry"":0,""historical comparison"":0,""institutional precedent"":0,""legacy/inheritance"":0,""other/unclear"":1,""policy inheritance"":0}","{""mixed"":0,""negative"":0,""neutral"":1,""positive"":0,""unclear"":0}",1910-12-06,1910-12-06,1,AI-classified; not human-validated
invocation_edge_b92ff48926e1fd573a7d304f6a7de52fd0b35166a9bf223eea7cf8effc6de239,actual_speaker_invokes_former_president,calvin-coolidge,Calvin Coolidge,abraham-lincoln,Abraham Lincoln,1,1,1,"{""ceremonial/biographical"":0,""contemporary rivalry"":0,""historical comparison"":0,""institutional precedent"":0,""legacy/inheritance"":0,""other/unclear"":1,""policy inheritance"":0}","{""mixed"":0,""negative"":0,""neutral"":1,""positive"":0,""unclear"":0}",1927-08-10,1927-08-10,1,AI-classified; not human-validated
invocation_edge_a7ae618a8c26d4ba94f0a640738b06280ccb397b9a90329f3bca29fe260a4161,actual_speaker_invokes_former_president,john-f-kennedy,John F. Kennedy,andrew-johnson,Andrew Johnson,1,1,1,"{""ceremonial/biographical"":0,""contemporary rivalry"":0,""historical comparison"":0,""institutional precedent"":0,""legacy/inheritance"":0,""other/unclear"":1,""policy inheritance"":0}","{""mixed"":0,""negative"":0,""neutral"":1,""positive"":0,""unclear"":0}",1961-01-20,1961-01-20,1,AI-classified; not human-validated
invocation_edge_2b9acdb16acb1da5e06e506af146101939c300edfa3b2c2254c5742e26400223,actual_speaker_invokes_former_president,george-w-bush,George W. Bush,ulysses-s-grant,Ulysses S. Grant,1,1,1,"{""ceremonial/biographical"":0,""contemporary rivalry"":0,""historical comparison"":0,""institutional precedent"":0,""legacy/inheritance"":0,""other/unclear"":1,""policy inheritance"":0}","{""mixed"":0,""negative"":0,""neutral"":1,""positive"":0,""unclear"":0}",2002-06-01,2002-06-01,1,AI-classified; not human-validated
invocation_edge_95826052262d72f10c7e092d6ba7e74ca871a576a2b3471925cce16021cae167,actual_speaker_invokes_former_president,rutherford-b-hayes,Rutherford B. Hayes,ulysses-s-grant,Ulysses S. Grant,1,1,1,"{""ceremonial/biographical"":0,""contemporary rivalry"":0,""historical comparison"":0,""institutional precedent"":0,""legacy/inheritance"":1,""other/unclear"":0,""policy inheritance"":0}","{""mixed"":0,""negative"":0,""neutral"":1,""positive"":0,""unclear"":0}",1877-03-05,1877-03-05,1,AI-classified; not human-validated
invocation_edge_c5b508f0fe4cf1e327d0cbda673bf47b4ed5b8075f06332a1d60b20c46639923,actual_speaker_invokes_former_president,william-taft,William Taft,ulysses-s-grant,Ulysses S. Grant,1,1,1,"{""ceremonial/biographical"":0,""contemporary rivalry"":0,""historical comparison"":0,""institutional precedent"":0,""legacy/inheritance"":0,""other/unclear"":0,""policy inheritance"":1}","{""mixed"":0,""negative"":0,""neutral"":1,""positive"":0,""unclear"":0}",1910-12-06,1910-12-06,1,AI-classified; not human-validated
invocation_edge_edb90b498233c412ec31c592e12c11f8c267277b6c120fdc6374b5a3e05f1fa7,actual_speaker_invokes_former_president,donald-trump,Donald Trump,ulysses-s-grant,Ulysses S. Grant,1,1,1,"{""ceremonial/biographical"":0,""contemporary rivalry"":0,""historical comparison"":0,""institutional precedent"":0,""legacy/inheritance"":0,""other/unclear"":1,""policy inheritance"":0}","{""mixed"":0,""negative"":0,""neutral"":0,""positive"":1,""unclear"":0}",2020-06-13,2020-06-13,1,AI-classified; not human-validated
invocation_edge_ee89fcce30a24f541fb84a760b02a940181fcdb818562bf8a9911cb1115801bc,actual_speaker_invokes_former_president,franklin-d-roosevelt,Franklin D. Roosevelt,ulysses-s-grant,Ulysses S. Grant,1,1,1,"{""ceremonial/biographical"":0,""contemporary rivalry"":0,""historical comparison"":0,""institutional precedent"":1,""legacy/inheritance"":0,""other/unclear"":0,""policy inheritance"":0}","{""mixed"":0,""negative"":0,""neutral"":1,""positive"":0,""unclear"":0}",1937-03-09,1937-03-09,1,AI-classified; not human-validated
invocation_edge_f44d7644f350814e05062b656d2642a34d63a219a3ee291ba2881fba13cd5cae,actual_speaker_invokes_former_president,chester-a-arthur,Chester A. Arthur,ulysses-s-grant,Ulysses S. Grant,1,1,1,"{""ceremonial/biographical"":0,""contemporary rivalry"":0,""historical comparison"":0,""institutional precedent"":0,""legacy/inheritance"":0,""other/unclear"":1,""policy inheritance"":0}","{""mixed"":0,""negative"":0,""neutral"":1,""positive"":0,""unclear"":0}",1884-12-01,1884-12-01,1,AI-classified; not human-validated
invocation_edge_a80bf6bf36622750c104a0a1bb0602207e899ff53d434a030319b8e31f2b356e,actual_speaker_invokes_former_president,chester-a-arthur,Chester A. Arthur,rutherford-b-hayes,Rutherford B. Hayes,1,1,1,"{""ceremonial/biographical"":0,""contemporary rivalry"":0,""historical comparison"":0,""institutional precedent"":0,""legacy/inheritance"":0,""other/unclear"":0,""policy inheritance"":1}","{""mixed"":0,""negative"":0,""neutral"":1,""positive"":0,""unclear"":0}",1882-04-04,1882-04-04,1,AI-classified; not human-validated
invocation_edge_415f89a6d92834942e99d56c0503e536d36d8709ac4400a79fca1b91ee852ad2,actual_speaker_invokes_former_president,lyndon-b-johnson,Lyndon B. Johnson,chester-a-arthur,Chester A. Arthur,1,1,1,"{""ceremonial/biographical"":0,""contemporary rivalry"":0,""historical comparison"":0,""institutional precedent"":0,""legacy/inheritance"":0,""other/unclear"":1,""policy inheritance"":0}","{""mixed"":0,""negative"":0,""neutral"":1,""positive"":0,""unclear"":0}",1964-03-07,1964-03-07,1,AI-classified; not human-validated
invocation_edge_5c9a2407c486b23ed75df8eb87e7a9eb1c6e7bc313390aa642a9985d3bd9cad6,actual_speaker_invokes_former_president,benjamin-harrison,Benjamin Harrison,chester-a-arthur,Chester A. Arthur,1,1,1,"{""ceremonial/biographical"":0,""contemporary rivalry"":0,""historical comparison"":0,""institutional precedent"":0,""legacy/inheritance"":0,""other/unclear"":0,""policy inheritance"":1}","{""mixed"":0,""negative"":0,""neutral"":1,""positive"":0,""unclear"":0}",1891-01-31,1891-01-31,1,AI-classified; not human-validated
invocation_edge_bd8ead16826850d5f82b36c6e343f9ce6951de8857c95c6a0be60529bff543fc,actual_speaker_invokes_former_president,william-taft,William Taft,chester-a-arthur,Chester A. Arthur,1,1,1,"{""ceremonial/biographical"":0,""contemporary rivalry"":0,""historical comparison"":0,""institutional precedent"":0,""legacy/inheritance"":0,""other/unclear"":1,""policy inheritance"":0}","{""mixed"":0,""negative"":0,""neutral"":1,""positive"":0,""unclear"":0}",1910-12-06,1910-12-06,1,AI-classified; not human-validated
invocation_edge_2722177a96b2ed31a06513d2651d2ca0adb6cabf7046c737eecc35024f2f7c31,actual_speaker_invokes_former_president,theodore-roosevelt,Theodore Roosevelt,grover-cleveland,Grover Cleveland,1,1,1,"{""ceremonial/biographical"":0,""contemporary rivalry"":0,""historical comparison"":0,""institutional precedent"":1,""legacy/inheritance"":0,""other/unclear"":0,""policy inheritance"":0}","{""mixed"":0,""negative"":0,""neutral"":1,""positive"":0,""unclear"":0}",1907-12-03,1907-12-03,1,AI-classified; not human-validated
invocation_edge_4ee9739c9d9ffbf82865685815e9adbc3c2c375aceed3102e968c29ff9c79106,actual_speaker_invokes_former_president,william-taft,William Taft,grover-cleveland,Grover Cleveland,1,1,1,"{""ceremonial/biographical"":0,""contemporary rivalry"":0,""historical comparison"":0,""institutional precedent"":0,""legacy/inheritance"":0,""other/unclear"":1,""policy inheritance"":0}","{""mixed"":0,""negative"":0,""neutral"":1,""positive"":0,""unclear"":0}",1912-12-03,1912-12-03,1,AI-classified; not human-validated
invocation_edge_fe90f9eac51a8735a7f9dd37147234a86587c5a66b8692a88e5457f9bbec1164,actual_speaker_invokes_former_president,theodore-roosevelt,Theodore Roosevelt,benjamin-harrison,Benjamin Harrison,1,1,1,"{""ceremonial/biographical"":0,""contemporary rivalry"":0,""historical comparison"":0,""institutional precedent"":0,""legacy/inheritance"":0,""other/unclear"":1,""policy inheritance"":0}","{""mixed"":0,""negative"":0,""neutral"":1,""positive"":0,""unclear"":0}",1906-12-19,1906-12-19,1,AI-classified; not human-validated
invocation_edge_3400bfc9238789b911af0caee981790629144aa56d87ef847f5e6f7c4bfae13d,actual_speaker_invokes_former_president,dwight-d-eisenhower,Dwight D. Eisenhower,william-mckinley,William McKinley,1,1,1,"{""ceremonial/biographical"":0,""contemporary rivalry"":0,""historical comparison"":0,""institutional precedent"":0,""legacy/inheritance"":0,""other/unclear"":1,""policy inheritance"":0}","{""mixed"":0,""negative"":0,""neutral"":1,""positive"":0,""unclear"":0}",1958-01-09,1958-01-09,1,AI-classified; not human-validated
invocation_edge_0cb9207dff312ef7325ed0058507972a3e2c457ee883d1a03f9becf01f326c1b,actual_speaker_invokes_former_president,calvin-coolidge,Calvin Coolidge,theodore-roosevelt,Theodore Roosevelt,1,1,1,"{""ceremonial/biographical"":0,""contemporary rivalry"":0,""historical comparison"":0,""institutional precedent"":0,""legacy/inheritance"":0,""other/unclear"":1,""policy inheritance"":0}","{""mixed"":0,""negative"":0,""neutral"":1,""positive"":0,""unclear"":0}",1927-08-10,1927-08-10,1,AI-classified; not human-validated
invocation_edge_53593b93878a793a540c8a23631032e551ade56454687a012bf328682a943dca,actual_speaker_invokes_former_president,george-h-w-bush,George H. W. Bush,theodore-roosevelt,Theodore Roosevelt,1,1,1,"{""ceremonial/biographical"":0,""contemporary rivalry"":0,""historical comparison"":0,""institutional precedent"":0,""legacy/inheritance"":0,""other/unclear"":1,""policy inheritance"":0}","{""mixed"":0,""negative"":0,""neutral"":1,""positive"":0,""unclear"":0}",1988-08-18,1988-08-18,1,AI-classified; not human-validated
invocation_edge_5e6d0108063ab115339b1f7494341b8708bad59b09ab967482650d319f802ec5,actual_speaker_invokes_former_president,dwight-d-eisenhower,Dwight D. Eisenhower,theodore-roosevelt,Theodore Roosevelt,1,1,1,"{""ceremonial/biographical"":0,""contemporary rivalry"":0,""historical comparison"":0,""institutional precedent"":0,""legacy/inheritance"":0,""other/unclear"":1,""policy inheritance"":0}","{""mixed"":0,""negative"":0,""neutral"":1,""positive"":0,""unclear"":0}",1953-02-02,1953-02-02,1,AI-classified; not human-validated
invocation_edge_88532110f8f2452cf85455fd25640bba81c9c5b2c72d53c1af293c73f85ab17f,actual_speaker_invokes_former_president,jimmy-carter,Jimmy Carter,theodore-roosevelt,Theodore Roosevelt,1,1,1,"{""ceremonial/biographical"":0,""contemporary rivalry"":0,""historical comparison"":0,""institutional precedent"":0,""legacy/inheritance"":0,""other/unclear"":0,""policy inheritance"":1}","{""mixed"":0,""negative"":0,""neutral"":1,""positive"":0,""unclear"":0}",1976-10-06,1976-10-06,1,AI-classified; not human-validated
invocation_edge_e9b102690d3b549fbd52909f02748069fc962579c0d91a9a65444379e6f4b864,actual_speaker_invokes_former_president,lyndon-b-johnson,Lyndon B. Johnson,theodore-roosevelt,Theodore Roosevelt,1,1,1,"{""ceremonial/biographical"":0,""contemporary rivalry"":0,""historical comparison"":0,""institutional precedent"":0,""legacy/inheritance"":0,""other/unclear"":1,""policy inheritance"":0}","{""mixed"":0,""negative"":0,""neutral"":0,""positive"":1,""unclear"":0}",1966-07-12,1966-07-12,1,AI-classified; not human-validated
invocation_edge_30c40d724dfca840e64cdd7ab40ffcdad33cec29a22646585295e1e5dff5cce1,actual_speaker_invokes_former_president,dwight-d-eisenhower,Dwight D. Eisenhower,william-taft,William Taft,1,1,1,"{""ceremonial/biographical"":0,""contemporary rivalry"":0,""historical comparison"":0,""institutional precedent"":0,""legacy/inheritance"":0,""other/unclear"":0,""policy inheritance"":1}","{""mixed"":0,""negative"":0,""neutral"":1,""positive"":0,""unclear"":0}",1953-02-02,1953-02-02,1,AI-classified; not human-validated
invocation_edge_448ca09b8f568bf3b67341e8fe9a563d4c144639b6d911dc6785b12b5b12997b,actual_speaker_invokes_former_president,franklin-d-roosevelt,Franklin D. Roosevelt,william-taft,William Taft,1,1,1,"{""ceremonial/biographical"":0,""contemporary rivalry"":0,""historical comparison"":0,""institutional precedent"":0,""legacy/inheritance"":0,""other/unclear"":1,""policy inheritance"":0}","{""mixed"":0,""negative"":0,""neutral"":1,""positive"":0,""unclear"":0}",1937-03-09,1937-03-09,1,AI-classified; not human-validated
invocation_edge_e4c3e3cb8c902a4a676350c1bb1d8ba64fdc98f133943a83ea1985306fcb1a48,actual_speaker_invokes_former_president,gerald-ford,Gerald Ford,william-taft,William Taft,1,1,1,"{""ceremonial/biographical"":0,""contemporary rivalry"":0,""historical comparison"":0,""institutional precedent"":0,""legacy/inheritance"":0,""other/unclear"":1,""policy inheritance"":0}","{""mixed"":0,""negative"":0,""neutral"":1,""positive"":0,""unclear"":0}",1976-08-19,1976-08-19,1,AI-classified; not human-validated
invocation_edge_0016586c489dffc3edf0f239327cd3362d70396f7e1c272824c5d60ad04971d9,actual_speaker_invokes_former_president,barack-obama,Barack Obama,woodrow-wilson,Woodrow Wilson,1,1,1,"{""ceremonial/biographical"":0,""contemporary rivalry"":0,""historical comparison"":0,""institutional precedent"":0,""legacy/inheritance"":0,""other/unclear"":0,""policy inheritance"":1}","{""mixed"":0,""negative"":1,""neutral"":0,""positive"":0,""unclear"":0}",2009-12-10,2009-12-10,1,AI-classified; not human-validated
invocation_edge_9343f4e9cd31aca21c52d542029c010fdc7b1a0b58cf49a6fc375df703067251,actual_speaker_invokes_former_president,herbert-hoover,Herbert Hoover,woodrow-wilson,Woodrow Wilson,1,1,1,"{""ceremonial/biographical"":0,""contemporary rivalry"":0,""historical comparison"":0,""institutional precedent"":0,""legacy/inheritance"":0,""other/unclear"":1,""policy inheritance"":0}","{""mixed"":0,""negative"":0,""neutral"":1,""positive"":0,""unclear"":0}",1932-10-28,1932-10-28,1,AI-classified; not human-validated
invocation_edge_fa1efc40e58f600b90f99ed8d22d909b9468762102efa016ad73c0176c70632e,actual_speaker_invokes_former_president,bill-clinton,Bill Clinton,woodrow-wilson,Woodrow Wilson,1,1,1,"{""ceremonial/biographical"":0,""contemporary rivalry"":0,""historical comparison"":0,""institutional precedent"":1,""legacy/inheritance"":0,""other/unclear"":0,""policy inheritance"":0}","{""mixed"":1,""negative"":0,""neutral"":0,""positive"":0,""unclear"":0}",1995-01-24,1995-01-24,1,AI-classified; not human-validated
invocation_edge_14805ec8c3d39103234bdaeea3d972053afa442d9b5de0adcbf34aae7fea8d48,actual_speaker_invokes_former_president,calvin-coolidge,Calvin Coolidge,warren-g-harding,Warren G. Harding,1,1,1,"{""ceremonial/biographical"":0,""contemporary rivalry"":0,""historical comparison"":0,""institutional precedent"":1,""legacy/inheritance"":0,""other/unclear"":0,""policy inheritance"":0}","{""mixed"":0,""negative"":0,""neutral"":1,""positive"":0,""unclear"":0}",1923-12-06,1923-12-06,1,AI-classified; not human-validated
invocation_edge_8ce5b7e31a1a9a32d58f91a6107e1f193c7a428c8dd6a5bc30a24d8fbcc560dd,actual_speaker_invokes_former_president,herbert-hoover,Herbert Hoover,warren-g-harding,Warren G. Harding,1,1,1,"{""ceremonial/biographical"":0,""contemporary rivalry"":0,""historical comparison"":0,""institutional precedent"":0,""legacy/inheritance"":0,""other/unclear"":1,""policy inheritance"":0}","{""mixed"":0,""negative"":0,""neutral"":1,""positive"":0,""unclear"":0}",1932-10-28,1932-10-28,1,AI-classified; not human-validated
invocation_edge_ba75f4b2e07ba31a0185168ff603fba9c6ab33a4d23e048c49353580a4ab6fe3,actual_speaker_invokes_former_president,john-f-kennedy,John F. Kennedy,warren-g-harding,Warren G. Harding,1,1,1,"{""ceremonial/biographical"":0,""contemporary rivalry"":0,""historical comparison"":0,""institutional precedent"":0,""legacy/inheritance"":0,""other/unclear"":1,""policy inheritance"":0}","{""mixed"":0,""negative"":0,""neutral"":1,""positive"":0,""unclear"":0}",1960-07-15,1960-07-15,1,AI-classified; not human-validated
invocation_edge_c122bcb60867075d6b13bb194bb275ea8a069c98cf8ccfe50ce7290d635ab822,actual_speaker_invokes_former_president,franklin-d-roosevelt,Franklin D. Roosevelt,warren-g-harding,Warren G. Harding,1,1,1,"{""ceremonial/biographical"":0,""contemporary rivalry"":0,""historical comparison"":0,""institutional precedent"":0,""legacy/inheritance"":0,""other/unclear"":1,""policy inheritance"":0}","{""mixed"":0,""negative"":0,""neutral"":1,""positive"":0,""unclear"":0}",1937-03-09,1937-03-09,1,AI-classified; not human-validated
invocation_edge_910f5f208a4f40b954b5d622a6cee754d022afee798077395f554a1e7c0bc786,actual_speaker_invokes_former_president,franklin-d-roosevelt,Franklin D. Roosevelt,calvin-coolidge,Calvin Coolidge,1,1,1,"{""ceremonial/biographical"":0,""contemporary rivalry"":0,""historical comparison"":0,""institutional precedent"":0,""legacy/inheritance"":0,""other/unclear"":1,""policy inheritance"":0}","{""mixed"":0,""negative"":0,""neutral"":1,""positive"":0,""unclear"":0}",1937-03-09,1937-03-09,1,AI-classified; not human-validated
invocation_edge_fbf5116f1ab6dea20f342993f378e74000b2314353795bfca0a4863087a832ae,actual_speaker_invokes_former_president,ronald-reagan,Ronald Reagan,calvin-coolidge,Calvin Coolidge,1,1,1,"{""ceremonial/biographical"":0,""contemporary rivalry"":0,""historical comparison"":0,""institutional precedent"":0,""legacy/inheritance"":0,""other/unclear"":1,""policy inheritance"":0}","{""mixed"":0,""negative"":0,""neutral"":1,""positive"":0,""unclear"":0}",1983-02-18,1983-02-18,1,AI-classified; not human-validated
invocation_edge_328492759672f919abb7d7851a7d8674cafda481734b13337f2c98cf74e69fa8,actual_speaker_invokes_former_president,jimmy-carter,Jimmy Carter,herbert-hoover,Herbert Hoover,1,1,1,"{""ceremonial/biographical"":0,""contemporary rivalry"":0,""historical comparison"":0,""institutional precedent"":0,""legacy/inheritance"":0,""other/unclear"":1,""policy inheritance"":0}","{""mixed"":0,""negative"":0,""neutral"":1,""positive"":0,""unclear"":0}",1980-08-14,1980-08-14,1,AI-classified; not human-validated
invocation_edge_413fa96363812709f8be5d45c79732e9cfe2a43f376c8f03b5636692bacc8f45,actual_speaker_invokes_former_president,richard-m-nixon,Richard M. Nixon,franklin-d-roosevelt,Franklin D. Roosevelt,1,1,1,"{""ceremonial/biographical"":0,""contemporary rivalry"":0,""historical comparison"":0,""institutional precedent"":0,""legacy/inheritance"":0,""other/unclear"":1,""policy inheritance"":0}","{""mixed"":0,""negative"":0,""neutral"":1,""positive"":0,""unclear"":0}",1970-04-30,1970-04-30,1,AI-classified; not human-validated
invocation_edge_ecbd8319ab6d08f1602119d1e55bb98eadc539d0e522017a89606459380c1956,actual_speaker_invokes_former_president,joe-biden,Joe Biden,harry-s-truman,Harry S. Truman,1,1,1,"{""ceremonial/biographical"":0,""contemporary rivalry"":0,""historical comparison"":0,""institutional precedent"":0,""legacy/inheritance"":0,""other/unclear"":1,""policy inheritance"":0}","{""mixed"":0,""negative"":0,""neutral"":1,""positive"":0,""unclear"":0}",2022-09-21,2022-09-21,1,AI-classified; not human-validated
invocation_edge_3a3a85473f2c34472c4006fe12c3ed15b5d4400cc0958d47eec75ffd793538ec,actual_speaker_invokes_former_president,george-h-w-bush,George H. W. Bush,john-f-kennedy,John F. Kennedy,1,1,1,"{""ceremonial/biographical"":0,""contemporary rivalry"":0,""historical comparison"":0,""institutional precedent"":0,""legacy/inheritance"":0,""other/unclear"":1,""policy inheritance"":0}","{""mixed"":0,""negative"":0,""neutral"":1,""positive"":0,""unclear"":0}",1988-08-18,1988-08-18,1,AI-classified; not human-validated
invocation_edge_308ad895fa51235cc53776c77e05b69c319c346c896937964bd99cee0fcf23bf,actual_speaker_invokes_former_president,george-w-bush,George W. Bush,lyndon-b-johnson,Lyndon B. Johnson,1,1,1,"{""ceremonial/biographical"":0,""contemporary rivalry"":0,""historical comparison"":0,""institutional precedent"":0,""legacy/inheritance"":0,""other/unclear"":0,""policy inheritance"":1}","{""mixed"":0,""negative"":0,""neutral"":1,""positive"":0,""unclear"":0}",2003-12-08,2003-12-08,1,AI-classified; not human-validated
invocation_edge_240e67607643546de31c892eb1ef0d2a203e915dd55ac1759fa59569b355e563,actual_speaker_invokes_former_president,barack-obama,Barack Obama,richard-m-nixon,Richard M. Nixon,1,1,1,"{""ceremonial/biographical"":0,""contemporary rivalry"":0,""historical comparison"":0,""institutional precedent"":0,""legacy/inheritance"":0,""other/unclear"":1,""policy inheritance"":0}","{""mixed"":0,""negative"":0,""neutral"":1,""positive"":0,""unclear"":0}",2009-12-10,2009-12-10,1,AI-classified; not human-validated
invocation_edge_d4a70a99d006503db075f49ef93eb62a5f9423b854c5c5d9909ca0146d872832,actual_speaker_invokes_former_president,ronald-reagan,Ronald Reagan,richard-m-nixon,Richard M. Nixon,1,1,1,"{""ceremonial/biographical"":0,""contemporary rivalry"":0,""historical comparison"":0,""institutional precedent"":0,""legacy/inheritance"":0,""other/unclear"":1,""policy inheritance"":0}","{""mixed"":0,""negative"":0,""neutral"":1,""positive"":0,""unclear"":0}",1981-11-18,1981-11-18,1,AI-classified; not human-validated
invocation_edge_d3b86547aa1d1b31d76c15b40ff4df3f52f387067c54cbfb4226bcf1a16bf75a,actual_speaker_invokes_former_president,donald-trump,Donald Trump,gerald-ford,Gerald Ford,1,1,1,"{""ceremonial/biographical"":0,""contemporary rivalry"":0,""historical comparison"":0,""institutional precedent"":0,""legacy/inheritance"":0,""other/unclear"":1,""policy inheritance"":0}","{""mixed"":0,""negative"":0,""neutral"":1,""positive"":0,""unclear"":0}",2020-06-20,2020-06-20,1,AI-classified; not human-validated
invocation_edge_3dab5e6b45a2ef92bfcb1df098ca503ef5c12c5dab96a336ab323a6a3dc3357f,actual_speaker_invokes_former_president,joe-biden,Joe Biden,jimmy-carter,Jimmy Carter,1,1,1,"{""ceremonial/biographical"":0,""contemporary rivalry"":0,""historical comparison"":0,""institutional precedent"":0,""legacy/inheritance"":0,""other/unclear"":1,""policy inheritance"":0}","{""mixed"":0,""negative"":0,""neutral"":1,""positive"":0,""unclear"":0}",2021-01-20,2021-01-20,1,AI-classified; not human-validated
invocation_edge_97a50f756314ff08af34c12a15d5c4c4c8d3d78ce1d8d24a66a111fb2a12c8cd,actual_speaker_invokes_former_president,george-w-bush,George W. Bush,jimmy-carter,Jimmy Carter,1,1,1,"{""ceremonial/biographical"":0,""contemporary rivalry"":0,""historical comparison"":0,""institutional precedent"":0,""legacy/inheritance"":0,""other/unclear"":0,""policy inheritance"":1}","{""mixed"":0,""negative"":0,""neutral"":0,""positive"":1,""unclear"":0}",2005-01-20,2005-01-20,1,AI-classified; not human-validated
invocation_edge_03628bb7ef4b69903a437241b0c915b08b6a016793d0dfcc993d1b5d3dce1934,actual_speaker_invokes_former_president,joe-biden,Joe Biden,ronald-reagan,Ronald Reagan,1,1,1,"{""ceremonial/biographical"":0,""contemporary rivalry"":0,""historical comparison"":0,""institutional precedent"":0,""legacy/inheritance"":0,""other/unclear"":1,""policy inheritance"":0}","{""mixed"":0,""negative"":0,""neutral"":1,""positive"":0,""unclear"":0}",2024-03-08,2024-03-08,1,AI-classified; not human-validated
invocation_edge_7c6834836e159ecf6e96c538f86aaf9db8d6d55fb3e67a9200c8e1b3564658b4,actual_speaker_invokes_former_president,donald-trump,Donald Trump,george-h-w-bush,George H. W. Bush,1,1,1,"{""ceremonial/biographical"":0,""contemporary rivalry"":0,""historical comparison"":0,""institutional precedent"":0,""legacy/inheritance"":0,""other/unclear"":1,""policy inheritance"":0}","{""mixed"":0,""negative"":0,""neutral"":1,""positive"":0,""unclear"":0}",2025-09-30,2025-09-30,1,AI-classified; not human-validated
invocation_edge_d519ba6ea763d02ff71978c420810ab53b90131a1a1af0cd5e881221452594b8,actual_speaker_invokes_former_president,george-w-bush,George W. Bush,george-h-w-bush,George H. W. Bush,1,1,1,"{""ceremonial/biographical"":0,""contemporary rivalry"":0,""historical comparison"":0,""institutional precedent"":0,""legacy/inheritance"":0,""other/unclear"":1,""policy inheritance"":0}","{""mixed"":0,""negative"":0,""neutral"":1,""positive"":0,""unclear"":0}",2009-01-12,2009-01-12,1,AI-classified; not human-validated
invocation_edge_3bc55955b57a2366387e934e15686da90f819be271fe673869327be35bb00345,actual_speaker_invokes_former_president,joe-biden,Joe Biden,bill-clinton,Bill Clinton,1,1,1,"{""ceremonial/biographical"":0,""contemporary rivalry"":0,""historical comparison"":0,""institutional precedent"":0,""legacy/inheritance"":0,""other/unclear"":0,""policy inheritance"":1}","{""mixed"":0,""negative"":0,""neutral"":1,""positive"":0,""unclear"":0}",2022-09-02,2022-09-02,1,AI-classified; not human-validated
