schema_version,contract_version,edge_id,edge_type,scope_type,scope_id,scope_label,story_era_id,president_profile_id,president_name,topic_id,topic_level,topic_label,topic_paragraph_count,topic_appearance_count,eligible_president_paragraph_count,eligible_president_appearance_count,scope_topic_paragraph_count,scope_eligible_paragraph_count,speaker_paragraph_share,topic_contribution_share,topic_scope_share,president_support_status,edge_support_status,default_visible,topic_free_denominator_policy,multi_label_counting_policy,evidence_receipt_count,interpretation_policy
actual-speaker-topic-edge-v1,actual-speaker-topic-network-v1,edge_ceffda65bb606fae543a2d825476a91e75bfbe578ff2d6923521d6831a67fee7,president_topic,corpus,all-corpus,All eligible corpus,,george-washington,George Washington,topic_53f9c63ed6aedcab84709226f843c89a577ea30928250cda0021a52c0d9dd5d2,level1,Foreign Relations & Diplomacy,49,13,254,22,8414,32531,0.19291338582677164,0.005823627287853577,0.2586455995819372,supported,supported,True,"All eligible actual-president paragraphs, including topic-free paragraphs, remain in president and scope denominators; topic-free paragraphs create no membership and no edge.",Count each distinct normalized Level 2 topic once per paragraph and each distinct derived Level 1 parent once per paragraph. Preserve one full paragraph-presence membership for every topic; do not divide a paragraph fractionally. Topic shares are non-additive and may sum above 100%.,3,"Descriptive AI-assigned topic presence in speaker-audited Miller Center paragraphs. It is not historical validation, model confidence, presidential intent, importance, influence, causality, policy success, or representation of the public or presidency as a whole."
actual-speaker-topic-edge-v1,actual-speaker-topic-network-v1,edge_4ae0f3bbcea4b3f3a0cc8243fa04b83e580a1b6eccdb3682ac34977ad276197c,president_topic,corpus,all-corpus,All eligible corpus,,george-washington,George Washington,topic_07f03bf056ab3503c6f721cf2a606b728b9cbb858d7d919fca46cd6135a32a2b,level1,War & Military Affairs,30,10,254,22,5527,32531,0.11811023622047244,0.005427899402931066,0.16989948049552733,supported,supported,True,"All eligible actual-president paragraphs, including topic-free paragraphs, remain in president and scope denominators; topic-free paragraphs create no membership and no edge.",Count each distinct normalized Level 2 topic once per paragraph and each distinct derived Level 1 parent once per paragraph. Preserve one full paragraph-presence membership for every topic; do not divide a paragraph fractionally. Topic shares are non-additive and may sum above 100%.,3,"Descriptive AI-assigned topic presence in speaker-audited Miller Center paragraphs. It is not historical validation, model confidence, presidential intent, importance, influence, causality, policy success, or representation of the public or presidency as a whole."
actual-speaker-topic-edge-v1,actual-speaker-topic-network-v1,edge_ee4d19ee43390dd3934c36416110075d0a1861e9dcce2b0322d7f31d4a2e80ac,president_topic,corpus,all-corpus,All eligible corpus,,george-washington,George Washington,topic_c111a85539516b19ce3d0ebf88102afc3f5136f06811be7ef7952ae6cc9d714c,level1,Public Finance & Taxation,23,8,254,22,2743,32531,0.09055118110236221,0.008384979948960992,0.08431957210045803,supported,supported,True,"All eligible actual-president paragraphs, including topic-free paragraphs, remain in president and scope denominators; topic-free paragraphs create no membership and no edge.",Count each distinct normalized Level 2 topic once per paragraph and each distinct derived Level 1 parent once per paragraph. Preserve one full paragraph-presence membership for every topic; do not divide a paragraph fractionally. Topic shares are non-additive and may sum above 100%.,3,"Descriptive AI-assigned topic presence in speaker-audited Miller Center paragraphs. It is not historical validation, model confidence, presidential intent, importance, influence, causality, policy success, or representation of the public or presidency as a whole."
actual-speaker-topic-edge-v1,actual-speaker-topic-network-v1,edge_45b865bf45e6400190b81b89429af119bdc4c755adf9a5ede3834024dc6cac8a,president_topic,corpus,all-corpus,All eligible corpus,,george-washington,George Washington,topic_3493d9b6ff51b17cc78f8191a4ac1b2eae5bb4ff7f269114b248d590851a7ed8,level1,Indian & Tribal Affairs,57,11,254,22,682,32531,0.22440944881889763,0.08357771260997067,0.02096461836402201,supported,supported,True,"All eligible actual-president paragraphs, including topic-free paragraphs, remain in president and scope denominators; topic-free paragraphs create no membership and no edge.",Count each distinct normalized Level 2 topic once per paragraph and each distinct derived Level 1 parent once per paragraph. Preserve one full paragraph-presence membership for every topic; do not divide a paragraph fractionally. Topic shares are non-additive and may sum above 100%.,3,"Descriptive AI-assigned topic presence in speaker-audited Miller Center paragraphs. It is not historical validation, model confidence, presidential intent, importance, influence, causality, policy success, or representation of the public or presidency as a whole."
actual-speaker-topic-edge-v1,actual-speaker-topic-network-v1,edge_45a693cbac91e4283f1cd8996a253541a8fa350ac65935c29684062a392f54c9,president_topic,corpus,all-corpus,All eligible corpus,,george-washington,George Washington,topic_3676810b2915e5e08405c3c9e3ed6b588696c94d35d477e10ed9cc62058597b4,level1,"Law, Crime & Justice",36,10,254,22,1315,32531,0.14173228346456693,0.02737642585551331,0.0404229811564354,supported,supported,True,"All eligible actual-president paragraphs, including topic-free paragraphs, remain in president and scope denominators; topic-free paragraphs create no membership and no edge.",Count each distinct normalized Level 2 topic once per paragraph and each distinct derived Level 1 parent once per paragraph. Preserve one full paragraph-presence membership for every topic; do not divide a paragraph fractionally. Topic shares are non-additive and may sum above 100%.,3,"Descriptive AI-assigned topic presence in speaker-audited Miller Center paragraphs. It is not historical validation, model confidence, presidential intent, importance, influence, causality, policy success, or representation of the public or presidency as a whole."
actual-speaker-topic-edge-v1,actual-speaker-topic-network-v1,edge_259b1a0d7d1d6766967c132440e2633fde6ed8fafe09998b3bb26f6fe209d031,president_topic,corpus,all-corpus,All eligible corpus,,george-washington,George Washington,topic_b9fc73bb18ca058e7f189c867a51071c93e7fea7d67167933f18846a43f46e2c,level1,Constitutional Order & Governance,59,14,254,22,4188,32531,0.23228346456692914,0.014087870105062083,0.12873874150809997,supported,supported,True,"All eligible actual-president paragraphs, including topic-free paragraphs, remain in president and scope denominators; topic-free paragraphs create no membership and no edge.",Count each distinct normalized Level 2 topic once per paragraph and each distinct derived Level 1 parent once per paragraph. Preserve one full paragraph-presence membership for every topic; do not divide a paragraph fractionally. Topic shares are non-additive and may sum above 100%.,3,"Descriptive AI-assigned topic presence in speaker-audited Miller Center paragraphs. It is not historical validation, model confidence, presidential intent, importance, influence, causality, policy success, or representation of the public or presidency as a whole."
actual-speaker-topic-edge-v1,actual-speaker-topic-network-v1,edge_d0285f8e32944421b988cd7818101c5c5233592cc937671898d75255cac4d6c6,president_topic,corpus,all-corpus,All eligible corpus,,george-washington,George Washington,topic_73fe8a26a7881c104f8ac0ee90b445177eabd28ec5e36d34a3bdcacd0505cba1,level1,Faith & National Values,31,12,254,22,2953,32531,0.1220472440944882,0.010497798848628514,0.09077495312163782,supported,supported,True,"All eligible actual-president paragraphs, including topic-free paragraphs, remain in president and scope denominators; topic-free paragraphs create no membership and no edge.",Count each distinct normalized Level 2 topic once per paragraph and each distinct derived Level 1 parent once per paragraph. Preserve one full paragraph-presence membership for every topic; do not divide a paragraph fractionally. Topic shares are non-additive and may sum above 100%.,3,"Descriptive AI-assigned topic presence in speaker-audited Miller Center paragraphs. It is not historical validation, model confidence, presidential intent, importance, influence, causality, policy success, or representation of the public or presidency as a whole."
actual-speaker-topic-edge-v1,actual-speaker-topic-network-v1,edge_976ee9ccd0908cc499ec5b41aa45a08a271e774d923becd11c510108d5ccb236,president_topic,corpus,all-corpus,All eligible corpus,,john-adams,John Adams,topic_53f9c63ed6aedcab84709226f843c89a577ea30928250cda0021a52c0d9dd5d2,level1,Foreign Relations & Diplomacy,57,7,107,9,8414,32531,0.5327102803738317,0.006774423579748039,0.2586455995819372,supported,supported,True,"All eligible actual-president paragraphs, including topic-free paragraphs, remain in president and scope denominators; topic-free paragraphs create no membership and no edge.",Count each distinct normalized Level 2 topic once per paragraph and each distinct derived Level 1 parent once per paragraph. Preserve one full paragraph-presence membership for every topic; do not divide a paragraph fractionally. Topic shares are non-additive and may sum above 100%.,3,"Descriptive AI-assigned topic presence in speaker-audited Miller Center paragraphs. It is not historical validation, model confidence, presidential intent, importance, influence, causality, policy success, or representation of the public or presidency as a whole."
actual-speaker-topic-edge-v1,actual-speaker-topic-network-v1,edge_01a04a973e8b4c48fa65a8d765fa1fd3e8c24830a89e055f740d16bc8fa65257,president_topic,corpus,all-corpus,All eligible corpus,,john-adams,John Adams,topic_07f03bf056ab3503c6f721cf2a606b728b9cbb858d7d919fca46cd6135a32a2b,level1,War & Military Affairs,20,5,107,9,5527,32531,0.18691588785046728,0.0036185996019540436,0.16989948049552733,supported,supported,True,"All eligible actual-president paragraphs, including topic-free paragraphs, remain in president and scope denominators; topic-free paragraphs create no membership and no edge.",Count each distinct normalized Level 2 topic once per paragraph and each distinct derived Level 1 parent once per paragraph. Preserve one full paragraph-presence membership for every topic; do not divide a paragraph fractionally. Topic shares are non-additive and may sum above 100%.,3,"Descriptive AI-assigned topic presence in speaker-audited Miller Center paragraphs. It is not historical validation, model confidence, presidential intent, importance, influence, causality, policy success, or representation of the public or presidency as a whole."
actual-speaker-topic-edge-v1,actual-speaker-topic-network-v1,edge_6cb8cb237d6bc038dedb51ab4d2edaa360eb685088596aa568d86b7c0da53304,president_topic,corpus,all-corpus,All eligible corpus,,thomas-jefferson,Thomas Jefferson,topic_53f9c63ed6aedcab84709226f843c89a577ea30928250cda0021a52c0d9dd5d2,level1,Foreign Relations & Diplomacy,78,16,314,25,8414,32531,0.2484076433121019,0.009270263845971,0.2586455995819372,supported,supported,True,"All eligible actual-president paragraphs, including topic-free paragraphs, remain in president and scope denominators; topic-free paragraphs create no membership and no edge.",Count each distinct normalized Level 2 topic once per paragraph and each distinct derived Level 1 parent once per paragraph. Preserve one full paragraph-presence membership for every topic; do not divide a paragraph fractionally. Topic shares are non-additive and may sum above 100%.,3,"Descriptive AI-assigned topic presence in speaker-audited Miller Center paragraphs. It is not historical validation, model confidence, presidential intent, importance, influence, causality, policy success, or representation of the public or presidency as a whole."
actual-speaker-topic-edge-v1,actual-speaker-topic-network-v1,edge_53c5e420bcb8addc26e7daf4d257b48460c53d63437ac7746e1908c3d5eb8e2c,president_topic,corpus,all-corpus,All eligible corpus,,thomas-jefferson,Thomas Jefferson,topic_07f03bf056ab3503c6f721cf2a606b728b9cbb858d7d919fca46cd6135a32a2b,level1,War & Military Affairs,70,13,314,25,5527,32531,0.2229299363057325,0.012665098606839153,0.16989948049552733,supported,supported,True,"All eligible actual-president paragraphs, including topic-free paragraphs, remain in president and scope denominators; topic-free paragraphs create no membership and no edge.",Count each distinct normalized Level 2 topic once per paragraph and each distinct derived Level 1 parent once per paragraph. Preserve one full paragraph-presence membership for every topic; do not divide a paragraph fractionally. Topic shares are non-additive and may sum above 100%.,3,"Descriptive AI-assigned topic presence in speaker-audited Miller Center paragraphs. It is not historical validation, model confidence, presidential intent, importance, influence, causality, policy success, or representation of the public or presidency as a whole."
actual-speaker-topic-edge-v1,actual-speaker-topic-network-v1,edge_f6da0c4a143a766db694d391c9195bc4fb11fc3b1162a88870e126fe66bf843c,president_topic,corpus,all-corpus,All eligible corpus,,thomas-jefferson,Thomas Jefferson,topic_c111a85539516b19ce3d0ebf88102afc3f5136f06811be7ef7952ae6cc9d714c,level1,Public Finance & Taxation,30,11,314,25,2743,32531,0.09554140127388536,0.01093693036820999,0.08431957210045803,supported,supported,True,"All eligible actual-president paragraphs, including topic-free paragraphs, remain in president and scope denominators; topic-free paragraphs create no membership and no edge.",Count each distinct normalized Level 2 topic once per paragraph and each distinct derived Level 1 parent once per paragraph. Preserve one full paragraph-presence membership for every topic; do not divide a paragraph fractionally. Topic shares are non-additive and may sum above 100%.,3,"Descriptive AI-assigned topic presence in speaker-audited Miller Center paragraphs. It is not historical validation, model confidence, presidential intent, importance, influence, causality, policy success, or representation of the public or presidency as a whole."
actual-speaker-topic-edge-v1,actual-speaker-topic-network-v1,edge_4716aa504af6643c6db35fa572d6f877d489946356d53fda3536ecb0f2ab3bc1,president_topic,corpus,all-corpus,All eligible corpus,,thomas-jefferson,Thomas Jefferson,topic_3493d9b6ff51b17cc78f8191a4ac1b2eae5bb4ff7f269114b248d590851a7ed8,level1,Indian & Tribal Affairs,65,15,314,25,682,32531,0.2070063694267516,0.09530791788856305,0.02096461836402201,supported,supported,True,"All eligible actual-president paragraphs, including topic-free paragraphs, remain in president and scope denominators; topic-free paragraphs create no membership and no edge.",Count each distinct normalized Level 2 topic once per paragraph and each distinct derived Level 1 parent once per paragraph. Preserve one full paragraph-presence membership for every topic; do not divide a paragraph fractionally. Topic shares are non-additive and may sum above 100%.,3,"Descriptive AI-assigned topic presence in speaker-audited Miller Center paragraphs. It is not historical validation, model confidence, presidential intent, importance, influence, causality, policy success, or representation of the public or presidency as a whole."
actual-speaker-topic-edge-v1,actual-speaker-topic-network-v1,edge_b84327fa90b918e3de44039f0acd4bdaccf56c0e0f96555f0d86fe5aee6bfe4b,president_topic,corpus,all-corpus,All eligible corpus,,thomas-jefferson,Thomas Jefferson,topic_3676810b2915e5e08405c3c9e3ed6b588696c94d35d477e10ed9cc62058597b4,level1,"Law, Crime & Justice",23,5,314,25,1315,32531,0.0732484076433121,0.01749049429657795,0.0404229811564354,supported,supported,True,"All eligible actual-president paragraphs, including topic-free paragraphs, remain in president and scope denominators; topic-free paragraphs create no membership and no edge.",Count each distinct normalized Level 2 topic once per paragraph and each distinct derived Level 1 parent once per paragraph. Preserve one full paragraph-presence membership for every topic; do not divide a paragraph fractionally. Topic shares are non-additive and may sum above 100%.,3,"Descriptive AI-assigned topic presence in speaker-audited Miller Center paragraphs. It is not historical validation, model confidence, presidential intent, importance, influence, causality, policy success, or representation of the public or presidency as a whole."
actual-speaker-topic-edge-v1,actual-speaker-topic-network-v1,edge_d013ee3ed086be27736a8500558fbafb2a3a6cc0188c7ebe06a1712f07996e82,president_topic,corpus,all-corpus,All eligible corpus,,thomas-jefferson,Thomas Jefferson,topic_b9fc73bb18ca058e7f189c867a51071c93e7fea7d67167933f18846a43f46e2c,level1,Constitutional Order & Governance,39,12,314,25,4188,32531,0.12420382165605096,0.009312320916905445,0.12873874150809997,supported,supported,True,"All eligible actual-president paragraphs, including topic-free paragraphs, remain in president and scope denominators; topic-free paragraphs create no membership and no edge.",Count each distinct normalized Level 2 topic once per paragraph and each distinct derived Level 1 parent once per paragraph. Preserve one full paragraph-presence membership for every topic; do not divide a paragraph fractionally. Topic shares are non-additive and may sum above 100%.,3,"Descriptive AI-assigned topic presence in speaker-audited Miller Center paragraphs. It is not historical validation, model confidence, presidential intent, importance, influence, causality, policy success, or representation of the public or presidency as a whole."
actual-speaker-topic-edge-v1,actual-speaker-topic-network-v1,edge_2d0958341b44495a791455313633ef7c8ef165842a2928be557b9a89b6f2894d,president_topic,corpus,all-corpus,All eligible corpus,,thomas-jefferson,Thomas Jefferson,topic_73fe8a26a7881c104f8ac0ee90b445177eabd28ec5e36d34a3bdcacd0505cba1,level1,Faith & National Values,23,13,314,25,2953,32531,0.0732484076433121,0.0077886894683372844,0.09077495312163782,supported,supported,True,"All eligible actual-president paragraphs, including topic-free paragraphs, remain in president and scope denominators; topic-free paragraphs create no membership and no edge.",Count each distinct normalized Level 2 topic once per paragraph and each distinct derived Level 1 parent once per paragraph. Preserve one full paragraph-presence membership for every topic; do not divide a paragraph fractionally. Topic shares are non-additive and may sum above 100%.,3,"Descriptive AI-assigned topic presence in speaker-audited Miller Center paragraphs. It is not historical validation, model confidence, presidential intent, importance, influence, causality, policy success, or representation of the public or presidency as a whole."
actual-speaker-topic-edge-v1,actual-speaker-topic-network-v1,edge_b24f8ad3365cf0cfe82207299d3b241d08fd3a8d3295d62467c7a814d22d3092,president_topic,corpus,all-corpus,All eligible corpus,,james-madison,James Madison,topic_53f9c63ed6aedcab84709226f843c89a577ea30928250cda0021a52c0d9dd5d2,level1,Foreign Relations & Diplomacy,92,16,270,21,8414,32531,0.34074074074074073,0.010934157356786309,0.2586455995819372,supported,supported,True,"All eligible actual-president paragraphs, including topic-free paragraphs, remain in president and scope denominators; topic-free paragraphs create no membership and no edge.",Count each distinct normalized Level 2 topic once per paragraph and each distinct derived Level 1 parent once per paragraph. Preserve one full paragraph-presence membership for every topic; do not divide a paragraph fractionally. Topic shares are non-additive and may sum above 100%.,3,"Descriptive AI-assigned topic presence in speaker-audited Miller Center paragraphs. It is not historical validation, model confidence, presidential intent, importance, influence, causality, policy success, or representation of the public or presidency as a whole."
actual-speaker-topic-edge-v1,actual-speaker-topic-network-v1,edge_c22fc3f1dbe00d35ff04a5d6d1e26d6acbea23dadca2d1eedecd7afee1218e48,president_topic,corpus,all-corpus,All eligible corpus,,james-madison,James Madison,topic_07f03bf056ab3503c6f721cf2a606b728b9cbb858d7d919fca46cd6135a32a2b,level1,War & Military Affairs,120,17,270,21,5527,32531,0.4444444444444444,0.021711597611724264,0.16989948049552733,supported,supported,True,"All eligible actual-president paragraphs, including topic-free paragraphs, remain in president and scope denominators; topic-free paragraphs create no membership and no edge.",Count each distinct normalized Level 2 topic once per paragraph and each distinct derived Level 1 parent once per paragraph. Preserve one full paragraph-presence membership for every topic; do not divide a paragraph fractionally. Topic shares are non-additive and may sum above 100%.,3,"Descriptive AI-assigned topic presence in speaker-audited Miller Center paragraphs. It is not historical validation, model confidence, presidential intent, importance, influence, causality, policy success, or representation of the public or presidency as a whole."
actual-speaker-topic-edge-v1,actual-speaker-topic-network-v1,edge_a6ac34ec36e502a31f2f85f28e130eb6181022dcc2d8ca786fd2b6b92f31edb8,president_topic,corpus,all-corpus,All eligible corpus,,james-madison,James Madison,topic_c111a85539516b19ce3d0ebf88102afc3f5136f06811be7ef7952ae6cc9d714c,level1,Public Finance & Taxation,29,12,270,21,2743,32531,0.10740740740740741,0.010572366022602989,0.08431957210045803,supported,supported,True,"All eligible actual-president paragraphs, including topic-free paragraphs, remain in president and scope denominators; topic-free paragraphs create no membership and no edge.",Count each distinct normalized Level 2 topic once per paragraph and each distinct derived Level 1 parent once per paragraph. Preserve one full paragraph-presence membership for every topic; do not divide a paragraph fractionally. Topic shares are non-additive and may sum above 100%.,3,"Descriptive AI-assigned topic presence in speaker-audited Miller Center paragraphs. It is not historical validation, model confidence, presidential intent, importance, influence, causality, policy success, or representation of the public or presidency as a whole."
actual-speaker-topic-edge-v1,actual-speaker-topic-network-v1,edge_f1cc70244ccab368ce5d133fc87b74e8d806ceb55836f40acc10f988133d5980,president_topic,corpus,all-corpus,All eligible corpus,,james-madison,James Madison,topic_b9fc73bb18ca058e7f189c867a51071c93e7fea7d67167933f18846a43f46e2c,level1,Constitutional Order & Governance,21,11,270,21,4188,32531,0.07777777777777778,0.00501432664756447,0.12873874150809997,supported,supported,True,"All eligible actual-president paragraphs, including topic-free paragraphs, remain in president and scope denominators; topic-free paragraphs create no membership and no edge.",Count each distinct normalized Level 2 topic once per paragraph and each distinct derived Level 1 parent once per paragraph. Preserve one full paragraph-presence membership for every topic; do not divide a paragraph fractionally. Topic shares are non-additive and may sum above 100%.,3,"Descriptive AI-assigned topic presence in speaker-audited Miller Center paragraphs. It is not historical validation, model confidence, presidential intent, importance, influence, causality, policy success, or representation of the public or presidency as a whole."
actual-speaker-topic-edge-v1,actual-speaker-topic-network-v1,edge_506da44483d7a6f763553c538a70c3812fb4efd1f6c7116bb7411eb018405983,president_topic,corpus,all-corpus,All eligible corpus,,james-madison,James Madison,topic_73fe8a26a7881c104f8ac0ee90b445177eabd28ec5e36d34a3bdcacd0505cba1,level1,Faith & National Values,29,14,270,21,2953,32531,0.10740740740740741,0.009820521503555706,0.09077495312163782,supported,supported,True,"All eligible actual-president paragraphs, including topic-free paragraphs, remain in president and scope denominators; topic-free paragraphs create no membership and no edge.",Count each distinct normalized Level 2 topic once per paragraph and each distinct derived Level 1 parent once per paragraph. Preserve one full paragraph-presence membership for every topic; do not divide a paragraph fractionally. Topic shares are non-additive and may sum above 100%.,3,"Descriptive AI-assigned topic presence in speaker-audited Miller Center paragraphs. It is not historical validation, model confidence, presidential intent, importance, influence, causality, policy success, or representation of the public or presidency as a whole."
actual-speaker-topic-edge-v1,actual-speaker-topic-network-v1,edge_5ba9f69df6bf39e07a315e2ee8f9f3e908ff099d2c1648f1076a7e11067b1824,president_topic,corpus,all-corpus,All eligible corpus,,james-monroe,James Monroe,topic_53f9c63ed6aedcab84709226f843c89a577ea30928250cda0021a52c0d9dd5d2,level1,Foreign Relations & Diplomacy,165,10,407,10,8414,32531,0.40540540540540543,0.019610173520323272,0.2586455995819372,supported,supported,True,"All eligible actual-president paragraphs, including topic-free paragraphs, remain in president and scope denominators; topic-free paragraphs create no membership and no edge.",Count each distinct normalized Level 2 topic once per paragraph and each distinct derived Level 1 parent once per paragraph. Preserve one full paragraph-presence membership for every topic; do not divide a paragraph fractionally. Topic shares are non-additive and may sum above 100%.,3,"Descriptive AI-assigned topic presence in speaker-audited Miller Center paragraphs. It is not historical validation, model confidence, presidential intent, importance, influence, causality, policy success, or representation of the public or presidency as a whole."
actual-speaker-topic-edge-v1,actual-speaker-topic-network-v1,edge_1d97b7a6a56fa700530a40f5e6ecb14d734505f5dcba2c6fe4964d5e52f6e6df,president_topic,corpus,all-corpus,All eligible corpus,,james-monroe,James Monroe,topic_07f03bf056ab3503c6f721cf2a606b728b9cbb858d7d919fca46cd6135a32a2b,level1,War & Military Affairs,85,10,407,10,5527,32531,0.20884520884520885,0.015379048308304687,0.16989948049552733,supported,supported,True,"All eligible actual-president paragraphs, including topic-free paragraphs, remain in president and scope denominators; topic-free paragraphs create no membership and no edge.",Count each distinct normalized Level 2 topic once per paragraph and each distinct derived Level 1 parent once per paragraph. Preserve one full paragraph-presence membership for every topic; do not divide a paragraph fractionally. Topic shares are non-additive and may sum above 100%.,3,"Descriptive AI-assigned topic presence in speaker-audited Miller Center paragraphs. It is not historical validation, model confidence, presidential intent, importance, influence, causality, policy success, or representation of the public or presidency as a whole."
actual-speaker-topic-edge-v1,actual-speaker-topic-network-v1,edge_5a607931fb85cc92f9316ff6baf44cf0be9e19a63052c2856efae61d0ec5743f,president_topic,corpus,all-corpus,All eligible corpus,,james-monroe,James Monroe,topic_3e8647a4799e061a665118eb000c5f9ad645c931743a74bfe085cbb18238ed6e,level1,"Trade, Commerce & Tariffs",47,10,407,10,2184,32531,0.11547911547911548,0.02152014652014652,0.0671359626202699,supported,supported,True,"All eligible actual-president paragraphs, including topic-free paragraphs, remain in president and scope denominators; topic-free paragraphs create no membership and no edge.",Count each distinct normalized Level 2 topic once per paragraph and each distinct derived Level 1 parent once per paragraph. Preserve one full paragraph-presence membership for every topic; do not divide a paragraph fractionally. Topic shares are non-additive and may sum above 100%.,3,"Descriptive AI-assigned topic presence in speaker-audited Miller Center paragraphs. It is not historical validation, model confidence, presidential intent, importance, influence, causality, policy success, or representation of the public or presidency as a whole."
actual-speaker-topic-edge-v1,actual-speaker-topic-network-v1,edge_6383af020486af9f7b03f16d3fe24333d64a73968a2f5d4a9b0b721073da3062,president_topic,corpus,all-corpus,All eligible corpus,,james-monroe,James Monroe,topic_c111a85539516b19ce3d0ebf88102afc3f5136f06811be7ef7952ae6cc9d714c,level1,Public Finance & Taxation,51,10,407,10,2743,32531,0.12530712530712532,0.01859278162595698,0.08431957210045803,supported,supported,True,"All eligible actual-president paragraphs, including topic-free paragraphs, remain in president and scope denominators; topic-free paragraphs create no membership and no edge.",Count each distinct normalized Level 2 topic once per paragraph and each distinct derived Level 1 parent once per paragraph. Preserve one full paragraph-presence membership for every topic; do not divide a paragraph fractionally. Topic shares are non-additive and may sum above 100%.,3,"Descriptive AI-assigned topic presence in speaker-audited Miller Center paragraphs. It is not historical validation, model confidence, presidential intent, importance, influence, causality, policy success, or representation of the public or presidency as a whole."
actual-speaker-topic-edge-v1,actual-speaker-topic-network-v1,edge_e2e3d19ca09ccd5d8d6db7937f001f98c189d3243e2ffdcab318267808b3744d,president_topic,corpus,all-corpus,All eligible corpus,,james-monroe,James Monroe,topic_c092ca5bdad12513ef74aa364f2bf7a6db5cb739f929d0f0ef4779e5c868cbcd,level1,Infrastructure & Internal Improvements,27,8,407,10,1897,32531,0.06633906633906633,0.014232999472851872,0.05831360855799084,supported,supported,True,"All eligible actual-president paragraphs, including topic-free paragraphs, remain in president and scope denominators; topic-free paragraphs create no membership and no edge.",Count each distinct normalized Level 2 topic once per paragraph and each distinct derived Level 1 parent once per paragraph. Preserve one full paragraph-presence membership for every topic; do not divide a paragraph fractionally. Topic shares are non-additive and may sum above 100%.,3,"Descriptive AI-assigned topic presence in speaker-audited Miller Center paragraphs. It is not historical validation, model confidence, presidential intent, importance, influence, causality, policy success, or representation of the public or presidency as a whole."
actual-speaker-topic-edge-v1,actual-speaker-topic-network-v1,edge_ecd9543a4d86d863df83e3b64232c79a523142a41b3b660e054aba17bc895d2c,president_topic,corpus,all-corpus,All eligible corpus,,james-monroe,James Monroe,topic_3493d9b6ff51b17cc78f8191a4ac1b2eae5bb4ff7f269114b248d590851a7ed8,level1,Indian & Tribal Affairs,32,9,407,10,682,32531,0.07862407862407862,0.0469208211143695,0.02096461836402201,supported,supported,True,"All eligible actual-president paragraphs, including topic-free paragraphs, remain in president and scope denominators; topic-free paragraphs create no membership and no edge.",Count each distinct normalized Level 2 topic once per paragraph and each distinct derived Level 1 parent once per paragraph. Preserve one full paragraph-presence membership for every topic; do not divide a paragraph fractionally. Topic shares are non-additive and may sum above 100%.,3,"Descriptive AI-assigned topic presence in speaker-audited Miller Center paragraphs. It is not historical validation, model confidence, presidential intent, importance, influence, causality, policy success, or representation of the public or presidency as a whole."
actual-speaker-topic-edge-v1,actual-speaker-topic-network-v1,edge_b14c55883800c7cfd1e3fba123cb36f9a3f14ab9733e784bbcfc5f6665ab15e1,president_topic,corpus,all-corpus,All eligible corpus,,james-monroe,James Monroe,topic_b9fc73bb18ca058e7f189c867a51071c93e7fea7d67167933f18846a43f46e2c,level1,Constitutional Order & Governance,42,10,407,10,4188,32531,0.10319410319410319,0.01002865329512894,0.12873874150809997,supported,supported,True,"All eligible actual-president paragraphs, including topic-free paragraphs, remain in president and scope denominators; topic-free paragraphs create no membership and no edge.",Count each distinct normalized Level 2 topic once per paragraph and each distinct derived Level 1 parent once per paragraph. Preserve one full paragraph-presence membership for every topic; do not divide a paragraph fractionally. Topic shares are non-additive and may sum above 100%.,3,"Descriptive AI-assigned topic presence in speaker-audited Miller Center paragraphs. It is not historical validation, model confidence, presidential intent, importance, influence, causality, policy success, or representation of the public or presidency as a whole."
actual-speaker-topic-edge-v1,actual-speaker-topic-network-v1,edge_de13f6ddbb1a5f1140f11c4750b303a7833e5932f2a8184e4d376fd51298056f,president_topic,corpus,all-corpus,All eligible corpus,,james-monroe,James Monroe,topic_73fe8a26a7881c104f8ac0ee90b445177eabd28ec5e36d34a3bdcacd0505cba1,level1,Faith & National Values,24,10,407,10,2953,32531,0.05896805896805897,0.008127328140873687,0.09077495312163782,supported,supported,True,"All eligible actual-president paragraphs, including topic-free paragraphs, remain in president and scope denominators; topic-free paragraphs create no membership and no edge.",Count each distinct normalized Level 2 topic once per paragraph and each distinct derived Level 1 parent once per paragraph. Preserve one full paragraph-presence membership for every topic; do not divide a paragraph fractionally. Topic shares are non-additive and may sum above 100%.,3,"Descriptive AI-assigned topic presence in speaker-audited Miller Center paragraphs. It is not historical validation, model confidence, presidential intent, importance, influence, causality, policy success, or representation of the public or presidency as a whole."
actual-speaker-topic-edge-v1,actual-speaker-topic-network-v1,edge_0300c5b2d1fab6e12574d196e32d89975fa06adeed1b56f95e060e7e3006e4c7,president_topic,corpus,all-corpus,All eligible corpus,,john-quincy-adams,John Quincy Adams,topic_53f9c63ed6aedcab84709226f843c89a577ea30928250cda0021a52c0d9dd5d2,level1,Foreign Relations & Diplomacy,78,7,276,8,8414,32531,0.2826086956521739,0.009270263845971,0.2586455995819372,supported,supported,True,"All eligible actual-president paragraphs, including topic-free paragraphs, remain in president and scope denominators; topic-free paragraphs create no membership and no edge.",Count each distinct normalized Level 2 topic once per paragraph and each distinct derived Level 1 parent once per paragraph. Preserve one full paragraph-presence membership for every topic; do not divide a paragraph fractionally. Topic shares are non-additive and may sum above 100%.,3,"Descriptive AI-assigned topic presence in speaker-audited Miller Center paragraphs. It is not historical validation, model confidence, presidential intent, importance, influence, causality, policy success, or representation of the public or presidency as a whole."
actual-speaker-topic-edge-v1,actual-speaker-topic-network-v1,edge_d90b65fd4110a4aaeb94caf4683e080f975c8174293d4a90b97ac61ffd49800c,president_topic,corpus,all-corpus,All eligible corpus,,john-quincy-adams,John Quincy Adams,topic_07f03bf056ab3503c6f721cf2a606b728b9cbb858d7d919fca46cd6135a32a2b,level1,War & Military Affairs,45,5,276,8,5527,32531,0.16304347826086957,0.008141849104396599,0.16989948049552733,supported,supported,True,"All eligible actual-president paragraphs, including topic-free paragraphs, remain in president and scope denominators; topic-free paragraphs create no membership and no edge.",Count each distinct normalized Level 2 topic once per paragraph and each distinct derived Level 1 parent once per paragraph. Preserve one full paragraph-presence membership for every topic; do not divide a paragraph fractionally. Topic shares are non-additive and may sum above 100%.,3,"Descriptive AI-assigned topic presence in speaker-audited Miller Center paragraphs. It is not historical validation, model confidence, presidential intent, importance, influence, causality, policy success, or representation of the public or presidency as a whole."
actual-speaker-topic-edge-v1,actual-speaker-topic-network-v1,edge_d9da7a182cd2dd3a6391a1968ab911a03888c60c84d449da61f2376716b34da5,president_topic,corpus,all-corpus,All eligible corpus,,john-quincy-adams,John Quincy Adams,topic_3e8647a4799e061a665118eb000c5f9ad645c931743a74bfe085cbb18238ed6e,level1,"Trade, Commerce & Tariffs",51,5,276,8,2184,32531,0.18478260869565216,0.023351648351648352,0.0671359626202699,supported,supported,True,"All eligible actual-president paragraphs, including topic-free paragraphs, remain in president and scope denominators; topic-free paragraphs create no membership and no edge.",Count each distinct normalized Level 2 topic once per paragraph and each distinct derived Level 1 parent once per paragraph. Preserve one full paragraph-presence membership for every topic; do not divide a paragraph fractionally. Topic shares are non-additive and may sum above 100%.,3,"Descriptive AI-assigned topic presence in speaker-audited Miller Center paragraphs. It is not historical validation, model confidence, presidential intent, importance, influence, causality, policy success, or representation of the public or presidency as a whole."
actual-speaker-topic-edge-v1,actual-speaker-topic-network-v1,edge_c3eda7c0362de708ccf50d7a325cf6466200eee9d52c35c62a36664deba19505,president_topic,corpus,all-corpus,All eligible corpus,,john-quincy-adams,John Quincy Adams,topic_c111a85539516b19ce3d0ebf88102afc3f5136f06811be7ef7952ae6cc9d714c,level1,Public Finance & Taxation,31,5,276,8,2743,32531,0.11231884057971014,0.011301494713816989,0.08431957210045803,supported,supported,True,"All eligible actual-president paragraphs, including topic-free paragraphs, remain in president and scope denominators; topic-free paragraphs create no membership and no edge.",Count each distinct normalized Level 2 topic once per paragraph and each distinct derived Level 1 parent once per paragraph. Preserve one full paragraph-presence membership for every topic; do not divide a paragraph fractionally. Topic shares are non-additive and may sum above 100%.,3,"Descriptive AI-assigned topic presence in speaker-audited Miller Center paragraphs. It is not historical validation, model confidence, presidential intent, importance, influence, causality, policy success, or representation of the public or presidency as a whole."
actual-speaker-topic-edge-v1,actual-speaker-topic-network-v1,edge_45385616dd7dce094282a253bbaa8954cd27d87d50b8ad749e95bb08b18871e4,president_topic,corpus,all-corpus,All eligible corpus,,john-quincy-adams,John Quincy Adams,topic_c092ca5bdad12513ef74aa364f2bf7a6db5cb739f929d0f0ef4779e5c868cbcd,level1,Infrastructure & Internal Improvements,34,5,276,8,1897,32531,0.12318840579710146,0.017923036373220874,0.05831360855799084,supported,supported,True,"All eligible actual-president paragraphs, including topic-free paragraphs, remain in president and scope denominators; topic-free paragraphs create no membership and no edge.",Count each distinct normalized Level 2 topic once per paragraph and each distinct derived Level 1 parent once per paragraph. Preserve one full paragraph-presence membership for every topic; do not divide a paragraph fractionally. Topic shares are non-additive and may sum above 100%.,3,"Descriptive AI-assigned topic presence in speaker-audited Miller Center paragraphs. It is not historical validation, model confidence, presidential intent, importance, influence, causality, policy success, or representation of the public or presidency as a whole."
actual-speaker-topic-edge-v1,actual-speaker-topic-network-v1,edge_b3fc1beeecacbfc558e46b539604e84c9e2f60cf6e1ee483327795f13efd128d,president_topic,corpus,all-corpus,All eligible corpus,,john-quincy-adams,John Quincy Adams,topic_3493d9b6ff51b17cc78f8191a4ac1b2eae5bb4ff7f269114b248d590851a7ed8,level1,Indian & Tribal Affairs,20,6,276,8,682,32531,0.07246376811594203,0.02932551319648094,0.02096461836402201,supported,supported,True,"All eligible actual-president paragraphs, including topic-free paragraphs, remain in president and scope denominators; topic-free paragraphs create no membership and no edge.",Count each distinct normalized Level 2 topic once per paragraph and each distinct derived Level 1 parent once per paragraph. Preserve one full paragraph-presence membership for every topic; do not divide a paragraph fractionally. Topic shares are non-additive and may sum above 100%.,3,"Descriptive AI-assigned topic presence in speaker-audited Miller Center paragraphs. It is not historical validation, model confidence, presidential intent, importance, influence, causality, policy success, or representation of the public or presidency as a whole."
actual-speaker-topic-edge-v1,actual-speaker-topic-network-v1,edge_a2b2c6bbcd9dd8211a30bb4ca8ec152fba448420669a15d2db86d5ee982d9c9f,president_topic,corpus,all-corpus,All eligible corpus,,john-quincy-adams,John Quincy Adams,topic_b9fc73bb18ca058e7f189c867a51071c93e7fea7d67167933f18846a43f46e2c,level1,Constitutional Order & Governance,32,6,276,8,4188,32531,0.11594202898550725,0.007640878701050621,0.12873874150809997,supported,supported,True,"All eligible actual-president paragraphs, including topic-free paragraphs, remain in president and scope denominators; topic-free paragraphs create no membership and no edge.",Count each distinct normalized Level 2 topic once per paragraph and each distinct derived Level 1 parent once per paragraph. Preserve one full paragraph-presence membership for every topic; do not divide a paragraph fractionally. Topic shares are non-additive and may sum above 100%.,3,"Descriptive AI-assigned topic presence in speaker-audited Miller Center paragraphs. It is not historical validation, model confidence, presidential intent, importance, influence, causality, policy success, or representation of the public or presidency as a whole."
actual-speaker-topic-edge-v1,actual-speaker-topic-network-v1,edge_c2869744a33af276f60d6dd00e0e1a75ecfe4e97280b0b0607687c67079be547,president_topic,corpus,all-corpus,All eligible corpus,,andrew-jackson,Andrew Jackson,topic_53f9c63ed6aedcab84709226f843c89a577ea30928250cda0021a52c0d9dd5d2,level1,Foreign Relations & Diplomacy,228,12,1137,26,8414,32531,0.20052770448548812,0.027097694318992158,0.2586455995819372,supported,supported,True,"All eligible actual-president paragraphs, including topic-free paragraphs, remain in president and scope denominators; topic-free paragraphs create no membership and no edge.",Count each distinct normalized Level 2 topic once per paragraph and each distinct derived Level 1 parent once per paragraph. Preserve one full paragraph-presence membership for every topic; do not divide a paragraph fractionally. Topic shares are non-additive and may sum above 100%.,3,"Descriptive AI-assigned topic presence in speaker-audited Miller Center paragraphs. It is not historical validation, model confidence, presidential intent, importance, influence, causality, policy success, or representation of the public or presidency as a whole."
actual-speaker-topic-edge-v1,actual-speaker-topic-network-v1,edge_cf34ea081b38c635007d3f8a96a190288a831663f9c4118cc19646860ac09fe9,president_topic,corpus,all-corpus,All eligible corpus,,andrew-jackson,Andrew Jackson,topic_07f03bf056ab3503c6f721cf2a606b728b9cbb858d7d919fca46cd6135a32a2b,level1,War & Military Affairs,61,12,1137,26,5527,32531,0.05364995602462621,0.011036728785959833,0.16989948049552733,supported,supported,True,"All eligible actual-president paragraphs, including topic-free paragraphs, remain in president and scope denominators; topic-free paragraphs create no membership and no edge.",Count each distinct normalized Level 2 topic once per paragraph and each distinct derived Level 1 parent once per paragraph. Preserve one full paragraph-presence membership for every topic; do not divide a paragraph fractionally. Topic shares are non-additive and may sum above 100%.,3,"Descriptive AI-assigned topic presence in speaker-audited Miller Center paragraphs. It is not historical validation, model confidence, presidential intent, importance, influence, causality, policy success, or representation of the public or presidency as a whole."
actual-speaker-topic-edge-v1,actual-speaker-topic-network-v1,edge_ce5ed1cdc6d16bcc5f00989eb7ad45351c61d72c0a63809c537e7b95f6fbca04,president_topic,corpus,all-corpus,All eligible corpus,,andrew-jackson,Andrew Jackson,topic_43ec056a6101afa1e938480103aecd71dd5f41580556a5f8d2a92b6a7cb39e2e,level1,"Money, Banking & Currency",227,13,1137,26,1454,32531,0.1996481970096746,0.156121045392022,0.04469582859426393,supported,supported,True,"All eligible actual-president paragraphs, including topic-free paragraphs, remain in president and scope denominators; topic-free paragraphs create no membership and no edge.",Count each distinct normalized Level 2 topic once per paragraph and each distinct derived Level 1 parent once per paragraph. Preserve one full paragraph-presence membership for every topic; do not divide a paragraph fractionally. Topic shares are non-additive and may sum above 100%.,3,"Descriptive AI-assigned topic presence in speaker-audited Miller Center paragraphs. It is not historical validation, model confidence, presidential intent, importance, influence, causality, policy success, or representation of the public or presidency as a whole."
actual-speaker-topic-edge-v1,actual-speaker-topic-network-v1,edge_bfcc1e260b9c23998aaf4b09eedba917630641c5747733ee2253c0cfee4ec9e6,president_topic,corpus,all-corpus,All eligible corpus,,andrew-jackson,Andrew Jackson,topic_3e8647a4799e061a665118eb000c5f9ad645c931743a74bfe085cbb18238ed6e,level1,"Trade, Commerce & Tariffs",114,15,1137,26,2184,32531,0.10026385224274406,0.0521978021978022,0.0671359626202699,supported,supported,True,"All eligible actual-president paragraphs, including topic-free paragraphs, remain in president and scope denominators; topic-free paragraphs create no membership and no edge.",Count each distinct normalized Level 2 topic once per paragraph and each distinct derived Level 1 parent once per paragraph. Preserve one full paragraph-presence membership for every topic; do not divide a paragraph fractionally. Topic shares are non-additive and may sum above 100%.,3,"Descriptive AI-assigned topic presence in speaker-audited Miller Center paragraphs. It is not historical validation, model confidence, presidential intent, importance, influence, causality, policy success, or representation of the public or presidency as a whole."
actual-speaker-topic-edge-v1,actual-speaker-topic-network-v1,edge_4bd1b0b45b2999016dca1d39b05bc8075db24f86cb48d721f22002044b435604,president_topic,corpus,all-corpus,All eligible corpus,,andrew-jackson,Andrew Jackson,topic_c111a85539516b19ce3d0ebf88102afc3f5136f06811be7ef7952ae6cc9d714c,level1,Public Finance & Taxation,93,17,1137,26,2743,32531,0.08179419525065963,0.03390448414145097,0.08431957210045803,supported,supported,True,"All eligible actual-president paragraphs, including topic-free paragraphs, remain in president and scope denominators; topic-free paragraphs create no membership and no edge.",Count each distinct normalized Level 2 topic once per paragraph and each distinct derived Level 1 parent once per paragraph. Preserve one full paragraph-presence membership for every topic; do not divide a paragraph fractionally. Topic shares are non-additive and may sum above 100%.,3,"Descriptive AI-assigned topic presence in speaker-audited Miller Center paragraphs. It is not historical validation, model confidence, presidential intent, importance, influence, causality, policy success, or representation of the public or presidency as a whole."
actual-speaker-topic-edge-v1,actual-speaker-topic-network-v1,edge_9ceae29aca8c79579b8b6cf41892be878165a637afb2266527d8bcf8d4cccfa0,president_topic,corpus,all-corpus,All eligible corpus,,andrew-jackson,Andrew Jackson,topic_ef78a18511fbadc390b6b2c81b7205f6fbf8a9bd8b0b3a6b135e894f47157e83,level1,"Agriculture, Land & Environment",22,8,1137,26,1565,32531,0.019349164467897976,0.014057507987220448,0.048107958562601826,supported,supported,True,"All eligible actual-president paragraphs, including topic-free paragraphs, remain in president and scope denominators; topic-free paragraphs create no membership and no edge.",Count each distinct normalized Level 2 topic once per paragraph and each distinct derived Level 1 parent once per paragraph. Preserve one full paragraph-presence membership for every topic; do not divide a paragraph fractionally. Topic shares are non-additive and may sum above 100%.,3,"Descriptive AI-assigned topic presence in speaker-audited Miller Center paragraphs. It is not historical validation, model confidence, presidential intent, importance, influence, causality, policy success, or representation of the public or presidency as a whole."
actual-speaker-topic-edge-v1,actual-speaker-topic-network-v1,edge_56b86308d45a2c202df4918f6b40f8a15f91ed6b5447e6ef7915a4b93c3fa8dc,president_topic,corpus,all-corpus,All eligible corpus,,andrew-jackson,Andrew Jackson,topic_c092ca5bdad12513ef74aa364f2bf7a6db5cb739f929d0f0ef4779e5c868cbcd,level1,Infrastructure & Internal Improvements,86,12,1137,26,1897,32531,0.07563764291996482,0.04533473906167633,0.05831360855799084,supported,supported,True,"All eligible actual-president paragraphs, including topic-free paragraphs, remain in president and scope denominators; topic-free paragraphs create no membership and no edge.",Count each distinct normalized Level 2 topic once per paragraph and each distinct derived Level 1 parent once per paragraph. Preserve one full paragraph-presence membership for every topic; do not divide a paragraph fractionally. Topic shares are non-additive and may sum above 100%.,3,"Descriptive AI-assigned topic presence in speaker-audited Miller Center paragraphs. It is not historical validation, model confidence, presidential intent, importance, influence, causality, policy success, or representation of the public or presidency as a whole."
actual-speaker-topic-edge-v1,actual-speaker-topic-network-v1,edge_99464f070e8dffb4468d6197dd48f2c37ce3c7d6b109020519c30ff2b632b32f,president_topic,corpus,all-corpus,All eligible corpus,,andrew-jackson,Andrew Jackson,topic_3493d9b6ff51b17cc78f8191a4ac1b2eae5bb4ff7f269114b248d590851a7ed8,level1,Indian & Tribal Affairs,79,12,1137,26,682,32531,0.06948109058927,0.1158357771260997,0.02096461836402201,supported,supported,True,"All eligible actual-president paragraphs, including topic-free paragraphs, remain in president and scope denominators; topic-free paragraphs create no membership and no edge.",Count each distinct normalized Level 2 topic once per paragraph and each distinct derived Level 1 parent once per paragraph. Preserve one full paragraph-presence membership for every topic; do not divide a paragraph fractionally. Topic shares are non-additive and may sum above 100%.,3,"Descriptive AI-assigned topic presence in speaker-audited Miller Center paragraphs. It is not historical validation, model confidence, presidential intent, importance, influence, causality, policy success, or representation of the public or presidency as a whole."
actual-speaker-topic-edge-v1,actual-speaker-topic-network-v1,edge_be3aae7cf40711d41d8fa731d89a9f8905d7bac78eb222508b614f73685cec37,president_topic,corpus,all-corpus,All eligible corpus,,andrew-jackson,Andrew Jackson,topic_3676810b2915e5e08405c3c9e3ed6b588696c94d35d477e10ed9cc62058597b4,level1,"Law, Crime & Justice",23,7,1137,26,1315,32531,0.020228671943711522,0.01749049429657795,0.0404229811564354,supported,supported,True,"All eligible actual-president paragraphs, including topic-free paragraphs, remain in president and scope denominators; topic-free paragraphs create no membership and no edge.",Count each distinct normalized Level 2 topic once per paragraph and each distinct derived Level 1 parent once per paragraph. Preserve one full paragraph-presence membership for every topic; do not divide a paragraph fractionally. Topic shares are non-additive and may sum above 100%.,3,"Descriptive AI-assigned topic presence in speaker-audited Miller Center paragraphs. It is not historical validation, model confidence, presidential intent, importance, influence, causality, policy success, or representation of the public or presidency as a whole."
actual-speaker-topic-edge-v1,actual-speaker-topic-network-v1,edge_0509499fdcde2d5fc244a74a7660d1e7bc720496fc783797176afd8323841327,president_topic,corpus,all-corpus,All eligible corpus,,andrew-jackson,Andrew Jackson,topic_b9fc73bb18ca058e7f189c867a51071c93e7fea7d67167933f18846a43f46e2c,level1,Constitutional Order & Governance,398,23,1137,26,4188,32531,0.3500439753737907,0.09503342884431709,0.12873874150809997,supported,supported,True,"All eligible actual-president paragraphs, including topic-free paragraphs, remain in president and scope denominators; topic-free paragraphs create no membership and no edge.",Count each distinct normalized Level 2 topic once per paragraph and each distinct derived Level 1 parent once per paragraph. Preserve one full paragraph-presence membership for every topic; do not divide a paragraph fractionally. Topic shares are non-additive and may sum above 100%.,3,"Descriptive AI-assigned topic presence in speaker-audited Miller Center paragraphs. It is not historical validation, model confidence, presidential intent, importance, influence, causality, policy success, or representation of the public or presidency as a whole."
actual-speaker-topic-edge-v1,actual-speaker-topic-network-v1,edge_a6aba131766ffa8c2b9e046e74b9f7100c4623be948280c3a294e53b5d572fed,president_topic,corpus,all-corpus,All eligible corpus,,andrew-jackson,Andrew Jackson,topic_808789d7a0e8edad0be5ec687efb103a704d7b1ebd37e9e78d628803197b9205,level1,Procedural & Administrative,42,10,1137,26,1320,32531,0.036939313984168866,0.031818181818181815,0.04057668070455873,supported,supported,True,"All eligible actual-president paragraphs, including topic-free paragraphs, remain in president and scope denominators; topic-free paragraphs create no membership and no edge.",Count each distinct normalized Level 2 topic once per paragraph and each distinct derived Level 1 parent once per paragraph. Preserve one full paragraph-presence membership for every topic; do not divide a paragraph fractionally. Topic shares are non-additive and may sum above 100%.,3,"Descriptive AI-assigned topic presence in speaker-audited Miller Center paragraphs. It is not historical validation, model confidence, presidential intent, importance, influence, causality, policy success, or representation of the public or presidency as a whole."
actual-speaker-topic-edge-v1,actual-speaker-topic-network-v1,edge_80de160d8cdf91ee1a331d6d1a3435396b1bf147a0ebcc709cf300c84528b96c,president_topic,corpus,all-corpus,All eligible corpus,,andrew-jackson,Andrew Jackson,topic_73fe8a26a7881c104f8ac0ee90b445177eabd28ec5e36d34a3bdcacd0505cba1,level1,Faith & National Values,39,16,1137,26,2953,32531,0.03430079155672823,0.013206908228919742,0.09077495312163782,supported,supported,True,"All eligible actual-president paragraphs, including topic-free paragraphs, remain in president and scope denominators; topic-free paragraphs create no membership and no edge.",Count each distinct normalized Level 2 topic once per paragraph and each distinct derived Level 1 parent once per paragraph. Preserve one full paragraph-presence membership for every topic; do not divide a paragraph fractionally. Topic shares are non-additive and may sum above 100%.,3,"Descriptive AI-assigned topic presence in speaker-audited Miller Center paragraphs. It is not historical validation, model confidence, presidential intent, importance, influence, causality, policy success, or representation of the public or presidency as a whole."
actual-speaker-topic-edge-v1,actual-speaker-topic-network-v1,edge_049564eed4846ee4e270b6d61981101053c9a4dbfae0f0a238c7128788bfd405,president_topic,corpus,all-corpus,All eligible corpus,,martin-van-buren,Martin Van Buren,topic_53f9c63ed6aedcab84709226f843c89a577ea30928250cda0021a52c0d9dd5d2,level1,Foreign Relations & Diplomacy,81,8,457,9,8414,32531,0.1772428884026258,0.009626812455431424,0.2586455995819372,supported,supported,True,"All eligible actual-president paragraphs, including topic-free paragraphs, remain in president and scope denominators; topic-free paragraphs create no membership and no edge.",Count each distinct normalized Level 2 topic once per paragraph and each distinct derived Level 1 parent once per paragraph. Preserve one full paragraph-presence membership for every topic; do not divide a paragraph fractionally. Topic shares are non-additive and may sum above 100%.,3,"Descriptive AI-assigned topic presence in speaker-audited Miller Center paragraphs. It is not historical validation, model confidence, presidential intent, importance, influence, causality, policy success, or representation of the public or presidency as a whole."
actual-speaker-topic-edge-v1,actual-speaker-topic-network-v1,edge_9b29dfe8a38827bc8e5286470668c22e52ed8093dac4db7b99155c348181e8ec,president_topic,corpus,all-corpus,All eligible corpus,,martin-van-buren,Martin Van Buren,topic_07f03bf056ab3503c6f721cf2a606b728b9cbb858d7d919fca46cd6135a32a2b,level1,War & Military Affairs,30,5,457,9,5527,32531,0.06564551422319474,0.005427899402931066,0.16989948049552733,supported,supported,True,"All eligible actual-president paragraphs, including topic-free paragraphs, remain in president and scope denominators; topic-free paragraphs create no membership and no edge.",Count each distinct normalized Level 2 topic once per paragraph and each distinct derived Level 1 parent once per paragraph. Preserve one full paragraph-presence membership for every topic; do not divide a paragraph fractionally. Topic shares are non-additive and may sum above 100%.,3,"Descriptive AI-assigned topic presence in speaker-audited Miller Center paragraphs. It is not historical validation, model confidence, presidential intent, importance, influence, causality, policy success, or representation of the public or presidency as a whole."
actual-speaker-topic-edge-v1,actual-speaker-topic-network-v1,edge_73e5bb76d986a53d5bd5a4a926981cc6f35b274b8c8bde151c5cebe3ae91b056,president_topic,corpus,all-corpus,All eligible corpus,,martin-van-buren,Martin Van Buren,topic_43ec056a6101afa1e938480103aecd71dd5f41580556a5f8d2a92b6a7cb39e2e,level1,"Money, Banking & Currency",166,5,457,9,1454,32531,0.36323851203501095,0.11416781292984869,0.04469582859426393,supported,supported,True,"All eligible actual-president paragraphs, including topic-free paragraphs, remain in president and scope denominators; topic-free paragraphs create no membership and no edge.",Count each distinct normalized Level 2 topic once per paragraph and each distinct derived Level 1 parent once per paragraph. Preserve one full paragraph-presence membership for every topic; do not divide a paragraph fractionally. Topic shares are non-additive and may sum above 100%.,3,"Descriptive AI-assigned topic presence in speaker-audited Miller Center paragraphs. It is not historical validation, model confidence, presidential intent, importance, influence, causality, policy success, or representation of the public or presidency as a whole."
actual-speaker-topic-edge-v1,actual-speaker-topic-network-v1,edge_a4d5b85fd63383b27d601c68c5428114e12625e5776b5efd1b6d90379b3f6d69,president_topic,corpus,all-corpus,All eligible corpus,,martin-van-buren,Martin Van Buren,topic_c111a85539516b19ce3d0ebf88102afc3f5136f06811be7ef7952ae6cc9d714c,level1,Public Finance & Taxation,70,6,457,9,2743,32531,0.15317286652078774,0.025519504192489974,0.08431957210045803,supported,supported,True,"All eligible actual-president paragraphs, including topic-free paragraphs, remain in president and scope denominators; topic-free paragraphs create no membership and no edge.",Count each distinct normalized Level 2 topic once per paragraph and each distinct derived Level 1 parent once per paragraph. Preserve one full paragraph-presence membership for every topic; do not divide a paragraph fractionally. Topic shares are non-additive and may sum above 100%.,3,"Descriptive AI-assigned topic presence in speaker-audited Miller Center paragraphs. It is not historical validation, model confidence, presidential intent, importance, influence, causality, policy success, or representation of the public or presidency as a whole."
actual-speaker-topic-edge-v1,actual-speaker-topic-network-v1,edge_812b8ec076a498c858ca13b2a97961d94c2efb17f28dc98a501c4f64859fbe10,president_topic,corpus,all-corpus,All eligible corpus,,martin-van-buren,Martin Van Buren,topic_b9fc73bb18ca058e7f189c867a51071c93e7fea7d67167933f18846a43f46e2c,level1,Constitutional Order & Governance,67,7,457,9,4188,32531,0.14660831509846828,0.01599808978032474,0.12873874150809997,supported,supported,True,"All eligible actual-president paragraphs, including topic-free paragraphs, remain in president and scope denominators; topic-free paragraphs create no membership and no edge.",Count each distinct normalized Level 2 topic once per paragraph and each distinct derived Level 1 parent once per paragraph. Preserve one full paragraph-presence membership for every topic; do not divide a paragraph fractionally. Topic shares are non-additive and may sum above 100%.,3,"Descriptive AI-assigned topic presence in speaker-audited Miller Center paragraphs. It is not historical validation, model confidence, presidential intent, importance, influence, causality, policy success, or representation of the public or presidency as a whole."
actual-speaker-topic-edge-v1,actual-speaker-topic-network-v1,edge_0d1b63b002b424473f99f265d35ca697ef4bf0a042605346049b061ab0d2439b,president_topic,corpus,all-corpus,All eligible corpus,,martin-van-buren,Martin Van Buren,topic_808789d7a0e8edad0be5ec687efb103a704d7b1ebd37e9e78d628803197b9205,level1,Procedural & Administrative,30,6,457,9,1320,32531,0.06564551422319474,0.022727272727272728,0.04057668070455873,supported,supported,True,"All eligible actual-president paragraphs, including topic-free paragraphs, remain in president and scope denominators; topic-free paragraphs create no membership and no edge.",Count each distinct normalized Level 2 topic once per paragraph and each distinct derived Level 1 parent once per paragraph. Preserve one full paragraph-presence membership for every topic; do not divide a paragraph fractionally. Topic shares are non-additive and may sum above 100%.,3,"Descriptive AI-assigned topic presence in speaker-audited Miller Center paragraphs. It is not historical validation, model confidence, presidential intent, importance, influence, causality, policy success, or representation of the public or presidency as a whole."
actual-speaker-topic-edge-v1,actual-speaker-topic-network-v1,edge_f64e471355574a0cf1f1f1f468cde3e8b148a9e737d5b3d441509341ff082c39,president_topic,corpus,all-corpus,All eligible corpus,,john-tyler,John Tyler,topic_53f9c63ed6aedcab84709226f843c89a577ea30928250cda0021a52c0d9dd5d2,level1,Foreign Relations & Diplomacy,162,12,495,18,8414,32531,0.32727272727272727,0.019253624910862847,0.2586455995819372,supported,supported,True,"All eligible actual-president paragraphs, including topic-free paragraphs, remain in president and scope denominators; topic-free paragraphs create no membership and no edge.",Count each distinct normalized Level 2 topic once per paragraph and each distinct derived Level 1 parent once per paragraph. Preserve one full paragraph-presence membership for every topic; do not divide a paragraph fractionally. Topic shares are non-additive and may sum above 100%.,3,"Descriptive AI-assigned topic presence in speaker-audited Miller Center paragraphs. It is not historical validation, model confidence, presidential intent, importance, influence, causality, policy success, or representation of the public or presidency as a whole."
actual-speaker-topic-edge-v1,actual-speaker-topic-network-v1,edge_e102cbed170508be29541dd716f0b0d3522cb8b61b1b0081bc596bac63dd5b07,president_topic,corpus,all-corpus,All eligible corpus,,john-tyler,John Tyler,topic_07f03bf056ab3503c6f721cf2a606b728b9cbb858d7d919fca46cd6135a32a2b,level1,War & Military Affairs,36,10,495,18,5527,32531,0.07272727272727272,0.006513479283517279,0.16989948049552733,supported,supported,True,"All eligible actual-president paragraphs, including topic-free paragraphs, remain in president and scope denominators; topic-free paragraphs create no membership and no edge.",Count each distinct normalized Level 2 topic once per paragraph and each distinct derived Level 1 parent once per paragraph. Preserve one full paragraph-presence membership for every topic; do not divide a paragraph fractionally. Topic shares are non-additive and may sum above 100%.,3,"Descriptive AI-assigned topic presence in speaker-audited Miller Center paragraphs. It is not historical validation, model confidence, presidential intent, importance, influence, causality, policy success, or representation of the public or presidency as a whole."
actual-speaker-topic-edge-v1,actual-speaker-topic-network-v1,edge_1fe45ef1750c028c8c3675c463c81524edc86badfcae30feafc5de6c52198966,president_topic,corpus,all-corpus,All eligible corpus,,john-tyler,John Tyler,topic_43ec056a6101afa1e938480103aecd71dd5f41580556a5f8d2a92b6a7cb39e2e,level1,"Money, Banking & Currency",92,10,495,18,1454,32531,0.18585858585858586,0.06327372764786796,0.04469582859426393,supported,supported,True,"All eligible actual-president paragraphs, including topic-free paragraphs, remain in president and scope denominators; topic-free paragraphs create no membership and no edge.",Count each distinct normalized Level 2 topic once per paragraph and each distinct derived Level 1 parent once per paragraph. Preserve one full paragraph-presence membership for every topic; do not divide a paragraph fractionally. Topic shares are non-additive and may sum above 100%.,3,"Descriptive AI-assigned topic presence in speaker-audited Miller Center paragraphs. It is not historical validation, model confidence, presidential intent, importance, influence, causality, policy success, or representation of the public or presidency as a whole."
actual-speaker-topic-edge-v1,actual-speaker-topic-network-v1,edge_ed3e3622b974f016884a1bc8e212fcf2f928f525a88e630d6fd706d3f4125a79,president_topic,corpus,all-corpus,All eligible corpus,,john-tyler,John Tyler,topic_3e8647a4799e061a665118eb000c5f9ad645c931743a74bfe085cbb18238ed6e,level1,"Trade, Commerce & Tariffs",46,9,495,18,2184,32531,0.09292929292929293,0.021062271062271064,0.0671359626202699,supported,supported,True,"All eligible actual-president paragraphs, including topic-free paragraphs, remain in president and scope denominators; topic-free paragraphs create no membership and no edge.",Count each distinct normalized Level 2 topic once per paragraph and each distinct derived Level 1 parent once per paragraph. Preserve one full paragraph-presence membership for every topic; do not divide a paragraph fractionally. Topic shares are non-additive and may sum above 100%.,3,"Descriptive AI-assigned topic presence in speaker-audited Miller Center paragraphs. It is not historical validation, model confidence, presidential intent, importance, influence, causality, policy success, or representation of the public or presidency as a whole."
actual-speaker-topic-edge-v1,actual-speaker-topic-network-v1,edge_551a66f7cf49fde039d9b50bc36906aef7442051564d5ba51de4b1baefd5aca8,president_topic,corpus,all-corpus,All eligible corpus,,john-tyler,John Tyler,topic_c111a85539516b19ce3d0ebf88102afc3f5136f06811be7ef7952ae6cc9d714c,level1,Public Finance & Taxation,73,9,495,18,2743,32531,0.14747474747474748,0.026613197229310975,0.08431957210045803,supported,supported,True,"All eligible actual-president paragraphs, including topic-free paragraphs, remain in president and scope denominators; topic-free paragraphs create no membership and no edge.",Count each distinct normalized Level 2 topic once per paragraph and each distinct derived Level 1 parent once per paragraph. Preserve one full paragraph-presence membership for every topic; do not divide a paragraph fractionally. Topic shares are non-additive and may sum above 100%.,3,"Descriptive AI-assigned topic presence in speaker-audited Miller Center paragraphs. It is not historical validation, model confidence, presidential intent, importance, influence, causality, policy success, or representation of the public or presidency as a whole."
actual-speaker-topic-edge-v1,actual-speaker-topic-network-v1,edge_a1c44c31997e66e0c62cad747e0e8a319945408795462f083ed22bc13c42e446,president_topic,corpus,all-corpus,All eligible corpus,,john-tyler,John Tyler,topic_ef78a18511fbadc390b6b2c81b7205f6fbf8a9bd8b0b3a6b135e894f47157e83,level1,"Agriculture, Land & Environment",32,9,495,18,1565,32531,0.06464646464646465,0.020447284345047924,0.048107958562601826,supported,supported,True,"All eligible actual-president paragraphs, including topic-free paragraphs, remain in president and scope denominators; topic-free paragraphs create no membership and no edge.",Count each distinct normalized Level 2 topic once per paragraph and each distinct derived Level 1 parent once per paragraph. Preserve one full paragraph-presence membership for every topic; do not divide a paragraph fractionally. Topic shares are non-additive and may sum above 100%.,3,"Descriptive AI-assigned topic presence in speaker-audited Miller Center paragraphs. It is not historical validation, model confidence, presidential intent, importance, influence, causality, policy success, or representation of the public or presidency as a whole."
actual-speaker-topic-edge-v1,actual-speaker-topic-network-v1,edge_95422ae3f2c0d3cdf01bdceca974d676ba27d025b8df7aee92676530c3bafa02,president_topic,corpus,all-corpus,All eligible corpus,,john-tyler,John Tyler,topic_b9fc73bb18ca058e7f189c867a51071c93e7fea7d67167933f18846a43f46e2c,level1,Constitutional Order & Governance,88,13,495,18,4188,32531,0.17777777777777778,0.021012416427889206,0.12873874150809997,supported,supported,True,"All eligible actual-president paragraphs, including topic-free paragraphs, remain in president and scope denominators; topic-free paragraphs create no membership and no edge.",Count each distinct normalized Level 2 topic once per paragraph and each distinct derived Level 1 parent once per paragraph. Preserve one full paragraph-presence membership for every topic; do not divide a paragraph fractionally. Topic shares are non-additive and may sum above 100%.,3,"Descriptive AI-assigned topic presence in speaker-audited Miller Center paragraphs. It is not historical validation, model confidence, presidential intent, importance, influence, causality, policy success, or representation of the public or presidency as a whole."
actual-speaker-topic-edge-v1,actual-speaker-topic-network-v1,edge_83f59edc183a49cb9022c8115a9129b101ab0618e60dd1839eac899e71ebf095,president_topic,corpus,all-corpus,All eligible corpus,,john-tyler,John Tyler,topic_808789d7a0e8edad0be5ec687efb103a704d7b1ebd37e9e78d628803197b9205,level1,Procedural & Administrative,21,7,495,18,1320,32531,0.04242424242424243,0.015909090909090907,0.04057668070455873,supported,supported,True,"All eligible actual-president paragraphs, including topic-free paragraphs, remain in president and scope denominators; topic-free paragraphs create no membership and no edge.",Count each distinct normalized Level 2 topic once per paragraph and each distinct derived Level 1 parent once per paragraph. Preserve one full paragraph-presence membership for every topic; do not divide a paragraph fractionally. Topic shares are non-additive and may sum above 100%.,3,"Descriptive AI-assigned topic presence in speaker-audited Miller Center paragraphs. It is not historical validation, model confidence, presidential intent, importance, influence, causality, policy success, or representation of the public or presidency as a whole."
actual-speaker-topic-edge-v1,actual-speaker-topic-network-v1,edge_741a62263157abd4dc9f08e424090672e875b6c4116bb3c0d67357dc201f1908,president_topic,corpus,all-corpus,All eligible corpus,,james-k-polk,James K. Polk,topic_53f9c63ed6aedcab84709226f843c89a577ea30928250cda0021a52c0d9dd5d2,level1,Foreign Relations & Diplomacy,209,17,686,24,8414,32531,0.30466472303207,0.02483955312574281,0.2586455995819372,supported,supported,True,"All eligible actual-president paragraphs, including topic-free paragraphs, remain in president and scope denominators; topic-free paragraphs create no membership and no edge.",Count each distinct normalized Level 2 topic once per paragraph and each distinct derived Level 1 parent once per paragraph. Preserve one full paragraph-presence membership for every topic; do not divide a paragraph fractionally. Topic shares are non-additive and may sum above 100%.,3,"Descriptive AI-assigned topic presence in speaker-audited Miller Center paragraphs. It is not historical validation, model confidence, presidential intent, importance, influence, causality, policy success, or representation of the public or presidency as a whole."
actual-speaker-topic-edge-v1,actual-speaker-topic-network-v1,edge_88ac4f1184f06bf5e548c4ea7dd80282f7ce7f4f2fa982bca8303196acd9216b,president_topic,corpus,all-corpus,All eligible corpus,,james-k-polk,James K. Polk,topic_07f03bf056ab3503c6f721cf2a606b728b9cbb858d7d919fca46cd6135a32a2b,level1,War & Military Affairs,213,18,686,24,5527,32531,0.3104956268221574,0.03853808576081057,0.16989948049552733,supported,supported,True,"All eligible actual-president paragraphs, including topic-free paragraphs, remain in president and scope denominators; topic-free paragraphs create no membership and no edge.",Count each distinct normalized Level 2 topic once per paragraph and each distinct derived Level 1 parent once per paragraph. Preserve one full paragraph-presence membership for every topic; do not divide a paragraph fractionally. Topic shares are non-additive and may sum above 100%.,3,"Descriptive AI-assigned topic presence in speaker-audited Miller Center paragraphs. It is not historical validation, model confidence, presidential intent, importance, influence, causality, policy success, or representation of the public or presidency as a whole."
actual-speaker-topic-edge-v1,actual-speaker-topic-network-v1,edge_ca5b8ab84cb2db36e32a66a924ddc7136be152341febe032ab7aaaab32f5154f,president_topic,corpus,all-corpus,All eligible corpus,,james-k-polk,James K. Polk,topic_43ec056a6101afa1e938480103aecd71dd5f41580556a5f8d2a92b6a7cb39e2e,level1,"Money, Banking & Currency",48,5,686,24,1454,32531,0.06997084548104957,0.033012379642365884,0.04469582859426393,supported,supported,True,"All eligible actual-president paragraphs, including topic-free paragraphs, remain in president and scope denominators; topic-free paragraphs create no membership and no edge.",Count each distinct normalized Level 2 topic once per paragraph and each distinct derived Level 1 parent once per paragraph. Preserve one full paragraph-presence membership for every topic; do not divide a paragraph fractionally. Topic shares are non-additive and may sum above 100%.,3,"Descriptive AI-assigned topic presence in speaker-audited Miller Center paragraphs. It is not historical validation, model confidence, presidential intent, importance, influence, causality, policy success, or representation of the public or presidency as a whole."
actual-speaker-topic-edge-v1,actual-speaker-topic-network-v1,edge_b8a0eedef656eae85062f8742676688f496e11b913d62dc11a8cc860a8073c60,president_topic,corpus,all-corpus,All eligible corpus,,james-k-polk,James K. Polk,topic_3e8647a4799e061a665118eb000c5f9ad645c931743a74bfe085cbb18238ed6e,level1,"Trade, Commerce & Tariffs",78,9,686,24,2184,32531,0.11370262390670553,0.03571428571428571,0.0671359626202699,supported,supported,True,"All eligible actual-president paragraphs, including topic-free paragraphs, remain in president and scope denominators; topic-free paragraphs create no membership and no edge.",Count each distinct normalized Level 2 topic once per paragraph and each distinct derived Level 1 parent once per paragraph. Preserve one full paragraph-presence membership for every topic; do not divide a paragraph fractionally. Topic shares are non-additive and may sum above 100%.,3,"Descriptive AI-assigned topic presence in speaker-audited Miller Center paragraphs. It is not historical validation, model confidence, presidential intent, importance, influence, causality, policy success, or representation of the public or presidency as a whole."
actual-speaker-topic-edge-v1,actual-speaker-topic-network-v1,edge_c8647ef3fa7af30967e01b6a26e2a3976871cf11ba61c64281c9d285f0bfd66f,president_topic,corpus,all-corpus,All eligible corpus,,james-k-polk,James K. Polk,topic_c111a85539516b19ce3d0ebf88102afc3f5136f06811be7ef7952ae6cc9d714c,level1,Public Finance & Taxation,71,11,686,24,2743,32531,0.10349854227405247,0.025884068538096973,0.08431957210045803,supported,supported,True,"All eligible actual-president paragraphs, including topic-free paragraphs, remain in president and scope denominators; topic-free paragraphs create no membership and no edge.",Count each distinct normalized Level 2 topic once per paragraph and each distinct derived Level 1 parent once per paragraph. Preserve one full paragraph-presence membership for every topic; do not divide a paragraph fractionally. Topic shares are non-additive and may sum above 100%.,3,"Descriptive AI-assigned topic presence in speaker-audited Miller Center paragraphs. It is not historical validation, model confidence, presidential intent, importance, influence, causality, policy success, or representation of the public or presidency as a whole."
actual-speaker-topic-edge-v1,actual-speaker-topic-network-v1,edge_f55e59f96b9ee42c0dea10ca812ffe0d4ec168589cdc5cfa687bc5309cdc7ced,president_topic,corpus,all-corpus,All eligible corpus,,james-k-polk,James K. Polk,topic_ef78a18511fbadc390b6b2c81b7205f6fbf8a9bd8b0b3a6b135e894f47157e83,level1,"Agriculture, Land & Environment",48,11,686,24,1565,32531,0.06997084548104957,0.030670926517571886,0.048107958562601826,supported,supported,True,"All eligible actual-president paragraphs, including topic-free paragraphs, remain in president and scope denominators; topic-free paragraphs create no membership and no edge.",Count each distinct normalized Level 2 topic once per paragraph and each distinct derived Level 1 parent once per paragraph. Preserve one full paragraph-presence membership for every topic; do not divide a paragraph fractionally. Topic shares are non-additive and may sum above 100%.,3,"Descriptive AI-assigned topic presence in speaker-audited Miller Center paragraphs. It is not historical validation, model confidence, presidential intent, importance, influence, causality, policy success, or representation of the public or presidency as a whole."
actual-speaker-topic-edge-v1,actual-speaker-topic-network-v1,edge_9dd842d0c53e744d0e42a00b5816f1d6d06802e1c650f00d37d98be166c335e1,president_topic,corpus,all-corpus,All eligible corpus,,james-k-polk,James K. Polk,topic_c092ca5bdad12513ef74aa364f2bf7a6db5cb739f929d0f0ef4779e5c868cbcd,level1,Infrastructure & Internal Improvements,27,5,686,24,1897,32531,0.03935860058309038,0.014232999472851872,0.05831360855799084,supported,supported,True,"All eligible actual-president paragraphs, including topic-free paragraphs, remain in president and scope denominators; topic-free paragraphs create no membership and no edge.",Count each distinct normalized Level 2 topic once per paragraph and each distinct derived Level 1 parent once per paragraph. Preserve one full paragraph-presence membership for every topic; do not divide a paragraph fractionally. Topic shares are non-additive and may sum above 100%.,3,"Descriptive AI-assigned topic presence in speaker-audited Miller Center paragraphs. It is not historical validation, model confidence, presidential intent, importance, influence, causality, policy success, or representation of the public or presidency as a whole."
actual-speaker-topic-edge-v1,actual-speaker-topic-network-v1,edge_f295bac59883eeff930f6308536c188171d5011fd6bf55c9da59a0d18ef9fb48,president_topic,corpus,all-corpus,All eligible corpus,,james-k-polk,James K. Polk,topic_3493d9b6ff51b17cc78f8191a4ac1b2eae5bb4ff7f269114b248d590851a7ed8,level1,Indian & Tribal Affairs,40,9,686,24,682,32531,0.05830903790087463,0.05865102639296188,0.02096461836402201,supported,supported,True,"All eligible actual-president paragraphs, including topic-free paragraphs, remain in president and scope denominators; topic-free paragraphs create no membership and no edge.",Count each distinct normalized Level 2 topic once per paragraph and each distinct derived Level 1 parent once per paragraph. Preserve one full paragraph-presence membership for every topic; do not divide a paragraph fractionally. Topic shares are non-additive and may sum above 100%.,3,"Descriptive AI-assigned topic presence in speaker-audited Miller Center paragraphs. It is not historical validation, model confidence, presidential intent, importance, influence, causality, policy success, or representation of the public or presidency as a whole."
actual-speaker-topic-edge-v1,actual-speaker-topic-network-v1,edge_3a52cae6fd08e303ed5219a924d65dd31aad5c5688058d9333b65a6e3ef277df,president_topic,corpus,all-corpus,All eligible corpus,,james-k-polk,James K. Polk,topic_b9fc73bb18ca058e7f189c867a51071c93e7fea7d67167933f18846a43f46e2c,level1,Constitutional Order & Governance,154,14,686,24,4188,32531,0.22448979591836735,0.03677172874880611,0.12873874150809997,supported,supported,True,"All eligible actual-president paragraphs, including topic-free paragraphs, remain in president and scope denominators; topic-free paragraphs create no membership and no edge.",Count each distinct normalized Level 2 topic once per paragraph and each distinct derived Level 1 parent once per paragraph. Preserve one full paragraph-presence membership for every topic; do not divide a paragraph fractionally. Topic shares are non-additive and may sum above 100%.,3,"Descriptive AI-assigned topic presence in speaker-audited Miller Center paragraphs. It is not historical validation, model confidence, presidential intent, importance, influence, causality, policy success, or representation of the public or presidency as a whole."
actual-speaker-topic-edge-v1,actual-speaker-topic-network-v1,edge_b26e4932fc42b45797f96f3e05836a30e24fb828dcc0437ae98d6d554fe8b1cc,president_topic,corpus,all-corpus,All eligible corpus,,james-k-polk,James K. Polk,topic_808789d7a0e8edad0be5ec687efb103a704d7b1ebd37e9e78d628803197b9205,level1,Procedural & Administrative,22,7,686,24,1320,32531,0.03206997084548105,0.016666666666666666,0.04057668070455873,supported,supported,True,"All eligible actual-president paragraphs, including topic-free paragraphs, remain in president and scope denominators; topic-free paragraphs create no membership and no edge.",Count each distinct normalized Level 2 topic once per paragraph and each distinct derived Level 1 parent once per paragraph. Preserve one full paragraph-presence membership for every topic; do not divide a paragraph fractionally. Topic shares are non-additive and may sum above 100%.,3,"Descriptive AI-assigned topic presence in speaker-audited Miller Center paragraphs. It is not historical validation, model confidence, presidential intent, importance, influence, causality, policy success, or representation of the public or presidency as a whole."
actual-speaker-topic-edge-v1,actual-speaker-topic-network-v1,edge_c72395724d9d40880f7bba3bef762787f5683465198b10f8c5c5de444c348ddb,president_topic,corpus,all-corpus,All eligible corpus,,james-k-polk,James K. Polk,topic_73fe8a26a7881c104f8ac0ee90b445177eabd28ec5e36d34a3bdcacd0505cba1,level1,Faith & National Values,21,9,686,24,2953,32531,0.030612244897959183,0.007111412123264477,0.09077495312163782,supported,supported,True,"All eligible actual-president paragraphs, including topic-free paragraphs, remain in president and scope denominators; topic-free paragraphs create no membership and no edge.",Count each distinct normalized Level 2 topic once per paragraph and each distinct derived Level 1 parent once per paragraph. Preserve one full paragraph-presence membership for every topic; do not divide a paragraph fractionally. Topic shares are non-additive and may sum above 100%.,3,"Descriptive AI-assigned topic presence in speaker-audited Miller Center paragraphs. It is not historical validation, model confidence, presidential intent, importance, influence, causality, policy success, or representation of the public or presidency as a whole."
actual-speaker-topic-edge-v1,actual-speaker-topic-network-v1,edge_98d2f46bcd4684952ad523c9ff0847b28e8546dad40be5026427f05d252ad58f,president_topic,corpus,all-corpus,All eligible corpus,,millard-fillmore,Millard Fillmore,topic_53f9c63ed6aedcab84709226f843c89a577ea30928250cda0021a52c0d9dd5d2,level1,Foreign Relations & Diplomacy,88,6,253,7,8414,32531,0.34782608695652173,0.010458759210839077,0.2586455995819372,supported,supported,True,"All eligible actual-president paragraphs, including topic-free paragraphs, remain in president and scope denominators; topic-free paragraphs create no membership and no edge.",Count each distinct normalized Level 2 topic once per paragraph and each distinct derived Level 1 parent once per paragraph. Preserve one full paragraph-presence membership for every topic; do not divide a paragraph fractionally. Topic shares are non-additive and may sum above 100%.,3,"Descriptive AI-assigned topic presence in speaker-audited Miller Center paragraphs. It is not historical validation, model confidence, presidential intent, importance, influence, causality, policy success, or representation of the public or presidency as a whole."
actual-speaker-topic-edge-v1,actual-speaker-topic-network-v1,edge_cb37ed954763d08710c34bbf5b4a2b96dc5817af0efe4e5811c2adde6eedfa92,president_topic,corpus,all-corpus,All eligible corpus,,millard-fillmore,Millard Fillmore,topic_3676810b2915e5e08405c3c9e3ed6b588696c94d35d477e10ed9cc62058597b4,level1,"Law, Crime & Justice",26,5,253,7,1315,32531,0.10276679841897234,0.01977186311787072,0.0404229811564354,supported,supported,True,"All eligible actual-president paragraphs, including topic-free paragraphs, remain in president and scope denominators; topic-free paragraphs create no membership and no edge.",Count each distinct normalized Level 2 topic once per paragraph and each distinct derived Level 1 parent once per paragraph. Preserve one full paragraph-presence membership for every topic; do not divide a paragraph fractionally. Topic shares are non-additive and may sum above 100%.,3,"Descriptive AI-assigned topic presence in speaker-audited Miller Center paragraphs. It is not historical validation, model confidence, presidential intent, importance, influence, causality, policy success, or representation of the public or presidency as a whole."
actual-speaker-topic-edge-v1,actual-speaker-topic-network-v1,edge_92c60ca315be7ecfa9e3439d16798b30f52bab30f78d08695dcbd521b9f2c9ad,president_topic,corpus,all-corpus,All eligible corpus,,millard-fillmore,Millard Fillmore,topic_b9fc73bb18ca058e7f189c867a51071c93e7fea7d67167933f18846a43f46e2c,level1,Constitutional Order & Governance,64,7,253,7,4188,32531,0.25296442687747034,0.015281757402101241,0.12873874150809997,supported,supported,True,"All eligible actual-president paragraphs, including topic-free paragraphs, remain in president and scope denominators; topic-free paragraphs create no membership and no edge.",Count each distinct normalized Level 2 topic once per paragraph and each distinct derived Level 1 parent once per paragraph. Preserve one full paragraph-presence membership for every topic; do not divide a paragraph fractionally. Topic shares are non-additive and may sum above 100%.,3,"Descriptive AI-assigned topic presence in speaker-audited Miller Center paragraphs. It is not historical validation, model confidence, presidential intent, importance, influence, causality, policy success, or representation of the public or presidency as a whole."
actual-speaker-topic-edge-v1,actual-speaker-topic-network-v1,edge_f12443b6b350ec7c2ce9040ffb24735af42f08f4c047b7c2eb96d462fa67390e,president_topic,corpus,all-corpus,All eligible corpus,,franklin-pierce,Franklin Pierce,topic_53f9c63ed6aedcab84709226f843c89a577ea30928250cda0021a52c0d9dd5d2,level1,Foreign Relations & Diplomacy,158,10,451,15,8414,32531,0.35033259423503327,0.018778226764915616,0.2586455995819372,supported,supported,True,"All eligible actual-president paragraphs, including topic-free paragraphs, remain in president and scope denominators; topic-free paragraphs create no membership and no edge.",Count each distinct normalized Level 2 topic once per paragraph and each distinct derived Level 1 parent once per paragraph. Preserve one full paragraph-presence membership for every topic; do not divide a paragraph fractionally. Topic shares are non-additive and may sum above 100%.,3,"Descriptive AI-assigned topic presence in speaker-audited Miller Center paragraphs. It is not historical validation, model confidence, presidential intent, importance, influence, causality, policy success, or representation of the public or presidency as a whole."
actual-speaker-topic-edge-v1,actual-speaker-topic-network-v1,edge_77d1735e6b8faa1bc375ac203b5a143b17347f6cd327b82245e5a75a63cee477,president_topic,corpus,all-corpus,All eligible corpus,,franklin-pierce,Franklin Pierce,topic_07f03bf056ab3503c6f721cf2a606b728b9cbb858d7d919fca46cd6135a32a2b,level1,War & Military Affairs,44,7,451,15,5527,32531,0.0975609756097561,0.007960919124298896,0.16989948049552733,supported,supported,True,"All eligible actual-president paragraphs, including topic-free paragraphs, remain in president and scope denominators; topic-free paragraphs create no membership and no edge.",Count each distinct normalized Level 2 topic once per paragraph and each distinct derived Level 1 parent once per paragraph. Preserve one full paragraph-presence membership for every topic; do not divide a paragraph fractionally. Topic shares are non-additive and may sum above 100%.,3,"Descriptive AI-assigned topic presence in speaker-audited Miller Center paragraphs. It is not historical validation, model confidence, presidential intent, importance, influence, causality, policy success, or representation of the public or presidency as a whole."
actual-speaker-topic-edge-v1,actual-speaker-topic-network-v1,edge_8c092e9ea0375995f688498083f57e2ca6fbd48b35d35b0670a2d6c73f516490,president_topic,corpus,all-corpus,All eligible corpus,,franklin-pierce,Franklin Pierce,topic_c111a85539516b19ce3d0ebf88102afc3f5136f06811be7ef7952ae6cc9d714c,level1,Public Finance & Taxation,25,5,451,15,2743,32531,0.05543237250554324,0.00911410864017499,0.08431957210045803,supported,supported,True,"All eligible actual-president paragraphs, including topic-free paragraphs, remain in president and scope denominators; topic-free paragraphs create no membership and no edge.",Count each distinct normalized Level 2 topic once per paragraph and each distinct derived Level 1 parent once per paragraph. Preserve one full paragraph-presence membership for every topic; do not divide a paragraph fractionally. Topic shares are non-additive and may sum above 100%.,3,"Descriptive AI-assigned topic presence in speaker-audited Miller Center paragraphs. It is not historical validation, model confidence, presidential intent, importance, influence, causality, policy success, or representation of the public or presidency as a whole."
actual-speaker-topic-edge-v1,actual-speaker-topic-network-v1,edge_e1442ddd92562b33b3c3bfac7766c60ad06963f9c0925643ac1399f6dadf67ee,president_topic,corpus,all-corpus,All eligible corpus,,franklin-pierce,Franklin Pierce,topic_c092ca5bdad12513ef74aa364f2bf7a6db5cb739f929d0f0ef4779e5c868cbcd,level1,Infrastructure & Internal Improvements,64,5,451,15,1897,32531,0.1419068736141907,0.03373748023194518,0.05831360855799084,supported,supported,True,"All eligible actual-president paragraphs, including topic-free paragraphs, remain in president and scope denominators; topic-free paragraphs create no membership and no edge.",Count each distinct normalized Level 2 topic once per paragraph and each distinct derived Level 1 parent once per paragraph. Preserve one full paragraph-presence membership for every topic; do not divide a paragraph fractionally. Topic shares are non-additive and may sum above 100%.,3,"Descriptive AI-assigned topic presence in speaker-audited Miller Center paragraphs. It is not historical validation, model confidence, presidential intent, importance, influence, causality, policy success, or representation of the public or presidency as a whole."
actual-speaker-topic-edge-v1,actual-speaker-topic-network-v1,edge_e10bf91e763b1eff3e9f087730cc710a0f7455a3c4245ea28092b89ddbdbd888,president_topic,corpus,all-corpus,All eligible corpus,,franklin-pierce,Franklin Pierce,topic_69c2f2e5246434489ce5d23ab22aff61e0e45f95df48cd62755c0cc84ca18853,level1,Civil Rights & Immigration,56,6,451,15,2617,32531,0.12416851441241686,0.021398547955674436,0.08044634348775015,supported,supported,True,"All eligible actual-president paragraphs, including topic-free paragraphs, remain in president and scope denominators; topic-free paragraphs create no membership and no edge.",Count each distinct normalized Level 2 topic once per paragraph and each distinct derived Level 1 parent once per paragraph. Preserve one full paragraph-presence membership for every topic; do not divide a paragraph fractionally. Topic shares are non-additive and may sum above 100%.,3,"Descriptive AI-assigned topic presence in speaker-audited Miller Center paragraphs. It is not historical validation, model confidence, presidential intent, importance, influence, causality, policy success, or representation of the public or presidency as a whole."
actual-speaker-topic-edge-v1,actual-speaker-topic-network-v1,edge_dc5b4cce9d98ff43905933aeb8a7cb09fc339cfcd732c8425ae5295c8306a54e,president_topic,corpus,all-corpus,All eligible corpus,,franklin-pierce,Franklin Pierce,topic_3676810b2915e5e08405c3c9e3ed6b588696c94d35d477e10ed9cc62058597b4,level1,"Law, Crime & Justice",23,7,451,15,1315,32531,0.050997782705099776,0.01749049429657795,0.0404229811564354,supported,supported,True,"All eligible actual-president paragraphs, including topic-free paragraphs, remain in president and scope denominators; topic-free paragraphs create no membership and no edge.",Count each distinct normalized Level 2 topic once per paragraph and each distinct derived Level 1 parent once per paragraph. Preserve one full paragraph-presence membership for every topic; do not divide a paragraph fractionally. Topic shares are non-additive and may sum above 100%.,3,"Descriptive AI-assigned topic presence in speaker-audited Miller Center paragraphs. It is not historical validation, model confidence, presidential intent, importance, influence, causality, policy success, or representation of the public or presidency as a whole."
actual-speaker-topic-edge-v1,actual-speaker-topic-network-v1,edge_980b0920f7e7c38d69facdd23ce9a92e1ca46b621a35c50b285ba0a34bb1c988,president_topic,corpus,all-corpus,All eligible corpus,,franklin-pierce,Franklin Pierce,topic_b9fc73bb18ca058e7f189c867a51071c93e7fea7d67167933f18846a43f46e2c,level1,Constitutional Order & Governance,127,11,451,15,4188,32531,0.28159645232815966,0.030324737344794652,0.12873874150809997,supported,supported,True,"All eligible actual-president paragraphs, including topic-free paragraphs, remain in president and scope denominators; topic-free paragraphs create no membership and no edge.",Count each distinct normalized Level 2 topic once per paragraph and each distinct derived Level 1 parent once per paragraph. Preserve one full paragraph-presence membership for every topic; do not divide a paragraph fractionally. Topic shares are non-additive and may sum above 100%.,3,"Descriptive AI-assigned topic presence in speaker-audited Miller Center paragraphs. It is not historical validation, model confidence, presidential intent, importance, influence, causality, policy success, or representation of the public or presidency as a whole."
actual-speaker-topic-edge-v1,actual-speaker-topic-network-v1,edge_3920dadaa87af16df16a45ca1b4a632842f67e213186be6d8d05fd99b1477b0d,president_topic,corpus,all-corpus,All eligible corpus,,franklin-pierce,Franklin Pierce,topic_808789d7a0e8edad0be5ec687efb103a704d7b1ebd37e9e78d628803197b9205,level1,Procedural & Administrative,20,5,451,15,1320,32531,0.04434589800443459,0.015151515151515152,0.04057668070455873,supported,supported,True,"All eligible actual-president paragraphs, including topic-free paragraphs, remain in president and scope denominators; topic-free paragraphs create no membership and no edge.",Count each distinct normalized Level 2 topic once per paragraph and each distinct derived Level 1 parent once per paragraph. Preserve one full paragraph-presence membership for every topic; do not divide a paragraph fractionally. Topic shares are non-additive and may sum above 100%.,3,"Descriptive AI-assigned topic presence in speaker-audited Miller Center paragraphs. It is not historical validation, model confidence, presidential intent, importance, influence, causality, policy success, or representation of the public or presidency as a whole."
actual-speaker-topic-edge-v1,actual-speaker-topic-network-v1,edge_3135097c10733dd9b16de0425bfceb8bce5376ce7a3933bd69e93a0e36eb6fdb,president_topic,corpus,all-corpus,All eligible corpus,,james-buchanan,James Buchanan,topic_53f9c63ed6aedcab84709226f843c89a577ea30928250cda0021a52c0d9dd5d2,level1,Foreign Relations & Diplomacy,159,9,587,14,8414,32531,0.2708688245315162,0.018897076301402426,0.2586455995819372,supported,supported,True,"All eligible actual-president paragraphs, including topic-free paragraphs, remain in president and scope denominators; topic-free paragraphs create no membership and no edge.",Count each distinct normalized Level 2 topic once per paragraph and each distinct derived Level 1 parent once per paragraph. Preserve one full paragraph-presence membership for every topic; do not divide a paragraph fractionally. Topic shares are non-additive and may sum above 100%.,3,"Descriptive AI-assigned topic presence in speaker-audited Miller Center paragraphs. It is not historical validation, model confidence, presidential intent, importance, influence, causality, policy success, or representation of the public or presidency as a whole."
actual-speaker-topic-edge-v1,actual-speaker-topic-network-v1,edge_7125428810a1a7fd5a26db53bfc5140aae451f250862713b3f80de99e93f59d4,president_topic,corpus,all-corpus,All eligible corpus,,james-buchanan,James Buchanan,topic_07f03bf056ab3503c6f721cf2a606b728b9cbb858d7d919fca46cd6135a32a2b,level1,War & Military Affairs,36,9,587,14,5527,32531,0.06132879045996593,0.006513479283517279,0.16989948049552733,supported,supported,True,"All eligible actual-president paragraphs, including topic-free paragraphs, remain in president and scope denominators; topic-free paragraphs create no membership and no edge.",Count each distinct normalized Level 2 topic once per paragraph and each distinct derived Level 1 parent once per paragraph. Preserve one full paragraph-presence membership for every topic; do not divide a paragraph fractionally. Topic shares are non-additive and may sum above 100%.,3,"Descriptive AI-assigned topic presence in speaker-audited Miller Center paragraphs. It is not historical validation, model confidence, presidential intent, importance, influence, causality, policy success, or representation of the public or presidency as a whole."
actual-speaker-topic-edge-v1,actual-speaker-topic-network-v1,edge_e4c52ab9eb73325ecb82013ea9f119f02f073de88d314b3d805ea5b7a13ae98a,president_topic,corpus,all-corpus,All eligible corpus,,james-buchanan,James Buchanan,topic_3e8647a4799e061a665118eb000c5f9ad645c931743a74bfe085cbb18238ed6e,level1,"Trade, Commerce & Tariffs",43,6,587,14,2184,32531,0.07325383304940375,0.019688644688644688,0.0671359626202699,supported,supported,True,"All eligible actual-president paragraphs, including topic-free paragraphs, remain in president and scope denominators; topic-free paragraphs create no membership and no edge.",Count each distinct normalized Level 2 topic once per paragraph and each distinct derived Level 1 parent once per paragraph. Preserve one full paragraph-presence membership for every topic; do not divide a paragraph fractionally. Topic shares are non-additive and may sum above 100%.,3,"Descriptive AI-assigned topic presence in speaker-audited Miller Center paragraphs. It is not historical validation, model confidence, presidential intent, importance, influence, causality, policy success, or representation of the public or presidency as a whole."
actual-speaker-topic-edge-v1,actual-speaker-topic-network-v1,edge_7ec793e9998e5c3583ceb8ec5367e534346fa9151210b0b16bf6e464bdcb6b86,president_topic,corpus,all-corpus,All eligible corpus,,james-buchanan,James Buchanan,topic_c111a85539516b19ce3d0ebf88102afc3f5136f06811be7ef7952ae6cc9d714c,level1,Public Finance & Taxation,46,8,587,14,2743,32531,0.07836456558773425,0.016769959897921984,0.08431957210045803,supported,supported,True,"All eligible actual-president paragraphs, including topic-free paragraphs, remain in president and scope denominators; topic-free paragraphs create no membership and no edge.",Count each distinct normalized Level 2 topic once per paragraph and each distinct derived Level 1 parent once per paragraph. Preserve one full paragraph-presence membership for every topic; do not divide a paragraph fractionally. Topic shares are non-additive and may sum above 100%.,3,"Descriptive AI-assigned topic presence in speaker-audited Miller Center paragraphs. It is not historical validation, model confidence, presidential intent, importance, influence, causality, policy success, or representation of the public or presidency as a whole."
actual-speaker-topic-edge-v1,actual-speaker-topic-network-v1,edge_ec7735f161c54a97bad3a1a4444247eabfb16c602d3d9fc7ac7d66c4044d4fcc,president_topic,corpus,all-corpus,All eligible corpus,,james-buchanan,James Buchanan,topic_ef78a18511fbadc390b6b2c81b7205f6fbf8a9bd8b0b3a6b135e894f47157e83,level1,"Agriculture, Land & Environment",33,5,587,14,1565,32531,0.056218057921635436,0.021086261980830672,0.048107958562601826,supported,supported,True,"All eligible actual-president paragraphs, including topic-free paragraphs, remain in president and scope denominators; topic-free paragraphs create no membership and no edge.",Count each distinct normalized Level 2 topic once per paragraph and each distinct derived Level 1 parent once per paragraph. Preserve one full paragraph-presence membership for every topic; do not divide a paragraph fractionally. Topic shares are non-additive and may sum above 100%.,3,"Descriptive AI-assigned topic presence in speaker-audited Miller Center paragraphs. It is not historical validation, model confidence, presidential intent, importance, influence, causality, policy success, or representation of the public or presidency as a whole."
actual-speaker-topic-edge-v1,actual-speaker-topic-network-v1,edge_23c9720534c158557ad94300c9506cab947f557678e590e19dc5085a4fbf1f82,president_topic,corpus,all-corpus,All eligible corpus,,james-buchanan,James Buchanan,topic_69c2f2e5246434489ce5d23ab22aff61e0e45f95df48cd62755c0cc84ca18853,level1,Civil Rights & Immigration,96,8,587,14,2617,32531,0.1635434412265758,0.03668322506687046,0.08044634348775015,supported,supported,True,"All eligible actual-president paragraphs, including topic-free paragraphs, remain in president and scope denominators; topic-free paragraphs create no membership and no edge.",Count each distinct normalized Level 2 topic once per paragraph and each distinct derived Level 1 parent once per paragraph. Preserve one full paragraph-presence membership for every topic; do not divide a paragraph fractionally. Topic shares are non-additive and may sum above 100%.,3,"Descriptive AI-assigned topic presence in speaker-audited Miller Center paragraphs. It is not historical validation, model confidence, presidential intent, importance, influence, causality, policy success, or representation of the public or presidency as a whole."
actual-speaker-topic-edge-v1,actual-speaker-topic-network-v1,edge_76bdb1e2986a93138db460440a56eb05c98a025f293e1b0bfdc95c478964badc,president_topic,corpus,all-corpus,All eligible corpus,,james-buchanan,James Buchanan,topic_3676810b2915e5e08405c3c9e3ed6b588696c94d35d477e10ed9cc62058597b4,level1,"Law, Crime & Justice",40,6,587,14,1315,32531,0.06814310051107325,0.030418250950570342,0.0404229811564354,supported,supported,True,"All eligible actual-president paragraphs, including topic-free paragraphs, remain in president and scope denominators; topic-free paragraphs create no membership and no edge.",Count each distinct normalized Level 2 topic once per paragraph and each distinct derived Level 1 parent once per paragraph. Preserve one full paragraph-presence membership for every topic; do not divide a paragraph fractionally. Topic shares are non-additive and may sum above 100%.,3,"Descriptive AI-assigned topic presence in speaker-audited Miller Center paragraphs. It is not historical validation, model confidence, presidential intent, importance, influence, causality, policy success, or representation of the public or presidency as a whole."
actual-speaker-topic-edge-v1,actual-speaker-topic-network-v1,edge_10d7260107519ceb5239b41d7c18c7927006f3b78547cee4631de34da43186de,president_topic,corpus,all-corpus,All eligible corpus,,james-buchanan,James Buchanan,topic_b9fc73bb18ca058e7f189c867a51071c93e7fea7d67167933f18846a43f46e2c,level1,Constitutional Order & Governance,220,13,587,14,4188,32531,0.3747870528109029,0.05253104106972302,0.12873874150809997,supported,supported,True,"All eligible actual-president paragraphs, including topic-free paragraphs, remain in president and scope denominators; topic-free paragraphs create no membership and no edge.",Count each distinct normalized Level 2 topic once per paragraph and each distinct derived Level 1 parent once per paragraph. Preserve one full paragraph-presence membership for every topic; do not divide a paragraph fractionally. Topic shares are non-additive and may sum above 100%.,3,"Descriptive AI-assigned topic presence in speaker-audited Miller Center paragraphs. It is not historical validation, model confidence, presidential intent, importance, influence, causality, policy success, or representation of the public or presidency as a whole."
actual-speaker-topic-edge-v1,actual-speaker-topic-network-v1,edge_70fe65e48cd342ab4ea5179527ea745bcc296a901b4641d4c38eff4c526a6b8c,president_topic,corpus,all-corpus,All eligible corpus,,james-buchanan,James Buchanan,topic_808789d7a0e8edad0be5ec687efb103a704d7b1ebd37e9e78d628803197b9205,level1,Procedural & Administrative,32,7,587,14,1320,32531,0.054514480408858604,0.024242424242424242,0.04057668070455873,supported,supported,True,"All eligible actual-president paragraphs, including topic-free paragraphs, remain in president and scope denominators; topic-free paragraphs create no membership and no edge.",Count each distinct normalized Level 2 topic once per paragraph and each distinct derived Level 1 parent once per paragraph. Preserve one full paragraph-presence membership for every topic; do not divide a paragraph fractionally. Topic shares are non-additive and may sum above 100%.,3,"Descriptive AI-assigned topic presence in speaker-audited Miller Center paragraphs. It is not historical validation, model confidence, presidential intent, importance, influence, causality, policy success, or representation of the public or presidency as a whole."
actual-speaker-topic-edge-v1,actual-speaker-topic-network-v1,edge_5399670ffc7007a94841e303d32654e0ff4ab7a23f91a8003d0247465508f250,president_topic,corpus,all-corpus,All eligible corpus,,abraham-lincoln,Abraham Lincoln,topic_53f9c63ed6aedcab84709226f843c89a577ea30928250cda0021a52c0d9dd5d2,level1,Foreign Relations & Diplomacy,47,7,663,15,8414,32531,0.07088989441930618,0.005585928214879962,0.2586455995819372,supported,supported,True,"All eligible actual-president paragraphs, including topic-free paragraphs, remain in president and scope denominators; topic-free paragraphs create no membership and no edge.",Count each distinct normalized Level 2 topic once per paragraph and each distinct derived Level 1 parent once per paragraph. Preserve one full paragraph-presence membership for every topic; do not divide a paragraph fractionally. Topic shares are non-additive and may sum above 100%.,3,"Descriptive AI-assigned topic presence in speaker-audited Miller Center paragraphs. It is not historical validation, model confidence, presidential intent, importance, influence, causality, policy success, or representation of the public or presidency as a whole."
actual-speaker-topic-edge-v1,actual-speaker-topic-network-v1,edge_61a28eb02f536f08af159d11554e6bdb7ca24cf952acb9df8b7112d381f3fad4,president_topic,corpus,all-corpus,All eligible corpus,,abraham-lincoln,Abraham Lincoln,topic_07f03bf056ab3503c6f721cf2a606b728b9cbb858d7d919fca46cd6135a32a2b,level1,War & Military Affairs,60,10,663,15,5527,32531,0.09049773755656108,0.010855798805862132,0.16989948049552733,supported,supported,True,"All eligible actual-president paragraphs, including topic-free paragraphs, remain in president and scope denominators; topic-free paragraphs create no membership and no edge.",Count each distinct normalized Level 2 topic once per paragraph and each distinct derived Level 1 parent once per paragraph. Preserve one full paragraph-presence membership for every topic; do not divide a paragraph fractionally. Topic shares are non-additive and may sum above 100%.,3,"Descriptive AI-assigned topic presence in speaker-audited Miller Center paragraphs. It is not historical validation, model confidence, presidential intent, importance, influence, causality, policy success, or representation of the public or presidency as a whole."
actual-speaker-topic-edge-v1,actual-speaker-topic-network-v1,edge_ff3814dadb450a335480e5c8f49c75ca843cdd26381d89d261f4e4d62e520f87,president_topic,corpus,all-corpus,All eligible corpus,,abraham-lincoln,Abraham Lincoln,topic_c111a85539516b19ce3d0ebf88102afc3f5136f06811be7ef7952ae6cc9d714c,level1,Public Finance & Taxation,31,5,663,15,2743,32531,0.04675716440422323,0.011301494713816989,0.08431957210045803,supported,supported,True,"All eligible actual-president paragraphs, including topic-free paragraphs, remain in president and scope denominators; topic-free paragraphs create no membership and no edge.",Count each distinct normalized Level 2 topic once per paragraph and each distinct derived Level 1 parent once per paragraph. Preserve one full paragraph-presence membership for every topic; do not divide a paragraph fractionally. Topic shares are non-additive and may sum above 100%.,3,"Descriptive AI-assigned topic presence in speaker-audited Miller Center paragraphs. It is not historical validation, model confidence, presidential intent, importance, influence, causality, policy success, or representation of the public or presidency as a whole."
actual-speaker-topic-edge-v1,actual-speaker-topic-network-v1,edge_7542b772373b86f309bcf2b51ee775217fd21f57d68fd7ef0af1b8c31913e128,president_topic,corpus,all-corpus,All eligible corpus,,abraham-lincoln,Abraham Lincoln,topic_69c2f2e5246434489ce5d23ab22aff61e0e45f95df48cd62755c0cc84ca18853,level1,Civil Rights & Immigration,382,13,663,15,2617,32531,0.5761689291101055,0.14596866641192205,0.08044634348775015,supported,supported,True,"All eligible actual-president paragraphs, including topic-free paragraphs, remain in president and scope denominators; topic-free paragraphs create no membership and no edge.",Count each distinct normalized Level 2 topic once per paragraph and each distinct derived Level 1 parent once per paragraph. Preserve one full paragraph-presence membership for every topic; do not divide a paragraph fractionally. Topic shares are non-additive and may sum above 100%.,3,"Descriptive AI-assigned topic presence in speaker-audited Miller Center paragraphs. It is not historical validation, model confidence, presidential intent, importance, influence, causality, policy success, or representation of the public or presidency as a whole."
actual-speaker-topic-edge-v1,actual-speaker-topic-network-v1,edge_3cc2b87443974f5b111ba61d45537e4112cf252c69d8e8577459aa633e40b0c9,president_topic,corpus,all-corpus,All eligible corpus,,abraham-lincoln,Abraham Lincoln,topic_3676810b2915e5e08405c3c9e3ed6b588696c94d35d477e10ed9cc62058597b4,level1,"Law, Crime & Justice",32,6,663,15,1315,32531,0.048265460030165915,0.024334600760456272,0.0404229811564354,supported,supported,True,"All eligible actual-president paragraphs, including topic-free paragraphs, remain in president and scope denominators; topic-free paragraphs create no membership and no edge.",Count each distinct normalized Level 2 topic once per paragraph and each distinct derived Level 1 parent once per paragraph. Preserve one full paragraph-presence membership for every topic; do not divide a paragraph fractionally. Topic shares are non-additive and may sum above 100%.,3,"Descriptive AI-assigned topic presence in speaker-audited Miller Center paragraphs. It is not historical validation, model confidence, presidential intent, importance, influence, causality, policy success, or representation of the public or presidency as a whole."
actual-speaker-topic-edge-v1,actual-speaker-topic-network-v1,edge_a33d5d8b294bf677cf31d92623af9f09c4ad206f3dae37f76399c8d988dcc0d7,president_topic,corpus,all-corpus,All eligible corpus,,abraham-lincoln,Abraham Lincoln,topic_b9fc73bb18ca058e7f189c867a51071c93e7fea7d67167933f18846a43f46e2c,level1,Constitutional Order & Governance,171,13,663,15,4188,32531,0.2579185520361991,0.04083094555873926,0.12873874150809997,supported,supported,True,"All eligible actual-president paragraphs, including topic-free paragraphs, remain in president and scope denominators; topic-free paragraphs create no membership and no edge.",Count each distinct normalized Level 2 topic once per paragraph and each distinct derived Level 1 parent once per paragraph. Preserve one full paragraph-presence membership for every topic; do not divide a paragraph fractionally. Topic shares are non-additive and may sum above 100%.,3,"Descriptive AI-assigned topic presence in speaker-audited Miller Center paragraphs. It is not historical validation, model confidence, presidential intent, importance, influence, causality, policy success, or representation of the public or presidency as a whole."
actual-speaker-topic-edge-v1,actual-speaker-topic-network-v1,edge_2d9622ff1959166ba3319f34aa34de82524e849b204af941003a7ec163c06c3f,president_topic,corpus,all-corpus,All eligible corpus,,abraham-lincoln,Abraham Lincoln,topic_73fe8a26a7881c104f8ac0ee90b445177eabd28ec5e36d34a3bdcacd0505cba1,level1,Faith & National Values,29,14,663,15,2953,32531,0.043740573152337855,0.009820521503555706,0.09077495312163782,supported,supported,True,"All eligible actual-president paragraphs, including topic-free paragraphs, remain in president and scope denominators; topic-free paragraphs create no membership and no edge.",Count each distinct normalized Level 2 topic once per paragraph and each distinct derived Level 1 parent once per paragraph. Preserve one full paragraph-presence membership for every topic; do not divide a paragraph fractionally. Topic shares are non-additive and may sum above 100%.,3,"Descriptive AI-assigned topic presence in speaker-audited Miller Center paragraphs. It is not historical validation, model confidence, presidential intent, importance, influence, causality, policy success, or representation of the public or presidency as a whole."
actual-speaker-topic-edge-v1,actual-speaker-topic-network-v1,edge_eacb9652be78bde599bb9026630b8c7b64e54e60897d0857dbdce249b3d93505,president_topic,corpus,all-corpus,All eligible corpus,,andrew-johnson,Andrew Johnson,topic_07f03bf056ab3503c6f721cf2a606b728b9cbb858d7d919fca46cd6135a32a2b,level1,War & Military Affairs,25,6,636,30,5527,32531,0.03930817610062893,0.004523249502442555,0.16989948049552733,supported,supported,True,"All eligible actual-president paragraphs, including topic-free paragraphs, remain in president and scope denominators; topic-free paragraphs create no membership and no edge.",Count each distinct normalized Level 2 topic once per paragraph and each distinct derived Level 1 parent once per paragraph. Preserve one full paragraph-presence membership for every topic; do not divide a paragraph fractionally. Topic shares are non-additive and may sum above 100%.,3,"Descriptive AI-assigned topic presence in speaker-audited Miller Center paragraphs. It is not historical validation, model confidence, presidential intent, importance, influence, causality, policy success, or representation of the public or presidency as a whole."
actual-speaker-topic-edge-v1,actual-speaker-topic-network-v1,edge_0ab7899e9ab54dcab9dd8bd1bcd84da172eae36bc1e7b9bca4c49e3f8b7b5567,president_topic,corpus,all-corpus,All eligible corpus,,andrew-johnson,Andrew Johnson,topic_c111a85539516b19ce3d0ebf88102afc3f5136f06811be7ef7952ae6cc9d714c,level1,Public Finance & Taxation,50,9,636,30,2743,32531,0.07861635220125786,0.01822821728034998,0.08431957210045803,supported,supported,True,"All eligible actual-president paragraphs, including topic-free paragraphs, remain in president and scope denominators; topic-free paragraphs create no membership and no edge.",Count each distinct normalized Level 2 topic once per paragraph and each distinct derived Level 1 parent once per paragraph. Preserve one full paragraph-presence membership for every topic; do not divide a paragraph fractionally. Topic shares are non-additive and may sum above 100%.,3,"Descriptive AI-assigned topic presence in speaker-audited Miller Center paragraphs. It is not historical validation, model confidence, presidential intent, importance, influence, causality, policy success, or representation of the public or presidency as a whole."
actual-speaker-topic-edge-v1,actual-speaker-topic-network-v1,edge_463d4de5d51a0ea3041ed9fb85db069661a724cfc38f5c6eec33a0bce4820353,president_topic,corpus,all-corpus,All eligible corpus,,andrew-johnson,Andrew Johnson,topic_69c2f2e5246434489ce5d23ab22aff61e0e45f95df48cd62755c0cc84ca18853,level1,Civil Rights & Immigration,285,25,636,30,2617,32531,0.4481132075471698,0.10890332441727169,0.08044634348775015,supported,supported,True,"All eligible actual-president paragraphs, including topic-free paragraphs, remain in president and scope denominators; topic-free paragraphs create no membership and no edge.",Count each distinct normalized Level 2 topic once per paragraph and each distinct derived Level 1 parent once per paragraph. Preserve one full paragraph-presence membership for every topic; do not divide a paragraph fractionally. Topic shares are non-additive and may sum above 100%.,3,"Descriptive AI-assigned topic presence in speaker-audited Miller Center paragraphs. It is not historical validation, model confidence, presidential intent, importance, influence, causality, policy success, or representation of the public or presidency as a whole."
actual-speaker-topic-edge-v1,actual-speaker-topic-network-v1,edge_d5ec2149e949966ecac4ead8785733e22bcd5c69210964d285e32b356da619c8,president_topic,corpus,all-corpus,All eligible corpus,,andrew-johnson,Andrew Johnson,topic_3676810b2915e5e08405c3c9e3ed6b588696c94d35d477e10ed9cc62058597b4,level1,"Law, Crime & Justice",27,12,636,30,1315,32531,0.04245283018867924,0.02053231939163498,0.0404229811564354,supported,supported,True,"All eligible actual-president paragraphs, including topic-free paragraphs, remain in president and scope denominators; topic-free paragraphs create no membership and no edge.",Count each distinct normalized Level 2 topic once per paragraph and each distinct derived Level 1 parent once per paragraph. Preserve one full paragraph-presence membership for every topic; do not divide a paragraph fractionally. Topic shares are non-additive and may sum above 100%.,3,"Descriptive AI-assigned topic presence in speaker-audited Miller Center paragraphs. It is not historical validation, model confidence, presidential intent, importance, influence, causality, policy success, or representation of the public or presidency as a whole."
actual-speaker-topic-edge-v1,actual-speaker-topic-network-v1,edge_1872091e67f29f6383e531c7640d9f62da9f770756c69d84c0162890d71b4405,president_topic,corpus,all-corpus,All eligible corpus,,andrew-johnson,Andrew Johnson,topic_b9fc73bb18ca058e7f189c867a51071c93e7fea7d67167933f18846a43f46e2c,level1,Constitutional Order & Governance,303,26,636,30,4188,32531,0.47641509433962265,0.07234957020057306,0.12873874150809997,supported,supported,True,"All eligible actual-president paragraphs, including topic-free paragraphs, remain in president and scope denominators; topic-free paragraphs create no membership and no edge.",Count each distinct normalized Level 2 topic once per paragraph and each distinct derived Level 1 parent once per paragraph. Preserve one full paragraph-presence membership for every topic; do not divide a paragraph fractionally. Topic shares are non-additive and may sum above 100%.,3,"Descriptive AI-assigned topic presence in speaker-audited Miller Center paragraphs. It is not historical validation, model confidence, presidential intent, importance, influence, causality, policy success, or representation of the public or presidency as a whole."
actual-speaker-topic-edge-v1,actual-speaker-topic-network-v1,edge_9a17140bff0260846bbdc448cd5bf9e3ff4eccc4a7f1e757ba0e45c33fdaeddd,president_topic,corpus,all-corpus,All eligible corpus,,andrew-johnson,Andrew Johnson,topic_808789d7a0e8edad0be5ec687efb103a704d7b1ebd37e9e78d628803197b9205,level1,Procedural & Administrative,24,10,636,30,1320,32531,0.03773584905660377,0.01818181818181818,0.04057668070455873,supported,supported,True,"All eligible actual-president paragraphs, including topic-free paragraphs, remain in president and scope denominators; topic-free paragraphs create no membership and no edge.",Count each distinct normalized Level 2 topic once per paragraph and each distinct derived Level 1 parent once per paragraph. Preserve one full paragraph-presence membership for every topic; do not divide a paragraph fractionally. Topic shares are non-additive and may sum above 100%.,3,"Descriptive AI-assigned topic presence in speaker-audited Miller Center paragraphs. It is not historical validation, model confidence, presidential intent, importance, influence, causality, policy success, or representation of the public or presidency as a whole."
actual-speaker-topic-edge-v1,actual-speaker-topic-network-v1,edge_708c2c5af76a09890b1841b4e0b0f73652101ccbd2c6d5467809f0d374569ea0,president_topic,corpus,all-corpus,All eligible corpus,,ulysses-s-grant,Ulysses S. Grant,topic_53f9c63ed6aedcab84709226f843c89a577ea30928250cda0021a52c0d9dd5d2,level1,Foreign Relations & Diplomacy,231,14,743,29,8414,32531,0.31090174966352624,0.02745424292845258,0.2586455995819372,supported,supported,True,"All eligible actual-president paragraphs, including topic-free paragraphs, remain in president and scope denominators; topic-free paragraphs create no membership and no edge.",Count each distinct normalized Level 2 topic once per paragraph and each distinct derived Level 1 parent once per paragraph. Preserve one full paragraph-presence membership for every topic; do not divide a paragraph fractionally. Topic shares are non-additive and may sum above 100%.,3,"Descriptive AI-assigned topic presence in speaker-audited Miller Center paragraphs. It is not historical validation, model confidence, presidential intent, importance, influence, causality, policy success, or representation of the public or presidency as a whole."
actual-speaker-topic-edge-v1,actual-speaker-topic-network-v1,edge_043127413b24aada71ed6a5f59c84e3e1da31f4e0238afddcab94a16c5b2d47c,president_topic,corpus,all-corpus,All eligible corpus,,ulysses-s-grant,Ulysses S. Grant,topic_07f03bf056ab3503c6f721cf2a606b728b9cbb858d7d919fca46cd6135a32a2b,level1,War & Military Affairs,68,10,743,29,5527,32531,0.09152086137281291,0.012303238646643748,0.16989948049552733,supported,supported,True,"All eligible actual-president paragraphs, including topic-free paragraphs, remain in president and scope denominators; topic-free paragraphs create no membership and no edge.",Count each distinct normalized Level 2 topic once per paragraph and each distinct derived Level 1 parent once per paragraph. Preserve one full paragraph-presence membership for every topic; do not divide a paragraph fractionally. Topic shares are non-additive and may sum above 100%.,3,"Descriptive AI-assigned topic presence in speaker-audited Miller Center paragraphs. It is not historical validation, model confidence, presidential intent, importance, influence, causality, policy success, or representation of the public or presidency as a whole."
actual-speaker-topic-edge-v1,actual-speaker-topic-network-v1,edge_e4dd17d4c8ea819ee9d7e074938cca1df4e3de1e44032bbf998e13478146f2c9,president_topic,corpus,all-corpus,All eligible corpus,,ulysses-s-grant,Ulysses S. Grant,topic_43ec056a6101afa1e938480103aecd71dd5f41580556a5f8d2a92b6a7cb39e2e,level1,"Money, Banking & Currency",71,13,743,29,1454,32531,0.0955585464333782,0.04883081155433287,0.04469582859426393,supported,supported,True,"All eligible actual-president paragraphs, including topic-free paragraphs, remain in president and scope denominators; topic-free paragraphs create no membership and no edge.",Count each distinct normalized Level 2 topic once per paragraph and each distinct derived Level 1 parent once per paragraph. Preserve one full paragraph-presence membership for every topic; do not divide a paragraph fractionally. Topic shares are non-additive and may sum above 100%.,3,"Descriptive AI-assigned topic presence in speaker-audited Miller Center paragraphs. It is not historical validation, model confidence, presidential intent, importance, influence, causality, policy success, or representation of the public or presidency as a whole."
actual-speaker-topic-edge-v1,actual-speaker-topic-network-v1,edge_8fb0b0c985ebfa0eae8aae132233e14b34918c121cd6624b4c3cf2db3a1abe63,president_topic,corpus,all-corpus,All eligible corpus,,ulysses-s-grant,Ulysses S. Grant,topic_3e8647a4799e061a665118eb000c5f9ad645c931743a74bfe085cbb18238ed6e,level1,"Trade, Commerce & Tariffs",60,12,743,29,2184,32531,0.08075370121130551,0.027472527472527472,0.0671359626202699,supported,supported,True,"All eligible actual-president paragraphs, including topic-free paragraphs, remain in president and scope denominators; topic-free paragraphs create no membership and no edge.",Count each distinct normalized Level 2 topic once per paragraph and each distinct derived Level 1 parent once per paragraph. Preserve one full paragraph-presence membership for every topic; do not divide a paragraph fractionally. Topic shares are non-additive and may sum above 100%.,3,"Descriptive AI-assigned topic presence in speaker-audited Miller Center paragraphs. It is not historical validation, model confidence, presidential intent, importance, influence, causality, policy success, or representation of the public or presidency as a whole."
actual-speaker-topic-edge-v1,actual-speaker-topic-network-v1,edge_63286f90816310e7dbd5b284941d1c4c89d3b8b50f5cade448cc69ba1555e69f,president_topic,corpus,all-corpus,All eligible corpus,,ulysses-s-grant,Ulysses S. Grant,topic_c111a85539516b19ce3d0ebf88102afc3f5136f06811be7ef7952ae6cc9d714c,level1,Public Finance & Taxation,67,12,743,29,2743,32531,0.0901749663526245,0.024425811155668976,0.08431957210045803,supported,supported,True,"All eligible actual-president paragraphs, including topic-free paragraphs, remain in president and scope denominators; topic-free paragraphs create no membership and no edge.",Count each distinct normalized Level 2 topic once per paragraph and each distinct derived Level 1 parent once per paragraph. Preserve one full paragraph-presence membership for every topic; do not divide a paragraph fractionally. Topic shares are non-additive and may sum above 100%.,3,"Descriptive AI-assigned topic presence in speaker-audited Miller Center paragraphs. It is not historical validation, model confidence, presidential intent, importance, influence, causality, policy success, or representation of the public or presidency as a whole."
actual-speaker-topic-edge-v1,actual-speaker-topic-network-v1,edge_0d3d8514d430f699905d04a59416663f32f7a50f0f97ca332f0eac6e62e47447,president_topic,corpus,all-corpus,All eligible corpus,,ulysses-s-grant,Ulysses S. Grant,topic_ef78a18511fbadc390b6b2c81b7205f6fbf8a9bd8b0b3a6b135e894f47157e83,level1,"Agriculture, Land & Environment",34,8,743,29,1565,32531,0.04576043068640646,0.021725239616613417,0.048107958562601826,supported,supported,True,"All eligible actual-president paragraphs, including topic-free paragraphs, remain in president and scope denominators; topic-free paragraphs create no membership and no edge.",Count each distinct normalized Level 2 topic once per paragraph and each distinct derived Level 1 parent once per paragraph. Preserve one full paragraph-presence membership for every topic; do not divide a paragraph fractionally. Topic shares are non-additive and may sum above 100%.,3,"Descriptive AI-assigned topic presence in speaker-audited Miller Center paragraphs. It is not historical validation, model confidence, presidential intent, importance, influence, causality, policy success, or representation of the public or presidency as a whole."
actual-speaker-topic-edge-v1,actual-speaker-topic-network-v1,edge_72d6c055ca856fc1753bfff266f99e68610d8dd2f083a2c104037aba7bd3943a,president_topic,corpus,all-corpus,All eligible corpus,,ulysses-s-grant,Ulysses S. Grant,topic_c092ca5bdad12513ef74aa364f2bf7a6db5cb739f929d0f0ef4779e5c868cbcd,level1,Infrastructure & Internal Improvements,44,11,743,29,1897,32531,0.059219380888290714,0.02319451765946231,0.05831360855799084,supported,supported,True,"All eligible actual-president paragraphs, including topic-free paragraphs, remain in president and scope denominators; topic-free paragraphs create no membership and no edge.",Count each distinct normalized Level 2 topic once per paragraph and each distinct derived Level 1 parent once per paragraph. Preserve one full paragraph-presence membership for every topic; do not divide a paragraph fractionally. Topic shares are non-additive and may sum above 100%.,3,"Descriptive AI-assigned topic presence in speaker-audited Miller Center paragraphs. It is not historical validation, model confidence, presidential intent, importance, influence, causality, policy success, or representation of the public or presidency as a whole."
actual-speaker-topic-edge-v1,actual-speaker-topic-network-v1,edge_b493862b2fa03d4d21eeb9b5ea6a362180c4ab672c803d1398fab0adc572932d,president_topic,corpus,all-corpus,All eligible corpus,,ulysses-s-grant,Ulysses S. Grant,topic_69c2f2e5246434489ce5d23ab22aff61e0e45f95df48cd62755c0cc84ca18853,level1,Civil Rights & Immigration,113,18,743,29,2617,32531,0.15208613728129206,0.043179212839128775,0.08044634348775015,supported,supported,True,"All eligible actual-president paragraphs, including topic-free paragraphs, remain in president and scope denominators; topic-free paragraphs create no membership and no edge.",Count each distinct normalized Level 2 topic once per paragraph and each distinct derived Level 1 parent once per paragraph. Preserve one full paragraph-presence membership for every topic; do not divide a paragraph fractionally. Topic shares are non-additive and may sum above 100%.,3,"Descriptive AI-assigned topic presence in speaker-audited Miller Center paragraphs. It is not historical validation, model confidence, presidential intent, importance, influence, causality, policy success, or representation of the public or presidency as a whole."
actual-speaker-topic-edge-v1,actual-speaker-topic-network-v1,edge_29abd498ae965e390f82a88f1d72224b179599aa27d6039d6bb6d080fe486713,president_topic,corpus,all-corpus,All eligible corpus,,ulysses-s-grant,Ulysses S. Grant,topic_3493d9b6ff51b17cc78f8191a4ac1b2eae5bb4ff7f269114b248d590851a7ed8,level1,Indian & Tribal Affairs,29,10,743,29,682,32531,0.039030955585464336,0.04252199413489736,0.02096461836402201,supported,supported,True,"All eligible actual-president paragraphs, including topic-free paragraphs, remain in president and scope denominators; topic-free paragraphs create no membership and no edge.",Count each distinct normalized Level 2 topic once per paragraph and each distinct derived Level 1 parent once per paragraph. Preserve one full paragraph-presence membership for every topic; do not divide a paragraph fractionally. Topic shares are non-additive and may sum above 100%.,3,"Descriptive AI-assigned topic presence in speaker-audited Miller Center paragraphs. It is not historical validation, model confidence, presidential intent, importance, influence, causality, policy success, or representation of the public or presidency as a whole."
actual-speaker-topic-edge-v1,actual-speaker-topic-network-v1,edge_1b7cdfe9cff2a34013a6948f036f12f7ec17555c3e169be37f94caaf02a97760,president_topic,corpus,all-corpus,All eligible corpus,,ulysses-s-grant,Ulysses S. Grant,topic_3676810b2915e5e08405c3c9e3ed6b588696c94d35d477e10ed9cc62058597b4,level1,"Law, Crime & Justice",39,10,743,29,1315,32531,0.052489905787348586,0.029657794676806085,0.0404229811564354,supported,supported,True,"All eligible actual-president paragraphs, including topic-free paragraphs, remain in president and scope denominators; topic-free paragraphs create no membership and no edge.",Count each distinct normalized Level 2 topic once per paragraph and each distinct derived Level 1 parent once per paragraph. Preserve one full paragraph-presence membership for every topic; do not divide a paragraph fractionally. Topic shares are non-additive and may sum above 100%.,3,"Descriptive AI-assigned topic presence in speaker-audited Miller Center paragraphs. It is not historical validation, model confidence, presidential intent, importance, influence, causality, policy success, or representation of the public or presidency as a whole."
actual-speaker-topic-edge-v1,actual-speaker-topic-network-v1,edge_9731f362fe9351eed6c9f9d64155f0f9449c32ae0390f114ff2c760c02d8d362,president_topic,corpus,all-corpus,All eligible corpus,,ulysses-s-grant,Ulysses S. Grant,topic_b9fc73bb18ca058e7f189c867a51071c93e7fea7d67167933f18846a43f46e2c,level1,Constitutional Order & Governance,95,18,743,29,4188,32531,0.1278600269179004,0.02268385864374403,0.12873874150809997,supported,supported,True,"All eligible actual-president paragraphs, including topic-free paragraphs, remain in president and scope denominators; topic-free paragraphs create no membership and no edge.",Count each distinct normalized Level 2 topic once per paragraph and each distinct derived Level 1 parent once per paragraph. Preserve one full paragraph-presence membership for every topic; do not divide a paragraph fractionally. Topic shares are non-additive and may sum above 100%.,3,"Descriptive AI-assigned topic presence in speaker-audited Miller Center paragraphs. It is not historical validation, model confidence, presidential intent, importance, influence, causality, policy success, or representation of the public or presidency as a whole."
actual-speaker-topic-edge-v1,actual-speaker-topic-network-v1,edge_a5e4ca1f482f171c8648b26885b53f52b0bb02ec545014092d1e546724ac556f,president_topic,corpus,all-corpus,All eligible corpus,,ulysses-s-grant,Ulysses S. Grant,topic_808789d7a0e8edad0be5ec687efb103a704d7b1ebd37e9e78d628803197b9205,level1,Procedural & Administrative,87,13,743,29,1320,32531,0.11709286675639301,0.0659090909090909,0.04057668070455873,supported,supported,True,"All eligible actual-president paragraphs, including topic-free paragraphs, remain in president and scope denominators; topic-free paragraphs create no membership and no edge.",Count each distinct normalized Level 2 topic once per paragraph and each distinct derived Level 1 parent once per paragraph. Preserve one full paragraph-presence membership for every topic; do not divide a paragraph fractionally. Topic shares are non-additive and may sum above 100%.,3,"Descriptive AI-assigned topic presence in speaker-audited Miller Center paragraphs. It is not historical validation, model confidence, presidential intent, importance, influence, causality, policy success, or representation of the public or presidency as a whole."
actual-speaker-topic-edge-v1,actual-speaker-topic-network-v1,edge_c285ad9939182e1b1ab5a1a58672d796231e35483fbd9129d86660922d06d780,president_topic,corpus,all-corpus,All eligible corpus,,ulysses-s-grant,Ulysses S. Grant,topic_73fe8a26a7881c104f8ac0ee90b445177eabd28ec5e36d34a3bdcacd0505cba1,level1,Faith & National Values,20,12,743,29,2953,32531,0.026917900403768506,0.006772773450728073,0.09077495312163782,supported,supported,True,"All eligible actual-president paragraphs, including topic-free paragraphs, remain in president and scope denominators; topic-free paragraphs create no membership and no edge.",Count each distinct normalized Level 2 topic once per paragraph and each distinct derived Level 1 parent once per paragraph. Preserve one full paragraph-presence membership for every topic; do not divide a paragraph fractionally. Topic shares are non-additive and may sum above 100%.,3,"Descriptive AI-assigned topic presence in speaker-audited Miller Center paragraphs. It is not historical validation, model confidence, presidential intent, importance, influence, causality, policy success, or representation of the public or presidency as a whole."
actual-speaker-topic-edge-v1,actual-speaker-topic-network-v1,edge_255603aaf837809ab31bd8cb6eb42ae4f186d365552178d659a5b1dd885ad338,president_topic,corpus,all-corpus,All eligible corpus,,rutherford-b-hayes,Rutherford B. Hayes,topic_53f9c63ed6aedcab84709226f843c89a577ea30928250cda0021a52c0d9dd5d2,level1,Foreign Relations & Diplomacy,83,7,499,16,8414,32531,0.16633266533066132,0.00986451152840504,0.2586455995819372,supported,supported,True,"All eligible actual-president paragraphs, including topic-free paragraphs, remain in president and scope denominators; topic-free paragraphs create no membership and no edge.",Count each distinct normalized Level 2 topic once per paragraph and each distinct derived Level 1 parent once per paragraph. Preserve one full paragraph-presence membership for every topic; do not divide a paragraph fractionally. Topic shares are non-additive and may sum above 100%.,3,"Descriptive AI-assigned topic presence in speaker-audited Miller Center paragraphs. It is not historical validation, model confidence, presidential intent, importance, influence, causality, policy success, or representation of the public or presidency as a whole."
actual-speaker-topic-edge-v1,actual-speaker-topic-network-v1,edge_650d6b8dd53451d98887a69e71c5ccc2336282ba801192de3413501e19ac6315,president_topic,corpus,all-corpus,All eligible corpus,,rutherford-b-hayes,Rutherford B. Hayes,topic_07f03bf056ab3503c6f721cf2a606b728b9cbb858d7d919fca46cd6135a32a2b,level1,War & Military Affairs,36,7,499,16,5527,32531,0.07214428857715431,0.006513479283517279,0.16989948049552733,supported,supported,True,"All eligible actual-president paragraphs, including topic-free paragraphs, remain in president and scope denominators; topic-free paragraphs create no membership and no edge.",Count each distinct normalized Level 2 topic once per paragraph and each distinct derived Level 1 parent once per paragraph. Preserve one full paragraph-presence membership for every topic; do not divide a paragraph fractionally. Topic shares are non-additive and may sum above 100%.,3,"Descriptive AI-assigned topic presence in speaker-audited Miller Center paragraphs. It is not historical validation, model confidence, presidential intent, importance, influence, causality, policy success, or representation of the public or presidency as a whole."
actual-speaker-topic-edge-v1,actual-speaker-topic-network-v1,edge_6048a9bad41f1fceb69fb1a3529d2bd3c3be9aa37ee1ec510c9b9c72ba7ef32e,president_topic,corpus,all-corpus,All eligible corpus,,rutherford-b-hayes,Rutherford B. Hayes,topic_43ec056a6101afa1e938480103aecd71dd5f41580556a5f8d2a92b6a7cb39e2e,level1,"Money, Banking & Currency",48,7,499,16,1454,32531,0.09619238476953908,0.033012379642365884,0.04469582859426393,supported,supported,True,"All eligible actual-president paragraphs, including topic-free paragraphs, remain in president and scope denominators; topic-free paragraphs create no membership and no edge.",Count each distinct normalized Level 2 topic once per paragraph and each distinct derived Level 1 parent once per paragraph. Preserve one full paragraph-presence membership for every topic; do not divide a paragraph fractionally. Topic shares are non-additive and may sum above 100%.,3,"Descriptive AI-assigned topic presence in speaker-audited Miller Center paragraphs. It is not historical validation, model confidence, presidential intent, importance, influence, causality, policy success, or representation of the public or presidency as a whole."
actual-speaker-topic-edge-v1,actual-speaker-topic-network-v1,edge_a6abae7db3fca7becf5021a0445db9ffb86bff105252bf38bfa449e68f8033f7,president_topic,corpus,all-corpus,All eligible corpus,,rutherford-b-hayes,Rutherford B. Hayes,topic_c111a85539516b19ce3d0ebf88102afc3f5136f06811be7ef7952ae6cc9d714c,level1,Public Finance & Taxation,39,8,499,16,2743,32531,0.0781563126252505,0.014218009478672985,0.08431957210045803,supported,supported,True,"All eligible actual-president paragraphs, including topic-free paragraphs, remain in president and scope denominators; topic-free paragraphs create no membership and no edge.",Count each distinct normalized Level 2 topic once per paragraph and each distinct derived Level 1 parent once per paragraph. Preserve one full paragraph-presence membership for every topic; do not divide a paragraph fractionally. Topic shares are non-additive and may sum above 100%.,3,"Descriptive AI-assigned topic presence in speaker-audited Miller Center paragraphs. It is not historical validation, model confidence, presidential intent, importance, influence, causality, policy success, or representation of the public or presidency as a whole."
actual-speaker-topic-edge-v1,actual-speaker-topic-network-v1,edge_86ae43a158729ca767689151ef1658e97348cf8cbf64fe84cde69671a704034d,president_topic,corpus,all-corpus,All eligible corpus,,rutherford-b-hayes,Rutherford B. Hayes,topic_c092ca5bdad12513ef74aa364f2bf7a6db5cb739f929d0f0ef4779e5c868cbcd,level1,Infrastructure & Internal Improvements,24,5,499,16,1897,32531,0.04809619238476954,0.012651555086979441,0.05831360855799084,supported,supported,True,"All eligible actual-president paragraphs, including topic-free paragraphs, remain in president and scope denominators; topic-free paragraphs create no membership and no edge.",Count each distinct normalized Level 2 topic once per paragraph and each distinct derived Level 1 parent once per paragraph. Preserve one full paragraph-presence membership for every topic; do not divide a paragraph fractionally. Topic shares are non-additive and may sum above 100%.,3,"Descriptive AI-assigned topic presence in speaker-audited Miller Center paragraphs. It is not historical validation, model confidence, presidential intent, importance, influence, causality, policy success, or representation of the public or presidency as a whole."
actual-speaker-topic-edge-v1,actual-speaker-topic-network-v1,edge_da59c5b9985b88189270fbe042e1256b3d1d150d360f484a6129471227bca7df,president_topic,corpus,all-corpus,All eligible corpus,,rutherford-b-hayes,Rutherford B. Hayes,topic_69c2f2e5246434489ce5d23ab22aff61e0e45f95df48cd62755c0cc84ca18853,level1,Civil Rights & Immigration,51,7,499,16,2617,32531,0.10220440881763528,0.019487963316774933,0.08044634348775015,supported,supported,True,"All eligible actual-president paragraphs, including topic-free paragraphs, remain in president and scope denominators; topic-free paragraphs create no membership and no edge.",Count each distinct normalized Level 2 topic once per paragraph and each distinct derived Level 1 parent once per paragraph. Preserve one full paragraph-presence membership for every topic; do not divide a paragraph fractionally. Topic shares are non-additive and may sum above 100%.,3,"Descriptive AI-assigned topic presence in speaker-audited Miller Center paragraphs. It is not historical validation, model confidence, presidential intent, importance, influence, causality, policy success, or representation of the public or presidency as a whole."
actual-speaker-topic-edge-v1,actual-speaker-topic-network-v1,edge_0e81bd030dd02b3a24e1c64de0a4ce2badc874b968da2fa89c3899eaca88413a,president_topic,corpus,all-corpus,All eligible corpus,,rutherford-b-hayes,Rutherford B. Hayes,topic_3493d9b6ff51b17cc78f8191a4ac1b2eae5bb4ff7f269114b248d590851a7ed8,level1,Indian & Tribal Affairs,38,5,499,16,682,32531,0.07615230460921844,0.05571847507331378,0.02096461836402201,supported,supported,True,"All eligible actual-president paragraphs, including topic-free paragraphs, remain in president and scope denominators; topic-free paragraphs create no membership and no edge.",Count each distinct normalized Level 2 topic once per paragraph and each distinct derived Level 1 parent once per paragraph. Preserve one full paragraph-presence membership for every topic; do not divide a paragraph fractionally. Topic shares are non-additive and may sum above 100%.,3,"Descriptive AI-assigned topic presence in speaker-audited Miller Center paragraphs. It is not historical validation, model confidence, presidential intent, importance, influence, causality, policy success, or representation of the public or presidency as a whole."
actual-speaker-topic-edge-v1,actual-speaker-topic-network-v1,edge_2df4db8085ada9e1440f2a09efa3d136703331bbec17cf5f6428b970b9326814,president_topic,corpus,all-corpus,All eligible corpus,,rutherford-b-hayes,Rutherford B. Hayes,topic_3676810b2915e5e08405c3c9e3ed6b588696c94d35d477e10ed9cc62058597b4,level1,"Law, Crime & Justice",28,9,499,16,1315,32531,0.056112224448897796,0.02129277566539924,0.0404229811564354,supported,supported,True,"All eligible actual-president paragraphs, including topic-free paragraphs, remain in president and scope denominators; topic-free paragraphs create no membership and no edge.",Count each distinct normalized Level 2 topic once per paragraph and each distinct derived Level 1 parent once per paragraph. Preserve one full paragraph-presence membership for every topic; do not divide a paragraph fractionally. Topic shares are non-additive and may sum above 100%.,3,"Descriptive AI-assigned topic presence in speaker-audited Miller Center paragraphs. It is not historical validation, model confidence, presidential intent, importance, influence, causality, policy success, or representation of the public or presidency as a whole."
actual-speaker-topic-edge-v1,actual-speaker-topic-network-v1,edge_2160dc8a5fbee0fbffcb6e15d703d3f12efb6439752ce9d0d0afec09aea9229b,president_topic,corpus,all-corpus,All eligible corpus,,rutherford-b-hayes,Rutherford B. Hayes,topic_b9fc73bb18ca058e7f189c867a51071c93e7fea7d67167933f18846a43f46e2c,level1,Constitutional Order & Governance,182,12,499,16,4188,32531,0.36472945891783565,0.04345749761222541,0.12873874150809997,supported,supported,True,"All eligible actual-president paragraphs, including topic-free paragraphs, remain in president and scope denominators; topic-free paragraphs create no membership and no edge.",Count each distinct normalized Level 2 topic once per paragraph and each distinct derived Level 1 parent once per paragraph. Preserve one full paragraph-presence membership for every topic; do not divide a paragraph fractionally. Topic shares are non-additive and may sum above 100%.,3,"Descriptive AI-assigned topic presence in speaker-audited Miller Center paragraphs. It is not historical validation, model confidence, presidential intent, importance, influence, causality, policy success, or representation of the public or presidency as a whole."
actual-speaker-topic-edge-v1,actual-speaker-topic-network-v1,edge_4748d5631777d92e8fe931b0addd09fa89d3fe813541e300930682acc3905c8e,president_topic,corpus,all-corpus,All eligible corpus,,rutherford-b-hayes,Rutherford B. Hayes,topic_808789d7a0e8edad0be5ec687efb103a704d7b1ebd37e9e78d628803197b9205,level1,Procedural & Administrative,52,10,499,16,1320,32531,0.10420841683366733,0.03939393939393939,0.04057668070455873,supported,supported,True,"All eligible actual-president paragraphs, including topic-free paragraphs, remain in president and scope denominators; topic-free paragraphs create no membership and no edge.",Count each distinct normalized Level 2 topic once per paragraph and each distinct derived Level 1 parent once per paragraph. Preserve one full paragraph-presence membership for every topic; do not divide a paragraph fractionally. Topic shares are non-additive and may sum above 100%.,3,"Descriptive AI-assigned topic presence in speaker-audited Miller Center paragraphs. It is not historical validation, model confidence, presidential intent, importance, influence, causality, policy success, or representation of the public or presidency as a whole."
actual-speaker-topic-edge-v1,actual-speaker-topic-network-v1,edge_359a7801d27face0e2b446c99bbd53492816cbe89a2b0777a4cdcf91c2838f12,president_topic,corpus,all-corpus,All eligible corpus,,chester-a-arthur,Chester A. Arthur,topic_53f9c63ed6aedcab84709226f843c89a577ea30928250cda0021a52c0d9dd5d2,level1,Foreign Relations & Diplomacy,118,8,468,11,8414,32531,0.25213675213675213,0.014024245305443309,0.2586455995819372,supported,supported,True,"All eligible actual-president paragraphs, including topic-free paragraphs, remain in president and scope denominators; topic-free paragraphs create no membership and no edge.",Count each distinct normalized Level 2 topic once per paragraph and each distinct derived Level 1 parent once per paragraph. Preserve one full paragraph-presence membership for every topic; do not divide a paragraph fractionally. Topic shares are non-additive and may sum above 100%.,3,"Descriptive AI-assigned topic presence in speaker-audited Miller Center paragraphs. It is not historical validation, model confidence, presidential intent, importance, influence, causality, policy success, or representation of the public or presidency as a whole."
actual-speaker-topic-edge-v1,actual-speaker-topic-network-v1,edge_febb3d59d06a53f281e3d64cf43e3380077acd5c3273863ae7630a2905cbf10a,president_topic,corpus,all-corpus,All eligible corpus,,chester-a-arthur,Chester A. Arthur,topic_07f03bf056ab3503c6f721cf2a606b728b9cbb858d7d919fca46cd6135a32a2b,level1,War & Military Affairs,43,5,468,11,5527,32531,0.09188034188034189,0.0077799891442011946,0.16989948049552733,supported,supported,True,"All eligible actual-president paragraphs, including topic-free paragraphs, remain in president and scope denominators; topic-free paragraphs create no membership and no edge.",Count each distinct normalized Level 2 topic once per paragraph and each distinct derived Level 1 parent once per paragraph. Preserve one full paragraph-presence membership for every topic; do not divide a paragraph fractionally. Topic shares are non-additive and may sum above 100%.,3,"Descriptive AI-assigned topic presence in speaker-audited Miller Center paragraphs. It is not historical validation, model confidence, presidential intent, importance, influence, causality, policy success, or representation of the public or presidency as a whole."
actual-speaker-topic-edge-v1,actual-speaker-topic-network-v1,edge_c2ed6505080dd0f190acaa0ef99bcdacce8f533aba80a3577393ce77bf7fe142,president_topic,corpus,all-corpus,All eligible corpus,,chester-a-arthur,Chester A. Arthur,topic_3e8647a4799e061a665118eb000c5f9ad645c931743a74bfe085cbb18238ed6e,level1,"Trade, Commerce & Tariffs",48,6,468,11,2184,32531,0.10256410256410256,0.02197802197802198,0.0671359626202699,supported,supported,True,"All eligible actual-president paragraphs, including topic-free paragraphs, remain in president and scope denominators; topic-free paragraphs create no membership and no edge.",Count each distinct normalized Level 2 topic once per paragraph and each distinct derived Level 1 parent once per paragraph. Preserve one full paragraph-presence membership for every topic; do not divide a paragraph fractionally. Topic shares are non-additive and may sum above 100%.,3,"Descriptive AI-assigned topic presence in speaker-audited Miller Center paragraphs. It is not historical validation, model confidence, presidential intent, importance, influence, causality, policy success, or representation of the public or presidency as a whole."
actual-speaker-topic-edge-v1,actual-speaker-topic-network-v1,edge_9b5674492d07a01d028b009e4a13f5a3b8a4c3403bebda57e2aa96dccbae4ebb,president_topic,corpus,all-corpus,All eligible corpus,,chester-a-arthur,Chester A. Arthur,topic_c111a85539516b19ce3d0ebf88102afc3f5136f06811be7ef7952ae6cc9d714c,level1,Public Finance & Taxation,46,7,468,11,2743,32531,0.09829059829059829,0.016769959897921984,0.08431957210045803,supported,supported,True,"All eligible actual-president paragraphs, including topic-free paragraphs, remain in president and scope denominators; topic-free paragraphs create no membership and no edge.",Count each distinct normalized Level 2 topic once per paragraph and each distinct derived Level 1 parent once per paragraph. Preserve one full paragraph-presence membership for every topic; do not divide a paragraph fractionally. Topic shares are non-additive and may sum above 100%.,3,"Descriptive AI-assigned topic presence in speaker-audited Miller Center paragraphs. It is not historical validation, model confidence, presidential intent, importance, influence, causality, policy success, or representation of the public or presidency as a whole."
actual-speaker-topic-edge-v1,actual-speaker-topic-network-v1,edge_54554f5646bbb135c9ca36c8039e1a31579865f76325dc998337573eccbafbff,president_topic,corpus,all-corpus,All eligible corpus,,chester-a-arthur,Chester A. Arthur,topic_c092ca5bdad12513ef74aa364f2bf7a6db5cb739f929d0f0ef4779e5c868cbcd,level1,Infrastructure & Internal Improvements,44,7,468,11,1897,32531,0.09401709401709402,0.02319451765946231,0.05831360855799084,supported,supported,True,"All eligible actual-president paragraphs, including topic-free paragraphs, remain in president and scope denominators; topic-free paragraphs create no membership and no edge.",Count each distinct normalized Level 2 topic once per paragraph and each distinct derived Level 1 parent once per paragraph. Preserve one full paragraph-presence membership for every topic; do not divide a paragraph fractionally. Topic shares are non-additive and may sum above 100%.,3,"Descriptive AI-assigned topic presence in speaker-audited Miller Center paragraphs. It is not historical validation, model confidence, presidential intent, importance, influence, causality, policy success, or representation of the public or presidency as a whole."
actual-speaker-topic-edge-v1,actual-speaker-topic-network-v1,edge_a15d653489cfb55168009aaeeafa31011f28137c3ba2b007be5c04411960e751,president_topic,corpus,all-corpus,All eligible corpus,,chester-a-arthur,Chester A. Arthur,topic_69c2f2e5246434489ce5d23ab22aff61e0e45f95df48cd62755c0cc84ca18853,level1,Civil Rights & Immigration,34,5,468,11,2617,32531,0.07264957264957266,0.012991975544516622,0.08044634348775015,supported,supported,True,"All eligible actual-president paragraphs, including topic-free paragraphs, remain in president and scope denominators; topic-free paragraphs create no membership and no edge.",Count each distinct normalized Level 2 topic once per paragraph and each distinct derived Level 1 parent once per paragraph. Preserve one full paragraph-presence membership for every topic; do not divide a paragraph fractionally. Topic shares are non-additive and may sum above 100%.,3,"Descriptive AI-assigned topic presence in speaker-audited Miller Center paragraphs. It is not historical validation, model confidence, presidential intent, importance, influence, causality, policy success, or representation of the public or presidency as a whole."
actual-speaker-topic-edge-v1,actual-speaker-topic-network-v1,edge_a514766ae7b3c2a1d6a9cb33bda13fcef7b6665dc2ec780729cb67978c6ba0fb,president_topic,corpus,all-corpus,All eligible corpus,,chester-a-arthur,Chester A. Arthur,topic_3493d9b6ff51b17cc78f8191a4ac1b2eae5bb4ff7f269114b248d590851a7ed8,level1,Indian & Tribal Affairs,29,5,468,11,682,32531,0.06196581196581197,0.04252199413489736,0.02096461836402201,supported,supported,True,"All eligible actual-president paragraphs, including topic-free paragraphs, remain in president and scope denominators; topic-free paragraphs create no membership and no edge.",Count each distinct normalized Level 2 topic once per paragraph and each distinct derived Level 1 parent once per paragraph. Preserve one full paragraph-presence membership for every topic; do not divide a paragraph fractionally. Topic shares are non-additive and may sum above 100%.,3,"Descriptive AI-assigned topic presence in speaker-audited Miller Center paragraphs. It is not historical validation, model confidence, presidential intent, importance, influence, causality, policy success, or representation of the public or presidency as a whole."
actual-speaker-topic-edge-v1,actual-speaker-topic-network-v1,edge_63b33a5270b2dfe79d494da3d7fc2cefa49cd32d3d71f8a2dcc53868ee2e3e01,president_topic,corpus,all-corpus,All eligible corpus,,chester-a-arthur,Chester A. Arthur,topic_b9fc73bb18ca058e7f189c867a51071c93e7fea7d67167933f18846a43f46e2c,level1,Constitutional Order & Governance,85,9,468,11,4188,32531,0.18162393162393162,0.02029608404966571,0.12873874150809997,supported,supported,True,"All eligible actual-president paragraphs, including topic-free paragraphs, remain in president and scope denominators; topic-free paragraphs create no membership and no edge.",Count each distinct normalized Level 2 topic once per paragraph and each distinct derived Level 1 parent once per paragraph. Preserve one full paragraph-presence membership for every topic; do not divide a paragraph fractionally. Topic shares are non-additive and may sum above 100%.,3,"Descriptive AI-assigned topic presence in speaker-audited Miller Center paragraphs. It is not historical validation, model confidence, presidential intent, importance, influence, causality, policy success, or representation of the public or presidency as a whole."
actual-speaker-topic-edge-v1,actual-speaker-topic-network-v1,edge_eb84cd0f2998207050dff49844210425b66e848206eff092a8c895cb373e4c07,president_topic,corpus,all-corpus,All eligible corpus,,grover-cleveland,Grover Cleveland,topic_53f9c63ed6aedcab84709226f843c89a577ea30928250cda0021a52c0d9dd5d2,level1,Foreign Relations & Diplomacy,316,17,1316,31,8414,32531,0.24012158054711247,0.03755645352983123,0.2586455995819372,supported,supported,True,"All eligible actual-president paragraphs, including topic-free paragraphs, remain in president and scope denominators; topic-free paragraphs create no membership and no edge.",Count each distinct normalized Level 2 topic once per paragraph and each distinct derived Level 1 parent once per paragraph. Preserve one full paragraph-presence membership for every topic; do not divide a paragraph fractionally. Topic shares are non-additive and may sum above 100%.,3,"Descriptive AI-assigned topic presence in speaker-audited Miller Center paragraphs. It is not historical validation, model confidence, presidential intent, importance, influence, causality, policy success, or representation of the public or presidency as a whole."
actual-speaker-topic-edge-v1,actual-speaker-topic-network-v1,edge_ca5c423f64d556f7cd7c00f8bd339ff1cfa299f2c359e28dab9ee5a52376fb6d,president_topic,corpus,all-corpus,All eligible corpus,,grover-cleveland,Grover Cleveland,topic_07f03bf056ab3503c6f721cf2a606b728b9cbb858d7d919fca46cd6135a32a2b,level1,War & Military Affairs,145,13,1316,31,5527,32531,0.11018237082066869,0.026234847114166817,0.16989948049552733,supported,supported,True,"All eligible actual-president paragraphs, including topic-free paragraphs, remain in president and scope denominators; topic-free paragraphs create no membership and no edge.",Count each distinct normalized Level 2 topic once per paragraph and each distinct derived Level 1 parent once per paragraph. Preserve one full paragraph-presence membership for every topic; do not divide a paragraph fractionally. Topic shares are non-additive and may sum above 100%.,3,"Descriptive AI-assigned topic presence in speaker-audited Miller Center paragraphs. It is not historical validation, model confidence, presidential intent, importance, influence, causality, policy success, or representation of the public or presidency as a whole."
actual-speaker-topic-edge-v1,actual-speaker-topic-network-v1,edge_d600a134d3ef01c2116f5751ca0d81d5b05f298f5259e9dde43c78daf6b68087,president_topic,corpus,all-corpus,All eligible corpus,,grover-cleveland,Grover Cleveland,topic_43ec056a6101afa1e938480103aecd71dd5f41580556a5f8d2a92b6a7cb39e2e,level1,"Money, Banking & Currency",198,15,1316,31,1454,32531,0.15045592705167174,0.1361760660247593,0.04469582859426393,supported,supported,True,"All eligible actual-president paragraphs, including topic-free paragraphs, remain in president and scope denominators; topic-free paragraphs create no membership and no edge.",Count each distinct normalized Level 2 topic once per paragraph and each distinct derived Level 1 parent once per paragraph. Preserve one full paragraph-presence membership for every topic; do not divide a paragraph fractionally. Topic shares are non-additive and may sum above 100%.,3,"Descriptive AI-assigned topic presence in speaker-audited Miller Center paragraphs. It is not historical validation, model confidence, presidential intent, importance, influence, causality, policy success, or representation of the public or presidency as a whole."
actual-speaker-topic-edge-v1,actual-speaker-topic-network-v1,edge_fc81cb787c884ff538b6f7f6f36f687c8f6d4d19486ae1581170cfaa3be20d37,president_topic,corpus,all-corpus,All eligible corpus,,grover-cleveland,Grover Cleveland,topic_3e8647a4799e061a665118eb000c5f9ad645c931743a74bfe085cbb18238ed6e,level1,"Trade, Commerce & Tariffs",138,15,1316,31,2184,32531,0.10486322188449848,0.06318681318681318,0.0671359626202699,supported,supported,True,"All eligible actual-president paragraphs, including topic-free paragraphs, remain in president and scope denominators; topic-free paragraphs create no membership and no edge.",Count each distinct normalized Level 2 topic once per paragraph and each distinct derived Level 1 parent once per paragraph. Preserve one full paragraph-presence membership for every topic; do not divide a paragraph fractionally. Topic shares are non-additive and may sum above 100%.,3,"Descriptive AI-assigned topic presence in speaker-audited Miller Center paragraphs. It is not historical validation, model confidence, presidential intent, importance, influence, causality, policy success, or representation of the public or presidency as a whole."
actual-speaker-topic-edge-v1,actual-speaker-topic-network-v1,edge_16724af7e91b77c1d02202b69e26395c5b8041c9311d0167e2f85681702476c8,president_topic,corpus,all-corpus,All eligible corpus,,grover-cleveland,Grover Cleveland,topic_c111a85539516b19ce3d0ebf88102afc3f5136f06811be7ef7952ae6cc9d714c,level1,Public Finance & Taxation,112,17,1316,31,2743,32531,0.0851063829787234,0.04083120670798396,0.08431957210045803,supported,supported,True,"All eligible actual-president paragraphs, including topic-free paragraphs, remain in president and scope denominators; topic-free paragraphs create no membership and no edge.",Count each distinct normalized Level 2 topic once per paragraph and each distinct derived Level 1 parent once per paragraph. Preserve one full paragraph-presence membership for every topic; do not divide a paragraph fractionally. Topic shares are non-additive and may sum above 100%.,3,"Descriptive AI-assigned topic presence in speaker-audited Miller Center paragraphs. It is not historical validation, model confidence, presidential intent, importance, influence, causality, policy success, or representation of the public or presidency as a whole."
actual-speaker-topic-edge-v1,actual-speaker-topic-network-v1,edge_0e8a049de9f9db0a14b892b65ead0e25a6490ef7c925279fd88e0da6113473ff,president_topic,corpus,all-corpus,All eligible corpus,,grover-cleveland,Grover Cleveland,topic_4e7a42711424fc04c1b91600a4625e488e9f3c4736eb917f66eed248a70edbc0,level1,"Economy, Labor & Social Welfare",31,10,1316,31,3789,32531,0.023556231003039513,0.008181578252837161,0.11647351756785836,supported,supported,True,"All eligible actual-president paragraphs, including topic-free paragraphs, remain in president and scope denominators; topic-free paragraphs create no membership and no edge.",Count each distinct normalized Level 2 topic once per paragraph and each distinct derived Level 1 parent once per paragraph. Preserve one full paragraph-presence membership for every topic; do not divide a paragraph fractionally. Topic shares are non-additive and may sum above 100%.,3,"Descriptive AI-assigned topic presence in speaker-audited Miller Center paragraphs. It is not historical validation, model confidence, presidential intent, importance, influence, causality, policy success, or representation of the public or presidency as a whole."
actual-speaker-topic-edge-v1,actual-speaker-topic-network-v1,edge_3e0fa65f379e3e9ef0916105919423a3ca1dbaa83545b6055618b00da05e4081,president_topic,corpus,all-corpus,All eligible corpus,,grover-cleveland,Grover Cleveland,topic_ef78a18511fbadc390b6b2c81b7205f6fbf8a9bd8b0b3a6b135e894f47157e83,level1,"Agriculture, Land & Environment",90,9,1316,31,1565,32531,0.06838905775075987,0.05750798722044728,0.048107958562601826,supported,supported,True,"All eligible actual-president paragraphs, including topic-free paragraphs, remain in president and scope denominators; topic-free paragraphs create no membership and no edge.",Count each distinct normalized Level 2 topic once per paragraph and each distinct derived Level 1 parent once per paragraph. Preserve one full paragraph-presence membership for every topic; do not divide a paragraph fractionally. Topic shares are non-additive and may sum above 100%.,3,"Descriptive AI-assigned topic presence in speaker-audited Miller Center paragraphs. It is not historical validation, model confidence, presidential intent, importance, influence, causality, policy success, or representation of the public or presidency as a whole."
actual-speaker-topic-edge-v1,actual-speaker-topic-network-v1,edge_bfcdfa67f3d099cd0721c3682e63f860df48446b0d39cb1e48087c5b574d039f,president_topic,corpus,all-corpus,All eligible corpus,,grover-cleveland,Grover Cleveland,topic_c092ca5bdad12513ef74aa364f2bf7a6db5cb739f929d0f0ef4779e5c868cbcd,level1,Infrastructure & Internal Improvements,23,6,1316,31,1897,32531,0.017477203647416412,0.012124406958355299,0.05831360855799084,supported,supported,True,"All eligible actual-president paragraphs, including topic-free paragraphs, remain in president and scope denominators; topic-free paragraphs create no membership and no edge.",Count each distinct normalized Level 2 topic once per paragraph and each distinct derived Level 1 parent once per paragraph. Preserve one full paragraph-presence membership for every topic; do not divide a paragraph fractionally. Topic shares are non-additive and may sum above 100%.,3,"Descriptive AI-assigned topic presence in speaker-audited Miller Center paragraphs. It is not historical validation, model confidence, presidential intent, importance, influence, causality, policy success, or representation of the public or presidency as a whole."
actual-speaker-topic-edge-v1,actual-speaker-topic-network-v1,edge_e136fd604ac82712ac406fcee6a50a480ac1302a849638e65c985d54a7462a5c,president_topic,corpus,all-corpus,All eligible corpus,,grover-cleveland,Grover Cleveland,topic_69c2f2e5246434489ce5d23ab22aff61e0e45f95df48cd62755c0cc84ca18853,level1,Civil Rights & Immigration,56,12,1316,31,2617,32531,0.0425531914893617,0.021398547955674436,0.08044634348775015,supported,supported,True,"All eligible actual-president paragraphs, including topic-free paragraphs, remain in president and scope denominators; topic-free paragraphs create no membership and no edge.",Count each distinct normalized Level 2 topic once per paragraph and each distinct derived Level 1 parent once per paragraph. Preserve one full paragraph-presence membership for every topic; do not divide a paragraph fractionally. Topic shares are non-additive and may sum above 100%.,3,"Descriptive AI-assigned topic presence in speaker-audited Miller Center paragraphs. It is not historical validation, model confidence, presidential intent, importance, influence, causality, policy success, or representation of the public or presidency as a whole."
actual-speaker-topic-edge-v1,actual-speaker-topic-network-v1,edge_6dd769d5f2cc0270fbb5681fac126dad740b475a0518d2cc2432a102ff418c7b,president_topic,corpus,all-corpus,All eligible corpus,,grover-cleveland,Grover Cleveland,topic_3493d9b6ff51b17cc78f8191a4ac1b2eae5bb4ff7f269114b248d590851a7ed8,level1,Indian & Tribal Affairs,72,8,1316,31,682,32531,0.0547112462006079,0.10557184750733138,0.02096461836402201,supported,supported,True,"All eligible actual-president paragraphs, including topic-free paragraphs, remain in president and scope denominators; topic-free paragraphs create no membership and no edge.",Count each distinct normalized Level 2 topic once per paragraph and each distinct derived Level 1 parent once per paragraph. Preserve one full paragraph-presence membership for every topic; do not divide a paragraph fractionally. Topic shares are non-additive and may sum above 100%.,3,"Descriptive AI-assigned topic presence in speaker-audited Miller Center paragraphs. It is not historical validation, model confidence, presidential intent, importance, influence, causality, policy success, or representation of the public or presidency as a whole."
actual-speaker-topic-edge-v1,actual-speaker-topic-network-v1,edge_7b744b0d5b35520fcef013ea4036a5ba6e747a96ad07da7ef9a8ba7517e90a96,president_topic,corpus,all-corpus,All eligible corpus,,grover-cleveland,Grover Cleveland,topic_3676810b2915e5e08405c3c9e3ed6b588696c94d35d477e10ed9cc62058597b4,level1,"Law, Crime & Justice",45,12,1316,31,1315,32531,0.03419452887537994,0.034220532319391636,0.0404229811564354,supported,supported,True,"All eligible actual-president paragraphs, including topic-free paragraphs, remain in president and scope denominators; topic-free paragraphs create no membership and no edge.",Count each distinct normalized Level 2 topic once per paragraph and each distinct derived Level 1 parent once per paragraph. Preserve one full paragraph-presence membership for every topic; do not divide a paragraph fractionally. Topic shares are non-additive and may sum above 100%.,3,"Descriptive AI-assigned topic presence in speaker-audited Miller Center paragraphs. It is not historical validation, model confidence, presidential intent, importance, influence, causality, policy success, or representation of the public or presidency as a whole."
actual-speaker-topic-edge-v1,actual-speaker-topic-network-v1,edge_3bccbc14b20d437fdc76dc141ecfc8e49b36365c1306d522fc6b0551345ca28f,president_topic,corpus,all-corpus,All eligible corpus,,grover-cleveland,Grover Cleveland,topic_b9fc73bb18ca058e7f189c867a51071c93e7fea7d67167933f18846a43f46e2c,level1,Constitutional Order & Governance,178,20,1316,31,4188,32531,0.135258358662614,0.04250238777459408,0.12873874150809997,supported,supported,True,"All eligible actual-president paragraphs, including topic-free paragraphs, remain in president and scope denominators; topic-free paragraphs create no membership and no edge.",Count each distinct normalized Level 2 topic once per paragraph and each distinct derived Level 1 parent once per paragraph. Preserve one full paragraph-presence membership for every topic; do not divide a paragraph fractionally. Topic shares are non-additive and may sum above 100%.,3,"Descriptive AI-assigned topic presence in speaker-audited Miller Center paragraphs. It is not historical validation, model confidence, presidential intent, importance, influence, causality, policy success, or representation of the public or presidency as a whole."
actual-speaker-topic-edge-v1,actual-speaker-topic-network-v1,edge_4f539237ab4ae3d10a9bb70ddbb5dcf0f2a95eac7777ba4912e170a4d7630a37,president_topic,corpus,all-corpus,All eligible corpus,,grover-cleveland,Grover Cleveland,topic_808789d7a0e8edad0be5ec687efb103a704d7b1ebd37e9e78d628803197b9205,level1,Procedural & Administrative,134,16,1316,31,1320,32531,0.10182370820668693,0.10151515151515152,0.04057668070455873,supported,supported,True,"All eligible actual-president paragraphs, including topic-free paragraphs, remain in president and scope denominators; topic-free paragraphs create no membership and no edge.",Count each distinct normalized Level 2 topic once per paragraph and each distinct derived Level 1 parent once per paragraph. Preserve one full paragraph-presence membership for every topic; do not divide a paragraph fractionally. Topic shares are non-additive and may sum above 100%.,3,"Descriptive AI-assigned topic presence in speaker-audited Miller Center paragraphs. It is not historical validation, model confidence, presidential intent, importance, influence, causality, policy success, or representation of the public or presidency as a whole."
actual-speaker-topic-edge-v1,actual-speaker-topic-network-v1,edge_50a7b03549be4d3866ffa895b5deb1333d0e716646ba8c3ffacea4e844b87ad9,president_topic,corpus,all-corpus,All eligible corpus,,benjamin-harrison,Benjamin Harrison,topic_53f9c63ed6aedcab84709226f843c89a577ea30928250cda0021a52c0d9dd5d2,level1,Foreign Relations & Diplomacy,146,11,586,16,8414,32531,0.24914675767918087,0.017352032327073923,0.2586455995819372,supported,supported,True,"All eligible actual-president paragraphs, including topic-free paragraphs, remain in president and scope denominators; topic-free paragraphs create no membership and no edge.",Count each distinct normalized Level 2 topic once per paragraph and each distinct derived Level 1 parent once per paragraph. Preserve one full paragraph-presence membership for every topic; do not divide a paragraph fractionally. Topic shares are non-additive and may sum above 100%.,3,"Descriptive AI-assigned topic presence in speaker-audited Miller Center paragraphs. It is not historical validation, model confidence, presidential intent, importance, influence, causality, policy success, or representation of the public or presidency as a whole."
actual-speaker-topic-edge-v1,actual-speaker-topic-network-v1,edge_ee1aff3dfdf31c0a80c398ebb9d6fbf20093d2a19f585d23674ccf7beebf9b0c,president_topic,corpus,all-corpus,All eligible corpus,,benjamin-harrison,Benjamin Harrison,topic_07f03bf056ab3503c6f721cf2a606b728b9cbb858d7d919fca46cd6135a32a2b,level1,War & Military Affairs,40,7,586,16,5527,32531,0.06825938566552901,0.007237199203908087,0.16989948049552733,supported,supported,True,"All eligible actual-president paragraphs, including topic-free paragraphs, remain in president and scope denominators; topic-free paragraphs create no membership and no edge.",Count each distinct normalized Level 2 topic once per paragraph and each distinct derived Level 1 parent once per paragraph. Preserve one full paragraph-presence membership for every topic; do not divide a paragraph fractionally. Topic shares are non-additive and may sum above 100%.,3,"Descriptive AI-assigned topic presence in speaker-audited Miller Center paragraphs. It is not historical validation, model confidence, presidential intent, importance, influence, causality, policy success, or representation of the public or presidency as a whole."
actual-speaker-topic-edge-v1,actual-speaker-topic-network-v1,edge_f1547a519585154e70711c73dec21c8df333c81e6d0fc0c04406f6f28baae2c2,president_topic,corpus,all-corpus,All eligible corpus,,benjamin-harrison,Benjamin Harrison,topic_43ec056a6101afa1e938480103aecd71dd5f41580556a5f8d2a92b6a7cb39e2e,level1,"Money, Banking & Currency",37,5,586,16,1454,32531,0.06313993174061433,0.02544704264099037,0.04469582859426393,supported,supported,True,"All eligible actual-president paragraphs, including topic-free paragraphs, remain in president and scope denominators; topic-free paragraphs create no membership and no edge.",Count each distinct normalized Level 2 topic once per paragraph and each distinct derived Level 1 parent once per paragraph. Preserve one full paragraph-presence membership for every topic; do not divide a paragraph fractionally. Topic shares are non-additive and may sum above 100%.,3,"Descriptive AI-assigned topic presence in speaker-audited Miller Center paragraphs. It is not historical validation, model confidence, presidential intent, importance, influence, causality, policy success, or representation of the public or presidency as a whole."
actual-speaker-topic-edge-v1,actual-speaker-topic-network-v1,edge_766ecfca3ec64a528ae2d55c6dc9098adfb1c8c054328dd2826b9093cc1540d3,president_topic,corpus,all-corpus,All eligible corpus,,benjamin-harrison,Benjamin Harrison,topic_3e8647a4799e061a665118eb000c5f9ad645c931743a74bfe085cbb18238ed6e,level1,"Trade, Commerce & Tariffs",109,7,586,16,2184,32531,0.18600682593856654,0.04990842490842491,0.0671359626202699,supported,supported,True,"All eligible actual-president paragraphs, including topic-free paragraphs, remain in president and scope denominators; topic-free paragraphs create no membership and no edge.",Count each distinct normalized Level 2 topic once per paragraph and each distinct derived Level 1 parent once per paragraph. Preserve one full paragraph-presence membership for every topic; do not divide a paragraph fractionally. Topic shares are non-additive and may sum above 100%.,3,"Descriptive AI-assigned topic presence in speaker-audited Miller Center paragraphs. It is not historical validation, model confidence, presidential intent, importance, influence, causality, policy success, or representation of the public or presidency as a whole."
actual-speaker-topic-edge-v1,actual-speaker-topic-network-v1,edge_9dae3eb66e02f8074bf81cdbc4f7459a9c80169b1e01a135dc59bda13b86ba7c,president_topic,corpus,all-corpus,All eligible corpus,,benjamin-harrison,Benjamin Harrison,topic_c111a85539516b19ce3d0ebf88102afc3f5136f06811be7ef7952ae6cc9d714c,level1,Public Finance & Taxation,27,5,586,16,2743,32531,0.04607508532423208,0.00984323733138899,0.08431957210045803,supported,supported,True,"All eligible actual-president paragraphs, including topic-free paragraphs, remain in president and scope denominators; topic-free paragraphs create no membership and no edge.",Count each distinct normalized Level 2 topic once per paragraph and each distinct derived Level 1 parent once per paragraph. Preserve one full paragraph-presence membership for every topic; do not divide a paragraph fractionally. Topic shares are non-additive and may sum above 100%.,3,"Descriptive AI-assigned topic presence in speaker-audited Miller Center paragraphs. It is not historical validation, model confidence, presidential intent, importance, influence, causality, policy success, or representation of the public or presidency as a whole."
actual-speaker-topic-edge-v1,actual-speaker-topic-network-v1,edge_3b690813f53d33f8d21c6e270a8766201f9f9b4dd2d481e4ff06b99837a3f1dc,president_topic,corpus,all-corpus,All eligible corpus,,benjamin-harrison,Benjamin Harrison,topic_4e7a42711424fc04c1b91600a4625e488e9f3c4736eb917f66eed248a70edbc0,level1,"Economy, Labor & Social Welfare",37,6,586,16,3789,32531,0.06313993174061433,0.009765109527579837,0.11647351756785836,supported,supported,True,"All eligible actual-president paragraphs, including topic-free paragraphs, remain in president and scope denominators; topic-free paragraphs create no membership and no edge.",Count each distinct normalized Level 2 topic once per paragraph and each distinct derived Level 1 parent once per paragraph. Preserve one full paragraph-presence membership for every topic; do not divide a paragraph fractionally. Topic shares are non-additive and may sum above 100%.,3,"Descriptive AI-assigned topic presence in speaker-audited Miller Center paragraphs. It is not historical validation, model confidence, presidential intent, importance, influence, causality, policy success, or representation of the public or presidency as a whole."
actual-speaker-topic-edge-v1,actual-speaker-topic-network-v1,edge_eaf0fe4a0a37bfde7e8da2447a20372d7e5e5636290f182a448c219201e2abea,president_topic,corpus,all-corpus,All eligible corpus,,benjamin-harrison,Benjamin Harrison,topic_ef78a18511fbadc390b6b2c81b7205f6fbf8a9bd8b0b3a6b135e894f47157e83,level1,"Agriculture, Land & Environment",54,6,586,16,1565,32531,0.09215017064846416,0.03450479233226837,0.048107958562601826,supported,supported,True,"All eligible actual-president paragraphs, including topic-free paragraphs, remain in president and scope denominators; topic-free paragraphs create no membership and no edge.",Count each distinct normalized Level 2 topic once per paragraph and each distinct derived Level 1 parent once per paragraph. Preserve one full paragraph-presence membership for every topic; do not divide a paragraph fractionally. Topic shares are non-additive and may sum above 100%.,3,"Descriptive AI-assigned topic presence in speaker-audited Miller Center paragraphs. It is not historical validation, model confidence, presidential intent, importance, influence, causality, policy success, or representation of the public or presidency as a whole."
actual-speaker-topic-edge-v1,actual-speaker-topic-network-v1,edge_5d087435d98cf34653f7ecc6842c72808c34dba10a04a0070baffb9c634e1ac3,president_topic,corpus,all-corpus,All eligible corpus,,benjamin-harrison,Benjamin Harrison,topic_c092ca5bdad12513ef74aa364f2bf7a6db5cb739f929d0f0ef4779e5c868cbcd,level1,Infrastructure & Internal Improvements,32,6,586,16,1897,32531,0.05460750853242321,0.01686874011597259,0.05831360855799084,supported,supported,True,"All eligible actual-president paragraphs, including topic-free paragraphs, remain in president and scope denominators; topic-free paragraphs create no membership and no edge.",Count each distinct normalized Level 2 topic once per paragraph and each distinct derived Level 1 parent once per paragraph. Preserve one full paragraph-presence membership for every topic; do not divide a paragraph fractionally. Topic shares are non-additive and may sum above 100%.,3,"Descriptive AI-assigned topic presence in speaker-audited Miller Center paragraphs. It is not historical validation, model confidence, presidential intent, importance, influence, causality, policy success, or representation of the public or presidency as a whole."
actual-speaker-topic-edge-v1,actual-speaker-topic-network-v1,edge_fca579f4cf715a6f75ccee281534ee2b5ffd944df76d9f38ee55782676be20ed,president_topic,corpus,all-corpus,All eligible corpus,,benjamin-harrison,Benjamin Harrison,topic_69c2f2e5246434489ce5d23ab22aff61e0e45f95df48cd62755c0cc84ca18853,level1,Civil Rights & Immigration,27,6,586,16,2617,32531,0.04607508532423208,0.010317157050057318,0.08044634348775015,supported,supported,True,"All eligible actual-president paragraphs, including topic-free paragraphs, remain in president and scope denominators; topic-free paragraphs create no membership and no edge.",Count each distinct normalized Level 2 topic once per paragraph and each distinct derived Level 1 parent once per paragraph. Preserve one full paragraph-presence membership for every topic; do not divide a paragraph fractionally. Topic shares are non-additive and may sum above 100%.,3,"Descriptive AI-assigned topic presence in speaker-audited Miller Center paragraphs. It is not historical validation, model confidence, presidential intent, importance, influence, causality, policy success, or representation of the public or presidency as a whole."
actual-speaker-topic-edge-v1,actual-speaker-topic-network-v1,edge_db965d9f717ce57274c37042dae1a9ecec4f848952dc7e3a545bf852af96d285,president_topic,corpus,all-corpus,All eligible corpus,,benjamin-harrison,Benjamin Harrison,topic_3493d9b6ff51b17cc78f8191a4ac1b2eae5bb4ff7f269114b248d590851a7ed8,level1,Indian & Tribal Affairs,37,5,586,16,682,32531,0.06313993174061433,0.054252199413489736,0.02096461836402201,supported,supported,True,"All eligible actual-president paragraphs, including topic-free paragraphs, remain in president and scope denominators; topic-free paragraphs create no membership and no edge.",Count each distinct normalized Level 2 topic once per paragraph and each distinct derived Level 1 parent once per paragraph. Preserve one full paragraph-presence membership for every topic; do not divide a paragraph fractionally. Topic shares are non-additive and may sum above 100%.,3,"Descriptive AI-assigned topic presence in speaker-audited Miller Center paragraphs. It is not historical validation, model confidence, presidential intent, importance, influence, causality, policy success, or representation of the public or presidency as a whole."
actual-speaker-topic-edge-v1,actual-speaker-topic-network-v1,edge_822f0532a8736f6fbf42916635dd2d25ee7cf1ff24b90bcc80ea7262fc8f65db,president_topic,corpus,all-corpus,All eligible corpus,,benjamin-harrison,Benjamin Harrison,topic_3676810b2915e5e08405c3c9e3ed6b588696c94d35d477e10ed9cc62058597b4,level1,"Law, Crime & Justice",24,6,586,16,1315,32531,0.040955631399317405,0.018250950570342206,0.0404229811564354,supported,supported,True,"All eligible actual-president paragraphs, including topic-free paragraphs, remain in president and scope denominators; topic-free paragraphs create no membership and no edge.",Count each distinct normalized Level 2 topic once per paragraph and each distinct derived Level 1 parent once per paragraph. Preserve one full paragraph-presence membership for every topic; do not divide a paragraph fractionally. Topic shares are non-additive and may sum above 100%.,3,"Descriptive AI-assigned topic presence in speaker-audited Miller Center paragraphs. It is not historical validation, model confidence, presidential intent, importance, influence, causality, policy success, or representation of the public or presidency as a whole."
actual-speaker-topic-edge-v1,actual-speaker-topic-network-v1,edge_054daf35a4507a262bcbb4bbf719fe23729227c9a9a16a32288ccb020bf9c649,president_topic,corpus,all-corpus,All eligible corpus,,benjamin-harrison,Benjamin Harrison,topic_b9fc73bb18ca058e7f189c867a51071c93e7fea7d67167933f18846a43f46e2c,level1,Constitutional Order & Governance,98,8,586,16,4188,32531,0.16723549488054607,0.023400191021967526,0.12873874150809997,supported,supported,True,"All eligible actual-president paragraphs, including topic-free paragraphs, remain in president and scope denominators; topic-free paragraphs create no membership and no edge.",Count each distinct normalized Level 2 topic once per paragraph and each distinct derived Level 1 parent once per paragraph. Preserve one full paragraph-presence membership for every topic; do not divide a paragraph fractionally. Topic shares are non-additive and may sum above 100%.,3,"Descriptive AI-assigned topic presence in speaker-audited Miller Center paragraphs. It is not historical validation, model confidence, presidential intent, importance, influence, causality, policy success, or representation of the public or presidency as a whole."
actual-speaker-topic-edge-v1,actual-speaker-topic-network-v1,edge_acfa42dd586ed968f34a8b349a9a8add521709208d9d4c9b87f4b9691d17d585,president_topic,corpus,all-corpus,All eligible corpus,,benjamin-harrison,Benjamin Harrison,topic_808789d7a0e8edad0be5ec687efb103a704d7b1ebd37e9e78d628803197b9205,level1,Procedural & Administrative,46,8,586,16,1320,32531,0.07849829351535836,0.03484848484848485,0.04057668070455873,supported,supported,True,"All eligible actual-president paragraphs, including topic-free paragraphs, remain in president and scope denominators; topic-free paragraphs create no membership and no edge.",Count each distinct normalized Level 2 topic once per paragraph and each distinct derived Level 1 parent once per paragraph. Preserve one full paragraph-presence membership for every topic; do not divide a paragraph fractionally. Topic shares are non-additive and may sum above 100%.,3,"Descriptive AI-assigned topic presence in speaker-audited Miller Center paragraphs. It is not historical validation, model confidence, presidential intent, importance, influence, causality, policy success, or representation of the public or presidency as a whole."
actual-speaker-topic-edge-v1,actual-speaker-topic-network-v1,edge_6708730c3a50856670cb56d4fde59bb80d1c43687611a00d54f94f7c72900628,president_topic,corpus,all-corpus,All eligible corpus,,william-mckinley,William McKinley,topic_53f9c63ed6aedcab84709226f843c89a577ea30928250cda0021a52c0d9dd5d2,level1,Foreign Relations & Diplomacy,300,12,744,14,8414,32531,0.4032258064516129,0.03565486094604231,0.2586455995819372,supported,supported,True,"All eligible actual-president paragraphs, including topic-free paragraphs, remain in president and scope denominators; topic-free paragraphs create no membership and no edge.",Count each distinct normalized Level 2 topic once per paragraph and each distinct derived Level 1 parent once per paragraph. Preserve one full paragraph-presence membership for every topic; do not divide a paragraph fractionally. Topic shares are non-additive and may sum above 100%.,3,"Descriptive AI-assigned topic presence in speaker-audited Miller Center paragraphs. It is not historical validation, model confidence, presidential intent, importance, influence, causality, policy success, or representation of the public or presidency as a whole."
actual-speaker-topic-edge-v1,actual-speaker-topic-network-v1,edge_ff76648d999e25c9b671a82afa3a643e192abda246eeb92d903996ca99948f9f,president_topic,corpus,all-corpus,All eligible corpus,,william-mckinley,William McKinley,topic_07f03bf056ab3503c6f721cf2a606b728b9cbb858d7d919fca46cd6135a32a2b,level1,War & Military Affairs,93,10,744,14,5527,32531,0.125,0.016826488149086303,0.16989948049552733,supported,supported,True,"All eligible actual-president paragraphs, including topic-free paragraphs, remain in president and scope denominators; topic-free paragraphs create no membership and no edge.",Count each distinct normalized Level 2 topic once per paragraph and each distinct derived Level 1 parent once per paragraph. Preserve one full paragraph-presence membership for every topic; do not divide a paragraph fractionally. Topic shares are non-additive and may sum above 100%.,3,"Descriptive AI-assigned topic presence in speaker-audited Miller Center paragraphs. It is not historical validation, model confidence, presidential intent, importance, influence, causality, policy success, or representation of the public or presidency as a whole."
actual-speaker-topic-edge-v1,actual-speaker-topic-network-v1,edge_2c42b96514b78a2e125bc2b58473f2df159a6a7f7f04e35b0a8df6c441662ae6,president_topic,corpus,all-corpus,All eligible corpus,,william-mckinley,William McKinley,topic_43ec056a6101afa1e938480103aecd71dd5f41580556a5f8d2a92b6a7cb39e2e,level1,"Money, Banking & Currency",49,9,744,14,1454,32531,0.06586021505376344,0.03370013755158184,0.04469582859426393,supported,supported,True,"All eligible actual-president paragraphs, including topic-free paragraphs, remain in president and scope denominators; topic-free paragraphs create no membership and no edge.",Count each distinct normalized Level 2 topic once per paragraph and each distinct derived Level 1 parent once per paragraph. Preserve one full paragraph-presence membership for every topic; do not divide a paragraph fractionally. Topic shares are non-additive and may sum above 100%.,3,"Descriptive AI-assigned topic presence in speaker-audited Miller Center paragraphs. It is not historical validation, model confidence, presidential intent, importance, influence, causality, policy success, or representation of the public or presidency as a whole."
actual-speaker-topic-edge-v1,actual-speaker-topic-network-v1,edge_02793e7255d8a19f6abf05108c62fbaf9649159ce6c713ae964c5610f100d3e0,president_topic,corpus,all-corpus,All eligible corpus,,william-mckinley,William McKinley,topic_3e8647a4799e061a665118eb000c5f9ad645c931743a74bfe085cbb18238ed6e,level1,"Trade, Commerce & Tariffs",83,10,744,14,2184,32531,0.11155913978494623,0.038003663003663,0.0671359626202699,supported,supported,True,"All eligible actual-president paragraphs, including topic-free paragraphs, remain in president and scope denominators; topic-free paragraphs create no membership and no edge.",Count each distinct normalized Level 2 topic once per paragraph and each distinct derived Level 1 parent once per paragraph. Preserve one full paragraph-presence membership for every topic; do not divide a paragraph fractionally. Topic shares are non-additive and may sum above 100%.,3,"Descriptive AI-assigned topic presence in speaker-audited Miller Center paragraphs. It is not historical validation, model confidence, presidential intent, importance, influence, causality, policy success, or representation of the public or presidency as a whole."
actual-speaker-topic-edge-v1,actual-speaker-topic-network-v1,edge_6202a08da0a5d4c615a7697f70dc505056a99a2787edb92ea82336ec31125bf2,president_topic,corpus,all-corpus,All eligible corpus,,william-mckinley,William McKinley,topic_c111a85539516b19ce3d0ebf88102afc3f5136f06811be7ef7952ae6cc9d714c,level1,Public Finance & Taxation,52,9,744,14,2743,32531,0.06989247311827956,0.018957345971563982,0.08431957210045803,supported,supported,True,"All eligible actual-president paragraphs, including topic-free paragraphs, remain in president and scope denominators; topic-free paragraphs create no membership and no edge.",Count each distinct normalized Level 2 topic once per paragraph and each distinct derived Level 1 parent once per paragraph. Preserve one full paragraph-presence membership for every topic; do not divide a paragraph fractionally. Topic shares are non-additive and may sum above 100%.,3,"Descriptive AI-assigned topic presence in speaker-audited Miller Center paragraphs. It is not historical validation, model confidence, presidential intent, importance, influence, causality, policy success, or representation of the public or presidency as a whole."
actual-speaker-topic-edge-v1,actual-speaker-topic-network-v1,edge_c2beb4dcbfb5f4292451c296cbad1aaea1128d0cc3309593dbbe71110b148c04,president_topic,corpus,all-corpus,All eligible corpus,,william-mckinley,William McKinley,topic_ef78a18511fbadc390b6b2c81b7205f6fbf8a9bd8b0b3a6b135e894f47157e83,level1,"Agriculture, Land & Environment",26,6,744,14,1565,32531,0.03494623655913978,0.016613418530351438,0.048107958562601826,supported,supported,True,"All eligible actual-president paragraphs, including topic-free paragraphs, remain in president and scope denominators; topic-free paragraphs create no membership and no edge.",Count each distinct normalized Level 2 topic once per paragraph and each distinct derived Level 1 parent once per paragraph. Preserve one full paragraph-presence membership for every topic; do not divide a paragraph fractionally. Topic shares are non-additive and may sum above 100%.,3,"Descriptive AI-assigned topic presence in speaker-audited Miller Center paragraphs. It is not historical validation, model confidence, presidential intent, importance, influence, causality, policy success, or representation of the public or presidency as a whole."
actual-speaker-topic-edge-v1,actual-speaker-topic-network-v1,edge_11e2355e6dd3fc3011cb86653352bc9688d9e46f3099c7d01b481b403ba304b4,president_topic,corpus,all-corpus,All eligible corpus,,william-mckinley,William McKinley,topic_c092ca5bdad12513ef74aa364f2bf7a6db5cb739f929d0f0ef4779e5c868cbcd,level1,Infrastructure & Internal Improvements,35,6,744,14,1897,32531,0.04704301075268817,0.01845018450184502,0.05831360855799084,supported,supported,True,"All eligible actual-president paragraphs, including topic-free paragraphs, remain in president and scope denominators; topic-free paragraphs create no membership and no edge.",Count each distinct normalized Level 2 topic once per paragraph and each distinct derived Level 1 parent once per paragraph. Preserve one full paragraph-presence membership for every topic; do not divide a paragraph fractionally. Topic shares are non-additive and may sum above 100%.,3,"Descriptive AI-assigned topic presence in speaker-audited Miller Center paragraphs. It is not historical validation, model confidence, presidential intent, importance, influence, causality, policy success, or representation of the public or presidency as a whole."
actual-speaker-topic-edge-v1,actual-speaker-topic-network-v1,edge_c78de0dd4d75cac10cb79ea972d5f5fb6ae1519c18159c80cd235789395affb2,president_topic,corpus,all-corpus,All eligible corpus,,william-mckinley,William McKinley,topic_b9fc73bb18ca058e7f189c867a51071c93e7fea7d67167933f18846a43f46e2c,level1,Constitutional Order & Governance,140,7,744,14,4188,32531,0.1881720430107527,0.033428844317096466,0.12873874150809997,supported,supported,True,"All eligible actual-president paragraphs, including topic-free paragraphs, remain in president and scope denominators; topic-free paragraphs create no membership and no edge.",Count each distinct normalized Level 2 topic once per paragraph and each distinct derived Level 1 parent once per paragraph. Preserve one full paragraph-presence membership for every topic; do not divide a paragraph fractionally. Topic shares are non-additive and may sum above 100%.,3,"Descriptive AI-assigned topic presence in speaker-audited Miller Center paragraphs. It is not historical validation, model confidence, presidential intent, importance, influence, causality, policy success, or representation of the public or presidency as a whole."
actual-speaker-topic-edge-v1,actual-speaker-topic-network-v1,edge_c46af6a70cfd93d9706214fc4df45846bff8df5d91754891aded99f51d6ace9e,president_topic,corpus,all-corpus,All eligible corpus,,william-mckinley,William McKinley,topic_808789d7a0e8edad0be5ec687efb103a704d7b1ebd37e9e78d628803197b9205,level1,Procedural & Administrative,30,7,744,14,1320,32531,0.04032258064516129,0.022727272727272728,0.04057668070455873,supported,supported,True,"All eligible actual-president paragraphs, including topic-free paragraphs, remain in president and scope denominators; topic-free paragraphs create no membership and no edge.",Count each distinct normalized Level 2 topic once per paragraph and each distinct derived Level 1 parent once per paragraph. Preserve one full paragraph-presence membership for every topic; do not divide a paragraph fractionally. Topic shares are non-additive and may sum above 100%.,3,"Descriptive AI-assigned topic presence in speaker-audited Miller Center paragraphs. It is not historical validation, model confidence, presidential intent, importance, influence, causality, policy success, or representation of the public or presidency as a whole."
actual-speaker-topic-edge-v1,actual-speaker-topic-network-v1,edge_5d394e76841294ddf6fef4fbb86ba27c951aa4c84c45dcc1a5a497fe4e03c6ad,president_topic,corpus,all-corpus,All eligible corpus,,william-mckinley,William McKinley,topic_73fe8a26a7881c104f8ac0ee90b445177eabd28ec5e36d34a3bdcacd0505cba1,level1,Faith & National Values,26,9,744,14,2953,32531,0.03494623655913978,0.008804605485946495,0.09077495312163782,supported,supported,True,"All eligible actual-president paragraphs, including topic-free paragraphs, remain in president and scope denominators; topic-free paragraphs create no membership and no edge.",Count each distinct normalized Level 2 topic once per paragraph and each distinct derived Level 1 parent once per paragraph. Preserve one full paragraph-presence membership for every topic; do not divide a paragraph fractionally. Topic shares are non-additive and may sum above 100%.,3,"Descriptive AI-assigned topic presence in speaker-audited Miller Center paragraphs. It is not historical validation, model confidence, presidential intent, importance, influence, causality, policy success, or representation of the public or presidency as a whole."
actual-speaker-topic-edge-v1,actual-speaker-topic-network-v1,edge_9547f483c9ae710d6797f986ae52761b963da22ef896be768d21d68670d07fb8,president_topic,corpus,all-corpus,All eligible corpus,,theodore-roosevelt,Theodore Roosevelt,topic_53f9c63ed6aedcab84709226f843c89a577ea30928250cda0021a52c0d9dd5d2,level1,Foreign Relations & Diplomacy,209,14,1398,21,8414,32531,0.14949928469241774,0.02483955312574281,0.2586455995819372,supported,supported,True,"All eligible actual-president paragraphs, including topic-free paragraphs, remain in president and scope denominators; topic-free paragraphs create no membership and no edge.",Count each distinct normalized Level 2 topic once per paragraph and each distinct derived Level 1 parent once per paragraph. Preserve one full paragraph-presence membership for every topic; do not divide a paragraph fractionally. Topic shares are non-additive and may sum above 100%.,3,"Descriptive AI-assigned topic presence in speaker-audited Miller Center paragraphs. It is not historical validation, model confidence, presidential intent, importance, influence, causality, policy success, or representation of the public or presidency as a whole."
actual-speaker-topic-edge-v1,actual-speaker-topic-network-v1,edge_4f7baa734880b464426e06c4d28828b275a097be7af0fb62727d3f854b9cc634,president_topic,corpus,all-corpus,All eligible corpus,,theodore-roosevelt,Theodore Roosevelt,topic_07f03bf056ab3503c6f721cf2a606b728b9cbb858d7d919fca46cd6135a32a2b,level1,War & Military Affairs,187,12,1398,21,5527,32531,0.13376251788268956,0.033833906278270307,0.16989948049552733,supported,supported,True,"All eligible actual-president paragraphs, including topic-free paragraphs, remain in president and scope denominators; topic-free paragraphs create no membership and no edge.",Count each distinct normalized Level 2 topic once per paragraph and each distinct derived Level 1 parent once per paragraph. Preserve one full paragraph-presence membership for every topic; do not divide a paragraph fractionally. Topic shares are non-additive and may sum above 100%.,3,"Descriptive AI-assigned topic presence in speaker-audited Miller Center paragraphs. It is not historical validation, model confidence, presidential intent, importance, influence, causality, policy success, or representation of the public or presidency as a whole."
actual-speaker-topic-edge-v1,actual-speaker-topic-network-v1,edge_bf142081acc2c23ebd4fc0897837804ad522f8144a4441c39cb8fbeed99ae75d,president_topic,corpus,all-corpus,All eligible corpus,,theodore-roosevelt,Theodore Roosevelt,topic_43ec056a6101afa1e938480103aecd71dd5f41580556a5f8d2a92b6a7cb39e2e,level1,"Money, Banking & Currency",32,9,1398,21,1454,32531,0.022889842632331903,0.02200825309491059,0.04469582859426393,supported,supported,True,"All eligible actual-president paragraphs, including topic-free paragraphs, remain in president and scope denominators; topic-free paragraphs create no membership and no edge.",Count each distinct normalized Level 2 topic once per paragraph and each distinct derived Level 1 parent once per paragraph. Preserve one full paragraph-presence membership for every topic; do not divide a paragraph fractionally. Topic shares are non-additive and may sum above 100%.,3,"Descriptive AI-assigned topic presence in speaker-audited Miller Center paragraphs. It is not historical validation, model confidence, presidential intent, importance, influence, causality, policy success, or representation of the public or presidency as a whole."
actual-speaker-topic-edge-v1,actual-speaker-topic-network-v1,edge_420cec1b862b2f767024caae08f2c98c6f4dd4219ad14331738363e9774970f0,president_topic,corpus,all-corpus,All eligible corpus,,theodore-roosevelt,Theodore Roosevelt,topic_3e8647a4799e061a665118eb000c5f9ad645c931743a74bfe085cbb18238ed6e,level1,"Trade, Commerce & Tariffs",262,15,1398,21,2184,32531,0.18741058655221746,0.11996336996336997,0.0671359626202699,supported,supported,True,"All eligible actual-president paragraphs, including topic-free paragraphs, remain in president and scope denominators; topic-free paragraphs create no membership and no edge.",Count each distinct normalized Level 2 topic once per paragraph and each distinct derived Level 1 parent once per paragraph. Preserve one full paragraph-presence membership for every topic; do not divide a paragraph fractionally. Topic shares are non-additive and may sum above 100%.,3,"Descriptive AI-assigned topic presence in speaker-audited Miller Center paragraphs. It is not historical validation, model confidence, presidential intent, importance, influence, causality, policy success, or representation of the public or presidency as a whole."
actual-speaker-topic-edge-v1,actual-speaker-topic-network-v1,edge_c0b7dee852c11b57a8625dea7f78fd68a22605a6a1bcc62cd8a6cb1198fb08a5,president_topic,corpus,all-corpus,All eligible corpus,,theodore-roosevelt,Theodore Roosevelt,topic_c111a85539516b19ce3d0ebf88102afc3f5136f06811be7ef7952ae6cc9d714c,level1,Public Finance & Taxation,33,8,1398,21,2743,32531,0.023605150214592276,0.012030623405030989,0.08431957210045803,supported,supported,True,"All eligible actual-president paragraphs, including topic-free paragraphs, remain in president and scope denominators; topic-free paragraphs create no membership and no edge.",Count each distinct normalized Level 2 topic once per paragraph and each distinct derived Level 1 parent once per paragraph. Preserve one full paragraph-presence membership for every topic; do not divide a paragraph fractionally. Topic shares are non-additive and may sum above 100%.,3,"Descriptive AI-assigned topic presence in speaker-audited Miller Center paragraphs. It is not historical validation, model confidence, presidential intent, importance, influence, causality, policy success, or representation of the public or presidency as a whole."
actual-speaker-topic-edge-v1,actual-speaker-topic-network-v1,edge_4b2602acb6059f7fda2cfa89509361e9faaa9759178505b37312525cae52bb0d,president_topic,corpus,all-corpus,All eligible corpus,,theodore-roosevelt,Theodore Roosevelt,topic_4e7a42711424fc04c1b91600a4625e488e9f3c4736eb917f66eed248a70edbc0,level1,"Economy, Labor & Social Welfare",164,11,1398,21,3789,32531,0.11731044349070101,0.043283188176299815,0.11647351756785836,supported,supported,True,"All eligible actual-president paragraphs, including topic-free paragraphs, remain in president and scope denominators; topic-free paragraphs create no membership and no edge.",Count each distinct normalized Level 2 topic once per paragraph and each distinct derived Level 1 parent once per paragraph. Preserve one full paragraph-presence membership for every topic; do not divide a paragraph fractionally. Topic shares are non-additive and may sum above 100%.,3,"Descriptive AI-assigned topic presence in speaker-audited Miller Center paragraphs. It is not historical validation, model confidence, presidential intent, importance, influence, causality, policy success, or representation of the public or presidency as a whole."
actual-speaker-topic-edge-v1,actual-speaker-topic-network-v1,edge_7ef05ec288006b25b8979006d5de9bfb0ea83729e6341f93ab4ed05c40ae45c6,president_topic,corpus,all-corpus,All eligible corpus,,theodore-roosevelt,Theodore Roosevelt,topic_ef78a18511fbadc390b6b2c81b7205f6fbf8a9bd8b0b3a6b135e894f47157e83,level1,"Agriculture, Land & Environment",179,11,1398,21,1565,32531,0.12804005722460657,0.11437699680511182,0.048107958562601826,supported,supported,True,"All eligible actual-president paragraphs, including topic-free paragraphs, remain in president and scope denominators; topic-free paragraphs create no membership and no edge.",Count each distinct normalized Level 2 topic once per paragraph and each distinct derived Level 1 parent once per paragraph. Preserve one full paragraph-presence membership for every topic; do not divide a paragraph fractionally. Topic shares are non-additive and may sum above 100%.,3,"Descriptive AI-assigned topic presence in speaker-audited Miller Center paragraphs. It is not historical validation, model confidence, presidential intent, importance, influence, causality, policy success, or representation of the public or presidency as a whole."
actual-speaker-topic-edge-v1,actual-speaker-topic-network-v1,edge_30000d9dff6f22350e52cba025ef13a3db51b6bc3c3f16029b924199053c4e11,president_topic,corpus,all-corpus,All eligible corpus,,theodore-roosevelt,Theodore Roosevelt,topic_c092ca5bdad12513ef74aa364f2bf7a6db5cb739f929d0f0ef4779e5c868cbcd,level1,Infrastructure & Internal Improvements,161,12,1398,21,1897,32531,0.11516452074391989,0.08487084870848709,0.05831360855799084,supported,supported,True,"All eligible actual-president paragraphs, including topic-free paragraphs, remain in president and scope denominators; topic-free paragraphs create no membership and no edge.",Count each distinct normalized Level 2 topic once per paragraph and each distinct derived Level 1 parent once per paragraph. Preserve one full paragraph-presence membership for every topic; do not divide a paragraph fractionally. Topic shares are non-additive and may sum above 100%.,3,"Descriptive AI-assigned topic presence in speaker-audited Miller Center paragraphs. It is not historical validation, model confidence, presidential intent, importance, influence, causality, policy success, or representation of the public or presidency as a whole."
actual-speaker-topic-edge-v1,actual-speaker-topic-network-v1,edge_f5564214505788ddc087458f0eae447649597ff920677f69ae7070f57b5f4d11,president_topic,corpus,all-corpus,All eligible corpus,,theodore-roosevelt,Theodore Roosevelt,topic_69c2f2e5246434489ce5d23ab22aff61e0e45f95df48cd62755c0cc84ca18853,level1,Civil Rights & Immigration,66,8,1398,21,2617,32531,0.04721030042918455,0.025219717233473445,0.08044634348775015,supported,supported,True,"All eligible actual-president paragraphs, including topic-free paragraphs, remain in president and scope denominators; topic-free paragraphs create no membership and no edge.",Count each distinct normalized Level 2 topic once per paragraph and each distinct derived Level 1 parent once per paragraph. Preserve one full paragraph-presence membership for every topic; do not divide a paragraph fractionally. Topic shares are non-additive and may sum above 100%.,3,"Descriptive AI-assigned topic presence in speaker-audited Miller Center paragraphs. It is not historical validation, model confidence, presidential intent, importance, influence, causality, policy success, or representation of the public or presidency as a whole."
actual-speaker-topic-edge-v1,actual-speaker-topic-network-v1,edge_9ed3133016f7ce1ce857fff85239f9150a07d639bdcb83498fc2bdd05cf8b077,president_topic,corpus,all-corpus,All eligible corpus,,theodore-roosevelt,Theodore Roosevelt,topic_3493d9b6ff51b17cc78f8191a4ac1b2eae5bb4ff7f269114b248d590851a7ed8,level1,Indian & Tribal Affairs,25,7,1398,21,682,32531,0.0178826895565093,0.036656891495601175,0.02096461836402201,supported,supported,True,"All eligible actual-president paragraphs, including topic-free paragraphs, remain in president and scope denominators; topic-free paragraphs create no membership and no edge.",Count each distinct normalized Level 2 topic once per paragraph and each distinct derived Level 1 parent once per paragraph. Preserve one full paragraph-presence membership for every topic; do not divide a paragraph fractionally. Topic shares are non-additive and may sum above 100%.,3,"Descriptive AI-assigned topic presence in speaker-audited Miller Center paragraphs. It is not historical validation, model confidence, presidential intent, importance, influence, causality, policy success, or representation of the public or presidency as a whole."
actual-speaker-topic-edge-v1,actual-speaker-topic-network-v1,edge_0feefb48348181b7b23d22ab55e458494b9201dc73fd601a5eb006ad8bbcbeb8,president_topic,corpus,all-corpus,All eligible corpus,,theodore-roosevelt,Theodore Roosevelt,topic_3676810b2915e5e08405c3c9e3ed6b588696c94d35d477e10ed9cc62058597b4,level1,"Law, Crime & Justice",74,11,1398,21,1315,32531,0.05293276108726753,0.05627376425855513,0.0404229811564354,supported,supported,True,"All eligible actual-president paragraphs, including topic-free paragraphs, remain in president and scope denominators; topic-free paragraphs create no membership and no edge.",Count each distinct normalized Level 2 topic once per paragraph and each distinct derived Level 1 parent once per paragraph. Preserve one full paragraph-presence membership for every topic; do not divide a paragraph fractionally. Topic shares are non-additive and may sum above 100%.,3,"Descriptive AI-assigned topic presence in speaker-audited Miller Center paragraphs. It is not historical validation, model confidence, presidential intent, importance, influence, causality, policy success, or representation of the public or presidency as a whole."
actual-speaker-topic-edge-v1,actual-speaker-topic-network-v1,edge_1973a1e5c5ee857ac4444e3a14445e535b85bfe63794833ef8b3b6bf91e0670c,president_topic,corpus,all-corpus,All eligible corpus,,theodore-roosevelt,Theodore Roosevelt,topic_b9fc73bb18ca058e7f189c867a51071c93e7fea7d67167933f18846a43f46e2c,level1,Constitutional Order & Governance,221,13,1398,21,4188,32531,0.15808297567954221,0.05276981852913085,0.12873874150809997,supported,supported,True,"All eligible actual-president paragraphs, including topic-free paragraphs, remain in president and scope denominators; topic-free paragraphs create no membership and no edge.",Count each distinct normalized Level 2 topic once per paragraph and each distinct derived Level 1 parent once per paragraph. Preserve one full paragraph-presence membership for every topic; do not divide a paragraph fractionally. Topic shares are non-additive and may sum above 100%.,3,"Descriptive AI-assigned topic presence in speaker-audited Miller Center paragraphs. It is not historical validation, model confidence, presidential intent, importance, influence, causality, policy success, or representation of the public or presidency as a whole."
actual-speaker-topic-edge-v1,actual-speaker-topic-network-v1,edge_24c65c1bf816c634e8eed0867369ce1c4900344e81137bcd65f3ccfdcdb5d289,president_topic,corpus,all-corpus,All eligible corpus,,theodore-roosevelt,Theodore Roosevelt,topic_ba4e1562b35cd37c83f78a1460d65e49337ac54a9561805b51da67a33fb4d23e,level1,Ceremonial & Commemorative Address,22,9,1398,21,597,32531,0.015736766809728183,0.03685092127303183,0.018351726045925425,supported,supported,True,"All eligible actual-president paragraphs, including topic-free paragraphs, remain in president and scope denominators; topic-free paragraphs create no membership and no edge.",Count each distinct normalized Level 2 topic once per paragraph and each distinct derived Level 1 parent once per paragraph. Preserve one full paragraph-presence membership for every topic; do not divide a paragraph fractionally. Topic shares are non-additive and may sum above 100%.,3,"Descriptive AI-assigned topic presence in speaker-audited Miller Center paragraphs. It is not historical validation, model confidence, presidential intent, importance, influence, causality, policy success, or representation of the public or presidency as a whole."
actual-speaker-topic-edge-v1,actual-speaker-topic-network-v1,edge_556917e0f21348d7b46e20679a299ffd509aae17fea837d49d7bdaa8ab6aeea6,president_topic,corpus,all-corpus,All eligible corpus,,theodore-roosevelt,Theodore Roosevelt,topic_808789d7a0e8edad0be5ec687efb103a704d7b1ebd37e9e78d628803197b9205,level1,Procedural & Administrative,84,13,1398,21,1320,32531,0.060085836909871244,0.06363636363636363,0.04057668070455873,supported,supported,True,"All eligible actual-president paragraphs, including topic-free paragraphs, remain in president and scope denominators; topic-free paragraphs create no membership and no edge.",Count each distinct normalized Level 2 topic once per paragraph and each distinct derived Level 1 parent once per paragraph. Preserve one full paragraph-presence membership for every topic; do not divide a paragraph fractionally. Topic shares are non-additive and may sum above 100%.,3,"Descriptive AI-assigned topic presence in speaker-audited Miller Center paragraphs. It is not historical validation, model confidence, presidential intent, importance, influence, causality, policy success, or representation of the public or presidency as a whole."
actual-speaker-topic-edge-v1,actual-speaker-topic-network-v1,edge_b1b679379b5838b0128f8dd5b60f3df9e5fd6de10991426080da02c1f9e78108,president_topic,corpus,all-corpus,All eligible corpus,,theodore-roosevelt,Theodore Roosevelt,topic_73fe8a26a7881c104f8ac0ee90b445177eabd28ec5e36d34a3bdcacd0505cba1,level1,Faith & National Values,43,10,1398,21,2953,32531,0.030758226037195996,0.014561462919065358,0.09077495312163782,supported,supported,True,"All eligible actual-president paragraphs, including topic-free paragraphs, remain in president and scope denominators; topic-free paragraphs create no membership and no edge.",Count each distinct normalized Level 2 topic once per paragraph and each distinct derived Level 1 parent once per paragraph. Preserve one full paragraph-presence membership for every topic; do not divide a paragraph fractionally. Topic shares are non-additive and may sum above 100%.,3,"Descriptive AI-assigned topic presence in speaker-audited Miller Center paragraphs. It is not historical validation, model confidence, presidential intent, importance, influence, causality, policy success, or representation of the public or presidency as a whole."
actual-speaker-topic-edge-v1,actual-speaker-topic-network-v1,edge_62acd709be3bcb25775479d549817b71acd7c7b9ee416b0c6848078899dbd9ae,president_topic,corpus,all-corpus,All eligible corpus,,william-taft,William Taft,topic_53f9c63ed6aedcab84709226f843c89a577ea30928250cda0021a52c0d9dd5d2,level1,Foreign Relations & Diplomacy,201,7,937,11,8414,32531,0.21451440768409819,0.02388875683384835,0.2586455995819372,supported,supported,True,"All eligible actual-president paragraphs, including topic-free paragraphs, remain in president and scope denominators; topic-free paragraphs create no membership and no edge.",Count each distinct normalized Level 2 topic once per paragraph and each distinct derived Level 1 parent once per paragraph. Preserve one full paragraph-presence membership for every topic; do not divide a paragraph fractionally. Topic shares are non-additive and may sum above 100%.,3,"Descriptive AI-assigned topic presence in speaker-audited Miller Center paragraphs. It is not historical validation, model confidence, presidential intent, importance, influence, causality, policy success, or representation of the public or presidency as a whole."
actual-speaker-topic-edge-v1,actual-speaker-topic-network-v1,edge_73536eb7708eca3c0b1853f52f40c70809b9f087defb37bb9057919ff923584a,president_topic,corpus,all-corpus,All eligible corpus,,william-taft,William Taft,topic_07f03bf056ab3503c6f721cf2a606b728b9cbb858d7d919fca46cd6135a32a2b,level1,War & Military Affairs,96,5,937,11,5527,32531,0.10245464247598719,0.01736927808937941,0.16989948049552733,supported,supported,True,"All eligible actual-president paragraphs, including topic-free paragraphs, remain in president and scope denominators; topic-free paragraphs create no membership and no edge.",Count each distinct normalized Level 2 topic once per paragraph and each distinct derived Level 1 parent once per paragraph. Preserve one full paragraph-presence membership for every topic; do not divide a paragraph fractionally. Topic shares are non-additive and may sum above 100%.,3,"Descriptive AI-assigned topic presence in speaker-audited Miller Center paragraphs. It is not historical validation, model confidence, presidential intent, importance, influence, causality, policy success, or representation of the public or presidency as a whole."
actual-speaker-topic-edge-v1,actual-speaker-topic-network-v1,edge_cd940706957d6d615471b12c63efd16e750e382eb11b275874622f33239ebae6,president_topic,corpus,all-corpus,All eligible corpus,,william-taft,William Taft,topic_43ec056a6101afa1e938480103aecd71dd5f41580556a5f8d2a92b6a7cb39e2e,level1,"Money, Banking & Currency",35,6,937,11,1454,32531,0.03735325506937033,0.024071526822558458,0.04469582859426393,supported,supported,True,"All eligible actual-president paragraphs, including topic-free paragraphs, remain in president and scope denominators; topic-free paragraphs create no membership and no edge.",Count each distinct normalized Level 2 topic once per paragraph and each distinct derived Level 1 parent once per paragraph. Preserve one full paragraph-presence membership for every topic; do not divide a paragraph fractionally. Topic shares are non-additive and may sum above 100%.,3,"Descriptive AI-assigned topic presence in speaker-audited Miller Center paragraphs. It is not historical validation, model confidence, presidential intent, importance, influence, causality, policy success, or representation of the public or presidency as a whole."
actual-speaker-topic-edge-v1,actual-speaker-topic-network-v1,edge_eb47bc2eb326268744f677c49364cc74e52bd9cf3d3d619707404d290528f843,president_topic,corpus,all-corpus,All eligible corpus,,william-taft,William Taft,topic_3e8647a4799e061a665118eb000c5f9ad645c931743a74bfe085cbb18238ed6e,level1,"Trade, Commerce & Tariffs",283,11,937,11,2184,32531,0.30202774813233724,0.1295787545787546,0.0671359626202699,supported,supported,True,"All eligible actual-president paragraphs, including topic-free paragraphs, remain in president and scope denominators; topic-free paragraphs create no membership and no edge.",Count each distinct normalized Level 2 topic once per paragraph and each distinct derived Level 1 parent once per paragraph. Preserve one full paragraph-presence membership for every topic; do not divide a paragraph fractionally. Topic shares are non-additive and may sum above 100%.,3,"Descriptive AI-assigned topic presence in speaker-audited Miller Center paragraphs. It is not historical validation, model confidence, presidential intent, importance, influence, causality, policy success, or representation of the public or presidency as a whole."
actual-speaker-topic-edge-v1,actual-speaker-topic-network-v1,edge_fc743ea1c0c39e8f49f221916ddf9328ea26e05ca619d93d1e3e36a229bebdb1,president_topic,corpus,all-corpus,All eligible corpus,,william-taft,William Taft,topic_c111a85539516b19ce3d0ebf88102afc3f5136f06811be7ef7952ae6cc9d714c,level1,Public Finance & Taxation,61,9,937,11,2743,32531,0.06510138740661686,0.022238425082026978,0.08431957210045803,supported,supported,True,"All eligible actual-president paragraphs, including topic-free paragraphs, remain in president and scope denominators; topic-free paragraphs create no membership and no edge.",Count each distinct normalized Level 2 topic once per paragraph and each distinct derived Level 1 parent once per paragraph. Preserve one full paragraph-presence membership for every topic; do not divide a paragraph fractionally. Topic shares are non-additive and may sum above 100%.,3,"Descriptive AI-assigned topic presence in speaker-audited Miller Center paragraphs. It is not historical validation, model confidence, presidential intent, importance, influence, causality, policy success, or representation of the public or presidency as a whole."
actual-speaker-topic-edge-v1,actual-speaker-topic-network-v1,edge_3c0c5829c2eb32054bbdd938915e2fa9193d3371102ef972212eb74be6387767,president_topic,corpus,all-corpus,All eligible corpus,,william-taft,William Taft,topic_4e7a42711424fc04c1b91600a4625e488e9f3c4736eb917f66eed248a70edbc0,level1,"Economy, Labor & Social Welfare",26,7,937,11,3789,32531,0.02774813233724653,0.006861968857218264,0.11647351756785836,supported,supported,True,"All eligible actual-president paragraphs, including topic-free paragraphs, remain in president and scope denominators; topic-free paragraphs create no membership and no edge.",Count each distinct normalized Level 2 topic once per paragraph and each distinct derived Level 1 parent once per paragraph. Preserve one full paragraph-presence membership for every topic; do not divide a paragraph fractionally. Topic shares are non-additive and may sum above 100%.,3,"Descriptive AI-assigned topic presence in speaker-audited Miller Center paragraphs. It is not historical validation, model confidence, presidential intent, importance, influence, causality, policy success, or representation of the public or presidency as a whole."
actual-speaker-topic-edge-v1,actual-speaker-topic-network-v1,edge_c1d9dcafac8ceb76810bc645795c477f7e9a99623e4312fccba31ce5069b6edd,president_topic,corpus,all-corpus,All eligible corpus,,william-taft,William Taft,topic_ef78a18511fbadc390b6b2c81b7205f6fbf8a9bd8b0b3a6b135e894f47157e83,level1,"Agriculture, Land & Environment",72,8,937,11,1565,32531,0.0768409818569904,0.04600638977635783,0.048107958562601826,supported,supported,True,"All eligible actual-president paragraphs, including topic-free paragraphs, remain in president and scope denominators; topic-free paragraphs create no membership and no edge.",Count each distinct normalized Level 2 topic once per paragraph and each distinct derived Level 1 parent once per paragraph. Preserve one full paragraph-presence membership for every topic; do not divide a paragraph fractionally. Topic shares are non-additive and may sum above 100%.,3,"Descriptive AI-assigned topic presence in speaker-audited Miller Center paragraphs. It is not historical validation, model confidence, presidential intent, importance, influence, causality, policy success, or representation of the public or presidency as a whole."
actual-speaker-topic-edge-v1,actual-speaker-topic-network-v1,edge_abe52f3af8367a2ba3b3a9a59b251baeeba35b3d6f4f0773f339e02660c186eb,president_topic,corpus,all-corpus,All eligible corpus,,william-taft,William Taft,topic_c092ca5bdad12513ef74aa364f2bf7a6db5cb739f929d0f0ef4779e5c868cbcd,level1,Infrastructure & Internal Improvements,74,6,937,11,1897,32531,0.07897545357524013,0.03900896151818661,0.05831360855799084,supported,supported,True,"All eligible actual-president paragraphs, including topic-free paragraphs, remain in president and scope denominators; topic-free paragraphs create no membership and no edge.",Count each distinct normalized Level 2 topic once per paragraph and each distinct derived Level 1 parent once per paragraph. Preserve one full paragraph-presence membership for every topic; do not divide a paragraph fractionally. Topic shares are non-additive and may sum above 100%.,3,"Descriptive AI-assigned topic presence in speaker-audited Miller Center paragraphs. It is not historical validation, model confidence, presidential intent, importance, influence, causality, policy success, or representation of the public or presidency as a whole."
actual-speaker-topic-edge-v1,actual-speaker-topic-network-v1,edge_c57e3b810758614e0b3ca114a5b55ed5ad16c246ef1203a970df7b7618aa64aa,president_topic,corpus,all-corpus,All eligible corpus,,william-taft,William Taft,topic_b9fc73bb18ca058e7f189c867a51071c93e7fea7d67167933f18846a43f46e2c,level1,Constitutional Order & Governance,138,10,937,11,4188,32531,0.1472785485592316,0.0329512893982808,0.12873874150809997,supported,supported,True,"All eligible actual-president paragraphs, including topic-free paragraphs, remain in president and scope denominators; topic-free paragraphs create no membership and no edge.",Count each distinct normalized Level 2 topic once per paragraph and each distinct derived Level 1 parent once per paragraph. Preserve one full paragraph-presence membership for every topic; do not divide a paragraph fractionally. Topic shares are non-additive and may sum above 100%.,3,"Descriptive AI-assigned topic presence in speaker-audited Miller Center paragraphs. It is not historical validation, model confidence, presidential intent, importance, influence, causality, policy success, or representation of the public or presidency as a whole."
actual-speaker-topic-edge-v1,actual-speaker-topic-network-v1,edge_546016a3be1879525e214428ca06e0e48824c8afe7c3d8c86a0f3b039df96b1b,president_topic,corpus,all-corpus,All eligible corpus,,william-taft,William Taft,topic_808789d7a0e8edad0be5ec687efb103a704d7b1ebd37e9e78d628803197b9205,level1,Procedural & Administrative,96,8,937,11,1320,32531,0.10245464247598719,0.07272727272727272,0.04057668070455873,supported,supported,True,"All eligible actual-president paragraphs, including topic-free paragraphs, remain in president and scope denominators; topic-free paragraphs create no membership and no edge.",Count each distinct normalized Level 2 topic once per paragraph and each distinct derived Level 1 parent once per paragraph. Preserve one full paragraph-presence membership for every topic; do not divide a paragraph fractionally. Topic shares are non-additive and may sum above 100%.,3,"Descriptive AI-assigned topic presence in speaker-audited Miller Center paragraphs. It is not historical validation, model confidence, presidential intent, importance, influence, causality, policy success, or representation of the public or presidency as a whole."
actual-speaker-topic-edge-v1,actual-speaker-topic-network-v1,edge_3fa2d73c5bf09650ec5cf3b24c881202174452387a65afb4a6733e03f88fe6c3,president_topic,corpus,all-corpus,All eligible corpus,,woodrow-wilson,Woodrow Wilson,topic_53f9c63ed6aedcab84709226f843c89a577ea30928250cda0021a52c0d9dd5d2,level1,Foreign Relations & Diplomacy,172,19,615,32,8414,32531,0.27967479674796747,0.020442120275730925,0.2586455995819372,supported,supported,True,"All eligible actual-president paragraphs, including topic-free paragraphs, remain in president and scope denominators; topic-free paragraphs create no membership and no edge.",Count each distinct normalized Level 2 topic once per paragraph and each distinct derived Level 1 parent once per paragraph. Preserve one full paragraph-presence membership for every topic; do not divide a paragraph fractionally. Topic shares are non-additive and may sum above 100%.,3,"Descriptive AI-assigned topic presence in speaker-audited Miller Center paragraphs. It is not historical validation, model confidence, presidential intent, importance, influence, causality, policy success, or representation of the public or presidency as a whole."
actual-speaker-topic-edge-v1,actual-speaker-topic-network-v1,edge_f7307e0b62bddb3330582d9f0227036984efa4997d6a6a1d221ce9c54fc4d910,president_topic,corpus,all-corpus,All eligible corpus,,woodrow-wilson,Woodrow Wilson,topic_07f03bf056ab3503c6f721cf2a606b728b9cbb858d7d919fca46cd6135a32a2b,level1,War & Military Affairs,219,22,615,32,5527,32531,0.35609756097560974,0.03962366564139678,0.16989948049552733,supported,supported,True,"All eligible actual-president paragraphs, including topic-free paragraphs, remain in president and scope denominators; topic-free paragraphs create no membership and no edge.",Count each distinct normalized Level 2 topic once per paragraph and each distinct derived Level 1 parent once per paragraph. Preserve one full paragraph-presence membership for every topic; do not divide a paragraph fractionally. Topic shares are non-additive and may sum above 100%.,3,"Descriptive AI-assigned topic presence in speaker-audited Miller Center paragraphs. It is not historical validation, model confidence, presidential intent, importance, influence, causality, policy success, or representation of the public or presidency as a whole."
actual-speaker-topic-edge-v1,actual-speaker-topic-network-v1,edge_a74c3aa42dbdbb4d621b334c64dd2d29114f01b29dc2e257f7764cf9817cbddf,president_topic,corpus,all-corpus,All eligible corpus,,woodrow-wilson,Woodrow Wilson,topic_3e8647a4799e061a665118eb000c5f9ad645c931743a74bfe085cbb18238ed6e,level1,"Trade, Commerce & Tariffs",77,15,615,32,2184,32531,0.12520325203252033,0.035256410256410256,0.0671359626202699,supported,supported,True,"All eligible actual-president paragraphs, including topic-free paragraphs, remain in president and scope denominators; topic-free paragraphs create no membership and no edge.",Count each distinct normalized Level 2 topic once per paragraph and each distinct derived Level 1 parent once per paragraph. Preserve one full paragraph-presence membership for every topic; do not divide a paragraph fractionally. Topic shares are non-additive and may sum above 100%.,3,"Descriptive AI-assigned topic presence in speaker-audited Miller Center paragraphs. It is not historical validation, model confidence, presidential intent, importance, influence, causality, policy success, or representation of the public or presidency as a whole."
actual-speaker-topic-edge-v1,actual-speaker-topic-network-v1,edge_0780244d3784d2b17bd6bdc68c3570094d1336e19265324e334b7350b46bb979,president_topic,corpus,all-corpus,All eligible corpus,,woodrow-wilson,Woodrow Wilson,topic_c111a85539516b19ce3d0ebf88102afc3f5136f06811be7ef7952ae6cc9d714c,level1,Public Finance & Taxation,34,8,615,32,2743,32531,0.055284552845528454,0.012395187750637988,0.08431957210045803,supported,supported,True,"All eligible actual-president paragraphs, including topic-free paragraphs, remain in president and scope denominators; topic-free paragraphs create no membership and no edge.",Count each distinct normalized Level 2 topic once per paragraph and each distinct derived Level 1 parent once per paragraph. Preserve one full paragraph-presence membership for every topic; do not divide a paragraph fractionally. Topic shares are non-additive and may sum above 100%.,3,"Descriptive AI-assigned topic presence in speaker-audited Miller Center paragraphs. It is not historical validation, model confidence, presidential intent, importance, influence, causality, policy success, or representation of the public or presidency as a whole."
actual-speaker-topic-edge-v1,actual-speaker-topic-network-v1,edge_a259e5bb3a626e6c5cf95eb5500c780ec2378b054f697362e29859d1567e5d11,president_topic,corpus,all-corpus,All eligible corpus,,woodrow-wilson,Woodrow Wilson,topic_4e7a42711424fc04c1b91600a4625e488e9f3c4736eb917f66eed248a70edbc0,level1,"Economy, Labor & Social Welfare",48,9,615,32,3789,32531,0.07804878048780488,0.012668250197941409,0.11647351756785836,supported,supported,True,"All eligible actual-president paragraphs, including topic-free paragraphs, remain in president and scope denominators; topic-free paragraphs create no membership and no edge.",Count each distinct normalized Level 2 topic once per paragraph and each distinct derived Level 1 parent once per paragraph. Preserve one full paragraph-presence membership for every topic; do not divide a paragraph fractionally. Topic shares are non-additive and may sum above 100%.,3,"Descriptive AI-assigned topic presence in speaker-audited Miller Center paragraphs. It is not historical validation, model confidence, presidential intent, importance, influence, causality, policy success, or representation of the public or presidency as a whole."
actual-speaker-topic-edge-v1,actual-speaker-topic-network-v1,edge_5c7672cd34c46ff7ceda46c4debe9b33b9129c891ebea7fea062bf97ff420903,president_topic,corpus,all-corpus,All eligible corpus,,woodrow-wilson,Woodrow Wilson,topic_ef78a18511fbadc390b6b2c81b7205f6fbf8a9bd8b0b3a6b135e894f47157e83,level1,"Agriculture, Land & Environment",35,10,615,32,1565,32531,0.056910569105691054,0.022364217252396165,0.048107958562601826,supported,supported,True,"All eligible actual-president paragraphs, including topic-free paragraphs, remain in president and scope denominators; topic-free paragraphs create no membership and no edge.",Count each distinct normalized Level 2 topic once per paragraph and each distinct derived Level 1 parent once per paragraph. Preserve one full paragraph-presence membership for every topic; do not divide a paragraph fractionally. Topic shares are non-additive and may sum above 100%.,3,"Descriptive AI-assigned topic presence in speaker-audited Miller Center paragraphs. It is not historical validation, model confidence, presidential intent, importance, influence, causality, policy success, or representation of the public or presidency as a whole."
actual-speaker-topic-edge-v1,actual-speaker-topic-network-v1,edge_df66576aefb601a20880548b0a44908402b0995ef667e84f87f9b12d2700a30b,president_topic,corpus,all-corpus,All eligible corpus,,woodrow-wilson,Woodrow Wilson,topic_c092ca5bdad12513ef74aa364f2bf7a6db5cb739f929d0f0ef4779e5c868cbcd,level1,Infrastructure & Internal Improvements,46,11,615,32,1897,32531,0.07479674796747968,0.024248813916710597,0.05831360855799084,supported,supported,True,"All eligible actual-president paragraphs, including topic-free paragraphs, remain in president and scope denominators; topic-free paragraphs create no membership and no edge.",Count each distinct normalized Level 2 topic once per paragraph and each distinct derived Level 1 parent once per paragraph. Preserve one full paragraph-presence membership for every topic; do not divide a paragraph fractionally. Topic shares are non-additive and may sum above 100%.,3,"Descriptive AI-assigned topic presence in speaker-audited Miller Center paragraphs. It is not historical validation, model confidence, presidential intent, importance, influence, causality, policy success, or representation of the public or presidency as a whole."
actual-speaker-topic-edge-v1,actual-speaker-topic-network-v1,edge_7dfddcdc76d95fd0e20a0b31ddb9ef0465d6902ba0370f819dc85d52a5e0b505,president_topic,corpus,all-corpus,All eligible corpus,,woodrow-wilson,Woodrow Wilson,topic_3676810b2915e5e08405c3c9e3ed6b588696c94d35d477e10ed9cc62058597b4,level1,"Law, Crime & Justice",23,6,615,32,1315,32531,0.03739837398373984,0.01749049429657795,0.0404229811564354,supported,supported,True,"All eligible actual-president paragraphs, including topic-free paragraphs, remain in president and scope denominators; topic-free paragraphs create no membership and no edge.",Count each distinct normalized Level 2 topic once per paragraph and each distinct derived Level 1 parent once per paragraph. Preserve one full paragraph-presence membership for every topic; do not divide a paragraph fractionally. Topic shares are non-additive and may sum above 100%.,3,"Descriptive AI-assigned topic presence in speaker-audited Miller Center paragraphs. It is not historical validation, model confidence, presidential intent, importance, influence, causality, policy success, or representation of the public or presidency as a whole."
actual-speaker-topic-edge-v1,actual-speaker-topic-network-v1,edge_6281055b55519af8e0be0ddd701b09dc5f251a4e68fcfccc063b698a23382295,president_topic,corpus,all-corpus,All eligible corpus,,woodrow-wilson,Woodrow Wilson,topic_b9fc73bb18ca058e7f189c867a51071c93e7fea7d67167933f18846a43f46e2c,level1,Constitutional Order & Governance,39,18,615,32,4188,32531,0.06341463414634146,0.009312320916905445,0.12873874150809997,supported,supported,True,"All eligible actual-president paragraphs, including topic-free paragraphs, remain in president and scope denominators; topic-free paragraphs create no membership and no edge.",Count each distinct normalized Level 2 topic once per paragraph and each distinct derived Level 1 parent once per paragraph. Preserve one full paragraph-presence membership for every topic; do not divide a paragraph fractionally. Topic shares are non-additive and may sum above 100%.,3,"Descriptive AI-assigned topic presence in speaker-audited Miller Center paragraphs. It is not historical validation, model confidence, presidential intent, importance, influence, causality, policy success, or representation of the public or presidency as a whole."
actual-speaker-topic-edge-v1,actual-speaker-topic-network-v1,edge_2f90ace981820c37957865e8afdc4f790f1b81a6c3f0de528ced6ec3ca874274,president_topic,corpus,all-corpus,All eligible corpus,,woodrow-wilson,Woodrow Wilson,topic_b06b6b33b3356fbb9bf02b5cf3a44db3f664b60ffabf997972a749619b7acfe4,level1,Personal Narrative & Reflection,26,14,615,32,1119,32531,0.04227642276422764,0.02323503127792672,0.034397958870000925,supported,supported,True,"All eligible actual-president paragraphs, including topic-free paragraphs, remain in president and scope denominators; topic-free paragraphs create no membership and no edge.",Count each distinct normalized Level 2 topic once per paragraph and each distinct derived Level 1 parent once per paragraph. Preserve one full paragraph-presence membership for every topic; do not divide a paragraph fractionally. Topic shares are non-additive and may sum above 100%.,3,"Descriptive AI-assigned topic presence in speaker-audited Miller Center paragraphs. It is not historical validation, model confidence, presidential intent, importance, influence, causality, policy success, or representation of the public or presidency as a whole."
actual-speaker-topic-edge-v1,actual-speaker-topic-network-v1,edge_5a349cfa5bab4dedc063effeac6325a44bc1ec62ecb61e033ee3b4768d98edde,president_topic,corpus,all-corpus,All eligible corpus,,woodrow-wilson,Woodrow Wilson,topic_808789d7a0e8edad0be5ec687efb103a704d7b1ebd37e9e78d628803197b9205,level1,Procedural & Administrative,24,11,615,32,1320,32531,0.03902439024390244,0.01818181818181818,0.04057668070455873,supported,supported,True,"All eligible actual-president paragraphs, including topic-free paragraphs, remain in president and scope denominators; topic-free paragraphs create no membership and no edge.",Count each distinct normalized Level 2 topic once per paragraph and each distinct derived Level 1 parent once per paragraph. Preserve one full paragraph-presence membership for every topic; do not divide a paragraph fractionally. Topic shares are non-additive and may sum above 100%.,3,"Descriptive AI-assigned topic presence in speaker-audited Miller Center paragraphs. It is not historical validation, model confidence, presidential intent, importance, influence, causality, policy success, or representation of the public or presidency as a whole."
actual-speaker-topic-edge-v1,actual-speaker-topic-network-v1,edge_9d53c3c2d9eee4893620845c8e4a8bc1b95efcf67bfe974a41ee107c0bcf07d7,president_topic,corpus,all-corpus,All eligible corpus,,woodrow-wilson,Woodrow Wilson,topic_73fe8a26a7881c104f8ac0ee90b445177eabd28ec5e36d34a3bdcacd0505cba1,level1,Faith & National Values,89,27,615,32,2953,32531,0.14471544715447154,0.030138841855739926,0.09077495312163782,supported,supported,True,"All eligible actual-president paragraphs, including topic-free paragraphs, remain in president and scope denominators; topic-free paragraphs create no membership and no edge.",Count each distinct normalized Level 2 topic once per paragraph and each distinct derived Level 1 parent once per paragraph. Preserve one full paragraph-presence membership for every topic; do not divide a paragraph fractionally. Topic shares are non-additive and may sum above 100%.,3,"Descriptive AI-assigned topic presence in speaker-audited Miller Center paragraphs. It is not historical validation, model confidence, presidential intent, importance, influence, causality, policy success, or representation of the public or presidency as a whole."
actual-speaker-topic-edge-v1,actual-speaker-topic-network-v1,edge_1b366c2c691d17fa058059760eb2fe9a1f75e6162a934a7f85927994fe3aebd4,president_topic,corpus,all-corpus,All eligible corpus,,warren-g-harding,Warren G. Harding,topic_53f9c63ed6aedcab84709226f843c89a577ea30928250cda0021a52c0d9dd5d2,level1,Foreign Relations & Diplomacy,49,11,238,18,8414,32531,0.20588235294117646,0.005823627287853577,0.2586455995819372,supported,supported,True,"All eligible actual-president paragraphs, including topic-free paragraphs, remain in president and scope denominators; topic-free paragraphs create no membership and no edge.",Count each distinct normalized Level 2 topic once per paragraph and each distinct derived Level 1 parent once per paragraph. Preserve one full paragraph-presence membership for every topic; do not divide a paragraph fractionally. Topic shares are non-additive and may sum above 100%.,3,"Descriptive AI-assigned topic presence in speaker-audited Miller Center paragraphs. It is not historical validation, model confidence, presidential intent, importance, influence, causality, policy success, or representation of the public or presidency as a whole."
actual-speaker-topic-edge-v1,actual-speaker-topic-network-v1,edge_d19f86df1165a9a36b54b2d97aa8102d71640b531d3ceed74e1c9135fd79f3ce,president_topic,corpus,all-corpus,All eligible corpus,,warren-g-harding,Warren G. Harding,topic_07f03bf056ab3503c6f721cf2a606b728b9cbb858d7d919fca46cd6135a32a2b,level1,War & Military Affairs,48,15,238,18,5527,32531,0.20168067226890757,0.008684639044689704,0.16989948049552733,supported,supported,True,"All eligible actual-president paragraphs, including topic-free paragraphs, remain in president and scope denominators; topic-free paragraphs create no membership and no edge.",Count each distinct normalized Level 2 topic once per paragraph and each distinct derived Level 1 parent once per paragraph. Preserve one full paragraph-presence membership for every topic; do not divide a paragraph fractionally. Topic shares are non-additive and may sum above 100%.,3,"Descriptive AI-assigned topic presence in speaker-audited Miller Center paragraphs. It is not historical validation, model confidence, presidential intent, importance, influence, causality, policy success, or representation of the public or presidency as a whole."
actual-speaker-topic-edge-v1,actual-speaker-topic-network-v1,edge_9f6335b621a0221c02396e5a232c89dd4cde3e26ec95013d43b0ea2cc22148b8,president_topic,corpus,all-corpus,All eligible corpus,,warren-g-harding,Warren G. Harding,topic_4e7a42711424fc04c1b91600a4625e488e9f3c4736eb917f66eed248a70edbc0,level1,"Economy, Labor & Social Welfare",44,7,238,18,3789,32531,0.18487394957983194,0.011612562681446292,0.11647351756785836,supported,supported,True,"All eligible actual-president paragraphs, including topic-free paragraphs, remain in president and scope denominators; topic-free paragraphs create no membership and no edge.",Count each distinct normalized Level 2 topic once per paragraph and each distinct derived Level 1 parent once per paragraph. Preserve one full paragraph-presence membership for every topic; do not divide a paragraph fractionally. Topic shares are non-additive and may sum above 100%.,3,"Descriptive AI-assigned topic presence in speaker-audited Miller Center paragraphs. It is not historical validation, model confidence, presidential intent, importance, influence, causality, policy success, or representation of the public or presidency as a whole."
actual-speaker-topic-edge-v1,actual-speaker-topic-network-v1,edge_6f1cec02dd8a57df1e9b5d3d8793ea84b5379bd80f2a307503ec655b2087a4f5,president_topic,corpus,all-corpus,All eligible corpus,,warren-g-harding,Warren G. Harding,topic_b9fc73bb18ca058e7f189c867a51071c93e7fea7d67167933f18846a43f46e2c,level1,Constitutional Order & Governance,31,8,238,18,4188,32531,0.13025210084033614,0.007402101241642789,0.12873874150809997,supported,supported,True,"All eligible actual-president paragraphs, including topic-free paragraphs, remain in president and scope denominators; topic-free paragraphs create no membership and no edge.",Count each distinct normalized Level 2 topic once per paragraph and each distinct derived Level 1 parent once per paragraph. Preserve one full paragraph-presence membership for every topic; do not divide a paragraph fractionally. Topic shares are non-additive and may sum above 100%.,3,"Descriptive AI-assigned topic presence in speaker-audited Miller Center paragraphs. It is not historical validation, model confidence, presidential intent, importance, influence, causality, policy success, or representation of the public or presidency as a whole."
actual-speaker-topic-edge-v1,actual-speaker-topic-network-v1,edge_921dc7fcde8cfdc6255d330bb8729373a41dd5b95ad34cb1184e68ecd4d20d63,president_topic,corpus,all-corpus,All eligible corpus,,warren-g-harding,Warren G. Harding,topic_73fe8a26a7881c104f8ac0ee90b445177eabd28ec5e36d34a3bdcacd0505cba1,level1,Faith & National Values,47,17,238,18,2953,32531,0.19747899159663865,0.01591601760921097,0.09077495312163782,supported,supported,True,"All eligible actual-president paragraphs, including topic-free paragraphs, remain in president and scope denominators; topic-free paragraphs create no membership and no edge.",Count each distinct normalized Level 2 topic once per paragraph and each distinct derived Level 1 parent once per paragraph. Preserve one full paragraph-presence membership for every topic; do not divide a paragraph fractionally. Topic shares are non-additive and may sum above 100%.,3,"Descriptive AI-assigned topic presence in speaker-audited Miller Center paragraphs. It is not historical validation, model confidence, presidential intent, importance, influence, causality, policy success, or representation of the public or presidency as a whole."
actual-speaker-topic-edge-v1,actual-speaker-topic-network-v1,edge_0551e43d214767de55727eb5e94e98513620ab73890d91c04b707b4f2ed5ea2e,president_topic,corpus,all-corpus,All eligible corpus,,calvin-coolidge,Calvin Coolidge,topic_53f9c63ed6aedcab84709226f843c89a577ea30928250cda0021a52c0d9dd5d2,level1,Foreign Relations & Diplomacy,99,10,590,12,8414,32531,0.16779661016949152,0.011766104112193962,0.2586455995819372,supported,supported,True,"All eligible actual-president paragraphs, including topic-free paragraphs, remain in president and scope denominators; topic-free paragraphs create no membership and no edge.",Count each distinct normalized Level 2 topic once per paragraph and each distinct derived Level 1 parent once per paragraph. Preserve one full paragraph-presence membership for every topic; do not divide a paragraph fractionally. Topic shares are non-additive and may sum above 100%.,3,"Descriptive AI-assigned topic presence in speaker-audited Miller Center paragraphs. It is not historical validation, model confidence, presidential intent, importance, influence, causality, policy success, or representation of the public or presidency as a whole."
actual-speaker-topic-edge-v1,actual-speaker-topic-network-v1,edge_68b7422422a92dea799be1586bdfb65bdfdb8963712f96a20b522efc7252a275,president_topic,corpus,all-corpus,All eligible corpus,,calvin-coolidge,Calvin Coolidge,topic_07f03bf056ab3503c6f721cf2a606b728b9cbb858d7d919fca46cd6135a32a2b,level1,War & Military Affairs,71,9,590,12,5527,32531,0.12033898305084746,0.012846028586936856,0.16989948049552733,supported,supported,True,"All eligible actual-president paragraphs, including topic-free paragraphs, remain in president and scope denominators; topic-free paragraphs create no membership and no edge.",Count each distinct normalized Level 2 topic once per paragraph and each distinct derived Level 1 parent once per paragraph. Preserve one full paragraph-presence membership for every topic; do not divide a paragraph fractionally. Topic shares are non-additive and may sum above 100%.,3,"Descriptive AI-assigned topic presence in speaker-audited Miller Center paragraphs. It is not historical validation, model confidence, presidential intent, importance, influence, causality, policy success, or representation of the public or presidency as a whole."
actual-speaker-topic-edge-v1,actual-speaker-topic-network-v1,edge_f2a72dfe8bb65209264d5928d0b48658f6371946a2b307485fa555e5b2251fbb,president_topic,corpus,all-corpus,All eligible corpus,,calvin-coolidge,Calvin Coolidge,topic_3e8647a4799e061a665118eb000c5f9ad645c931743a74bfe085cbb18238ed6e,level1,"Trade, Commerce & Tariffs",27,7,590,12,2184,32531,0.04576271186440678,0.012362637362637362,0.0671359626202699,supported,supported,True,"All eligible actual-president paragraphs, including topic-free paragraphs, remain in president and scope denominators; topic-free paragraphs create no membership and no edge.",Count each distinct normalized Level 2 topic once per paragraph and each distinct derived Level 1 parent once per paragraph. Preserve one full paragraph-presence membership for every topic; do not divide a paragraph fractionally. Topic shares are non-additive and may sum above 100%.,3,"Descriptive AI-assigned topic presence in speaker-audited Miller Center paragraphs. It is not historical validation, model confidence, presidential intent, importance, influence, causality, policy success, or representation of the public or presidency as a whole."
actual-speaker-topic-edge-v1,actual-speaker-topic-network-v1,edge_d620102e07c9ee577d4f6dbd6f2a104f0390167d0031e57a201ac06310285a4a,president_topic,corpus,all-corpus,All eligible corpus,,calvin-coolidge,Calvin Coolidge,topic_c111a85539516b19ce3d0ebf88102afc3f5136f06811be7ef7952ae6cc9d714c,level1,Public Finance & Taxation,75,9,590,12,2743,32531,0.1271186440677966,0.027342325920524973,0.08431957210045803,supported,supported,True,"All eligible actual-president paragraphs, including topic-free paragraphs, remain in president and scope denominators; topic-free paragraphs create no membership and no edge.",Count each distinct normalized Level 2 topic once per paragraph and each distinct derived Level 1 parent once per paragraph. Preserve one full paragraph-presence membership for every topic; do not divide a paragraph fractionally. Topic shares are non-additive and may sum above 100%.,3,"Descriptive AI-assigned topic presence in speaker-audited Miller Center paragraphs. It is not historical validation, model confidence, presidential intent, importance, influence, causality, policy success, or representation of the public or presidency as a whole."
actual-speaker-topic-edge-v1,actual-speaker-topic-network-v1,edge_a49a8734fe22ae151186793ceba1a076d18a4d637761724907a188beb7bf39fe,president_topic,corpus,all-corpus,All eligible corpus,,calvin-coolidge,Calvin Coolidge,topic_4e7a42711424fc04c1b91600a4625e488e9f3c4736eb917f66eed248a70edbc0,level1,"Economy, Labor & Social Welfare",38,7,590,12,3789,32531,0.06440677966101695,0.010029031406703616,0.11647351756785836,supported,supported,True,"All eligible actual-president paragraphs, including topic-free paragraphs, remain in president and scope denominators; topic-free paragraphs create no membership and no edge.",Count each distinct normalized Level 2 topic once per paragraph and each distinct derived Level 1 parent once per paragraph. Preserve one full paragraph-presence membership for every topic; do not divide a paragraph fractionally. Topic shares are non-additive and may sum above 100%.,3,"Descriptive AI-assigned topic presence in speaker-audited Miller Center paragraphs. It is not historical validation, model confidence, presidential intent, importance, influence, causality, policy success, or representation of the public or presidency as a whole."
actual-speaker-topic-edge-v1,actual-speaker-topic-network-v1,edge_9f71d0de07b46fc035f10367d8356f53f8b4fafa3498f0a7b283f078652d4178,president_topic,corpus,all-corpus,All eligible corpus,,calvin-coolidge,Calvin Coolidge,topic_ef78a18511fbadc390b6b2c81b7205f6fbf8a9bd8b0b3a6b135e894f47157e83,level1,"Agriculture, Land & Environment",81,9,590,12,1565,32531,0.13728813559322034,0.05175718849840256,0.048107958562601826,supported,supported,True,"All eligible actual-president paragraphs, including topic-free paragraphs, remain in president and scope denominators; topic-free paragraphs create no membership and no edge.",Count each distinct normalized Level 2 topic once per paragraph and each distinct derived Level 1 parent once per paragraph. Preserve one full paragraph-presence membership for every topic; do not divide a paragraph fractionally. Topic shares are non-additive and may sum above 100%.,3,"Descriptive AI-assigned topic presence in speaker-audited Miller Center paragraphs. It is not historical validation, model confidence, presidential intent, importance, influence, causality, policy success, or representation of the public or presidency as a whole."
actual-speaker-topic-edge-v1,actual-speaker-topic-network-v1,edge_106d836dc55030fdf53d476bc200eaa1ad1450a9e864dc73994393852ac33378,president_topic,corpus,all-corpus,All eligible corpus,,calvin-coolidge,Calvin Coolidge,topic_c092ca5bdad12513ef74aa364f2bf7a6db5cb739f929d0f0ef4779e5c868cbcd,level1,Infrastructure & Internal Improvements,89,9,590,12,1897,32531,0.15084745762711865,0.04691618344754876,0.05831360855799084,supported,supported,True,"All eligible actual-president paragraphs, including topic-free paragraphs, remain in president and scope denominators; topic-free paragraphs create no membership and no edge.",Count each distinct normalized Level 2 topic once per paragraph and each distinct derived Level 1 parent once per paragraph. Preserve one full paragraph-presence membership for every topic; do not divide a paragraph fractionally. Topic shares are non-additive and may sum above 100%.,3,"Descriptive AI-assigned topic presence in speaker-audited Miller Center paragraphs. It is not historical validation, model confidence, presidential intent, importance, influence, causality, policy success, or representation of the public or presidency as a whole."
actual-speaker-topic-edge-v1,actual-speaker-topic-network-v1,edge_4c2ca2dadc749ff4ab79ddcf3eb1652e27a2c79b8f207716808ae16b9d604015,president_topic,corpus,all-corpus,All eligible corpus,,calvin-coolidge,Calvin Coolidge,topic_69c2f2e5246434489ce5d23ab22aff61e0e45f95df48cd62755c0cc84ca18853,level1,Civil Rights & Immigration,22,8,590,12,2617,32531,0.03728813559322034,0.008406572411157814,0.08044634348775015,supported,supported,True,"All eligible actual-president paragraphs, including topic-free paragraphs, remain in president and scope denominators; topic-free paragraphs create no membership and no edge.",Count each distinct normalized Level 2 topic once per paragraph and each distinct derived Level 1 parent once per paragraph. Preserve one full paragraph-presence membership for every topic; do not divide a paragraph fractionally. Topic shares are non-additive and may sum above 100%.,3,"Descriptive AI-assigned topic presence in speaker-audited Miller Center paragraphs. It is not historical validation, model confidence, presidential intent, importance, influence, causality, policy success, or representation of the public or presidency as a whole."
actual-speaker-topic-edge-v1,actual-speaker-topic-network-v1,edge_5e59f736d256d31a002334b8861c894d37bd4fef58182bcd47178854169f2132,president_topic,corpus,all-corpus,All eligible corpus,,calvin-coolidge,Calvin Coolidge,topic_3676810b2915e5e08405c3c9e3ed6b588696c94d35d477e10ed9cc62058597b4,level1,"Law, Crime & Justice",21,8,590,12,1315,32531,0.03559322033898305,0.01596958174904943,0.0404229811564354,supported,supported,True,"All eligible actual-president paragraphs, including topic-free paragraphs, remain in president and scope denominators; topic-free paragraphs create no membership and no edge.",Count each distinct normalized Level 2 topic once per paragraph and each distinct derived Level 1 parent once per paragraph. Preserve one full paragraph-presence membership for every topic; do not divide a paragraph fractionally. Topic shares are non-additive and may sum above 100%.,3,"Descriptive AI-assigned topic presence in speaker-audited Miller Center paragraphs. It is not historical validation, model confidence, presidential intent, importance, influence, causality, policy success, or representation of the public or presidency as a whole."
actual-speaker-topic-edge-v1,actual-speaker-topic-network-v1,edge_46ec80561fcdec60670efff13026eaa390c53032036b43be5fff276c9486ff7d,president_topic,corpus,all-corpus,All eligible corpus,,calvin-coolidge,Calvin Coolidge,topic_b9fc73bb18ca058e7f189c867a51071c93e7fea7d67167933f18846a43f46e2c,level1,Constitutional Order & Governance,83,12,590,12,4188,32531,0.14067796610169492,0.019818529130850047,0.12873874150809997,supported,supported,True,"All eligible actual-president paragraphs, including topic-free paragraphs, remain in president and scope denominators; topic-free paragraphs create no membership and no edge.",Count each distinct normalized Level 2 topic once per paragraph and each distinct derived Level 1 parent once per paragraph. Preserve one full paragraph-presence membership for every topic; do not divide a paragraph fractionally. Topic shares are non-additive and may sum above 100%.,3,"Descriptive AI-assigned topic presence in speaker-audited Miller Center paragraphs. It is not historical validation, model confidence, presidential intent, importance, influence, causality, policy success, or representation of the public or presidency as a whole."
actual-speaker-topic-edge-v1,actual-speaker-topic-network-v1,edge_066fa41526b3da7fb4f6ca08100e6bd81e6de07e7bcd584a00e159229d9dd643,president_topic,corpus,all-corpus,All eligible corpus,,calvin-coolidge,Calvin Coolidge,topic_ba4e1562b35cd37c83f78a1460d65e49337ac54a9561805b51da67a33fb4d23e,level1,Ceremonial & Commemorative Address,44,7,590,12,597,32531,0.07457627118644068,0.07370184254606366,0.018351726045925425,supported,supported,True,"All eligible actual-president paragraphs, including topic-free paragraphs, remain in president and scope denominators; topic-free paragraphs create no membership and no edge.",Count each distinct normalized Level 2 topic once per paragraph and each distinct derived Level 1 parent once per paragraph. Preserve one full paragraph-presence membership for every topic; do not divide a paragraph fractionally. Topic shares are non-additive and may sum above 100%.,3,"Descriptive AI-assigned topic presence in speaker-audited Miller Center paragraphs. It is not historical validation, model confidence, presidential intent, importance, influence, causality, policy success, or representation of the public or presidency as a whole."
actual-speaker-topic-edge-v1,actual-speaker-topic-network-v1,edge_f553bdcba1507b89cb36e9e6af2489e70139d049db572be3a822249b480145f2,president_topic,corpus,all-corpus,All eligible corpus,,calvin-coolidge,Calvin Coolidge,topic_808789d7a0e8edad0be5ec687efb103a704d7b1ebd37e9e78d628803197b9205,level1,Procedural & Administrative,25,6,590,12,1320,32531,0.0423728813559322,0.01893939393939394,0.04057668070455873,supported,supported,True,"All eligible actual-president paragraphs, including topic-free paragraphs, remain in president and scope denominators; topic-free paragraphs create no membership and no edge.",Count each distinct normalized Level 2 topic once per paragraph and each distinct derived Level 1 parent once per paragraph. Preserve one full paragraph-presence membership for every topic; do not divide a paragraph fractionally. Topic shares are non-additive and may sum above 100%.,3,"Descriptive AI-assigned topic presence in speaker-audited Miller Center paragraphs. It is not historical validation, model confidence, presidential intent, importance, influence, causality, policy success, or representation of the public or presidency as a whole."
actual-speaker-topic-edge-v1,actual-speaker-topic-network-v1,edge_152e65ed77d6d334acb00940735f47a0d9483933325c2e40f8fd2e5ed8c508cf,president_topic,corpus,all-corpus,All eligible corpus,,calvin-coolidge,Calvin Coolidge,topic_73fe8a26a7881c104f8ac0ee90b445177eabd28ec5e36d34a3bdcacd0505cba1,level1,Faith & National Values,71,12,590,12,2953,32531,0.12033898305084746,0.02404334575008466,0.09077495312163782,supported,supported,True,"All eligible actual-president paragraphs, including topic-free paragraphs, remain in president and scope denominators; topic-free paragraphs create no membership and no edge.",Count each distinct normalized Level 2 topic once per paragraph and each distinct derived Level 1 parent once per paragraph. Preserve one full paragraph-presence membership for every topic; do not divide a paragraph fractionally. Topic shares are non-additive and may sum above 100%.,3,"Descriptive AI-assigned topic presence in speaker-audited Miller Center paragraphs. It is not historical validation, model confidence, presidential intent, importance, influence, causality, policy success, or representation of the public or presidency as a whole."
actual-speaker-topic-edge-v1,actual-speaker-topic-network-v1,edge_c8607e758a292ea3db3067071078ef0299653a04666ba5ec27d2342482b8035f,president_topic,corpus,all-corpus,All eligible corpus,,herbert-hoover,Herbert Hoover,topic_53f9c63ed6aedcab84709226f843c89a577ea30928250cda0021a52c0d9dd5d2,level1,Foreign Relations & Diplomacy,71,14,691,29,8414,32531,0.10274963820549927,0.008438317090563347,0.2586455995819372,supported,supported,True,"All eligible actual-president paragraphs, including topic-free paragraphs, remain in president and scope denominators; topic-free paragraphs create no membership and no edge.",Count each distinct normalized Level 2 topic once per paragraph and each distinct derived Level 1 parent once per paragraph. Preserve one full paragraph-presence membership for every topic; do not divide a paragraph fractionally. Topic shares are non-additive and may sum above 100%.,3,"Descriptive AI-assigned topic presence in speaker-audited Miller Center paragraphs. It is not historical validation, model confidence, presidential intent, importance, influence, causality, policy success, or representation of the public or presidency as a whole."
actual-speaker-topic-edge-v1,actual-speaker-topic-network-v1,edge_eff76b58161ab113527cb18d8e78347de8f55ae78c7252b2ec330daeaac502a2,president_topic,corpus,all-corpus,All eligible corpus,,herbert-hoover,Herbert Hoover,topic_07f03bf056ab3503c6f721cf2a606b728b9cbb858d7d919fca46cd6135a32a2b,level1,War & Military Affairs,53,13,691,29,5527,32531,0.07670043415340087,0.009589288945178217,0.16989948049552733,supported,supported,True,"All eligible actual-president paragraphs, including topic-free paragraphs, remain in president and scope denominators; topic-free paragraphs create no membership and no edge.",Count each distinct normalized Level 2 topic once per paragraph and each distinct derived Level 1 parent once per paragraph. Preserve one full paragraph-presence membership for every topic; do not divide a paragraph fractionally. Topic shares are non-additive and may sum above 100%.,3,"Descriptive AI-assigned topic presence in speaker-audited Miller Center paragraphs. It is not historical validation, model confidence, presidential intent, importance, influence, causality, policy success, or representation of the public or presidency as a whole."
actual-speaker-topic-edge-v1,actual-speaker-topic-network-v1,edge_f28e3d2404ca5567528df3635cf7b9443b37be50818aaa0348cb089a6529e717,president_topic,corpus,all-corpus,All eligible corpus,,herbert-hoover,Herbert Hoover,topic_43ec056a6101afa1e938480103aecd71dd5f41580556a5f8d2a92b6a7cb39e2e,level1,"Money, Banking & Currency",86,15,691,29,1454,32531,0.12445730824891461,0.059147180192572216,0.04469582859426393,supported,supported,True,"All eligible actual-president paragraphs, including topic-free paragraphs, remain in president and scope denominators; topic-free paragraphs create no membership and no edge.",Count each distinct normalized Level 2 topic once per paragraph and each distinct derived Level 1 parent once per paragraph. Preserve one full paragraph-presence membership for every topic; do not divide a paragraph fractionally. Topic shares are non-additive and may sum above 100%.,3,"Descriptive AI-assigned topic presence in speaker-audited Miller Center paragraphs. It is not historical validation, model confidence, presidential intent, importance, influence, causality, policy success, or representation of the public or presidency as a whole."
actual-speaker-topic-edge-v1,actual-speaker-topic-network-v1,edge_c564671c3d0494be9713e8aed7bef1b1606f9fd2e00326a0380c1a030558a13b,president_topic,corpus,all-corpus,All eligible corpus,,herbert-hoover,Herbert Hoover,topic_3e8647a4799e061a665118eb000c5f9ad645c931743a74bfe085cbb18238ed6e,level1,"Trade, Commerce & Tariffs",87,13,691,29,2184,32531,0.12590448625180897,0.03983516483516483,0.0671359626202699,supported,supported,True,"All eligible actual-president paragraphs, including topic-free paragraphs, remain in president and scope denominators; topic-free paragraphs create no membership and no edge.",Count each distinct normalized Level 2 topic once per paragraph and each distinct derived Level 1 parent once per paragraph. Preserve one full paragraph-presence membership for every topic; do not divide a paragraph fractionally. Topic shares are non-additive and may sum above 100%.,3,"Descriptive AI-assigned topic presence in speaker-audited Miller Center paragraphs. It is not historical validation, model confidence, presidential intent, importance, influence, causality, policy success, or representation of the public or presidency as a whole."
actual-speaker-topic-edge-v1,actual-speaker-topic-network-v1,edge_8ccd35e076e24796795bc3a35aedb2cbfeaaf13ab647919cce0e273417ba9b52,president_topic,corpus,all-corpus,All eligible corpus,,herbert-hoover,Herbert Hoover,topic_c111a85539516b19ce3d0ebf88102afc3f5136f06811be7ef7952ae6cc9d714c,level1,Public Finance & Taxation,95,17,691,29,2743,32531,0.13748191027496381,0.034633612832664966,0.08431957210045803,supported,supported,True,"All eligible actual-president paragraphs, including topic-free paragraphs, remain in president and scope denominators; topic-free paragraphs create no membership and no edge.",Count each distinct normalized Level 2 topic once per paragraph and each distinct derived Level 1 parent once per paragraph. Preserve one full paragraph-presence membership for every topic; do not divide a paragraph fractionally. Topic shares are non-additive and may sum above 100%.,3,"Descriptive AI-assigned topic presence in speaker-audited Miller Center paragraphs. It is not historical validation, model confidence, presidential intent, importance, influence, causality, policy success, or representation of the public or presidency as a whole."
actual-speaker-topic-edge-v1,actual-speaker-topic-network-v1,edge_e8f0847f28dd4b908f21eaacaf3179082b6d21c75e5923a43307bcf2ec0b91f3,president_topic,corpus,all-corpus,All eligible corpus,,herbert-hoover,Herbert Hoover,topic_4e7a42711424fc04c1b91600a4625e488e9f3c4736eb917f66eed248a70edbc0,level1,"Economy, Labor & Social Welfare",212,21,691,29,3789,32531,0.3068017366136035,0.05595143837424123,0.11647351756785836,supported,supported,True,"All eligible actual-president paragraphs, including topic-free paragraphs, remain in president and scope denominators; topic-free paragraphs create no membership and no edge.",Count each distinct normalized Level 2 topic once per paragraph and each distinct derived Level 1 parent once per paragraph. Preserve one full paragraph-presence membership for every topic; do not divide a paragraph fractionally. Topic shares are non-additive and may sum above 100%.,3,"Descriptive AI-assigned topic presence in speaker-audited Miller Center paragraphs. It is not historical validation, model confidence, presidential intent, importance, influence, causality, policy success, or representation of the public or presidency as a whole."
actual-speaker-topic-edge-v1,actual-speaker-topic-network-v1,edge_eafbd4b043aa70196945ac20b6373759fccbeb5ee6114d53f93b3f2746aaa2f9,president_topic,corpus,all-corpus,All eligible corpus,,herbert-hoover,Herbert Hoover,topic_ef78a18511fbadc390b6b2c81b7205f6fbf8a9bd8b0b3a6b135e894f47157e83,level1,"Agriculture, Land & Environment",64,16,691,29,1565,32531,0.09261939218523878,0.04089456869009585,0.048107958562601826,supported,supported,True,"All eligible actual-president paragraphs, including topic-free paragraphs, remain in president and scope denominators; topic-free paragraphs create no membership and no edge.",Count each distinct normalized Level 2 topic once per paragraph and each distinct derived Level 1 parent once per paragraph. Preserve one full paragraph-presence membership for every topic; do not divide a paragraph fractionally. Topic shares are non-additive and may sum above 100%.,3,"Descriptive AI-assigned topic presence in speaker-audited Miller Center paragraphs. It is not historical validation, model confidence, presidential intent, importance, influence, causality, policy success, or representation of the public or presidency as a whole."
actual-speaker-topic-edge-v1,actual-speaker-topic-network-v1,edge_187088f7ac9d63161fad142d2953522df69ccb73c1cd261c51f3bd0dade8f158,president_topic,corpus,all-corpus,All eligible corpus,,herbert-hoover,Herbert Hoover,topic_c092ca5bdad12513ef74aa364f2bf7a6db5cb739f929d0f0ef4779e5c868cbcd,level1,Infrastructure & Internal Improvements,70,14,691,29,1897,32531,0.10130246020260492,0.03690036900369004,0.05831360855799084,supported,supported,True,"All eligible actual-president paragraphs, including topic-free paragraphs, remain in president and scope denominators; topic-free paragraphs create no membership and no edge.",Count each distinct normalized Level 2 topic once per paragraph and each distinct derived Level 1 parent once per paragraph. Preserve one full paragraph-presence membership for every topic; do not divide a paragraph fractionally. Topic shares are non-additive and may sum above 100%.,3,"Descriptive AI-assigned topic presence in speaker-audited Miller Center paragraphs. It is not historical validation, model confidence, presidential intent, importance, influence, causality, policy success, or representation of the public or presidency as a whole."
actual-speaker-topic-edge-v1,actual-speaker-topic-network-v1,edge_1f820b8590efab11f11b4a3e8152c3e4493159df0627586186dee8265618a215,president_topic,corpus,all-corpus,All eligible corpus,,herbert-hoover,Herbert Hoover,topic_3676810b2915e5e08405c3c9e3ed6b588696c94d35d477e10ed9cc62058597b4,level1,"Law, Crime & Justice",31,7,691,29,1315,32531,0.04486251808972504,0.023574144486692015,0.0404229811564354,supported,supported,True,"All eligible actual-president paragraphs, including topic-free paragraphs, remain in president and scope denominators; topic-free paragraphs create no membership and no edge.",Count each distinct normalized Level 2 topic once per paragraph and each distinct derived Level 1 parent once per paragraph. Preserve one full paragraph-presence membership for every topic; do not divide a paragraph fractionally. Topic shares are non-additive and may sum above 100%.,3,"Descriptive AI-assigned topic presence in speaker-audited Miller Center paragraphs. It is not historical validation, model confidence, presidential intent, importance, influence, causality, policy success, or representation of the public or presidency as a whole."
actual-speaker-topic-edge-v1,actual-speaker-topic-network-v1,edge_487204a303eeeca96098b9b50ad9527e9416deb98f20c36decda70d3982f421d,president_topic,corpus,all-corpus,All eligible corpus,,herbert-hoover,Herbert Hoover,topic_b9fc73bb18ca058e7f189c867a51071c93e7fea7d67167933f18846a43f46e2c,level1,Constitutional Order & Governance,36,11,691,29,4188,32531,0.05209840810419682,0.008595988538681949,0.12873874150809997,supported,supported,True,"All eligible actual-president paragraphs, including topic-free paragraphs, remain in president and scope denominators; topic-free paragraphs create no membership and no edge.",Count each distinct normalized Level 2 topic once per paragraph and each distinct derived Level 1 parent once per paragraph. Preserve one full paragraph-presence membership for every topic; do not divide a paragraph fractionally. Topic shares are non-additive and may sum above 100%.,3,"Descriptive AI-assigned topic presence in speaker-audited Miller Center paragraphs. It is not historical validation, model confidence, presidential intent, importance, influence, causality, policy success, or representation of the public or presidency as a whole."
actual-speaker-topic-edge-v1,actual-speaker-topic-network-v1,edge_8007e67b518bfbf532eb2b50dde8e21e2552ec3e2f8760a1d591af8ea7facfc1,president_topic,corpus,all-corpus,All eligible corpus,,herbert-hoover,Herbert Hoover,topic_808789d7a0e8edad0be5ec687efb103a704d7b1ebd37e9e78d628803197b9205,level1,Procedural & Administrative,37,8,691,29,1320,32531,0.053545586107091175,0.02803030303030303,0.04057668070455873,supported,supported,True,"All eligible actual-president paragraphs, including topic-free paragraphs, remain in president and scope denominators; topic-free paragraphs create no membership and no edge.",Count each distinct normalized Level 2 topic once per paragraph and each distinct derived Level 1 parent once per paragraph. Preserve one full paragraph-presence membership for every topic; do not divide a paragraph fractionally. Topic shares are non-additive and may sum above 100%.,3,"Descriptive AI-assigned topic presence in speaker-audited Miller Center paragraphs. It is not historical validation, model confidence, presidential intent, importance, influence, causality, policy success, or representation of the public or presidency as a whole."
actual-speaker-topic-edge-v1,actual-speaker-topic-network-v1,edge_247632760a09538d8c5f66aab74d9ad001f8fcf09f6274464be00c1b2d0bda40,president_topic,corpus,all-corpus,All eligible corpus,,herbert-hoover,Herbert Hoover,topic_73fe8a26a7881c104f8ac0ee90b445177eabd28ec5e36d34a3bdcacd0505cba1,level1,Faith & National Values,65,15,691,29,2953,32531,0.09406657018813314,0.02201151371486624,0.09077495312163782,supported,supported,True,"All eligible actual-president paragraphs, including topic-free paragraphs, remain in president and scope denominators; topic-free paragraphs create no membership and no edge.",Count each distinct normalized Level 2 topic once per paragraph and each distinct derived Level 1 parent once per paragraph. Preserve one full paragraph-presence membership for every topic; do not divide a paragraph fractionally. Topic shares are non-additive and may sum above 100%.,3,"Descriptive AI-assigned topic presence in speaker-audited Miller Center paragraphs. It is not historical validation, model confidence, presidential intent, importance, influence, causality, policy success, or representation of the public or presidency as a whole."
actual-speaker-topic-edge-v1,actual-speaker-topic-network-v1,edge_091ff5cfc9676d93e02954859df5a02d3b9f00a70f5d75f9187163203ab0da77,president_topic,corpus,all-corpus,All eligible corpus,,herbert-hoover,Herbert Hoover,topic_601685849419f6dd5585ab27f3ab7a941ea2cbf86f3099bca73b67a038d9ce17,level1,Partisan & Media Combat,66,8,691,29,1206,32531,0.0955137481910275,0.05472636815920398,0.03707233100734684,supported,supported,True,"All eligible actual-president paragraphs, including topic-free paragraphs, remain in president and scope denominators; topic-free paragraphs create no membership and no edge.",Count each distinct normalized Level 2 topic once per paragraph and each distinct derived Level 1 parent once per paragraph. Preserve one full paragraph-presence membership for every topic; do not divide a paragraph fractionally. Topic shares are non-additive and may sum above 100%.,3,"Descriptive AI-assigned topic presence in speaker-audited Miller Center paragraphs. It is not historical validation, model confidence, presidential intent, importance, influence, causality, policy success, or representation of the public or presidency as a whole."
actual-speaker-topic-edge-v1,actual-speaker-topic-network-v1,edge_e5efdeb56f96889637481107c028a24752a8ecb44bb78bca7c8b414e3aca596b,president_topic,corpus,all-corpus,All eligible corpus,,franklin-d-roosevelt,Franklin D. Roosevelt,topic_53f9c63ed6aedcab84709226f843c89a577ea30928250cda0021a52c0d9dd5d2,level1,Foreign Relations & Diplomacy,161,32,1066,47,8414,32531,0.15103189493433397,0.01913477537437604,0.2586455995819372,supported,supported,True,"All eligible actual-president paragraphs, including topic-free paragraphs, remain in president and scope denominators; topic-free paragraphs create no membership and no edge.",Count each distinct normalized Level 2 topic once per paragraph and each distinct derived Level 1 parent once per paragraph. Preserve one full paragraph-presence membership for every topic; do not divide a paragraph fractionally. Topic shares are non-additive and may sum above 100%.,3,"Descriptive AI-assigned topic presence in speaker-audited Miller Center paragraphs. It is not historical validation, model confidence, presidential intent, importance, influence, causality, policy success, or representation of the public or presidency as a whole."
actual-speaker-topic-edge-v1,actual-speaker-topic-network-v1,edge_2a55d9db3a6a4ed695a1c9b676a94b59fd7ec448b355cbed71dbde9d65eb0394,president_topic,corpus,all-corpus,All eligible corpus,,franklin-d-roosevelt,Franklin D. Roosevelt,topic_07f03bf056ab3503c6f721cf2a606b728b9cbb858d7d919fca46cd6135a32a2b,level1,War & Military Affairs,487,31,1066,47,5527,32531,0.45684803001876173,0.08811290030758097,0.16989948049552733,supported,supported,True,"All eligible actual-president paragraphs, including topic-free paragraphs, remain in president and scope denominators; topic-free paragraphs create no membership and no edge.",Count each distinct normalized Level 2 topic once per paragraph and each distinct derived Level 1 parent once per paragraph. Preserve one full paragraph-presence membership for every topic; do not divide a paragraph fractionally. Topic shares are non-additive and may sum above 100%.,3,"Descriptive AI-assigned topic presence in speaker-audited Miller Center paragraphs. It is not historical validation, model confidence, presidential intent, importance, influence, causality, policy success, or representation of the public or presidency as a whole."
actual-speaker-topic-edge-v1,actual-speaker-topic-network-v1,edge_b71e202e85f6cbd3d2459bc88eb973d57bf5445cfe8c760d5541ab6275e9c6d1,president_topic,corpus,all-corpus,All eligible corpus,,franklin-d-roosevelt,Franklin D. Roosevelt,topic_43ec056a6101afa1e938480103aecd71dd5f41580556a5f8d2a92b6a7cb39e2e,level1,"Money, Banking & Currency",49,15,1066,47,1454,32531,0.04596622889305816,0.03370013755158184,0.04469582859426393,supported,supported,True,"All eligible actual-president paragraphs, including topic-free paragraphs, remain in president and scope denominators; topic-free paragraphs create no membership and no edge.",Count each distinct normalized Level 2 topic once per paragraph and each distinct derived Level 1 parent once per paragraph. Preserve one full paragraph-presence membership for every topic; do not divide a paragraph fractionally. Topic shares are non-additive and may sum above 100%.,3,"Descriptive AI-assigned topic presence in speaker-audited Miller Center paragraphs. It is not historical validation, model confidence, presidential intent, importance, influence, causality, policy success, or representation of the public or presidency as a whole."
actual-speaker-topic-edge-v1,actual-speaker-topic-network-v1,edge_08ced6d147b300d963d39d85889c4fffefbee5a7e0c4779b5e7264ed35a09f02,president_topic,corpus,all-corpus,All eligible corpus,,franklin-d-roosevelt,Franklin D. Roosevelt,topic_3e8647a4799e061a665118eb000c5f9ad645c931743a74bfe085cbb18238ed6e,level1,"Trade, Commerce & Tariffs",32,14,1066,47,2184,32531,0.0300187617260788,0.014652014652014652,0.0671359626202699,supported,supported,True,"All eligible actual-president paragraphs, including topic-free paragraphs, remain in president and scope denominators; topic-free paragraphs create no membership and no edge.",Count each distinct normalized Level 2 topic once per paragraph and each distinct derived Level 1 parent once per paragraph. Preserve one full paragraph-presence membership for every topic; do not divide a paragraph fractionally. Topic shares are non-additive and may sum above 100%.,3,"Descriptive AI-assigned topic presence in speaker-audited Miller Center paragraphs. It is not historical validation, model confidence, presidential intent, importance, influence, causality, policy success, or representation of the public or presidency as a whole."
actual-speaker-topic-edge-v1,actual-speaker-topic-network-v1,edge_298fe61b2a19d90b08440fa86ad0c770828be2f60df34bab2d1ddff2f0f08e63,president_topic,corpus,all-corpus,All eligible corpus,,franklin-d-roosevelt,Franklin D. Roosevelt,topic_c111a85539516b19ce3d0ebf88102afc3f5136f06811be7ef7952ae6cc9d714c,level1,Public Finance & Taxation,51,17,1066,47,2743,32531,0.04784240150093809,0.01859278162595698,0.08431957210045803,supported,supported,True,"All eligible actual-president paragraphs, including topic-free paragraphs, remain in president and scope denominators; topic-free paragraphs create no membership and no edge.",Count each distinct normalized Level 2 topic once per paragraph and each distinct derived Level 1 parent once per paragraph. Preserve one full paragraph-presence membership for every topic; do not divide a paragraph fractionally. Topic shares are non-additive and may sum above 100%.,3,"Descriptive AI-assigned topic presence in speaker-audited Miller Center paragraphs. It is not historical validation, model confidence, presidential intent, importance, influence, causality, policy success, or representation of the public or presidency as a whole."
actual-speaker-topic-edge-v1,actual-speaker-topic-network-v1,edge_e84c54afb97ab3e7e3f2f9616dfab5e762f8169681cbbb186d51765e8010cbd4,president_topic,corpus,all-corpus,All eligible corpus,,franklin-d-roosevelt,Franklin D. Roosevelt,topic_4e7a42711424fc04c1b91600a4625e488e9f3c4736eb917f66eed248a70edbc0,level1,"Economy, Labor & Social Welfare",291,36,1066,47,3789,32531,0.27298311444652906,0.0768012668250198,0.11647351756785836,supported,supported,True,"All eligible actual-president paragraphs, including topic-free paragraphs, remain in president and scope denominators; topic-free paragraphs create no membership and no edge.",Count each distinct normalized Level 2 topic once per paragraph and each distinct derived Level 1 parent once per paragraph. Preserve one full paragraph-presence membership for every topic; do not divide a paragraph fractionally. Topic shares are non-additive and may sum above 100%.,3,"Descriptive AI-assigned topic presence in speaker-audited Miller Center paragraphs. It is not historical validation, model confidence, presidential intent, importance, influence, causality, policy success, or representation of the public or presidency as a whole."
actual-speaker-topic-edge-v1,actual-speaker-topic-network-v1,edge_3d8842b06a3a5672f6da43b029e41c41c01f8fe2b83a4affbe4f32434fe15ca2,president_topic,corpus,all-corpus,All eligible corpus,,franklin-d-roosevelt,Franklin D. Roosevelt,topic_ef78a18511fbadc390b6b2c81b7205f6fbf8a9bd8b0b3a6b135e894f47157e83,level1,"Agriculture, Land & Environment",73,22,1066,47,1565,32531,0.06848030018761726,0.04664536741214057,0.048107958562601826,supported,supported,True,"All eligible actual-president paragraphs, including topic-free paragraphs, remain in president and scope denominators; topic-free paragraphs create no membership and no edge.",Count each distinct normalized Level 2 topic once per paragraph and each distinct derived Level 1 parent once per paragraph. Preserve one full paragraph-presence membership for every topic; do not divide a paragraph fractionally. Topic shares are non-additive and may sum above 100%.,3,"Descriptive AI-assigned topic presence in speaker-audited Miller Center paragraphs. It is not historical validation, model confidence, presidential intent, importance, influence, causality, policy success, or representation of the public or presidency as a whole."
actual-speaker-topic-edge-v1,actual-speaker-topic-network-v1,edge_d995598e2e21d75ca850295078d9808aa24aced4e27f6d009ad8215a9856b00f,president_topic,corpus,all-corpus,All eligible corpus,,franklin-d-roosevelt,Franklin D. Roosevelt,topic_c092ca5bdad12513ef74aa364f2bf7a6db5cb739f929d0f0ef4779e5c868cbcd,level1,Infrastructure & Internal Improvements,32,18,1066,47,1897,32531,0.0300187617260788,0.01686874011597259,0.05831360855799084,supported,supported,True,"All eligible actual-president paragraphs, including topic-free paragraphs, remain in president and scope denominators; topic-free paragraphs create no membership and no edge.",Count each distinct normalized Level 2 topic once per paragraph and each distinct derived Level 1 parent once per paragraph. Preserve one full paragraph-presence membership for every topic; do not divide a paragraph fractionally. Topic shares are non-additive and may sum above 100%.,3,"Descriptive AI-assigned topic presence in speaker-audited Miller Center paragraphs. It is not historical validation, model confidence, presidential intent, importance, influence, causality, policy success, or representation of the public or presidency as a whole."
actual-speaker-topic-edge-v1,actual-speaker-topic-network-v1,edge_4da6411a3e15c4c65fa3d42e7ab7126df69dbf16e3f243941eada1cb0d979fe5,president_topic,corpus,all-corpus,All eligible corpus,,franklin-d-roosevelt,Franklin D. Roosevelt,topic_b9fc73bb18ca058e7f189c867a51071c93e7fea7d67167933f18846a43f46e2c,level1,Constitutional Order & Governance,77,23,1066,47,4188,32531,0.07223264540337711,0.018385864374403055,0.12873874150809997,supported,supported,True,"All eligible actual-president paragraphs, including topic-free paragraphs, remain in president and scope denominators; topic-free paragraphs create no membership and no edge.",Count each distinct normalized Level 2 topic once per paragraph and each distinct derived Level 1 parent once per paragraph. Preserve one full paragraph-presence membership for every topic; do not divide a paragraph fractionally. Topic shares are non-additive and may sum above 100%.,3,"Descriptive AI-assigned topic presence in speaker-audited Miller Center paragraphs. It is not historical validation, model confidence, presidential intent, importance, influence, causality, policy success, or representation of the public or presidency as a whole."
actual-speaker-topic-edge-v1,actual-speaker-topic-network-v1,edge_e94afdb916fc51cb6292caa18de1c2cc0015a0dd391b6c9a1a4fac5947794998,president_topic,corpus,all-corpus,All eligible corpus,,franklin-d-roosevelt,Franklin D. Roosevelt,topic_b06b6b33b3356fbb9bf02b5cf3a44db3f664b60ffabf997972a749619b7acfe4,level1,Personal Narrative & Reflection,43,22,1066,47,1119,32531,0.040337711069418386,0.03842716711349419,0.034397958870000925,supported,supported,True,"All eligible actual-president paragraphs, including topic-free paragraphs, remain in president and scope denominators; topic-free paragraphs create no membership and no edge.",Count each distinct normalized Level 2 topic once per paragraph and each distinct derived Level 1 parent once per paragraph. Preserve one full paragraph-presence membership for every topic; do not divide a paragraph fractionally. Topic shares are non-additive and may sum above 100%.,3,"Descriptive AI-assigned topic presence in speaker-audited Miller Center paragraphs. It is not historical validation, model confidence, presidential intent, importance, influence, causality, policy success, or representation of the public or presidency as a whole."
actual-speaker-topic-edge-v1,actual-speaker-topic-network-v1,edge_8a0cdc9a50b73b54ff06f149286830ab2df8837cf3732b0c019204b8beb2f947,president_topic,corpus,all-corpus,All eligible corpus,,franklin-d-roosevelt,Franklin D. Roosevelt,topic_808789d7a0e8edad0be5ec687efb103a704d7b1ebd37e9e78d628803197b9205,level1,Procedural & Administrative,23,14,1066,47,1320,32531,0.021575984990619138,0.017424242424242425,0.04057668070455873,supported,supported,True,"All eligible actual-president paragraphs, including topic-free paragraphs, remain in president and scope denominators; topic-free paragraphs create no membership and no edge.",Count each distinct normalized Level 2 topic once per paragraph and each distinct derived Level 1 parent once per paragraph. Preserve one full paragraph-presence membership for every topic; do not divide a paragraph fractionally. Topic shares are non-additive and may sum above 100%.,3,"Descriptive AI-assigned topic presence in speaker-audited Miller Center paragraphs. It is not historical validation, model confidence, presidential intent, importance, influence, causality, policy success, or representation of the public or presidency as a whole."
actual-speaker-topic-edge-v1,actual-speaker-topic-network-v1,edge_0a55b685e153147fadbce5995eff7dd9c492dbf62fdb89de5f66cc78c7e78e8b,president_topic,corpus,all-corpus,All eligible corpus,,franklin-d-roosevelt,Franklin D. Roosevelt,topic_73fe8a26a7881c104f8ac0ee90b445177eabd28ec5e36d34a3bdcacd0505cba1,level1,Faith & National Values,168,44,1066,47,2953,32531,0.1575984990619137,0.056891296986115815,0.09077495312163782,supported,supported,True,"All eligible actual-president paragraphs, including topic-free paragraphs, remain in president and scope denominators; topic-free paragraphs create no membership and no edge.",Count each distinct normalized Level 2 topic once per paragraph and each distinct derived Level 1 parent once per paragraph. Preserve one full paragraph-presence membership for every topic; do not divide a paragraph fractionally. Topic shares are non-additive and may sum above 100%.,3,"Descriptive AI-assigned topic presence in speaker-audited Miller Center paragraphs. It is not historical validation, model confidence, presidential intent, importance, influence, causality, policy success, or representation of the public or presidency as a whole."
actual-speaker-topic-edge-v1,actual-speaker-topic-network-v1,edge_7b531e81b751a60c0e985e9957ee56564820a7a6a619eaef5f5916926e3665fa,president_topic,corpus,all-corpus,All eligible corpus,,franklin-d-roosevelt,Franklin D. Roosevelt,topic_601685849419f6dd5585ab27f3ab7a941ea2cbf86f3099bca73b67a038d9ce17,level1,Partisan & Media Combat,55,22,1066,47,1206,32531,0.051594746716697934,0.04560530679933665,0.03707233100734684,supported,supported,True,"All eligible actual-president paragraphs, including topic-free paragraphs, remain in president and scope denominators; topic-free paragraphs create no membership and no edge.",Count each distinct normalized Level 2 topic once per paragraph and each distinct derived Level 1 parent once per paragraph. Preserve one full paragraph-presence membership for every topic; do not divide a paragraph fractionally. Topic shares are non-additive and may sum above 100%.,3,"Descriptive AI-assigned topic presence in speaker-audited Miller Center paragraphs. It is not historical validation, model confidence, presidential intent, importance, influence, causality, policy success, or representation of the public or presidency as a whole."
actual-speaker-topic-edge-v1,actual-speaker-topic-network-v1,edge_24393f6c95be1baea4175631a50e7a808b6b91fd9bd7c3d31e70e60037d1ede3,president_topic,corpus,all-corpus,All eligible corpus,,harry-s-truman,Harry S. Truman,topic_53f9c63ed6aedcab84709226f843c89a577ea30928250cda0021a52c0d9dd5d2,level1,Foreign Relations & Diplomacy,159,14,308,19,8414,32531,0.5162337662337663,0.018897076301402426,0.2586455995819372,supported,supported,True,"All eligible actual-president paragraphs, including topic-free paragraphs, remain in president and scope denominators; topic-free paragraphs create no membership and no edge.",Count each distinct normalized Level 2 topic once per paragraph and each distinct derived Level 1 parent once per paragraph. Preserve one full paragraph-presence membership for every topic; do not divide a paragraph fractionally. Topic shares are non-additive and may sum above 100%.,3,"Descriptive AI-assigned topic presence in speaker-audited Miller Center paragraphs. It is not historical validation, model confidence, presidential intent, importance, influence, causality, policy success, or representation of the public or presidency as a whole."
actual-speaker-topic-edge-v1,actual-speaker-topic-network-v1,edge_7f2e0bd1aa3925e6c3421b6f10ffcce57e25c4fa9c8a617287ab9b3a005a2807,president_topic,corpus,all-corpus,All eligible corpus,,harry-s-truman,Harry S. Truman,topic_07f03bf056ab3503c6f721cf2a606b728b9cbb858d7d919fca46cd6135a32a2b,level1,War & Military Affairs,69,13,308,19,5527,32531,0.22402597402597402,0.01248416862674145,0.16989948049552733,supported,supported,True,"All eligible actual-president paragraphs, including topic-free paragraphs, remain in president and scope denominators; topic-free paragraphs create no membership and no edge.",Count each distinct normalized Level 2 topic once per paragraph and each distinct derived Level 1 parent once per paragraph. Preserve one full paragraph-presence membership for every topic; do not divide a paragraph fractionally. Topic shares are non-additive and may sum above 100%.,3,"Descriptive AI-assigned topic presence in speaker-audited Miller Center paragraphs. It is not historical validation, model confidence, presidential intent, importance, influence, causality, policy success, or representation of the public or presidency as a whole."
actual-speaker-topic-edge-v1,actual-speaker-topic-network-v1,edge_101b9ca695f405e956912767548ebbc6d85a1b9e1ca3ac99c7a4bab8d7c990e2,president_topic,corpus,all-corpus,All eligible corpus,,harry-s-truman,Harry S. Truman,topic_4e7a42711424fc04c1b91600a4625e488e9f3c4736eb917f66eed248a70edbc0,level1,"Economy, Labor & Social Welfare",39,9,308,19,3789,32531,0.1266233766233766,0.010292953285827395,0.11647351756785836,supported,supported,True,"All eligible actual-president paragraphs, including topic-free paragraphs, remain in president and scope denominators; topic-free paragraphs create no membership and no edge.",Count each distinct normalized Level 2 topic once per paragraph and each distinct derived Level 1 parent once per paragraph. Preserve one full paragraph-presence membership for every topic; do not divide a paragraph fractionally. Topic shares are non-additive and may sum above 100%.,3,"Descriptive AI-assigned topic presence in speaker-audited Miller Center paragraphs. It is not historical validation, model confidence, presidential intent, importance, influence, causality, policy success, or representation of the public or presidency as a whole."
actual-speaker-topic-edge-v1,actual-speaker-topic-network-v1,edge_b147ff1acfff75c350e958e74683f5f5b2ca8909c38224db35c99d4b667a7f47,president_topic,corpus,all-corpus,All eligible corpus,,harry-s-truman,Harry S. Truman,topic_b06b6b33b3356fbb9bf02b5cf3a44db3f664b60ffabf997972a749619b7acfe4,level1,Personal Narrative & Reflection,25,8,308,19,1119,32531,0.08116883116883117,0.022341376228775692,0.034397958870000925,supported,supported,True,"All eligible actual-president paragraphs, including topic-free paragraphs, remain in president and scope denominators; topic-free paragraphs create no membership and no edge.",Count each distinct normalized Level 2 topic once per paragraph and each distinct derived Level 1 parent once per paragraph. Preserve one full paragraph-presence membership for every topic; do not divide a paragraph fractionally. Topic shares are non-additive and may sum above 100%.,3,"Descriptive AI-assigned topic presence in speaker-audited Miller Center paragraphs. It is not historical validation, model confidence, presidential intent, importance, influence, causality, policy success, or representation of the public or presidency as a whole."
actual-speaker-topic-edge-v1,actual-speaker-topic-network-v1,edge_b006ce4c189acfb38a386e10c77d71a9408289af9052ea3bd8a5938401e013d6,president_topic,corpus,all-corpus,All eligible corpus,,harry-s-truman,Harry S. Truman,topic_73fe8a26a7881c104f8ac0ee90b445177eabd28ec5e36d34a3bdcacd0505cba1,level1,Faith & National Values,38,16,308,19,2953,32531,0.12337662337662338,0.012868269556383339,0.09077495312163782,supported,supported,True,"All eligible actual-president paragraphs, including topic-free paragraphs, remain in president and scope denominators; topic-free paragraphs create no membership and no edge.",Count each distinct normalized Level 2 topic once per paragraph and each distinct derived Level 1 parent once per paragraph. Preserve one full paragraph-presence membership for every topic; do not divide a paragraph fractionally. Topic shares are non-additive and may sum above 100%.,3,"Descriptive AI-assigned topic presence in speaker-audited Miller Center paragraphs. It is not historical validation, model confidence, presidential intent, importance, influence, causality, policy success, or representation of the public or presidency as a whole."
actual-speaker-topic-edge-v1,actual-speaker-topic-network-v1,edge_77569370e81ee5116a2017637ae98070cefabc0f1680c7a3420e3d15fdea7f64,president_topic,corpus,all-corpus,All eligible corpus,,harry-s-truman,Harry S. Truman,topic_601685849419f6dd5585ab27f3ab7a941ea2cbf86f3099bca73b67a038d9ce17,level1,Partisan & Media Combat,48,6,308,19,1206,32531,0.15584415584415584,0.03980099502487562,0.03707233100734684,supported,supported,True,"All eligible actual-president paragraphs, including topic-free paragraphs, remain in president and scope denominators; topic-free paragraphs create no membership and no edge.",Count each distinct normalized Level 2 topic once per paragraph and each distinct derived Level 1 parent once per paragraph. Preserve one full paragraph-presence membership for every topic; do not divide a paragraph fractionally. Topic shares are non-additive and may sum above 100%.,3,"Descriptive AI-assigned topic presence in speaker-audited Miller Center paragraphs. It is not historical validation, model confidence, presidential intent, importance, influence, causality, policy success, or representation of the public or presidency as a whole."
actual-speaker-topic-edge-v1,actual-speaker-topic-network-v1,edge_efd2a1d9cff078c90c1abfa9d572caabac9e61e7da92bc4ab2d9f16246e5e27f,president_topic,corpus,all-corpus,All eligible corpus,,dwight-d-eisenhower,Dwight D. Eisenhower,topic_53f9c63ed6aedcab84709226f843c89a577ea30928250cda0021a52c0d9dd5d2,level1,Foreign Relations & Diplomacy,291,15,692,15,8414,32531,0.42052023121387283,0.03458521511766104,0.2586455995819372,supported,supported,True,"All eligible actual-president paragraphs, including topic-free paragraphs, remain in president and scope denominators; topic-free paragraphs create no membership and no edge.",Count each distinct normalized Level 2 topic once per paragraph and each distinct derived Level 1 parent once per paragraph. Preserve one full paragraph-presence membership for every topic; do not divide a paragraph fractionally. Topic shares are non-additive and may sum above 100%.,3,"Descriptive AI-assigned topic presence in speaker-audited Miller Center paragraphs. It is not historical validation, model confidence, presidential intent, importance, influence, causality, policy success, or representation of the public or presidency as a whole."
actual-speaker-topic-edge-v1,actual-speaker-topic-network-v1,edge_10dbd7449872501764bd2333373d99f2fe704e3eace78f10b281ae1ec7cc0d08,president_topic,corpus,all-corpus,All eligible corpus,,dwight-d-eisenhower,Dwight D. Eisenhower,topic_07f03bf056ab3503c6f721cf2a606b728b9cbb858d7d919fca46cd6135a32a2b,level1,War & Military Affairs,118,15,692,15,5527,32531,0.17052023121387283,0.02134973765152886,0.16989948049552733,supported,supported,True,"All eligible actual-president paragraphs, including topic-free paragraphs, remain in president and scope denominators; topic-free paragraphs create no membership and no edge.",Count each distinct normalized Level 2 topic once per paragraph and each distinct derived Level 1 parent once per paragraph. Preserve one full paragraph-presence membership for every topic; do not divide a paragraph fractionally. Topic shares are non-additive and may sum above 100%.,3,"Descriptive AI-assigned topic presence in speaker-audited Miller Center paragraphs. It is not historical validation, model confidence, presidential intent, importance, influence, causality, policy success, or representation of the public or presidency as a whole."
actual-speaker-topic-edge-v1,actual-speaker-topic-network-v1,edge_2df07280514cf27d5eb93a67194fb3bc221ef337bfa8052090809ecf8e5b51e9,president_topic,corpus,all-corpus,All eligible corpus,,dwight-d-eisenhower,Dwight D. Eisenhower,topic_3e8647a4799e061a665118eb000c5f9ad645c931743a74bfe085cbb18238ed6e,level1,"Trade, Commerce & Tariffs",21,7,692,15,2184,32531,0.030346820809248554,0.009615384615384616,0.0671359626202699,supported,supported,True,"All eligible actual-president paragraphs, including topic-free paragraphs, remain in president and scope denominators; topic-free paragraphs create no membership and no edge.",Count each distinct normalized Level 2 topic once per paragraph and each distinct derived Level 1 parent once per paragraph. Preserve one full paragraph-presence membership for every topic; do not divide a paragraph fractionally. Topic shares are non-additive and may sum above 100%.,3,"Descriptive AI-assigned topic presence in speaker-audited Miller Center paragraphs. It is not historical validation, model confidence, presidential intent, importance, influence, causality, policy success, or representation of the public or presidency as a whole."
actual-speaker-topic-edge-v1,actual-speaker-topic-network-v1,edge_f4d8ec71405192179878bdc43cb8b547bc41becb152115548b73c7657d288cc8,president_topic,corpus,all-corpus,All eligible corpus,,dwight-d-eisenhower,Dwight D. Eisenhower,topic_c111a85539516b19ce3d0ebf88102afc3f5136f06811be7ef7952ae6cc9d714c,level1,Public Finance & Taxation,76,11,692,15,2743,32531,0.10982658959537572,0.027706890266131972,0.08431957210045803,supported,supported,True,"All eligible actual-president paragraphs, including topic-free paragraphs, remain in president and scope denominators; topic-free paragraphs create no membership and no edge.",Count each distinct normalized Level 2 topic once per paragraph and each distinct derived Level 1 parent once per paragraph. Preserve one full paragraph-presence membership for every topic; do not divide a paragraph fractionally. Topic shares are non-additive and may sum above 100%.,3,"Descriptive AI-assigned topic presence in speaker-audited Miller Center paragraphs. It is not historical validation, model confidence, presidential intent, importance, influence, causality, policy success, or representation of the public or presidency as a whole."
actual-speaker-topic-edge-v1,actual-speaker-topic-network-v1,edge_a5af99743216624691af879e9fb16125fbe5bfb8c49ca39583eec347e29d9ae1,president_topic,corpus,all-corpus,All eligible corpus,,dwight-d-eisenhower,Dwight D. Eisenhower,topic_4e7a42711424fc04c1b91600a4625e488e9f3c4736eb917f66eed248a70edbc0,level1,"Economy, Labor & Social Welfare",104,11,692,15,3789,32531,0.15028901734104047,0.027447875428873055,0.11647351756785836,supported,supported,True,"All eligible actual-president paragraphs, including topic-free paragraphs, remain in president and scope denominators; topic-free paragraphs create no membership and no edge.",Count each distinct normalized Level 2 topic once per paragraph and each distinct derived Level 1 parent once per paragraph. Preserve one full paragraph-presence membership for every topic; do not divide a paragraph fractionally. Topic shares are non-additive and may sum above 100%.,3,"Descriptive AI-assigned topic presence in speaker-audited Miller Center paragraphs. It is not historical validation, model confidence, presidential intent, importance, influence, causality, policy success, or representation of the public or presidency as a whole."
actual-speaker-topic-edge-v1,actual-speaker-topic-network-v1,edge_fc52d2df5e4c563dd164cc1a5f27db4362f1d28d0fba1bf3a75f4a1d63662d46,president_topic,corpus,all-corpus,All eligible corpus,,dwight-d-eisenhower,Dwight D. Eisenhower,topic_ef78a18511fbadc390b6b2c81b7205f6fbf8a9bd8b0b3a6b135e894f47157e83,level1,"Agriculture, Land & Environment",54,10,692,15,1565,32531,0.07803468208092486,0.03450479233226837,0.048107958562601826,supported,supported,True,"All eligible actual-president paragraphs, including topic-free paragraphs, remain in president and scope denominators; topic-free paragraphs create no membership and no edge.",Count each distinct normalized Level 2 topic once per paragraph and each distinct derived Level 1 parent once per paragraph. Preserve one full paragraph-presence membership for every topic; do not divide a paragraph fractionally. Topic shares are non-additive and may sum above 100%.,3,"Descriptive AI-assigned topic presence in speaker-audited Miller Center paragraphs. It is not historical validation, model confidence, presidential intent, importance, influence, causality, policy success, or representation of the public or presidency as a whole."
actual-speaker-topic-edge-v1,actual-speaker-topic-network-v1,edge_1573c74e0dc6692177e67390eceb089cdcfa7feeedd15464be73ef6f5dfc1925,president_topic,corpus,all-corpus,All eligible corpus,,dwight-d-eisenhower,Dwight D. Eisenhower,topic_c092ca5bdad12513ef74aa364f2bf7a6db5cb739f929d0f0ef4779e5c868cbcd,level1,Infrastructure & Internal Improvements,49,9,692,15,1897,32531,0.0708092485549133,0.025830258302583026,0.05831360855799084,supported,supported,True,"All eligible actual-president paragraphs, including topic-free paragraphs, remain in president and scope denominators; topic-free paragraphs create no membership and no edge.",Count each distinct normalized Level 2 topic once per paragraph and each distinct derived Level 1 parent once per paragraph. Preserve one full paragraph-presence membership for every topic; do not divide a paragraph fractionally. Topic shares are non-additive and may sum above 100%.,3,"Descriptive AI-assigned topic presence in speaker-audited Miller Center paragraphs. It is not historical validation, model confidence, presidential intent, importance, influence, causality, policy success, or representation of the public or presidency as a whole."
actual-speaker-topic-edge-v1,actual-speaker-topic-network-v1,edge_7471b20c4660f0ed7f3ba39fa6a40f9d4b5ce7fbaac65b675c0f80e077e946f9,president_topic,corpus,all-corpus,All eligible corpus,,dwight-d-eisenhower,Dwight D. Eisenhower,topic_69c2f2e5246434489ce5d23ab22aff61e0e45f95df48cd62755c0cc84ca18853,level1,Civil Rights & Immigration,30,7,692,15,2617,32531,0.04335260115606936,0.01146350783339702,0.08044634348775015,supported,supported,True,"All eligible actual-president paragraphs, including topic-free paragraphs, remain in president and scope denominators; topic-free paragraphs create no membership and no edge.",Count each distinct normalized Level 2 topic once per paragraph and each distinct derived Level 1 parent once per paragraph. Preserve one full paragraph-presence membership for every topic; do not divide a paragraph fractionally. Topic shares are non-additive and may sum above 100%.,3,"Descriptive AI-assigned topic presence in speaker-audited Miller Center paragraphs. It is not historical validation, model confidence, presidential intent, importance, influence, causality, policy success, or representation of the public or presidency as a whole."
actual-speaker-topic-edge-v1,actual-speaker-topic-network-v1,edge_4f57c62fba1f12be5521482f566127a3f3d8a56d1d4f612fcc35e9593125473c,president_topic,corpus,all-corpus,All eligible corpus,,dwight-d-eisenhower,Dwight D. Eisenhower,topic_b9fc73bb18ca058e7f189c867a51071c93e7fea7d67167933f18846a43f46e2c,level1,Constitutional Order & Governance,46,9,692,15,4188,32531,0.06647398843930635,0.010983763132760267,0.12873874150809997,supported,supported,True,"All eligible actual-president paragraphs, including topic-free paragraphs, remain in president and scope denominators; topic-free paragraphs create no membership and no edge.",Count each distinct normalized Level 2 topic once per paragraph and each distinct derived Level 1 parent once per paragraph. Preserve one full paragraph-presence membership for every topic; do not divide a paragraph fractionally. Topic shares are non-additive and may sum above 100%.,3,"Descriptive AI-assigned topic presence in speaker-audited Miller Center paragraphs. It is not historical validation, model confidence, presidential intent, importance, influence, causality, policy success, or representation of the public or presidency as a whole."
actual-speaker-topic-edge-v1,actual-speaker-topic-network-v1,edge_018f9cd1171f59633e7d19687948616b9fc1081b4ed6e9391673d21546c3ee6e,president_topic,corpus,all-corpus,All eligible corpus,,dwight-d-eisenhower,Dwight D. Eisenhower,topic_808789d7a0e8edad0be5ec687efb103a704d7b1ebd37e9e78d628803197b9205,level1,Procedural & Administrative,28,7,692,15,1320,32531,0.04046242774566474,0.021212121212121213,0.04057668070455873,supported,supported,True,"All eligible actual-president paragraphs, including topic-free paragraphs, remain in president and scope denominators; topic-free paragraphs create no membership and no edge.",Count each distinct normalized Level 2 topic once per paragraph and each distinct derived Level 1 parent once per paragraph. Preserve one full paragraph-presence membership for every topic; do not divide a paragraph fractionally. Topic shares are non-additive and may sum above 100%.,3,"Descriptive AI-assigned topic presence in speaker-audited Miller Center paragraphs. It is not historical validation, model confidence, presidential intent, importance, influence, causality, policy success, or representation of the public or presidency as a whole."
actual-speaker-topic-edge-v1,actual-speaker-topic-network-v1,edge_eae15238db3fbadfe88a1811ef1e66b91dc28ade43131ab13fa715753c38fe44,president_topic,corpus,all-corpus,All eligible corpus,,dwight-d-eisenhower,Dwight D. Eisenhower,topic_73fe8a26a7881c104f8ac0ee90b445177eabd28ec5e36d34a3bdcacd0505cba1,level1,Faith & National Values,65,15,692,15,2953,32531,0.09393063583815028,0.02201151371486624,0.09077495312163782,supported,supported,True,"All eligible actual-president paragraphs, including topic-free paragraphs, remain in president and scope denominators; topic-free paragraphs create no membership and no edge.",Count each distinct normalized Level 2 topic once per paragraph and each distinct derived Level 1 parent once per paragraph. Preserve one full paragraph-presence membership for every topic; do not divide a paragraph fractionally. Topic shares are non-additive and may sum above 100%.,3,"Descriptive AI-assigned topic presence in speaker-audited Miller Center paragraphs. It is not historical validation, model confidence, presidential intent, importance, influence, causality, policy success, or representation of the public or presidency as a whole."
actual-speaker-topic-edge-v1,actual-speaker-topic-network-v1,edge_5a2bf6d5c70005137aa342f6c56ecede950233a7c22540e0eb42988c5de911da,president_topic,corpus,all-corpus,All eligible corpus,,john-f-kennedy,John F. Kennedy,topic_53f9c63ed6aedcab84709226f843c89a577ea30928250cda0021a52c0d9dd5d2,level1,Foreign Relations & Diplomacy,593,39,1088,44,8414,32531,0.5450367647058824,0.07047777513667697,0.2586455995819372,supported,supported,True,"All eligible actual-president paragraphs, including topic-free paragraphs, remain in president and scope denominators; topic-free paragraphs create no membership and no edge.",Count each distinct normalized Level 2 topic once per paragraph and each distinct derived Level 1 parent once per paragraph. Preserve one full paragraph-presence membership for every topic; do not divide a paragraph fractionally. Topic shares are non-additive and may sum above 100%.,3,"Descriptive AI-assigned topic presence in speaker-audited Miller Center paragraphs. It is not historical validation, model confidence, presidential intent, importance, influence, causality, policy success, or representation of the public or presidency as a whole."
actual-speaker-topic-edge-v1,actual-speaker-topic-network-v1,edge_62f275c7b21cf5ba524911ae653f854a6f648dd29e3eba8ec02ad16a1ec4635a,president_topic,corpus,all-corpus,All eligible corpus,,john-f-kennedy,John F. Kennedy,topic_07f03bf056ab3503c6f721cf2a606b728b9cbb858d7d919fca46cd6135a32a2b,level1,War & Military Affairs,137,35,1088,44,5527,32531,0.12591911764705882,0.0247874072733852,0.16989948049552733,supported,supported,True,"All eligible actual-president paragraphs, including topic-free paragraphs, remain in president and scope denominators; topic-free paragraphs create no membership and no edge.",Count each distinct normalized Level 2 topic once per paragraph and each distinct derived Level 1 parent once per paragraph. Preserve one full paragraph-presence membership for every topic; do not divide a paragraph fractionally. Topic shares are non-additive and may sum above 100%.,3,"Descriptive AI-assigned topic presence in speaker-audited Miller Center paragraphs. It is not historical validation, model confidence, presidential intent, importance, influence, causality, policy success, or representation of the public or presidency as a whole."
actual-speaker-topic-edge-v1,actual-speaker-topic-network-v1,edge_e8cdea9d68f5af8fb30b887e74eb98081351daac585073543ee10919c6205dff,president_topic,corpus,all-corpus,All eligible corpus,,john-f-kennedy,John F. Kennedy,topic_3e8647a4799e061a665118eb000c5f9ad645c931743a74bfe085cbb18238ed6e,level1,"Trade, Commerce & Tariffs",50,9,1088,44,2184,32531,0.04595588235294118,0.022893772893772892,0.0671359626202699,supported,supported,True,"All eligible actual-president paragraphs, including topic-free paragraphs, remain in president and scope denominators; topic-free paragraphs create no membership and no edge.",Count each distinct normalized Level 2 topic once per paragraph and each distinct derived Level 1 parent once per paragraph. Preserve one full paragraph-presence membership for every topic; do not divide a paragraph fractionally. Topic shares are non-additive and may sum above 100%.,3,"Descriptive AI-assigned topic presence in speaker-audited Miller Center paragraphs. It is not historical validation, model confidence, presidential intent, importance, influence, causality, policy success, or representation of the public or presidency as a whole."
actual-speaker-topic-edge-v1,actual-speaker-topic-network-v1,edge_23b296e77eb222c6fbb386ee48da2919e956bdfc2c676ac127b8a94261d049d5,president_topic,corpus,all-corpus,All eligible corpus,,john-f-kennedy,John F. Kennedy,topic_c111a85539516b19ce3d0ebf88102afc3f5136f06811be7ef7952ae6cc9d714c,level1,Public Finance & Taxation,94,13,1088,44,2743,32531,0.08639705882352941,0.03426904848705797,0.08431957210045803,supported,supported,True,"All eligible actual-president paragraphs, including topic-free paragraphs, remain in president and scope denominators; topic-free paragraphs create no membership and no edge.",Count each distinct normalized Level 2 topic once per paragraph and each distinct derived Level 1 parent once per paragraph. Preserve one full paragraph-presence membership for every topic; do not divide a paragraph fractionally. Topic shares are non-additive and may sum above 100%.,3,"Descriptive AI-assigned topic presence in speaker-audited Miller Center paragraphs. It is not historical validation, model confidence, presidential intent, importance, influence, causality, policy success, or representation of the public or presidency as a whole."
actual-speaker-topic-edge-v1,actual-speaker-topic-network-v1,edge_19ae498433503736164eca318e5b912bc67eec1987f8cd6fe3839545f7988769,president_topic,corpus,all-corpus,All eligible corpus,,john-f-kennedy,John F. Kennedy,topic_4e7a42711424fc04c1b91600a4625e488e9f3c4736eb917f66eed248a70edbc0,level1,"Economy, Labor & Social Welfare",116,19,1088,44,3789,32531,0.10661764705882353,0.030614937978358406,0.11647351756785836,supported,supported,True,"All eligible actual-president paragraphs, including topic-free paragraphs, remain in president and scope denominators; topic-free paragraphs create no membership and no edge.",Count each distinct normalized Level 2 topic once per paragraph and each distinct derived Level 1 parent once per paragraph. Preserve one full paragraph-presence membership for every topic; do not divide a paragraph fractionally. Topic shares are non-additive and may sum above 100%.,3,"Descriptive AI-assigned topic presence in speaker-audited Miller Center paragraphs. It is not historical validation, model confidence, presidential intent, importance, influence, causality, policy success, or representation of the public or presidency as a whole."
actual-speaker-topic-edge-v1,actual-speaker-topic-network-v1,edge_669fff3c01a6c1c131d2505c66c6d7535657566c140118fa1388f22ea33c9e22,president_topic,corpus,all-corpus,All eligible corpus,,john-f-kennedy,John F. Kennedy,topic_ef78a18511fbadc390b6b2c81b7205f6fbf8a9bd8b0b3a6b135e894f47157e83,level1,"Agriculture, Land & Environment",34,14,1088,44,1565,32531,0.03125,0.021725239616613417,0.048107958562601826,supported,supported,True,"All eligible actual-president paragraphs, including topic-free paragraphs, remain in president and scope denominators; topic-free paragraphs create no membership and no edge.",Count each distinct normalized Level 2 topic once per paragraph and each distinct derived Level 1 parent once per paragraph. Preserve one full paragraph-presence membership for every topic; do not divide a paragraph fractionally. Topic shares are non-additive and may sum above 100%.,3,"Descriptive AI-assigned topic presence in speaker-audited Miller Center paragraphs. It is not historical validation, model confidence, presidential intent, importance, influence, causality, policy success, or representation of the public or presidency as a whole."
actual-speaker-topic-edge-v1,actual-speaker-topic-network-v1,edge_c2244e7c26e744efea857931ad375fa179a056487636d5e1f567fffa686d1b3d,president_topic,corpus,all-corpus,All eligible corpus,,john-f-kennedy,John F. Kennedy,topic_c092ca5bdad12513ef74aa364f2bf7a6db5cb739f929d0f0ef4779e5c868cbcd,level1,Infrastructure & Internal Improvements,60,19,1088,44,1897,32531,0.05514705882352941,0.0316288877174486,0.05831360855799084,supported,supported,True,"All eligible actual-president paragraphs, including topic-free paragraphs, remain in president and scope denominators; topic-free paragraphs create no membership and no edge.",Count each distinct normalized Level 2 topic once per paragraph and each distinct derived Level 1 parent once per paragraph. Preserve one full paragraph-presence membership for every topic; do not divide a paragraph fractionally. Topic shares are non-additive and may sum above 100%.,3,"Descriptive AI-assigned topic presence in speaker-audited Miller Center paragraphs. It is not historical validation, model confidence, presidential intent, importance, influence, causality, policy success, or representation of the public or presidency as a whole."
actual-speaker-topic-edge-v1,actual-speaker-topic-network-v1,edge_514ba3ad0c15bd058bdda36ff03119cc264300448a846bb14e581dc720325d75,president_topic,corpus,all-corpus,All eligible corpus,,john-f-kennedy,John F. Kennedy,topic_69c2f2e5246434489ce5d23ab22aff61e0e45f95df48cd62755c0cc84ca18853,level1,Civil Rights & Immigration,55,17,1088,44,2617,32531,0.050551470588235295,0.021016431027894536,0.08044634348775015,supported,supported,True,"All eligible actual-president paragraphs, including topic-free paragraphs, remain in president and scope denominators; topic-free paragraphs create no membership and no edge.",Count each distinct normalized Level 2 topic once per paragraph and each distinct derived Level 1 parent once per paragraph. Preserve one full paragraph-presence membership for every topic; do not divide a paragraph fractionally. Topic shares are non-additive and may sum above 100%.,3,"Descriptive AI-assigned topic presence in speaker-audited Miller Center paragraphs. It is not historical validation, model confidence, presidential intent, importance, influence, causality, policy success, or representation of the public or presidency as a whole."
actual-speaker-topic-edge-v1,actual-speaker-topic-network-v1,edge_148a71d661d04816ce45e5396964bd4af9b91c3667c801728db176fb380b8240,president_topic,corpus,all-corpus,All eligible corpus,,john-f-kennedy,John F. Kennedy,topic_b9fc73bb18ca058e7f189c867a51071c93e7fea7d67167933f18846a43f46e2c,level1,Constitutional Order & Governance,20,9,1088,44,4188,32531,0.01838235294117647,0.004775549188156638,0.12873874150809997,supported,supported,True,"All eligible actual-president paragraphs, including topic-free paragraphs, remain in president and scope denominators; topic-free paragraphs create no membership and no edge.",Count each distinct normalized Level 2 topic once per paragraph and each distinct derived Level 1 parent once per paragraph. Preserve one full paragraph-presence membership for every topic; do not divide a paragraph fractionally. Topic shares are non-additive and may sum above 100%.,3,"Descriptive AI-assigned topic presence in speaker-audited Miller Center paragraphs. It is not historical validation, model confidence, presidential intent, importance, influence, causality, policy success, or representation of the public or presidency as a whole."
actual-speaker-topic-edge-v1,actual-speaker-topic-network-v1,edge_8cdbf8933f19236fffd664ca069c51ad518b90751fc5e463b1ce37c2b786c08d,president_topic,corpus,all-corpus,All eligible corpus,,john-f-kennedy,John F. Kennedy,topic_ba4e1562b35cd37c83f78a1460d65e49337ac54a9561805b51da67a33fb4d23e,level1,Ceremonial & Commemorative Address,36,16,1088,44,597,32531,0.03308823529411765,0.06030150753768844,0.018351726045925425,supported,supported,True,"All eligible actual-president paragraphs, including topic-free paragraphs, remain in president and scope denominators; topic-free paragraphs create no membership and no edge.",Count each distinct normalized Level 2 topic once per paragraph and each distinct derived Level 1 parent once per paragraph. Preserve one full paragraph-presence membership for every topic; do not divide a paragraph fractionally. Topic shares are non-additive and may sum above 100%.,3,"Descriptive AI-assigned topic presence in speaker-audited Miller Center paragraphs. It is not historical validation, model confidence, presidential intent, importance, influence, causality, policy success, or representation of the public or presidency as a whole."
actual-speaker-topic-edge-v1,actual-speaker-topic-network-v1,edge_fcc1b0206d738675a2327697fb2334386568251bafd9d7ec527ef6c85f41b986,president_topic,corpus,all-corpus,All eligible corpus,,john-f-kennedy,John F. Kennedy,topic_b06b6b33b3356fbb9bf02b5cf3a44db3f664b60ffabf997972a749619b7acfe4,level1,Personal Narrative & Reflection,61,26,1088,44,1119,32531,0.05606617647058824,0.05451295799821269,0.034397958870000925,supported,supported,True,"All eligible actual-president paragraphs, including topic-free paragraphs, remain in president and scope denominators; topic-free paragraphs create no membership and no edge.",Count each distinct normalized Level 2 topic once per paragraph and each distinct derived Level 1 parent once per paragraph. Preserve one full paragraph-presence membership for every topic; do not divide a paragraph fractionally. Topic shares are non-additive and may sum above 100%.,3,"Descriptive AI-assigned topic presence in speaker-audited Miller Center paragraphs. It is not historical validation, model confidence, presidential intent, importance, influence, causality, policy success, or representation of the public or presidency as a whole."
actual-speaker-topic-edge-v1,actual-speaker-topic-network-v1,edge_bc9db4392e3e314bdde6f9a6054fd4ad3f313108cf5d98f77be6360f5153dd9f,president_topic,corpus,all-corpus,All eligible corpus,,john-f-kennedy,John F. Kennedy,topic_73fe8a26a7881c104f8ac0ee90b445177eabd28ec5e36d34a3bdcacd0505cba1,level1,Faith & National Values,150,42,1088,44,2953,32531,0.13786764705882354,0.05079580088046055,0.09077495312163782,supported,supported,True,"All eligible actual-president paragraphs, including topic-free paragraphs, remain in president and scope denominators; topic-free paragraphs create no membership and no edge.",Count each distinct normalized Level 2 topic once per paragraph and each distinct derived Level 1 parent once per paragraph. Preserve one full paragraph-presence membership for every topic; do not divide a paragraph fractionally. Topic shares are non-additive and may sum above 100%.,3,"Descriptive AI-assigned topic presence in speaker-audited Miller Center paragraphs. It is not historical validation, model confidence, presidential intent, importance, influence, causality, policy success, or representation of the public or presidency as a whole."
actual-speaker-topic-edge-v1,actual-speaker-topic-network-v1,edge_a225ada291cf7a8efc1aeaecedcd92785019b50222674d452efe9c361ea82004,president_topic,corpus,all-corpus,All eligible corpus,,john-f-kennedy,John F. Kennedy,topic_601685849419f6dd5585ab27f3ab7a941ea2cbf86f3099bca73b67a038d9ce17,level1,Partisan & Media Combat,34,8,1088,44,1206,32531,0.03125,0.028192371475953566,0.03707233100734684,supported,supported,True,"All eligible actual-president paragraphs, including topic-free paragraphs, remain in president and scope denominators; topic-free paragraphs create no membership and no edge.",Count each distinct normalized Level 2 topic once per paragraph and each distinct derived Level 1 parent once per paragraph. Preserve one full paragraph-presence membership for every topic; do not divide a paragraph fractionally. Topic shares are non-additive and may sum above 100%.,3,"Descriptive AI-assigned topic presence in speaker-audited Miller Center paragraphs. It is not historical validation, model confidence, presidential intent, importance, influence, causality, policy success, or representation of the public or presidency as a whole."
actual-speaker-topic-edge-v1,actual-speaker-topic-network-v1,edge_6eaf4cb85010de3e726dbbc46f22e2570884420b8a3e9a2bb04cd9a27e32fe66,president_topic,corpus,all-corpus,All eligible corpus,,lyndon-b-johnson,Lyndon B. Johnson,topic_53f9c63ed6aedcab84709226f843c89a577ea30928250cda0021a52c0d9dd5d2,level1,Foreign Relations & Diplomacy,556,57,1877,71,8414,32531,0.29621736814065,0.06608034228666508,0.2586455995819372,supported,supported,True,"All eligible actual-president paragraphs, including topic-free paragraphs, remain in president and scope denominators; topic-free paragraphs create no membership and no edge.",Count each distinct normalized Level 2 topic once per paragraph and each distinct derived Level 1 parent once per paragraph. Preserve one full paragraph-presence membership for every topic; do not divide a paragraph fractionally. Topic shares are non-additive and may sum above 100%.,3,"Descriptive AI-assigned topic presence in speaker-audited Miller Center paragraphs. It is not historical validation, model confidence, presidential intent, importance, influence, causality, policy success, or representation of the public or presidency as a whole."
actual-speaker-topic-edge-v1,actual-speaker-topic-network-v1,edge_ee89cf88026efcbfc2d03083be674b96471d883185a5c9e2877cb59d413da69d,president_topic,corpus,all-corpus,All eligible corpus,,lyndon-b-johnson,Lyndon B. Johnson,topic_07f03bf056ab3503c6f721cf2a606b728b9cbb858d7d919fca46cd6135a32a2b,level1,War & Military Affairs,673,59,1877,71,5527,32531,0.3585508790623335,0.12176587660575357,0.16989948049552733,supported,supported,True,"All eligible actual-president paragraphs, including topic-free paragraphs, remain in president and scope denominators; topic-free paragraphs create no membership and no edge.",Count each distinct normalized Level 2 topic once per paragraph and each distinct derived Level 1 parent once per paragraph. Preserve one full paragraph-presence membership for every topic; do not divide a paragraph fractionally. Topic shares are non-additive and may sum above 100%.,3,"Descriptive AI-assigned topic presence in speaker-audited Miller Center paragraphs. It is not historical validation, model confidence, presidential intent, importance, influence, causality, policy success, or representation of the public or presidency as a whole."
actual-speaker-topic-edge-v1,actual-speaker-topic-network-v1,edge_fa5c92f718029064b8de17ec698dfdb9def6d9b271a49ba07a0f3c4c9202f3ee,president_topic,corpus,all-corpus,All eligible corpus,,lyndon-b-johnson,Lyndon B. Johnson,topic_c111a85539516b19ce3d0ebf88102afc3f5136f06811be7ef7952ae6cc9d714c,level1,Public Finance & Taxation,106,26,1877,71,2743,32531,0.05647309536494406,0.03864382063434196,0.08431957210045803,supported,supported,True,"All eligible actual-president paragraphs, including topic-free paragraphs, remain in president and scope denominators; topic-free paragraphs create no membership and no edge.",Count each distinct normalized Level 2 topic once per paragraph and each distinct derived Level 1 parent once per paragraph. Preserve one full paragraph-presence membership for every topic; do not divide a paragraph fractionally. Topic shares are non-additive and may sum above 100%.,3,"Descriptive AI-assigned topic presence in speaker-audited Miller Center paragraphs. It is not historical validation, model confidence, presidential intent, importance, influence, causality, policy success, or representation of the public or presidency as a whole."
actual-speaker-topic-edge-v1,actual-speaker-topic-network-v1,edge_5d9a72e832b9ec93c69d1430f0d98d198852d4fa9fa32789dae700e0a67556b9,president_topic,corpus,all-corpus,All eligible corpus,,lyndon-b-johnson,Lyndon B. Johnson,topic_4e7a42711424fc04c1b91600a4625e488e9f3c4736eb917f66eed248a70edbc0,level1,"Economy, Labor & Social Welfare",233,42,1877,71,3789,32531,0.1241342567927544,0.061493797835840594,0.11647351756785836,supported,supported,True,"All eligible actual-president paragraphs, including topic-free paragraphs, remain in president and scope denominators; topic-free paragraphs create no membership and no edge.",Count each distinct normalized Level 2 topic once per paragraph and each distinct derived Level 1 parent once per paragraph. Preserve one full paragraph-presence membership for every topic; do not divide a paragraph fractionally. Topic shares are non-additive and may sum above 100%.,3,"Descriptive AI-assigned topic presence in speaker-audited Miller Center paragraphs. It is not historical validation, model confidence, presidential intent, importance, influence, causality, policy success, or representation of the public or presidency as a whole."
actual-speaker-topic-edge-v1,actual-speaker-topic-network-v1,edge_664087d44b46995ff0b0abfac08ec3a9087dfb08dbd4c89a357a505dabcfc69d,president_topic,corpus,all-corpus,All eligible corpus,,lyndon-b-johnson,Lyndon B. Johnson,topic_ef78a18511fbadc390b6b2c81b7205f6fbf8a9bd8b0b3a6b135e894f47157e83,level1,"Agriculture, Land & Environment",55,23,1877,71,1565,32531,0.02930207778369739,0.03514376996805112,0.048107958562601826,supported,supported,True,"All eligible actual-president paragraphs, including topic-free paragraphs, remain in president and scope denominators; topic-free paragraphs create no membership and no edge.",Count each distinct normalized Level 2 topic once per paragraph and each distinct derived Level 1 parent once per paragraph. Preserve one full paragraph-presence membership for every topic; do not divide a paragraph fractionally. Topic shares are non-additive and may sum above 100%.,3,"Descriptive AI-assigned topic presence in speaker-audited Miller Center paragraphs. It is not historical validation, model confidence, presidential intent, importance, influence, causality, policy success, or representation of the public or presidency as a whole."
actual-speaker-topic-edge-v1,actual-speaker-topic-network-v1,edge_31a89f6a9b4893f56496bd411697045986c5dd331cf8b85d2c21fb34696fdf94,president_topic,corpus,all-corpus,All eligible corpus,,lyndon-b-johnson,Lyndon B. Johnson,topic_c092ca5bdad12513ef74aa364f2bf7a6db5cb739f929d0f0ef4779e5c868cbcd,level1,Infrastructure & Internal Improvements,81,29,1877,71,1897,32531,0.043153969099627064,0.042698998418555616,0.05831360855799084,supported,supported,True,"All eligible actual-president paragraphs, including topic-free paragraphs, remain in president and scope denominators; topic-free paragraphs create no membership and no edge.",Count each distinct normalized Level 2 topic once per paragraph and each distinct derived Level 1 parent once per paragraph. Preserve one full paragraph-presence membership for every topic; do not divide a paragraph fractionally. Topic shares are non-additive and may sum above 100%.,3,"Descriptive AI-assigned topic presence in speaker-audited Miller Center paragraphs. It is not historical validation, model confidence, presidential intent, importance, influence, causality, policy success, or representation of the public or presidency as a whole."
actual-speaker-topic-edge-v1,actual-speaker-topic-network-v1,edge_9755e97bc491abe36024a08a4e309d6450f64986cb7fd8e00d91b91671e20afd,president_topic,corpus,all-corpus,All eligible corpus,,lyndon-b-johnson,Lyndon B. Johnson,topic_69c2f2e5246434489ce5d23ab22aff61e0e45f95df48cd62755c0cc84ca18853,level1,Civil Rights & Immigration,181,45,1877,71,2617,32531,0.09643047416089505,0.06916316392816202,0.08044634348775015,supported,supported,True,"All eligible actual-president paragraphs, including topic-free paragraphs, remain in president and scope denominators; topic-free paragraphs create no membership and no edge.",Count each distinct normalized Level 2 topic once per paragraph and each distinct derived Level 1 parent once per paragraph. Preserve one full paragraph-presence membership for every topic; do not divide a paragraph fractionally. Topic shares are non-additive and may sum above 100%.,3,"Descriptive AI-assigned topic presence in speaker-audited Miller Center paragraphs. It is not historical validation, model confidence, presidential intent, importance, influence, causality, policy success, or representation of the public or presidency as a whole."
actual-speaker-topic-edge-v1,actual-speaker-topic-network-v1,edge_e639749d2021c8749efb8f737c97f9e2e9931d16bcb864aa950c44273873f24f,president_topic,corpus,all-corpus,All eligible corpus,,lyndon-b-johnson,Lyndon B. Johnson,topic_3676810b2915e5e08405c3c9e3ed6b588696c94d35d477e10ed9cc62058597b4,level1,"Law, Crime & Justice",70,24,1877,71,1315,32531,0.03729355354288759,0.053231939163498096,0.0404229811564354,supported,supported,True,"All eligible actual-president paragraphs, including topic-free paragraphs, remain in president and scope denominators; topic-free paragraphs create no membership and no edge.",Count each distinct normalized Level 2 topic once per paragraph and each distinct derived Level 1 parent once per paragraph. Preserve one full paragraph-presence membership for every topic; do not divide a paragraph fractionally. Topic shares are non-additive and may sum above 100%.,3,"Descriptive AI-assigned topic presence in speaker-audited Miller Center paragraphs. It is not historical validation, model confidence, presidential intent, importance, influence, causality, policy success, or representation of the public or presidency as a whole."
actual-speaker-topic-edge-v1,actual-speaker-topic-network-v1,edge_77259dad0c6bfe1de9ae50ab4af7c456a7c4f01eb14d16b89df6eaa86310ea5a,president_topic,corpus,all-corpus,All eligible corpus,,lyndon-b-johnson,Lyndon B. Johnson,topic_b9fc73bb18ca058e7f189c867a51071c93e7fea7d67167933f18846a43f46e2c,level1,Constitutional Order & Governance,97,26,1877,71,4188,32531,0.051678209909429944,0.023161413562559695,0.12873874150809997,supported,supported,True,"All eligible actual-president paragraphs, including topic-free paragraphs, remain in president and scope denominators; topic-free paragraphs create no membership and no edge.",Count each distinct normalized Level 2 topic once per paragraph and each distinct derived Level 1 parent once per paragraph. Preserve one full paragraph-presence membership for every topic; do not divide a paragraph fractionally. Topic shares are non-additive and may sum above 100%.,3,"Descriptive AI-assigned topic presence in speaker-audited Miller Center paragraphs. It is not historical validation, model confidence, presidential intent, importance, influence, causality, policy success, or representation of the public or presidency as a whole."
actual-speaker-topic-edge-v1,actual-speaker-topic-network-v1,edge_65942ccf71746d9de898244aa4585ef7a97283b8a55051b95110f7b2596b9b04,president_topic,corpus,all-corpus,All eligible corpus,,lyndon-b-johnson,Lyndon B. Johnson,topic_ba4e1562b35cd37c83f78a1460d65e49337ac54a9561805b51da67a33fb4d23e,level1,Ceremonial & Commemorative Address,38,19,1877,71,597,32531,0.020245071923281833,0.06365159128978225,0.018351726045925425,supported,supported,True,"All eligible actual-president paragraphs, including topic-free paragraphs, remain in president and scope denominators; topic-free paragraphs create no membership and no edge.",Count each distinct normalized Level 2 topic once per paragraph and each distinct derived Level 1 parent once per paragraph. Preserve one full paragraph-presence membership for every topic; do not divide a paragraph fractionally. Topic shares are non-additive and may sum above 100%.,3,"Descriptive AI-assigned topic presence in speaker-audited Miller Center paragraphs. It is not historical validation, model confidence, presidential intent, importance, influence, causality, policy success, or representation of the public or presidency as a whole."
actual-speaker-topic-edge-v1,actual-speaker-topic-network-v1,edge_bdae46a14fc4daa51b7dafaa6e4763a3c674286ffb64a9423f35f44da39b527c,president_topic,corpus,all-corpus,All eligible corpus,,lyndon-b-johnson,Lyndon B. Johnson,topic_b06b6b33b3356fbb9bf02b5cf3a44db3f664b60ffabf997972a749619b7acfe4,level1,Personal Narrative & Reflection,87,35,1877,71,1119,32531,0.04635055940330314,0.0777479892761394,0.034397958870000925,supported,supported,True,"All eligible actual-president paragraphs, including topic-free paragraphs, remain in president and scope denominators; topic-free paragraphs create no membership and no edge.",Count each distinct normalized Level 2 topic once per paragraph and each distinct derived Level 1 parent once per paragraph. Preserve one full paragraph-presence membership for every topic; do not divide a paragraph fractionally. Topic shares are non-additive and may sum above 100%.,3,"Descriptive AI-assigned topic presence in speaker-audited Miller Center paragraphs. It is not historical validation, model confidence, presidential intent, importance, influence, causality, policy success, or representation of the public or presidency as a whole."
actual-speaker-topic-edge-v1,actual-speaker-topic-network-v1,edge_ff1080b84d4caeb3d9dd2976157950732a1333f831bb651bd7ebd324ac0f2e3f,president_topic,corpus,all-corpus,All eligible corpus,,lyndon-b-johnson,Lyndon B. Johnson,topic_808789d7a0e8edad0be5ec687efb103a704d7b1ebd37e9e78d628803197b9205,level1,Procedural & Administrative,92,26,1877,71,1320,32531,0.049014384656366546,0.0696969696969697,0.04057668070455873,supported,supported,True,"All eligible actual-president paragraphs, including topic-free paragraphs, remain in president and scope denominators; topic-free paragraphs create no membership and no edge.",Count each distinct normalized Level 2 topic once per paragraph and each distinct derived Level 1 parent once per paragraph. Preserve one full paragraph-presence membership for every topic; do not divide a paragraph fractionally. Topic shares are non-additive and may sum above 100%.,3,"Descriptive AI-assigned topic presence in speaker-audited Miller Center paragraphs. It is not historical validation, model confidence, presidential intent, importance, influence, causality, policy success, or representation of the public or presidency as a whole."
actual-speaker-topic-edge-v1,actual-speaker-topic-network-v1,edge_21cba79e07bc2a87fdeee9d5e40d6ba50962987b9df74ea1e13f1e9e3e7f1682,president_topic,corpus,all-corpus,All eligible corpus,,lyndon-b-johnson,Lyndon B. Johnson,topic_73fe8a26a7881c104f8ac0ee90b445177eabd28ec5e36d34a3bdcacd0505cba1,level1,Faith & National Values,162,48,1877,71,2953,32531,0.08630793819925413,0.05485946495089739,0.09077495312163782,supported,supported,True,"All eligible actual-president paragraphs, including topic-free paragraphs, remain in president and scope denominators; topic-free paragraphs create no membership and no edge.",Count each distinct normalized Level 2 topic once per paragraph and each distinct derived Level 1 parent once per paragraph. Preserve one full paragraph-presence membership for every topic; do not divide a paragraph fractionally. Topic shares are non-additive and may sum above 100%.,3,"Descriptive AI-assigned topic presence in speaker-audited Miller Center paragraphs. It is not historical validation, model confidence, presidential intent, importance, influence, causality, policy success, or representation of the public or presidency as a whole."
actual-speaker-topic-edge-v1,actual-speaker-topic-network-v1,edge_15938e1920c01caf43d51b7d921dc79d5769ca9b2decbfba48cfa56b3bd4acc3,president_topic,corpus,all-corpus,All eligible corpus,,lyndon-b-johnson,Lyndon B. Johnson,topic_601685849419f6dd5585ab27f3ab7a941ea2cbf86f3099bca73b67a038d9ce17,level1,Partisan & Media Combat,101,29,1877,71,1206,32531,0.053809270111880664,0.08374792703150911,0.03707233100734684,supported,supported,True,"All eligible actual-president paragraphs, including topic-free paragraphs, remain in president and scope denominators; topic-free paragraphs create no membership and no edge.",Count each distinct normalized Level 2 topic once per paragraph and each distinct derived Level 1 parent once per paragraph. Preserve one full paragraph-presence membership for every topic; do not divide a paragraph fractionally. Topic shares are non-additive and may sum above 100%.,3,"Descriptive AI-assigned topic presence in speaker-audited Miller Center paragraphs. It is not historical validation, model confidence, presidential intent, importance, influence, causality, policy success, or representation of the public or presidency as a whole."
actual-speaker-topic-edge-v1,actual-speaker-topic-network-v1,edge_664bd05a701d886fb41dfe5b7b7a74cb99297e790e2a4af63f3393b2e7331242,president_topic,corpus,all-corpus,All eligible corpus,,richard-m-nixon,Richard M. Nixon,topic_53f9c63ed6aedcab84709226f843c89a577ea30928250cda0021a52c0d9dd5d2,level1,Foreign Relations & Diplomacy,178,24,633,27,8414,32531,0.2812006319115324,0.02115521749465177,0.2586455995819372,supported,supported,True,"All eligible actual-president paragraphs, including topic-free paragraphs, remain in president and scope denominators; topic-free paragraphs create no membership and no edge.",Count each distinct normalized Level 2 topic once per paragraph and each distinct derived Level 1 parent once per paragraph. Preserve one full paragraph-presence membership for every topic; do not divide a paragraph fractionally. Topic shares are non-additive and may sum above 100%.,3,"Descriptive AI-assigned topic presence in speaker-audited Miller Center paragraphs. It is not historical validation, model confidence, presidential intent, importance, influence, causality, policy success, or representation of the public or presidency as a whole."
actual-speaker-topic-edge-v1,actual-speaker-topic-network-v1,edge_892224bcfae3d3400f46bc91f6ab4a3777fa6088fd75d73ca41dd242739a7f2e,president_topic,corpus,all-corpus,All eligible corpus,,richard-m-nixon,Richard M. Nixon,topic_07f03bf056ab3503c6f721cf2a606b728b9cbb858d7d919fca46cd6135a32a2b,level1,War & Military Affairs,174,22,633,27,5527,32531,0.27488151658767773,0.03148181653700018,0.16989948049552733,supported,supported,True,"All eligible actual-president paragraphs, including topic-free paragraphs, remain in president and scope denominators; topic-free paragraphs create no membership and no edge.",Count each distinct normalized Level 2 topic once per paragraph and each distinct derived Level 1 parent once per paragraph. Preserve one full paragraph-presence membership for every topic; do not divide a paragraph fractionally. Topic shares are non-additive and may sum above 100%.,3,"Descriptive AI-assigned topic presence in speaker-audited Miller Center paragraphs. It is not historical validation, model confidence, presidential intent, importance, influence, causality, policy success, or representation of the public or presidency as a whole."
actual-speaker-topic-edge-v1,actual-speaker-topic-network-v1,edge_8c6d89ab103f0a75de88822f9f1927c18e6c1787ab191749409ff68d9c3ef5af,president_topic,corpus,all-corpus,All eligible corpus,,richard-m-nixon,Richard M. Nixon,topic_c111a85539516b19ce3d0ebf88102afc3f5136f06811be7ef7952ae6cc9d714c,level1,Public Finance & Taxation,38,12,633,27,2743,32531,0.06003159557661927,0.013853445133065986,0.08431957210045803,supported,supported,True,"All eligible actual-president paragraphs, including topic-free paragraphs, remain in president and scope denominators; topic-free paragraphs create no membership and no edge.",Count each distinct normalized Level 2 topic once per paragraph and each distinct derived Level 1 parent once per paragraph. Preserve one full paragraph-presence membership for every topic; do not divide a paragraph fractionally. Topic shares are non-additive and may sum above 100%.,3,"Descriptive AI-assigned topic presence in speaker-audited Miller Center paragraphs. It is not historical validation, model confidence, presidential intent, importance, influence, causality, policy success, or representation of the public or presidency as a whole."
actual-speaker-topic-edge-v1,actual-speaker-topic-network-v1,edge_256755c8d06837c0f7173f525b8c7bb8153a93e80295e9a1e45675cbf87b0202,president_topic,corpus,all-corpus,All eligible corpus,,richard-m-nixon,Richard M. Nixon,topic_4e7a42711424fc04c1b91600a4625e488e9f3c4736eb917f66eed248a70edbc0,level1,"Economy, Labor & Social Welfare",80,18,633,27,3789,32531,0.1263823064770932,0.02111375032990235,0.11647351756785836,supported,supported,True,"All eligible actual-president paragraphs, including topic-free paragraphs, remain in president and scope denominators; topic-free paragraphs create no membership and no edge.",Count each distinct normalized Level 2 topic once per paragraph and each distinct derived Level 1 parent once per paragraph. Preserve one full paragraph-presence membership for every topic; do not divide a paragraph fractionally. Topic shares are non-additive and may sum above 100%.,3,"Descriptive AI-assigned topic presence in speaker-audited Miller Center paragraphs. It is not historical validation, model confidence, presidential intent, importance, influence, causality, policy success, or representation of the public or presidency as a whole."
actual-speaker-topic-edge-v1,actual-speaker-topic-network-v1,edge_22e8d19a713eb6f7744c43d04673b5300ccde28729ff9c2098f20008750ac065,president_topic,corpus,all-corpus,All eligible corpus,,richard-m-nixon,Richard M. Nixon,topic_ef78a18511fbadc390b6b2c81b7205f6fbf8a9bd8b0b3a6b135e894f47157e83,level1,"Agriculture, Land & Environment",24,9,633,27,1565,32531,0.037914691943127965,0.015335463258785943,0.048107958562601826,supported,supported,True,"All eligible actual-president paragraphs, including topic-free paragraphs, remain in president and scope denominators; topic-free paragraphs create no membership and no edge.",Count each distinct normalized Level 2 topic once per paragraph and each distinct derived Level 1 parent once per paragraph. Preserve one full paragraph-presence membership for every topic; do not divide a paragraph fractionally. Topic shares are non-additive and may sum above 100%.,3,"Descriptive AI-assigned topic presence in speaker-audited Miller Center paragraphs. It is not historical validation, model confidence, presidential intent, importance, influence, causality, policy success, or representation of the public or presidency as a whole."
actual-speaker-topic-edge-v1,actual-speaker-topic-network-v1,edge_c2e1ef93c85adf3c8e8ad7c5112a2b56c27e2a65a6bef0479f0e0f79caa7e627,president_topic,corpus,all-corpus,All eligible corpus,,richard-m-nixon,Richard M. Nixon,topic_c092ca5bdad12513ef74aa364f2bf7a6db5cb739f929d0f0ef4779e5c868cbcd,level1,Infrastructure & Internal Improvements,28,8,633,27,1897,32531,0.044233807266982623,0.014760147601476014,0.05831360855799084,supported,supported,True,"All eligible actual-president paragraphs, including topic-free paragraphs, remain in president and scope denominators; topic-free paragraphs create no membership and no edge.",Count each distinct normalized Level 2 topic once per paragraph and each distinct derived Level 1 parent once per paragraph. Preserve one full paragraph-presence membership for every topic; do not divide a paragraph fractionally. Topic shares are non-additive and may sum above 100%.,3,"Descriptive AI-assigned topic presence in speaker-audited Miller Center paragraphs. It is not historical validation, model confidence, presidential intent, importance, influence, causality, policy success, or representation of the public or presidency as a whole."
actual-speaker-topic-edge-v1,actual-speaker-topic-network-v1,edge_da33cd38c77af650600c18b2a67582bc690606239f4443ad884d323ead5ee0eb,president_topic,corpus,all-corpus,All eligible corpus,,richard-m-nixon,Richard M. Nixon,topic_3676810b2915e5e08405c3c9e3ed6b588696c94d35d477e10ed9cc62058597b4,level1,"Law, Crime & Justice",34,6,633,27,1315,32531,0.053712480252764615,0.02585551330798479,0.0404229811564354,supported,supported,True,"All eligible actual-president paragraphs, including topic-free paragraphs, remain in president and scope denominators; topic-free paragraphs create no membership and no edge.",Count each distinct normalized Level 2 topic once per paragraph and each distinct derived Level 1 parent once per paragraph. Preserve one full paragraph-presence membership for every topic; do not divide a paragraph fractionally. Topic shares are non-additive and may sum above 100%.,3,"Descriptive AI-assigned topic presence in speaker-audited Miller Center paragraphs. It is not historical validation, model confidence, presidential intent, importance, influence, causality, policy success, or representation of the public or presidency as a whole."
actual-speaker-topic-edge-v1,actual-speaker-topic-network-v1,edge_5a39d68c5156e8dfbdcd25b5f98e6cc1528d353cc915f68238e43296b858131f,president_topic,corpus,all-corpus,All eligible corpus,,richard-m-nixon,Richard M. Nixon,topic_b9fc73bb18ca058e7f189c867a51071c93e7fea7d67167933f18846a43f46e2c,level1,Constitutional Order & Governance,76,14,633,27,4188,32531,0.12006319115323855,0.018147086914995225,0.12873874150809997,supported,supported,True,"All eligible actual-president paragraphs, including topic-free paragraphs, remain in president and scope denominators; topic-free paragraphs create no membership and no edge.",Count each distinct normalized Level 2 topic once per paragraph and each distinct derived Level 1 parent once per paragraph. Preserve one full paragraph-presence membership for every topic; do not divide a paragraph fractionally. Topic shares are non-additive and may sum above 100%.,3,"Descriptive AI-assigned topic presence in speaker-audited Miller Center paragraphs. It is not historical validation, model confidence, presidential intent, importance, influence, causality, policy success, or representation of the public or presidency as a whole."
actual-speaker-topic-edge-v1,actual-speaker-topic-network-v1,edge_fbe8612014f6225e8e160e9bda2e0a4a1337be9435e7e9b32257e871a8e2c025,president_topic,corpus,all-corpus,All eligible corpus,,richard-m-nixon,Richard M. Nixon,topic_b06b6b33b3356fbb9bf02b5cf3a44db3f664b60ffabf997972a749619b7acfe4,level1,Personal Narrative & Reflection,54,18,633,27,1119,32531,0.08530805687203792,0.04825737265415549,0.034397958870000925,supported,supported,True,"All eligible actual-president paragraphs, including topic-free paragraphs, remain in president and scope denominators; topic-free paragraphs create no membership and no edge.",Count each distinct normalized Level 2 topic once per paragraph and each distinct derived Level 1 parent once per paragraph. Preserve one full paragraph-presence membership for every topic; do not divide a paragraph fractionally. Topic shares are non-additive and may sum above 100%.,3,"Descriptive AI-assigned topic presence in speaker-audited Miller Center paragraphs. It is not historical validation, model confidence, presidential intent, importance, influence, causality, policy success, or representation of the public or presidency as a whole."
actual-speaker-topic-edge-v1,actual-speaker-topic-network-v1,edge_1dd5d30229e61dca59d9519ba0645b9a32b2e337f46cb45ffa3ac3455391ebca,president_topic,corpus,all-corpus,All eligible corpus,,richard-m-nixon,Richard M. Nixon,topic_73fe8a26a7881c104f8ac0ee90b445177eabd28ec5e36d34a3bdcacd0505cba1,level1,Faith & National Values,84,20,633,27,2953,32531,0.13270142180094788,0.028445648493057907,0.09077495312163782,supported,supported,True,"All eligible actual-president paragraphs, including topic-free paragraphs, remain in president and scope denominators; topic-free paragraphs create no membership and no edge.",Count each distinct normalized Level 2 topic once per paragraph and each distinct derived Level 1 parent once per paragraph. Preserve one full paragraph-presence membership for every topic; do not divide a paragraph fractionally. Topic shares are non-additive and may sum above 100%.,3,"Descriptive AI-assigned topic presence in speaker-audited Miller Center paragraphs. It is not historical validation, model confidence, presidential intent, importance, influence, causality, policy success, or representation of the public or presidency as a whole."
actual-speaker-topic-edge-v1,actual-speaker-topic-network-v1,edge_8016e79dfb2d4fe0859a4b9098d160f84a7d70c448b65f6d014973798a8f2b76,president_topic,corpus,all-corpus,All eligible corpus,,richard-m-nixon,Richard M. Nixon,topic_601685849419f6dd5585ab27f3ab7a941ea2cbf86f3099bca73b67a038d9ce17,level1,Partisan & Media Combat,68,16,633,27,1206,32531,0.10742496050552923,0.05638474295190713,0.03707233100734684,supported,supported,True,"All eligible actual-president paragraphs, including topic-free paragraphs, remain in president and scope denominators; topic-free paragraphs create no membership and no edge.",Count each distinct normalized Level 2 topic once per paragraph and each distinct derived Level 1 parent once per paragraph. Preserve one full paragraph-presence membership for every topic; do not divide a paragraph fractionally. Topic shares are non-additive and may sum above 100%.,3,"Descriptive AI-assigned topic presence in speaker-audited Miller Center paragraphs. It is not historical validation, model confidence, presidential intent, importance, influence, causality, policy success, or representation of the public or presidency as a whole."
actual-speaker-topic-edge-v1,actual-speaker-topic-network-v1,edge_f5e2e62cc7896a99e5093eaba9d87f6a8b8487953604882094bd96a044369612,president_topic,corpus,all-corpus,All eligible corpus,,gerald-ford,Gerald Ford,topic_53f9c63ed6aedcab84709226f843c89a577ea30928250cda0021a52c0d9dd5d2,level1,Foreign Relations & Diplomacy,170,13,520,17,8414,32531,0.3269230769230769,0.020204421202757308,0.2586455995819372,supported,supported,True,"All eligible actual-president paragraphs, including topic-free paragraphs, remain in president and scope denominators; topic-free paragraphs create no membership and no edge.",Count each distinct normalized Level 2 topic once per paragraph and each distinct derived Level 1 parent once per paragraph. Preserve one full paragraph-presence membership for every topic; do not divide a paragraph fractionally. Topic shares are non-additive and may sum above 100%.,3,"Descriptive AI-assigned topic presence in speaker-audited Miller Center paragraphs. It is not historical validation, model confidence, presidential intent, importance, influence, causality, policy success, or representation of the public or presidency as a whole."
actual-speaker-topic-edge-v1,actual-speaker-topic-network-v1,edge_d0485b3ff37384b288f17adef155f84537242efb9228f80940a4c682f023081c,president_topic,corpus,all-corpus,All eligible corpus,,gerald-ford,Gerald Ford,topic_07f03bf056ab3503c6f721cf2a606b728b9cbb858d7d919fca46cd6135a32a2b,level1,War & Military Affairs,82,13,520,17,5527,32531,0.1576923076923077,0.01483625836801158,0.16989948049552733,supported,supported,True,"All eligible actual-president paragraphs, including topic-free paragraphs, remain in president and scope denominators; topic-free paragraphs create no membership and no edge.",Count each distinct normalized Level 2 topic once per paragraph and each distinct derived Level 1 parent once per paragraph. Preserve one full paragraph-presence membership for every topic; do not divide a paragraph fractionally. Topic shares are non-additive and may sum above 100%.,3,"Descriptive AI-assigned topic presence in speaker-audited Miller Center paragraphs. It is not historical validation, model confidence, presidential intent, importance, influence, causality, policy success, or representation of the public or presidency as a whole."
actual-speaker-topic-edge-v1,actual-speaker-topic-network-v1,edge_c99784c2d18ff15ba3ae38f3ca57f45bb712be0517e30c101018dea5635a6522,president_topic,corpus,all-corpus,All eligible corpus,,gerald-ford,Gerald Ford,topic_c111a85539516b19ce3d0ebf88102afc3f5136f06811be7ef7952ae6cc9d714c,level1,Public Finance & Taxation,75,9,520,17,2743,32531,0.14423076923076922,0.027342325920524973,0.08431957210045803,supported,supported,True,"All eligible actual-president paragraphs, including topic-free paragraphs, remain in president and scope denominators; topic-free paragraphs create no membership and no edge.",Count each distinct normalized Level 2 topic once per paragraph and each distinct derived Level 1 parent once per paragraph. Preserve one full paragraph-presence membership for every topic; do not divide a paragraph fractionally. Topic shares are non-additive and may sum above 100%.,3,"Descriptive AI-assigned topic presence in speaker-audited Miller Center paragraphs. It is not historical validation, model confidence, presidential intent, importance, influence, causality, policy success, or representation of the public or presidency as a whole."
actual-speaker-topic-edge-v1,actual-speaker-topic-network-v1,edge_c1de93c635dbab785fdff36627460af84a377f5184f3e9d4001cc683231f54db,president_topic,corpus,all-corpus,All eligible corpus,,gerald-ford,Gerald Ford,topic_4e7a42711424fc04c1b91600a4625e488e9f3c4736eb917f66eed248a70edbc0,level1,"Economy, Labor & Social Welfare",72,10,520,17,3789,32531,0.13846153846153847,0.019002375296912115,0.11647351756785836,supported,supported,True,"All eligible actual-president paragraphs, including topic-free paragraphs, remain in president and scope denominators; topic-free paragraphs create no membership and no edge.",Count each distinct normalized Level 2 topic once per paragraph and each distinct derived Level 1 parent once per paragraph. Preserve one full paragraph-presence membership for every topic; do not divide a paragraph fractionally. Topic shares are non-additive and may sum above 100%.,3,"Descriptive AI-assigned topic presence in speaker-audited Miller Center paragraphs. It is not historical validation, model confidence, presidential intent, importance, influence, causality, policy success, or representation of the public or presidency as a whole."
actual-speaker-topic-edge-v1,actual-speaker-topic-network-v1,edge_d4bfdcbb919ceb53e249f27a3f23881aaa7c0223ece55c2b33c45fb32b00c0c6,president_topic,corpus,all-corpus,All eligible corpus,,gerald-ford,Gerald Ford,topic_ef78a18511fbadc390b6b2c81b7205f6fbf8a9bd8b0b3a6b135e894f47157e83,level1,"Agriculture, Land & Environment",33,11,520,17,1565,32531,0.06346153846153846,0.021086261980830672,0.048107958562601826,supported,supported,True,"All eligible actual-president paragraphs, including topic-free paragraphs, remain in president and scope denominators; topic-free paragraphs create no membership and no edge.",Count each distinct normalized Level 2 topic once per paragraph and each distinct derived Level 1 parent once per paragraph. Preserve one full paragraph-presence membership for every topic; do not divide a paragraph fractionally. Topic shares are non-additive and may sum above 100%.,3,"Descriptive AI-assigned topic presence in speaker-audited Miller Center paragraphs. It is not historical validation, model confidence, presidential intent, importance, influence, causality, policy success, or representation of the public or presidency as a whole."
actual-speaker-topic-edge-v1,actual-speaker-topic-network-v1,edge_a13298c262292275eed53d16f852c4589574f752c0e30f4c2e98afb071fb5416,president_topic,corpus,all-corpus,All eligible corpus,,gerald-ford,Gerald Ford,topic_c092ca5bdad12513ef74aa364f2bf7a6db5cb739f929d0f0ef4779e5c868cbcd,level1,Infrastructure & Internal Improvements,60,10,520,17,1897,32531,0.11538461538461539,0.0316288877174486,0.05831360855799084,supported,supported,True,"All eligible actual-president paragraphs, including topic-free paragraphs, remain in president and scope denominators; topic-free paragraphs create no membership and no edge.",Count each distinct normalized Level 2 topic once per paragraph and each distinct derived Level 1 parent once per paragraph. Preserve one full paragraph-presence membership for every topic; do not divide a paragraph fractionally. Topic shares are non-additive and may sum above 100%.,3,"Descriptive AI-assigned topic presence in speaker-audited Miller Center paragraphs. It is not historical validation, model confidence, presidential intent, importance, influence, causality, policy success, or representation of the public or presidency as a whole."
actual-speaker-topic-edge-v1,actual-speaker-topic-network-v1,edge_eaee3c0c960c024b51410245429ce42e8b0ead26327174b39aa813a33f8222a4,president_topic,corpus,all-corpus,All eligible corpus,,gerald-ford,Gerald Ford,topic_3676810b2915e5e08405c3c9e3ed6b588696c94d35d477e10ed9cc62058597b4,level1,"Law, Crime & Justice",25,7,520,17,1315,32531,0.04807692307692308,0.019011406844106463,0.0404229811564354,supported,supported,True,"All eligible actual-president paragraphs, including topic-free paragraphs, remain in president and scope denominators; topic-free paragraphs create no membership and no edge.",Count each distinct normalized Level 2 topic once per paragraph and each distinct derived Level 1 parent once per paragraph. Preserve one full paragraph-presence membership for every topic; do not divide a paragraph fractionally. Topic shares are non-additive and may sum above 100%.,3,"Descriptive AI-assigned topic presence in speaker-audited Miller Center paragraphs. It is not historical validation, model confidence, presidential intent, importance, influence, causality, policy success, or representation of the public or presidency as a whole."
actual-speaker-topic-edge-v1,actual-speaker-topic-network-v1,edge_0c927a264a824baf8e0c1c7c632f46986e5dae4d7ee3ab3e4cbbf808508670d2,president_topic,corpus,all-corpus,All eligible corpus,,gerald-ford,Gerald Ford,topic_b9fc73bb18ca058e7f189c867a51071c93e7fea7d67167933f18846a43f46e2c,level1,Constitutional Order & Governance,56,14,520,17,4188,32531,0.1076923076923077,0.013371537726838587,0.12873874150809997,supported,supported,True,"All eligible actual-president paragraphs, including topic-free paragraphs, remain in president and scope denominators; topic-free paragraphs create no membership and no edge.",Count each distinct normalized Level 2 topic once per paragraph and each distinct derived Level 1 parent once per paragraph. Preserve one full paragraph-presence membership for every topic; do not divide a paragraph fractionally. Topic shares are non-additive and may sum above 100%.,3,"Descriptive AI-assigned topic presence in speaker-audited Miller Center paragraphs. It is not historical validation, model confidence, presidential intent, importance, influence, causality, policy success, or representation of the public or presidency as a whole."
actual-speaker-topic-edge-v1,actual-speaker-topic-network-v1,edge_5cad5f441048863ead31285345406686ca920d504c7c7a4d0a7c8a346bb3a21a,president_topic,corpus,all-corpus,All eligible corpus,,gerald-ford,Gerald Ford,topic_b06b6b33b3356fbb9bf02b5cf3a44db3f664b60ffabf997972a749619b7acfe4,level1,Personal Narrative & Reflection,32,11,520,17,1119,32531,0.06153846153846154,0.028596961572832886,0.034397958870000925,supported,supported,True,"All eligible actual-president paragraphs, including topic-free paragraphs, remain in president and scope denominators; topic-free paragraphs create no membership and no edge.",Count each distinct normalized Level 2 topic once per paragraph and each distinct derived Level 1 parent once per paragraph. Preserve one full paragraph-presence membership for every topic; do not divide a paragraph fractionally. Topic shares are non-additive and may sum above 100%.,3,"Descriptive AI-assigned topic presence in speaker-audited Miller Center paragraphs. It is not historical validation, model confidence, presidential intent, importance, influence, causality, policy success, or representation of the public or presidency as a whole."
actual-speaker-topic-edge-v1,actual-speaker-topic-network-v1,edge_4d2ad33e4f42531586f1fcd9026b917336e9dcd0cb14078678f393149640d950,president_topic,corpus,all-corpus,All eligible corpus,,gerald-ford,Gerald Ford,topic_73fe8a26a7881c104f8ac0ee90b445177eabd28ec5e36d34a3bdcacd0505cba1,level1,Faith & National Values,69,16,520,17,2953,32531,0.1326923076923077,0.02336606840501185,0.09077495312163782,supported,supported,True,"All eligible actual-president paragraphs, including topic-free paragraphs, remain in president and scope denominators; topic-free paragraphs create no membership and no edge.",Count each distinct normalized Level 2 topic once per paragraph and each distinct derived Level 1 parent once per paragraph. Preserve one full paragraph-presence membership for every topic; do not divide a paragraph fractionally. Topic shares are non-additive and may sum above 100%.,3,"Descriptive AI-assigned topic presence in speaker-audited Miller Center paragraphs. It is not historical validation, model confidence, presidential intent, importance, influence, causality, policy success, or representation of the public or presidency as a whole."
actual-speaker-topic-edge-v1,actual-speaker-topic-network-v1,edge_627588d26128641d557dbf87a44d6b7be156d9f67c269bdc672226593f9b1904,president_topic,corpus,all-corpus,All eligible corpus,,gerald-ford,Gerald Ford,topic_601685849419f6dd5585ab27f3ab7a941ea2cbf86f3099bca73b67a038d9ce17,level1,Partisan & Media Combat,27,6,520,17,1206,32531,0.051923076923076926,0.022388059701492536,0.03707233100734684,supported,supported,True,"All eligible actual-president paragraphs, including topic-free paragraphs, remain in president and scope denominators; topic-free paragraphs create no membership and no edge.",Count each distinct normalized Level 2 topic once per paragraph and each distinct derived Level 1 parent once per paragraph. Preserve one full paragraph-presence membership for every topic; do not divide a paragraph fractionally. Topic shares are non-additive and may sum above 100%.,3,"Descriptive AI-assigned topic presence in speaker-audited Miller Center paragraphs. It is not historical validation, model confidence, presidential intent, importance, influence, causality, policy success, or representation of the public or presidency as a whole."
actual-speaker-topic-edge-v1,actual-speaker-topic-network-v1,edge_9acc1ce89ad6d05099d50cb9daf6dd7fa6230b63389495e6a6775ac65571de06,president_topic,corpus,all-corpus,All eligible corpus,,jimmy-carter,Jimmy Carter,topic_53f9c63ed6aedcab84709226f843c89a577ea30928250cda0021a52c0d9dd5d2,level1,Foreign Relations & Diplomacy,212,18,646,22,8414,32531,0.3281733746130031,0.025196101735203234,0.2586455995819372,supported,supported,True,"All eligible actual-president paragraphs, including topic-free paragraphs, remain in president and scope denominators; topic-free paragraphs create no membership and no edge.",Count each distinct normalized Level 2 topic once per paragraph and each distinct derived Level 1 parent once per paragraph. Preserve one full paragraph-presence membership for every topic; do not divide a paragraph fractionally. Topic shares are non-additive and may sum above 100%.,3,"Descriptive AI-assigned topic presence in speaker-audited Miller Center paragraphs. It is not historical validation, model confidence, presidential intent, importance, influence, causality, policy success, or representation of the public or presidency as a whole."
actual-speaker-topic-edge-v1,actual-speaker-topic-network-v1,edge_caa827edd461a7b0a2dfc426e479f3644c9a7feb3e7063acd3e651e50ce0f3d6,president_topic,corpus,all-corpus,All eligible corpus,,jimmy-carter,Jimmy Carter,topic_07f03bf056ab3503c6f721cf2a606b728b9cbb858d7d919fca46cd6135a32a2b,level1,War & Military Affairs,68,17,646,22,5527,32531,0.10526315789473684,0.012303238646643748,0.16989948049552733,supported,supported,True,"All eligible actual-president paragraphs, including topic-free paragraphs, remain in president and scope denominators; topic-free paragraphs create no membership and no edge.",Count each distinct normalized Level 2 topic once per paragraph and each distinct derived Level 1 parent once per paragraph. Preserve one full paragraph-presence membership for every topic; do not divide a paragraph fractionally. Topic shares are non-additive and may sum above 100%.,3,"Descriptive AI-assigned topic presence in speaker-audited Miller Center paragraphs. It is not historical validation, model confidence, presidential intent, importance, influence, causality, policy success, or representation of the public or presidency as a whole."
actual-speaker-topic-edge-v1,actual-speaker-topic-network-v1,edge_1441e0e338a1b2b1aee2126f213f002484ae8ec89ad0ad15ed3cc881c7f715ef,president_topic,corpus,all-corpus,All eligible corpus,,jimmy-carter,Jimmy Carter,topic_c111a85539516b19ce3d0ebf88102afc3f5136f06811be7ef7952ae6cc9d714c,level1,Public Finance & Taxation,83,11,646,22,2743,32531,0.12848297213622292,0.03025884068538097,0.08431957210045803,supported,supported,True,"All eligible actual-president paragraphs, including topic-free paragraphs, remain in president and scope denominators; topic-free paragraphs create no membership and no edge.",Count each distinct normalized Level 2 topic once per paragraph and each distinct derived Level 1 parent once per paragraph. Preserve one full paragraph-presence membership for every topic; do not divide a paragraph fractionally. Topic shares are non-additive and may sum above 100%.,3,"Descriptive AI-assigned topic presence in speaker-audited Miller Center paragraphs. It is not historical validation, model confidence, presidential intent, importance, influence, causality, policy success, or representation of the public or presidency as a whole."
actual-speaker-topic-edge-v1,actual-speaker-topic-network-v1,edge_5537d533f05e9fa7bd75b56861901f243c1c341e5efdbad48f6aa6fb40648cd7,president_topic,corpus,all-corpus,All eligible corpus,,jimmy-carter,Jimmy Carter,topic_4e7a42711424fc04c1b91600a4625e488e9f3c4736eb917f66eed248a70edbc0,level1,"Economy, Labor & Social Welfare",111,17,646,22,3789,32531,0.17182662538699692,0.02929532858273951,0.11647351756785836,supported,supported,True,"All eligible actual-president paragraphs, including topic-free paragraphs, remain in president and scope denominators; topic-free paragraphs create no membership and no edge.",Count each distinct normalized Level 2 topic once per paragraph and each distinct derived Level 1 parent once per paragraph. Preserve one full paragraph-presence membership for every topic; do not divide a paragraph fractionally. Topic shares are non-additive and may sum above 100%.,3,"Descriptive AI-assigned topic presence in speaker-audited Miller Center paragraphs. It is not historical validation, model confidence, presidential intent, importance, influence, causality, policy success, or representation of the public or presidency as a whole."
actual-speaker-topic-edge-v1,actual-speaker-topic-network-v1,edge_92706d19763ce89c4e1c329e203a36018efa89af808c6086f492c0847b507fcc,president_topic,corpus,all-corpus,All eligible corpus,,jimmy-carter,Jimmy Carter,topic_ef78a18511fbadc390b6b2c81b7205f6fbf8a9bd8b0b3a6b135e894f47157e83,level1,"Agriculture, Land & Environment",22,12,646,22,1565,32531,0.034055727554179564,0.014057507987220448,0.048107958562601826,supported,supported,True,"All eligible actual-president paragraphs, including topic-free paragraphs, remain in president and scope denominators; topic-free paragraphs create no membership and no edge.",Count each distinct normalized Level 2 topic once per paragraph and each distinct derived Level 1 parent once per paragraph. Preserve one full paragraph-presence membership for every topic; do not divide a paragraph fractionally. Topic shares are non-additive and may sum above 100%.,3,"Descriptive AI-assigned topic presence in speaker-audited Miller Center paragraphs. It is not historical validation, model confidence, presidential intent, importance, influence, causality, policy success, or representation of the public or presidency as a whole."
actual-speaker-topic-edge-v1,actual-speaker-topic-network-v1,edge_c918a45048caeab61ac920705dea0854f492523eeca90e16d9c5da4a907c4080,president_topic,corpus,all-corpus,All eligible corpus,,jimmy-carter,Jimmy Carter,topic_c092ca5bdad12513ef74aa364f2bf7a6db5cb739f929d0f0ef4779e5c868cbcd,level1,Infrastructure & Internal Improvements,101,15,646,22,1897,32531,0.1563467492260062,0.05324196099103848,0.05831360855799084,supported,supported,True,"All eligible actual-president paragraphs, including topic-free paragraphs, remain in president and scope denominators; topic-free paragraphs create no membership and no edge.",Count each distinct normalized Level 2 topic once per paragraph and each distinct derived Level 1 parent once per paragraph. Preserve one full paragraph-presence membership for every topic; do not divide a paragraph fractionally. Topic shares are non-additive and may sum above 100%.,3,"Descriptive AI-assigned topic presence in speaker-audited Miller Center paragraphs. It is not historical validation, model confidence, presidential intent, importance, influence, causality, policy success, or representation of the public or presidency as a whole."
actual-speaker-topic-edge-v1,actual-speaker-topic-network-v1,edge_b62405fa04be46322aaf40c7355fe06a27bd0a6297dc89c740301bb13d2c8270,president_topic,corpus,all-corpus,All eligible corpus,,jimmy-carter,Jimmy Carter,topic_69c2f2e5246434489ce5d23ab22aff61e0e45f95df48cd62755c0cc84ca18853,level1,Civil Rights & Immigration,39,12,646,22,2617,32531,0.06037151702786378,0.014902560183416125,0.08044634348775015,supported,supported,True,"All eligible actual-president paragraphs, including topic-free paragraphs, remain in president and scope denominators; topic-free paragraphs create no membership and no edge.",Count each distinct normalized Level 2 topic once per paragraph and each distinct derived Level 1 parent once per paragraph. Preserve one full paragraph-presence membership for every topic; do not divide a paragraph fractionally. Topic shares are non-additive and may sum above 100%.,3,"Descriptive AI-assigned topic presence in speaker-audited Miller Center paragraphs. It is not historical validation, model confidence, presidential intent, importance, influence, causality, policy success, or representation of the public or presidency as a whole."
actual-speaker-topic-edge-v1,actual-speaker-topic-network-v1,edge_cdb92071f7c328d05d5843a09f362b3d49ae9a4a469cd5399128aa80aab287be,president_topic,corpus,all-corpus,All eligible corpus,,jimmy-carter,Jimmy Carter,topic_b9fc73bb18ca058e7f189c867a51071c93e7fea7d67167933f18846a43f46e2c,level1,Constitutional Order & Governance,39,14,646,22,4188,32531,0.06037151702786378,0.009312320916905445,0.12873874150809997,supported,supported,True,"All eligible actual-president paragraphs, including topic-free paragraphs, remain in president and scope denominators; topic-free paragraphs create no membership and no edge.",Count each distinct normalized Level 2 topic once per paragraph and each distinct derived Level 1 parent once per paragraph. Preserve one full paragraph-presence membership for every topic; do not divide a paragraph fractionally. Topic shares are non-additive and may sum above 100%.,3,"Descriptive AI-assigned topic presence in speaker-audited Miller Center paragraphs. It is not historical validation, model confidence, presidential intent, importance, influence, causality, policy success, or representation of the public or presidency as a whole."
actual-speaker-topic-edge-v1,actual-speaker-topic-network-v1,edge_bfe3d4e44e9d750a12bea9d20b3cefe25f76cb585e58c6176ba2fde2c6299e78,president_topic,corpus,all-corpus,All eligible corpus,,jimmy-carter,Jimmy Carter,topic_b06b6b33b3356fbb9bf02b5cf3a44db3f664b60ffabf997972a749619b7acfe4,level1,Personal Narrative & Reflection,36,11,646,22,1119,32531,0.05572755417956656,0.032171581769437,0.034397958870000925,supported,supported,True,"All eligible actual-president paragraphs, including topic-free paragraphs, remain in president and scope denominators; topic-free paragraphs create no membership and no edge.",Count each distinct normalized Level 2 topic once per paragraph and each distinct derived Level 1 parent once per paragraph. Preserve one full paragraph-presence membership for every topic; do not divide a paragraph fractionally. Topic shares are non-additive and may sum above 100%.,3,"Descriptive AI-assigned topic presence in speaker-audited Miller Center paragraphs. It is not historical validation, model confidence, presidential intent, importance, influence, causality, policy success, or representation of the public or presidency as a whole."
actual-speaker-topic-edge-v1,actual-speaker-topic-network-v1,edge_6514dd409b9f79ecb104f8d6caaa58ff9eb65f4a3bdb8a0d7034c0f6871d9459,president_topic,corpus,all-corpus,All eligible corpus,,jimmy-carter,Jimmy Carter,topic_808789d7a0e8edad0be5ec687efb103a704d7b1ebd37e9e78d628803197b9205,level1,Procedural & Administrative,23,7,646,22,1320,32531,0.03560371517027864,0.017424242424242425,0.04057668070455873,supported,supported,True,"All eligible actual-president paragraphs, including topic-free paragraphs, remain in president and scope denominators; topic-free paragraphs create no membership and no edge.",Count each distinct normalized Level 2 topic once per paragraph and each distinct derived Level 1 parent once per paragraph. Preserve one full paragraph-presence membership for every topic; do not divide a paragraph fractionally. Topic shares are non-additive and may sum above 100%.,3,"Descriptive AI-assigned topic presence in speaker-audited Miller Center paragraphs. It is not historical validation, model confidence, presidential intent, importance, influence, causality, policy success, or representation of the public or presidency as a whole."
actual-speaker-topic-edge-v1,actual-speaker-topic-network-v1,edge_239cdb143fa74a69a5a1b61494198a0ba9849c0c43d222ee04efe4f29fb422ce,president_topic,corpus,all-corpus,All eligible corpus,,jimmy-carter,Jimmy Carter,topic_73fe8a26a7881c104f8ac0ee90b445177eabd28ec5e36d34a3bdcacd0505cba1,level1,Faith & National Values,76,19,646,22,2953,32531,0.11764705882352941,0.025736539112766677,0.09077495312163782,supported,supported,True,"All eligible actual-president paragraphs, including topic-free paragraphs, remain in president and scope denominators; topic-free paragraphs create no membership and no edge.",Count each distinct normalized Level 2 topic once per paragraph and each distinct derived Level 1 parent once per paragraph. Preserve one full paragraph-presence membership for every topic; do not divide a paragraph fractionally. Topic shares are non-additive and may sum above 100%.,3,"Descriptive AI-assigned topic presence in speaker-audited Miller Center paragraphs. It is not historical validation, model confidence, presidential intent, importance, influence, causality, policy success, or representation of the public or presidency as a whole."
actual-speaker-topic-edge-v1,actual-speaker-topic-network-v1,edge_1315b52f72512090c55f74e4d481186bfa741a106e15f301cf0846a5d11da0e5,president_topic,corpus,all-corpus,All eligible corpus,,jimmy-carter,Jimmy Carter,topic_601685849419f6dd5585ab27f3ab7a941ea2cbf86f3099bca73b67a038d9ce17,level1,Partisan & Media Combat,46,9,646,22,1206,32531,0.07120743034055728,0.03814262023217247,0.03707233100734684,supported,supported,True,"All eligible actual-president paragraphs, including topic-free paragraphs, remain in president and scope denominators; topic-free paragraphs create no membership and no edge.",Count each distinct normalized Level 2 topic once per paragraph and each distinct derived Level 1 parent once per paragraph. Preserve one full paragraph-presence membership for every topic; do not divide a paragraph fractionally. Topic shares are non-additive and may sum above 100%.,3,"Descriptive AI-assigned topic presence in speaker-audited Miller Center paragraphs. It is not historical validation, model confidence, presidential intent, importance, influence, causality, policy success, or representation of the public or presidency as a whole."
actual-speaker-topic-edge-v1,actual-speaker-topic-network-v1,edge_f1e309251e58dd1c4a8faf90457395b52a3c88a01fab9b4c50339a0dcf564498,president_topic,corpus,all-corpus,All eligible corpus,,ronald-reagan,Ronald Reagan,topic_53f9c63ed6aedcab84709226f843c89a577ea30928250cda0021a52c0d9dd5d2,level1,Foreign Relations & Diplomacy,678,48,1725,61,8414,32531,0.39304347826086955,0.08057998573805562,0.2586455995819372,supported,supported,True,"All eligible actual-president paragraphs, including topic-free paragraphs, remain in president and scope denominators; topic-free paragraphs create no membership and no edge.",Count each distinct normalized Level 2 topic once per paragraph and each distinct derived Level 1 parent once per paragraph. Preserve one full paragraph-presence membership for every topic; do not divide a paragraph fractionally. Topic shares are non-additive and may sum above 100%.,3,"Descriptive AI-assigned topic presence in speaker-audited Miller Center paragraphs. It is not historical validation, model confidence, presidential intent, importance, influence, causality, policy success, or representation of the public or presidency as a whole."
actual-speaker-topic-edge-v1,actual-speaker-topic-network-v1,edge_cbcbefd8706669e4c63ffaa1565bd21c5b6471af44ee96cafe53bf4a79ccd1fe,president_topic,corpus,all-corpus,All eligible corpus,,ronald-reagan,Ronald Reagan,topic_07f03bf056ab3503c6f721cf2a606b728b9cbb858d7d919fca46cd6135a32a2b,level1,War & Military Affairs,241,49,1725,61,5527,32531,0.13971014492753622,0.04360412520354623,0.16989948049552733,supported,supported,True,"All eligible actual-president paragraphs, including topic-free paragraphs, remain in president and scope denominators; topic-free paragraphs create no membership and no edge.",Count each distinct normalized Level 2 topic once per paragraph and each distinct derived Level 1 parent once per paragraph. Preserve one full paragraph-presence membership for every topic; do not divide a paragraph fractionally. Topic shares are non-additive and may sum above 100%.,3,"Descriptive AI-assigned topic presence in speaker-audited Miller Center paragraphs. It is not historical validation, model confidence, presidential intent, importance, influence, causality, policy success, or representation of the public or presidency as a whole."
actual-speaker-topic-edge-v1,actual-speaker-topic-network-v1,edge_4eb6017812d060b6be1611b4cb001e70519d23df8337b9fb48609077c99a26ec,president_topic,corpus,all-corpus,All eligible corpus,,ronald-reagan,Ronald Reagan,topic_3e8647a4799e061a665118eb000c5f9ad645c931743a74bfe085cbb18238ed6e,level1,"Trade, Commerce & Tariffs",26,15,1725,61,2184,32531,0.015072463768115942,0.011904761904761904,0.0671359626202699,supported,supported,True,"All eligible actual-president paragraphs, including topic-free paragraphs, remain in president and scope denominators; topic-free paragraphs create no membership and no edge.",Count each distinct normalized Level 2 topic once per paragraph and each distinct derived Level 1 parent once per paragraph. Preserve one full paragraph-presence membership for every topic; do not divide a paragraph fractionally. Topic shares are non-additive and may sum above 100%.,3,"Descriptive AI-assigned topic presence in speaker-audited Miller Center paragraphs. It is not historical validation, model confidence, presidential intent, importance, influence, causality, policy success, or representation of the public or presidency as a whole."
actual-speaker-topic-edge-v1,actual-speaker-topic-network-v1,edge_599548dee7e827161ee5a5c5bfae055a0772338220ab07e4f93030aea2044ec1,president_topic,corpus,all-corpus,All eligible corpus,,ronald-reagan,Ronald Reagan,topic_c111a85539516b19ce3d0ebf88102afc3f5136f06811be7ef7952ae6cc9d714c,level1,Public Finance & Taxation,287,31,1725,61,2743,32531,0.1663768115942029,0.10462996718920889,0.08431957210045803,supported,supported,True,"All eligible actual-president paragraphs, including topic-free paragraphs, remain in president and scope denominators; topic-free paragraphs create no membership and no edge.",Count each distinct normalized Level 2 topic once per paragraph and each distinct derived Level 1 parent once per paragraph. Preserve one full paragraph-presence membership for every topic; do not divide a paragraph fractionally. Topic shares are non-additive and may sum above 100%.,3,"Descriptive AI-assigned topic presence in speaker-audited Miller Center paragraphs. It is not historical validation, model confidence, presidential intent, importance, influence, causality, policy success, or representation of the public or presidency as a whole."
actual-speaker-topic-edge-v1,actual-speaker-topic-network-v1,edge_25879dd818c7d49cea45c01a27cf63a7e977f275b53dc02867bf6571226d6d7b,president_topic,corpus,all-corpus,All eligible corpus,,ronald-reagan,Ronald Reagan,topic_4e7a42711424fc04c1b91600a4625e488e9f3c4736eb917f66eed248a70edbc0,level1,"Economy, Labor & Social Welfare",240,34,1725,61,3789,32531,0.1391304347826087,0.06334125098970704,0.11647351756785836,supported,supported,True,"All eligible actual-president paragraphs, including topic-free paragraphs, remain in president and scope denominators; topic-free paragraphs create no membership and no edge.",Count each distinct normalized Level 2 topic once per paragraph and each distinct derived Level 1 parent once per paragraph. Preserve one full paragraph-presence membership for every topic; do not divide a paragraph fractionally. Topic shares are non-additive and may sum above 100%.,3,"Descriptive AI-assigned topic presence in speaker-audited Miller Center paragraphs. It is not historical validation, model confidence, presidential intent, importance, influence, causality, policy success, or representation of the public or presidency as a whole."
actual-speaker-topic-edge-v1,actual-speaker-topic-network-v1,edge_5b4a2f53268b4e94a20cf9ecc51ac372829ccaf477c3553fbfc5b5fb6ac17079,president_topic,corpus,all-corpus,All eligible corpus,,ronald-reagan,Ronald Reagan,topic_ef78a18511fbadc390b6b2c81b7205f6fbf8a9bd8b0b3a6b135e894f47157e83,level1,"Agriculture, Land & Environment",33,19,1725,61,1565,32531,0.019130434782608695,0.021086261980830672,0.048107958562601826,supported,supported,True,"All eligible actual-president paragraphs, including topic-free paragraphs, remain in president and scope denominators; topic-free paragraphs create no membership and no edge.",Count each distinct normalized Level 2 topic once per paragraph and each distinct derived Level 1 parent once per paragraph. Preserve one full paragraph-presence membership for every topic; do not divide a paragraph fractionally. Topic shares are non-additive and may sum above 100%.,3,"Descriptive AI-assigned topic presence in speaker-audited Miller Center paragraphs. It is not historical validation, model confidence, presidential intent, importance, influence, causality, policy success, or representation of the public or presidency as a whole."
actual-speaker-topic-edge-v1,actual-speaker-topic-network-v1,edge_ed6c3bcd3d9d80416cf58e28349bfa8af51bc3cef2606d395b00dd3e1ba83d23,president_topic,corpus,all-corpus,All eligible corpus,,ronald-reagan,Ronald Reagan,topic_c092ca5bdad12513ef74aa364f2bf7a6db5cb739f929d0f0ef4779e5c868cbcd,level1,Infrastructure & Internal Improvements,38,15,1725,61,1897,32531,0.022028985507246378,0.020031628887717447,0.05831360855799084,supported,supported,True,"All eligible actual-president paragraphs, including topic-free paragraphs, remain in president and scope denominators; topic-free paragraphs create no membership and no edge.",Count each distinct normalized Level 2 topic once per paragraph and each distinct derived Level 1 parent once per paragraph. Preserve one full paragraph-presence membership for every topic; do not divide a paragraph fractionally. Topic shares are non-additive and may sum above 100%.,3,"Descriptive AI-assigned topic presence in speaker-audited Miller Center paragraphs. It is not historical validation, model confidence, presidential intent, importance, influence, causality, policy success, or representation of the public or presidency as a whole."
actual-speaker-topic-edge-v1,actual-speaker-topic-network-v1,edge_7c6666df67d09bbaca4a2b149be65e6dc0229897807797358a5168452f0fe1ed,president_topic,corpus,all-corpus,All eligible corpus,,ronald-reagan,Ronald Reagan,topic_69c2f2e5246434489ce5d23ab22aff61e0e45f95df48cd62755c0cc84ca18853,level1,Civil Rights & Immigration,66,22,1725,61,2617,32531,0.03826086956521739,0.025219717233473445,0.08044634348775015,supported,supported,True,"All eligible actual-president paragraphs, including topic-free paragraphs, remain in president and scope denominators; topic-free paragraphs create no membership and no edge.",Count each distinct normalized Level 2 topic once per paragraph and each distinct derived Level 1 parent once per paragraph. Preserve one full paragraph-presence membership for every topic; do not divide a paragraph fractionally. Topic shares are non-additive and may sum above 100%.,3,"Descriptive AI-assigned topic presence in speaker-audited Miller Center paragraphs. It is not historical validation, model confidence, presidential intent, importance, influence, causality, policy success, or representation of the public or presidency as a whole."
actual-speaker-topic-edge-v1,actual-speaker-topic-network-v1,edge_04ce6767738039d48b14e0fa4bc18020f2122f97ba15f4dd707e828802b555a6,president_topic,corpus,all-corpus,All eligible corpus,,ronald-reagan,Ronald Reagan,topic_3676810b2915e5e08405c3c9e3ed6b588696c94d35d477e10ed9cc62058597b4,level1,"Law, Crime & Justice",42,18,1725,61,1315,32531,0.02434782608695652,0.03193916349809886,0.0404229811564354,supported,supported,True,"All eligible actual-president paragraphs, including topic-free paragraphs, remain in president and scope denominators; topic-free paragraphs create no membership and no edge.",Count each distinct normalized Level 2 topic once per paragraph and each distinct derived Level 1 parent once per paragraph. Preserve one full paragraph-presence membership for every topic; do not divide a paragraph fractionally. Topic shares are non-additive and may sum above 100%.,3,"Descriptive AI-assigned topic presence in speaker-audited Miller Center paragraphs. It is not historical validation, model confidence, presidential intent, importance, influence, causality, policy success, or representation of the public or presidency as a whole."
actual-speaker-topic-edge-v1,actual-speaker-topic-network-v1,edge_a9d28752dedb0faf9a34ea34be77c28c7dace2b94f28a8380c54bb7503c17af4,president_topic,corpus,all-corpus,All eligible corpus,,ronald-reagan,Ronald Reagan,topic_b9fc73bb18ca058e7f189c867a51071c93e7fea7d67167933f18846a43f46e2c,level1,Constitutional Order & Governance,93,27,1725,61,4188,32531,0.05391304347826087,0.022206303724928367,0.12873874150809997,supported,supported,True,"All eligible actual-president paragraphs, including topic-free paragraphs, remain in president and scope denominators; topic-free paragraphs create no membership and no edge.",Count each distinct normalized Level 2 topic once per paragraph and each distinct derived Level 1 parent once per paragraph. Preserve one full paragraph-presence membership for every topic; do not divide a paragraph fractionally. Topic shares are non-additive and may sum above 100%.,3,"Descriptive AI-assigned topic presence in speaker-audited Miller Center paragraphs. It is not historical validation, model confidence, presidential intent, importance, influence, causality, policy success, or representation of the public or presidency as a whole."
actual-speaker-topic-edge-v1,actual-speaker-topic-network-v1,edge_6666501b0283a7726ad1c7b84390f5f177974167c2270a4524e9eb53a89baea1,president_topic,corpus,all-corpus,All eligible corpus,,ronald-reagan,Ronald Reagan,topic_ba4e1562b35cd37c83f78a1460d65e49337ac54a9561805b51da67a33fb4d23e,level1,Ceremonial & Commemorative Address,79,25,1725,61,597,32531,0.04579710144927536,0.1323283082077052,0.018351726045925425,supported,supported,True,"All eligible actual-president paragraphs, including topic-free paragraphs, remain in president and scope denominators; topic-free paragraphs create no membership and no edge.",Count each distinct normalized Level 2 topic once per paragraph and each distinct derived Level 1 parent once per paragraph. Preserve one full paragraph-presence membership for every topic; do not divide a paragraph fractionally. Topic shares are non-additive and may sum above 100%.,3,"Descriptive AI-assigned topic presence in speaker-audited Miller Center paragraphs. It is not historical validation, model confidence, presidential intent, importance, influence, causality, policy success, or representation of the public or presidency as a whole."
actual-speaker-topic-edge-v1,actual-speaker-topic-network-v1,edge_3ddfbc991935469190e6e4ee3679332f5cb50a8231ffe03b982bb45bf74f1e39,president_topic,corpus,all-corpus,All eligible corpus,,ronald-reagan,Ronald Reagan,topic_b06b6b33b3356fbb9bf02b5cf3a44db3f664b60ffabf997972a749619b7acfe4,level1,Personal Narrative & Reflection,115,35,1725,61,1119,32531,0.06666666666666667,0.10277033065236818,0.034397958870000925,supported,supported,True,"All eligible actual-president paragraphs, including topic-free paragraphs, remain in president and scope denominators; topic-free paragraphs create no membership and no edge.",Count each distinct normalized Level 2 topic once per paragraph and each distinct derived Level 1 parent once per paragraph. Preserve one full paragraph-presence membership for every topic; do not divide a paragraph fractionally. Topic shares are non-additive and may sum above 100%.,3,"Descriptive AI-assigned topic presence in speaker-audited Miller Center paragraphs. It is not historical validation, model confidence, presidential intent, importance, influence, causality, policy success, or representation of the public or presidency as a whole."
actual-speaker-topic-edge-v1,actual-speaker-topic-network-v1,edge_6638cbd33c933fddb808eadf5dfc237aab3880f23165ec1eeec2901137ec0267,president_topic,corpus,all-corpus,All eligible corpus,,ronald-reagan,Ronald Reagan,topic_808789d7a0e8edad0be5ec687efb103a704d7b1ebd37e9e78d628803197b9205,level1,Procedural & Administrative,21,7,1725,61,1320,32531,0.01217391304347826,0.015909090909090907,0.04057668070455873,supported,supported,True,"All eligible actual-president paragraphs, including topic-free paragraphs, remain in president and scope denominators; topic-free paragraphs create no membership and no edge.",Count each distinct normalized Level 2 topic once per paragraph and each distinct derived Level 1 parent once per paragraph. Preserve one full paragraph-presence membership for every topic; do not divide a paragraph fractionally. Topic shares are non-additive and may sum above 100%.,3,"Descriptive AI-assigned topic presence in speaker-audited Miller Center paragraphs. It is not historical validation, model confidence, presidential intent, importance, influence, causality, policy success, or representation of the public or presidency as a whole."
actual-speaker-topic-edge-v1,actual-speaker-topic-network-v1,edge_299bd19c1fdd1c0b6fc2c1918df03a3a3d6f7de614d2e8d06700b4676580271e,president_topic,corpus,all-corpus,All eligible corpus,,ronald-reagan,Ronald Reagan,topic_73fe8a26a7881c104f8ac0ee90b445177eabd28ec5e36d34a3bdcacd0505cba1,level1,Faith & National Values,322,58,1725,61,2953,32531,0.18666666666666668,0.10904165255672198,0.09077495312163782,supported,supported,True,"All eligible actual-president paragraphs, including topic-free paragraphs, remain in president and scope denominators; topic-free paragraphs create no membership and no edge.",Count each distinct normalized Level 2 topic once per paragraph and each distinct derived Level 1 parent once per paragraph. Preserve one full paragraph-presence membership for every topic; do not divide a paragraph fractionally. Topic shares are non-additive and may sum above 100%.,3,"Descriptive AI-assigned topic presence in speaker-audited Miller Center paragraphs. It is not historical validation, model confidence, presidential intent, importance, influence, causality, policy success, or representation of the public or presidency as a whole."
actual-speaker-topic-edge-v1,actual-speaker-topic-network-v1,edge_229f9e2cf0ac644d8367dc9a3827cb91995a154694e4b5c731ef35bfdc027df5,president_topic,corpus,all-corpus,All eligible corpus,,ronald-reagan,Ronald Reagan,topic_601685849419f6dd5585ab27f3ab7a941ea2cbf86f3099bca73b67a038d9ce17,level1,Partisan & Media Combat,90,21,1725,61,1206,32531,0.05217391304347826,0.07462686567164178,0.03707233100734684,supported,supported,True,"All eligible actual-president paragraphs, including topic-free paragraphs, remain in president and scope denominators; topic-free paragraphs create no membership and no edge.",Count each distinct normalized Level 2 topic once per paragraph and each distinct derived Level 1 parent once per paragraph. Preserve one full paragraph-presence membership for every topic; do not divide a paragraph fractionally. Topic shares are non-additive and may sum above 100%.,3,"Descriptive AI-assigned topic presence in speaker-audited Miller Center paragraphs. It is not historical validation, model confidence, presidential intent, importance, influence, causality, policy success, or representation of the public or presidency as a whole."
actual-speaker-topic-edge-v1,actual-speaker-topic-network-v1,edge_f5f7c7171740cb2917fef2e94c81764553586106191489db1e18a1b6b5e65209,president_topic,corpus,all-corpus,All eligible corpus,,george-h-w-bush,George H. W. Bush,topic_53f9c63ed6aedcab84709226f843c89a577ea30928250cda0021a52c0d9dd5d2,level1,Foreign Relations & Diplomacy,201,22,584,23,8414,32531,0.3441780821917808,0.02388875683384835,0.2586455995819372,supported,supported,True,"All eligible actual-president paragraphs, including topic-free paragraphs, remain in president and scope denominators; topic-free paragraphs create no membership and no edge.",Count each distinct normalized Level 2 topic once per paragraph and each distinct derived Level 1 parent once per paragraph. Preserve one full paragraph-presence membership for every topic; do not divide a paragraph fractionally. Topic shares are non-additive and may sum above 100%.,3,"Descriptive AI-assigned topic presence in speaker-audited Miller Center paragraphs. It is not historical validation, model confidence, presidential intent, importance, influence, causality, policy success, or representation of the public or presidency as a whole."
actual-speaker-topic-edge-v1,actual-speaker-topic-network-v1,edge_c78e06200112b05de89cf249f89f1c2006e5e31963a09fc6d17234090d6dacd5,president_topic,corpus,all-corpus,All eligible corpus,,george-h-w-bush,George H. W. Bush,topic_07f03bf056ab3503c6f721cf2a606b728b9cbb858d7d919fca46cd6135a32a2b,level1,War & Military Affairs,166,21,584,23,5527,32531,0.2842465753424658,0.030034376696218563,0.16989948049552733,supported,supported,True,"All eligible actual-president paragraphs, including topic-free paragraphs, remain in president and scope denominators; topic-free paragraphs create no membership and no edge.",Count each distinct normalized Level 2 topic once per paragraph and each distinct derived Level 1 parent once per paragraph. Preserve one full paragraph-presence membership for every topic; do not divide a paragraph fractionally. Topic shares are non-additive and may sum above 100%.,3,"Descriptive AI-assigned topic presence in speaker-audited Miller Center paragraphs. It is not historical validation, model confidence, presidential intent, importance, influence, causality, policy success, or representation of the public or presidency as a whole."
actual-speaker-topic-edge-v1,actual-speaker-topic-network-v1,edge_8f3ccbffa46ccb4d006f79655b6a63b063cbeaf2350bed4b87a2fe11a562090f,president_topic,corpus,all-corpus,All eligible corpus,,george-h-w-bush,George H. W. Bush,topic_c111a85539516b19ce3d0ebf88102afc3f5136f06811be7ef7952ae6cc9d714c,level1,Public Finance & Taxation,67,11,584,23,2743,32531,0.11472602739726027,0.024425811155668976,0.08431957210045803,supported,supported,True,"All eligible actual-president paragraphs, including topic-free paragraphs, remain in president and scope denominators; topic-free paragraphs create no membership and no edge.",Count each distinct normalized Level 2 topic once per paragraph and each distinct derived Level 1 parent once per paragraph. Preserve one full paragraph-presence membership for every topic; do not divide a paragraph fractionally. Topic shares are non-additive and may sum above 100%.,3,"Descriptive AI-assigned topic presence in speaker-audited Miller Center paragraphs. It is not historical validation, model confidence, presidential intent, importance, influence, causality, policy success, or representation of the public or presidency as a whole."
actual-speaker-topic-edge-v1,actual-speaker-topic-network-v1,edge_e7a77d95669bad28b8814b053cc2dfc0558a25a4ea444438bf4dadecaea60e06,president_topic,corpus,all-corpus,All eligible corpus,,george-h-w-bush,George H. W. Bush,topic_4e7a42711424fc04c1b91600a4625e488e9f3c4736eb917f66eed248a70edbc0,level1,"Economy, Labor & Social Welfare",92,12,584,23,3789,32531,0.15753424657534246,0.0242808128793877,0.11647351756785836,supported,supported,True,"All eligible actual-president paragraphs, including topic-free paragraphs, remain in president and scope denominators; topic-free paragraphs create no membership and no edge.",Count each distinct normalized Level 2 topic once per paragraph and each distinct derived Level 1 parent once per paragraph. Preserve one full paragraph-presence membership for every topic; do not divide a paragraph fractionally. Topic shares are non-additive and may sum above 100%.,3,"Descriptive AI-assigned topic presence in speaker-audited Miller Center paragraphs. It is not historical validation, model confidence, presidential intent, importance, influence, causality, policy success, or representation of the public or presidency as a whole."
actual-speaker-topic-edge-v1,actual-speaker-topic-network-v1,edge_53a9ee6cfa14dd07a956308c5cf368340af726ff0a050b934fcc0bbd0d5a1617,president_topic,corpus,all-corpus,All eligible corpus,,george-h-w-bush,George H. W. Bush,topic_3676810b2915e5e08405c3c9e3ed6b588696c94d35d477e10ed9cc62058597b4,level1,"Law, Crime & Justice",24,9,584,23,1315,32531,0.0410958904109589,0.018250950570342206,0.0404229811564354,supported,supported,True,"All eligible actual-president paragraphs, including topic-free paragraphs, remain in president and scope denominators; topic-free paragraphs create no membership and no edge.",Count each distinct normalized Level 2 topic once per paragraph and each distinct derived Level 1 parent once per paragraph. Preserve one full paragraph-presence membership for every topic; do not divide a paragraph fractionally. Topic shares are non-additive and may sum above 100%.,3,"Descriptive AI-assigned topic presence in speaker-audited Miller Center paragraphs. It is not historical validation, model confidence, presidential intent, importance, influence, causality, policy success, or representation of the public or presidency as a whole."
actual-speaker-topic-edge-v1,actual-speaker-topic-network-v1,edge_11339492e6e1e8e8e2fb744621c98505a5667dcf459c2b978208c02727f5a852,president_topic,corpus,all-corpus,All eligible corpus,,george-h-w-bush,George H. W. Bush,topic_b9fc73bb18ca058e7f189c867a51071c93e7fea7d67167933f18846a43f46e2c,level1,Constitutional Order & Governance,35,12,584,23,4188,32531,0.059931506849315065,0.008357211079274117,0.12873874150809997,supported,supported,True,"All eligible actual-president paragraphs, including topic-free paragraphs, remain in president and scope denominators; topic-free paragraphs create no membership and no edge.",Count each distinct normalized Level 2 topic once per paragraph and each distinct derived Level 1 parent once per paragraph. Preserve one full paragraph-presence membership for every topic; do not divide a paragraph fractionally. Topic shares are non-additive and may sum above 100%.,3,"Descriptive AI-assigned topic presence in speaker-audited Miller Center paragraphs. It is not historical validation, model confidence, presidential intent, importance, influence, causality, policy success, or representation of the public or presidency as a whole."
actual-speaker-topic-edge-v1,actual-speaker-topic-network-v1,edge_3017a07b608ce120de20cb171c15b5c527473cc9501b3399fd556f228d1af504,president_topic,corpus,all-corpus,All eligible corpus,,george-h-w-bush,George H. W. Bush,topic_b06b6b33b3356fbb9bf02b5cf3a44db3f664b60ffabf997972a749619b7acfe4,level1,Personal Narrative & Reflection,37,10,584,23,1119,32531,0.06335616438356165,0.03306523681858802,0.034397958870000925,supported,supported,True,"All eligible actual-president paragraphs, including topic-free paragraphs, remain in president and scope denominators; topic-free paragraphs create no membership and no edge.",Count each distinct normalized Level 2 topic once per paragraph and each distinct derived Level 1 parent once per paragraph. Preserve one full paragraph-presence membership for every topic; do not divide a paragraph fractionally. Topic shares are non-additive and may sum above 100%.,3,"Descriptive AI-assigned topic presence in speaker-audited Miller Center paragraphs. It is not historical validation, model confidence, presidential intent, importance, influence, causality, policy success, or representation of the public or presidency as a whole."
actual-speaker-topic-edge-v1,actual-speaker-topic-network-v1,edge_38c3733d9b748ac87533a6504e7aac3dc0e3b539dfcb64cd98dac2d09f54d869,president_topic,corpus,all-corpus,All eligible corpus,,george-h-w-bush,George H. W. Bush,topic_73fe8a26a7881c104f8ac0ee90b445177eabd28ec5e36d34a3bdcacd0505cba1,level1,Faith & National Values,77,21,584,23,2953,32531,0.13184931506849315,0.02607517778530308,0.09077495312163782,supported,supported,True,"All eligible actual-president paragraphs, including topic-free paragraphs, remain in president and scope denominators; topic-free paragraphs create no membership and no edge.",Count each distinct normalized Level 2 topic once per paragraph and each distinct derived Level 1 parent once per paragraph. Preserve one full paragraph-presence membership for every topic; do not divide a paragraph fractionally. Topic shares are non-additive and may sum above 100%.,3,"Descriptive AI-assigned topic presence in speaker-audited Miller Center paragraphs. It is not historical validation, model confidence, presidential intent, importance, influence, causality, policy success, or representation of the public or presidency as a whole."
actual-speaker-topic-edge-v1,actual-speaker-topic-network-v1,edge_7bbf73cadf824138a29a140844e0fe42c76c953157008380ba9bcb2ad5e29409,president_topic,corpus,all-corpus,All eligible corpus,,george-h-w-bush,George H. W. Bush,topic_601685849419f6dd5585ab27f3ab7a941ea2cbf86f3099bca73b67a038d9ce17,level1,Partisan & Media Combat,55,8,584,23,1206,32531,0.09417808219178082,0.04560530679933665,0.03707233100734684,supported,supported,True,"All eligible actual-president paragraphs, including topic-free paragraphs, remain in president and scope denominators; topic-free paragraphs create no membership and no edge.",Count each distinct normalized Level 2 topic once per paragraph and each distinct derived Level 1 parent once per paragraph. Preserve one full paragraph-presence membership for every topic; do not divide a paragraph fractionally. Topic shares are non-additive and may sum above 100%.,3,"Descriptive AI-assigned topic presence in speaker-audited Miller Center paragraphs. It is not historical validation, model confidence, presidential intent, importance, influence, causality, policy success, or representation of the public or presidency as a whole."
actual-speaker-topic-edge-v1,actual-speaker-topic-network-v1,edge_b243d940b730f9bab8661d458ae13c9e57ac286fa38c7157426f2b52d5184cfd,president_topic,corpus,all-corpus,All eligible corpus,,bill-clinton,Bill Clinton,topic_53f9c63ed6aedcab84709226f843c89a577ea30928250cda0021a52c0d9dd5d2,level1,Foreign Relations & Diplomacy,202,30,1154,39,8414,32531,0.17504332755632582,0.024007606370335156,0.2586455995819372,supported,supported,True,"All eligible actual-president paragraphs, including topic-free paragraphs, remain in president and scope denominators; topic-free paragraphs create no membership and no edge.",Count each distinct normalized Level 2 topic once per paragraph and each distinct derived Level 1 parent once per paragraph. Preserve one full paragraph-presence membership for every topic; do not divide a paragraph fractionally. Topic shares are non-additive and may sum above 100%.,3,"Descriptive AI-assigned topic presence in speaker-audited Miller Center paragraphs. It is not historical validation, model confidence, presidential intent, importance, influence, causality, policy success, or representation of the public or presidency as a whole."
actual-speaker-topic-edge-v1,actual-speaker-topic-network-v1,edge_a76707b34b6ad88be1666c5bb19bf25f82834a420c4107ad1b0fba8a935459ae,president_topic,corpus,all-corpus,All eligible corpus,,bill-clinton,Bill Clinton,topic_07f03bf056ab3503c6f721cf2a606b728b9cbb858d7d919fca46cd6135a32a2b,level1,War & Military Affairs,114,23,1154,39,5527,32531,0.09878682842287695,0.02062601773113805,0.16989948049552733,supported,supported,True,"All eligible actual-president paragraphs, including topic-free paragraphs, remain in president and scope denominators; topic-free paragraphs create no membership and no edge.",Count each distinct normalized Level 2 topic once per paragraph and each distinct derived Level 1 parent once per paragraph. Preserve one full paragraph-presence membership for every topic; do not divide a paragraph fractionally. Topic shares are non-additive and may sum above 100%.,3,"Descriptive AI-assigned topic presence in speaker-audited Miller Center paragraphs. It is not historical validation, model confidence, presidential intent, importance, influence, causality, policy success, or representation of the public or presidency as a whole."
actual-speaker-topic-edge-v1,actual-speaker-topic-network-v1,edge_4b0019927da931e68ebe229458a077a82fc700ad0e2c3deaa2c7876d66b8bc7c,president_topic,corpus,all-corpus,All eligible corpus,,bill-clinton,Bill Clinton,topic_3e8647a4799e061a665118eb000c5f9ad645c931743a74bfe085cbb18238ed6e,level1,"Trade, Commerce & Tariffs",39,11,1154,39,2184,32531,0.033795493934142114,0.017857142857142856,0.0671359626202699,supported,supported,True,"All eligible actual-president paragraphs, including topic-free paragraphs, remain in president and scope denominators; topic-free paragraphs create no membership and no edge.",Count each distinct normalized Level 2 topic once per paragraph and each distinct derived Level 1 parent once per paragraph. Preserve one full paragraph-presence membership for every topic; do not divide a paragraph fractionally. Topic shares are non-additive and may sum above 100%.,3,"Descriptive AI-assigned topic presence in speaker-audited Miller Center paragraphs. It is not historical validation, model confidence, presidential intent, importance, influence, causality, policy success, or representation of the public or presidency as a whole."
actual-speaker-topic-edge-v1,actual-speaker-topic-network-v1,edge_cf9b4a1260faaff35c9cae3af174e1a12ff525fd5abee0ecbf426313c89bc34f,president_topic,corpus,all-corpus,All eligible corpus,,bill-clinton,Bill Clinton,topic_c111a85539516b19ce3d0ebf88102afc3f5136f06811be7ef7952ae6cc9d714c,level1,Public Finance & Taxation,111,21,1154,39,2743,32531,0.09618717504332755,0.04046664236237696,0.08431957210045803,supported,supported,True,"All eligible actual-president paragraphs, including topic-free paragraphs, remain in president and scope denominators; topic-free paragraphs create no membership and no edge.",Count each distinct normalized Level 2 topic once per paragraph and each distinct derived Level 1 parent once per paragraph. Preserve one full paragraph-presence membership for every topic; do not divide a paragraph fractionally. Topic shares are non-additive and may sum above 100%.,3,"Descriptive AI-assigned topic presence in speaker-audited Miller Center paragraphs. It is not historical validation, model confidence, presidential intent, importance, influence, causality, policy success, or representation of the public or presidency as a whole."
actual-speaker-topic-edge-v1,actual-speaker-topic-network-v1,edge_677b0df37192095706903689910a36d88137ae6d61f013accff75f551ba1d7c2,president_topic,corpus,all-corpus,All eligible corpus,,bill-clinton,Bill Clinton,topic_4e7a42711424fc04c1b91600a4625e488e9f3c4736eb917f66eed248a70edbc0,level1,"Economy, Labor & Social Welfare",416,27,1154,39,3789,32531,0.36048526863084923,0.10979150171549222,0.11647351756785836,supported,supported,True,"All eligible actual-president paragraphs, including topic-free paragraphs, remain in president and scope denominators; topic-free paragraphs create no membership and no edge.",Count each distinct normalized Level 2 topic once per paragraph and each distinct derived Level 1 parent once per paragraph. Preserve one full paragraph-presence membership for every topic; do not divide a paragraph fractionally. Topic shares are non-additive and may sum above 100%.,3,"Descriptive AI-assigned topic presence in speaker-audited Miller Center paragraphs. It is not historical validation, model confidence, presidential intent, importance, influence, causality, policy success, or representation of the public or presidency as a whole."
actual-speaker-topic-edge-v1,actual-speaker-topic-network-v1,edge_081530fafae11919993e1039607d4239365135a142b151137edb6b8d3a16cbdb,president_topic,corpus,all-corpus,All eligible corpus,,bill-clinton,Bill Clinton,topic_ef78a18511fbadc390b6b2c81b7205f6fbf8a9bd8b0b3a6b135e894f47157e83,level1,"Agriculture, Land & Environment",43,18,1154,39,1565,32531,0.03726169844020797,0.027476038338658148,0.048107958562601826,supported,supported,True,"All eligible actual-president paragraphs, including topic-free paragraphs, remain in president and scope denominators; topic-free paragraphs create no membership and no edge.",Count each distinct normalized Level 2 topic once per paragraph and each distinct derived Level 1 parent once per paragraph. Preserve one full paragraph-presence membership for every topic; do not divide a paragraph fractionally. Topic shares are non-additive and may sum above 100%.,3,"Descriptive AI-assigned topic presence in speaker-audited Miller Center paragraphs. It is not historical validation, model confidence, presidential intent, importance, influence, causality, policy success, or representation of the public or presidency as a whole."
actual-speaker-topic-edge-v1,actual-speaker-topic-network-v1,edge_9407dae54f06cd6cff557f1f1406b942f67fe6f410e3797e4a377266b586afc8,president_topic,corpus,all-corpus,All eligible corpus,,bill-clinton,Bill Clinton,topic_c092ca5bdad12513ef74aa364f2bf7a6db5cb739f929d0f0ef4779e5c868cbcd,level1,Infrastructure & Internal Improvements,28,11,1154,39,1897,32531,0.024263431542461005,0.014760147601476014,0.05831360855799084,supported,supported,True,"All eligible actual-president paragraphs, including topic-free paragraphs, remain in president and scope denominators; topic-free paragraphs create no membership and no edge.",Count each distinct normalized Level 2 topic once per paragraph and each distinct derived Level 1 parent once per paragraph. Preserve one full paragraph-presence membership for every topic; do not divide a paragraph fractionally. Topic shares are non-additive and may sum above 100%.,3,"Descriptive AI-assigned topic presence in speaker-audited Miller Center paragraphs. It is not historical validation, model confidence, presidential intent, importance, influence, causality, policy success, or representation of the public or presidency as a whole."
actual-speaker-topic-edge-v1,actual-speaker-topic-network-v1,edge_7055064afab7cb6611617b2094ed675b254f75f7245b25b909d66fdb88d9c803,president_topic,corpus,all-corpus,All eligible corpus,,bill-clinton,Bill Clinton,topic_69c2f2e5246434489ce5d23ab22aff61e0e45f95df48cd62755c0cc84ca18853,level1,Civil Rights & Immigration,123,19,1154,39,2617,32531,0.10658578856152513,0.04700038211692778,0.08044634348775015,supported,supported,True,"All eligible actual-president paragraphs, including topic-free paragraphs, remain in president and scope denominators; topic-free paragraphs create no membership and no edge.",Count each distinct normalized Level 2 topic once per paragraph and each distinct derived Level 1 parent once per paragraph. Preserve one full paragraph-presence membership for every topic; do not divide a paragraph fractionally. Topic shares are non-additive and may sum above 100%.,3,"Descriptive AI-assigned topic presence in speaker-audited Miller Center paragraphs. It is not historical validation, model confidence, presidential intent, importance, influence, causality, policy success, or representation of the public or presidency as a whole."
actual-speaker-topic-edge-v1,actual-speaker-topic-network-v1,edge_e9ee5a79ecaee898f4fa8fd9cd349fc4282570a06a2fd111917dcfc4b764cc9d,president_topic,corpus,all-corpus,All eligible corpus,,bill-clinton,Bill Clinton,topic_3676810b2915e5e08405c3c9e3ed6b588696c94d35d477e10ed9cc62058597b4,level1,"Law, Crime & Justice",111,22,1154,39,1315,32531,0.09618717504332755,0.0844106463878327,0.0404229811564354,supported,supported,True,"All eligible actual-president paragraphs, including topic-free paragraphs, remain in president and scope denominators; topic-free paragraphs create no membership and no edge.",Count each distinct normalized Level 2 topic once per paragraph and each distinct derived Level 1 parent once per paragraph. Preserve one full paragraph-presence membership for every topic; do not divide a paragraph fractionally. Topic shares are non-additive and may sum above 100%.,3,"Descriptive AI-assigned topic presence in speaker-audited Miller Center paragraphs. It is not historical validation, model confidence, presidential intent, importance, influence, causality, policy success, or representation of the public or presidency as a whole."
actual-speaker-topic-edge-v1,actual-speaker-topic-network-v1,edge_da88cfcc151a2b67e753e17129ee44e02068d626b893d67329a9d436b26590dd,president_topic,corpus,all-corpus,All eligible corpus,,bill-clinton,Bill Clinton,topic_b9fc73bb18ca058e7f189c867a51071c93e7fea7d67167933f18846a43f46e2c,level1,Constitutional Order & Governance,42,20,1154,39,4188,32531,0.036395147313691506,0.01002865329512894,0.12873874150809997,supported,supported,True,"All eligible actual-president paragraphs, including topic-free paragraphs, remain in president and scope denominators; topic-free paragraphs create no membership and no edge.",Count each distinct normalized Level 2 topic once per paragraph and each distinct derived Level 1 parent once per paragraph. Preserve one full paragraph-presence membership for every topic; do not divide a paragraph fractionally. Topic shares are non-additive and may sum above 100%.,3,"Descriptive AI-assigned topic presence in speaker-audited Miller Center paragraphs. It is not historical validation, model confidence, presidential intent, importance, influence, causality, policy success, or representation of the public or presidency as a whole."
actual-speaker-topic-edge-v1,actual-speaker-topic-network-v1,edge_d9a1f9bdaac7832a53e8305507a89ebc4fa37371170e951d9e5188508770ed61,president_topic,corpus,all-corpus,All eligible corpus,,bill-clinton,Bill Clinton,topic_ba4e1562b35cd37c83f78a1460d65e49337ac54a9561805b51da67a33fb4d23e,level1,Ceremonial & Commemorative Address,49,22,1154,39,597,32531,0.04246100519930676,0.08207705192629816,0.018351726045925425,supported,supported,True,"All eligible actual-president paragraphs, including topic-free paragraphs, remain in president and scope denominators; topic-free paragraphs create no membership and no edge.",Count each distinct normalized Level 2 topic once per paragraph and each distinct derived Level 1 parent once per paragraph. Preserve one full paragraph-presence membership for every topic; do not divide a paragraph fractionally. Topic shares are non-additive and may sum above 100%.,3,"Descriptive AI-assigned topic presence in speaker-audited Miller Center paragraphs. It is not historical validation, model confidence, presidential intent, importance, influence, causality, policy success, or representation of the public or presidency as a whole."
actual-speaker-topic-edge-v1,actual-speaker-topic-network-v1,edge_60280ca18cb1c28d00735f96479ca7b5b6506c41376df930d0baf67f28184f4a,president_topic,corpus,all-corpus,All eligible corpus,,bill-clinton,Bill Clinton,topic_b06b6b33b3356fbb9bf02b5cf3a44db3f664b60ffabf997972a749619b7acfe4,level1,Personal Narrative & Reflection,50,17,1154,39,1119,32531,0.043327556325823226,0.044682752457551385,0.034397958870000925,supported,supported,True,"All eligible actual-president paragraphs, including topic-free paragraphs, remain in president and scope denominators; topic-free paragraphs create no membership and no edge.",Count each distinct normalized Level 2 topic once per paragraph and each distinct derived Level 1 parent once per paragraph. Preserve one full paragraph-presence membership for every topic; do not divide a paragraph fractionally. Topic shares are non-additive and may sum above 100%.,3,"Descriptive AI-assigned topic presence in speaker-audited Miller Center paragraphs. It is not historical validation, model confidence, presidential intent, importance, influence, causality, policy success, or representation of the public or presidency as a whole."
actual-speaker-topic-edge-v1,actual-speaker-topic-network-v1,edge_fedc6cbf43dbbf20b838141c0c8b55454ff06e5dc1e9ff566e7382b83a16f33b,president_topic,corpus,all-corpus,All eligible corpus,,bill-clinton,Bill Clinton,topic_808789d7a0e8edad0be5ec687efb103a704d7b1ebd37e9e78d628803197b9205,level1,Procedural & Administrative,33,12,1154,39,1320,32531,0.02859618717504333,0.025,0.04057668070455873,supported,supported,True,"All eligible actual-president paragraphs, including topic-free paragraphs, remain in president and scope denominators; topic-free paragraphs create no membership and no edge.",Count each distinct normalized Level 2 topic once per paragraph and each distinct derived Level 1 parent once per paragraph. Preserve one full paragraph-presence membership for every topic; do not divide a paragraph fractionally. Topic shares are non-additive and may sum above 100%.,3,"Descriptive AI-assigned topic presence in speaker-audited Miller Center paragraphs. It is not historical validation, model confidence, presidential intent, importance, influence, causality, policy success, or representation of the public or presidency as a whole."
actual-speaker-topic-edge-v1,actual-speaker-topic-network-v1,edge_c0f1816ce815333a8ea4e8c339f05e83131d5d8efab8509c272ecfb565d18bdb,president_topic,corpus,all-corpus,All eligible corpus,,bill-clinton,Bill Clinton,topic_73fe8a26a7881c104f8ac0ee90b445177eabd28ec5e36d34a3bdcacd0505cba1,level1,Faith & National Values,177,37,1154,39,2953,32531,0.15337954939341422,0.05993904503894345,0.09077495312163782,supported,supported,True,"All eligible actual-president paragraphs, including topic-free paragraphs, remain in president and scope denominators; topic-free paragraphs create no membership and no edge.",Count each distinct normalized Level 2 topic once per paragraph and each distinct derived Level 1 parent once per paragraph. Preserve one full paragraph-presence membership for every topic; do not divide a paragraph fractionally. Topic shares are non-additive and may sum above 100%.,3,"Descriptive AI-assigned topic presence in speaker-audited Miller Center paragraphs. It is not historical validation, model confidence, presidential intent, importance, influence, causality, policy success, or representation of the public or presidency as a whole."
actual-speaker-topic-edge-v1,actual-speaker-topic-network-v1,edge_7c01204355fc77c6b8cd7ad6575facd364f0579ae2e2d6d2c234cd7cd13fb05b,president_topic,corpus,all-corpus,All eligible corpus,,george-w-bush,George W. Bush,topic_53f9c63ed6aedcab84709226f843c89a577ea30928250cda0021a52c0d9dd5d2,level1,Foreign Relations & Diplomacy,214,25,1030,38,8414,32531,0.20776699029126214,0.025433800808176848,0.2586455995819372,supported,supported,True,"All eligible actual-president paragraphs, including topic-free paragraphs, remain in president and scope denominators; topic-free paragraphs create no membership and no edge.",Count each distinct normalized Level 2 topic once per paragraph and each distinct derived Level 1 parent once per paragraph. Preserve one full paragraph-presence membership for every topic; do not divide a paragraph fractionally. Topic shares are non-additive and may sum above 100%.,3,"Descriptive AI-assigned topic presence in speaker-audited Miller Center paragraphs. It is not historical validation, model confidence, presidential intent, importance, influence, causality, policy success, or representation of the public or presidency as a whole."
actual-speaker-topic-edge-v1,actual-speaker-topic-network-v1,edge_694810268aaf40ca1c05b65b0c7ee35d4ec8f8417493128ebb0dd8bb138406f4,president_topic,corpus,all-corpus,All eligible corpus,,george-w-bush,George W. Bush,topic_07f03bf056ab3503c6f721cf2a606b728b9cbb858d7d919fca46cd6135a32a2b,level1,War & Military Affairs,400,29,1030,38,5527,32531,0.3883495145631068,0.07237199203908087,0.16989948049552733,supported,supported,True,"All eligible actual-president paragraphs, including topic-free paragraphs, remain in president and scope denominators; topic-free paragraphs create no membership and no edge.",Count each distinct normalized Level 2 topic once per paragraph and each distinct derived Level 1 parent once per paragraph. Preserve one full paragraph-presence membership for every topic; do not divide a paragraph fractionally. Topic shares are non-additive and may sum above 100%.,3,"Descriptive AI-assigned topic presence in speaker-audited Miller Center paragraphs. It is not historical validation, model confidence, presidential intent, importance, influence, causality, policy success, or representation of the public or presidency as a whole."
actual-speaker-topic-edge-v1,actual-speaker-topic-network-v1,edge_ea8542f374059990a0ad3038a657d1cee1701d5fa7f59b42d226ea02675d8cb4,president_topic,corpus,all-corpus,All eligible corpus,,george-w-bush,George W. Bush,topic_3e8647a4799e061a665118eb000c5f9ad645c931743a74bfe085cbb18238ed6e,level1,"Trade, Commerce & Tariffs",21,10,1030,38,2184,32531,0.020388349514563107,0.009615384615384616,0.0671359626202699,supported,supported,True,"All eligible actual-president paragraphs, including topic-free paragraphs, remain in president and scope denominators; topic-free paragraphs create no membership and no edge.",Count each distinct normalized Level 2 topic once per paragraph and each distinct derived Level 1 parent once per paragraph. Preserve one full paragraph-presence membership for every topic; do not divide a paragraph fractionally. Topic shares are non-additive and may sum above 100%.,3,"Descriptive AI-assigned topic presence in speaker-audited Miller Center paragraphs. It is not historical validation, model confidence, presidential intent, importance, influence, causality, policy success, or representation of the public or presidency as a whole."
actual-speaker-topic-edge-v1,actual-speaker-topic-network-v1,edge_6b26b2f0b9973e621415253baf3c9fecef3eeda7dd97caa667163aedf1a19521,president_topic,corpus,all-corpus,All eligible corpus,,george-w-bush,George W. Bush,topic_c111a85539516b19ce3d0ebf88102afc3f5136f06811be7ef7952ae6cc9d714c,level1,Public Finance & Taxation,63,18,1030,38,2743,32531,0.06116504854368932,0.022967553773240976,0.08431957210045803,supported,supported,True,"All eligible actual-president paragraphs, including topic-free paragraphs, remain in president and scope denominators; topic-free paragraphs create no membership and no edge.",Count each distinct normalized Level 2 topic once per paragraph and each distinct derived Level 1 parent once per paragraph. Preserve one full paragraph-presence membership for every topic; do not divide a paragraph fractionally. Topic shares are non-additive and may sum above 100%.,3,"Descriptive AI-assigned topic presence in speaker-audited Miller Center paragraphs. It is not historical validation, model confidence, presidential intent, importance, influence, causality, policy success, or representation of the public or presidency as a whole."
actual-speaker-topic-edge-v1,actual-speaker-topic-network-v1,edge_532db13b60b40fb4491f47e995c4c3aa4507a4310823c93db0591edcb16fcf16,president_topic,corpus,all-corpus,All eligible corpus,,george-w-bush,George W. Bush,topic_4e7a42711424fc04c1b91600a4625e488e9f3c4736eb917f66eed248a70edbc0,level1,"Economy, Labor & Social Welfare",179,24,1030,38,3789,32531,0.17378640776699028,0.0472420163631565,0.11647351756785836,supported,supported,True,"All eligible actual-president paragraphs, including topic-free paragraphs, remain in president and scope denominators; topic-free paragraphs create no membership and no edge.",Count each distinct normalized Level 2 topic once per paragraph and each distinct derived Level 1 parent once per paragraph. Preserve one full paragraph-presence membership for every topic; do not divide a paragraph fractionally. Topic shares are non-additive and may sum above 100%.,3,"Descriptive AI-assigned topic presence in speaker-audited Miller Center paragraphs. It is not historical validation, model confidence, presidential intent, importance, influence, causality, policy success, or representation of the public or presidency as a whole."
actual-speaker-topic-edge-v1,actual-speaker-topic-network-v1,edge_d414c5379421a0452dfe2d6b8380b8eafc3c7834fe005fa01d6154a40f21283f,president_topic,corpus,all-corpus,All eligible corpus,,george-w-bush,George W. Bush,topic_c092ca5bdad12513ef74aa364f2bf7a6db5cb739f929d0f0ef4779e5c868cbcd,level1,Infrastructure & Internal Improvements,32,11,1030,38,1897,32531,0.031067961165048542,0.01686874011597259,0.05831360855799084,supported,supported,True,"All eligible actual-president paragraphs, including topic-free paragraphs, remain in president and scope denominators; topic-free paragraphs create no membership and no edge.",Count each distinct normalized Level 2 topic once per paragraph and each distinct derived Level 1 parent once per paragraph. Preserve one full paragraph-presence membership for every topic; do not divide a paragraph fractionally. Topic shares are non-additive and may sum above 100%.,3,"Descriptive AI-assigned topic presence in speaker-audited Miller Center paragraphs. It is not historical validation, model confidence, presidential intent, importance, influence, causality, policy success, or representation of the public or presidency as a whole."
actual-speaker-topic-edge-v1,actual-speaker-topic-network-v1,edge_61dab1c4cecfa95cbf695c07034fe75244b5304c8959c36a9c256464d17abb23,president_topic,corpus,all-corpus,All eligible corpus,,george-w-bush,George W. Bush,topic_69c2f2e5246434489ce5d23ab22aff61e0e45f95df48cd62755c0cc84ca18853,level1,Civil Rights & Immigration,85,15,1030,38,2617,32531,0.0825242718446602,0.03247993886129155,0.08044634348775015,supported,supported,True,"All eligible actual-president paragraphs, including topic-free paragraphs, remain in president and scope denominators; topic-free paragraphs create no membership and no edge.",Count each distinct normalized Level 2 topic once per paragraph and each distinct derived Level 1 parent once per paragraph. Preserve one full paragraph-presence membership for every topic; do not divide a paragraph fractionally. Topic shares are non-additive and may sum above 100%.,3,"Descriptive AI-assigned topic presence in speaker-audited Miller Center paragraphs. It is not historical validation, model confidence, presidential intent, importance, influence, causality, policy success, or representation of the public or presidency as a whole."
actual-speaker-topic-edge-v1,actual-speaker-topic-network-v1,edge_3827ecf2794701250e4a23fcc1b7de00c85e84bef94e26c30d8e978f97219c37,president_topic,corpus,all-corpus,All eligible corpus,,george-w-bush,George W. Bush,topic_b9fc73bb18ca058e7f189c867a51071c93e7fea7d67167933f18846a43f46e2c,level1,Constitutional Order & Governance,31,11,1030,38,4188,32531,0.030097087378640777,0.007402101241642789,0.12873874150809997,supported,supported,True,"All eligible actual-president paragraphs, including topic-free paragraphs, remain in president and scope denominators; topic-free paragraphs create no membership and no edge.",Count each distinct normalized Level 2 topic once per paragraph and each distinct derived Level 1 parent once per paragraph. Preserve one full paragraph-presence membership for every topic; do not divide a paragraph fractionally. Topic shares are non-additive and may sum above 100%.,3,"Descriptive AI-assigned topic presence in speaker-audited Miller Center paragraphs. It is not historical validation, model confidence, presidential intent, importance, influence, causality, policy success, or representation of the public or presidency as a whole."
actual-speaker-topic-edge-v1,actual-speaker-topic-network-v1,edge_5c528a323601c17fd30eda2aad7f7d9fbfcc3fe792bb2df6046508a4a8894bb0,president_topic,corpus,all-corpus,All eligible corpus,,george-w-bush,George W. Bush,topic_ba4e1562b35cd37c83f78a1460d65e49337ac54a9561805b51da67a33fb4d23e,level1,Ceremonial & Commemorative Address,20,11,1030,38,597,32531,0.019417475728155338,0.03350083752093802,0.018351726045925425,supported,supported,True,"All eligible actual-president paragraphs, including topic-free paragraphs, remain in president and scope denominators; topic-free paragraphs create no membership and no edge.",Count each distinct normalized Level 2 topic once per paragraph and each distinct derived Level 1 parent once per paragraph. Preserve one full paragraph-presence membership for every topic; do not divide a paragraph fractionally. Topic shares are non-additive and may sum above 100%.,3,"Descriptive AI-assigned topic presence in speaker-audited Miller Center paragraphs. It is not historical validation, model confidence, presidential intent, importance, influence, causality, policy success, or representation of the public or presidency as a whole."
actual-speaker-topic-edge-v1,actual-speaker-topic-network-v1,edge_5662d5a7a355ab28c295cc6d33f2b7bb691f9fbc6f68751188eb47dfe91534fb,president_topic,corpus,all-corpus,All eligible corpus,,george-w-bush,George W. Bush,topic_b06b6b33b3356fbb9bf02b5cf3a44db3f664b60ffabf997972a749619b7acfe4,level1,Personal Narrative & Reflection,48,14,1030,38,1119,32531,0.04660194174757282,0.04289544235924933,0.034397958870000925,supported,supported,True,"All eligible actual-president paragraphs, including topic-free paragraphs, remain in president and scope denominators; topic-free paragraphs create no membership and no edge.",Count each distinct normalized Level 2 topic once per paragraph and each distinct derived Level 1 parent once per paragraph. Preserve one full paragraph-presence membership for every topic; do not divide a paragraph fractionally. Topic shares are non-additive and may sum above 100%.,3,"Descriptive AI-assigned topic presence in speaker-audited Miller Center paragraphs. It is not historical validation, model confidence, presidential intent, importance, influence, causality, policy success, or representation of the public or presidency as a whole."
actual-speaker-topic-edge-v1,actual-speaker-topic-network-v1,edge_08187101d7e90e1641a503354be35a5099a2a61e22ad13d053803aeda52925b9,president_topic,corpus,all-corpus,All eligible corpus,,george-w-bush,George W. Bush,topic_808789d7a0e8edad0be5ec687efb103a704d7b1ebd37e9e78d628803197b9205,level1,Procedural & Administrative,25,7,1030,38,1320,32531,0.024271844660194174,0.01893939393939394,0.04057668070455873,supported,supported,True,"All eligible actual-president paragraphs, including topic-free paragraphs, remain in president and scope denominators; topic-free paragraphs create no membership and no edge.",Count each distinct normalized Level 2 topic once per paragraph and each distinct derived Level 1 parent once per paragraph. Preserve one full paragraph-presence membership for every topic; do not divide a paragraph fractionally. Topic shares are non-additive and may sum above 100%.,3,"Descriptive AI-assigned topic presence in speaker-audited Miller Center paragraphs. It is not historical validation, model confidence, presidential intent, importance, influence, causality, policy success, or representation of the public or presidency as a whole."
actual-speaker-topic-edge-v1,actual-speaker-topic-network-v1,edge_ce4953f9eb9168f8b86b882baf6d8784c158c37be11d3ed16514abd5297d7ece,president_topic,corpus,all-corpus,All eligible corpus,,george-w-bush,George W. Bush,topic_73fe8a26a7881c104f8ac0ee90b445177eabd28ec5e36d34a3bdcacd0505cba1,level1,Faith & National Values,145,34,1030,38,2953,32531,0.1407766990291262,0.04910260751777853,0.09077495312163782,supported,supported,True,"All eligible actual-president paragraphs, including topic-free paragraphs, remain in president and scope denominators; topic-free paragraphs create no membership and no edge.",Count each distinct normalized Level 2 topic once per paragraph and each distinct derived Level 1 parent once per paragraph. Preserve one full paragraph-presence membership for every topic; do not divide a paragraph fractionally. Topic shares are non-additive and may sum above 100%.,3,"Descriptive AI-assigned topic presence in speaker-audited Miller Center paragraphs. It is not historical validation, model confidence, presidential intent, importance, influence, causality, policy success, or representation of the public or presidency as a whole."
actual-speaker-topic-edge-v1,actual-speaker-topic-network-v1,edge_4d9cc346916f9e5f0fd9c28888c4d0ec76b9539e3b70cec96b9014d35eb5aaaf,president_topic,corpus,all-corpus,All eligible corpus,,george-w-bush,George W. Bush,topic_601685849419f6dd5585ab27f3ab7a941ea2cbf86f3099bca73b67a038d9ce17,level1,Partisan & Media Combat,28,12,1030,38,1206,32531,0.027184466019417475,0.02321724709784411,0.03707233100734684,supported,supported,True,"All eligible actual-president paragraphs, including topic-free paragraphs, remain in president and scope denominators; topic-free paragraphs create no membership and no edge.",Count each distinct normalized Level 2 topic once per paragraph and each distinct derived Level 1 parent once per paragraph. Preserve one full paragraph-presence membership for every topic; do not divide a paragraph fractionally. Topic shares are non-additive and may sum above 100%.,3,"Descriptive AI-assigned topic presence in speaker-audited Miller Center paragraphs. It is not historical validation, model confidence, presidential intent, importance, influence, causality, policy success, or representation of the public or presidency as a whole."
actual-speaker-topic-edge-v1,actual-speaker-topic-network-v1,edge_54c082047fc91fed9d7efd50b0438380f69c3ca8dd08c803e770884e0192b418,president_topic,corpus,all-corpus,All eligible corpus,,barack-obama,Barack Obama,topic_53f9c63ed6aedcab84709226f843c89a577ea30928250cda0021a52c0d9dd5d2,level1,Foreign Relations & Diplomacy,339,33,1813,51,8414,32531,0.18698290126861555,0.04028999286902781,0.2586455995819372,supported,supported,True,"All eligible actual-president paragraphs, including topic-free paragraphs, remain in president and scope denominators; topic-free paragraphs create no membership and no edge.",Count each distinct normalized Level 2 topic once per paragraph and each distinct derived Level 1 parent once per paragraph. Preserve one full paragraph-presence membership for every topic; do not divide a paragraph fractionally. Topic shares are non-additive and may sum above 100%.,3,"Descriptive AI-assigned topic presence in speaker-audited Miller Center paragraphs. It is not historical validation, model confidence, presidential intent, importance, influence, causality, policy success, or representation of the public or presidency as a whole."
actual-speaker-topic-edge-v1,actual-speaker-topic-network-v1,edge_bd6e65877d490b44030f5a0ce81c54000588cf964f786e3016d34f8e99b27e9b,president_topic,corpus,all-corpus,All eligible corpus,,barack-obama,Barack Obama,topic_07f03bf056ab3503c6f721cf2a606b728b9cbb858d7d919fca46cd6135a32a2b,level1,War & Military Affairs,269,36,1813,51,5527,32531,0.14837286265857694,0.04867016464628189,0.16989948049552733,supported,supported,True,"All eligible actual-president paragraphs, including topic-free paragraphs, remain in president and scope denominators; topic-free paragraphs create no membership and no edge.",Count each distinct normalized Level 2 topic once per paragraph and each distinct derived Level 1 parent once per paragraph. Preserve one full paragraph-presence membership for every topic; do not divide a paragraph fractionally. Topic shares are non-additive and may sum above 100%.,3,"Descriptive AI-assigned topic presence in speaker-audited Miller Center paragraphs. It is not historical validation, model confidence, presidential intent, importance, influence, causality, policy success, or representation of the public or presidency as a whole."
actual-speaker-topic-edge-v1,actual-speaker-topic-network-v1,edge_279a2a3a232153e58f405741a71d2686ac06e738b43efed0d3bc8328bd52510a,president_topic,corpus,all-corpus,All eligible corpus,,barack-obama,Barack Obama,topic_43ec056a6101afa1e938480103aecd71dd5f41580556a5f8d2a92b6a7cb39e2e,level1,"Money, Banking & Currency",54,9,1813,51,1454,32531,0.02978488692774407,0.037138927097661624,0.04469582859426393,supported,supported,True,"All eligible actual-president paragraphs, including topic-free paragraphs, remain in president and scope denominators; topic-free paragraphs create no membership and no edge.",Count each distinct normalized Level 2 topic once per paragraph and each distinct derived Level 1 parent once per paragraph. Preserve one full paragraph-presence membership for every topic; do not divide a paragraph fractionally. Topic shares are non-additive and may sum above 100%.,3,"Descriptive AI-assigned topic presence in speaker-audited Miller Center paragraphs. It is not historical validation, model confidence, presidential intent, importance, influence, causality, policy success, or representation of the public or presidency as a whole."
actual-speaker-topic-edge-v1,actual-speaker-topic-network-v1,edge_2825b95546da70d62c6c0fe8a7b7ce963263d7af443e1c588aefdea2bdd48671,president_topic,corpus,all-corpus,All eligible corpus,,barack-obama,Barack Obama,topic_3e8647a4799e061a665118eb000c5f9ad645c931743a74bfe085cbb18238ed6e,level1,"Trade, Commerce & Tariffs",47,19,1813,51,2184,32531,0.02592388306674021,0.02152014652014652,0.0671359626202699,supported,supported,True,"All eligible actual-president paragraphs, including topic-free paragraphs, remain in president and scope denominators; topic-free paragraphs create no membership and no edge.",Count each distinct normalized Level 2 topic once per paragraph and each distinct derived Level 1 parent once per paragraph. Preserve one full paragraph-presence membership for every topic; do not divide a paragraph fractionally. Topic shares are non-additive and may sum above 100%.,3,"Descriptive AI-assigned topic presence in speaker-audited Miller Center paragraphs. It is not historical validation, model confidence, presidential intent, importance, influence, causality, policy success, or representation of the public or presidency as a whole."
actual-speaker-topic-edge-v1,actual-speaker-topic-network-v1,edge_88bab35fe5391fcbb76a85b8a7df677009e2629c70a83f752a6c8e4288b6514b,president_topic,corpus,all-corpus,All eligible corpus,,barack-obama,Barack Obama,topic_c111a85539516b19ce3d0ebf88102afc3f5136f06811be7ef7952ae6cc9d714c,level1,Public Finance & Taxation,183,30,1813,51,2743,32531,0.10093767236624379,0.06671527524608094,0.08431957210045803,supported,supported,True,"All eligible actual-president paragraphs, including topic-free paragraphs, remain in president and scope denominators; topic-free paragraphs create no membership and no edge.",Count each distinct normalized Level 2 topic once per paragraph and each distinct derived Level 1 parent once per paragraph. Preserve one full paragraph-presence membership for every topic; do not divide a paragraph fractionally. Topic shares are non-additive and may sum above 100%.,3,"Descriptive AI-assigned topic presence in speaker-audited Miller Center paragraphs. It is not historical validation, model confidence, presidential intent, importance, influence, causality, policy success, or representation of the public or presidency as a whole."
actual-speaker-topic-edge-v1,actual-speaker-topic-network-v1,edge_2b2f28ed0175fa26fb15ca177519422daa9738d14f7aa2e4a6e3569f7ceffd2b,president_topic,corpus,all-corpus,All eligible corpus,,barack-obama,Barack Obama,topic_4e7a42711424fc04c1b91600a4625e488e9f3c4736eb917f66eed248a70edbc0,level1,"Economy, Labor & Social Welfare",516,45,1813,51,3789,32531,0.2846111417539989,0.13618368962787014,0.11647351756785836,supported,supported,True,"All eligible actual-president paragraphs, including topic-free paragraphs, remain in president and scope denominators; topic-free paragraphs create no membership and no edge.",Count each distinct normalized Level 2 topic once per paragraph and each distinct derived Level 1 parent once per paragraph. Preserve one full paragraph-presence membership for every topic; do not divide a paragraph fractionally. Topic shares are non-additive and may sum above 100%.,3,"Descriptive AI-assigned topic presence in speaker-audited Miller Center paragraphs. It is not historical validation, model confidence, presidential intent, importance, influence, causality, policy success, or representation of the public or presidency as a whole."
actual-speaker-topic-edge-v1,actual-speaker-topic-network-v1,edge_a29663eac6dc6c4d6579c89b2c251512807012ec64dfa08185ebef6ff5d4d9c0,president_topic,corpus,all-corpus,All eligible corpus,,barack-obama,Barack Obama,topic_ef78a18511fbadc390b6b2c81b7205f6fbf8a9bd8b0b3a6b135e894f47157e83,level1,"Agriculture, Land & Environment",79,24,1813,51,1565,32531,0.043574186431329286,0.05047923322683706,0.048107958562601826,supported,supported,True,"All eligible actual-president paragraphs, including topic-free paragraphs, remain in president and scope denominators; topic-free paragraphs create no membership and no edge.",Count each distinct normalized Level 2 topic once per paragraph and each distinct derived Level 1 parent once per paragraph. Preserve one full paragraph-presence membership for every topic; do not divide a paragraph fractionally. Topic shares are non-additive and may sum above 100%.,3,"Descriptive AI-assigned topic presence in speaker-audited Miller Center paragraphs. It is not historical validation, model confidence, presidential intent, importance, influence, causality, policy success, or representation of the public or presidency as a whole."
actual-speaker-topic-edge-v1,actual-speaker-topic-network-v1,edge_785eb2ffdd62aed65c86424ef5df79213af384c86b13d647387452ebb9c5da7a,president_topic,corpus,all-corpus,All eligible corpus,,barack-obama,Barack Obama,topic_c092ca5bdad12513ef74aa364f2bf7a6db5cb739f929d0f0ef4779e5c868cbcd,level1,Infrastructure & Internal Improvements,127,25,1813,51,1897,32531,0.07004964147821291,0.06694781233526621,0.05831360855799084,supported,supported,True,"All eligible actual-president paragraphs, including topic-free paragraphs, remain in president and scope denominators; topic-free paragraphs create no membership and no edge.",Count each distinct normalized Level 2 topic once per paragraph and each distinct derived Level 1 parent once per paragraph. Preserve one full paragraph-presence membership for every topic; do not divide a paragraph fractionally. Topic shares are non-additive and may sum above 100%.,3,"Descriptive AI-assigned topic presence in speaker-audited Miller Center paragraphs. It is not historical validation, model confidence, presidential intent, importance, influence, causality, policy success, or representation of the public or presidency as a whole."
actual-speaker-topic-edge-v1,actual-speaker-topic-network-v1,edge_cf6d85731277bb353038eb4220f02f44a30b8cb67ea835ba487f51bd116d2f1f,president_topic,corpus,all-corpus,All eligible corpus,,barack-obama,Barack Obama,topic_69c2f2e5246434489ce5d23ab22aff61e0e45f95df48cd62755c0cc84ca18853,level1,Civil Rights & Immigration,204,35,1813,51,2617,32531,0.11252068394925538,0.07795185326709973,0.08044634348775015,supported,supported,True,"All eligible actual-president paragraphs, including topic-free paragraphs, remain in president and scope denominators; topic-free paragraphs create no membership and no edge.",Count each distinct normalized Level 2 topic once per paragraph and each distinct derived Level 1 parent once per paragraph. Preserve one full paragraph-presence membership for every topic; do not divide a paragraph fractionally. Topic shares are non-additive and may sum above 100%.,3,"Descriptive AI-assigned topic presence in speaker-audited Miller Center paragraphs. It is not historical validation, model confidence, presidential intent, importance, influence, causality, policy success, or representation of the public or presidency as a whole."
actual-speaker-topic-edge-v1,actual-speaker-topic-network-v1,edge_3103d3ec624988e165599ffcec5b6d72634c9b711d705cc4aa11def88b0de264,president_topic,corpus,all-corpus,All eligible corpus,,barack-obama,Barack Obama,topic_3676810b2915e5e08405c3c9e3ed6b588696c94d35d477e10ed9cc62058597b4,level1,"Law, Crime & Justice",50,13,1813,51,1315,32531,0.027578599007170437,0.03802281368821293,0.0404229811564354,supported,supported,True,"All eligible actual-president paragraphs, including topic-free paragraphs, remain in president and scope denominators; topic-free paragraphs create no membership and no edge.",Count each distinct normalized Level 2 topic once per paragraph and each distinct derived Level 1 parent once per paragraph. Preserve one full paragraph-presence membership for every topic; do not divide a paragraph fractionally. Topic shares are non-additive and may sum above 100%.,3,"Descriptive AI-assigned topic presence in speaker-audited Miller Center paragraphs. It is not historical validation, model confidence, presidential intent, importance, influence, causality, policy success, or representation of the public or presidency as a whole."
actual-speaker-topic-edge-v1,actual-speaker-topic-network-v1,edge_a129b3f73ad3c64f4e80f60731e22b1f280575ad69ab6552a1a3cc26c0213003,president_topic,corpus,all-corpus,All eligible corpus,,barack-obama,Barack Obama,topic_b9fc73bb18ca058e7f189c867a51071c93e7fea7d67167933f18846a43f46e2c,level1,Constitutional Order & Governance,68,26,1813,51,4188,32531,0.03750689464975179,0.01623686723973257,0.12873874150809997,supported,supported,True,"All eligible actual-president paragraphs, including topic-free paragraphs, remain in president and scope denominators; topic-free paragraphs create no membership and no edge.",Count each distinct normalized Level 2 topic once per paragraph and each distinct derived Level 1 parent once per paragraph. Preserve one full paragraph-presence membership for every topic; do not divide a paragraph fractionally. Topic shares are non-additive and may sum above 100%.,3,"Descriptive AI-assigned topic presence in speaker-audited Miller Center paragraphs. It is not historical validation, model confidence, presidential intent, importance, influence, causality, policy success, or representation of the public or presidency as a whole."
actual-speaker-topic-edge-v1,actual-speaker-topic-network-v1,edge_8c453fb80069036839fe3defe4d04e15b617cebc82ff5fd91031acd60c61b2cb,president_topic,corpus,all-corpus,All eligible corpus,,barack-obama,Barack Obama,topic_ba4e1562b35cd37c83f78a1460d65e49337ac54a9561805b51da67a33fb4d23e,level1,Ceremonial & Commemorative Address,62,16,1813,51,597,32531,0.03419746276889134,0.10385259631490787,0.018351726045925425,supported,supported,True,"All eligible actual-president paragraphs, including topic-free paragraphs, remain in president and scope denominators; topic-free paragraphs create no membership and no edge.",Count each distinct normalized Level 2 topic once per paragraph and each distinct derived Level 1 parent once per paragraph. Preserve one full paragraph-presence membership for every topic; do not divide a paragraph fractionally. Topic shares are non-additive and may sum above 100%.,3,"Descriptive AI-assigned topic presence in speaker-audited Miller Center paragraphs. It is not historical validation, model confidence, presidential intent, importance, influence, causality, policy success, or representation of the public or presidency as a whole."
actual-speaker-topic-edge-v1,actual-speaker-topic-network-v1,edge_873d9effc2f03eecfcfdf9063e9e0c7fd8fa9954ef624cc38da5401223ab884a,president_topic,corpus,all-corpus,All eligible corpus,,barack-obama,Barack Obama,topic_b06b6b33b3356fbb9bf02b5cf3a44db3f664b60ffabf997972a749619b7acfe4,level1,Personal Narrative & Reflection,83,30,1813,51,1119,32531,0.045780474351902925,0.0741733690795353,0.034397958870000925,supported,supported,True,"All eligible actual-president paragraphs, including topic-free paragraphs, remain in president and scope denominators; topic-free paragraphs create no membership and no edge.",Count each distinct normalized Level 2 topic once per paragraph and each distinct derived Level 1 parent once per paragraph. Preserve one full paragraph-presence membership for every topic; do not divide a paragraph fractionally. Topic shares are non-additive and may sum above 100%.,3,"Descriptive AI-assigned topic presence in speaker-audited Miller Center paragraphs. It is not historical validation, model confidence, presidential intent, importance, influence, causality, policy success, or representation of the public or presidency as a whole."
actual-speaker-topic-edge-v1,actual-speaker-topic-network-v1,edge_a23080545a2fdf860af03a7ab2f0a171a53a25dfcb3aa30f0dd1f8c50b1fab5d,president_topic,corpus,all-corpus,All eligible corpus,,barack-obama,Barack Obama,topic_73fe8a26a7881c104f8ac0ee90b445177eabd28ec5e36d34a3bdcacd0505cba1,level1,Faith & National Values,278,49,1813,51,2953,32531,0.1533370104798676,0.09414155096512021,0.09077495312163782,supported,supported,True,"All eligible actual-president paragraphs, including topic-free paragraphs, remain in president and scope denominators; topic-free paragraphs create no membership and no edge.",Count each distinct normalized Level 2 topic once per paragraph and each distinct derived Level 1 parent once per paragraph. Preserve one full paragraph-presence membership for every topic; do not divide a paragraph fractionally. Topic shares are non-additive and may sum above 100%.,3,"Descriptive AI-assigned topic presence in speaker-audited Miller Center paragraphs. It is not historical validation, model confidence, presidential intent, importance, influence, causality, policy success, or representation of the public or presidency as a whole."
actual-speaker-topic-edge-v1,actual-speaker-topic-network-v1,edge_ce9807db8b67c4a48a1f5bd519337e68b53c7d94e0f598bd569edaf950bc73fa,president_topic,corpus,all-corpus,All eligible corpus,,barack-obama,Barack Obama,topic_601685849419f6dd5585ab27f3ab7a941ea2cbf86f3099bca73b67a038d9ce17,level1,Partisan & Media Combat,124,30,1813,51,1206,32531,0.06839492553778267,0.10281923714759536,0.03707233100734684,supported,supported,True,"All eligible actual-president paragraphs, including topic-free paragraphs, remain in president and scope denominators; topic-free paragraphs create no membership and no edge.",Count each distinct normalized Level 2 topic once per paragraph and each distinct derived Level 1 parent once per paragraph. Preserve one full paragraph-presence membership for every topic; do not divide a paragraph fractionally. Topic shares are non-additive and may sum above 100%.,3,"Descriptive AI-assigned topic presence in speaker-audited Miller Center paragraphs. It is not historical validation, model confidence, presidential intent, importance, influence, causality, policy success, or representation of the public or presidency as a whole."
actual-speaker-topic-edge-v1,actual-speaker-topic-network-v1,edge_849dd27ff1ae383faa334b20a4be208c3a871dc4c978e395457c58d033f5b04c,president_topic,corpus,all-corpus,All eligible corpus,,donald-trump,Donald Trump,topic_53f9c63ed6aedcab84709226f843c89a577ea30928250cda0021a52c0d9dd5d2,level1,Foreign Relations & Diplomacy,405,41,2259,53,8414,32531,0.17928286852589642,0.04813406227715712,0.2586455995819372,supported,supported,True,"All eligible actual-president paragraphs, including topic-free paragraphs, remain in president and scope denominators; topic-free paragraphs create no membership and no edge.",Count each distinct normalized Level 2 topic once per paragraph and each distinct derived Level 1 parent once per paragraph. Preserve one full paragraph-presence membership for every topic; do not divide a paragraph fractionally. Topic shares are non-additive and may sum above 100%.,3,"Descriptive AI-assigned topic presence in speaker-audited Miller Center paragraphs. It is not historical validation, model confidence, presidential intent, importance, influence, causality, policy success, or representation of the public or presidency as a whole."
actual-speaker-topic-edge-v1,actual-speaker-topic-network-v1,edge_e9c7ff4c6531c1bd6cad45b87ed7ace497a321c43584bfac3d3bf637faaab6c4,president_topic,corpus,all-corpus,All eligible corpus,,donald-trump,Donald Trump,topic_07f03bf056ab3503c6f721cf2a606b728b9cbb858d7d919fca46cd6135a32a2b,level1,War & Military Affairs,381,40,2259,53,5527,32531,0.16865869853917662,0.06893432241722454,0.16989948049552733,supported,supported,True,"All eligible actual-president paragraphs, including topic-free paragraphs, remain in president and scope denominators; topic-free paragraphs create no membership and no edge.",Count each distinct normalized Level 2 topic once per paragraph and each distinct derived Level 1 parent once per paragraph. Preserve one full paragraph-presence membership for every topic; do not divide a paragraph fractionally. Topic shares are non-additive and may sum above 100%.,3,"Descriptive AI-assigned topic presence in speaker-audited Miller Center paragraphs. It is not historical validation, model confidence, presidential intent, importance, influence, causality, policy success, or representation of the public or presidency as a whole."
actual-speaker-topic-edge-v1,actual-speaker-topic-network-v1,edge_8254a6d47930c22629d2b93069129c4cc3cb7479953a602e7ea125a82d6d3b05,president_topic,corpus,all-corpus,All eligible corpus,,donald-trump,Donald Trump,topic_3e8647a4799e061a665118eb000c5f9ad645c931743a74bfe085cbb18238ed6e,level1,"Trade, Commerce & Tariffs",143,31,2259,53,2184,32531,0.06330234617087206,0.06547619047619048,0.0671359626202699,supported,supported,True,"All eligible actual-president paragraphs, including topic-free paragraphs, remain in president and scope denominators; topic-free paragraphs create no membership and no edge.",Count each distinct normalized Level 2 topic once per paragraph and each distinct derived Level 1 parent once per paragraph. Preserve one full paragraph-presence membership for every topic; do not divide a paragraph fractionally. Topic shares are non-additive and may sum above 100%.,3,"Descriptive AI-assigned topic presence in speaker-audited Miller Center paragraphs. It is not historical validation, model confidence, presidential intent, importance, influence, causality, policy success, or representation of the public or presidency as a whole."
actual-speaker-topic-edge-v1,actual-speaker-topic-network-v1,edge_b8d4b6d69f1fae42622bac249c91caff3e76ff7f9598c3c457038c1ad1f3515c,president_topic,corpus,all-corpus,All eligible corpus,,donald-trump,Donald Trump,topic_c111a85539516b19ce3d0ebf88102afc3f5136f06811be7ef7952ae6cc9d714c,level1,Public Finance & Taxation,130,29,2259,53,2743,32531,0.05754758742806552,0.04739336492890995,0.08431957210045803,supported,supported,True,"All eligible actual-president paragraphs, including topic-free paragraphs, remain in president and scope denominators; topic-free paragraphs create no membership and no edge.",Count each distinct normalized Level 2 topic once per paragraph and each distinct derived Level 1 parent once per paragraph. Preserve one full paragraph-presence membership for every topic; do not divide a paragraph fractionally. Topic shares are non-additive and may sum above 100%.,3,"Descriptive AI-assigned topic presence in speaker-audited Miller Center paragraphs. It is not historical validation, model confidence, presidential intent, importance, influence, causality, policy success, or representation of the public or presidency as a whole."
actual-speaker-topic-edge-v1,actual-speaker-topic-network-v1,edge_c61503c4d2e64b8702af24b11fb0780e22c5e0fc41ea3a29056180f93f29689e,president_topic,corpus,all-corpus,All eligible corpus,,donald-trump,Donald Trump,topic_4e7a42711424fc04c1b91600a4625e488e9f3c4736eb917f66eed248a70edbc0,level1,"Economy, Labor & Social Welfare",357,38,2259,53,3789,32531,0.15803452855245684,0.09422011084718923,0.11647351756785836,supported,supported,True,"All eligible actual-president paragraphs, including topic-free paragraphs, remain in president and scope denominators; topic-free paragraphs create no membership and no edge.",Count each distinct normalized Level 2 topic once per paragraph and each distinct derived Level 1 parent once per paragraph. Preserve one full paragraph-presence membership for every topic; do not divide a paragraph fractionally. Topic shares are non-additive and may sum above 100%.,3,"Descriptive AI-assigned topic presence in speaker-audited Miller Center paragraphs. It is not historical validation, model confidence, presidential intent, importance, influence, causality, policy success, or representation of the public or presidency as a whole."
actual-speaker-topic-edge-v1,actual-speaker-topic-network-v1,edge_24d5e1d0bcb4d3d99780c33ba1f0a4c538f5b7a3a24b8c0229f141b7111e6585,president_topic,corpus,all-corpus,All eligible corpus,,donald-trump,Donald Trump,topic_ef78a18511fbadc390b6b2c81b7205f6fbf8a9bd8b0b3a6b135e894f47157e83,level1,"Agriculture, Land & Environment",53,19,2259,53,1565,32531,0.023461708720672863,0.03386581469648562,0.048107958562601826,supported,supported,True,"All eligible actual-president paragraphs, including topic-free paragraphs, remain in president and scope denominators; topic-free paragraphs create no membership and no edge.",Count each distinct normalized Level 2 topic once per paragraph and each distinct derived Level 1 parent once per paragraph. Preserve one full paragraph-presence membership for every topic; do not divide a paragraph fractionally. Topic shares are non-additive and may sum above 100%.,3,"Descriptive AI-assigned topic presence in speaker-audited Miller Center paragraphs. It is not historical validation, model confidence, presidential intent, importance, influence, causality, policy success, or representation of the public or presidency as a whole."
actual-speaker-topic-edge-v1,actual-speaker-topic-network-v1,edge_5a48e9634784d6d3aa9718bb6bb7d8dcdb972d8e9262f7f028f309c2ff55578a,president_topic,corpus,all-corpus,All eligible corpus,,donald-trump,Donald Trump,topic_c092ca5bdad12513ef74aa364f2bf7a6db5cb739f929d0f0ef4779e5c868cbcd,level1,Infrastructure & Internal Improvements,130,32,2259,53,1897,32531,0.05754758742806552,0.06852925672113865,0.05831360855799084,supported,supported,True,"All eligible actual-president paragraphs, including topic-free paragraphs, remain in president and scope denominators; topic-free paragraphs create no membership and no edge.",Count each distinct normalized Level 2 topic once per paragraph and each distinct derived Level 1 parent once per paragraph. Preserve one full paragraph-presence membership for every topic; do not divide a paragraph fractionally. Topic shares are non-additive and may sum above 100%.,3,"Descriptive AI-assigned topic presence in speaker-audited Miller Center paragraphs. It is not historical validation, model confidence, presidential intent, importance, influence, causality, policy success, or representation of the public or presidency as a whole."
actual-speaker-topic-edge-v1,actual-speaker-topic-network-v1,edge_8eb52f11e1646cd0ef726104a1eda3213c6ba0da40229b439c3b80b2017b47d1,president_topic,corpus,all-corpus,All eligible corpus,,donald-trump,Donald Trump,topic_69c2f2e5246434489ce5d23ab22aff61e0e45f95df48cd62755c0cc84ca18853,level1,Civil Rights & Immigration,326,39,2259,53,2617,32531,0.14431164231961044,0.12457011845624762,0.08044634348775015,supported,supported,True,"All eligible actual-president paragraphs, including topic-free paragraphs, remain in president and scope denominators; topic-free paragraphs create no membership and no edge.",Count each distinct normalized Level 2 topic once per paragraph and each distinct derived Level 1 parent once per paragraph. Preserve one full paragraph-presence membership for every topic; do not divide a paragraph fractionally. Topic shares are non-additive and may sum above 100%.,3,"Descriptive AI-assigned topic presence in speaker-audited Miller Center paragraphs. It is not historical validation, model confidence, presidential intent, importance, influence, causality, policy success, or representation of the public or presidency as a whole."
actual-speaker-topic-edge-v1,actual-speaker-topic-network-v1,edge_dde0f4ec350a7bdf5242ff04d99e3cefc77f507a44ef4adaeaaaca65b0e1f8e2,president_topic,corpus,all-corpus,All eligible corpus,,donald-trump,Donald Trump,topic_3676810b2915e5e08405c3c9e3ed6b588696c94d35d477e10ed9cc62058597b4,level1,"Law, Crime & Justice",201,30,2259,53,1315,32531,0.08897742363877822,0.15285171102661596,0.0404229811564354,supported,supported,True,"All eligible actual-president paragraphs, including topic-free paragraphs, remain in president and scope denominators; topic-free paragraphs create no membership and no edge.",Count each distinct normalized Level 2 topic once per paragraph and each distinct derived Level 1 parent once per paragraph. Preserve one full paragraph-presence membership for every topic; do not divide a paragraph fractionally. Topic shares are non-additive and may sum above 100%.,3,"Descriptive AI-assigned topic presence in speaker-audited Miller Center paragraphs. It is not historical validation, model confidence, presidential intent, importance, influence, causality, policy success, or representation of the public or presidency as a whole."
actual-speaker-topic-edge-v1,actual-speaker-topic-network-v1,edge_136aa37817e5d636ebfb761e192c4a5558aba2fde3856183602e26944bfd060e,president_topic,corpus,all-corpus,All eligible corpus,,donald-trump,Donald Trump,topic_b9fc73bb18ca058e7f189c867a51071c93e7fea7d67167933f18846a43f46e2c,level1,Constitutional Order & Governance,164,34,2259,53,4188,32531,0.07259849490925188,0.039159503342884434,0.12873874150809997,supported,supported,True,"All eligible actual-president paragraphs, including topic-free paragraphs, remain in president and scope denominators; topic-free paragraphs create no membership and no edge.",Count each distinct normalized Level 2 topic once per paragraph and each distinct derived Level 1 parent once per paragraph. Preserve one full paragraph-presence membership for every topic; do not divide a paragraph fractionally. Topic shares are non-additive and may sum above 100%.,3,"Descriptive AI-assigned topic presence in speaker-audited Miller Center paragraphs. It is not historical validation, model confidence, presidential intent, importance, influence, causality, policy success, or representation of the public or presidency as a whole."
actual-speaker-topic-edge-v1,actual-speaker-topic-network-v1,edge_503e2d265fa2303f086eb06b73104058e2dba28086543bea9f3ff7de43ce6764,president_topic,corpus,all-corpus,All eligible corpus,,donald-trump,Donald Trump,topic_ba4e1562b35cd37c83f78a1460d65e49337ac54a9561805b51da67a33fb4d23e,level1,Ceremonial & Commemorative Address,61,24,2259,53,597,32531,0.027003098716246128,0.10217755443886097,0.018351726045925425,supported,supported,True,"All eligible actual-president paragraphs, including topic-free paragraphs, remain in president and scope denominators; topic-free paragraphs create no membership and no edge.",Count each distinct normalized Level 2 topic once per paragraph and each distinct derived Level 1 parent once per paragraph. Preserve one full paragraph-presence membership for every topic; do not divide a paragraph fractionally. Topic shares are non-additive and may sum above 100%.,3,"Descriptive AI-assigned topic presence in speaker-audited Miller Center paragraphs. It is not historical validation, model confidence, presidential intent, importance, influence, causality, policy success, or representation of the public or presidency as a whole."
actual-speaker-topic-edge-v1,actual-speaker-topic-network-v1,edge_071bcc27ddb0ac4d4c0e88e6f300a403752f70761fa4cd44b6bec2ffa0554883,president_topic,corpus,all-corpus,All eligible corpus,,donald-trump,Donald Trump,topic_b06b6b33b3356fbb9bf02b5cf3a44db3f664b60ffabf997972a749619b7acfe4,level1,Personal Narrative & Reflection,162,27,2259,53,1119,32531,0.07171314741035857,0.1447721179624665,0.034397958870000925,supported,supported,True,"All eligible actual-president paragraphs, including topic-free paragraphs, remain in president and scope denominators; topic-free paragraphs create no membership and no edge.",Count each distinct normalized Level 2 topic once per paragraph and each distinct derived Level 1 parent once per paragraph. Preserve one full paragraph-presence membership for every topic; do not divide a paragraph fractionally. Topic shares are non-additive and may sum above 100%.,3,"Descriptive AI-assigned topic presence in speaker-audited Miller Center paragraphs. It is not historical validation, model confidence, presidential intent, importance, influence, causality, policy success, or representation of the public or presidency as a whole."
actual-speaker-topic-edge-v1,actual-speaker-topic-network-v1,edge_17969dc54f6e4de4977e9a29c2bfb90de325c1090a076a026a170c0fda1edf32,president_topic,corpus,all-corpus,All eligible corpus,,donald-trump,Donald Trump,topic_808789d7a0e8edad0be5ec687efb103a704d7b1ebd37e9e78d628803197b9205,level1,Procedural & Administrative,23,13,2259,53,1320,32531,0.01018149623727313,0.017424242424242425,0.04057668070455873,supported,supported,True,"All eligible actual-president paragraphs, including topic-free paragraphs, remain in president and scope denominators; topic-free paragraphs create no membership and no edge.",Count each distinct normalized Level 2 topic once per paragraph and each distinct derived Level 1 parent once per paragraph. Preserve one full paragraph-presence membership for every topic; do not divide a paragraph fractionally. Topic shares are non-additive and may sum above 100%.,3,"Descriptive AI-assigned topic presence in speaker-audited Miller Center paragraphs. It is not historical validation, model confidence, presidential intent, importance, influence, causality, policy success, or representation of the public or presidency as a whole."
actual-speaker-topic-edge-v1,actual-speaker-topic-network-v1,edge_01ac4a719e181dccee7c600beb8aa80fc7624940b83c4c7929595832c76cd393,president_topic,corpus,all-corpus,All eligible corpus,,donald-trump,Donald Trump,topic_73fe8a26a7881c104f8ac0ee90b445177eabd28ec5e36d34a3bdcacd0505cba1,level1,Faith & National Values,244,46,2259,53,2953,32531,0.10801239486498451,0.0826278360988825,0.09077495312163782,supported,supported,True,"All eligible actual-president paragraphs, including topic-free paragraphs, remain in president and scope denominators; topic-free paragraphs create no membership and no edge.",Count each distinct normalized Level 2 topic once per paragraph and each distinct derived Level 1 parent once per paragraph. Preserve one full paragraph-presence membership for every topic; do not divide a paragraph fractionally. Topic shares are non-additive and may sum above 100%.,3,"Descriptive AI-assigned topic presence in speaker-audited Miller Center paragraphs. It is not historical validation, model confidence, presidential intent, importance, influence, causality, policy success, or representation of the public or presidency as a whole."
actual-speaker-topic-edge-v1,actual-speaker-topic-network-v1,edge_19f87d9df26dd18d335172e198828fda1ddf46245ffa28e2b48925360e0013f9,president_topic,corpus,all-corpus,All eligible corpus,,donald-trump,Donald Trump,topic_601685849419f6dd5585ab27f3ab7a941ea2cbf86f3099bca73b67a038d9ce17,level1,Partisan & Media Combat,331,36,2259,53,1206,32531,0.14652501106684374,0.2744610281923715,0.03707233100734684,supported,supported,True,"All eligible actual-president paragraphs, including topic-free paragraphs, remain in president and scope denominators; topic-free paragraphs create no membership and no edge.",Count each distinct normalized Level 2 topic once per paragraph and each distinct derived Level 1 parent once per paragraph. Preserve one full paragraph-presence membership for every topic; do not divide a paragraph fractionally. Topic shares are non-additive and may sum above 100%.,3,"Descriptive AI-assigned topic presence in speaker-audited Miller Center paragraphs. It is not historical validation, model confidence, presidential intent, importance, influence, causality, policy success, or representation of the public or presidency as a whole."
actual-speaker-topic-edge-v1,actual-speaker-topic-network-v1,edge_e786255f27bd5bea9937172c487fa2a0a1744a489a6a13bde0a746a5c1b0667b,president_topic,corpus,all-corpus,All eligible corpus,,joe-biden,Joe Biden,topic_53f9c63ed6aedcab84709226f843c89a577ea30928250cda0021a52c0d9dd5d2,level1,Foreign Relations & Diplomacy,310,23,1152,28,8414,32531,0.2690972222222222,0.03684335631091039,0.2586455995819372,supported,supported,True,"All eligible actual-president paragraphs, including topic-free paragraphs, remain in president and scope denominators; topic-free paragraphs create no membership and no edge.",Count each distinct normalized Level 2 topic once per paragraph and each distinct derived Level 1 parent once per paragraph. Preserve one full paragraph-presence membership for every topic; do not divide a paragraph fractionally. Topic shares are non-additive and may sum above 100%.,3,"Descriptive AI-assigned topic presence in speaker-audited Miller Center paragraphs. It is not historical validation, model confidence, presidential intent, importance, influence, causality, policy success, or representation of the public or presidency as a whole."
actual-speaker-topic-edge-v1,actual-speaker-topic-network-v1,edge_291a34520775e576103300920e80b569ac10ebebd47c8b2e40d8bfd544bdf866,president_topic,corpus,all-corpus,All eligible corpus,,joe-biden,Joe Biden,topic_07f03bf056ab3503c6f721cf2a606b728b9cbb858d7d919fca46cd6135a32a2b,level1,War & Military Affairs,136,21,1152,28,5527,32531,0.11805555555555555,0.024606477293287497,0.16989948049552733,supported,supported,True,"All eligible actual-president paragraphs, including topic-free paragraphs, remain in president and scope denominators; topic-free paragraphs create no membership and no edge.",Count each distinct normalized Level 2 topic once per paragraph and each distinct derived Level 1 parent once per paragraph. Preserve one full paragraph-presence membership for every topic; do not divide a paragraph fractionally. Topic shares are non-additive and may sum above 100%.,3,"Descriptive AI-assigned topic presence in speaker-audited Miller Center paragraphs. It is not historical validation, model confidence, presidential intent, importance, influence, causality, policy success, or representation of the public or presidency as a whole."
actual-speaker-topic-edge-v1,actual-speaker-topic-network-v1,edge_d0c70b555fd6356010fc0595d8055f915df6be1c5e2eb1d22d101517a383979b,president_topic,corpus,all-corpus,All eligible corpus,,joe-biden,Joe Biden,topic_3e8647a4799e061a665118eb000c5f9ad645c931743a74bfe085cbb18238ed6e,level1,"Trade, Commerce & Tariffs",32,7,1152,28,2184,32531,0.027777777777777776,0.014652014652014652,0.0671359626202699,supported,supported,True,"All eligible actual-president paragraphs, including topic-free paragraphs, remain in president and scope denominators; topic-free paragraphs create no membership and no edge.",Count each distinct normalized Level 2 topic once per paragraph and each distinct derived Level 1 parent once per paragraph. Preserve one full paragraph-presence membership for every topic; do not divide a paragraph fractionally. Topic shares are non-additive and may sum above 100%.,3,"Descriptive AI-assigned topic presence in speaker-audited Miller Center paragraphs. It is not historical validation, model confidence, presidential intent, importance, influence, causality, policy success, or representation of the public or presidency as a whole."
actual-speaker-topic-edge-v1,actual-speaker-topic-network-v1,edge_fc2d4df13e2666a88999b9344ea9f9af445820a5dbda99c3e94671b48ea4fadf,president_topic,corpus,all-corpus,All eligible corpus,,joe-biden,Joe Biden,topic_c111a85539516b19ce3d0ebf88102afc3f5136f06811be7ef7952ae6cc9d714c,level1,Public Finance & Taxation,55,10,1152,28,2743,32531,0.04774305555555555,0.02005103900838498,0.08431957210045803,supported,supported,True,"All eligible actual-president paragraphs, including topic-free paragraphs, remain in president and scope denominators; topic-free paragraphs create no membership and no edge.",Count each distinct normalized Level 2 topic once per paragraph and each distinct derived Level 1 parent once per paragraph. Preserve one full paragraph-presence membership for every topic; do not divide a paragraph fractionally. Topic shares are non-additive and may sum above 100%.,3,"Descriptive AI-assigned topic presence in speaker-audited Miller Center paragraphs. It is not historical validation, model confidence, presidential intent, importance, influence, causality, policy success, or representation of the public or presidency as a whole."
actual-speaker-topic-edge-v1,actual-speaker-topic-network-v1,edge_977acfeafaef471bfca92cafce3f0258a5b3713505c58e13b89ee5343581a4c0,president_topic,corpus,all-corpus,All eligible corpus,,joe-biden,Joe Biden,topic_4e7a42711424fc04c1b91600a4625e488e9f3c4736eb917f66eed248a70edbc0,level1,"Economy, Labor & Social Welfare",281,16,1152,28,3789,32531,0.2439236111111111,0.074162048033782,0.11647351756785836,supported,supported,True,"All eligible actual-president paragraphs, including topic-free paragraphs, remain in president and scope denominators; topic-free paragraphs create no membership and no edge.",Count each distinct normalized Level 2 topic once per paragraph and each distinct derived Level 1 parent once per paragraph. Preserve one full paragraph-presence membership for every topic; do not divide a paragraph fractionally. Topic shares are non-additive and may sum above 100%.,3,"Descriptive AI-assigned topic presence in speaker-audited Miller Center paragraphs. It is not historical validation, model confidence, presidential intent, importance, influence, causality, policy success, or representation of the public or presidency as a whole."
actual-speaker-topic-edge-v1,actual-speaker-topic-network-v1,edge_66676e780a5958df5609e18f98a452bc5335c9233915556828ecd2d962c55c9f,president_topic,corpus,all-corpus,All eligible corpus,,joe-biden,Joe Biden,topic_ef78a18511fbadc390b6b2c81b7205f6fbf8a9bd8b0b3a6b135e894f47157e83,level1,"Agriculture, Land & Environment",52,16,1152,28,1565,32531,0.04513888888888889,0.033226837060702875,0.048107958562601826,supported,supported,True,"All eligible actual-president paragraphs, including topic-free paragraphs, remain in president and scope denominators; topic-free paragraphs create no membership and no edge.",Count each distinct normalized Level 2 topic once per paragraph and each distinct derived Level 1 parent once per paragraph. Preserve one full paragraph-presence membership for every topic; do not divide a paragraph fractionally. Topic shares are non-additive and may sum above 100%.,3,"Descriptive AI-assigned topic presence in speaker-audited Miller Center paragraphs. It is not historical validation, model confidence, presidential intent, importance, influence, causality, policy success, or representation of the public or presidency as a whole."
actual-speaker-topic-edge-v1,actual-speaker-topic-network-v1,edge_73970e6521890af582892e5a5e8000ae8b02f2365d0efd5b6164a4df11abaf4a,president_topic,corpus,all-corpus,All eligible corpus,,joe-biden,Joe Biden,topic_c092ca5bdad12513ef74aa364f2bf7a6db5cb739f929d0f0ef4779e5c868cbcd,level1,Infrastructure & Internal Improvements,87,16,1152,28,1897,32531,0.07552083333333333,0.045861887190300474,0.05831360855799084,supported,supported,True,"All eligible actual-president paragraphs, including topic-free paragraphs, remain in president and scope denominators; topic-free paragraphs create no membership and no edge.",Count each distinct normalized Level 2 topic once per paragraph and each distinct derived Level 1 parent once per paragraph. Preserve one full paragraph-presence membership for every topic; do not divide a paragraph fractionally. Topic shares are non-additive and may sum above 100%.,3,"Descriptive AI-assigned topic presence in speaker-audited Miller Center paragraphs. It is not historical validation, model confidence, presidential intent, importance, influence, causality, policy success, or representation of the public or presidency as a whole."
actual-speaker-topic-edge-v1,actual-speaker-topic-network-v1,edge_5b31e8e840a200eed3d69d0dcb74c6298e3937e5e6efa93d08569a0c645813a0,president_topic,corpus,all-corpus,All eligible corpus,,joe-biden,Joe Biden,topic_69c2f2e5246434489ce5d23ab22aff61e0e45f95df48cd62755c0cc84ca18853,level1,Civil Rights & Immigration,150,21,1152,28,2617,32531,0.13020833333333334,0.0573175391669851,0.08044634348775015,supported,supported,True,"All eligible actual-president paragraphs, including topic-free paragraphs, remain in president and scope denominators; topic-free paragraphs create no membership and no edge.",Count each distinct normalized Level 2 topic once per paragraph and each distinct derived Level 1 parent once per paragraph. Preserve one full paragraph-presence membership for every topic; do not divide a paragraph fractionally. Topic shares are non-additive and may sum above 100%.,3,"Descriptive AI-assigned topic presence in speaker-audited Miller Center paragraphs. It is not historical validation, model confidence, presidential intent, importance, influence, causality, policy success, or representation of the public or presidency as a whole."
actual-speaker-topic-edge-v1,actual-speaker-topic-network-v1,edge_dad95ce1d1fa33dcbaf2edb917ef0ecd11ce5a3d0d509782eb62efa1d56d2466,president_topic,corpus,all-corpus,All eligible corpus,,joe-biden,Joe Biden,topic_3676810b2915e5e08405c3c9e3ed6b588696c94d35d477e10ed9cc62058597b4,level1,"Law, Crime & Justice",76,16,1152,28,1315,32531,0.06597222222222222,0.05779467680608365,0.0404229811564354,supported,supported,True,"All eligible actual-president paragraphs, including topic-free paragraphs, remain in president and scope denominators; topic-free paragraphs create no membership and no edge.",Count each distinct normalized Level 2 topic once per paragraph and each distinct derived Level 1 parent once per paragraph. Preserve one full paragraph-presence membership for every topic; do not divide a paragraph fractionally. Topic shares are non-additive and may sum above 100%.,3,"Descriptive AI-assigned topic presence in speaker-audited Miller Center paragraphs. It is not historical validation, model confidence, presidential intent, importance, influence, causality, policy success, or representation of the public or presidency as a whole."
actual-speaker-topic-edge-v1,actual-speaker-topic-network-v1,edge_2a6c7d05cf561ac70e7cd2cf658ab572cae83f458be00d6fce3f4d5f39fc0fc3,president_topic,corpus,all-corpus,All eligible corpus,,joe-biden,Joe Biden,topic_b9fc73bb18ca058e7f189c867a51071c93e7fea7d67167933f18846a43f46e2c,level1,Constitutional Order & Governance,116,17,1152,28,4188,32531,0.10069444444444445,0.027698185291308502,0.12873874150809997,supported,supported,True,"All eligible actual-president paragraphs, including topic-free paragraphs, remain in president and scope denominators; topic-free paragraphs create no membership and no edge.",Count each distinct normalized Level 2 topic once per paragraph and each distinct derived Level 1 parent once per paragraph. Preserve one full paragraph-presence membership for every topic; do not divide a paragraph fractionally. Topic shares are non-additive and may sum above 100%.,3,"Descriptive AI-assigned topic presence in speaker-audited Miller Center paragraphs. It is not historical validation, model confidence, presidential intent, importance, influence, causality, policy success, or representation of the public or presidency as a whole."
actual-speaker-topic-edge-v1,actual-speaker-topic-network-v1,edge_5de0b245fbbaaffc0854897676a8ee5b165306e3a2788dfb6f7b6bddd55d3c53,president_topic,corpus,all-corpus,All eligible corpus,,joe-biden,Joe Biden,topic_ba4e1562b35cd37c83f78a1460d65e49337ac54a9561805b51da67a33fb4d23e,level1,Ceremonial & Commemorative Address,36,11,1152,28,597,32531,0.03125,0.06030150753768844,0.018351726045925425,supported,supported,True,"All eligible actual-president paragraphs, including topic-free paragraphs, remain in president and scope denominators; topic-free paragraphs create no membership and no edge.",Count each distinct normalized Level 2 topic once per paragraph and each distinct derived Level 1 parent once per paragraph. Preserve one full paragraph-presence membership for every topic; do not divide a paragraph fractionally. Topic shares are non-additive and may sum above 100%.,3,"Descriptive AI-assigned topic presence in speaker-audited Miller Center paragraphs. It is not historical validation, model confidence, presidential intent, importance, influence, causality, policy success, or representation of the public or presidency as a whole."
actual-speaker-topic-edge-v1,actual-speaker-topic-network-v1,edge_0fb59663ea9c08e9caa8e293e55014650e5778693f52209b09b520421901ad15,president_topic,corpus,all-corpus,All eligible corpus,,joe-biden,Joe Biden,topic_b06b6b33b3356fbb9bf02b5cf3a44db3f664b60ffabf997972a749619b7acfe4,level1,Personal Narrative & Reflection,38,14,1152,28,1119,32531,0.03298611111111111,0.03395889186773905,0.034397958870000925,supported,supported,True,"All eligible actual-president paragraphs, including topic-free paragraphs, remain in president and scope denominators; topic-free paragraphs create no membership and no edge.",Count each distinct normalized Level 2 topic once per paragraph and each distinct derived Level 1 parent once per paragraph. Preserve one full paragraph-presence membership for every topic; do not divide a paragraph fractionally. Topic shares are non-additive and may sum above 100%.,3,"Descriptive AI-assigned topic presence in speaker-audited Miller Center paragraphs. It is not historical validation, model confidence, presidential intent, importance, influence, causality, policy success, or representation of the public or presidency as a whole."
actual-speaker-topic-edge-v1,actual-speaker-topic-network-v1,edge_3285267d58d4dc5685b202c0c5ad80f22ac5439ae8e15313626aef3842b068d8,president_topic,corpus,all-corpus,All eligible corpus,,joe-biden,Joe Biden,topic_73fe8a26a7881c104f8ac0ee90b445177eabd28ec5e36d34a3bdcacd0505cba1,level1,Faith & National Values,164,26,1152,28,2953,32531,0.1423611111111111,0.0555367422959702,0.09077495312163782,supported,supported,True,"All eligible actual-president paragraphs, including topic-free paragraphs, remain in president and scope denominators; topic-free paragraphs create no membership and no edge.",Count each distinct normalized Level 2 topic once per paragraph and each distinct derived Level 1 parent once per paragraph. Preserve one full paragraph-presence membership for every topic; do not divide a paragraph fractionally. Topic shares are non-additive and may sum above 100%.,3,"Descriptive AI-assigned topic presence in speaker-audited Miller Center paragraphs. It is not historical validation, model confidence, presidential intent, importance, influence, causality, policy success, or representation of the public or presidency as a whole."
actual-speaker-topic-edge-v1,actual-speaker-topic-network-v1,edge_0db2fc5b04fd39444e47ccc114aee850d81d133b95fa666e215a654d7465d507,president_topic,corpus,all-corpus,All eligible corpus,,joe-biden,Joe Biden,topic_601685849419f6dd5585ab27f3ab7a941ea2cbf86f3099bca73b67a038d9ce17,level1,Partisan & Media Combat,56,14,1152,28,1206,32531,0.04861111111111111,0.04643449419568822,0.03707233100734684,supported,supported,True,"All eligible actual-president paragraphs, including topic-free paragraphs, remain in president and scope denominators; topic-free paragraphs create no membership and no edge.",Count each distinct normalized Level 2 topic once per paragraph and each distinct derived Level 1 parent once per paragraph. Preserve one full paragraph-presence membership for every topic; do not divide a paragraph fractionally. Topic shares are non-additive and may sum above 100%.,3,"Descriptive AI-assigned topic presence in speaker-audited Miller Center paragraphs. It is not historical validation, model confidence, presidential intent, importance, influence, causality, policy success, or representation of the public or presidency as a whole."
