metric,estimate,unit,interval_low,interval_high,p_value,p_adjusted,p_resolution,test_family,bootstrap_unit,bootstrap_draws,treatment,taxonomy,n_presidents,n_speeches,status,caveat,surprise_label,analysis,family_size
effective_topics,2.1660777602343178,effective topics,-0.4340871940604012,4.565967897654893,0.04294785260736963,0.04294785260736963,4.999750012499375e-05,coverage-pressure primary outcomes,president then speech,20000,modern eras minus postbellum eras,AI taxonomy v1,17.0,56.0,confirmatory,Annual-message sample with at least 12 paragraphs.,No-change surprise: 4.29%,coverage_pressure,2
depth_words,-303.5676146160595,equivalent words,-430.87955623396846,-184.4195617433605,4.999750012499375e-05,9.99950002499875e-05,4.999750012499375e-05,coverage-pressure primary outcomes,president then speech,20000,modern eras minus postbellum eras,AI taxonomy v1,17.0,56.0,confirmatory,Annual-message sample with at least 12 paragraphs.,"No-change surprise: ≤0.005%, at the test’s resolution floor",coverage_pressure,2
effective_topics,2.611955304243917,effective topics,0.39110430992974615,5.197173203511843,,,4.999750012499375e-05,coverage-pressure sensitivity outcomes,president then speech,20000,all speeches (raw),AI taxonomy v1,19.0,282.0,exploratory,Sensitivity estimate; not part of the two-outcome joint decision.,Not tested,coverage_pressure,0
depth_words,-225.9677750602541,equivalent words,-534.8790199483377,17.979304396174417,,,4.999750012499375e-05,coverage-pressure sensitivity outcomes,president then speech,20000,all speeches (raw),AI taxonomy v1,19.0,282.0,exploratory,Sensitivity estimate; not part of the two-outcome joint decision.,Not tested,coverage_pressure,0
leading_topic_share,-0.1279296477168297,share,-0.2183980044947593,-0.04437204647151975,,,4.999750012499375e-05,coverage-pressure sensitivity outcomes,president then speech,20000,all speeches (raw),AI taxonomy v1,19.0,282.0,exploratory,Sensitivity estimate; not part of the two-outcome joint decision.,Not tested,coverage_pressure,0
median_episode_words,-75.91949878983459,words,-122.8894334354861,-35.22482474080075,,,4.999750012499375e-05,coverage-pressure sensitivity outcomes,president then speech,20000,all speeches (raw),AI taxonomy v1,19.0,282.0,exploratory,Sensitivity estimate; not part of the two-outcome joint decision.,Not tested,coverage_pressure,0
singleton_run_share,0.06191476793977069,share,-0.0016817950708997995,0.13769954783965424,,,4.999750012499375e-05,coverage-pressure sensitivity outcomes,president then speech,20000,all speeches (raw),AI taxonomy v1,19.0,282.0,exploratory,Sensitivity estimate; not part of the two-outcome joint decision.,Not tested,coverage_pressure,0
adjacent_topic_similarity,-0.10502298600730275,Jaccard,-0.17839782996101394,-0.03409000265376899,,,4.999750012499375e-05,coverage-pressure sensitivity outcomes,president then speech,20000,all speeches (raw),AI taxonomy v1,19.0,282.0,exploratory,Sensitivity estimate; not part of the two-outcome joint decision.,Not tested,coverage_pressure,0
episodes_250_share,-0.1205372205437027,share,-0.21586529558155237,-0.012257466278437837,,,4.999750012499375e-05,coverage-pressure sensitivity outcomes,president then speech,20000,all speeches (raw),AI taxonomy v1,19.0,282.0,exploratory,Sensitivity estimate; not part of the two-outcome joint decision.,Not tested,coverage_pressure,0
episodes_500_share,-0.07189506419758204,share,-0.1809661928488745,0.048868224366811416,,,4.999750012499375e-05,coverage-pressure sensitivity outcomes,president then speech,20000,all speeches (raw),AI taxonomy v1,19.0,282.0,exploratory,Sensitivity estimate; not part of the two-outcome joint decision.,Not tested,coverage_pressure,0
effective_topics,2.6730728507438544,effective topics,0.43822216642833306,5.416585948573417,,,4.999750012499375e-05,coverage-pressure sensitivity outcomes,president then speech,20000,all speeches (genre-standardized),AI taxonomy v1,19.0,282.0,exploratory,Sensitivity estimate; not part of the two-outcome joint decision.,Not tested,coverage_pressure,0
depth_words,-152.39624242541157,equivalent words,-496.66229915268167,63.88459784399037,,,4.999750012499375e-05,coverage-pressure sensitivity outcomes,president then speech,20000,all speeches (genre-standardized),AI taxonomy v1,19.0,282.0,exploratory,Sensitivity estimate; not part of the two-outcome joint decision.,Not tested,coverage_pressure,0
leading_topic_share,-0.09771450793203579,share,-0.19591198521213274,-0.015634631195909802,,,4.999750012499375e-05,coverage-pressure sensitivity outcomes,president then speech,20000,all speeches (genre-standardized),AI taxonomy v1,19.0,282.0,exploratory,Sensitivity estimate; not part of the two-outcome joint decision.,Not tested,coverage_pressure,0
median_episode_words,-55.69444444359293,words,-101.09052570812344,-23.486349254892087,,,4.999750012499375e-05,coverage-pressure sensitivity outcomes,president then speech,20000,all speeches (genre-standardized),AI taxonomy v1,19.0,282.0,exploratory,Sensitivity estimate; not part of the two-outcome joint decision.,Not tested,coverage_pressure,0
singleton_run_share,0.02424532084154074,share,-0.050116591548495154,0.1037849788232093,,,4.999750012499375e-05,coverage-pressure sensitivity outcomes,president then speech,20000,all speeches (genre-standardized),AI taxonomy v1,19.0,282.0,exploratory,Sensitivity estimate; not part of the two-outcome joint decision.,Not tested,coverage_pressure,0
adjacent_topic_similarity,-0.07208781740320946,Jaccard,-0.15873226841628807,-0.0014952843337826373,,,4.999750012499375e-05,coverage-pressure sensitivity outcomes,president then speech,20000,all speeches (genre-standardized),AI taxonomy v1,19.0,282.0,exploratory,Sensitivity estimate; not part of the two-outcome joint decision.,Not tested,coverage_pressure,0
episodes_250_share,-0.05723150329940668,share,-0.18588693893053176,0.06185842069676459,,,4.999750012499375e-05,coverage-pressure sensitivity outcomes,president then speech,20000,all speeches (genre-standardized),AI taxonomy v1,19.0,282.0,exploratory,Sensitivity estimate; not part of the two-outcome joint decision.,Not tested,coverage_pressure,0
episodes_500_share,-0.0153231552295795,share,-0.1615317045705365,0.11714495411128166,,,4.999750012499375e-05,coverage-pressure sensitivity outcomes,president then speech,20000,all speeches (genre-standardized),AI taxonomy v1,19.0,282.0,exploratory,Sensitivity estimate; not part of the two-outcome joint decision.,Not tested,coverage_pressure,0
effective_topics,10.228679890285495,effective topics,-0.3346532612599531,12.496756913259963,,,4.999750012499375e-05,coverage-pressure sensitivity outcomes,president then speech,20000,annual messages with length/paragraph/medium controls,AI taxonomy v1,17.0,56.0,exploratory,Sensitivity estimate; not part of the two-outcome joint decision.,Not tested,coverage_pressure,0
depth_words,-233.80412721822225,equivalent words,-330.7396112836815,12.835619651281073,,,4.999750012499375e-05,coverage-pressure sensitivity outcomes,president then speech,20000,annual messages with length/paragraph/medium controls,AI taxonomy v1,17.0,56.0,exploratory,Sensitivity estimate; not part of the two-outcome joint decision.,Not tested,coverage_pressure,0
leading_topic_share,-0.1397170419714115,share,-0.17937567859925246,0.001041358855105049,,,4.999750012499375e-05,coverage-pressure sensitivity outcomes,president then speech,20000,annual messages with length/paragraph/medium controls,AI taxonomy v1,17.0,56.0,exploratory,Sensitivity estimate; not part of the two-outcome joint decision.,Not tested,coverage_pressure,0
median_episode_words,-4.246297001752185,words,-33.41587566489914,29.59693297967214,,,4.999750012499375e-05,coverage-pressure sensitivity outcomes,president then speech,20000,annual messages with length/paragraph/medium controls,AI taxonomy v1,17.0,56.0,exploratory,Sensitivity estimate; not part of the two-outcome joint decision.,Not tested,coverage_pressure,0
singleton_run_share,0.03348384063409487,share,-0.06859092982144847,0.11382973020267922,,,4.999750012499375e-05,coverage-pressure sensitivity outcomes,president then speech,20000,annual messages with length/paragraph/medium controls,AI taxonomy v1,17.0,56.0,exploratory,Sensitivity estimate; not part of the two-outcome joint decision.,Not tested,coverage_pressure,0
adjacent_topic_similarity,-0.1276709714351945,Jaccard,-0.17271680956682445,-0.005537293557596102,,,4.999750012499375e-05,coverage-pressure sensitivity outcomes,president then speech,20000,annual messages with length/paragraph/medium controls,AI taxonomy v1,17.0,56.0,exploratory,Sensitivity estimate; not part of the two-outcome joint decision.,Not tested,coverage_pressure,0
episodes_250_share,-0.13465196106699617,share,-0.21057190109254378,-0.0036246216565790756,,,4.999750012499375e-05,coverage-pressure sensitivity outcomes,president then speech,20000,annual messages with length/paragraph/medium controls,AI taxonomy v1,17.0,56.0,exploratory,Sensitivity estimate; not part of the two-outcome joint decision.,Not tested,coverage_pressure,0
episodes_500_share,-0.191495603575359,share,-0.2721035524679762,-0.013099240833449152,,,4.999750012499375e-05,coverage-pressure sensitivity outcomes,president then speech,20000,annual messages with length/paragraph/medium controls,AI taxonomy v1,17.0,56.0,exploratory,Sensitivity estimate; not part of the two-outcome joint decision.,Not tested,coverage_pressure,0
boosters,20.981935972706605,boosters,13.07994330410582,29.22915825560758,5e-05,0.0222,4.999750012499375e-05,registered-trends exploratory 444,speech,20000,genre_standardized · delta_last_minus_first,none,,,exploratory,One of 444 disclosed exploratory tests.,No-change surprise: 0.005%,register,444
boosters,10.495115367881247,boosters,7.572685059853251,13.463781572484598,5e-05,0.0222,4.999750012499375e-05,registered-trends exploratory 444,speech,20000,genre_standardized · delta_modern_minus_early,none,,,exploratory,One of 444 disclosed exploratory tests.,No-change surprise: 0.005%,register,444
boosters,7.50386613710412,boosters,4.610507375818943,10.455834278885918,5e-05,0.0222,4.999750012499375e-05,registered-trends exploratory 444,speech,20000,genre_standardized · delta_modern_minus_postbellum,none,,,post-hoc,One of 444 disclosed exploratory tests.,No-change surprise: 0.005%,register,444
boosters,0.9666666666666667,boosters,0.8,0.9833333333333333,5e-05,0.0222,4.999750012499375e-05,registered-trends exploratory 444,speech,20000,genre_standardized · spearman_vs_era,none,,,exploratory,One of 444 disclosed exploratory tests.,No-change surprise: 0.005%,register,444
boosters,23.548407839982247,boosters,17.940490244261312,29.48525589875857,5e-05,0.0222,4.999750012499375e-05,registered-trends exploratory 444,speech,20000,raw · delta_last_minus_first,none,,,exploratory,One of 444 disclosed exploratory tests.,No-change surprise: 0.005%,register,444
boosters,11.787706426803522,boosters,9.654939202647,14.088440570654912,5e-05,0.0222,4.999750012499375e-05,registered-trends exploratory 444,speech,20000,raw · delta_modern_minus_early,none,,,exploratory,One of 444 disclosed exploratory tests.,No-change surprise: 0.005%,register,444
boosters,9.439592193970146,boosters,7.6420727174080785,11.226543618435494,5e-05,0.0222,4.999750012499375e-05,registered-trends exploratory 444,speech,20000,raw · delta_modern_minus_postbellum,none,,,post-hoc,One of 444 disclosed exploratory tests.,No-change surprise: 0.005%,register,444
boosters,0.8666666666666667,boosters,0.7,0.9666666666666667,5e-05,0.0222,4.999750012499375e-05,registered-trends exploratory 444,speech,20000,raw · spearman_vs_era,none,,,exploratory,One of 444 disclosed exploratory tests.,No-change surprise: 0.005%,register,444
boosters,21.106375933393988,boosters,12.682665218581462,29.793784627916185,5e-05,0.0222,4.999750012499375e-05,registered-trends exploratory 444,speech,20000,sotu_only · delta_last_minus_first,none,,,exploratory,One of 444 disclosed exploratory tests.,No-change surprise: 0.005%,register,444
boosters,10.414566668094931,boosters,7.268140263459051,13.695830850087352,5e-05,0.0222,4.999750012499375e-05,registered-trends exploratory 444,speech,20000,sotu_only · delta_modern_minus_early,none,,,exploratory,One of 444 disclosed exploratory tests.,No-change surprise: 0.005%,register,444
boosters,8.258799366309223,boosters,5.147573101283838,11.423173757806671,5e-05,0.0222,4.999750012499375e-05,registered-trends exploratory 444,speech,20000,sotu_only · delta_modern_minus_postbellum,none,,,post-hoc,One of 444 disclosed exploratory tests.,No-change surprise: 0.005%,register,444
boosters,0.9333333333333333,boosters,0.7333333333333333,0.9833333333333333,5e-05,0.0222,4.999750012499375e-05,registered-trends exploratory 444,speech,20000,sotu_only · spearman_vs_era,none,,,exploratory,One of 444 disclosed exploratory tests.,No-change surprise: 0.005%,register,444
doom,8.679252254902737,doom,6.271191572660971,11.152875825063736,5e-05,0.0222,4.999750012499375e-05,registered-trends exploratory 444,speech,20000,genre_standardized · delta_last_minus_first,none,,,exploratory,One of 444 disclosed exploratory tests.,No-change surprise: 0.005%,register,444
doom,5.723831350192029,doom,4.676625148642515,6.808158270132905,5e-05,0.0222,4.999750012499375e-05,registered-trends exploratory 444,speech,20000,genre_standardized · delta_modern_minus_early,none,,,exploratory,One of 444 disclosed exploratory tests.,No-change surprise: 0.005%,register,444
doom,4.040650144703752,doom,2.8688134648916304,5.212703105912701,5e-05,0.0222,4.999750012499375e-05,registered-trends exploratory 444,speech,20000,genre_standardized · delta_modern_minus_postbellum,none,,,post-hoc,One of 444 disclosed exploratory tests.,No-change surprise: 0.005%,register,444
doom,0.9833333333333333,doom,0.8166666666666667,1.0,5e-05,0.0222,4.999750012499375e-05,registered-trends exploratory 444,speech,20000,genre_standardized · spearman_vs_era,none,,,exploratory,One of 444 disclosed exploratory tests.,No-change surprise: 0.005%,register,444
doom,5.510950560568775,doom,3.462229947925968,7.69947179555605,5e-05,0.0222,4.999750012499375e-05,registered-trends exploratory 444,speech,20000,raw · delta_last_minus_first,none,,,exploratory,One of 444 disclosed exploratory tests.,No-change surprise: 0.005%,register,444
doom,4.602163422330493,doom,3.7289261258826616,5.527216143717846,5e-05,0.0222,4.999750012499375e-05,registered-trends exploratory 444,speech,20000,raw · delta_modern_minus_early,none,,,exploratory,One of 444 disclosed exploratory tests.,No-change surprise: 0.005%,register,444
doom,2.3623317283892487,doom,1.4007119196885853,3.3633151743572496,5e-05,0.0222,4.999750012499375e-05,registered-trends exploratory 444,speech,20000,raw · delta_modern_minus_postbellum,none,,,post-hoc,One of 444 disclosed exploratory tests.,No-change surprise: 0.005%,register,444
doom,0.7333333333333333,doom,0.6666666666666666,0.9,5e-05,0.0222,4.999750012499375e-05,registered-trends exploratory 444,speech,20000,raw · spearman_vs_era,none,,,exploratory,One of 444 disclosed exploratory tests.,No-change surprise: 0.005%,register,444
doom,8.747705917241696,doom,6.1602542972905185,11.421646402366761,5e-05,0.0222,4.999750012499375e-05,registered-trends exploratory 444,speech,20000,sotu_only · delta_last_minus_first,none,,,exploratory,One of 444 disclosed exploratory tests.,No-change surprise: 0.005%,register,444
doom,6.002094430209806,doom,4.823225965046191,7.230852378970288,5e-05,0.0222,4.999750012499375e-05,registered-trends exploratory 444,speech,20000,sotu_only · delta_modern_minus_early,none,,,exploratory,One of 444 disclosed exploratory tests.,No-change surprise: 0.005%,register,444
doom,4.144713758531559,doom,2.7728547570714257,5.481468875668399,5e-05,0.0222,4.999750012499375e-05,registered-trends exploratory 444,speech,20000,sotu_only · delta_modern_minus_postbellum,none,,,post-hoc,One of 444 disclosed exploratory tests.,No-change surprise: 0.005%,register,444
doom,0.9833333333333333,doom,0.8166666666666667,1.0,5e-05,0.0222,4.999750012499375e-05,registered-trends exploratory 444,speech,20000,sotu_only · spearman_vs_era,none,,,exploratory,One of 444 disclosed exploratory tests.,No-change surprise: 0.005%,register,444
effective_topics,2.45319587166672,effective_topics,1.3354485100535276,3.694627646554649,0.0001,0.0222,4.999750012499375e-05,registered-trends exploratory 444,speech,20000,genre_standardized · delta_last_minus_first,legacy15,,,exploratory,One of 444 disclosed exploratory tests.,No-change surprise: 0.01%,register,444
effective_topics,2.354509950624438,effective_topics,1.8767870923536942,2.8745146547183498,5e-05,0.0222,4.999750012499375e-05,registered-trends exploratory 444,speech,20000,genre_standardized · delta_modern_minus_early,legacy15,,,exploratory,One of 444 disclosed exploratory tests.,No-change surprise: 0.005%,register,444
effective_topics,0.2059648609045439,effective_topics,-0.19239337126872863,0.6069693967421882,0.3108,1.0,4.999750012499375e-05,registered-trends exploratory 444,speech,20000,genre_standardized · delta_modern_minus_postbellum,legacy15,,,post-hoc,One of 444 disclosed exploratory tests.,No-change surprise: 31.1%,register,444
effective_topics,0.8833333333333333,effective_topics,0.6,0.9333333333333333,5e-05,0.0222,4.999750012499375e-05,registered-trends exploratory 444,speech,20000,genre_standardized · spearman_vs_era,legacy15,,,exploratory,One of 444 disclosed exploratory tests.,No-change surprise: 0.005%,register,444
effective_topics,2.1756420095679783,effective_topics,1.2055896391979393,3.184081500428666,5e-05,0.0222,4.999750012499375e-05,registered-trends exploratory 444,speech,20000,raw · delta_last_minus_first,legacy15,,,exploratory,One of 444 disclosed exploratory tests.,No-change surprise: 0.005%,register,444
effective_topics,1.9688565887374878,effective_topics,1.5781484627178397,2.4459056232126697,5e-05,0.0222,4.999750012499375e-05,registered-trends exploratory 444,speech,20000,raw · delta_modern_minus_early,legacy15,,,exploratory,One of 444 disclosed exploratory tests.,No-change surprise: 0.005%,register,444
effective_topics,0.21621485980069366,effective_topics,-0.1051060941445479,0.5605437236492589,0.188,1.0,4.999750012499375e-05,registered-trends exploratory 444,speech,20000,raw · delta_modern_minus_postbellum,legacy15,,,post-hoc,One of 444 disclosed exploratory tests.,No-change surprise: 18.8%,register,444
effective_topics,0.8166666666666667,effective_topics,0.6833333333333333,0.9666666666666667,5e-05,0.0222,4.999750012499375e-05,registered-trends exploratory 444,speech,20000,raw · spearman_vs_era,legacy15,,,exploratory,One of 444 disclosed exploratory tests.,No-change surprise: 0.005%,register,444
effective_topics,2.461679039766702,effective_topics,1.3440094882177982,3.7687761350546958,0.0002,0.036000000000000004,4.999750012499375e-05,registered-trends exploratory 444,speech,20000,sotu_only · delta_last_minus_first,legacy15,,,exploratory,One of 444 disclosed exploratory tests.,No-change surprise: 0.02%,register,444
effective_topics,2.436416409032377,effective_topics,1.9527333038754782,2.959893896613414,5e-05,0.0222,4.999750012499375e-05,registered-trends exploratory 444,speech,20000,sotu_only · delta_modern_minus_early,legacy15,,,exploratory,One of 444 disclosed exploratory tests.,No-change surprise: 0.005%,register,444
effective_topics,0.13158558922486563,effective_topics,-0.2708193105564481,0.548815194410074,0.5259,1.0,4.999750012499375e-05,registered-trends exploratory 444,speech,20000,sotu_only · delta_modern_minus_postbellum,legacy15,,,post-hoc,One of 444 disclosed exploratory tests.,No-change surprise: 52.6%,register,444
effective_topics,0.7333333333333333,effective_topics,0.5666666666666667,0.9333333333333333,5e-05,0.0222,4.999750012499375e-05,registered-trends exploratory 444,speech,20000,sotu_only · spearman_vs_era,legacy15,,,exploratory,One of 444 disclosed exploratory tests.,No-change surprise: 0.005%,register,444
effective_topics,1.9680158632637372,effective_topics,0.23511495003127736,4.291227718612062,0.0244,1.0,4.999750012499375e-05,registered-trends exploratory 444,speech,20000,genre_standardized · delta_last_minus_first,llm_level1,,,exploratory,One of 444 disclosed exploratory tests.,No-change surprise: 2.44%,register,444
effective_topics,0.7701564647958126,effective_topics,0.04076600095841489,1.7212381948297337,0.0389,1.0,4.999750012499375e-05,registered-trends exploratory 444,speech,20000,genre_standardized · delta_modern_minus_early,llm_level1,,,exploratory,One of 444 disclosed exploratory tests.,No-change surprise: 3.89%,register,444
effective_topics,-0.9035564157645339,effective_topics,-1.5217890843806028,-0.243345087082315,0.008,1.0,4.999750012499375e-05,registered-trends exploratory 444,speech,20000,genre_standardized · delta_modern_minus_postbellum,llm_level1,,,post-hoc,One of 444 disclosed exploratory tests.,No-change surprise: 0.8%,register,444
effective_topics,0.48333333333333334,effective_topics,0.05,0.6666666666666666,0.0335,1.0,4.999750012499375e-05,registered-trends exploratory 444,speech,20000,genre_standardized · spearman_vs_era,llm_level1,,,exploratory,One of 444 disclosed exploratory tests.,No-change surprise: 3.35%,register,444
effective_topics,2.419725544772948,effective_topics,1.037626551725206,4.405975816963217,0.0009,0.1476,4.999750012499375e-05,registered-trends exploratory 444,speech,20000,raw · delta_last_minus_first,llm_level1,,,exploratory,One of 444 disclosed exploratory tests.,No-change surprise: 0.09%,register,444
effective_topics,0.8247714313389025,effective_topics,0.2508873325321901,1.7485585895162268,0.0065,0.9229999999999999,4.999750012499375e-05,registered-trends exploratory 444,speech,20000,raw · delta_modern_minus_early,llm_level1,,,exploratory,One of 444 disclosed exploratory tests.,No-change surprise: 0.65%,register,444
effective_topics,-0.6188159025486168,effective_topics,-1.1940177674542687,0.04558122441932123,0.0715,1.0,4.999750012499375e-05,registered-trends exploratory 444,speech,20000,raw · delta_modern_minus_postbellum,llm_level1,,,post-hoc,One of 444 disclosed exploratory tests.,No-change surprise: 7.15%,register,444
effective_topics,0.5666666666666667,effective_topics,0.2,0.75,0.0017,0.26689999999999997,4.999750012499375e-05,registered-trends exploratory 444,speech,20000,raw · spearman_vs_era,llm_level1,,,exploratory,One of 444 disclosed exploratory tests.,No-change surprise: 0.17%,register,444
effective_topics,2.10763585086983,effective_topics,0.25149985489345217,4.539764776100969,0.0258,1.0,4.999750012499375e-05,registered-trends exploratory 444,speech,20000,sotu_only · delta_last_minus_first,llm_level1,,,exploratory,One of 444 disclosed exploratory tests.,No-change surprise: 2.58%,register,444
effective_topics,1.3334462627173096,effective_topics,0.5724587808304944,2.2747559508936024,0.0007,0.1176,4.999750012499375e-05,registered-trends exploratory 444,speech,20000,sotu_only · delta_modern_minus_early,llm_level1,,,exploratory,One of 444 disclosed exploratory tests.,No-change surprise: 0.07%,register,444
effective_topics,-0.9522351466273271,effective_topics,-1.5134616757761088,-0.31915966734691614,0.0034,0.5065999999999999,4.999750012499375e-05,registered-trends exploratory 444,speech,20000,sotu_only · delta_modern_minus_postbellum,llm_level1,,,post-hoc,One of 444 disclosed exploratory tests.,No-change surprise: 0.34%,register,444
effective_topics,0.4166666666666667,effective_topics,0.18333333333333332,0.7,0.0102,1.0,4.999750012499375e-05,registered-trends exploratory 444,speech,20000,sotu_only · spearman_vs_era,llm_level1,,,exploratory,One of 444 disclosed exploratory tests.,No-change surprise: 1.02%,register,444
effective_topics,11.469206932895784,effective_topics,9.318097681904456,13.920511963000473,5e-05,0.0222,4.999750012499375e-05,registered-trends exploratory 444,speech,20000,genre_standardized · delta_last_minus_first,llm_level2,,,exploratory,One of 444 disclosed exploratory tests.,No-change surprise: 0.005%,register,444
effective_topics,7.749491778033505,effective_topics,6.60448335599796,8.889136812302041,5e-05,0.0222,4.999750012499375e-05,registered-trends exploratory 444,speech,20000,genre_standardized · delta_modern_minus_early,llm_level2,,,exploratory,One of 444 disclosed exploratory tests.,No-change surprise: 0.005%,register,444
effective_topics,0.10516697219883042,effective_topics,-0.9915360388088644,1.3893446465132282,0.7416,1.0,4.999750012499375e-05,registered-trends exploratory 444,speech,20000,genre_standardized · delta_modern_minus_postbellum,llm_level2,,,post-hoc,One of 444 disclosed exploratory tests.,No-change surprise: 74.2%,register,444
effective_topics,0.7833333333333333,effective_topics,0.5666666666666667,0.8666666666666667,5e-05,0.0222,4.999750012499375e-05,registered-trends exploratory 444,speech,20000,genre_standardized · spearman_vs_era,llm_level2,,,exploratory,One of 444 disclosed exploratory tests.,No-change surprise: 0.005%,register,444
effective_topics,12.557401809453163,effective_topics,10.925655830270948,15.093985533661662,5e-05,0.0222,4.999750012499375e-05,registered-trends exploratory 444,speech,20000,raw · delta_last_minus_first,llm_level2,,,exploratory,One of 444 disclosed exploratory tests.,No-change surprise: 0.005%,register,444
effective_topics,8.334966203044985,effective_topics,7.520308473642234,9.695613441491474,5e-05,0.0222,4.999750012499375e-05,registered-trends exploratory 444,speech,20000,raw · delta_modern_minus_early,llm_level2,,,exploratory,One of 444 disclosed exploratory tests.,No-change surprise: 0.005%,register,444
effective_topics,0.4555455367057313,effective_topics,-0.5463458559763346,1.7881042499517914,0.2946,1.0,4.999750012499375e-05,registered-trends exploratory 444,speech,20000,raw · delta_modern_minus_postbellum,llm_level2,,,post-hoc,One of 444 disclosed exploratory tests.,No-change surprise: 29.5%,register,444
effective_topics,0.8833333333333333,effective_topics,0.7333333333333333,0.9833333333333333,5e-05,0.0222,4.999750012499375e-05,registered-trends exploratory 444,speech,20000,raw · spearman_vs_era,llm_level2,,,exploratory,One of 444 disclosed exploratory tests.,No-change surprise: 0.005%,register,444
effective_topics,11.722513055689294,effective_topics,9.358727613517255,14.185834635979433,5e-05,0.0222,4.999750012499375e-05,registered-trends exploratory 444,speech,20000,sotu_only · delta_last_minus_first,llm_level2,,,exploratory,One of 444 disclosed exploratory tests.,No-change surprise: 0.005%,register,444
effective_topics,8.62075641037421,effective_topics,7.40586392485422,9.804113197699987,5e-05,0.0222,4.999750012499375e-05,registered-trends exploratory 444,speech,20000,sotu_only · delta_modern_minus_early,llm_level2,,,exploratory,One of 444 disclosed exploratory tests.,No-change surprise: 0.005%,register,444
effective_topics,1.2021424094040682,effective_topics,0.07992144090651365,2.545923925753578,0.0362,1.0,4.999750012499375e-05,registered-trends exploratory 444,speech,20000,sotu_only · delta_modern_minus_postbellum,llm_level2,,,post-hoc,One of 444 disclosed exploratory tests.,No-change surprise: 3.62%,register,444
effective_topics,0.8333333333333334,effective_topics,0.6833333333333333,0.9333333333333333,5e-05,0.0222,4.999750012499375e-05,registered-trends exploratory 444,speech,20000,sotu_only · spearman_vs_era,llm_level2,,,exploratory,One of 444 disclosed exploratory tests.,No-change surprise: 0.005%,register,444
effective_topics_plugin,2.639397327054276,effective_topics_plugin,1.5779752290622937,3.822688562060566,5e-05,0.0222,4.999750012499375e-05,registered-trends exploratory 444,speech,20000,genre_standardized · delta_last_minus_first,legacy15,,,exploratory,One of 444 disclosed exploratory tests.,No-change surprise: 0.005%,register,444
effective_topics_plugin,2.412735009766225,effective_topics_plugin,1.9498573857522017,2.9151672319318673,5e-05,0.0222,4.999750012499375e-05,registered-trends exploratory 444,speech,20000,genre_standardized · delta_modern_minus_early,legacy15,,,exploratory,One of 444 disclosed exploratory tests.,No-change surprise: 0.005%,register,444
effective_topics_plugin,0.19576615784340134,effective_topics_plugin,-0.20189245047194015,0.5962300615657128,0.3342,1.0,4.999750012499375e-05,registered-trends exploratory 444,speech,20000,genre_standardized · delta_modern_minus_postbellum,legacy15,,,post-hoc,One of 444 disclosed exploratory tests.,No-change surprise: 33.4%,register,444
effective_topics_plugin,0.8833333333333333,effective_topics_plugin,0.6,0.9333333333333333,5e-05,0.0222,4.999750012499375e-05,registered-trends exploratory 444,speech,20000,genre_standardized · spearman_vs_era,legacy15,,,exploratory,One of 444 disclosed exploratory tests.,No-change surprise: 0.005%,register,444
effective_topics_plugin,2.3195565795682977,effective_topics_plugin,1.3983486386229516,3.2946398453319956,5e-05,0.0222,4.999750012499375e-05,registered-trends exploratory 444,speech,20000,raw · delta_last_minus_first,legacy15,,,exploratory,One of 444 disclosed exploratory tests.,No-change surprise: 0.005%,register,444
effective_topics_plugin,2.024578503135782,effective_topics_plugin,1.6469227028939664,2.4923111294672324,5e-05,0.0222,4.999750012499375e-05,registered-trends exploratory 444,speech,20000,raw · delta_modern_minus_early,legacy15,,,exploratory,One of 444 disclosed exploratory tests.,No-change surprise: 0.005%,register,444
effective_topics_plugin,0.21936175668294666,effective_topics_plugin,-0.10092074020881081,0.563583249949649,0.1824,1.0,4.999750012499375e-05,registered-trends exploratory 444,speech,20000,raw · delta_modern_minus_postbellum,legacy15,,,post-hoc,One of 444 disclosed exploratory tests.,No-change surprise: 18.2%,register,444
effective_topics_plugin,0.8166666666666667,effective_topics_plugin,0.6833333333333333,0.9666666666666667,5e-05,0.0222,4.999750012499375e-05,registered-trends exploratory 444,speech,20000,raw · spearman_vs_era,legacy15,,,exploratory,One of 444 disclosed exploratory tests.,No-change surprise: 0.005%,register,444
effective_topics_plugin,2.6650744285655694,effective_topics_plugin,1.603156415523664,3.8971191044278015,0.0001,0.0222,4.999750012499375e-05,registered-trends exploratory 444,speech,20000,sotu_only · delta_last_minus_first,legacy15,,,exploratory,One of 444 disclosed exploratory tests.,No-change surprise: 0.01%,register,444
effective_topics_plugin,2.499942108716617,effective_topics_plugin,2.031353471856171,3.002958911736956,5e-05,0.0222,4.999750012499375e-05,registered-trends exploratory 444,speech,20000,sotu_only · delta_modern_minus_early,legacy15,,,exploratory,One of 444 disclosed exploratory tests.,No-change surprise: 0.005%,register,444
effective_topics_plugin,0.12394152313785689,effective_topics_plugin,-0.27760423749552504,0.5405512129206897,0.5473,1.0,4.999750012499375e-05,registered-trends exploratory 444,speech,20000,sotu_only · delta_modern_minus_postbellum,legacy15,,,post-hoc,One of 444 disclosed exploratory tests.,No-change surprise: 54.7%,register,444
effective_topics_plugin,0.7333333333333333,effective_topics_plugin,0.5666666666666667,0.9333333333333333,5e-05,0.0222,4.999750012499375e-05,registered-trends exploratory 444,speech,20000,sotu_only · spearman_vs_era,legacy15,,,exploratory,One of 444 disclosed exploratory tests.,No-change surprise: 0.005%,register,444
effective_topics_plugin,2.0990743395665383,effective_topics_plugin,0.39388316792098377,4.376184133383281,0.015,1.0,4.999750012499375e-05,registered-trends exploratory 444,speech,20000,genre_standardized · delta_last_minus_first,llm_level1,,,exploratory,One of 444 disclosed exploratory tests.,No-change surprise: 1.5%,register,444
effective_topics_plugin,0.8142505560226443,effective_topics_plugin,0.09212238102059796,1.750414345167177,0.0266,1.0,4.999750012499375e-05,registered-trends exploratory 444,speech,20000,genre_standardized · delta_modern_minus_early,llm_level1,,,exploratory,One of 444 disclosed exploratory tests.,No-change surprise: 2.66%,register,444
effective_topics_plugin,-0.9070922285647622,effective_topics_plugin,-1.5226959010973171,-0.24913769049215753,0.0075,1.0,4.999750012499375e-05,registered-trends exploratory 444,speech,20000,genre_standardized · delta_modern_minus_postbellum,llm_level1,,,post-hoc,One of 444 disclosed exploratory tests.,No-change surprise: 0.75%,register,444
effective_topics_plugin,0.48333333333333334,effective_topics_plugin,0.08333333333333333,0.6666666666666666,0.0236,1.0,4.999750012499375e-05,registered-trends exploratory 444,speech,20000,genre_standardized · spearman_vs_era,llm_level1,,,exploratory,One of 444 disclosed exploratory tests.,No-change surprise: 2.36%,register,444
effective_topics_plugin,2.521253748835143,effective_topics_plugin,1.1651366179091749,4.47550563383467,0.0007,0.1176,4.999750012499375e-05,registered-trends exploratory 444,speech,20000,raw · delta_last_minus_first,llm_level1,,,exploratory,One of 444 disclosed exploratory tests.,No-change surprise: 0.07%,register,444
effective_topics_plugin,0.8696811791654397,effective_topics_plugin,0.2998628016247228,1.7798373017084708,0.0039,0.5771999999999999,4.999750012499375e-05,registered-trends exploratory 444,speech,20000,raw · delta_modern_minus_early,llm_level1,,,exploratory,One of 444 disclosed exploratory tests.,No-change surprise: 0.39%,register,444
effective_topics_plugin,-0.6119180396169206,effective_topics_plugin,-1.18703077377334,0.052317094926008764,0.074,1.0,4.999750012499375e-05,registered-trends exploratory 444,speech,20000,raw · delta_modern_minus_postbellum,llm_level1,,,post-hoc,One of 444 disclosed exploratory tests.,No-change surprise: 7.4%,register,444
effective_topics_plugin,0.5666666666666667,effective_topics_plugin,0.23291666666666705,0.75,0.0009,0.1476,4.999750012499375e-05,registered-trends exploratory 444,speech,20000,raw · spearman_vs_era,llm_level1,,,exploratory,One of 444 disclosed exploratory tests.,No-change surprise: 0.09%,register,444
effective_topics_plugin,2.2472392153890883,effective_topics_plugin,0.42451022447586373,4.628584998918615,0.0167,1.0,4.999750012499375e-05,registered-trends exploratory 444,speech,20000,sotu_only · delta_last_minus_first,llm_level1,,,exploratory,One of 444 disclosed exploratory tests.,No-change surprise: 1.67%,register,444
effective_topics_plugin,1.3777976906106026,effective_topics_plugin,0.6277403813721711,2.3023123708524893,0.0005,0.08650000000000001,4.999750012499375e-05,registered-trends exploratory 444,speech,20000,sotu_only · delta_modern_minus_early,llm_level1,,,exploratory,One of 444 disclosed exploratory tests.,No-change surprise: 0.05%,register,444
effective_topics_plugin,-0.9510582684315292,effective_topics_plugin,-1.510766124113134,-0.3204707791664496,0.0032,0.48000000000000004,4.999750012499375e-05,registered-trends exploratory 444,speech,20000,sotu_only · delta_modern_minus_postbellum,llm_level1,,,post-hoc,One of 444 disclosed exploratory tests.,No-change surprise: 0.32%,register,444
effective_topics_plugin,0.4166666666666667,effective_topics_plugin,0.2,0.7,0.0066,0.9306,4.999750012499375e-05,registered-trends exploratory 444,speech,20000,sotu_only · spearman_vs_era,llm_level1,,,exploratory,One of 444 disclosed exploratory tests.,No-change surprise: 0.66%,register,444
effective_topics_plugin,11.704155498340056,effective_topics_plugin,9.580630808573424,14.050978616926413,5e-05,0.0222,4.999750012499375e-05,registered-trends exploratory 444,speech,20000,genre_standardized · delta_last_minus_first,llm_level2,,,exploratory,One of 444 disclosed exploratory tests.,No-change surprise: 0.005%,register,444
effective_topics_plugin,7.786576657201625,effective_topics_plugin,6.653784706684427,8.894779921626592,5e-05,0.0222,4.999750012499375e-05,registered-trends exploratory 444,speech,20000,genre_standardized · delta_modern_minus_early,llm_level2,,,exploratory,One of 444 disclosed exploratory tests.,No-change surprise: 0.005%,register,444
effective_topics_plugin,0.07692206342412078,effective_topics_plugin,-1.010754944376279,1.3516513093633262,0.7789,1.0,4.999750012499375e-05,registered-trends exploratory 444,speech,20000,genre_standardized · delta_modern_minus_postbellum,llm_level2,,,post-hoc,One of 444 disclosed exploratory tests.,No-change surprise: 77.9%,register,444
effective_topics_plugin,0.7833333333333333,effective_topics_plugin,0.55,0.8666666666666667,5e-05,0.0222,4.999750012499375e-05,registered-trends exploratory 444,speech,20000,genre_standardized · spearman_vs_era,llm_level2,,,exploratory,One of 444 disclosed exploratory tests.,No-change surprise: 0.005%,register,444
effective_topics_plugin,12.776208322240914,effective_topics_plugin,11.172813388198257,15.232849619856223,5e-05,0.0222,4.999750012499375e-05,registered-trends exploratory 444,speech,20000,raw · delta_last_minus_first,llm_level2,,,exploratory,One of 444 disclosed exploratory tests.,No-change surprise: 0.005%,register,444
effective_topics_plugin,8.432897811059426,effective_topics_plugin,7.619009015038181,9.764621206172047,5e-05,0.0222,4.999750012499375e-05,registered-trends exploratory 444,speech,20000,raw · delta_modern_minus_early,llm_level2,,,exploratory,One of 444 disclosed exploratory tests.,No-change surprise: 0.005%,register,444
effective_topics_plugin,0.4882784401139304,effective_topics_plugin,-0.5084906317288783,1.8153758685682637,0.2695,1.0,4.999750012499375e-05,registered-trends exploratory 444,speech,20000,raw · delta_modern_minus_postbellum,llm_level2,,,post-hoc,One of 444 disclosed exploratory tests.,No-change surprise: 27%,register,444
effective_topics_plugin,0.8833333333333333,effective_topics_plugin,0.7333333333333333,0.9833333333333333,5e-05,0.0222,4.999750012499375e-05,registered-trends exploratory 444,speech,20000,raw · spearman_vs_era,llm_level2,,,exploratory,One of 444 disclosed exploratory tests.,No-change surprise: 0.005%,register,444
effective_topics_plugin,11.950839505664673,effective_topics_plugin,9.636594147666534,14.310987195789371,5e-05,0.0222,4.999750012499375e-05,registered-trends exploratory 444,speech,20000,sotu_only · delta_last_minus_first,llm_level2,,,exploratory,One of 444 disclosed exploratory tests.,No-change surprise: 0.005%,register,444
effective_topics_plugin,8.638533406440548,effective_topics_plugin,7.4339382090035055,9.786858636692765,5e-05,0.0222,4.999750012499375e-05,registered-trends exploratory 444,speech,20000,sotu_only · delta_modern_minus_early,llm_level2,,,exploratory,One of 444 disclosed exploratory tests.,No-change surprise: 0.005%,register,444
effective_topics_plugin,1.1876926777157308,effective_topics_plugin,0.07564175919891476,2.51355757526889,0.0369,1.0,4.999750012499375e-05,registered-trends exploratory 444,speech,20000,sotu_only · delta_modern_minus_postbellum,llm_level2,,,post-hoc,One of 444 disclosed exploratory tests.,No-change surprise: 3.69%,register,444
effective_topics_plugin,0.8333333333333334,effective_topics_plugin,0.6666666666666666,0.9333333333333333,5e-05,0.0222,4.999750012499375e-05,registered-trends exploratory 444,speech,20000,sotu_only · spearman_vs_era,llm_level2,,,exploratory,One of 444 disclosed exploratory tests.,No-change surprise: 0.005%,register,444
fk_grade,-11.228930695763516,fk_grade,-12.301649592670234,-10.139528664994254,5e-05,0.0222,4.999750012499375e-05,registered-trends exploratory 444,speech,20000,genre_standardized · delta_last_minus_first,none,,,exploratory,One of 444 disclosed exploratory tests.,No-change surprise: 0.005%,register,444
fk_grade,-9.701527192567928,fk_grade,-10.21801484609846,-9.196171249507314,5e-05,0.0222,4.999750012499375e-05,registered-trends exploratory 444,speech,20000,genre_standardized · delta_modern_minus_early,none,,,exploratory,One of 444 disclosed exploratory tests.,No-change surprise: 0.005%,register,444
fk_grade,-5.895871414945352,fk_grade,-6.2743837722336915,-5.51750227217981,5e-05,0.0222,4.999750012499375e-05,registered-trends exploratory 444,speech,20000,genre_standardized · delta_modern_minus_postbellum,none,,,post-hoc,One of 444 disclosed exploratory tests.,No-change surprise: 0.005%,register,444
fk_grade,-0.9833333333333333,fk_grade,-1.0,-0.9333333333333333,5e-05,0.0222,4.999750012499375e-05,registered-trends exploratory 444,speech,20000,genre_standardized · spearman_vs_era,none,,,exploratory,One of 444 disclosed exploratory tests.,No-change surprise: 0.005%,register,444
fk_grade,-15.871425406222148,fk_grade,-22.151635263688732,-11.819696666766413,5e-05,0.0222,4.999750012499375e-05,registered-trends exploratory 444,speech,20000,raw · delta_last_minus_first,none,,,exploratory,One of 444 disclosed exploratory tests.,No-change surprise: 0.005%,register,444
fk_grade,-11.463709870952846,fk_grade,-13.646868297284591,-10.016725943246426,5e-05,0.0222,4.999750012499375e-05,registered-trends exploratory 444,speech,20000,raw · delta_modern_minus_early,none,,,exploratory,One of 444 disclosed exploratory tests.,No-change surprise: 0.005%,register,444
fk_grade,-6.431221292989509,fk_grade,-6.862646154868697,-6.032419230449721,5e-05,0.0222,4.999750012499375e-05,registered-trends exploratory 444,speech,20000,raw · delta_modern_minus_postbellum,none,,,post-hoc,One of 444 disclosed exploratory tests.,No-change surprise: 0.005%,register,444
fk_grade,-1.0,fk_grade,-1.0,-0.9833333333333333,5e-05,0.0222,4.999750012499375e-05,registered-trends exploratory 444,speech,20000,raw · spearman_vs_era,none,,,exploratory,One of 444 disclosed exploratory tests.,No-change surprise: 0.005%,register,444
fk_grade,-10.436852974162393,fk_grade,-11.283721259877469,-9.61575882859659,5e-05,0.0222,4.999750012499375e-05,registered-trends exploratory 444,speech,20000,sotu_only · delta_last_minus_first,none,,,exploratory,One of 444 disclosed exploratory tests.,No-change surprise: 0.005%,register,444
fk_grade,-8.992136205408205,fk_grade,-9.495210569942051,-8.513539010777459,5e-05,0.0222,4.999750012499375e-05,registered-trends exploratory 444,speech,20000,sotu_only · delta_modern_minus_early,none,,,exploratory,One of 444 disclosed exploratory tests.,No-change surprise: 0.005%,register,444
fk_grade,-5.736674098955044,fk_grade,-6.15542861640521,-5.306845230089657,5e-05,0.0222,4.999750012499375e-05,registered-trends exploratory 444,speech,20000,sotu_only · delta_modern_minus_postbellum,none,,,post-hoc,One of 444 disclosed exploratory tests.,No-change surprise: 0.005%,register,444
fk_grade,-0.95,fk_grade,-1.0,-0.9333333333333333,5e-05,0.0222,4.999750012499375e-05,registered-trends exploratory 444,speech,20000,sotu_only · spearman_vs_era,none,,,exploratory,One of 444 disclosed exploratory tests.,No-change surprise: 0.005%,register,444
future,10.987575641079246,future,7.030761583238252,15.345644945745105,5e-05,0.0222,4.999750012499375e-05,registered-trends exploratory 444,speech,20000,genre_standardized · delta_last_minus_first,none,,,exploratory,One of 444 disclosed exploratory tests.,No-change surprise: 0.005%,register,444
future,12.602437862481569,future,10.612031679143204,14.740429591425304,5e-05,0.0222,4.999750012499375e-05,registered-trends exploratory 444,speech,20000,genre_standardized · delta_modern_minus_early,none,,,exploratory,One of 444 disclosed exploratory tests.,No-change surprise: 0.005%,register,444
future,12.250980815058345,future,10.286730265334736,14.31907053024264,5e-05,0.0222,4.999750012499375e-05,registered-trends exploratory 444,speech,20000,genre_standardized · delta_modern_minus_postbellum,none,,,post-hoc,One of 444 disclosed exploratory tests.,No-change surprise: 0.005%,register,444
future,0.6666666666666666,future,0.6166666666666667,0.8,5e-05,0.0222,4.999750012499375e-05,registered-trends exploratory 444,speech,20000,genre_standardized · spearman_vs_era,none,,,exploratory,One of 444 disclosed exploratory tests.,No-change surprise: 0.005%,register,444
future,8.152248543714201,future,4.815546575752019,11.555029783194056,0.0001,0.0222,4.999750012499375e-05,registered-trends exploratory 444,speech,20000,raw · delta_last_minus_first,none,,,exploratory,One of 444 disclosed exploratory tests.,No-change surprise: 0.01%,register,444
future,9.875038321662895,future,8.437002246212613,11.358688616306907,5e-05,0.0222,4.999750012499375e-05,registered-trends exploratory 444,speech,20000,raw · delta_modern_minus_early,none,,,exploratory,One of 444 disclosed exploratory tests.,No-change surprise: 0.005%,register,444
future,8.969495495139505,future,7.704277978489415,10.301951169848916,5e-05,0.0222,4.999750012499375e-05,registered-trends exploratory 444,speech,20000,raw · delta_modern_minus_postbellum,none,,,post-hoc,One of 444 disclosed exploratory tests.,No-change surprise: 0.005%,register,444
future,0.7,future,0.6333333333333333,0.7833333333333333,5e-05,0.0222,4.999750012499375e-05,registered-trends exploratory 444,speech,20000,raw · spearman_vs_era,none,,,exploratory,One of 444 disclosed exploratory tests.,No-change surprise: 0.005%,register,444
future,10.558571010706991,future,6.477328855949005,15.138376054969225,5e-05,0.0222,4.999750012499375e-05,registered-trends exploratory 444,speech,20000,sotu_only · delta_last_minus_first,none,,,exploratory,One of 444 disclosed exploratory tests.,No-change surprise: 0.005%,register,444
future,12.950710054622828,future,10.685674466015255,15.49860250382516,5e-05,0.0222,4.999750012499375e-05,registered-trends exploratory 444,speech,20000,sotu_only · delta_modern_minus_early,none,,,exploratory,One of 444 disclosed exploratory tests.,No-change surprise: 0.005%,register,444
future,12.818162810953503,future,10.580254478825534,15.276877689204829,5e-05,0.0222,4.999750012499375e-05,registered-trends exploratory 444,speech,20000,sotu_only · delta_modern_minus_postbellum,none,,,post-hoc,One of 444 disclosed exploratory tests.,No-change surprise: 0.005%,register,444
future,0.6666666666666666,future,0.6166666666666667,0.8,5e-05,0.0222,4.999750012499375e-05,registered-trends exploratory 444,speech,20000,sotu_only · spearman_vs_era,none,,,exploratory,One of 444 disclosed exploratory tests.,No-change surprise: 0.005%,register,444
hedges,-40.829661352442336,hedges,-47.419712816273375,-33.33395302029878,5e-05,0.0222,4.999750012499375e-05,registered-trends exploratory 444,speech,20000,genre_standardized · delta_last_minus_first,none,,,exploratory,One of 444 disclosed exploratory tests.,No-change surprise: 0.005%,register,444
hedges,-36.399675917408715,hedges,-39.50391298399402,-33.06540424206243,5e-05,0.0222,4.999750012499375e-05,registered-trends exploratory 444,speech,20000,genre_standardized · delta_modern_minus_early,none,,,exploratory,One of 444 disclosed exploratory tests.,No-change surprise: 0.005%,register,444
hedges,-22.55728358820171,hedges,-24.646978887578232,-20.38862630642116,5e-05,0.0222,4.999750012499375e-05,registered-trends exploratory 444,speech,20000,genre_standardized · delta_modern_minus_postbellum,none,,,post-hoc,One of 444 disclosed exploratory tests.,No-change surprise: 0.005%,register,444
hedges,-1.0,hedges,-1.0,-0.9333333333333333,5e-05,0.0222,4.999750012499375e-05,registered-trends exploratory 444,speech,20000,genre_standardized · spearman_vs_era,none,,,exploratory,One of 444 disclosed exploratory tests.,No-change surprise: 0.005%,register,444
hedges,-39.43139498246866,hedges,-47.13917050835083,-30.542471986111927,5e-05,0.0222,4.999750012499375e-05,registered-trends exploratory 444,speech,20000,raw · delta_last_minus_first,none,,,exploratory,One of 444 disclosed exploratory tests.,No-change surprise: 0.005%,register,444
hedges,-31.699879886036143,hedges,-34.97219743757416,-28.104500773417023,5e-05,0.0222,4.999750012499375e-05,registered-trends exploratory 444,speech,20000,raw · delta_modern_minus_early,none,,,exploratory,One of 444 disclosed exploratory tests.,No-change surprise: 0.005%,register,444
hedges,-17.24920897586245,hedges,-19.122840953320235,-15.453303709306208,5e-05,0.0222,4.999750012499375e-05,registered-trends exploratory 444,speech,20000,raw · delta_modern_minus_postbellum,none,,,post-hoc,One of 444 disclosed exploratory tests.,No-change surprise: 0.005%,register,444
hedges,-1.0,hedges,-1.0,-0.9166666666666666,5e-05,0.0222,4.999750012499375e-05,registered-trends exploratory 444,speech,20000,raw · spearman_vs_era,none,,,exploratory,One of 444 disclosed exploratory tests.,No-change surprise: 0.005%,register,444
hedges,-39.313387181177916,hedges,-46.27999353809937,-31.038039778742657,5e-05,0.0222,4.999750012499375e-05,registered-trends exploratory 444,speech,20000,sotu_only · delta_last_minus_first,none,,,exploratory,One of 444 disclosed exploratory tests.,No-change surprise: 0.005%,register,444
hedges,-35.711697634307384,hedges,-39.013928513306,-32.18924657227616,5e-05,0.0222,4.999750012499375e-05,registered-trends exploratory 444,speech,20000,sotu_only · delta_modern_minus_early,none,,,exploratory,One of 444 disclosed exploratory tests.,No-change surprise: 0.005%,register,444
hedges,-22.850039295791298,hedges,-25.293279716423385,-20.39566178483981,5e-05,0.0222,4.999750012499375e-05,registered-trends exploratory 444,speech,20000,sotu_only · delta_modern_minus_postbellum,none,,,post-hoc,One of 444 disclosed exploratory tests.,No-change surprise: 0.005%,register,444
hedges,-0.95,hedges,-1.0,-0.8833333333333333,5e-05,0.0222,4.999750012499375e-05,registered-trends exploratory 444,speech,20000,sotu_only · spearman_vs_era,none,,,exploratory,One of 444 disclosed exploratory tests.,No-change surprise: 0.005%,register,444
hype,15.907368021815959,hype,10.625320230174516,21.280772679550022,5e-05,0.0222,4.999750012499375e-05,registered-trends exploratory 444,speech,20000,genre_standardized · delta_last_minus_first,none,,,exploratory,One of 444 disclosed exploratory tests.,No-change surprise: 0.005%,register,444
hype,8.800742171777372,hype,6.905132556795733,10.79755236819463,5e-05,0.0222,4.999750012499375e-05,registered-trends exploratory 444,speech,20000,genre_standardized · delta_modern_minus_early,none,,,exploratory,One of 444 disclosed exploratory tests.,No-change surprise: 0.005%,register,444
hype,7.55979089297707,hype,5.601498646022168,9.561612437883127,5e-05,0.0222,4.999750012499375e-05,registered-trends exploratory 444,speech,20000,genre_standardized · delta_modern_minus_postbellum,none,,,post-hoc,One of 444 disclosed exploratory tests.,No-change surprise: 0.005%,register,444
hype,0.9333333333333333,hype,0.8,0.9833333333333333,5e-05,0.0222,4.999750012499375e-05,registered-trends exploratory 444,speech,20000,genre_standardized · spearman_vs_era,none,,,exploratory,One of 444 disclosed exploratory tests.,No-change surprise: 0.005%,register,444
hype,17.163677113618274,hype,13.788795476248925,20.55108953348572,5e-05,0.0222,4.999750012499375e-05,registered-trends exploratory 444,speech,20000,raw · delta_last_minus_first,none,,,exploratory,One of 444 disclosed exploratory tests.,No-change surprise: 0.005%,register,444
hype,8.441412474140918,hype,7.188144726118339,9.681365786795952,5e-05,0.0222,4.999750012499375e-05,registered-trends exploratory 444,speech,20000,raw · delta_modern_minus_early,none,,,exploratory,One of 444 disclosed exploratory tests.,No-change surprise: 0.005%,register,444
hype,7.2834658617612815,hype,6.070547725377115,8.426848016865033,5e-05,0.0222,4.999750012499375e-05,registered-trends exploratory 444,speech,20000,raw · delta_modern_minus_postbellum,none,,,post-hoc,One of 444 disclosed exploratory tests.,No-change surprise: 0.005%,register,444
hype,0.85,hype,0.6666666666666666,0.9666666666666667,5e-05,0.0222,4.999750012499375e-05,registered-trends exploratory 444,speech,20000,raw · spearman_vs_era,none,,,exploratory,One of 444 disclosed exploratory tests.,No-change surprise: 0.005%,register,444
hype,15.534423621997101,hype,10.107591789458048,21.07144791095364,5e-05,0.0222,4.999750012499375e-05,registered-trends exploratory 444,speech,20000,sotu_only · delta_last_minus_first,none,,,exploratory,One of 444 disclosed exploratory tests.,No-change surprise: 0.005%,register,444
hype,8.890851608114577,hype,6.786568436321525,11.039119295076945,5e-05,0.0222,4.999750012499375e-05,registered-trends exploratory 444,speech,20000,sotu_only · delta_modern_minus_early,none,,,exploratory,One of 444 disclosed exploratory tests.,No-change surprise: 0.005%,register,444
hype,7.85289563191143,hype,5.716831484534566,10.02521606601547,5e-05,0.0222,4.999750012499375e-05,registered-trends exploratory 444,speech,20000,sotu_only · delta_modern_minus_postbellum,none,,,post-hoc,One of 444 disclosed exploratory tests.,No-change surprise: 0.005%,register,444
hype,0.9166666666666666,hype,0.8,0.9833333333333333,5e-05,0.0222,4.999750012499375e-05,registered-trends exploratory 444,speech,20000,sotu_only · spearman_vs_era,none,,,exploratory,One of 444 disclosed exploratory tests.,No-change surprise: 0.005%,register,444
labels_per_1k_words,4.095746450305882,labels_per_1k_words,1.7183977095387426,6.372797137148369,0.001,0.161,4.999750012499375e-05,registered-trends exploratory 444,speech,20000,genre_standardized · delta_last_minus_first,legacy15,,,exploratory,One of 444 disclosed exploratory tests.,No-change surprise: 0.1%,register,444
labels_per_1k_words,3.270562477305347,labels_per_1k_words,2.3701732732393266,4.151187407976971,5e-05,0.0222,4.999750012499375e-05,registered-trends exploratory 444,speech,20000,genre_standardized · delta_modern_minus_early,legacy15,,,exploratory,One of 444 disclosed exploratory tests.,No-change surprise: 0.005%,register,444
labels_per_1k_words,2.1909212125201023,labels_per_1k_words,1.5672485692214868,2.8361224107432768,5e-05,0.0222,4.999750012499375e-05,registered-trends exploratory 444,speech,20000,genre_standardized · delta_modern_minus_postbellum,legacy15,,,post-hoc,One of 444 disclosed exploratory tests.,No-change surprise: 0.005%,register,444
labels_per_1k_words,0.9,labels_per_1k_words,0.6833333333333333,0.95,5e-05,0.0222,4.999750012499375e-05,registered-trends exploratory 444,speech,20000,genre_standardized · spearman_vs_era,legacy15,,,exploratory,One of 444 disclosed exploratory tests.,No-change surprise: 0.005%,register,444
labels_per_1k_words,1.4080547493235045,labels_per_1k_words,-0.6980985154021798,3.430577919457075,0.1886,1.0,4.999750012499375e-05,registered-trends exploratory 444,speech,20000,raw · delta_last_minus_first,legacy15,,,exploratory,One of 444 disclosed exploratory tests.,No-change surprise: 18.9%,register,444
labels_per_1k_words,1.0284923580200154,labels_per_1k_words,0.23591552661611265,1.797971116552148,0.0105,1.0,4.999750012499375e-05,registered-trends exploratory 444,speech,20000,raw · delta_modern_minus_early,legacy15,,,exploratory,One of 444 disclosed exploratory tests.,No-change surprise: 1.05%,register,444
labels_per_1k_words,-0.24492353397386246,labels_per_1k_words,-0.7686281030752458,0.3032359308776585,0.3865,1.0,4.999750012499375e-05,registered-trends exploratory 444,speech,20000,raw · delta_modern_minus_postbellum,legacy15,,,post-hoc,One of 444 disclosed exploratory tests.,No-change surprise: 38.6%,register,444
labels_per_1k_words,0.5,labels_per_1k_words,0.1,0.7333333333333333,0.0162,1.0,4.999750012499375e-05,registered-trends exploratory 444,speech,20000,raw · spearman_vs_era,legacy15,,,exploratory,One of 444 disclosed exploratory tests.,No-change surprise: 1.62%,register,444
labels_per_1k_words,3.6182478981349337,labels_per_1k_words,0.9992154352997955,6.092862050964336,0.0064,0.9216000000000001,4.999750012499375e-05,registered-trends exploratory 444,speech,20000,sotu_only · delta_last_minus_first,legacy15,,,exploratory,One of 444 disclosed exploratory tests.,No-change surprise: 0.64%,register,444
labels_per_1k_words,3.5393210411211626,labels_per_1k_words,2.530515793329551,4.508909883624911,5e-05,0.0222,4.999750012499375e-05,registered-trends exploratory 444,speech,20000,sotu_only · delta_modern_minus_early,legacy15,,,exploratory,One of 444 disclosed exploratory tests.,No-change surprise: 0.005%,register,444
labels_per_1k_words,2.2040910304543164,labels_per_1k_words,1.5465235444015177,2.893419453674635,5e-05,0.0222,4.999750012499375e-05,registered-trends exploratory 444,speech,20000,sotu_only · delta_modern_minus_postbellum,legacy15,,,post-hoc,One of 444 disclosed exploratory tests.,No-change surprise: 0.005%,register,444
labels_per_1k_words,0.9166666666666666,labels_per_1k_words,0.6666666666666666,0.9666666666666667,5e-05,0.0222,4.999750012499375e-05,registered-trends exploratory 444,speech,20000,sotu_only · spearman_vs_era,legacy15,,,exploratory,One of 444 disclosed exploratory tests.,No-change surprise: 0.005%,register,444
labels_per_1k_words,4.118288590323344,labels_per_1k_words,2.224369705839465,5.910380902264061,0.0001,0.0222,4.999750012499375e-05,registered-trends exploratory 444,speech,20000,genre_standardized · delta_last_minus_first,llm_level2,,,exploratory,One of 444 disclosed exploratory tests.,No-change surprise: 0.01%,register,444
labels_per_1k_words,3.726516117659873,labels_per_1k_words,2.991398170951247,4.4464391186280725,5e-05,0.0222,4.999750012499375e-05,registered-trends exploratory 444,speech,20000,genre_standardized · delta_modern_minus_early,llm_level2,,,exploratory,One of 444 disclosed exploratory tests.,No-change surprise: 0.005%,register,444
labels_per_1k_words,4.000616264176374,labels_per_1k_words,3.38821190799026,4.6158023990135195,5e-05,0.0222,4.999750012499375e-05,registered-trends exploratory 444,speech,20000,genre_standardized · delta_modern_minus_postbellum,llm_level2,,,post-hoc,One of 444 disclosed exploratory tests.,No-change surprise: 0.005%,register,444
labels_per_1k_words,0.6166666666666667,labels_per_1k_words,0.4666666666666667,0.7333333333333333,5e-05,0.0222,4.999750012499375e-05,registered-trends exploratory 444,speech,20000,genre_standardized · spearman_vs_era,llm_level2,,,exploratory,One of 444 disclosed exploratory tests.,No-change surprise: 0.005%,register,444
labels_per_1k_words,2.5389046413345184,labels_per_1k_words,0.7798406276032148,4.224388765614559,0.0056,0.8119999999999999,4.999750012499375e-05,registered-trends exploratory 444,speech,20000,raw · delta_last_minus_first,llm_level2,,,exploratory,One of 444 disclosed exploratory tests.,No-change surprise: 0.56%,register,444
labels_per_1k_words,3.1802949463007053,labels_per_1k_words,2.5095791471117415,3.8295169975404355,5e-05,0.0222,4.999750012499375e-05,registered-trends exploratory 444,speech,20000,raw · delta_modern_minus_early,llm_level2,,,exploratory,One of 444 disclosed exploratory tests.,No-change surprise: 0.005%,register,444
labels_per_1k_words,2.9771563255667903,labels_per_1k_words,2.4686091876047036,3.46700496436482,5e-05,0.0222,4.999750012499375e-05,registered-trends exploratory 444,speech,20000,raw · delta_modern_minus_postbellum,llm_level2,,,post-hoc,One of 444 disclosed exploratory tests.,No-change surprise: 0.005%,register,444
labels_per_1k_words,0.6666666666666666,labels_per_1k_words,0.55,0.7833333333333333,5e-05,0.0222,4.999750012499375e-05,registered-trends exploratory 444,speech,20000,raw · spearman_vs_era,llm_level2,,,exploratory,One of 444 disclosed exploratory tests.,No-change surprise: 0.005%,register,444
labels_per_1k_words,3.3473822174405683,labels_per_1k_words,1.32626350767433,5.198149867427305,0.0006,0.1026,4.999750012499375e-05,registered-trends exploratory 444,speech,20000,sotu_only · delta_last_minus_first,llm_level2,,,exploratory,One of 444 disclosed exploratory tests.,No-change surprise: 0.06%,register,444
labels_per_1k_words,3.7223778308124977,labels_per_1k_words,2.886140295040657,4.514750284646715,5e-05,0.0222,4.999750012499375e-05,registered-trends exploratory 444,speech,20000,sotu_only · delta_modern_minus_early,llm_level2,,,exploratory,One of 444 disclosed exploratory tests.,No-change surprise: 0.005%,register,444
labels_per_1k_words,4.1381730748710766,labels_per_1k_words,3.4427848770802227,4.818721894165174,5e-05,0.0222,4.999750012499375e-05,registered-trends exploratory 444,speech,20000,sotu_only · delta_modern_minus_postbellum,llm_level2,,,post-hoc,One of 444 disclosed exploratory tests.,No-change surprise: 0.005%,register,444
labels_per_1k_words,0.6166666666666667,labels_per_1k_words,0.4,0.7,5e-05,0.0222,4.999750012499375e-05,registered-trends exploratory 444,speech,20000,sotu_only · spearman_vs_era,llm_level2,,,exploratory,One of 444 disclosed exploratory tests.,No-change surprise: 0.005%,register,444
labels_per_paragraph,0.05834648332135606,labels_per_paragraph,-0.268113603908935,0.3706714271870467,0.7209,1.0,4.999750012499375e-05,registered-trends exploratory 444,speech,20000,genre_standardized · delta_last_minus_first,legacy15,,,exploratory,One of 444 disclosed exploratory tests.,No-change surprise: 72.1%,register,444
labels_per_paragraph,0.04149485900606331,labels_per_paragraph,-0.07984704293716974,0.15967234403866537,0.5055,1.0,4.999750012499375e-05,registered-trends exploratory 444,speech,20000,genre_standardized · delta_modern_minus_early,legacy15,,,exploratory,One of 444 disclosed exploratory tests.,No-change surprise: 50.5%,register,444
labels_per_paragraph,-0.059545164979545095,labels_per_paragraph,-0.13510970642409884,0.022333342842078368,0.1518,1.0,4.999750012499375e-05,registered-trends exploratory 444,speech,20000,genre_standardized · delta_modern_minus_postbellum,legacy15,,,post-hoc,One of 444 disclosed exploratory tests.,No-change surprise: 15.2%,register,444
labels_per_paragraph,0.48333333333333334,labels_per_paragraph,-0.2833333333333333,0.7166666666666667,0.3944,1.0,4.999750012499375e-05,registered-trends exploratory 444,speech,20000,genre_standardized · spearman_vs_era,legacy15,,,exploratory,One of 444 disclosed exploratory tests.,No-change surprise: 39.4%,register,444
labels_per_paragraph,-0.10247005912882867,labels_per_paragraph,-0.3677434903623915,0.1377232223431705,0.4221,1.0,4.999750012499375e-05,registered-trends exploratory 444,speech,20000,raw · delta_last_minus_first,legacy15,,,exploratory,One of 444 disclosed exploratory tests.,No-change surprise: 42.2%,register,444
labels_per_paragraph,-0.14546199595937193,labels_per_paragraph,-0.24484494294445294,-0.05083195293679361,0.002,0.31,4.999750012499375e-05,registered-trends exploratory 444,speech,20000,raw · delta_modern_minus_early,legacy15,,,exploratory,One of 444 disclosed exploratory tests.,No-change surprise: 0.2%,register,444
labels_per_paragraph,-0.2600455775164885,labels_per_paragraph,-0.3190506518647572,-0.19821265211281375,5e-05,0.0222,4.999750012499375e-05,registered-trends exploratory 444,speech,20000,raw · delta_modern_minus_postbellum,legacy15,,,post-hoc,One of 444 disclosed exploratory tests.,No-change surprise: 0.005%,register,444
labels_per_paragraph,-0.2833333333333333,labels_per_paragraph,-0.5333333333333333,0.03333333333333333,0.0986,1.0,4.999750012499375e-05,registered-trends exploratory 444,speech,20000,raw · spearman_vs_era,legacy15,,,exploratory,One of 444 disclosed exploratory tests.,No-change surprise: 9.86%,register,444
labels_per_paragraph,0.0455598455598456,labels_per_paragraph,-0.30022278672842156,0.37078088482136407,0.7875,1.0,4.999750012499375e-05,registered-trends exploratory 444,speech,20000,sotu_only · delta_last_minus_first,legacy15,,,exploratory,One of 444 disclosed exploratory tests.,No-change surprise: 78.8%,register,444
labels_per_paragraph,0.06286292834373963,labels_per_paragraph,-0.07115331860973333,0.1893500220630394,0.3472,1.0,4.999750012499375e-05,registered-trends exploratory 444,speech,20000,sotu_only · delta_modern_minus_early,legacy15,,,exploratory,One of 444 disclosed exploratory tests.,No-change surprise: 34.7%,register,444
labels_per_paragraph,-0.06113741219466862,labels_per_paragraph,-0.14274677585704815,0.025912885951924623,0.1769,1.0,4.999750012499375e-05,registered-trends exploratory 444,speech,20000,sotu_only · delta_modern_minus_postbellum,legacy15,,,post-hoc,One of 444 disclosed exploratory tests.,No-change surprise: 17.7%,register,444
labels_per_paragraph,0.25,labels_per_paragraph,-0.2833333333333333,0.7833333333333333,0.371,1.0,4.999750012499375e-05,registered-trends exploratory 444,speech,20000,sotu_only · spearman_vs_era,legacy15,,,exploratory,One of 444 disclosed exploratory tests.,No-change surprise: 37.1%,register,444
labels_per_paragraph,-0.014326088694591066,labels_per_paragraph,-0.15152156888983534,0.12132165400889457,0.8421,1.0,4.999750012499375e-05,registered-trends exploratory 444,speech,20000,genre_standardized · delta_last_minus_first,llm_level2,,,exploratory,One of 444 disclosed exploratory tests.,No-change surprise: 84.2%,register,444
labels_per_paragraph,0.047553941283224654,labels_per_paragraph,-0.0147393523817544,0.11031472200397109,0.1332,1.0,4.999750012499375e-05,registered-trends exploratory 444,speech,20000,genre_standardized · delta_modern_minus_early,llm_level2,,,exploratory,One of 444 disclosed exploratory tests.,No-change surprise: 13.3%,register,444
labels_per_paragraph,0.11955906813566397,labels_per_paragraph,0.06173554562576665,0.1762296673473055,0.0001,0.0222,4.999750012499375e-05,registered-trends exploratory 444,speech,20000,genre_standardized · delta_modern_minus_postbellum,llm_level2,,,post-hoc,One of 444 disclosed exploratory tests.,No-change surprise: 0.01%,register,444
labels_per_paragraph,0.25,labels_per_paragraph,-0.1,0.6166666666666667,0.1706,1.0,4.999750012499375e-05,registered-trends exploratory 444,speech,20000,genre_standardized · spearman_vs_era,llm_level2,,,exploratory,One of 444 disclosed exploratory tests.,No-change surprise: 17.1%,register,444
labels_per_paragraph,-0.08776966861754998,labels_per_paragraph,-0.24611196110418757,0.056826501230534794,0.26,1.0,4.999750012499375e-05,registered-trends exploratory 444,speech,20000,raw · delta_last_minus_first,llm_level2,,,exploratory,One of 444 disclosed exploratory tests.,No-change surprise: 26%,register,444
labels_per_paragraph,0.025796702906783153,labels_per_paragraph,-0.03685951915157792,0.08490657694246158,0.4147,1.0,4.999750012499375e-05,registered-trends exploratory 444,speech,20000,raw · delta_modern_minus_early,llm_level2,,,exploratory,One of 444 disclosed exploratory tests.,No-change surprise: 41.5%,register,444
labels_per_paragraph,0.05073057350938481,labels_per_paragraph,-0.0035672590628275376,0.10068986021175541,0.0667,1.0,4.999750012499375e-05,registered-trends exploratory 444,speech,20000,raw · delta_modern_minus_postbellum,llm_level2,,,post-hoc,One of 444 disclosed exploratory tests.,No-change surprise: 6.67%,register,444
labels_per_paragraph,0.13333333333333333,labels_per_paragraph,-0.25,0.55,0.5782,1.0,4.999750012499375e-05,registered-trends exploratory 444,speech,20000,raw · spearman_vs_era,llm_level2,,,exploratory,One of 444 disclosed exploratory tests.,No-change surprise: 57.8%,register,444
labels_per_paragraph,-0.0455598455598456,labels_per_paragraph,-0.192658671497308,0.102329120202536,0.5336,1.0,4.999750012499375e-05,registered-trends exploratory 444,speech,20000,sotu_only · delta_last_minus_first,llm_level2,,,exploratory,One of 444 disclosed exploratory tests.,No-change surprise: 53.4%,register,444
labels_per_paragraph,0.04964550782866883,labels_per_paragraph,-0.01934893655810303,0.12021292155575035,0.1663,1.0,4.999750012499375e-05,registered-trends exploratory 444,speech,20000,sotu_only · delta_modern_minus_early,llm_level2,,,exploratory,One of 444 disclosed exploratory tests.,No-change surprise: 16.6%,register,444
labels_per_paragraph,0.14134087488142932,labels_per_paragraph,0.0742569477083815,0.20453284549752399,5e-05,0.0222,4.999750012499375e-05,registered-trends exploratory 444,speech,20000,sotu_only · delta_modern_minus_postbellum,llm_level2,,,post-hoc,One of 444 disclosed exploratory tests.,No-change surprise: 0.005%,register,444
labels_per_paragraph,0.15,labels_per_paragraph,-0.11666666666666667,0.5666666666666667,0.1896,1.0,4.999750012499375e-05,registered-trends exploratory 444,speech,20000,sotu_only · spearman_vs_era,llm_level2,,,exploratory,One of 444 disclosed exploratory tests.,No-change surprise: 19%,register,444
mean_paragraph_words,-31.1927383217446,mean_paragraph_words,-43.59169688671599,-18.476909416785706,5e-05,0.0222,4.999750012499375e-05,registered-trends exploratory 444,speech,20000,genre_standardized · delta_last_minus_first,none,,,exploratory,One of 444 disclosed exploratory tests.,No-change surprise: 0.005%,register,444
mean_paragraph_words,-27.93219524878471,mean_paragraph_words,-32.75294450225715,-22.88153962880164,5e-05,0.0222,4.999750012499375e-05,registered-trends exploratory 444,speech,20000,genre_standardized · delta_modern_minus_early,none,,,exploratory,One of 444 disclosed exploratory tests.,No-change surprise: 0.005%,register,444
mean_paragraph_words,-24.222827388590574,mean_paragraph_words,-28.12529733644618,-19.822554482254375,5e-05,0.0222,4.999750012499375e-05,registered-trends exploratory 444,speech,20000,genre_standardized · delta_modern_minus_postbellum,none,,,post-hoc,One of 444 disclosed exploratory tests.,No-change surprise: 0.005%,register,444
mean_paragraph_words,-0.6333333333333333,mean_paragraph_words,-0.8666666666666667,-0.5333333333333333,5e-05,0.0222,4.999750012499375e-05,registered-trends exploratory 444,speech,20000,genre_standardized · spearman_vs_era,none,,,exploratory,One of 444 disclosed exploratory tests.,No-change surprise: 0.005%,register,444
mean_paragraph_words,-27.66329244174956,mean_paragraph_words,-38.47200232928416,-18.947955614016912,5e-05,0.0222,4.999750012499375e-05,registered-trends exploratory 444,speech,20000,raw · delta_last_minus_first,none,,,exploratory,One of 444 disclosed exploratory tests.,No-change surprise: 0.005%,register,444
mean_paragraph_words,-26.668437380069562,mean_paragraph_words,-30.765875121539427,-23.1196086872941,5e-05,0.0222,4.999750012499375e-05,registered-trends exploratory 444,speech,20000,raw · delta_modern_minus_early,none,,,exploratory,One of 444 disclosed exploratory tests.,No-change surprise: 0.005%,register,444
mean_paragraph_words,-21.998098352571873,mean_paragraph_words,-24.659195023726955,-19.36872307321126,5e-05,0.0222,4.999750012499375e-05,registered-trends exploratory 444,speech,20000,raw · delta_modern_minus_postbellum,none,,,post-hoc,One of 444 disclosed exploratory tests.,No-change surprise: 0.005%,register,444
mean_paragraph_words,-0.8333333333333334,mean_paragraph_words,-0.9333333333333333,-0.5666666666666667,5e-05,0.0222,4.999750012499375e-05,registered-trends exploratory 444,speech,20000,raw · spearman_vs_era,none,,,exploratory,One of 444 disclosed exploratory tests.,No-change surprise: 0.005%,register,444
mean_paragraph_words,-27.12355212355213,mean_paragraph_words,-39.219397668620964,-14.296672665835446,5e-05,0.0222,4.999750012499375e-05,registered-trends exploratory 444,speech,20000,sotu_only · delta_last_minus_first,none,,,exploratory,One of 444 disclosed exploratory tests.,No-change surprise: 0.005%,register,444
mean_paragraph_words,-27.130766128579452,mean_paragraph_words,-32.017919852571055,-21.754818943509374,5e-05,0.0222,4.999750012499375e-05,registered-trends exploratory 444,speech,20000,sotu_only · delta_modern_minus_early,none,,,exploratory,One of 444 disclosed exploratory tests.,No-change surprise: 0.005%,register,444
mean_paragraph_words,-23.012434772026566,mean_paragraph_words,-27.377336302732637,-18.17807284491498,5e-05,0.0222,4.999750012499375e-05,registered-trends exploratory 444,speech,20000,sotu_only · delta_modern_minus_postbellum,none,,,post-hoc,One of 444 disclosed exploratory tests.,No-change surprise: 0.005%,register,444
mean_paragraph_words,-0.6333333333333333,mean_paragraph_words,-0.8333333333333334,-0.5333333333333333,5e-05,0.0222,4.999750012499375e-05,registered-trends exploratory 444,speech,20000,sotu_only · spearman_vs_era,none,,,exploratory,One of 444 disclosed exploratory tests.,No-change surprise: 0.005%,register,444
mechanism,-26.71085644974312,mechanism,-39.37002747959486,-13.459187359385783,0.0001,0.0222,4.999750012499375e-05,registered-trends exploratory 444,speech,20000,genre_standardized · delta_last_minus_first,none,,,exploratory,One of 444 disclosed exploratory tests.,No-change surprise: 0.01%,register,444
mechanism,-24.290528596634825,mechanism,-29.852448969581484,-18.669794949772875,5e-05,0.0222,4.999750012499375e-05,registered-trends exploratory 444,speech,20000,genre_standardized · delta_modern_minus_early,none,,,exploratory,One of 444 disclosed exploratory tests.,No-change surprise: 0.005%,register,444
mechanism,-24.689896382732353,mechanism,-30.370514696592917,-19.190974737721522,5e-05,0.0222,4.999750012499375e-05,registered-trends exploratory 444,speech,20000,genre_standardized · delta_modern_minus_postbellum,none,,,post-hoc,One of 444 disclosed exploratory tests.,No-change surprise: 0.005%,register,444
mechanism,-0.8,mechanism,-0.9166666666666666,-0.5,5e-05,0.0222,4.999750012499375e-05,registered-trends exploratory 444,speech,20000,genre_standardized · spearman_vs_era,none,,,exploratory,One of 444 disclosed exploratory tests.,No-change surprise: 0.005%,register,444
mechanism,-21.84633009733142,mechanism,-34.3263095654549,-10.846285640897172,5e-05,0.0222,4.999750012499375e-05,registered-trends exploratory 444,speech,20000,raw · delta_last_minus_first,none,,,exploratory,One of 444 disclosed exploratory tests.,No-change surprise: 0.005%,register,444
mechanism,-24.7900742015294,mechanism,-29.770113470431667,-19.99773005513862,5e-05,0.0222,4.999750012499375e-05,registered-trends exploratory 444,speech,20000,raw · delta_modern_minus_early,none,,,exploratory,One of 444 disclosed exploratory tests.,No-change surprise: 0.005%,register,444
mechanism,-26.433652494902326,mechanism,-30.680457658801096,-22.458381939004166,5e-05,0.0222,4.999750012499375e-05,registered-trends exploratory 444,speech,20000,raw · delta_modern_minus_postbellum,none,,,post-hoc,One of 444 disclosed exploratory tests.,No-change surprise: 0.005%,register,444
mechanism,-0.7166666666666667,mechanism,-0.85,-0.6333333333333333,5e-05,0.0222,4.999750012499375e-05,registered-trends exploratory 444,speech,20000,raw · spearman_vs_era,none,,,exploratory,One of 444 disclosed exploratory tests.,No-change surprise: 0.005%,register,444
mechanism,-30.031508344480514,mechanism,-42.82140358740965,-16.013281593380228,0.0001,0.0222,4.999750012499375e-05,registered-trends exploratory 444,speech,20000,sotu_only · delta_last_minus_first,none,,,exploratory,One of 444 disclosed exploratory tests.,No-change surprise: 0.01%,register,444
mechanism,-27.043416220889885,mechanism,-32.83772071286101,-20.759332777493366,5e-05,0.0222,4.999750012499375e-05,registered-trends exploratory 444,speech,20000,sotu_only · delta_modern_minus_early,none,,,exploratory,One of 444 disclosed exploratory tests.,No-change surprise: 0.005%,register,444
mechanism,-21.172563614101097,mechanism,-25.794566491133413,-16.132802822612746,5e-05,0.0222,4.999750012499375e-05,registered-trends exploratory 444,speech,20000,sotu_only · delta_modern_minus_postbellum,none,,,post-hoc,One of 444 disclosed exploratory tests.,No-change surprise: 0.005%,register,444
mechanism,-0.9166666666666666,mechanism,-0.9833333333333333,-0.6833333333333333,5e-05,0.0222,4.999750012499375e-05,registered-trends exploratory 444,speech,20000,sotu_only · spearman_vs_era,none,,,exploratory,One of 444 disclosed exploratory tests.,No-change surprise: 0.005%,register,444
neither_share,-0.11410982546208251,neither_share,-0.2137537019303317,0.0006542728815245373,0.0517,1.0,4.999750012499375e-05,registered-trends exploratory 444,speech,20000,genre_standardized · delta_last_minus_first,none,,,exploratory,One of 444 disclosed exploratory tests.,No-change surprise: 5.17%,register,444
neither_share,-0.2538132502244458,neither_share,-0.29634146723388816,-0.20758384717283052,5e-05,0.0222,4.999750012499375e-05,registered-trends exploratory 444,speech,20000,genre_standardized · delta_modern_minus_early,none,,,exploratory,One of 444 disclosed exploratory tests.,No-change surprise: 0.005%,register,444
neither_share,-0.19180618219778886,neither_share,-0.229282990837051,-0.15389323831486654,5e-05,0.0222,4.999750012499375e-05,registered-trends exploratory 444,speech,20000,genre_standardized · delta_modern_minus_postbellum,none,,,post-hoc,One of 444 disclosed exploratory tests.,No-change surprise: 0.005%,register,444
neither_share,-0.7833333333333333,neither_share,-0.85,-0.6,5e-05,0.0222,4.999750012499375e-05,registered-trends exploratory 444,speech,20000,genre_standardized · spearman_vs_era,none,,,exploratory,One of 444 disclosed exploratory tests.,No-change surprise: 0.005%,register,444
neither_share,0.09245480007629525,neither_share,-0.012118082248113905,0.19523923760370535,0.0847,1.0,4.999750012499375e-05,registered-trends exploratory 444,speech,20000,raw · delta_last_minus_first,none,,,exploratory,One of 444 disclosed exploratory tests.,No-change surprise: 8.47%,register,444
neither_share,-0.09250722856849047,neither_share,-0.13860609471245794,-0.04736283267908443,0.0003,0.0525,4.999750012499375e-05,registered-trends exploratory 444,speech,20000,raw · delta_modern_minus_early,none,,,exploratory,One of 444 disclosed exploratory tests.,No-change surprise: 0.03%,register,444
neither_share,-0.059709611380101335,neither_share,-0.10047445894268928,-0.01925185809737662,0.0028,0.4228,4.999750012499375e-05,registered-trends exploratory 444,speech,20000,raw · delta_modern_minus_postbellum,none,,,post-hoc,One of 444 disclosed exploratory tests.,No-change surprise: 0.28%,register,444
neither_share,-0.48333333333333334,neither_share,-0.6666666666666666,-0.13333333333333333,0.0114,1.0,4.999750012499375e-05,registered-trends exploratory 444,speech,20000,raw · spearman_vs_era,none,,,exploratory,One of 444 disclosed exploratory tests.,No-change surprise: 1.14%,register,444
neither_share,-0.1142857142857143,neither_share,-0.21808609735481257,0.007245741879129426,0.0627,1.0,4.999750012499375e-05,registered-trends exploratory 444,speech,20000,sotu_only · delta_last_minus_first,none,,,exploratory,One of 444 disclosed exploratory tests.,No-change surprise: 6.27%,register,444
neither_share,-0.2623647322714495,neither_share,-0.30809447648582317,-0.21309677931317023,5e-05,0.0222,4.999750012499375e-05,registered-trends exploratory 444,speech,20000,sotu_only · delta_modern_minus_early,none,,,exploratory,One of 444 disclosed exploratory tests.,No-change surprise: 0.005%,register,444
neither_share,-0.17615117617478157,neither_share,-0.2181374835304047,-0.13403414793971605,5e-05,0.0222,4.999750012499375e-05,registered-trends exploratory 444,speech,20000,sotu_only · delta_modern_minus_postbellum,none,,,post-hoc,One of 444 disclosed exploratory tests.,No-change surprise: 0.005%,register,444
neither_share,-0.7166666666666667,neither_share,-0.8833333333333333,-0.6,5e-05,0.0222,4.999750012499375e-05,registered-trends exploratory 444,speech,20000,sotu_only · spearman_vs_era,none,,,exploratory,One of 444 disclosed exploratory tests.,No-change surprise: 0.005%,register,444
non_policy_share,-0.04884132713728834,non_policy_share,-0.14620370734026153,0.051769522504164625,0.3384,1.0,4.999750012499375e-05,registered-trends exploratory 444,speech,20000,genre_standardized · delta_last_minus_first,legacy15,,,exploratory,One of 444 disclosed exploratory tests.,No-change surprise: 33.8%,register,444
non_policy_share,-0.029706260928533734,non_policy_share,-0.06773547545506489,0.009110495541012188,0.1307,1.0,4.999750012499375e-05,registered-trends exploratory 444,speech,20000,genre_standardized · delta_modern_minus_early,legacy15,,,exploratory,One of 444 disclosed exploratory tests.,No-change surprise: 13.1%,register,444
non_policy_share,0.023076982437725824,non_policy_share,-0.0025472287991494,0.04783969923039577,0.0793,1.0,4.999750012499375e-05,registered-trends exploratory 444,speech,20000,genre_standardized · delta_modern_minus_postbellum,legacy15,,,post-hoc,One of 444 disclosed exploratory tests.,No-change surprise: 7.93%,register,444
non_policy_share,-0.38333333333333336,non_policy_share,-0.7166666666666667,0.06666666666666667,0.1005,1.0,4.999750012499375e-05,registered-trends exploratory 444,speech,20000,genre_standardized · spearman_vs_era,legacy15,,,exploratory,One of 444 disclosed exploratory tests.,No-change surprise: 10.1%,register,444
non_policy_share,0.01566311625992589,non_policy_share,-0.08383533115686212,0.11633892153794669,0.7568,1.0,4.999750012499375e-05,registered-trends exploratory 444,speech,20000,raw · delta_last_minus_first,legacy15,,,exploratory,One of 444 disclosed exploratory tests.,No-change surprise: 75.7%,register,444
non_policy_share,0.04459459929719406,non_policy_share,0.006778796641908342,0.08252012416646874,0.0211,1.0,4.999750012499375e-05,registered-trends exploratory 444,speech,20000,raw · delta_modern_minus_early,legacy15,,,exploratory,One of 444 disclosed exploratory tests.,No-change surprise: 2.11%,register,444
non_policy_share,0.105211376001449,non_policy_share,0.0803678188752415,0.1287938620241863,5e-05,0.0222,4.999750012499375e-05,registered-trends exploratory 444,speech,20000,raw · delta_modern_minus_postbellum,legacy15,,,post-hoc,One of 444 disclosed exploratory tests.,No-change surprise: 0.005%,register,444
non_policy_share,0.18333333333333332,non_policy_share,-0.1,0.36666666666666664,0.2399,1.0,4.999750012499375e-05,registered-trends exploratory 444,speech,20000,raw · spearman_vs_era,legacy15,,,exploratory,One of 444 disclosed exploratory tests.,No-change surprise: 24%,register,444
non_policy_share,-0.04401544401544402,non_policy_share,-0.14460523784863102,0.061085383456284524,0.3995,1.0,4.999750012499375e-05,registered-trends exploratory 444,speech,20000,sotu_only · delta_last_minus_first,legacy15,,,exploratory,One of 444 disclosed exploratory tests.,No-change surprise: 40%,register,444
non_policy_share,-0.031450677598490295,non_policy_share,-0.0716979026099282,0.00977631615506126,0.1328,1.0,4.999750012499375e-05,registered-trends exploratory 444,speech,20000,sotu_only · delta_modern_minus_early,legacy15,,,exploratory,One of 444 disclosed exploratory tests.,No-change surprise: 13.3%,register,444
non_policy_share,0.025804341009498022,non_policy_share,-0.0011137448730818905,0.051865787321152275,0.0607,1.0,4.999750012499375e-05,registered-trends exploratory 444,speech,20000,sotu_only · delta_modern_minus_postbellum,legacy15,,,post-hoc,One of 444 disclosed exploratory tests.,No-change surprise: 6.07%,register,444
non_policy_share,-0.23333333333333334,non_policy_share,-0.7833333333333333,0.11666666666666667,0.1393,1.0,4.999750012499375e-05,registered-trends exploratory 444,speech,20000,sotu_only · spearman_vs_era,legacy15,,,exploratory,One of 444 disclosed exploratory tests.,No-change surprise: 13.9%,register,444
non_policy_share,-0.031148961981642992,non_policy_share,-0.0913515246046342,0.024672640158276884,0.2773,1.0,4.999750012499375e-05,registered-trends exploratory 444,speech,20000,genre_standardized · delta_last_minus_first,llm_level2,,,exploratory,One of 444 disclosed exploratory tests.,No-change surprise: 27.7%,register,444
non_policy_share,0.030258012016596045,non_policy_share,0.006580769675451688,0.05280128409114019,0.0138,1.0,4.999750012499375e-05,registered-trends exploratory 444,speech,20000,genre_standardized · delta_modern_minus_early,llm_level2,,,exploratory,One of 444 disclosed exploratory tests.,No-change surprise: 1.38%,register,444
non_policy_share,0.06330385471329687,non_policy_share,0.04684799592468803,0.08012978886708895,5e-05,0.0222,4.999750012499375e-05,registered-trends exploratory 444,speech,20000,genre_standardized · delta_modern_minus_postbellum,llm_level2,,,post-hoc,One of 444 disclosed exploratory tests.,No-change surprise: 0.005%,register,444
non_policy_share,0.18333333333333332,non_policy_share,0.06666666666666667,0.4666666666666667,0.0014,0.2212,4.999750012499375e-05,registered-trends exploratory 444,speech,20000,genre_standardized · spearman_vs_era,llm_level2,,,exploratory,One of 444 disclosed exploratory tests.,No-change surprise: 0.14%,register,444
non_policy_share,-0.017814441890114746,non_policy_share,-0.11311180863727227,0.05836261339400171,0.6796,1.0,4.999750012499375e-05,registered-trends exploratory 444,speech,20000,raw · delta_last_minus_first,llm_level2,,,exploratory,One of 444 disclosed exploratory tests.,No-change surprise: 68%,register,444
non_policy_share,0.04975934180946397,non_policy_share,0.015124864582094862,0.07858001762360037,0.0064,0.9216000000000001,4.999750012499375e-05,registered-trends exploratory 444,speech,20000,raw · delta_modern_minus_early,llm_level2,,,exploratory,One of 444 disclosed exploratory tests.,No-change surprise: 0.64%,register,444
non_policy_share,0.07352379084129755,non_policy_share,0.05535470469002757,0.09270122019674691,5e-05,0.0222,4.999750012499375e-05,registered-trends exploratory 444,speech,20000,raw · delta_modern_minus_postbellum,llm_level2,,,post-hoc,One of 444 disclosed exploratory tests.,No-change surprise: 0.005%,register,444
non_policy_share,0.2833333333333333,non_policy_share,0.21666666666666667,0.6666666666666666,5e-05,0.0222,4.999750012499375e-05,registered-trends exploratory 444,speech,20000,raw · spearman_vs_era,llm_level2,,,exploratory,One of 444 disclosed exploratory tests.,No-change surprise: 0.005%,register,444
non_policy_share,-0.023166023166023175,non_policy_share,-0.08219713557732905,0.02919706133117165,0.3956,1.0,4.999750012499375e-05,registered-trends exploratory 444,speech,20000,sotu_only · delta_last_minus_first,llm_level2,,,exploratory,One of 444 disclosed exploratory tests.,No-change surprise: 39.6%,register,444
non_policy_share,0.030859758439131232,non_policy_share,0.006198144266961815,0.05390470356833471,0.0124,1.0,4.999750012499375e-05,registered-trends exploratory 444,speech,20000,sotu_only · delta_modern_minus_early,llm_level2,,,exploratory,One of 444 disclosed exploratory tests.,No-change surprise: 1.24%,register,444
non_policy_share,0.05323642554823779,non_policy_share,0.03485697211319687,0.0718368765899541,5e-05,0.0222,4.999750012499375e-05,registered-trends exploratory 444,speech,20000,sotu_only · delta_modern_minus_postbellum,llm_level2,,,post-hoc,One of 444 disclosed exploratory tests.,No-change surprise: 0.005%,register,444
non_policy_share,0.1,non_policy_share,0.016666666666666666,0.5166666666666667,0.0451,1.0,4.999750012499375e-05,registered-trends exploratory 444,speech,20000,sotu_only · spearman_vs_era,llm_level2,,,exploratory,One of 444 disclosed exploratory tests.,No-change surprise: 4.51%,register,444
normalized_entropy,0.08513038025131103,normalized_entropy,0.0452761472106558,0.13468764520495788,0.0001,0.0222,4.999750012499375e-05,registered-trends exploratory 444,speech,20000,genre_standardized · delta_last_minus_first,legacy15,,,exploratory,One of 444 disclosed exploratory tests.,No-change surprise: 0.01%,register,444
normalized_entropy,0.08320014663510844,normalized_entropy,0.06649986645312696,0.10364106073011808,5e-05,0.0222,4.999750012499375e-05,registered-trends exploratory 444,speech,20000,genre_standardized · delta_modern_minus_early,legacy15,,,exploratory,One of 444 disclosed exploratory tests.,No-change surprise: 0.005%,register,444
normalized_entropy,0.006503230236062696,normalized_entropy,-0.006268942146893211,0.019410029300424552,0.3157,1.0,4.999750012499375e-05,registered-trends exploratory 444,speech,20000,genre_standardized · delta_modern_minus_postbellum,legacy15,,,post-hoc,One of 444 disclosed exploratory tests.,No-change surprise: 31.6%,register,444
normalized_entropy,0.8833333333333333,normalized_entropy,0.6,0.9333333333333333,5e-05,0.0222,4.999750012499375e-05,registered-trends exploratory 444,speech,20000,genre_standardized · spearman_vs_era,legacy15,,,exploratory,One of 444 disclosed exploratory tests.,No-change surprise: 0.005%,register,444
normalized_entropy,0.07612100813698996,normalized_entropy,0.04070409278949284,0.1168311616519281,5e-05,0.0222,4.999750012499375e-05,registered-trends exploratory 444,speech,20000,raw · delta_last_minus_first,legacy15,,,exploratory,One of 444 disclosed exploratory tests.,No-change surprise: 0.005%,register,444
normalized_entropy,0.07005933165554967,normalized_entropy,0.05597985562004662,0.08884528496279105,5e-05,0.0222,4.999750012499375e-05,registered-trends exploratory 444,speech,20000,raw · delta_modern_minus_early,legacy15,,,exploratory,One of 444 disclosed exploratory tests.,No-change surprise: 0.005%,register,444
normalized_entropy,0.006903005626131442,normalized_entropy,-0.003621137177075351,0.018345179801792413,0.1983,1.0,4.999750012499375e-05,registered-trends exploratory 444,speech,20000,raw · delta_modern_minus_postbellum,legacy15,,,post-hoc,One of 444 disclosed exploratory tests.,No-change surprise: 19.8%,register,444
normalized_entropy,0.8166666666666667,normalized_entropy,0.6833333333333333,0.9666666666666667,5e-05,0.0222,4.999750012499375e-05,registered-trends exploratory 444,speech,20000,raw · spearman_vs_era,legacy15,,,exploratory,One of 444 disclosed exploratory tests.,No-change surprise: 0.005%,register,444
normalized_entropy,0.08654513278488096,normalized_entropy,0.0464695459587674,0.13965083855097632,0.0002,0.036000000000000004,4.999750012499375e-05,registered-trends exploratory 444,speech,20000,sotu_only · delta_last_minus_first,legacy15,,,exploratory,One of 444 disclosed exploratory tests.,No-change surprise: 0.02%,register,444
normalized_entropy,0.0875769025011085,normalized_entropy,0.07039831571896171,0.10876303472271472,5e-05,0.0222,4.999750012499375e-05,registered-trends exploratory 444,speech,20000,sotu_only · delta_modern_minus_early,legacy15,,,exploratory,One of 444 disclosed exploratory tests.,No-change surprise: 0.005%,register,444
normalized_entropy,0.004247639498708766,normalized_entropy,-0.008757215277529321,0.01771527219490334,0.524,1.0,4.999750012499375e-05,registered-trends exploratory 444,speech,20000,sotu_only · delta_modern_minus_postbellum,legacy15,,,post-hoc,One of 444 disclosed exploratory tests.,No-change surprise: 52.4%,register,444
normalized_entropy,0.7333333333333333,normalized_entropy,0.5666666666666667,0.9333333333333333,5e-05,0.0222,4.999750012499375e-05,registered-trends exploratory 444,speech,20000,sotu_only · spearman_vs_era,legacy15,,,exploratory,One of 444 disclosed exploratory tests.,No-change surprise: 0.005%,register,444
normalized_entropy,0.06679384226272822,normalized_entropy,0.007803270388293923,0.16156890177971836,0.0244,1.0,4.999750012499375e-05,registered-trends exploratory 444,speech,20000,genre_standardized · delta_last_minus_first,llm_level1,,,exploratory,One of 444 disclosed exploratory tests.,No-change surprise: 2.44%,register,444
normalized_entropy,0.026560153553735866,normalized_entropy,0.0009194149843214734,0.06399446389761348,0.042,1.0,4.999750012499375e-05,registered-trends exploratory 444,speech,20000,genre_standardized · delta_modern_minus_early,llm_level1,,,exploratory,One of 444 disclosed exploratory tests.,No-change surprise: 4.2%,register,444
normalized_entropy,-0.030262155626890497,normalized_entropy,-0.05113294691074909,-0.009003127840265907,0.0054,0.7884,4.999750012499375e-05,registered-trends exploratory 444,speech,20000,genre_standardized · delta_modern_minus_postbellum,llm_level1,,,post-hoc,One of 444 disclosed exploratory tests.,No-change surprise: 0.54%,register,444
normalized_entropy,0.48333333333333334,normalized_entropy,0.05,0.6666666666666666,0.0335,1.0,4.999750012499375e-05,registered-trends exploratory 444,speech,20000,genre_standardized · spearman_vs_era,llm_level1,,,exploratory,One of 444 disclosed exploratory tests.,No-change surprise: 3.35%,register,444
normalized_entropy,0.08028629537026799,normalized_entropy,0.03318727685960125,0.1622343771487783,0.0009,0.1476,4.999750012499375e-05,registered-trends exploratory 444,speech,20000,raw · delta_last_minus_first,llm_level1,,,exploratory,One of 444 disclosed exploratory tests.,No-change surprise: 0.09%,register,444
normalized_entropy,0.02789806441649567,normalized_entropy,0.007480739156396385,0.06395515779795781,0.009,1.0,4.999750012499375e-05,registered-trends exploratory 444,speech,20000,raw · delta_modern_minus_early,llm_level1,,,exploratory,One of 444 disclosed exploratory tests.,No-change surprise: 0.9%,register,444
normalized_entropy,-0.021017468903173797,normalized_entropy,-0.04023531934320107,0.000979672793978163,0.0624,1.0,4.999750012499375e-05,registered-trends exploratory 444,speech,20000,raw · delta_modern_minus_postbellum,llm_level1,,,post-hoc,One of 444 disclosed exploratory tests.,No-change surprise: 6.24%,register,444
normalized_entropy,0.5666666666666667,normalized_entropy,0.2,0.75,0.0017,0.26689999999999997,4.999750012499375e-05,registered-trends exploratory 444,speech,20000,raw · spearman_vs_era,llm_level1,,,exploratory,One of 444 disclosed exploratory tests.,No-change surprise: 0.17%,register,444
normalized_entropy,0.07370582858011532,normalized_entropy,0.008677900720414088,0.1779485323360522,0.0258,1.0,4.999750012499375e-05,registered-trends exploratory 444,speech,20000,sotu_only · delta_last_minus_first,llm_level1,,,exploratory,One of 444 disclosed exploratory tests.,No-change surprise: 2.58%,register,444
normalized_entropy,0.048304557752353317,normalized_entropy,0.021269448066379548,0.0874158852526307,0.0006,0.1026,4.999750012499375e-05,registered-trends exploratory 444,speech,20000,sotu_only · delta_modern_minus_early,llm_level1,,,exploratory,One of 444 disclosed exploratory tests.,No-change surprise: 0.06%,register,444
normalized_entropy,-0.03088643582442696,normalized_entropy,-0.0498277185211503,-0.01100687994466853,0.0024,0.36719999999999997,4.999750012499375e-05,registered-trends exploratory 444,speech,20000,sotu_only · delta_modern_minus_postbellum,llm_level1,,,post-hoc,One of 444 disclosed exploratory tests.,No-change surprise: 0.24%,register,444
normalized_entropy,0.4166666666666667,normalized_entropy,0.18333333333333332,0.7,0.0102,1.0,4.999750012499375e-05,registered-trends exploratory 444,speech,20000,sotu_only · spearman_vs_era,llm_level1,,,exploratory,One of 444 disclosed exploratory tests.,No-change surprise: 1.02%,register,444
normalized_entropy,0.14702099340662855,normalized_entropy,0.12306472113825155,0.19141518172288532,5e-05,0.0222,4.999750012499375e-05,registered-trends exploratory 444,speech,20000,genre_standardized · delta_last_minus_first,llm_level2,,,exploratory,One of 444 disclosed exploratory tests.,No-change surprise: 0.005%,register,444
normalized_entropy,0.09486471353663473,normalized_entropy,0.08310989125326451,0.11363394894295205,5e-05,0.0222,4.999750012499375e-05,registered-trends exploratory 444,speech,20000,genre_standardized · delta_modern_minus_early,llm_level2,,,exploratory,One of 444 disclosed exploratory tests.,No-change surprise: 0.005%,register,444
normalized_entropy,0.0008069030379547204,normalized_entropy,-0.010611547029996596,0.014121751582908022,0.7806,1.0,4.999750012499375e-05,registered-trends exploratory 444,speech,20000,genre_standardized · delta_modern_minus_postbellum,llm_level2,,,post-hoc,One of 444 disclosed exploratory tests.,No-change surprise: 78.1%,register,444
normalized_entropy,0.7833333333333333,normalized_entropy,0.5666666666666667,0.8666666666666667,5e-05,0.0222,4.999750012499375e-05,registered-trends exploratory 444,speech,20000,genre_standardized · spearman_vs_era,llm_level2,,,exploratory,One of 444 disclosed exploratory tests.,No-change surprise: 0.005%,register,444
normalized_entropy,0.1600956943454208,normalized_entropy,0.13920216465380536,0.2100543378105638,5e-05,0.0222,4.999750012499375e-05,registered-trends exploratory 444,speech,20000,raw · delta_last_minus_first,llm_level2,,,exploratory,One of 444 disclosed exploratory tests.,No-change surprise: 0.005%,register,444
normalized_entropy,0.10171498504838572,normalized_entropy,0.09314789765844936,0.12447225004265113,5e-05,0.0222,4.999750012499375e-05,registered-trends exploratory 444,speech,20000,raw · delta_modern_minus_early,llm_level2,,,exploratory,One of 444 disclosed exploratory tests.,No-change surprise: 0.005%,register,444
normalized_entropy,0.004519048761077449,normalized_entropy,-0.0054572336050451335,0.018285071525253563,0.2913,1.0,4.999750012499375e-05,registered-trends exploratory 444,speech,20000,raw · delta_modern_minus_postbellum,llm_level2,,,post-hoc,One of 444 disclosed exploratory tests.,No-change surprise: 29.1%,register,444
normalized_entropy,0.8833333333333333,normalized_entropy,0.7333333333333333,0.9833333333333333,5e-05,0.0222,4.999750012499375e-05,registered-trends exploratory 444,speech,20000,raw · spearman_vs_era,llm_level2,,,exploratory,One of 444 disclosed exploratory tests.,No-change surprise: 0.005%,register,444
normalized_entropy,0.15480185406651237,normalized_entropy,0.12837009881137343,0.20197682301275596,5e-05,0.0222,4.999750012499375e-05,registered-trends exploratory 444,speech,20000,sotu_only · delta_last_minus_first,llm_level2,,,exploratory,One of 444 disclosed exploratory tests.,No-change surprise: 0.005%,register,444
normalized_entropy,0.10797645858747196,normalized_entropy,0.09539453594467344,0.12839511605409157,5e-05,0.0222,4.999750012499375e-05,registered-trends exploratory 444,speech,20000,sotu_only · delta_modern_minus_early,llm_level2,,,exploratory,One of 444 disclosed exploratory tests.,No-change surprise: 0.005%,register,444
normalized_entropy,0.012393393488667304,normalized_entropy,0.0007235373527679363,0.026879050053608515,0.0395,1.0,4.999750012499375e-05,registered-trends exploratory 444,speech,20000,sotu_only · delta_modern_minus_postbellum,llm_level2,,,post-hoc,One of 444 disclosed exploratory tests.,No-change surprise: 3.95%,register,444
normalized_entropy,0.8333333333333334,normalized_entropy,0.6833333333333333,0.9333333333333333,5e-05,0.0222,4.999750012499375e-05,registered-trends exploratory 444,speech,20000,sotu_only · spearman_vs_era,llm_level2,,,exploratory,One of 444 disclosed exploratory tests.,No-change surprise: 0.005%,register,444
nostalgia,10.0898630092073,nostalgia,5.4725530915439355,14.30029261657303,5e-05,0.0222,4.999750012499375e-05,registered-trends exploratory 444,speech,20000,genre_standardized · delta_last_minus_first,none,,,exploratory,One of 444 disclosed exploratory tests.,No-change surprise: 0.005%,register,444
nostalgia,7.155947687449925,nostalgia,5.282101124629669,8.931863709760082,5e-05,0.0222,4.999750012499375e-05,registered-trends exploratory 444,speech,20000,genre_standardized · delta_modern_minus_early,none,,,exploratory,One of 444 disclosed exploratory tests.,No-change surprise: 0.005%,register,444
nostalgia,6.3374488911651286,nostalgia,4.634685746806643,8.013773918274238,5e-05,0.0222,4.999750012499375e-05,registered-trends exploratory 444,speech,20000,genre_standardized · delta_modern_minus_postbellum,none,,,post-hoc,One of 444 disclosed exploratory tests.,No-change surprise: 0.005%,register,444
nostalgia,0.6666666666666666,nostalgia,0.43333333333333335,0.9166666666666666,5e-05,0.0222,4.999750012499375e-05,registered-trends exploratory 444,speech,20000,genre_standardized · spearman_vs_era,none,,,exploratory,One of 444 disclosed exploratory tests.,No-change surprise: 0.005%,register,444
nostalgia,7.4629452599908745,nostalgia,4.220904974294999,10.408512134082754,5e-05,0.0222,4.999750012499375e-05,registered-trends exploratory 444,speech,20000,raw · delta_last_minus_first,none,,,exploratory,One of 444 disclosed exploratory tests.,No-change surprise: 0.005%,register,444
nostalgia,5.979193533750052,nostalgia,4.639454189663925,7.252562347886559,5e-05,0.0222,4.999750012499375e-05,registered-trends exploratory 444,speech,20000,raw · delta_modern_minus_early,none,,,exploratory,One of 444 disclosed exploratory tests.,No-change surprise: 0.005%,register,444
nostalgia,3.922264912434014,nostalgia,2.9136655786600416,4.9355118109934315,5e-05,0.0222,4.999750012499375e-05,registered-trends exploratory 444,speech,20000,raw · delta_modern_minus_postbellum,none,,,post-hoc,One of 444 disclosed exploratory tests.,No-change surprise: 0.005%,register,444
nostalgia,0.8333333333333334,nostalgia,0.6166666666666667,0.9333333333333333,5e-05,0.0222,4.999750012499375e-05,registered-trends exploratory 444,speech,20000,raw · spearman_vs_era,none,,,exploratory,One of 444 disclosed exploratory tests.,No-change surprise: 0.005%,register,444
nostalgia,7.916990324317885,nostalgia,3.6143286158310857,11.758231678390773,0.0004,0.06960000000000001,4.999750012499375e-05,registered-trends exploratory 444,speech,20000,sotu_only · delta_last_minus_first,none,,,exploratory,One of 444 disclosed exploratory tests.,No-change surprise: 0.04%,register,444
nostalgia,6.458219134045571,nostalgia,4.533662360639354,8.304110739923617,5e-05,0.0222,4.999750012499375e-05,registered-trends exploratory 444,speech,20000,sotu_only · delta_modern_minus_early,none,,,exploratory,One of 444 disclosed exploratory tests.,No-change surprise: 0.005%,register,444
nostalgia,6.541528736183096,nostalgia,4.94225178937343,8.13830235306074,5e-05,0.0222,4.999750012499375e-05,registered-trends exploratory 444,speech,20000,sotu_only · delta_modern_minus_postbellum,none,,,post-hoc,One of 444 disclosed exploratory tests.,No-change surprise: 0.005%,register,444
nostalgia,0.4666666666666667,nostalgia,0.3333333333333333,0.8333333333333334,5e-05,0.0222,4.999750012499375e-05,registered-trends exploratory 444,speech,20000,sotu_only · spearman_vs_era,none,,,exploratory,One of 444 disclosed exploratory tests.,No-change surprise: 0.005%,register,444
nrc_fear,19.190615484015154,nrc_fear,-31.041307812872528,64.13470504330544,0.4178,1.0,4.999750012499375e-05,registered-trends exploratory 444,speech,20000,genre_standardized · delta_last_minus_first,none,,,exploratory,One of 444 disclosed exploratory tests.,No-change surprise: 41.8%,register,444
nrc_fear,27.944073521799112,nrc_fear,7.519920999823805,47.4013199554714,0.0094,1.0,4.999750012499375e-05,registered-trends exploratory 444,speech,20000,genre_standardized · delta_modern_minus_early,none,,,exploratory,One of 444 disclosed exploratory tests.,No-change surprise: 0.94%,register,444
nrc_fear,4.8724279174978165,nrc_fear,-9.993132871918533,19.528517439173157,0.5225,1.0,4.999750012499375e-05,registered-trends exploratory 444,speech,20000,genre_standardized · delta_modern_minus_postbellum,none,,,post-hoc,One of 444 disclosed exploratory tests.,No-change surprise: 52.2%,register,444
nrc_fear,0.7833333333333333,nrc_fear,0.06666666666666667,0.9166666666666666,0.0326,1.0,4.999750012499375e-05,registered-trends exploratory 444,speech,20000,genre_standardized · spearman_vs_era,none,,,exploratory,One of 444 disclosed exploratory tests.,No-change surprise: 3.26%,register,444
nrc_fear,-24.802043462367465,nrc_fear,-67.80107467094096,22.290930733127283,0.3029,1.0,4.999750012499375e-05,registered-trends exploratory 444,speech,20000,raw · delta_last_minus_first,none,,,exploratory,One of 444 disclosed exploratory tests.,No-change surprise: 30.3%,register,444
nrc_fear,1.5033736672289706,nrc_fear,-16.195669612306578,20.594576139436793,0.8324,1.0,4.999750012499375e-05,registered-trends exploratory 444,speech,20000,raw · delta_modern_minus_early,none,,,exploratory,One of 444 disclosed exploratory tests.,No-change surprise: 83.2%,register,444
nrc_fear,-20.461334958972543,nrc_fear,-33.50623713766349,-6.935528634307386,0.0025,0.38,4.999750012499375e-05,registered-trends exploratory 444,speech,20000,raw · delta_modern_minus_postbellum,none,,,post-hoc,One of 444 disclosed exploratory tests.,No-change surprise: 0.25%,register,444
nrc_fear,0.1,nrc_fear,-0.3333333333333333,0.48333333333333334,0.8263,1.0,4.999750012499375e-05,registered-trends exploratory 444,speech,20000,raw · spearman_vs_era,none,,,exploratory,One of 444 disclosed exploratory tests.,No-change surprise: 82.6%,register,444
nrc_fear,14.369610907875938,nrc_fear,-38.985582718159066,62.57362364430723,0.55,1.0,4.999750012499375e-05,registered-trends exploratory 444,speech,20000,sotu_only · delta_last_minus_first,none,,,exploratory,One of 444 disclosed exploratory tests.,No-change surprise: 55%,register,444
nrc_fear,30.690849384583032,nrc_fear,8.580353150777736,52.30933706259189,0.0075,1.0,4.999750012499375e-05,registered-trends exploratory 444,speech,20000,sotu_only · delta_modern_minus_early,none,,,exploratory,One of 444 disclosed exploratory tests.,No-change surprise: 0.75%,register,444
nrc_fear,10.055917011200393,nrc_fear,-7.371395784356136,27.43523173329034,0.262,1.0,4.999750012499375e-05,registered-trends exploratory 444,speech,20000,sotu_only · delta_modern_minus_postbellum,none,,,post-hoc,One of 444 disclosed exploratory tests.,No-change surprise: 26.2%,register,444
nrc_fear,0.7333333333333333,nrc_fear,0.06666666666666667,0.9166666666666666,0.0279,1.0,4.999750012499375e-05,registered-trends exploratory 444,speech,20000,sotu_only · spearman_vs_era,none,,,exploratory,One of 444 disclosed exploratory tests.,No-change surprise: 2.79%,register,444
nrc_hope,-161.77552758480863,nrc_hope,-201.03417817353778,-122.22881959535093,5e-05,0.0222,4.999750012499375e-05,registered-trends exploratory 444,speech,20000,genre_standardized · delta_last_minus_first,none,,,exploratory,One of 444 disclosed exploratory tests.,No-change surprise: 0.005%,register,444
nrc_hope,-24.09665899332117,nrc_hope,-44.2143789846851,-3.7066075510978314,0.0204,1.0,4.999750012499375e-05,registered-trends exploratory 444,speech,20000,genre_standardized · delta_modern_minus_early,none,,,exploratory,One of 444 disclosed exploratory tests.,No-change surprise: 2.04%,register,444
nrc_hope,-1.279506338369515,nrc_hope,-20.318454325759085,18.257015624548064,0.9391,1.0,4.999750012499375e-05,registered-trends exploratory 444,speech,20000,genre_standardized · delta_modern_minus_postbellum,none,,,post-hoc,One of 444 disclosed exploratory tests.,No-change surprise: 93.9%,register,444
nrc_hope,-0.26666666666666666,nrc_hope,-0.5166666666666667,-0.15,5e-05,0.0222,4.999750012499375e-05,registered-trends exploratory 444,speech,20000,genre_standardized · spearman_vs_era,none,,,exploratory,One of 444 disclosed exploratory tests.,No-change surprise: 0.005%,register,444
nrc_hope,-209.05400426248787,nrc_hope,-256.8760178720074,-168.14791977700528,5e-05,0.0222,4.999750012499375e-05,registered-trends exploratory 444,speech,20000,raw · delta_last_minus_first,none,,,exploratory,One of 444 disclosed exploratory tests.,No-change surprise: 0.005%,register,444
nrc_hope,-74.9428436124565,nrc_hope,-95.87047259210004,-55.228114166443824,5e-05,0.0222,4.999750012499375e-05,registered-trends exploratory 444,speech,20000,raw · delta_modern_minus_early,none,,,exploratory,One of 444 disclosed exploratory tests.,No-change surprise: 0.005%,register,444
nrc_hope,-36.338923362544165,nrc_hope,-51.39559315162317,-20.582499753072906,5e-05,0.0222,4.999750012499375e-05,registered-trends exploratory 444,speech,20000,raw · delta_modern_minus_postbellum,none,,,post-hoc,One of 444 disclosed exploratory tests.,No-change surprise: 0.005%,register,444
nrc_hope,-0.6666666666666666,nrc_hope,-0.7333333333333333,-0.45,5e-05,0.0222,4.999750012499375e-05,registered-trends exploratory 444,speech,20000,raw · spearman_vs_era,none,,,exploratory,One of 444 disclosed exploratory tests.,No-change surprise: 0.005%,register,444
nrc_hope,-151.95264962548765,nrc_hope,-188.3015179685527,-114.90018561111053,5e-05,0.0222,4.999750012499375e-05,registered-trends exploratory 444,speech,20000,sotu_only · delta_last_minus_first,none,,,exploratory,One of 444 disclosed exploratory tests.,No-change surprise: 0.005%,register,444
nrc_hope,-14.324258796202571,nrc_hope,-36.491181242275594,7.996259343167541,0.2098,1.0,4.999750012499375e-05,registered-trends exploratory 444,speech,20000,sotu_only · delta_modern_minus_early,none,,,exploratory,One of 444 disclosed exploratory tests.,No-change surprise: 21%,register,444
nrc_hope,-3.189708793657701,nrc_hope,-24.21175703439283,19.06037466675837,0.8115,1.0,4.999750012499375e-05,registered-trends exploratory 444,speech,20000,sotu_only · delta_modern_minus_postbellum,none,,,post-hoc,One of 444 disclosed exploratory tests.,No-change surprise: 81.2%,register,444
nrc_hope,-0.23333333333333334,nrc_hope,-0.43333333333333335,-0.03333333333333333,0.0216,1.0,4.999750012499375e-05,registered-trends exploratory 444,speech,20000,sotu_only · spearman_vs_era,none,,,exploratory,One of 444 disclosed exploratory tests.,No-change surprise: 2.16%,register,444
opponents,11.966634197395972,opponents,8.893031726155224,15.169096161828342,5e-05,0.0222,4.999750012499375e-05,registered-trends exploratory 444,speech,20000,genre_standardized · delta_last_minus_first,none,,,exploratory,One of 444 disclosed exploratory tests.,No-change surprise: 0.005%,register,444
opponents,6.346676035075834,opponents,5.110066429863999,7.6360824038178885,5e-05,0.0222,4.999750012499375e-05,registered-trends exploratory 444,speech,20000,genre_standardized · delta_modern_minus_early,none,,,exploratory,One of 444 disclosed exploratory tests.,No-change surprise: 0.005%,register,444
opponents,4.895887940486836,opponents,3.568465267620351,6.25096345085084,5e-05,0.0222,4.999750012499375e-05,registered-trends exploratory 444,speech,20000,genre_standardized · delta_modern_minus_postbellum,none,,,post-hoc,One of 444 disclosed exploratory tests.,No-change surprise: 0.005%,register,444
opponents,0.9833333333333333,opponents,0.8833333333333333,1.0,5e-05,0.0222,4.999750012499375e-05,registered-trends exploratory 444,speech,20000,genre_standardized · spearman_vs_era,none,,,exploratory,One of 444 disclosed exploratory tests.,No-change surprise: 0.005%,register,444
opponents,12.928977556478731,opponents,10.363095327820107,15.662728038263678,5e-05,0.0222,4.999750012499375e-05,registered-trends exploratory 444,speech,20000,raw · delta_last_minus_first,none,,,exploratory,One of 444 disclosed exploratory tests.,No-change surprise: 0.005%,register,444
opponents,7.8245369549266055,opponents,6.688042531801416,8.99064428943646,5e-05,0.0222,4.999750012499375e-05,registered-trends exploratory 444,speech,20000,raw · delta_modern_minus_early,none,,,exploratory,One of 444 disclosed exploratory tests.,No-change surprise: 0.005%,register,444
opponents,5.957847730219568,opponents,4.732486062720203,7.194208393086743,5e-05,0.0222,4.999750012499375e-05,registered-trends exploratory 444,speech,20000,raw · delta_modern_minus_postbellum,none,,,post-hoc,One of 444 disclosed exploratory tests.,No-change surprise: 0.005%,register,444
opponents,1.0,opponents,0.9333333333333333,1.0,5e-05,0.0222,4.999750012499375e-05,registered-trends exploratory 444,speech,20000,raw · spearman_vs_era,none,,,exploratory,One of 444 disclosed exploratory tests.,No-change surprise: 0.005%,register,444
opponents,12.538077046062707,opponents,9.308835498868529,16.03094617333702,5e-05,0.0222,4.999750012499375e-05,registered-trends exploratory 444,speech,20000,sotu_only · delta_last_minus_first,none,,,exploratory,One of 444 disclosed exploratory tests.,No-change surprise: 0.005%,register,444
opponents,6.4988172273356914,opponents,5.153838388837311,7.907689507578684,5e-05,0.0222,4.999750012499375e-05,registered-trends exploratory 444,speech,20000,sotu_only · delta_modern_minus_early,none,,,exploratory,One of 444 disclosed exploratory tests.,No-change surprise: 0.005%,register,444
opponents,4.992202708762385,opponents,3.5337299000374376,6.485314981586634,5e-05,0.0222,4.999750012499375e-05,registered-trends exploratory 444,speech,20000,sotu_only · delta_modern_minus_postbellum,none,,,post-hoc,One of 444 disclosed exploratory tests.,No-change surprise: 0.005%,register,444
opponents,1.0,opponents,0.8954053273686237,1.0,5e-05,0.0222,4.999750012499375e-05,registered-trends exploratory 444,speech,20000,sotu_only · spearman_vs_era,none,,,exploratory,One of 444 disclosed exploratory tests.,No-change surprise: 0.005%,register,444
proposal_share,0.028992379615452424,proposal_share,-0.06632054702437366,0.10988326636060322,0.5149,1.0,4.999750012499375e-05,registered-trends exploratory 444,speech,20000,genre_standardized · delta_last_minus_first,none,,,exploratory,One of 444 disclosed exploratory tests.,No-change surprise: 51.5%,register,444
proposal_share,0.1619585316216654,proposal_share,0.12050015344060822,0.19973669609991168,5e-05,0.0222,4.999750012499375e-05,registered-trends exploratory 444,speech,20000,genre_standardized · delta_modern_minus_early,none,,,exploratory,One of 444 disclosed exploratory tests.,No-change surprise: 0.005%,register,444
proposal_share,0.08543698205073397,proposal_share,0.047012755217839465,0.12321043441705444,5e-05,0.0222,4.999750012499375e-05,registered-trends exploratory 444,speech,20000,genre_standardized · delta_modern_minus_postbellum,none,,,post-hoc,One of 444 disclosed exploratory tests.,No-change surprise: 0.005%,register,444
proposal_share,0.7333333333333333,proposal_share,0.36666666666666664,0.8,5e-05,0.0222,4.999750012499375e-05,registered-trends exploratory 444,speech,20000,genre_standardized · spearman_vs_era,none,,,exploratory,One of 444 disclosed exploratory tests.,No-change surprise: 0.005%,register,444
proposal_share,-0.025123226888056793,proposal_share,-0.1498700779474136,0.10160167873850358,0.6534,1.0,4.999750012499375e-05,registered-trends exploratory 444,speech,20000,raw · delta_last_minus_first,none,,,exploratory,One of 444 disclosed exploratory tests.,No-change surprise: 65.3%,register,444
proposal_share,0.06433637388608049,proposal_share,0.014442986406835123,0.11276126333255387,0.009,1.0,4.999750012499375e-05,registered-trends exploratory 444,speech,20000,raw · delta_modern_minus_early,none,,,exploratory,One of 444 disclosed exploratory tests.,No-change surprise: 0.9%,register,444
proposal_share,-0.010859855335950741,proposal_share,-0.043950188412931725,0.023409584343187184,0.5477,1.0,4.999750012499375e-05,registered-trends exploratory 444,speech,20000,raw · delta_modern_minus_postbellum,none,,,post-hoc,One of 444 disclosed exploratory tests.,No-change surprise: 54.8%,register,444
proposal_share,0.3333333333333333,proposal_share,-0.05,0.7833333333333333,0.1451,1.0,4.999750012499375e-05,registered-trends exploratory 444,speech,20000,raw · spearman_vs_era,none,,,exploratory,One of 444 disclosed exploratory tests.,No-change surprise: 14.5%,register,444
proposal_share,0.026254826254826336,proposal_share,-0.07641795723035444,0.11324398071719129,0.5858,1.0,4.999750012499375e-05,registered-trends exploratory 444,speech,20000,sotu_only · delta_last_minus_first,none,,,exploratory,One of 444 disclosed exploratory tests.,No-change surprise: 58.6%,register,444
proposal_share,0.18031038314058462,proposal_share,0.13522177449966885,0.22238681651734146,5e-05,0.0222,4.999750012499375e-05,registered-trends exploratory 444,speech,20000,sotu_only · delta_modern_minus_early,none,,,exploratory,One of 444 disclosed exploratory tests.,No-change surprise: 0.005%,register,444
proposal_share,0.08319583206844483,proposal_share,0.04167546460766716,0.12591729180703287,0.0002,0.036000000000000004,4.999750012499375e-05,registered-trends exploratory 444,speech,20000,sotu_only · delta_modern_minus_postbellum,none,,,post-hoc,One of 444 disclosed exploratory tests.,No-change surprise: 0.02%,register,444
proposal_share,0.7333333333333333,proposal_share,0.38333333333333336,0.8,5e-05,0.0222,4.999750012499375e-05,registered-trends exploratory 444,speech,20000,sotu_only · spearman_vs_era,none,,,exploratory,One of 444 disclosed exploratory tests.,No-change surprise: 0.005%,register,444
proposal_vs_values,-0.029417958853943493,proposal_vs_values,-0.14204998442033667,0.09274780034241462,0.6186,1.0,4.999750012499375e-05,registered-trends exploratory 444,speech,20000,genre_standardized · delta_last_minus_first,none,,,exploratory,One of 444 disclosed exploratory tests.,No-change surprise: 61.9%,register,444
proposal_vs_values,0.011372148130524673,proposal_vs_values,-0.03975567555684109,0.06313729357326503,0.6645,1.0,4.999750012499375e-05,registered-trends exploratory 444,speech,20000,genre_standardized · delta_modern_minus_early,none,,,exploratory,One of 444 disclosed exploratory tests.,No-change surprise: 66.5%,register,444
proposal_vs_values,-0.07941116669587156,proposal_vs_values,-0.1264240380289424,-0.03207179623798852,0.0005,0.08650000000000001,4.999750012499375e-05,registered-trends exploratory 444,speech,20000,genre_standardized · delta_modern_minus_postbellum,none,,,post-hoc,One of 444 disclosed exploratory tests.,No-change surprise: 0.05%,register,444
proposal_vs_values,-0.06666666666666667,proposal_vs_values,-0.4166666666666667,0.48333333333333334,0.9459,1.0,4.999750012499375e-05,registered-trends exploratory 444,speech,20000,genre_standardized · spearman_vs_era,none,,,exploratory,One of 444 disclosed exploratory tests.,No-change surprise: 94.6%,register,444
proposal_vs_values,0.0003412192902638722,proposal_vs_values,-0.19196270950453198,0.1549949795811265,0.9152,1.0,4.999750012499375e-05,registered-trends exploratory 444,speech,20000,raw · delta_last_minus_first,none,,,exploratory,One of 444 disclosed exploratory tests.,No-change surprise: 91.5%,register,444
proposal_vs_values,-0.02881469439602219,proposal_vs_values,-0.10286419257551965,0.033610250164185465,0.3534,1.0,4.999750012499375e-05,registered-trends exploratory 444,speech,20000,raw · delta_modern_minus_early,none,,,exploratory,One of 444 disclosed exploratory tests.,No-change surprise: 35.3%,register,444
proposal_vs_values,-0.13127376721839812,proposal_vs_values,-0.17667703361818773,-0.0852632008694265,5e-05,0.0222,4.999750012499375e-05,registered-trends exploratory 444,speech,20000,raw · delta_modern_minus_postbellum,none,,,post-hoc,One of 444 disclosed exploratory tests.,No-change surprise: 0.005%,register,444
proposal_vs_values,-0.25,proposal_vs_values,-0.6833333333333333,0.18333333333333332,0.4074,1.0,4.999750012499375e-05,registered-trends exploratory 444,speech,20000,raw · spearman_vs_era,none,,,exploratory,One of 444 disclosed exploratory tests.,No-change surprise: 40.7%,register,444
proposal_vs_values,-0.05192034139402557,proposal_vs_values,-0.16296113100988757,0.0726085308224008,0.3827,1.0,4.999750012499375e-05,registered-trends exploratory 444,speech,20000,sotu_only · delta_last_minus_first,none,,,exploratory,One of 444 disclosed exploratory tests.,No-change surprise: 38.3%,register,444
proposal_vs_values,0.018238772911542633,proposal_vs_values,-0.033877847425753255,0.07238429757711677,0.5062,1.0,4.999750012499375e-05,registered-trends exploratory 444,speech,20000,sotu_only · delta_modern_minus_early,none,,,exploratory,One of 444 disclosed exploratory tests.,No-change surprise: 50.6%,register,444
proposal_vs_values,-0.09163491226874965,proposal_vs_values,-0.1433805764332347,-0.038650292710697184,0.0007,0.1176,4.999750012499375e-05,registered-trends exploratory 444,speech,20000,sotu_only · delta_modern_minus_postbellum,none,,,post-hoc,One of 444 disclosed exploratory tests.,No-change surprise: 0.07%,register,444
proposal_vs_values,0.11666666666666667,proposal_vs_values,-0.31666666666666665,0.4666666666666667,0.9378,1.0,4.999750012499375e-05,registered-trends exploratory 444,speech,20000,sotu_only · spearman_vs_era,none,,,exploratory,One of 444 disclosed exploratory tests.,No-change surprise: 93.8%,register,444
religiosity,3.616987769135349,religiosity,-2.3219520881553106,9.041967112798728,0.2311,1.0,4.999750012499375e-05,registered-trends exploratory 444,speech,20000,genre_standardized · delta_last_minus_first,none,,,exploratory,One of 444 disclosed exploratory tests.,No-change surprise: 23.1%,register,444
religiosity,5.274224177237549,religiosity,2.8924146196296348,7.581916281324264,5e-05,0.0222,4.999750012499375e-05,registered-trends exploratory 444,speech,20000,genre_standardized · delta_modern_minus_early,none,,,exploratory,One of 444 disclosed exploratory tests.,No-change surprise: 0.005%,register,444
religiosity,8.48272475822203,religiosity,6.417205576837587,10.510828001755183,5e-05,0.0222,4.999750012499375e-05,registered-trends exploratory 444,speech,20000,genre_standardized · delta_modern_minus_postbellum,none,,,post-hoc,One of 444 disclosed exploratory tests.,No-change surprise: 0.005%,register,444
religiosity,0.4,religiosity,0.15,0.6666666666666666,0.0006,0.1026,4.999750012499375e-05,registered-trends exploratory 444,speech,20000,genre_standardized · spearman_vs_era,none,,,exploratory,One of 444 disclosed exploratory tests.,No-change surprise: 0.06%,register,444
religiosity,0.11966762116883523,religiosity,-9.252517290356378,6.70831113644969,0.9432,1.0,4.999750012499375e-05,registered-trends exploratory 444,speech,20000,raw · delta_last_minus_first,none,,,exploratory,One of 444 disclosed exploratory tests.,No-change surprise: 94.3%,register,444
religiosity,2.1011220601867677,religiosity,-1.2617496528131984,4.713541871453338,0.1833,1.0,4.999750012499375e-05,registered-trends exploratory 444,speech,20000,raw · delta_modern_minus_early,none,,,exploratory,One of 444 disclosed exploratory tests.,No-change surprise: 18.3%,register,444
religiosity,6.51375128315812,religiosity,4.974855881462856,8.160563246236558,5e-05,0.0222,4.999750012499375e-05,registered-trends exploratory 444,speech,20000,raw · delta_modern_minus_postbellum,none,,,post-hoc,One of 444 disclosed exploratory tests.,No-change surprise: 0.005%,register,444
religiosity,0.36666666666666664,religiosity,-0.016666666666666666,0.4666666666666667,0.1093,1.0,4.999750012499375e-05,registered-trends exploratory 444,speech,20000,raw · spearman_vs_era,none,,,exploratory,One of 444 disclosed exploratory tests.,No-change surprise: 10.9%,register,444
religiosity,3.255853603663647,religiosity,-2.9753122823979665,8.578834788792847,0.2932,1.0,4.999750012499375e-05,registered-trends exploratory 444,speech,20000,sotu_only · delta_last_minus_first,none,,,exploratory,One of 444 disclosed exploratory tests.,No-change surprise: 29.3%,register,444
religiosity,3.585546407969278,religiosity,1.112565424790936,5.883795038255311,0.0045,0.6615,4.999750012499375e-05,registered-trends exploratory 444,speech,20000,sotu_only · delta_modern_minus_early,none,,,exploratory,One of 444 disclosed exploratory tests.,No-change surprise: 0.45%,register,444
religiosity,7.641070897666653,religiosity,5.504961470773502,9.649216525953051,5e-05,0.0222,4.999750012499375e-05,registered-trends exploratory 444,speech,20000,sotu_only · delta_modern_minus_postbellum,none,,,post-hoc,One of 444 disclosed exploratory tests.,No-change surprise: 0.005%,register,444
religiosity,0.26666666666666666,religiosity,0.016666666666666666,0.55,0.0386,1.0,4.999750012499375e-05,registered-trends exploratory 444,speech,20000,sotu_only · spearman_vs_era,none,,,exploratory,One of 444 disclosed exploratory tests.,No-change surprise: 3.86%,register,444
self_reference,-0.19738442864152517,self_reference,-0.2988526154779602,-0.09966512276424076,0.0002,0.036000000000000004,4.999750012499375e-05,registered-trends exploratory 444,speech,20000,genre_standardized · delta_last_minus_first,none,,,exploratory,One of 444 disclosed exploratory tests.,No-change surprise: 0.02%,register,444
self_reference,-0.12047513317359254,self_reference,-0.16103883964374568,-0.08208947494428759,5e-05,0.0222,4.999750012499375e-05,registered-trends exploratory 444,speech,20000,genre_standardized · delta_modern_minus_early,none,,,exploratory,One of 444 disclosed exploratory tests.,No-change surprise: 0.005%,register,444
self_reference,-0.10285790225435015,self_reference,-0.13903732270985147,-0.06766698973138675,5e-05,0.0222,4.999750012499375e-05,registered-trends exploratory 444,speech,20000,genre_standardized · delta_modern_minus_postbellum,none,,,post-hoc,One of 444 disclosed exploratory tests.,No-change surprise: 0.005%,register,444
self_reference,-0.35,self_reference,-0.7166666666666667,-0.3,5e-05,0.0222,4.999750012499375e-05,registered-trends exploratory 444,speech,20000,genre_standardized · spearman_vs_era,none,,,exploratory,One of 444 disclosed exploratory tests.,No-change surprise: 0.005%,register,444
self_reference,-0.2019887760117975,self_reference,-0.3129354619424754,-0.09694195130300522,5e-05,0.0222,4.999750012499375e-05,registered-trends exploratory 444,speech,20000,raw · delta_last_minus_first,none,,,exploratory,One of 444 disclosed exploratory tests.,No-change surprise: 0.005%,register,444
self_reference,-0.06601093752032705,self_reference,-0.11110415354154965,-0.024319116311021058,0.0012,0.19199999999999998,4.999750012499375e-05,registered-trends exploratory 444,speech,20000,raw · delta_modern_minus_early,none,,,exploratory,One of 444 disclosed exploratory tests.,No-change surprise: 0.12%,register,444
self_reference,-0.023202365341126185,self_reference,-0.05769667237578995,0.008322051985700216,0.1505,1.0,4.999750012499375e-05,registered-trends exploratory 444,speech,20000,raw · delta_modern_minus_postbellum,none,,,post-hoc,One of 444 disclosed exploratory tests.,No-change surprise: 15%,register,444
self_reference,-0.3,self_reference,-0.4666666666666667,-0.2,5e-05,0.0222,4.999750012499375e-05,registered-trends exploratory 444,speech,20000,raw · spearman_vs_era,none,,,exploratory,One of 444 disclosed exploratory tests.,No-change surprise: 0.005%,register,444
self_reference,-0.13596698898678478,self_reference,-0.23971194382449043,-0.03839790043839639,0.0072,1.0,4.999750012499375e-05,registered-trends exploratory 444,speech,20000,sotu_only · delta_last_minus_first,none,,,exploratory,One of 444 disclosed exploratory tests.,No-change surprise: 0.72%,register,444
self_reference,-0.07273243904558319,self_reference,-0.11622649507890447,-0.03233487073499187,0.0002,0.036000000000000004,4.999750012499375e-05,registered-trends exploratory 444,speech,20000,sotu_only · delta_modern_minus_early,none,,,exploratory,One of 444 disclosed exploratory tests.,No-change surprise: 0.02%,register,444
self_reference,-0.07390568832119776,self_reference,-0.11401614173398661,-0.03426216821799662,0.0001,0.0222,4.999750012499375e-05,registered-trends exploratory 444,speech,20000,sotu_only · delta_modern_minus_postbellum,none,,,post-hoc,One of 444 disclosed exploratory tests.,No-change surprise: 0.01%,register,444
self_reference,-0.31666666666666665,self_reference,-0.48333333333333334,-0.21666666666666667,0.0008,0.132,4.999750012499375e-05,registered-trends exploratory 444,speech,20000,sotu_only · spearman_vs_era,none,,,exploratory,One of 444 disclosed exploratory tests.,No-change surprise: 0.08%,register,444
superlatives,9.597700315401369,superlatives,5.9543519818181165,13.182388731796784,5e-05,0.0222,4.999750012499375e-05,registered-trends exploratory 444,speech,20000,genre_standardized · delta_last_minus_first,none,,,exploratory,One of 444 disclosed exploratory tests.,No-change surprise: 0.005%,register,444
superlatives,5.9586178158463765,superlatives,4.254590066690447,7.657763259229793,5e-05,0.0222,4.999750012499375e-05,registered-trends exploratory 444,speech,20000,genre_standardized · delta_modern_minus_early,none,,,exploratory,One of 444 disclosed exploratory tests.,No-change surprise: 0.005%,register,444
superlatives,5.8442726957999795,superlatives,4.389468845036916,7.3132794431067305,5e-05,0.0222,4.999750012499375e-05,registered-trends exploratory 444,speech,20000,genre_standardized · delta_modern_minus_postbellum,none,,,post-hoc,One of 444 disclosed exploratory tests.,No-change surprise: 0.005%,register,444
superlatives,0.8,superlatives,0.5333333333333333,0.9333333333333333,5e-05,0.0222,4.999750012499375e-05,registered-trends exploratory 444,speech,20000,genre_standardized · spearman_vs_era,none,,,exploratory,One of 444 disclosed exploratory tests.,No-change surprise: 0.005%,register,444
superlatives,6.738387048168367,superlatives,3.602907332798413,10.017206296297047,5e-05,0.0222,4.999750012499375e-05,registered-trends exploratory 444,speech,20000,raw · delta_last_minus_first,none,,,exploratory,One of 444 disclosed exploratory tests.,No-change surprise: 0.005%,register,444
superlatives,4.476994822520427,superlatives,3.074611599893794,5.917097392289371,5e-05,0.0222,4.999750012499375e-05,registered-trends exploratory 444,speech,20000,raw · delta_modern_minus_early,none,,,exploratory,One of 444 disclosed exploratory tests.,No-change surprise: 0.005%,register,444
superlatives,5.096548065986354,superlatives,4.115693556596374,6.072136306723367,5e-05,0.0222,4.999750012499375e-05,registered-trends exploratory 444,speech,20000,raw · delta_modern_minus_postbellum,none,,,post-hoc,One of 444 disclosed exploratory tests.,No-change surprise: 0.005%,register,444
superlatives,0.7333333333333333,superlatives,0.4666666666666667,0.8833333333333333,5e-05,0.0222,4.999750012499375e-05,registered-trends exploratory 444,speech,20000,raw · spearman_vs_era,none,,,exploratory,One of 444 disclosed exploratory tests.,No-change surprise: 0.005%,register,444
superlatives,9.464644825480043,superlatives,5.577668674627863,13.342062803336635,5e-05,0.0222,4.999750012499375e-05,registered-trends exploratory 444,speech,20000,sotu_only · delta_last_minus_first,none,,,exploratory,One of 444 disclosed exploratory tests.,No-change surprise: 0.005%,register,444
superlatives,6.542297815408955,superlatives,4.543453301539674,8.48952841571746,5e-05,0.0222,4.999750012499375e-05,registered-trends exploratory 444,speech,20000,sotu_only · delta_modern_minus_early,none,,,exploratory,One of 444 disclosed exploratory tests.,No-change surprise: 0.005%,register,444
superlatives,6.558098819139529,superlatives,4.872164732926175,8.258476230421708,5e-05,0.0222,4.999750012499375e-05,registered-trends exploratory 444,speech,20000,sotu_only · delta_modern_minus_postbellum,none,,,post-hoc,One of 444 disclosed exploratory tests.,No-change surprise: 0.005%,register,444
superlatives,0.7666666666666667,superlatives,0.5166666666666667,0.9337499999999637,5e-05,0.0222,4.999750012499375e-05,registered-trends exploratory 444,speech,20000,sotu_only · spearman_vs_era,none,,,exploratory,One of 444 disclosed exploratory tests.,No-change surprise: 0.005%,register,444
us_them,22.623112670701246,us_them,2.1012356412573587,44.194119577575485,0.0267,1.0,4.999750012499375e-05,registered-trends exploratory 444,speech,20000,genre_standardized · delta_last_minus_first,none,,,exploratory,One of 444 disclosed exploratory tests.,No-change surprise: 2.67%,register,444
us_them,-0.5318491263727338,us_them,-8.923711108895485,7.942424092429752,0.8736,1.0,4.999750012499375e-05,registered-trends exploratory 444,speech,20000,genre_standardized · delta_modern_minus_early,none,,,exploratory,One of 444 disclosed exploratory tests.,No-change surprise: 87.4%,register,444
us_them,14.962025962633554,us_them,6.85456585332387,22.991048742174765,0.0001,0.0222,4.999750012499375e-05,registered-trends exploratory 444,speech,20000,genre_standardized · delta_modern_minus_postbellum,none,,,post-hoc,One of 444 disclosed exploratory tests.,No-change surprise: 0.01%,register,444
us_them,0.03333333333333333,us_them,-0.21666666666666667,0.23333333333333334,0.7458,1.0,4.999750012499375e-05,registered-trends exploratory 444,speech,20000,genre_standardized · spearman_vs_era,none,,,exploratory,One of 444 disclosed exploratory tests.,No-change surprise: 74.6%,register,444
us_them,51.35167218967693,us_them,31.918631468779584,70.76918780819702,5e-05,0.0222,4.999750012499375e-05,registered-trends exploratory 444,speech,20000,raw · delta_last_minus_first,none,,,exploratory,One of 444 disclosed exploratory tests.,No-change surprise: 0.005%,register,444
us_them,12.675560819470661,us_them,4.54019723084476,20.642514199233222,0.0022,0.33880000000000005,4.999750012499375e-05,registered-trends exploratory 444,speech,20000,raw · delta_modern_minus_early,none,,,exploratory,One of 444 disclosed exploratory tests.,No-change surprise: 0.22%,register,444
us_them,26.37657488226472,us_them,18.785608555028393,33.68553648181962,5e-05,0.0222,4.999750012499375e-05,registered-trends exploratory 444,speech,20000,raw · delta_modern_minus_postbellum,none,,,post-hoc,One of 444 disclosed exploratory tests.,No-change surprise: 0.005%,register,444
us_them,0.15,us_them,-0.05,0.43333333333333335,0.1573,1.0,4.999750012499375e-05,registered-trends exploratory 444,speech,20000,raw · spearman_vs_era,none,,,exploratory,One of 444 disclosed exploratory tests.,No-change surprise: 15.7%,register,444
us_them,23.39112309602784,us_them,1.4913815921770843,46.175270937220176,0.0348,1.0,4.999750012499375e-05,registered-trends exploratory 444,speech,20000,sotu_only · delta_last_minus_first,none,,,exploratory,One of 444 disclosed exploratory tests.,No-change surprise: 3.48%,register,444
us_them,0.1307841395054652,us_them,-8.790885940558619,9.024865538308305,0.9754,1.0,4.999750012499375e-05,registered-trends exploratory 444,speech,20000,sotu_only · delta_modern_minus_early,none,,,exploratory,One of 444 disclosed exploratory tests.,No-change surprise: 97.5%,register,444
us_them,18.540243849243375,us_them,9.330415073620976,27.34118331191146,5e-05,0.0222,4.999750012499375e-05,registered-trends exploratory 444,speech,20000,sotu_only · delta_modern_minus_postbellum,none,,,post-hoc,One of 444 disclosed exploratory tests.,No-change surprise: 0.005%,register,444
us_them,0.08333333333333333,us_them,-0.2,0.26666666666666666,0.6493,1.0,4.999750012499375e-05,registered-trends exploratory 444,speech,20000,sotu_only · spearman_vs_era,none,,,exploratory,One of 444 disclosed exploratory tests.,No-change surprise: 64.9%,register,444
values_share,0.05832578728966786,values_share,-0.06091836028236455,0.16554745171014504,0.3174,1.0,4.999750012499375e-05,registered-trends exploratory 444,speech,20000,genre_standardized · delta_last_minus_first,none,,,exploratory,One of 444 disclosed exploratory tests.,No-change surprise: 31.7%,register,444
values_share,0.16111073330690912,values_share,0.11517540645235111,0.20477249981547718,5e-05,0.0222,4.999750012499375e-05,registered-trends exploratory 444,speech,20000,genre_standardized · delta_modern_minus_early,none,,,exploratory,One of 444 disclosed exploratory tests.,No-change surprise: 0.005%,register,444
values_share,0.17528415788741042,values_share,0.13653110919233602,0.2139753557648202,5e-05,0.0222,4.999750012499375e-05,registered-trends exploratory 444,speech,20000,genre_standardized · delta_modern_minus_postbellum,none,,,post-hoc,One of 444 disclosed exploratory tests.,No-change surprise: 0.005%,register,444
values_share,0.6666666666666666,values_share,0.35,0.7666666666666667,5e-05,0.0222,4.999750012499375e-05,registered-trends exploratory 444,speech,20000,genre_standardized · spearman_vs_era,none,,,exploratory,One of 444 disclosed exploratory tests.,No-change surprise: 0.005%,register,444
values_share,-0.05528595665224423,values_share,-0.18191929475687094,0.0732700665507444,0.4525,1.0,4.999750012499375e-05,registered-trends exploratory 444,speech,20000,raw · delta_last_minus_first,none,,,exploratory,One of 444 disclosed exploratory tests.,No-change surprise: 45.2%,register,444
values_share,0.09836158690307834,values_share,0.04894626639184493,0.14883089751399747,0.0001,0.0222,4.999750012499375e-05,registered-trends exploratory 444,speech,20000,raw · delta_modern_minus_early,none,,,exploratory,One of 444 disclosed exploratory tests.,No-change surprise: 0.01%,register,444
values_share,0.12213226269073424,values_share,0.08416876563104696,0.15956214865059956,5e-05,0.0222,4.999750012499375e-05,registered-trends exploratory 444,speech,20000,raw · delta_modern_minus_postbellum,none,,,post-hoc,One of 444 disclosed exploratory tests.,No-change surprise: 0.005%,register,444
values_share,0.3333333333333333,values_share,0.1,0.6333333333333333,0.0013,0.2067,4.999750012499375e-05,registered-trends exploratory 444,speech,20000,raw · spearman_vs_era,none,,,exploratory,One of 444 disclosed exploratory tests.,No-change surprise: 0.13%,register,444
values_share,0.05945945945945946,values_share,-0.060833282083790435,0.16629250088910572,0.316,1.0,4.999750012499375e-05,registered-trends exploratory 444,speech,20000,sotu_only · delta_last_minus_first,none,,,exploratory,One of 444 disclosed exploratory tests.,No-change surprise: 31.6%,register,444
values_share,0.15345847673822005,values_share,0.1055239519273649,0.1989936291268481,5e-05,0.0222,4.999750012499375e-05,registered-trends exploratory 444,speech,20000,sotu_only · delta_modern_minus_early,none,,,exploratory,One of 444 disclosed exploratory tests.,No-change surprise: 0.005%,register,444
values_share,0.17874234153016327,values_share,0.1342571097627906,0.22258722732283037,5e-05,0.0222,4.999750012499375e-05,registered-trends exploratory 444,speech,20000,sotu_only · delta_modern_minus_postbellum,none,,,post-hoc,One of 444 disclosed exploratory tests.,No-change surprise: 0.005%,register,444
values_share,0.5833333333333334,values_share,0.31666666666666665,0.7666666666666667,5e-05,0.0222,4.999750012499375e-05,registered-trends exploratory 444,speech,20000,sotu_only · spearman_vs_era,none,,,exploratory,One of 444 disclosed exploratory tests.,No-change surprise: 0.005%,register,444
words_per_sentence,-23.05371419426421,words_per_sentence,-25.25517850691571,-20.887090127765894,5e-05,0.0222,4.999750012499375e-05,registered-trends exploratory 444,speech,20000,genre_standardized · delta_last_minus_first,none,,,exploratory,One of 444 disclosed exploratory tests.,No-change surprise: 0.005%,register,444
words_per_sentence,-20.606299816447272,words_per_sentence,-21.706996498083033,-19.56818268425282,5e-05,0.0222,4.999750012499375e-05,registered-trends exploratory 444,speech,20000,genre_standardized · delta_modern_minus_early,none,,,exploratory,One of 444 disclosed exploratory tests.,No-change surprise: 0.005%,register,444
words_per_sentence,-11.199025005115047,words_per_sentence,-12.001904336562438,-10.380920102144197,5e-05,0.0222,4.999750012499375e-05,registered-trends exploratory 444,speech,20000,genre_standardized · delta_modern_minus_postbellum,none,,,post-hoc,One of 444 disclosed exploratory tests.,No-change surprise: 0.005%,register,444
words_per_sentence,-0.9833333333333333,words_per_sentence,-1.0,-0.9333333333333333,5e-05,0.0222,4.999750012499375e-05,registered-trends exploratory 444,speech,20000,genre_standardized · spearman_vs_era,none,,,exploratory,One of 444 disclosed exploratory tests.,No-change surprise: 0.005%,register,444
words_per_sentence,-24.5446424577507,words_per_sentence,-30.015138076892182,-20.810786077932,5e-05,0.0222,4.999750012499375e-05,registered-trends exploratory 444,speech,20000,raw · delta_last_minus_first,none,,,exploratory,One of 444 disclosed exploratory tests.,No-change surprise: 0.005%,register,444
words_per_sentence,-20.735662445103205,words_per_sentence,-22.937420543937094,-19.05933475261333,5e-05,0.0222,4.999750012499375e-05,registered-trends exploratory 444,speech,20000,raw · delta_modern_minus_early,none,,,exploratory,One of 444 disclosed exploratory tests.,No-change surprise: 0.005%,register,444
words_per_sentence,-11.842709135955683,words_per_sentence,-12.602936889808001,-11.055434712314922,5e-05,0.0222,4.999750012499375e-05,registered-trends exploratory 444,speech,20000,raw · delta_modern_minus_postbellum,none,,,post-hoc,One of 444 disclosed exploratory tests.,No-change surprise: 0.005%,register,444
words_per_sentence,-0.9833333333333333,words_per_sentence,-1.0,-0.9333333333333333,5e-05,0.0222,4.999750012499375e-05,registered-trends exploratory 444,speech,20000,raw · spearman_vs_era,none,,,exploratory,One of 444 disclosed exploratory tests.,No-change surprise: 0.005%,register,444
words_per_sentence,-21.717641520026632,words_per_sentence,-23.552676365349868,-19.917155830409325,5e-05,0.0222,4.999750012499375e-05,registered-trends exploratory 444,speech,20000,sotu_only · delta_last_minus_first,none,,,exploratory,One of 444 disclosed exploratory tests.,No-change surprise: 0.005%,register,444
words_per_sentence,-19.522688767272452,words_per_sentence,-20.614600751665712,-18.501843033168225,5e-05,0.0222,4.999750012499375e-05,registered-trends exploratory 444,speech,20000,sotu_only · delta_modern_minus_early,none,,,exploratory,One of 444 disclosed exploratory tests.,No-change surprise: 0.005%,register,444
words_per_sentence,-11.064883902312893,words_per_sentence,-11.928113534648643,-10.227000240075709,5e-05,0.0222,4.999750012499375e-05,registered-trends exploratory 444,speech,20000,sotu_only · delta_modern_minus_postbellum,none,,,post-hoc,One of 444 disclosed exploratory tests.,No-change surprise: 0.005%,register,444
words_per_sentence,-0.95,words_per_sentence,-0.9833333333333333,-0.9166666666666666,5e-05,0.0222,4.999750012499375e-05,registered-trends exploratory 444,speech,20000,sotu_only · spearman_vs_era,none,,,exploratory,One of 444 disclosed exploratory tests.,No-change surprise: 0.005%,register,444
zero_topic_share,0.0,zero_topic_share,0.0,0.0,1.0,1.0,4.999750012499375e-05,registered-trends exploratory 444,speech,20000,genre_standardized · delta_last_minus_first,llm_level2,,,exploratory,One of 444 disclosed exploratory tests.,No-change surprise: 100%,register,444
zero_topic_share,0.0024555014171375364,zero_topic_share,-0.00016462723566872345,0.005526404912566501,0.0703,1.0,4.999750012499375e-05,registered-trends exploratory 444,speech,20000,genre_standardized · delta_modern_minus_early,llm_level2,,,exploratory,One of 444 disclosed exploratory tests.,No-change surprise: 7.03%,register,444
zero_topic_share,-0.0007744645889276587,zero_topic_share,-0.008142500490161873,0.00506477892206376,0.8362,1.0,4.999750012499375e-05,registered-trends exploratory 444,speech,20000,genre_standardized · delta_modern_minus_postbellum,llm_level2,,,post-hoc,One of 444 disclosed exploratory tests.,No-change surprise: 83.6%,register,444
zero_topic_share,0.15256428831468236,zero_topic_share,-0.15256428831468236,0.27852424952911653,0.2639,1.0,4.999750012499375e-05,registered-trends exploratory 444,speech,20000,genre_standardized · spearman_vs_era,llm_level2,,,exploratory,One of 444 disclosed exploratory tests.,No-change surprise: 26.4%,register,444
zero_topic_share,0.041161796151104775,zero_topic_share,0.0024335206505704215,0.09976746612039779,5e-05,0.0222,4.999750012499375e-05,registered-trends exploratory 444,speech,20000,raw · delta_last_minus_first,llm_level2,,,exploratory,One of 444 disclosed exploratory tests.,No-change surprise: 0.005%,register,444
zero_topic_share,0.019233612296151604,zero_topic_share,0.005166693724855852,0.03889666371357765,5e-05,0.0222,4.999750012499375e-05,registered-trends exploratory 444,speech,20000,raw · delta_modern_minus_early,llm_level2,,,exploratory,One of 444 disclosed exploratory tests.,No-change surprise: 0.005%,register,444
zero_topic_share,0.019319472227600536,zero_topic_share,0.005201908473462475,0.03895205773734501,0.0001,0.0222,4.999750012499375e-05,registered-trends exploratory 444,speech,20000,raw · delta_modern_minus_postbellum,llm_level2,,,post-hoc,One of 444 disclosed exploratory tests.,No-change surprise: 0.01%,register,444
zero_topic_share,0.7333333333333333,zero_topic_share,0.48333333333333334,0.8333333333333334,5e-05,0.0222,4.999750012499375e-05,registered-trends exploratory 444,speech,20000,raw · spearman_vs_era,llm_level2,,,exploratory,One of 444 disclosed exploratory tests.,No-change surprise: 0.005%,register,444
zero_topic_share,0.0,zero_topic_share,0.0,0.0,1.0,1.0,4.999750012499375e-05,registered-trends exploratory 444,speech,20000,sotu_only · delta_last_minus_first,llm_level2,,,exploratory,One of 444 disclosed exploratory tests.,No-change surprise: 100%,register,444
zero_topic_share,0.0021182132004879794,zero_topic_share,-0.0004531470089618547,0.00549939359751795,0.1318,1.0,4.999750012499375e-05,registered-trends exploratory 444,speech,20000,sotu_only · delta_modern_minus_early,llm_level2,,,exploratory,One of 444 disclosed exploratory tests.,No-change surprise: 13.2%,register,444
zero_topic_share,0.002553079387497284,zero_topic_share,0.0002327603413126032,0.0058688362359027675,0.0209,1.0,4.999750012499375e-05,registered-trends exploratory 444,speech,20000,sotu_only · delta_modern_minus_postbellum,llm_level2,,,post-hoc,One of 444 disclosed exploratory tests.,No-change surprise: 2.09%,register,444
zero_topic_share,0.1356127007241621,zero_topic_share,-0.26111648393354675,0.4356649189097367,0.4464,1.0,4.999750012499375e-05,registered-trends exploratory 444,speech,20000,sotu_only · spearman_vs_era,llm_level2,,,exploratory,One of 444 disclosed exploratory tests.,No-change surprise: 44.6%,register,444
party_attack,0.011866235167206042,share of paragraphs,0.0,0.02799064069315188,,,,descriptive intervals,speech,2000,The founding · raw,closed AI rubric,,73.0,exploratory,ok,Not tested,combativeness,0
party_attack,0.001953125,share of paragraphs,0.0,0.00584823876096491,,,,descriptive intervals,speech,2000,The founding · sotu_only,closed AI rubric,,27.0,exploratory,ok,Not tested,combativeness,0
party_attack,0.0018038411383007444,share of paragraphs,0.0004254952627045843,0.004211997560076242,,,,descriptive intervals,speech,2000,The founding · genre_standardized,closed AI rubric,,72.0,exploratory,ok,Not tested,combativeness,0
enemy_naming,0.25782092772384035,share of paragraphs,0.19330385501932953,0.3271477691497762,,,,descriptive intervals,speech,2000,The founding · raw,closed AI rubric,,73.0,exploratory,ok,Not tested,combativeness,0
enemy_naming,0.26171875,share of paragraphs,0.18374282909849757,0.34489873987398734,,,,descriptive intervals,speech,2000,The founding · sotu_only,closed AI rubric,,27.0,exploratory,ok,Not tested,combativeness,0
enemy_naming,0.2073247454213578,share of paragraphs,0.1509907859349369,0.26531277313531426,,,,descriptive intervals,speech,2000,The founding · genre_standardized,closed AI rubric,,72.0,exploratory,ok,Not tested,combativeness,0
zero_sum,0.07335490830636461,share of paragraphs,0.03968190169958659,0.1160919085017996,,,,descriptive intervals,speech,2000,The founding · raw,closed AI rubric,,73.0,exploratory,ok,Not tested,combativeness,0
zero_sum,0.083984375,share of paragraphs,0.030358558826444653,0.14846364208703858,,,,descriptive intervals,speech,2000,The founding · sotu_only,closed AI rubric,,27.0,exploratory,ok,Not tested,combativeness,0
zero_sum,0.06260973058408927,share of paragraphs,0.03151255817273957,0.09939493043785,,,,descriptive intervals,speech,2000,The founding · genre_standardized,closed AI rubric,,72.0,exploratory,ok,Not tested,combativeness,0
party_attack,0.015911542610571736,share of paragraphs,0.006914618960473222,0.027524441435937463,,,,descriptive intervals,speech,2000,Expansion · raw,closed AI rubric,,102.0,exploratory,ok,Not tested,combativeness,0
party_attack,0.0136986301369863,share of paragraphs,0.0034486354896028936,0.028794135170244976,,,,descriptive intervals,speech,2000,Expansion · sotu_only,closed AI rubric,,34.0,exploratory,ok,Not tested,combativeness,0
party_attack,0.015612029020627693,share of paragraphs,0.005490444606640157,0.02622235638738483,,,,descriptive intervals,speech,2000,Expansion · genre_standardized,closed AI rubric,,100.0,exploratory,ok,Not tested,combativeness,0
enemy_naming,0.20280474649406688,share of paragraphs,0.15829201387303807,0.2497485934014476,,,,descriptive intervals,speech,2000,Expansion · raw,closed AI rubric,,102.0,exploratory,ok,Not tested,combativeness,0
enemy_naming,0.1888750518887505,share of paragraphs,0.14064483619759727,0.24050348101421412,,,,descriptive intervals,speech,2000,Expansion · sotu_only,closed AI rubric,,34.0,exploratory,ok,Not tested,combativeness,0
enemy_naming,0.19839707984554247,share of paragraphs,0.15322918859488233,0.2399193200181025,,,,descriptive intervals,speech,2000,Expansion · genre_standardized,closed AI rubric,,100.0,exploratory,ok,Not tested,combativeness,0
zero_sum,0.06014023732470335,share of paragraphs,0.040865051429822004,0.08492014977179303,,,,descriptive intervals,speech,2000,Expansion · raw,closed AI rubric,,102.0,exploratory,ok,Not tested,combativeness,0
zero_sum,0.0502283105022831,share of paragraphs,0.027894837371752895,0.0791815763840731,,,,descriptive intervals,speech,2000,Expansion · sotu_only,closed AI rubric,,34.0,exploratory,ok,Not tested,combativeness,0
zero_sum,0.05557661460627301,share of paragraphs,0.03630473671604885,0.07685988544272133,,,,descriptive intervals,speech,2000,Expansion · genre_standardized,closed AI rubric,,100.0,exploratory,ok,Not tested,combativeness,0
party_attack,0.0520484411234218,share of paragraphs,0.02976521426101436,0.08090459683279434,,,,descriptive intervals,speech,2000,Civil War & Reconstruction · raw,closed AI rubric,,120.0,exploratory,ok,Not tested,combativeness,0
party_attack,0.029585798816568046,share of paragraphs,0.010082855517513624,0.05397830264221999,,,,descriptive intervals,speech,2000,Civil War & Reconstruction · sotu_only,closed AI rubric,,28.0,exploratory,ok,Not tested,combativeness,0
party_attack,0.04026998562962676,share of paragraphs,,,,,,descriptive intervals,speech,2000,Civil War & Reconstruction · genre_standardized,closed AI rubric,,117.0,exploratory,suppressed_n_floor,Not tested,combativeness,0
enemy_naming,0.18989951043545478,share of paragraphs,0.15652703542020074,0.22177316310252887,,,,descriptive intervals,speech,2000,Civil War & Reconstruction · raw,closed AI rubric,,120.0,exploratory,ok,Not tested,combativeness,0
enemy_naming,0.1524806554392353,share of paragraphs,0.11698944191858159,0.19010792491372197,,,,descriptive intervals,speech,2000,Civil War & Reconstruction · sotu_only,closed AI rubric,,28.0,exploratory,ok,Not tested,combativeness,0
enemy_naming,0.2153842842615165,share of paragraphs,,,,,,descriptive intervals,speech,2000,Civil War & Reconstruction · genre_standardized,closed AI rubric,,117.0,exploratory,suppressed_n_floor,Not tested,combativeness,0
zero_sum,0.06132440092759598,share of paragraphs,0.043037876709644554,0.08063640120999489,,,,descriptive intervals,speech,2000,Civil War & Reconstruction · raw,closed AI rubric,,120.0,exploratory,ok,Not tested,combativeness,0
zero_sum,0.04050978607191625,share of paragraphs,0.026486728586679182,0.05675141371541931,,,,descriptive intervals,speech,2000,Civil War & Reconstruction · sotu_only,closed AI rubric,,28.0,exploratory,ok,Not tested,combativeness,0
zero_sum,0.09077638672404303,share of paragraphs,,,,,,descriptive intervals,speech,2000,Civil War & Reconstruction · genre_standardized,closed AI rubric,,117.0,exploratory,suppressed_n_floor,Not tested,combativeness,0
party_attack,0.022290331568682084,share of paragraphs,0.010953180351782256,0.038891643658634144,,,,descriptive intervals,speech,2000,The Gilded Age · raw,closed AI rubric,,84.0,exploratory,ok,Not tested,combativeness,0
party_attack,0.010218978102189781,share of paragraphs,0.004890362155265483,0.016502224519350368,,,,descriptive intervals,speech,2000,The Gilded Age · sotu_only,closed AI rubric,,23.0,exploratory,ok,Not tested,combativeness,0
party_attack,0.01415862616960915,share of paragraphs,0.008609201879090514,0.020041271805206567,,,,descriptive intervals,speech,2000,The Gilded Age · genre_standardized,closed AI rubric,,79.0,exploratory,ok,Not tested,combativeness,0
enemy_naming,0.10755084981889106,share of paragraphs,0.08133529275822635,0.14098761894125253,,,,descriptive intervals,speech,2000,The Gilded Age · raw,closed AI rubric,,84.0,exploratory,ok,Not tested,combativeness,0
enemy_naming,0.08248175182481751,share of paragraphs,0.06641687456988717,0.10294595530892607,,,,descriptive intervals,speech,2000,The Gilded Age · sotu_only,closed AI rubric,,23.0,exploratory,ok,Not tested,combativeness,0
enemy_naming,0.11352410379025037,share of paragraphs,0.08093572709069836,0.1423743033444877,,,,descriptive intervals,speech,2000,The Gilded Age · genre_standardized,closed AI rubric,,79.0,exploratory,ok,Not tested,combativeness,0
zero_sum,0.03650041794371691,share of paragraphs,0.023969355251651687,0.052267184210841325,,,,descriptive intervals,speech,2000,The Gilded Age · raw,closed AI rubric,,84.0,exploratory,ok,Not tested,combativeness,0
zero_sum,0.024817518248175182,share of paragraphs,0.014844446922390724,0.03575603851649815,,,,descriptive intervals,speech,2000,The Gilded Age · sotu_only,closed AI rubric,,23.0,exploratory,ok,Not tested,combativeness,0
zero_sum,0.032741304639788776,share of paragraphs,0.02368988045919748,0.043547639582994374,,,,descriptive intervals,speech,2000,The Gilded Age · genre_standardized,closed AI rubric,,79.0,exploratory,ok,Not tested,combativeness,0
party_attack,0.04154302670623145,share of paragraphs,0.015782988144669052,0.07726232133148939,,,,descriptive intervals,speech,2000,Progressives & Depression · raw,closed AI rubric,,129.0,exploratory,ok,Not tested,combativeness,0
party_attack,0.006440677966101695,share of paragraphs,0.0006693907007654792,0.014771142409782837,,,,descriptive intervals,speech,2000,Progressives & Depression · sotu_only,closed AI rubric,,32.0,exploratory,ok,Not tested,combativeness,0
party_attack,0.04701620102382067,share of paragraphs,0.02630816082950153,0.06672751844670903,,,,descriptive intervals,speech,2000,Progressives & Depression · genre_standardized,closed AI rubric,,129.0,exploratory,ok,Not tested,combativeness,0
enemy_naming,0.10746078846969055,share of paragraphs,0.0771700652322067,0.1472563550007299,,,,descriptive intervals,speech,2000,Progressives & Depression · raw,closed AI rubric,,129.0,exploratory,ok,Not tested,combativeness,0
enemy_naming,0.06135593220338983,share of paragraphs,0.04007859965185341,0.08571944301186175,,,,descriptive intervals,speech,2000,Progressives & Depression · sotu_only,closed AI rubric,,32.0,exploratory,ok,Not tested,combativeness,0
enemy_naming,0.09887188039350417,share of paragraphs,0.0772958401228219,0.11949895272621085,,,,descriptive intervals,speech,2000,Progressives & Depression · genre_standardized,closed AI rubric,,129.0,exploratory,ok,Not tested,combativeness,0
zero_sum,0.028189910979228485,share of paragraphs,0.019908315204376803,0.03902799274163418,,,,descriptive intervals,speech,2000,Progressives & Depression · raw,closed AI rubric,,129.0,exploratory,ok,Not tested,combativeness,0
zero_sum,0.016271186440677966,share of paragraphs,0.008885915875217434,0.024513394716116226,,,,descriptive intervals,speech,2000,Progressives & Depression · sotu_only,closed AI rubric,,32.0,exploratory,ok,Not tested,combativeness,0
zero_sum,0.032483698605148985,share of paragraphs,0.023966280111105062,0.04151894579040528,,,,descriptive intervals,speech,2000,Progressives & Depression · genre_standardized,closed AI rubric,,129.0,exploratory,ok,Not tested,combativeness,0
party_attack,0.04442581726739313,share of paragraphs,0.02337360314104501,0.06868697478991594,,,,descriptive intervals,speech,2000,War & New Deal · raw,closed AI rubric,,55.0,exploratory,ok,Not tested,combativeness,0
party_attack,0.04597701149425287,share of paragraphs,,,,,,descriptive intervals,speech,2000,War & New Deal · sotu_only,closed AI rubric,,3.0,exploratory,suppressed_n_floor,Not tested,combativeness,0
party_attack,0.05839424730079358,share of paragraphs,,,,,,descriptive intervals,speech,2000,War & New Deal · genre_standardized,closed AI rubric,,52.0,exploratory,suppressed_n_floor,Not tested,combativeness,0
enemy_naming,0.35792120704107294,share of paragraphs,0.29693063497859257,0.4188988357596212,,,,descriptive intervals,speech,2000,War & New Deal · raw,closed AI rubric,,55.0,exploratory,ok,Not tested,combativeness,0
enemy_naming,0.3793103448275862,share of paragraphs,,,,,,descriptive intervals,speech,2000,War & New Deal · sotu_only,closed AI rubric,,3.0,exploratory,suppressed_n_floor,Not tested,combativeness,0
enemy_naming,0.3718873159663706,share of paragraphs,,,,,,descriptive intervals,speech,2000,War & New Deal · genre_standardized,closed AI rubric,,52.0,exploratory,suppressed_n_floor,Not tested,combativeness,0
zero_sum,0.19279128248113997,share of paragraphs,0.14297607655502392,0.24355131036274474,,,,descriptive intervals,speech,2000,War & New Deal · raw,closed AI rubric,,55.0,exploratory,ok,Not tested,combativeness,0
zero_sum,0.2988505747126437,share of paragraphs,,,,,,descriptive intervals,speech,2000,War & New Deal · sotu_only,closed AI rubric,,3.0,exploratory,suppressed_n_floor,Not tested,combativeness,0
zero_sum,0.25185291118060765,share of paragraphs,,,,,,descriptive intervals,speech,2000,War & New Deal · genre_standardized,closed AI rubric,,52.0,exploratory,suppressed_n_floor,Not tested,combativeness,0
party_attack,0.08892048561741223,share of paragraphs,0.06315159117798584,0.11581401351908399,,,,descriptive intervals,speech,2000,The Cold War · raw,closed AI rubric,,263.0,exploratory,ok,Not tested,combativeness,0
party_attack,0.0173046670162559,share of paragraphs,0.007482223899454061,0.030335988791744612,,,,descriptive intervals,speech,2000,The Cold War · sotu_only,closed AI rubric,,34.0,exploratory,ok,Not tested,combativeness,0
party_attack,0.05330264200148274,share of paragraphs,0.04623169354861828,0.0618169149867122,,,,descriptive intervals,speech,2000,The Cold War · genre_standardized,closed AI rubric,,261.0,exploratory,ok,Not tested,combativeness,0
enemy_naming,0.23580881548725802,share of paragraphs,0.2074370104279074,0.26526276963790274,,,,descriptive intervals,speech,2000,The Cold War · raw,closed AI rubric,,263.0,exploratory,ok,Not tested,combativeness,0
enemy_naming,0.10068169900367069,share of paragraphs,0.08084455975838027,0.12189045343886447,,,,descriptive intervals,speech,2000,The Cold War · sotu_only,closed AI rubric,,34.0,exploratory,ok,Not tested,combativeness,0
enemy_naming,0.18921307367526888,share of paragraphs,0.17017934407134006,0.21039294252612042,,,,descriptive intervals,speech,2000,The Cold War · genre_standardized,closed AI rubric,,261.0,exploratory,ok,Not tested,combativeness,0
zero_sum,0.08793612599803129,share of paragraphs,0.07437423082331798,0.10316984749324302,,,,descriptive intervals,speech,2000,The Cold War · raw,closed AI rubric,,263.0,exploratory,ok,Not tested,combativeness,0
zero_sum,0.0508652333508128,share of paragraphs,0.03467390548502116,0.06853983483220187,,,,descriptive intervals,speech,2000,The Cold War · sotu_only,closed AI rubric,,34.0,exploratory,ok,Not tested,combativeness,0
zero_sum,0.07446099142780511,share of paragraphs,0.0626678423345041,0.08734033748917068,,,,descriptive intervals,speech,2000,The Cold War · genre_standardized,closed AI rubric,,261.0,exploratory,ok,Not tested,combativeness,0
party_attack,0.06828282828282828,share of paragraphs,0.03797963757022423,0.10430168749423427,,,,descriptive intervals,speech,2000,Post-Cold War · raw,closed AI rubric,,149.0,exploratory,ok,Not tested,combativeness,0
party_attack,0.03608923884514436,share of paragraphs,0.021722677008799814,0.0515667843574913,,,,descriptive intervals,speech,2000,Post-Cold War · sotu_only,closed AI rubric,,27.0,exploratory,ok,Not tested,combativeness,0
party_attack,0.06463633364594226,share of paragraphs,0.047775020697714304,0.07853894128398096,,,,descriptive intervals,speech,2000,Post-Cold War · genre_standardized,closed AI rubric,,149.0,exploratory,ok,Not tested,combativeness,0
enemy_naming,0.2103030303030303,share of paragraphs,0.1774822695035461,0.24585819005713472,,,,descriptive intervals,speech,2000,Post-Cold War · raw,closed AI rubric,,149.0,exploratory,ok,Not tested,combativeness,0
enemy_naming,0.1620734908136483,share of paragraphs,0.12045165233291288,0.20391235164957336,,,,descriptive intervals,speech,2000,Post-Cold War · sotu_only,closed AI rubric,,27.0,exploratory,ok,Not tested,combativeness,0
enemy_naming,0.19660150813424335,share of paragraphs,0.1700742153926879,0.22354519270008213,,,,descriptive intervals,speech,2000,Post-Cold War · genre_standardized,closed AI rubric,,149.0,exploratory,ok,Not tested,combativeness,0
zero_sum,0.058787878787878785,share of paragraphs,0.04560079226779495,0.07383659475714249,,,,descriptive intervals,speech,2000,Post-Cold War · raw,closed AI rubric,,149.0,exploratory,ok,Not tested,combativeness,0
zero_sum,0.0636482939632546,share of paragraphs,0.03855814794939024,0.09024699546011583,,,,descriptive intervals,speech,2000,Post-Cold War · sotu_only,closed AI rubric,,27.0,exploratory,ok,Not tested,combativeness,0
zero_sum,0.059877741127884174,share of paragraphs,0.04628812076667441,0.07723783172624177,,,,descriptive intervals,speech,2000,Post-Cold War · genre_standardized,closed AI rubric,,149.0,exploratory,ok,Not tested,combativeness,0
party_attack,0.15145631067961166,share of paragraphs,0.11805879435694584,0.18808114044244756,,,,descriptive intervals,speech,2000,The present era · raw,closed AI rubric,,82.0,exploratory,ok,Not tested,combativeness,0
party_attack,0.14219653179190753,share of paragraphs,0.09462732395811196,0.18410181741481138,,,,descriptive intervals,speech,2000,The present era · sotu_only,closed AI rubric,,10.0,exploratory,low_cluster_caution,Not tested,combativeness,0
party_attack,0.14061674826206574,share of paragraphs,0.10923139382209379,0.17100625329527505,,,,descriptive intervals,speech,2000,The present era · genre_standardized,closed AI rubric,,78.0,exploratory,ok,Not tested,combativeness,0
enemy_naming,0.3371359223300971,share of paragraphs,0.28755817063681544,0.39199058161634964,,,,descriptive intervals,speech,2000,The present era · raw,closed AI rubric,,82.0,exploratory,ok,Not tested,combativeness,0
enemy_naming,0.2855491329479769,share of paragraphs,0.24150515092085392,0.32818596391593097,,,,descriptive intervals,speech,2000,The present era · sotu_only,closed AI rubric,,10.0,exploratory,low_cluster_caution,Not tested,combativeness,0
enemy_naming,0.313613389669972,share of paragraphs,0.28155250918084984,0.34991466050825687,,,,descriptive intervals,speech,2000,The present era · genre_standardized,closed AI rubric,,78.0,exploratory,ok,Not tested,combativeness,0
zero_sum,0.16116504854368932,share of paragraphs,0.1268736081852094,0.20042488669688077,,,,descriptive intervals,speech,2000,The present era · raw,closed AI rubric,,82.0,exploratory,ok,Not tested,combativeness,0
zero_sum,0.14797687861271677,share of paragraphs,0.11811655405405407,0.18073801792737582,,,,descriptive intervals,speech,2000,The present era · sotu_only,closed AI rubric,,10.0,exploratory,low_cluster_caution,Not tested,combativeness,0
zero_sum,0.15780053945315342,share of paragraphs,0.13531052605971858,0.18333009559040656,,,,descriptive intervals,speech,2000,The present era · genre_standardized,closed AI rubric,,78.0,exploratory,ok,Not tested,combativeness,0
