network,source,target,similarity,source_n_speeches,target_n_speeches,default_visible
ai_topics,Abraham Lincoln,Andrew Jackson,0.23718024455746173,15,26,True
ai_topics,Abraham Lincoln,Andrew Johnson,0.278198467933052,15,31,True
ai_topics,Abraham Lincoln,Barack Obama,0.08791485255174605,15,51,True
ai_topics,Abraham Lincoln,Benjamin Harrison,0.144479935597097,15,16,True
ai_topics,Abraham Lincoln,Bill Clinton,0.10216444164890864,15,39,True
ai_topics,Abraham Lincoln,Calvin Coolidge,0.2128934984223899,15,12,True
ai_topics,Abraham Lincoln,Chester A. Arthur,0.13099378718619864,15,11,True
ai_topics,Abraham Lincoln,Donald Trump,0.1009068125893247,15,53,True
ai_topics,Abraham Lincoln,Dwight D. Eisenhower,0.09321569777486223,15,15,True
ai_topics,Abraham Lincoln,Franklin D. Roosevelt,0.08675183383150901,15,49,True
ai_topics,Abraham Lincoln,Franklin Pierce,0.5183055832580263,15,15,True
ai_topics,Abraham Lincoln,George H. W. Bush,0.09507374428931072,15,23,True
ai_topics,Abraham Lincoln,George W. Bush,0.062077993702593086,15,38,True
ai_topics,Abraham Lincoln,George Washington,0.22774806056391822,15,21,True
ai_topics,Abraham Lincoln,Gerald Ford,0.10917055096410687,15,14,True
ai_topics,Abraham Lincoln,Grover Cleveland,0.13474117689118836,15,32,True
ai_topics,Abraham Lincoln,Harry S. Truman,0.06516811857085317,15,19,True
ai_topics,Abraham Lincoln,Herbert Hoover,0.10990087825242305,15,30,True
ai_topics,Abraham Lincoln,James A. Garfield,0.36571421401973053,15,1,False
ai_topics,Abraham Lincoln,James Buchanan,0.6386223439096981,15,14,True
ai_topics,Abraham Lincoln,James K. Polk,0.21490921520340905,15,25,True
ai_topics,Abraham Lincoln,James Madison,0.13882402186382922,15,21,True
ai_topics,Abraham Lincoln,James Monroe,0.18208876175598018,15,10,True
ai_topics,Abraham Lincoln,Jimmy Carter,0.08010026271301521,15,22,True
ai_topics,Abraham Lincoln,Joe Biden,0.09628465729970438,15,28,True
ai_topics,Abraham Lincoln,John Adams,0.15658440533833673,15,9,True
ai_topics,Abraham Lincoln,John F. Kennedy,0.06595523734555638,15,44,True
ai_topics,Abraham Lincoln,John Quincy Adams,0.18413184474394045,15,8,True
ai_topics,Abraham Lincoln,John Tyler,0.1832895703880908,15,18,True
ai_topics,Abraham Lincoln,Lyndon B. Johnson,0.0629698950143447,15,71,True
ai_topics,Abraham Lincoln,Martin Van Buren,0.1682927757035168,15,10,True
ai_topics,Abraham Lincoln,Millard Fillmore,0.3400413939483719,15,7,True
ai_topics,Abraham Lincoln,Richard M. Nixon,0.09336587488725845,15,23,True
ai_topics,Abraham Lincoln,Ronald Reagan,0.09836393318116687,15,60,True
ai_topics,Abraham Lincoln,Rutherford B. Hayes,0.17052330832112025,15,16,True
ai_topics,Abraham Lincoln,Theodore Roosevelt,0.1274332951079512,15,22,True
ai_topics,Abraham Lincoln,Thomas Jefferson,0.16927123022932086,15,24,True
ai_topics,Abraham Lincoln,Ulysses S. Grant,0.23561732682744835,15,32,True
ai_topics,Abraham Lincoln,Warren G. Harding,0.17473936299136603,15,18,True
ai_topics,Abraham Lincoln,William Harrison,0.2329662211557116,15,1,False
ai_topics,Abraham Lincoln,William McKinley,0.1342602609842361,15,14,True
ai_topics,Abraham Lincoln,William Taft,0.1144528540239934,15,12,True
ai_topics,Abraham Lincoln,Woodrow Wilson,0.1129627249347177,15,33,True
ai_topics,Abraham Lincoln,Zachary Taylor,0.29790103011335767,15,4,False
ai_topics,Andrew Jackson,Andrew Johnson,0.5188441260935404,26,31,True
ai_topics,Andrew Jackson,Barack Obama,0.19791902716843268,26,51,True
ai_topics,Andrew Jackson,Benjamin Harrison,0.5854456464539292,26,16,True
ai_topics,Andrew Jackson,Bill Clinton,0.20790740807192248,26,39,True
ai_topics,Andrew Jackson,Calvin Coolidge,0.5890915284407532,26,12,True
ai_topics,Andrew Jackson,Chester A. Arthur,0.6516976000093204,26,11,True
ai_topics,Andrew Jackson,Donald Trump,0.25724223140521685,26,53,True
ai_topics,Andrew Jackson,Dwight D. Eisenhower,0.2647602985352214,26,15,True
ai_topics,Andrew Jackson,Franklin D. Roosevelt,0.2556638700239522,26,49,True
ai_topics,Andrew Jackson,Franklin Pierce,0.6526998236776045,26,15,True
ai_topics,Andrew Jackson,George H. W. Bush,0.28654970997336937,26,23,True
ai_topics,Andrew Jackson,George W. Bush,0.16907536050619376,26,38,True
ai_topics,Andrew Jackson,George Washington,0.6848146823082846,26,21,True
ai_topics,Andrew Jackson,Gerald Ford,0.3877490572781079,26,14,True
ai_topics,Andrew Jackson,Grover Cleveland,0.6195746091039344,26,32,True
ai_topics,Andrew Jackson,Harry S. Truman,0.17930890865752172,26,19,True
ai_topics,Andrew Jackson,Herbert Hoover,0.5372564970846446,26,30,True
ai_topics,Andrew Jackson,James A. Garfield,0.5834904394536139,26,1,False
ai_topics,Andrew Jackson,James Buchanan,0.7352474264203738,26,14,True
ai_topics,Andrew Jackson,James K. Polk,0.5923921866281426,26,25,True
ai_topics,Andrew Jackson,James Madison,0.4369269625343053,26,21,True
ai_topics,Andrew Jackson,James Monroe,0.64467357267035,26,10,True
ai_topics,Andrew Jackson,Jimmy Carter,0.27901527066647763,26,22,True
ai_topics,Andrew Jackson,Joe Biden,0.21080797958732986,26,28,True
ai_topics,Andrew Jackson,John Adams,0.4265136058822221,26,9,True
ai_topics,Andrew Jackson,John F. Kennedy,0.18865920978234596,26,44,True
ai_topics,Andrew Jackson,John Quincy Adams,0.6909364369801799,26,8,True
ai_topics,Andrew Jackson,John Tyler,0.8341347540832826,26,18,True
ai_topics,Andrew Jackson,Lyndon B. Johnson,0.17846114914305145,26,71,True
ai_topics,Andrew Jackson,Martin Van Buren,0.8321580781092333,26,10,True
ai_topics,Andrew Jackson,Millard Fillmore,0.6895841169355053,26,7,True
ai_topics,Andrew Jackson,Richard M. Nixon,0.2769122339062479,26,23,True
ai_topics,Andrew Jackson,Ronald Reagan,0.22907377486011624,26,60,True
ai_topics,Andrew Jackson,Rutherford B. Hayes,0.650542418592976,26,16,True
ai_topics,Andrew Jackson,Theodore Roosevelt,0.4680380742440202,26,22,True
ai_topics,Andrew Jackson,Thomas Jefferson,0.5224538813858821,26,24,True
ai_topics,Andrew Jackson,Ulysses S. Grant,0.6333403471969103,26,32,True
ai_topics,Andrew Jackson,Warren G. Harding,0.5159901131513561,26,18,True
ai_topics,Andrew Jackson,William Harrison,0.7134370867389551,26,1,False
ai_topics,Andrew Jackson,William McKinley,0.5325735301595163,26,14,True
ai_topics,Andrew Jackson,William Taft,0.5735480050235159,26,12,True
ai_topics,Andrew Jackson,Woodrow Wilson,0.40632840429679784,26,33,True
ai_topics,Andrew Jackson,Zachary Taylor,0.6477057656912683,26,4,False
ai_topics,Andrew Johnson,Barack Obama,0.12408442637561982,31,51,True
ai_topics,Andrew Johnson,Benjamin Harrison,0.25823188685854187,31,16,True
ai_topics,Andrew Johnson,Bill Clinton,0.16326886221807355,31,39,True
ai_topics,Andrew Johnson,Calvin Coolidge,0.29938894775253927,31,12,True
ai_topics,Andrew Johnson,Chester A. Arthur,0.3452136542083672,31,11,True
ai_topics,Andrew Johnson,Donald Trump,0.1761836637941411,31,53,True
ai_topics,Andrew Johnson,Dwight D. Eisenhower,0.1580031682374697,31,15,True
ai_topics,Andrew Johnson,Franklin D. Roosevelt,0.14552537437704657,31,49,True
ai_topics,Andrew Johnson,Franklin Pierce,0.4097185199591802,31,15,True
ai_topics,Andrew Johnson,George H. W. Bush,0.15199761922764501,31,23,True
ai_topics,Andrew Johnson,George W. Bush,0.09230030713464267,31,38,True
ai_topics,Andrew Johnson,George Washington,0.417086871978359,31,21,True
ai_topics,Andrew Johnson,Gerald Ford,0.2320265775175363,31,14,True
ai_topics,Andrew Johnson,Grover Cleveland,0.29053092175699863,31,32,True
ai_topics,Andrew Johnson,Harry S. Truman,0.08836612509426062,31,19,True
ai_topics,Andrew Johnson,Herbert Hoover,0.20310636126696816,31,30,True
ai_topics,Andrew Johnson,James A. Garfield,0.6146754532384212,31,1,False
ai_topics,Andrew Johnson,James Buchanan,0.5450160885519572,31,14,True
ai_topics,Andrew Johnson,James K. Polk,0.30649465177547636,31,25,True
ai_topics,Andrew Johnson,James Madison,0.1980453845161118,31,21,True
ai_topics,Andrew Johnson,James Monroe,0.26633667205123,31,10,True
ai_topics,Andrew Johnson,Jimmy Carter,0.1922707865060403,31,22,True
ai_topics,Andrew Johnson,Joe Biden,0.16142629638912334,31,28,True
ai_topics,Andrew Johnson,John Adams,0.19907663573227327,31,9,True
ai_topics,Andrew Johnson,John F. Kennedy,0.1120683065609223,31,44,True
ai_topics,Andrew Johnson,John Quincy Adams,0.3240473169102499,31,8,True
ai_topics,Andrew Johnson,John Tyler,0.3508729168538619,31,18,True
ai_topics,Andrew Johnson,Lyndon B. Johnson,0.1310758349851108,31,71,True
ai_topics,Andrew Johnson,Martin Van Buren,0.2972490121080302,31,10,True
ai_topics,Andrew Johnson,Millard Fillmore,0.4285065975733523,31,7,True
ai_topics,Andrew Johnson,Richard M. Nixon,0.2401169351909212,31,23,True
ai_topics,Andrew Johnson,Ronald Reagan,0.15623652066667953,31,60,True
ai_topics,Andrew Johnson,Rutherford B. Hayes,0.571778835136041,31,16,True
ai_topics,Andrew Johnson,Theodore Roosevelt,0.269916661834821,31,22,True
ai_topics,Andrew Johnson,Thomas Jefferson,0.25527865967086383,31,24,True
ai_topics,Andrew Johnson,Ulysses S. Grant,0.49066996249906547,31,32,True
ai_topics,Andrew Johnson,Warren G. Harding,0.2717461193792802,31,18,True
ai_topics,Andrew Johnson,William Harrison,0.6538131201312675,31,1,False
ai_topics,Andrew Johnson,William McKinley,0.24267746201992643,31,14,True
ai_topics,Andrew Johnson,William Taft,0.27677982527440437,31,12,True
ai_topics,Andrew Johnson,Woodrow Wilson,0.17934259730937588,31,33,True
ai_topics,Andrew Johnson,Zachary Taylor,0.3763242957738282,31,4,False
ai_topics,Barack Obama,Benjamin Harrison,0.2625997070567532,51,16,True
ai_topics,Barack Obama,Bill Clinton,0.8783625957534049,51,39,True
ai_topics,Barack Obama,Calvin Coolidge,0.5176672097560492,51,12,True
ai_topics,Barack Obama,Chester A. Arthur,0.21373453791720767,51,11,True
ai_topics,Barack Obama,Donald Trump,0.7986443039627698,51,53,True
ai_topics,Barack Obama,Dwight D. Eisenhower,0.6303596321527334,51,15,True
ai_topics,Barack Obama,Franklin D. Roosevelt,0.3775181523685298,51,49,True
ai_topics,Barack Obama,Franklin Pierce,0.2032624162819851,51,15,True
ai_topics,Barack Obama,George H. W. Bush,0.8053518468543138,51,23,True
ai_topics,Barack Obama,George W. Bush,0.7587176301525103,51,38,True
ai_topics,Barack Obama,George Washington,0.2503990836137257,51,21,True
ai_topics,Barack Obama,Gerald Ford,0.7027670728537515,51,14,True
ai_topics,Barack Obama,Grover Cleveland,0.18362959036581442,51,32,True
ai_topics,Barack Obama,Harry S. Truman,0.5449810315501173,51,19,True
ai_topics,Barack Obama,Herbert Hoover,0.48671038590867777,51,30,True
ai_topics,Barack Obama,James A. Garfield,0.2679322989184775,51,1,False
ai_topics,Barack Obama,James Buchanan,0.154944809996575,51,14,True
ai_topics,Barack Obama,James K. Polk,0.13994221468408963,51,25,True
ai_topics,Barack Obama,James Madison,0.19745129332333428,51,21,True
ai_topics,Barack Obama,James Monroe,0.2198371451834634,51,10,True
ai_topics,Barack Obama,Jimmy Carter,0.8229384473679126,51,22,True
ai_topics,Barack Obama,Joe Biden,0.8449651245876637,51,28,True
ai_topics,Barack Obama,John Adams,0.2563456722490382,51,9,True
ai_topics,Barack Obama,John F. Kennedy,0.5407793329566442,51,44,True
ai_topics,Barack Obama,John Quincy Adams,0.24552383994776011,51,8,True
ai_topics,Barack Obama,John Tyler,0.17973031662073558,51,18,True
ai_topics,Barack Obama,Lyndon B. Johnson,0.4764760014698307,51,71,True
ai_topics,Barack Obama,Martin Van Buren,0.17900814914252275,51,10,True
ai_topics,Barack Obama,Millard Fillmore,0.21214360839744728,51,7,True
ai_topics,Barack Obama,Richard M. Nixon,0.5070462645375946,51,23,True
ai_topics,Barack Obama,Ronald Reagan,0.7408657601256028,51,60,True
ai_topics,Barack Obama,Rutherford B. Hayes,0.20474903475220388,51,16,True
ai_topics,Barack Obama,Theodore Roosevelt,0.33649131994286086,51,22,True
ai_topics,Barack Obama,Thomas Jefferson,0.23145294673705738,51,24,True
ai_topics,Barack Obama,Ulysses S. Grant,0.22101416493472653,51,32,True
ai_topics,Barack Obama,Warren G. Harding,0.5279212913303352,51,18,True
ai_topics,Barack Obama,William Harrison,0.15594715283896374,51,1,False
ai_topics,Barack Obama,William McKinley,0.19441242173774692,51,14,True
ai_topics,Barack Obama,William Taft,0.21940659266501505,51,12,True
ai_topics,Barack Obama,Woodrow Wilson,0.40213683589229826,51,33,True
ai_topics,Barack Obama,Zachary Taylor,0.1951139799769644,51,4,False
ai_topics,Benjamin Harrison,Bill Clinton,0.3328767931937602,16,39,True
ai_topics,Benjamin Harrison,Calvin Coolidge,0.6278731000738073,16,12,True
ai_topics,Benjamin Harrison,Chester A. Arthur,0.8529450292873247,16,11,True
ai_topics,Benjamin Harrison,Donald Trump,0.4235792308939927,16,53,True
ai_topics,Benjamin Harrison,Dwight D. Eisenhower,0.37731653051952424,16,15,True
ai_topics,Benjamin Harrison,Franklin D. Roosevelt,0.28664076775650027,16,49,True
ai_topics,Benjamin Harrison,Franklin Pierce,0.6466445976684888,16,15,True
ai_topics,Benjamin Harrison,George H. W. Bush,0.4121146574559155,16,23,True
ai_topics,Benjamin Harrison,George W. Bush,0.19696649768660232,16,38,True
ai_topics,Benjamin Harrison,George Washington,0.5618365321918171,16,21,True
ai_topics,Benjamin Harrison,Gerald Ford,0.4206435892637645,16,14,True
ai_topics,Benjamin Harrison,Grover Cleveland,0.8372237913762929,16,32,True
ai_topics,Benjamin Harrison,Harry S. Truman,0.28567938589970343,16,19,True
ai_topics,Benjamin Harrison,Herbert Hoover,0.5859839848055376,16,30,True
ai_topics,Benjamin Harrison,James A. Garfield,0.29872043892665345,16,1,False
ai_topics,Benjamin Harrison,James Buchanan,0.5952575004233275,16,14,True
ai_topics,Benjamin Harrison,James K. Polk,0.5333150987658373,16,25,True
ai_topics,Benjamin Harrison,James Madison,0.49146914401949604,16,21,True
ai_topics,Benjamin Harrison,James Monroe,0.7691117760444952,16,10,True
ai_topics,Benjamin Harrison,Jimmy Carter,0.35693721418758545,16,22,True
ai_topics,Benjamin Harrison,Joe Biden,0.285003892525538,16,28,True
ai_topics,Benjamin Harrison,John Adams,0.524909331552732,16,9,True
ai_topics,Benjamin Harrison,John F. Kennedy,0.29389689430038635,16,44,True
ai_topics,Benjamin Harrison,John Quincy Adams,0.8560365759397601,16,8,True
ai_topics,Benjamin Harrison,John Tyler,0.7081482785723479,16,18,True
ai_topics,Benjamin Harrison,Lyndon B. Johnson,0.2792923490034623,16,71,True
ai_topics,Benjamin Harrison,Martin Van Buren,0.5099558073257389,16,10,True
ai_topics,Benjamin Harrison,Millard Fillmore,0.7621682441361246,16,7,True
ai_topics,Benjamin Harrison,Richard M. Nixon,0.23736774365445057,16,23,True
ai_topics,Benjamin Harrison,Ronald Reagan,0.30001509081740285,16,60,True
ai_topics,Benjamin Harrison,Rutherford B. Hayes,0.7208075035835191,16,16,True
ai_topics,Benjamin Harrison,Theodore Roosevelt,0.7230656820755713,16,22,True
ai_topics,Benjamin Harrison,Thomas Jefferson,0.5846049098424708,16,24,True
ai_topics,Benjamin Harrison,Ulysses S. Grant,0.8504736700580059,16,32,True
ai_topics,Benjamin Harrison,Warren G. Harding,0.591570477491732,16,18,True
ai_topics,Benjamin Harrison,William Harrison,0.15192884110348878,16,1,False
ai_topics,Benjamin Harrison,William McKinley,0.791610919306987,16,14,True
ai_topics,Benjamin Harrison,William Taft,0.8422470100873204,16,12,True
ai_topics,Benjamin Harrison,Woodrow Wilson,0.5606707845502106,16,33,True
ai_topics,Benjamin Harrison,Zachary Taylor,0.6954712239790561,16,4,False
ai_topics,Bill Clinton,Calvin Coolidge,0.5234115857607521,39,12,True
ai_topics,Bill Clinton,Chester A. Arthur,0.2892959855133911,39,11,True
ai_topics,Bill Clinton,Donald Trump,0.7246371372693898,39,53,True
ai_topics,Bill Clinton,Dwight D. Eisenhower,0.6324136887254583,39,15,True
ai_topics,Bill Clinton,Franklin D. Roosevelt,0.3828707847924896,39,49,True
ai_topics,Bill Clinton,Franklin Pierce,0.2426410729218082,39,15,True
ai_topics,Bill Clinton,George H. W. Bush,0.759413536279464,39,23,True
ai_topics,Bill Clinton,George W. Bush,0.603232224493301,39,38,True
ai_topics,Bill Clinton,George Washington,0.35956470739103724,39,21,True
ai_topics,Bill Clinton,Gerald Ford,0.670707671148826,39,14,True
ai_topics,Bill Clinton,Grover Cleveland,0.2756689437514814,39,32,True
ai_topics,Bill Clinton,Harry S. Truman,0.5267604522582114,39,19,True
ai_topics,Bill Clinton,Herbert Hoover,0.47266090234013086,39,30,True
ai_topics,Bill Clinton,James A. Garfield,0.2624450314569284,39,1,False
ai_topics,Bill Clinton,James Buchanan,0.2236872363609,39,14,True
ai_topics,Bill Clinton,James K. Polk,0.17394698413679172,39,25,True
ai_topics,Bill Clinton,James Madison,0.23062766737869558,39,21,True
ai_topics,Bill Clinton,James Monroe,0.2869702568242132,39,10,True
ai_topics,Bill Clinton,Jimmy Carter,0.7384706775391519,39,22,True
ai_topics,Bill Clinton,Joe Biden,0.8052814289094363,39,28,True
ai_topics,Bill Clinton,John Adams,0.3154733548621427,39,9,True
ai_topics,Bill Clinton,John F. Kennedy,0.5486846967948394,39,44,True
ai_topics,Bill Clinton,John Quincy Adams,0.31101734334654707,39,8,True
ai_topics,Bill Clinton,John Tyler,0.22727332688316657,39,18,True
ai_topics,Bill Clinton,Lyndon B. Johnson,0.5096201055743057,39,71,True
ai_topics,Bill Clinton,Martin Van Buren,0.19083490270800124,39,10,True
ai_topics,Bill Clinton,Millard Fillmore,0.32004833480639333,39,7,True
ai_topics,Bill Clinton,Richard M. Nixon,0.48996166884985576,39,23,True
ai_topics,Bill Clinton,Ronald Reagan,0.7085529718287157,39,60,True
ai_topics,Bill Clinton,Rutherford B. Hayes,0.2774520100869636,39,16,True
ai_topics,Bill Clinton,Theodore Roosevelt,0.3647730589175955,39,22,True
ai_topics,Bill Clinton,Thomas Jefferson,0.305967416599875,39,24,True
ai_topics,Bill Clinton,Ulysses S. Grant,0.3133121510025331,39,32,True
ai_topics,Bill Clinton,Warren G. Harding,0.552157589079892,39,18,True
ai_topics,Bill Clinton,William Harrison,0.1301634492169191,39,1,False
ai_topics,Bill Clinton,William McKinley,0.26196536574423224,39,14,True
ai_topics,Bill Clinton,William Taft,0.2766379102864165,39,12,True
ai_topics,Bill Clinton,Woodrow Wilson,0.4123684124475026,39,33,True
ai_topics,Bill Clinton,Zachary Taylor,0.25734595875874705,39,4,False
ai_topics,Calvin Coolidge,Chester A. Arthur,0.6778119126583004,12,11,True
ai_topics,Calvin Coolidge,Donald Trump,0.505091388700559,12,53,True
ai_topics,Calvin Coolidge,Dwight D. Eisenhower,0.5738643086504215,12,15,True
ai_topics,Calvin Coolidge,Franklin D. Roosevelt,0.42379478014672356,12,49,True
ai_topics,Calvin Coolidge,Franklin Pierce,0.7001768788346855,12,15,True
ai_topics,Calvin Coolidge,George H. W. Bush,0.5502138292327968,12,23,True
ai_topics,Calvin Coolidge,George W. Bush,0.3600821484953135,12,38,True
ai_topics,Calvin Coolidge,George Washington,0.5855243323461468,12,21,True
ai_topics,Calvin Coolidge,Gerald Ford,0.7184941908448984,12,14,True
ai_topics,Calvin Coolidge,Grover Cleveland,0.6016635062657775,12,32,True
ai_topics,Calvin Coolidge,Harry S. Truman,0.398867549836221,12,19,True
ai_topics,Calvin Coolidge,Herbert Hoover,0.648964007163415,12,30,True
ai_topics,Calvin Coolidge,James A. Garfield,0.4523590050111268,12,1,False
ai_topics,Calvin Coolidge,James Buchanan,0.5356323415715445,12,14,True
ai_topics,Calvin Coolidge,James K. Polk,0.4516631067758759,12,25,True
ai_topics,Calvin Coolidge,James Madison,0.45361842613922854,12,21,True
ai_topics,Calvin Coolidge,James Monroe,0.6835745724693207,12,10,True
ai_topics,Calvin Coolidge,Jimmy Carter,0.6167077572726566,12,22,True
ai_topics,Calvin Coolidge,Joe Biden,0.5051465573297313,12,28,True
ai_topics,Calvin Coolidge,John Adams,0.5601031125108298,12,9,True
ai_topics,Calvin Coolidge,John F. Kennedy,0.4008811387118388,12,44,True
ai_topics,Calvin Coolidge,John Quincy Adams,0.7440989864668761,12,8,True
ai_topics,Calvin Coolidge,John Tyler,0.5959847965632883,12,18,True
ai_topics,Calvin Coolidge,Lyndon B. Johnson,0.3584273367253144,12,71,True
ai_topics,Calvin Coolidge,Martin Van Buren,0.4630266835046465,12,10,True
ai_topics,Calvin Coolidge,Millard Fillmore,0.7069953772637207,12,7,True
ai_topics,Calvin Coolidge,Richard M. Nixon,0.41039942018360115,12,23,True
ai_topics,Calvin Coolidge,Ronald Reagan,0.5489939638511774,12,60,True
ai_topics,Calvin Coolidge,Rutherford B. Hayes,0.5411636194238434,12,16,True
ai_topics,Calvin Coolidge,Theodore Roosevelt,0.7060411539981891,12,22,True
ai_topics,Calvin Coolidge,Thomas Jefferson,0.539752986888207,12,24,True
ai_topics,Calvin Coolidge,Ulysses S. Grant,0.6479478564104898,12,32,True
ai_topics,Calvin Coolidge,Warren G. Harding,0.8087155755800053,12,18,True
ai_topics,Calvin Coolidge,William Harrison,0.3029585804043469,12,1,False
ai_topics,Calvin Coolidge,William McKinley,0.6187760409847037,12,14,True
ai_topics,Calvin Coolidge,William Taft,0.6096117638260778,12,12,True
ai_topics,Calvin Coolidge,Woodrow Wilson,0.6369663478207215,12,33,True
ai_topics,Calvin Coolidge,Zachary Taylor,0.7024715040529823,12,4,False
ai_topics,Chester A. Arthur,Donald Trump,0.3488178016559862,11,53,True
ai_topics,Chester A. Arthur,Dwight D. Eisenhower,0.39686962720623425,11,15,True
ai_topics,Chester A. Arthur,Franklin D. Roosevelt,0.2759926283344837,11,49,True
ai_topics,Chester A. Arthur,Franklin Pierce,0.6895852885827741,11,15,True
ai_topics,Chester A. Arthur,George H. W. Bush,0.4274031438926068,11,23,True
ai_topics,Chester A. Arthur,George W. Bush,0.20395512935417534,11,38,True
ai_topics,Chester A. Arthur,George Washington,0.6144566054708431,11,21,True
ai_topics,Chester A. Arthur,Gerald Ford,0.4932068114620082,11,14,True
ai_topics,Chester A. Arthur,Grover Cleveland,0.8881747140011332,11,32,True
ai_topics,Chester A. Arthur,Harry S. Truman,0.2675512968770252,11,19,True
ai_topics,Chester A. Arthur,Herbert Hoover,0.5577650071511584,11,30,True
ai_topics,Chester A. Arthur,James A. Garfield,0.25336733197007455,11,1,False
ai_topics,Chester A. Arthur,James Buchanan,0.6205257031105882,11,14,True
ai_topics,Chester A. Arthur,James K. Polk,0.5631900970663197,11,25,True
ai_topics,Chester A. Arthur,James Madison,0.48675449153297107,11,21,True
ai_topics,Chester A. Arthur,James Monroe,0.8197727925803533,11,10,True
ai_topics,Chester A. Arthur,Jimmy Carter,0.39153845674011817,11,22,True
ai_topics,Chester A. Arthur,Joe Biden,0.23732452964551395,11,28,True
ai_topics,Chester A. Arthur,John Adams,0.5350567912849684,11,9,True
ai_topics,Chester A. Arthur,John F. Kennedy,0.2671287721985859,11,44,True
ai_topics,Chester A. Arthur,John Quincy Adams,0.8499807578509615,11,8,True
ai_topics,Chester A. Arthur,John Tyler,0.7902610989265795,11,18,True
ai_topics,Chester A. Arthur,Lyndon B. Johnson,0.2752955788356861,11,71,True
ai_topics,Chester A. Arthur,Martin Van Buren,0.5807726811095533,11,10,True
ai_topics,Chester A. Arthur,Millard Fillmore,0.8108785991096694,11,7,True
ai_topics,Chester A. Arthur,Richard M. Nixon,0.27547776631491183,11,23,True
ai_topics,Chester A. Arthur,Ronald Reagan,0.3053632332487825,11,60,True
ai_topics,Chester A. Arthur,Rutherford B. Hayes,0.7958510590148318,11,16,True
ai_topics,Chester A. Arthur,Theodore Roosevelt,0.7195326050879549,11,22,True
ai_topics,Chester A. Arthur,Thomas Jefferson,0.6431655573343914,11,24,True
ai_topics,Chester A. Arthur,Ulysses S. Grant,0.8879029721600955,11,32,True
ai_topics,Chester A. Arthur,Warren G. Harding,0.5420839462982818,11,18,True
ai_topics,Chester A. Arthur,William Harrison,0.25654757426094416,11,1,False
ai_topics,Chester A. Arthur,William McKinley,0.7973896826582652,11,14,True
ai_topics,Chester A. Arthur,William Taft,0.8200341751285277,11,12,True
ai_topics,Chester A. Arthur,Woodrow Wilson,0.5101803319854816,11,33,True
ai_topics,Chester A. Arthur,Zachary Taylor,0.7734502584737994,11,4,False
ai_topics,Donald Trump,Dwight D. Eisenhower,0.6134028639705669,53,15,True
ai_topics,Donald Trump,Franklin D. Roosevelt,0.3544239955183621,53,49,True
ai_topics,Donald Trump,Franklin Pierce,0.2926282264697003,53,15,True
ai_topics,Donald Trump,George H. W. Bush,0.7853748644104955,53,23,True
ai_topics,Donald Trump,George W. Bush,0.6109784730544507,53,38,True
ai_topics,Donald Trump,George Washington,0.34601028909520276,53,21,True
ai_topics,Donald Trump,Gerald Ford,0.6268995552703677,53,14,True
ai_topics,Donald Trump,Grover Cleveland,0.31256577313778416,53,32,True
ai_topics,Donald Trump,Harry S. Truman,0.5861857474121903,53,19,True
ai_topics,Donald Trump,Herbert Hoover,0.528339997044374,53,30,True
ai_topics,Donald Trump,James A. Garfield,0.20081152323029225,53,1,False
ai_topics,Donald Trump,James Buchanan,0.26569047907161253,53,14,True
ai_topics,Donald Trump,James K. Polk,0.22385780033194883,53,25,True
ai_topics,Donald Trump,James Madison,0.2578099266156803,53,21,True
ai_topics,Donald Trump,James Monroe,0.3480759976246731,53,10,True
ai_topics,Donald Trump,Jimmy Carter,0.7468257461276375,53,22,True
ai_topics,Donald Trump,Joe Biden,0.789549518611282,53,28,True
ai_topics,Donald Trump,John Adams,0.29331558149029574,53,9,True
ai_topics,Donald Trump,John F. Kennedy,0.5616189294294422,53,44,True
ai_topics,Donald Trump,John Quincy Adams,0.39769572224025024,53,8,True
ai_topics,Donald Trump,John Tyler,0.2427768960235483,53,18,True
ai_topics,Donald Trump,Lyndon B. Johnson,0.45453666581400676,53,71,True
ai_topics,Donald Trump,Martin Van Buren,0.18700250187833922,53,10,True
ai_topics,Donald Trump,Millard Fillmore,0.3647444788286951,53,7,True
ai_topics,Donald Trump,Richard M. Nixon,0.5246930745518154,53,23,True
ai_topics,Donald Trump,Ronald Reagan,0.704412997850129,53,60,True
ai_topics,Donald Trump,Rutherford B. Hayes,0.31270139969662414,53,16,True
ai_topics,Donald Trump,Theodore Roosevelt,0.4286336761256028,53,22,True
ai_topics,Donald Trump,Thomas Jefferson,0.3561602937404251,53,24,True
ai_topics,Donald Trump,Ulysses S. Grant,0.3466154851922552,53,32,True
ai_topics,Donald Trump,Warren G. Harding,0.4911454744037908,53,18,True
ai_topics,Donald Trump,William Harrison,0.2270611191239796,53,1,False
ai_topics,Donald Trump,William McKinley,0.30650904321131917,53,14,True
ai_topics,Donald Trump,William Taft,0.34581793469645444,53,12,True
ai_topics,Donald Trump,Woodrow Wilson,0.4107799972954221,53,33,True
ai_topics,Donald Trump,Zachary Taylor,0.2637612364296111,53,4,False
ai_topics,Dwight D. Eisenhower,Franklin D. Roosevelt,0.37188077996367397,15,49,True
ai_topics,Dwight D. Eisenhower,Franklin Pierce,0.31140802030601816,15,15,True
ai_topics,Dwight D. Eisenhower,George H. W. Bush,0.808711873997735,15,23,True
ai_topics,Dwight D. Eisenhower,George W. Bush,0.47184116715540797,15,38,True
ai_topics,Dwight D. Eisenhower,George Washington,0.338975622102723,15,21,True
ai_topics,Dwight D. Eisenhower,Gerald Ford,0.8350729542238275,15,14,True
ai_topics,Dwight D. Eisenhower,Grover Cleveland,0.3923772981466317,15,32,True
ai_topics,Dwight D. Eisenhower,Harry S. Truman,0.7880095689229288,15,19,True
ai_topics,Dwight D. Eisenhower,Herbert Hoover,0.4329915811732514,15,30,True
ai_topics,Dwight D. Eisenhower,James A. Garfield,0.178316359454688,15,1,False
ai_topics,Dwight D. Eisenhower,James Buchanan,0.2518146354456019,15,14,True
ai_topics,Dwight D. Eisenhower,James K. Polk,0.25887801241514247,15,25,True
ai_topics,Dwight D. Eisenhower,James Madison,0.30853415467235257,15,21,True
ai_topics,Dwight D. Eisenhower,James Monroe,0.413080298058341,15,10,True
ai_topics,Dwight D. Eisenhower,Jimmy Carter,0.7883303761319148,15,22,True
ai_topics,Dwight D. Eisenhower,Joe Biden,0.7715205133257096,15,28,True
ai_topics,Dwight D. Eisenhower,John Adams,0.34338774200027555,15,9,True
ai_topics,Dwight D. Eisenhower,John F. Kennedy,0.9053363684690516,15,44,True
ai_topics,Dwight D. Eisenhower,John Quincy Adams,0.41786562172073705,15,8,True
ai_topics,Dwight D. Eisenhower,John Tyler,0.30415304524440917,15,18,True
ai_topics,Dwight D. Eisenhower,Lyndon B. Johnson,0.5699381834973782,15,71,True
ai_topics,Dwight D. Eisenhower,Martin Van Buren,0.24308651021593264,15,10,True
ai_topics,Dwight D. Eisenhower,Millard Fillmore,0.3668826283790452,15,7,True
ai_topics,Dwight D. Eisenhower,Richard M. Nixon,0.5255891462607478,15,23,True
ai_topics,Dwight D. Eisenhower,Ronald Reagan,0.8584175392705194,15,60,True
ai_topics,Dwight D. Eisenhower,Rutherford B. Hayes,0.3321986844105277,15,16,True
ai_topics,Dwight D. Eisenhower,Theodore Roosevelt,0.46060772717498716,15,22,True
ai_topics,Dwight D. Eisenhower,Thomas Jefferson,0.3797658495443441,15,24,True
ai_topics,Dwight D. Eisenhower,Ulysses S. Grant,0.37236144286227185,15,32,True
ai_topics,Dwight D. Eisenhower,Warren G. Harding,0.5455465111206128,15,18,True
ai_topics,Dwight D. Eisenhower,William Harrison,0.13072483908911917,15,1,False
ai_topics,Dwight D. Eisenhower,William McKinley,0.36926059217757395,15,14,True
ai_topics,Dwight D. Eisenhower,William Taft,0.38183567710374183,15,12,True
ai_topics,Dwight D. Eisenhower,Woodrow Wilson,0.42070264140322294,15,33,True
ai_topics,Dwight D. Eisenhower,Zachary Taylor,0.32509418678029917,15,4,False
ai_topics,Franklin D. Roosevelt,Franklin Pierce,0.2543141221974217,49,15,True
ai_topics,Franklin D. Roosevelt,George H. W. Bush,0.38861751079422174,49,23,True
ai_topics,Franklin D. Roosevelt,George W. Bush,0.27256457881521773,49,38,True
ai_topics,Franklin D. Roosevelt,George Washington,0.2986931548628437,49,21,True
ai_topics,Franklin D. Roosevelt,Gerald Ford,0.4076570659845612,49,14,True
ai_topics,Franklin D. Roosevelt,Grover Cleveland,0.2964267928108455,49,32,True
ai_topics,Franklin D. Roosevelt,Harry S. Truman,0.6040035588445997,49,19,True
ai_topics,Franklin D. Roosevelt,Herbert Hoover,0.5293880011288412,49,30,True
ai_topics,Franklin D. Roosevelt,James A. Garfield,0.17304685948687268,49,1,False
ai_topics,Franklin D. Roosevelt,James Buchanan,0.22244799789080014,49,14,True
ai_topics,Franklin D. Roosevelt,James K. Polk,0.20230958317836661,49,25,True
ai_topics,Franklin D. Roosevelt,James Madison,0.2656060907923237,49,21,True
ai_topics,Franklin D. Roosevelt,James Monroe,0.3149025502957486,49,10,True
ai_topics,Franklin D. Roosevelt,Jimmy Carter,0.3474456299282604,49,22,True
ai_topics,Franklin D. Roosevelt,Joe Biden,0.3264889873939395,49,28,True
ai_topics,Franklin D. Roosevelt,John Adams,0.3149983688520126,49,9,True
ai_topics,Franklin D. Roosevelt,John F. Kennedy,0.2894089651633197,49,44,True
ai_topics,Franklin D. Roosevelt,John Quincy Adams,0.3101226670745598,49,8,True
ai_topics,Franklin D. Roosevelt,John Tyler,0.2724289156014822,49,18,True
ai_topics,Franklin D. Roosevelt,Lyndon B. Johnson,0.2556766923991726,49,71,True
ai_topics,Franklin D. Roosevelt,Martin Van Buren,0.23710336895609632,49,10,True
ai_topics,Franklin D. Roosevelt,Millard Fillmore,0.27383972949429847,49,7,True
ai_topics,Franklin D. Roosevelt,Richard M. Nixon,0.2847404283371288,49,23,True
ai_topics,Franklin D. Roosevelt,Ronald Reagan,0.3871316432743009,49,60,True
ai_topics,Franklin D. Roosevelt,Rutherford B. Hayes,0.2357145801695452,49,16,True
ai_topics,Franklin D. Roosevelt,Theodore Roosevelt,0.37413917051980805,49,22,True
ai_topics,Franklin D. Roosevelt,Thomas Jefferson,0.286055856457003,49,24,True
ai_topics,Franklin D. Roosevelt,Ulysses S. Grant,0.2852739608392239,49,32,True
ai_topics,Franklin D. Roosevelt,Warren G. Harding,0.5803558864684419,49,18,True
ai_topics,Franklin D. Roosevelt,William Harrison,0.18358705125039176,49,1,False
ai_topics,Franklin D. Roosevelt,William McKinley,0.2804466662963313,49,14,True
ai_topics,Franklin D. Roosevelt,William Taft,0.2696190497189694,49,12,True
ai_topics,Franklin D. Roosevelt,Woodrow Wilson,0.46729632644467717,49,33,True
ai_topics,Franklin D. Roosevelt,Zachary Taylor,0.26974366606529043,49,4,False
ai_topics,Franklin Pierce,George H. W. Bush,0.34275860902049815,15,23,True
ai_topics,Franklin Pierce,George W. Bush,0.1664956960115963,15,38,True
ai_topics,Franklin Pierce,George Washington,0.5887004912254385,15,21,True
ai_topics,Franklin Pierce,Gerald Ford,0.4401837133291639,15,14,True
ai_topics,Franklin Pierce,Grover Cleveland,0.5622500289629757,15,32,True
ai_topics,Franklin Pierce,Harry S. Truman,0.20897841663254013,15,19,True
ai_topics,Franklin Pierce,Herbert Hoover,0.417300091025046,15,30,True
ai_topics,Franklin Pierce,James A. Garfield,0.4091190446202735,15,1,False
ai_topics,Franklin Pierce,James Buchanan,0.865456380432513,15,14,True
ai_topics,Franklin Pierce,James K. Polk,0.5744991975840255,15,25,True
ai_topics,Franklin Pierce,James Madison,0.4938826736747342,15,21,True
ai_topics,Franklin Pierce,James Monroe,0.7670379400870126,15,10,True
ai_topics,Franklin Pierce,Jimmy Carter,0.3650822760522985,15,22,True
ai_topics,Franklin Pierce,Joe Biden,0.2614733918877958,15,28,True
ai_topics,Franklin Pierce,John Adams,0.589527146412572,15,9,True
ai_topics,Franklin Pierce,John F. Kennedy,0.23503777901388445,15,44,True
ai_topics,Franklin Pierce,John Quincy Adams,0.774763734415695,15,8,True
ai_topics,Franklin Pierce,John Tyler,0.667366245690149,15,18,True
ai_topics,Franklin Pierce,Lyndon B. Johnson,0.23097354908339202,15,71,True
ai_topics,Franklin Pierce,Martin Van Buren,0.4470598699615791,15,10,True
ai_topics,Franklin Pierce,Millard Fillmore,0.8672439758120889,15,7,True
ai_topics,Franklin Pierce,Richard M. Nixon,0.2555777651965254,15,23,True
ai_topics,Franklin Pierce,Ronald Reagan,0.2781883996717989,15,60,True
ai_topics,Franklin Pierce,Rutherford B. Hayes,0.563183445594974,15,16,True
ai_topics,Franklin Pierce,Theodore Roosevelt,0.6479918703282731,15,22,True
ai_topics,Franklin Pierce,Thomas Jefferson,0.5736956172459169,15,24,True
ai_topics,Franklin Pierce,Ulysses S. Grant,0.7591655352300788,15,32,True
ai_topics,Franklin Pierce,Warren G. Harding,0.5047551035087927,15,18,True
ai_topics,Franklin Pierce,William Harrison,0.40355588336358006,15,1,False
ai_topics,Franklin Pierce,William McKinley,0.7333121298509409,15,14,True
ai_topics,Franklin Pierce,William Taft,0.5804724919361315,15,12,True
ai_topics,Franklin Pierce,Woodrow Wilson,0.4965902531348352,15,33,True
ai_topics,Franklin Pierce,Zachary Taylor,0.8808852013097106,15,4,False
ai_topics,George H. W. Bush,George W. Bush,0.7283245831159826,23,38,True
ai_topics,George H. W. Bush,George Washington,0.37905982725337795,23,21,True
ai_topics,George H. W. Bush,Gerald Ford,0.8048609625818117,23,14,True
ai_topics,George H. W. Bush,Grover Cleveland,0.3966588805568934,23,32,True
ai_topics,George H. W. Bush,Harry S. Truman,0.7583748796624536,23,19,True
ai_topics,George H. W. Bush,Herbert Hoover,0.4961887973715547,23,30,True
ai_topics,George H. W. Bush,James A. Garfield,0.1506928635462579,23,1,False
ai_topics,George H. W. Bush,James Buchanan,0.281212219457133,23,14,True
ai_topics,George H. W. Bush,James K. Polk,0.252050890615022,23,25,True
ai_topics,George H. W. Bush,James Madison,0.3188034882082048,23,21,True
ai_topics,George H. W. Bush,James Monroe,0.4452314136661629,23,10,True
ai_topics,George H. W. Bush,Jimmy Carter,0.8394861547785101,23,22,True
ai_topics,George H. W. Bush,Joe Biden,0.7960064093608031,23,28,True
ai_topics,George H. W. Bush,John Adams,0.4113818943371665,23,9,True
ai_topics,George H. W. Bush,John F. Kennedy,0.7629854887701247,23,44,True
ai_topics,George H. W. Bush,John Quincy Adams,0.4176254757593603,23,8,True
ai_topics,George H. W. Bush,John Tyler,0.3880971551730886,23,18,True
ai_topics,George H. W. Bush,Lyndon B. Johnson,0.5868259230396932,23,71,True
ai_topics,George H. W. Bush,Martin Van Buren,0.2722099471838474,23,10,True
ai_topics,George H. W. Bush,Millard Fillmore,0.3892063847060125,23,7,True
ai_topics,George H. W. Bush,Richard M. Nixon,0.575783165338304,23,23,True
ai_topics,George H. W. Bush,Ronald Reagan,0.8564474181684145,23,60,True
ai_topics,George H. W. Bush,Rutherford B. Hayes,0.3148825143441704,23,16,True
ai_topics,George H. W. Bush,Theodore Roosevelt,0.4026820093970436,23,22,True
ai_topics,George H. W. Bush,Thomas Jefferson,0.3685695094611162,23,24,True
ai_topics,George H. W. Bush,Ulysses S. Grant,0.41425464718777566,23,32,True
ai_topics,George H. W. Bush,Warren G. Harding,0.5344173299387918,23,18,True
ai_topics,George H. W. Bush,William Harrison,0.17566865370681312,23,1,False
ai_topics,George H. W. Bush,William McKinley,0.4234851353787864,23,14,True
ai_topics,George H. W. Bush,William Taft,0.3566167843782319,23,12,True
ai_topics,George H. W. Bush,Woodrow Wilson,0.4322762139825232,23,33,True
ai_topics,George H. W. Bush,Zachary Taylor,0.3887436201911401,23,4,False
ai_topics,George W. Bush,George Washington,0.23039808768950262,38,21,True
ai_topics,George W. Bush,Gerald Ford,0.4873249226346427,38,14,True
ai_topics,George W. Bush,Grover Cleveland,0.19235415835168743,38,32,True
ai_topics,George W. Bush,Harry S. Truman,0.41371755816117495,38,19,True
ai_topics,George W. Bush,Herbert Hoover,0.30917901086370714,38,30,True
ai_topics,George W. Bush,James A. Garfield,0.13420582225465186,38,1,False
ai_topics,George W. Bush,James Buchanan,0.13628990185545314,38,14,True
ai_topics,George W. Bush,James K. Polk,0.14333286070685275,38,25,True
ai_topics,George W. Bush,James Madison,0.1977385194881497,38,21,True
ai_topics,George W. Bush,James Monroe,0.22546793091890108,38,10,True
ai_topics,George W. Bush,Jimmy Carter,0.5232794164940758,38,22,True
ai_topics,George W. Bush,Joe Biden,0.6450575291816658,38,28,True
ai_topics,George W. Bush,John Adams,0.24136946256329322,38,9,True
ai_topics,George W. Bush,John F. Kennedy,0.3738800179923546,38,44,True
ai_topics,George W. Bush,John Quincy Adams,0.2334365527157396,38,8,True
ai_topics,George W. Bush,John Tyler,0.1712312195413937,38,18,True
ai_topics,George W. Bush,Lyndon B. Johnson,0.29934845582430236,38,71,True
ai_topics,George W. Bush,Martin Van Buren,0.1573711365891726,38,10,True
ai_topics,George W. Bush,Millard Fillmore,0.19758744232120548,38,7,True
ai_topics,George W. Bush,Richard M. Nixon,0.3255782834628124,38,23,True
ai_topics,George W. Bush,Ronald Reagan,0.5339994883492739,38,60,True
ai_topics,George W. Bush,Rutherford B. Hayes,0.16002239582458308,38,16,True
ai_topics,George W. Bush,Theodore Roosevelt,0.24493054801666012,38,22,True
ai_topics,George W. Bush,Thomas Jefferson,0.23215305188535948,38,24,True
ai_topics,George W. Bush,Ulysses S. Grant,0.20019941918788264,38,32,True
ai_topics,George W. Bush,Warren G. Harding,0.37797056357054976,38,18,True
ai_topics,George W. Bush,William Harrison,0.12184349167003208,38,1,False
ai_topics,George W. Bush,William McKinley,0.1882518828437394,38,14,True
ai_topics,George W. Bush,William Taft,0.19195343678967625,38,12,True
ai_topics,George W. Bush,Woodrow Wilson,0.30372577900659237,38,33,True
ai_topics,George W. Bush,Zachary Taylor,0.1741584164763451,38,4,False
ai_topics,George Washington,Gerald Ford,0.43641038556519135,21,14,True
ai_topics,George Washington,Grover Cleveland,0.6022757225199449,21,32,True
ai_topics,George Washington,Harry S. Truman,0.24949785258674495,21,19,True
ai_topics,George Washington,Herbert Hoover,0.41831177609035053,21,30,True
ai_topics,George Washington,James A. Garfield,0.4223093776803196,21,1,False
ai_topics,George Washington,James Buchanan,0.5938747540638629,21,14,True
ai_topics,George Washington,James K. Polk,0.47574549818077705,21,25,True
ai_topics,George Washington,James Madison,0.5568936476235606,21,21,True
ai_topics,George Washington,James Monroe,0.669633808752022,21,10,True
ai_topics,George Washington,Jimmy Carter,0.2926628282250894,21,22,True
ai_topics,George Washington,Joe Biden,0.3011694247849115,21,28,True
ai_topics,George Washington,John Adams,0.6307027320720338,21,9,True
ai_topics,George Washington,John F. Kennedy,0.2361425444135672,21,44,True
ai_topics,George Washington,John Quincy Adams,0.6701761993200667,21,8,True
ai_topics,George Washington,John Tyler,0.6245546784328568,21,18,True
ai_topics,George Washington,Lyndon B. Johnson,0.23916002624688953,21,71,True
ai_topics,George Washington,Martin Van Buren,0.5702059689382029,21,10,True
ai_topics,George Washington,Millard Fillmore,0.7076994098095092,21,7,True
ai_topics,George Washington,Richard M. Nixon,0.3532436098102755,21,23,True
ai_topics,George Washington,Ronald Reagan,0.3416928461797008,21,60,True
ai_topics,George Washington,Rutherford B. Hayes,0.6323837260364151,21,16,True
ai_topics,George Washington,Theodore Roosevelt,0.4362036898967958,21,22,True
ai_topics,George Washington,Thomas Jefferson,0.8604982462375256,21,24,True
ai_topics,George Washington,Ulysses S. Grant,0.609674802838603,21,32,True
ai_topics,George Washington,Warren G. Harding,0.5440264014718921,21,18,True
ai_topics,George Washington,William Harrison,0.5060687063739465,21,1,False
ai_topics,George Washington,William McKinley,0.4980780763534386,21,14,True
ai_topics,George Washington,William Taft,0.42371933709988024,21,12,True
ai_topics,George Washington,Woodrow Wilson,0.4303649160842985,21,33,True
ai_topics,George Washington,Zachary Taylor,0.5677734582737891,21,4,False
ai_topics,Gerald Ford,Grover Cleveland,0.39079553098979386,14,32,True
ai_topics,Gerald Ford,Harry S. Truman,0.6891356626135479,14,19,True
ai_topics,Gerald Ford,Herbert Hoover,0.541621328984815,14,30,True
ai_topics,Gerald Ford,James A. Garfield,0.22676018385377758,14,1,False
ai_topics,Gerald Ford,James Buchanan,0.3256848308885476,14,14,True
ai_topics,Gerald Ford,James K. Polk,0.2755702682232378,14,25,True
ai_topics,Gerald Ford,James Madison,0.32624837224388525,14,21,True
ai_topics,Gerald Ford,James Monroe,0.4428536960707069,14,10,True
ai_topics,Gerald Ford,Jimmy Carter,0.8807967221257902,14,22,True
ai_topics,Gerald Ford,Joe Biden,0.7299274424588562,14,28,True
ai_topics,Gerald Ford,John Adams,0.41902480639666556,14,9,True
ai_topics,Gerald Ford,John F. Kennedy,0.7356524483424631,14,44,True
ai_topics,Gerald Ford,John Quincy Adams,0.48056325193961813,14,8,True
ai_topics,Gerald Ford,John Tyler,0.4064573770212273,14,18,True
ai_topics,Gerald Ford,Lyndon B. Johnson,0.692213301916633,14,71,True
ai_topics,Gerald Ford,Martin Van Buren,0.28427089267570443,14,10,True
ai_topics,Gerald Ford,Millard Fillmore,0.46950698491753295,14,7,True
ai_topics,Gerald Ford,Richard M. Nixon,0.7517108684408642,14,23,True
ai_topics,Gerald Ford,Ronald Reagan,0.8260206855356463,14,60,True
ai_topics,Gerald Ford,Rutherford B. Hayes,0.3737364982414281,14,16,True
ai_topics,Gerald Ford,Theodore Roosevelt,0.4819596236791462,14,22,True
ai_topics,Gerald Ford,Thomas Jefferson,0.37405796620149856,14,24,True
ai_topics,Gerald Ford,Ulysses S. Grant,0.43916326535770067,14,32,True
ai_topics,Gerald Ford,Warren G. Harding,0.6453398222396114,14,18,True
ai_topics,Gerald Ford,William Harrison,0.26100473137291247,14,1,False
ai_topics,Gerald Ford,William McKinley,0.4065010105691371,14,14,True
ai_topics,Gerald Ford,William Taft,0.41863038914771566,14,12,True
ai_topics,Gerald Ford,Woodrow Wilson,0.5075778144290586,14,33,True
ai_topics,Gerald Ford,Zachary Taylor,0.4725099372291587,14,4,False
ai_topics,Grover Cleveland,Harry S. Truman,0.26697789393288385,32,19,True
ai_topics,Grover Cleveland,Herbert Hoover,0.5526509845229483,32,30,True
ai_topics,Grover Cleveland,James A. Garfield,0.3079129197211198,32,1,False
ai_topics,Grover Cleveland,James Buchanan,0.565531403705542,32,14,True
ai_topics,Grover Cleveland,James K. Polk,0.5643025904801956,32,25,True
ai_topics,Grover Cleveland,James Madison,0.49007218459029,32,21,True
ai_topics,Grover Cleveland,James Monroe,0.7752166429077292,32,10,True
ai_topics,Grover Cleveland,Jimmy Carter,0.28273467954787923,32,22,True
ai_topics,Grover Cleveland,Joe Biden,0.19313354553818798,32,28,True
ai_topics,Grover Cleveland,John Adams,0.5150183469768652,32,9,True
ai_topics,Grover Cleveland,John F. Kennedy,0.2611944617923193,32,44,True
ai_topics,Grover Cleveland,John Quincy Adams,0.750470236295797,32,8,True
ai_topics,Grover Cleveland,John Tyler,0.7927975049327183,32,18,True
ai_topics,Grover Cleveland,Lyndon B. Johnson,0.25714398025951957,32,71,True
ai_topics,Grover Cleveland,Martin Van Buren,0.6667146003098926,32,10,True
ai_topics,Grover Cleveland,Millard Fillmore,0.7362884622940902,32,7,True
ai_topics,Grover Cleveland,Richard M. Nixon,0.2166773380386561,32,23,True
ai_topics,Grover Cleveland,Ronald Reagan,0.2808932569711802,32,60,True
ai_topics,Grover Cleveland,Rutherford B. Hayes,0.7723668819335963,32,16,True
ai_topics,Grover Cleveland,Theodore Roosevelt,0.6474199920163105,32,22,True
ai_topics,Grover Cleveland,Thomas Jefferson,0.6346304774505949,32,24,True
ai_topics,Grover Cleveland,Ulysses S. Grant,0.8818668267224207,32,32,True
ai_topics,Grover Cleveland,Warren G. Harding,0.530551819101838,32,18,True
ai_topics,Grover Cleveland,William Harrison,0.20858171831109346,32,1,False
ai_topics,Grover Cleveland,William McKinley,0.7756603088361964,32,14,True
ai_topics,Grover Cleveland,William Taft,0.7618151747368623,32,12,True
ai_topics,Grover Cleveland,Woodrow Wilson,0.475757356939963,32,33,True
ai_topics,Grover Cleveland,Zachary Taylor,0.6788143702874212,32,4,False
ai_topics,Harry S. Truman,Herbert Hoover,0.37382380085017985,19,30,True
ai_topics,Harry S. Truman,James A. Garfield,0.12537783457476215,19,1,False
ai_topics,Harry S. Truman,James Buchanan,0.15981868174152072,19,14,True
ai_topics,Harry S. Truman,James K. Polk,0.1620488944469864,19,25,True
ai_topics,Harry S. Truman,James Madison,0.22141080044343273,19,21,True
ai_topics,Harry S. Truman,James Monroe,0.28637400341203,19,10,True
ai_topics,Harry S. Truman,Jimmy Carter,0.6500668338275076,19,22,True
ai_topics,Harry S. Truman,Joe Biden,0.6524241424374,19,28,True
ai_topics,Harry S. Truman,John Adams,0.3071906997889612,19,9,True
ai_topics,Harry S. Truman,John F. Kennedy,0.8100942290942902,19,44,True
ai_topics,Harry S. Truman,John Quincy Adams,0.26412627726502513,19,8,True
ai_topics,Harry S. Truman,John Tyler,0.24257179170264734,19,18,True
ai_topics,Harry S. Truman,Lyndon B. Johnson,0.5221778741817236,19,71,True
ai_topics,Harry S. Truman,Martin Van Buren,0.16066872001242477,19,10,True
ai_topics,Harry S. Truman,Millard Fillmore,0.23419961570139633,19,7,True
ai_topics,Harry S. Truman,Richard M. Nixon,0.48260693844707353,19,23,True
ai_topics,Harry S. Truman,Ronald Reagan,0.7164320852692487,19,60,True
ai_topics,Harry S. Truman,Rutherford B. Hayes,0.21005012538320428,19,16,True
ai_topics,Harry S. Truman,Theodore Roosevelt,0.2994341559976311,19,22,True
ai_topics,Harry S. Truman,Thomas Jefferson,0.25043337713670977,19,24,True
ai_topics,Harry S. Truman,Ulysses S. Grant,0.2582795041334345,19,32,True
ai_topics,Harry S. Truman,Warren G. Harding,0.52590265408523,19,18,True
ai_topics,Harry S. Truman,William Harrison,0.14822841796329506,19,1,False
ai_topics,Harry S. Truman,William McKinley,0.2720038437264864,19,14,True
ai_topics,Harry S. Truman,William Taft,0.23767941955685343,19,12,True
ai_topics,Harry S. Truman,Woodrow Wilson,0.4195671262007337,19,33,True
ai_topics,Harry S. Truman,Zachary Taylor,0.252625129415381,19,4,False
ai_topics,Herbert Hoover,James A. Garfield,0.3026212086711335,30,1,False
ai_topics,Herbert Hoover,James Buchanan,0.3972100781986621,30,14,True
ai_topics,Herbert Hoover,James K. Polk,0.3791386776041059,30,25,True
ai_topics,Herbert Hoover,James Madison,0.3667014738267354,30,21,True
ai_topics,Herbert Hoover,James Monroe,0.5123158076211061,30,10,True
ai_topics,Herbert Hoover,Jimmy Carter,0.5272044659116131,30,22,True
ai_topics,Herbert Hoover,Joe Biden,0.4098439942018107,30,28,True
ai_topics,Herbert Hoover,John Adams,0.35687670744524036,30,9,True
ai_topics,Herbert Hoover,John F. Kennedy,0.32761859503564905,30,44,True
ai_topics,Herbert Hoover,John Quincy Adams,0.579511471952113,30,8,True
ai_topics,Herbert Hoover,John Tyler,0.5639082933729567,30,18,True
ai_topics,Herbert Hoover,Lyndon B. Johnson,0.31250344480820946,30,71,True
ai_topics,Herbert Hoover,Martin Van Buren,0.554076771676929,30,10,True
ai_topics,Herbert Hoover,Millard Fillmore,0.5050378047678903,30,7,True
ai_topics,Herbert Hoover,Richard M. Nixon,0.3540950723231779,30,23,True
ai_topics,Herbert Hoover,Ronald Reagan,0.4335127248947628,30,60,True
ai_topics,Herbert Hoover,Rutherford B. Hayes,0.43129203714226433,30,16,True
ai_topics,Herbert Hoover,Theodore Roosevelt,0.5239109461759716,30,22,True
ai_topics,Herbert Hoover,Thomas Jefferson,0.39567656595041256,30,24,True
ai_topics,Herbert Hoover,Ulysses S. Grant,0.5367124936115674,30,32,True
ai_topics,Herbert Hoover,Warren G. Harding,0.6253251711670365,30,18,True
ai_topics,Herbert Hoover,William Harrison,0.22944981771685163,30,1,False
ai_topics,Herbert Hoover,William McKinley,0.4716032877421147,30,14,True
ai_topics,Herbert Hoover,William Taft,0.5752710407653908,30,12,True
ai_topics,Herbert Hoover,Woodrow Wilson,0.5184560942148696,30,33,True
ai_topics,Herbert Hoover,Zachary Taylor,0.45040235677139523,30,4,False
ai_topics,James A. Garfield,James Buchanan,0.5300773749629372,1,14,False
ai_topics,James A. Garfield,James K. Polk,0.294578956732087,1,25,False
ai_topics,James A. Garfield,James Madison,0.22125969427745895,1,21,False
ai_topics,James A. Garfield,James Monroe,0.2599120335547545,1,10,False
ai_topics,James A. Garfield,Jimmy Carter,0.20860409655767262,1,22,False
ai_topics,James A. Garfield,Joe Biden,0.3304831437477647,1,28,False
ai_topics,James A. Garfield,John Adams,0.2559080977486726,1,9,False
ai_topics,James A. Garfield,John F. Kennedy,0.16465134393292177,1,44,False
ai_topics,James A. Garfield,John Quincy Adams,0.3277521486217595,1,8,False
ai_topics,James A. Garfield,John Tyler,0.38447380398123143,1,18,False
ai_topics,James A. Garfield,Lyndon B. Johnson,0.17885108013323814,1,71,False
ai_topics,James A. Garfield,Martin Van Buren,0.42382485635153605,1,10,False
ai_topics,James A. Garfield,Millard Fillmore,0.3377731903256198,1,7,False
ai_topics,James A. Garfield,Richard M. Nixon,0.21095300159812555,1,23,False
ai_topics,James A. Garfield,Ronald Reagan,0.21008982073630542,1,60,False
ai_topics,James A. Garfield,Rutherford B. Hayes,0.5998057191808489,1,16,False
ai_topics,James A. Garfield,Theodore Roosevelt,0.16554300409510508,1,22,False
ai_topics,James A. Garfield,Thomas Jefferson,0.24100078895713717,1,24,False
ai_topics,James A. Garfield,Ulysses S. Grant,0.3807203336060306,1,32,False
ai_topics,James A. Garfield,Warren G. Harding,0.40149970840598587,1,18,False
ai_topics,James A. Garfield,William Harrison,0.5605217488316281,1,1,False
ai_topics,James A. Garfield,William McKinley,0.17273129278682792,1,14,False
ai_topics,James A. Garfield,William Taft,0.18967959920519434,1,12,False
ai_topics,James A. Garfield,Woodrow Wilson,0.22702269655009294,1,33,False
ai_topics,James A. Garfield,Zachary Taylor,0.3055277128228052,1,4,False
ai_topics,James Buchanan,James K. Polk,0.6532199277505927,14,25,True
ai_topics,James Buchanan,James Madison,0.38121305258645444,14,21,True
ai_topics,James Buchanan,James Monroe,0.6852484838355899,14,10,True
ai_topics,James Buchanan,Jimmy Carter,0.24593916904812566,14,22,True
ai_topics,James Buchanan,Joe Biden,0.19864037310922178,14,28,True
ai_topics,James Buchanan,John Adams,0.4238522826260194,14,9,True
ai_topics,James Buchanan,John F. Kennedy,0.19563161493643158,14,44,True
ai_topics,James Buchanan,John Quincy Adams,0.6580716583884965,14,8,True
ai_topics,James Buchanan,John Tyler,0.7016089852463672,14,18,True
ai_topics,James Buchanan,Lyndon B. Johnson,0.19229965543806887,14,71,True
ai_topics,James Buchanan,Martin Van Buren,0.5513779191719338,14,10,True
ai_topics,James Buchanan,Millard Fillmore,0.8592164627601273,14,7,True
ai_topics,James Buchanan,Richard M. Nixon,0.24904755370963638,14,23,True
ai_topics,James Buchanan,Ronald Reagan,0.23768023254030476,14,60,True
ai_topics,James Buchanan,Rutherford B. Hayes,0.619207742671766,14,16,True
ai_topics,James Buchanan,Theodore Roosevelt,0.5227852287944559,14,22,True
ai_topics,James Buchanan,Thomas Jefferson,0.5136168697419279,14,24,True
ai_topics,James Buchanan,Ulysses S. Grant,0.7106762490617922,14,32,True
ai_topics,James Buchanan,Warren G. Harding,0.4406171518164307,14,18,True
ai_topics,James Buchanan,William Harrison,0.5780202928880732,14,1,False
ai_topics,James Buchanan,William McKinley,0.6616889710742946,14,14,True
ai_topics,James Buchanan,William Taft,0.5597241548979299,14,12,True
ai_topics,James Buchanan,Woodrow Wilson,0.3942080414429401,14,33,True
ai_topics,James Buchanan,Zachary Taylor,0.7985056701408239,14,4,False
ai_topics,James K. Polk,James Madison,0.3906359671171693,25,21,True
ai_topics,James K. Polk,James Monroe,0.7122113617129373,25,10,True
ai_topics,James K. Polk,Jimmy Carter,0.2039203072961709,25,22,True
ai_topics,James K. Polk,Joe Biden,0.14892839625713714,25,28,True
ai_topics,James K. Polk,John Adams,0.38743740748794253,25,9,True
ai_topics,James K. Polk,John F. Kennedy,0.1804965622991757,25,44,True
ai_topics,James K. Polk,John Quincy Adams,0.5943886445926954,25,8,True
ai_topics,James K. Polk,John Tyler,0.6787642457217262,25,18,True
ai_topics,James K. Polk,Lyndon B. Johnson,0.1507454553041646,25,71,True
ai_topics,James K. Polk,Martin Van Buren,0.5122579908283861,25,10,True
ai_topics,James K. Polk,Millard Fillmore,0.7185234228452149,25,7,True
ai_topics,James K. Polk,Richard M. Nixon,0.17679667990829484,25,23,True
ai_topics,James K. Polk,Ronald Reagan,0.20104053688035534,25,60,True
ai_topics,James K. Polk,Rutherford B. Hayes,0.48361432803156085,25,16,True
ai_topics,James K. Polk,Theodore Roosevelt,0.43587745725115945,25,22,True
ai_topics,James K. Polk,Thomas Jefferson,0.5561306743628815,25,24,True
ai_topics,James K. Polk,Ulysses S. Grant,0.6080151698381322,25,32,True
ai_topics,James K. Polk,Warren G. Harding,0.39384492179700303,25,18,True
ai_topics,James K. Polk,William Harrison,0.32774547026123424,25,1,False
ai_topics,James K. Polk,William McKinley,0.6316892841713965,25,14,True
ai_topics,James K. Polk,William Taft,0.5320615129908224,25,12,True
ai_topics,James K. Polk,Woodrow Wilson,0.3649208795342322,25,33,True
ai_topics,James K. Polk,Zachary Taylor,0.674946065726273,25,4,False
ai_topics,James Madison,James Monroe,0.6686454412184705,21,10,True
ai_topics,James Madison,Jimmy Carter,0.2243131728564951,21,22,True
ai_topics,James Madison,Joe Biden,0.20237058286785922,21,28,True
ai_topics,James Madison,John Adams,0.7308535324988856,21,9,True
ai_topics,James Madison,John F. Kennedy,0.21244556531121916,21,44,True
ai_topics,James Madison,John Quincy Adams,0.5756229584957079,21,8,True
ai_topics,James Madison,John Tyler,0.5558221568588012,21,18,True
ai_topics,James Madison,Lyndon B. Johnson,0.1811390547103598,21,71,True
ai_topics,James Madison,Martin Van Buren,0.4306526384027368,21,10,True
ai_topics,James Madison,Millard Fillmore,0.4749124705034522,21,7,True
ai_topics,James Madison,Richard M. Nixon,0.20743001196138858,21,23,True
ai_topics,James Madison,Ronald Reagan,0.26768544833959385,21,60,True
ai_topics,James Madison,Rutherford B. Hayes,0.3923543417336485,21,16,True
ai_topics,James Madison,Theodore Roosevelt,0.3826749635330161,21,22,True
ai_topics,James Madison,Thomas Jefferson,0.7150838837712838,21,24,True
ai_topics,James Madison,Ulysses S. Grant,0.529271862269625,21,32,True
ai_topics,James Madison,Warren G. Harding,0.4213639525808395,21,18,True
ai_topics,James Madison,William Harrison,0.1859877559214572,21,1,False
ai_topics,James Madison,William McKinley,0.4890047023104138,21,14,True
ai_topics,James Madison,William Taft,0.4145760583795029,21,12,True
ai_topics,James Madison,Woodrow Wilson,0.4305908674998912,21,33,True
ai_topics,James Madison,Zachary Taylor,0.4355652172641413,21,4,False
ai_topics,James Monroe,Jimmy Carter,0.32666534137477865,10,22,True
ai_topics,James Monroe,Joe Biden,0.2459915440372969,10,28,True
ai_topics,James Monroe,John Adams,0.6932059083876676,10,9,True
ai_topics,James Monroe,John F. Kennedy,0.30165702717045395,10,44,True
ai_topics,James Monroe,John Quincy Adams,0.8920752748827221,10,8,True
ai_topics,James Monroe,John Tyler,0.8414013787574373,10,18,True
ai_topics,James Monroe,Lyndon B. Johnson,0.2614608236616316,10,71,True
ai_topics,James Monroe,Martin Van Buren,0.5698693995512024,10,10,True
ai_topics,James Monroe,Millard Fillmore,0.8590454574082962,10,7,True
ai_topics,James Monroe,Richard M. Nixon,0.24425140149264224,10,23,True
ai_topics,James Monroe,Ronald Reagan,0.3437648065578793,10,60,True
ai_topics,James Monroe,Rutherford B. Hayes,0.6021989198167488,10,16,True
ai_topics,James Monroe,Theodore Roosevelt,0.6459735514993951,10,22,True
ai_topics,James Monroe,Thomas Jefferson,0.7943175274809773,10,24,True
ai_topics,James Monroe,Ulysses S. Grant,0.8480540058379886,10,32,True
ai_topics,James Monroe,Warren G. Harding,0.5791379803205594,10,18,True
ai_topics,James Monroe,William Harrison,0.21213240964980112,10,1,False
ai_topics,James Monroe,William McKinley,0.8555649929176308,10,14,True
ai_topics,James Monroe,William Taft,0.7167120479610325,10,12,True
ai_topics,James Monroe,Woodrow Wilson,0.5523946300691763,10,33,True
ai_topics,James Monroe,Zachary Taylor,0.7983864939280622,10,4,False
ai_topics,Jimmy Carter,Joe Biden,0.7721099123639839,22,28,True
ai_topics,Jimmy Carter,John Adams,0.2690434828723649,22,9,True
ai_topics,Jimmy Carter,John F. Kennedy,0.6948887216672783,22,44,True
ai_topics,Jimmy Carter,John Quincy Adams,0.3805263930585968,22,8,True
ai_topics,Jimmy Carter,John Tyler,0.26266246849285857,22,18,True
ai_topics,Jimmy Carter,Lyndon B. Johnson,0.6128492738669391,22,71,True
ai_topics,Jimmy Carter,Martin Van Buren,0.19100063157835437,22,10,True
ai_topics,Jimmy Carter,Millard Fillmore,0.3609893364861942,22,7,True
ai_topics,Jimmy Carter,Richard M. Nixon,0.6477246941715755,22,23,True
ai_topics,Jimmy Carter,Ronald Reagan,0.8461928136853274,22,60,True
ai_topics,Jimmy Carter,Rutherford B. Hayes,0.3159525469130704,22,16,True
ai_topics,Jimmy Carter,Theodore Roosevelt,0.45550718242658766,22,22,True
ai_topics,Jimmy Carter,Thomas Jefferson,0.29285928579001086,22,24,True
ai_topics,Jimmy Carter,Ulysses S. Grant,0.3428951862571603,22,32,True
ai_topics,Jimmy Carter,Warren G. Harding,0.5208931008688655,22,18,True
ai_topics,Jimmy Carter,William Harrison,0.2167261839780333,22,1,False
ai_topics,Jimmy Carter,William McKinley,0.3024097486370997,22,14,True
ai_topics,Jimmy Carter,William Taft,0.3428441246420584,22,12,True
ai_topics,Jimmy Carter,Woodrow Wilson,0.4176162643342149,22,33,True
ai_topics,Jimmy Carter,Zachary Taylor,0.34772518101449934,22,4,False
ai_topics,Joe Biden,John Adams,0.27445467981316557,28,9,True
ai_topics,Joe Biden,John F. Kennedy,0.7646731729512098,28,44,True
ai_topics,Joe Biden,John Quincy Adams,0.27774649281289676,28,8,True
ai_topics,Joe Biden,John Tyler,0.18478217700341862,28,18,True
ai_topics,Joe Biden,Lyndon B. Johnson,0.53681633930332,28,71,True
ai_topics,Joe Biden,Martin Van Buren,0.14365361779398142,28,10,True
ai_topics,Joe Biden,Millard Fillmore,0.27506593861701356,28,7,True
ai_topics,Joe Biden,Richard M. Nixon,0.5383640508304217,28,23,True
ai_topics,Joe Biden,Ronald Reagan,0.7718087979784511,28,60,True
ai_topics,Joe Biden,Rutherford B. Hayes,0.2974514758258065,28,16,True
ai_topics,Joe Biden,Theodore Roosevelt,0.36118553054348046,28,22,True
ai_topics,Joe Biden,Thomas Jefferson,0.26324182949523306,28,24,True
ai_topics,Joe Biden,Ulysses S. Grant,0.25401039389898383,28,32,True
ai_topics,Joe Biden,Warren G. Harding,0.5046713373961011,28,18,True
ai_topics,Joe Biden,William Harrison,0.1566022950434121,28,1,False
ai_topics,Joe Biden,William McKinley,0.2128058755579548,28,14,True
ai_topics,Joe Biden,William Taft,0.23324236980385768,28,12,True
ai_topics,Joe Biden,Woodrow Wilson,0.3755566578339156,28,33,True
ai_topics,Joe Biden,Zachary Taylor,0.23904758840938004,28,4,False
ai_topics,John Adams,John F. Kennedy,0.26373024321957017,9,44,True
ai_topics,John Adams,John Quincy Adams,0.5898262853744788,9,8,True
ai_topics,John Adams,John Tyler,0.6264071532041834,9,18,True
ai_topics,John Adams,Lyndon B. Johnson,0.24570180164002078,9,71,True
ai_topics,John Adams,Martin Van Buren,0.39900131800089694,9,10,True
ai_topics,John Adams,Millard Fillmore,0.5406398721467549,9,7,True
ai_topics,John Adams,Richard M. Nixon,0.28109744917299007,9,23,True
ai_topics,John Adams,Ronald Reagan,0.3613549845043016,9,60,True
ai_topics,John Adams,Rutherford B. Hayes,0.4177318075423907,9,16,True
ai_topics,John Adams,Theodore Roosevelt,0.40619176808474833,9,22,True
ai_topics,John Adams,Thomas Jefferson,0.674519557366818,9,24,True
ai_topics,John Adams,Ulysses S. Grant,0.6058008032891672,9,32,True
ai_topics,John Adams,Warren G. Harding,0.5171547273786856,9,18,True
ai_topics,John Adams,William Harrison,0.21147678409445267,9,1,False
ai_topics,John Adams,William McKinley,0.564234904881887,9,14,True
ai_topics,John Adams,William Taft,0.408175678806231,9,12,True
ai_topics,John Adams,Woodrow Wilson,0.515387862358751,9,33,True
ai_topics,John Adams,Zachary Taylor,0.5611786675506895,9,4,False
ai_topics,John F. Kennedy,John Quincy Adams,0.31167557420478487,44,8,True
ai_topics,John F. Kennedy,John Tyler,0.23071370935863095,44,18,True
ai_topics,John F. Kennedy,Lyndon B. Johnson,0.5913313976605296,44,71,True
ai_topics,John F. Kennedy,Martin Van Buren,0.17241490183667568,44,10,True
ai_topics,John F. Kennedy,Millard Fillmore,0.2479877583546812,44,7,True
ai_topics,John F. Kennedy,Richard M. Nixon,0.5215505655063504,44,23,True
ai_topics,John F. Kennedy,Ronald Reagan,0.8567191594103067,44,60,True
ai_topics,John F. Kennedy,Rutherford B. Hayes,0.20346156092513246,44,16,True
ai_topics,John F. Kennedy,Theodore Roosevelt,0.30670539003214564,44,22,True
ai_topics,John F. Kennedy,Thomas Jefferson,0.23400608043831275,44,24,True
ai_topics,John F. Kennedy,Ulysses S. Grant,0.2833833626775391,44,32,True
ai_topics,John F. Kennedy,Warren G. Harding,0.42896732624655276,44,18,True
ai_topics,John F. Kennedy,William Harrison,0.11102660681028453,44,1,False
ai_topics,John F. Kennedy,William McKinley,0.28516895805540465,44,14,True
ai_topics,John F. Kennedy,William Taft,0.2545873039762638,44,12,True
ai_topics,John F. Kennedy,Woodrow Wilson,0.34745379085521877,44,33,True
ai_topics,John F. Kennedy,Zachary Taylor,0.24451706914916554,44,4,False
ai_topics,John Quincy Adams,John Tyler,0.7352552239147037,8,18,True
ai_topics,John Quincy Adams,Lyndon B. Johnson,0.26608636090065146,8,71,True
ai_topics,John Quincy Adams,Martin Van Buren,0.5260908649956428,8,10,True
ai_topics,John Quincy Adams,Millard Fillmore,0.816271420646064,8,7,True
ai_topics,John Quincy Adams,Richard M. Nixon,0.27243450239576056,8,23,True
ai_topics,John Quincy Adams,Ronald Reagan,0.3469123275947271,8,60,True
ai_topics,John Quincy Adams,Rutherford B. Hayes,0.6294650200984967,8,16,True
ai_topics,John Quincy Adams,Theodore Roosevelt,0.7142755496140138,8,22,True
ai_topics,John Quincy Adams,Thomas Jefferson,0.69326626316207,8,24,True
ai_topics,John Quincy Adams,Ulysses S. Grant,0.8176112396417132,8,32,True
ai_topics,John Quincy Adams,Warren G. Harding,0.617083001158232,8,18,True
ai_topics,John Quincy Adams,William Harrison,0.2789053778429018,8,1,False
ai_topics,John Quincy Adams,William McKinley,0.7631952148338168,8,14,True
ai_topics,John Quincy Adams,William Taft,0.8086681669456998,8,12,True
ai_topics,John Quincy Adams,Woodrow Wilson,0.5767581258264326,8,33,True
ai_topics,John Quincy Adams,Zachary Taylor,0.7305048744737261,8,4,False
ai_topics,John Tyler,Lyndon B. Johnson,0.222362834504386,18,71,True
ai_topics,John Tyler,Martin Van Buren,0.8447485460048298,18,10,True
ai_topics,John Tyler,Millard Fillmore,0.7662148654119161,18,7,True
ai_topics,John Tyler,Richard M. Nixon,0.23786163895129414,18,23,True
ai_topics,John Tyler,Ronald Reagan,0.25532298304987616,18,60,True
ai_topics,John Tyler,Rutherford B. Hayes,0.6539494600888156,18,16,True
ai_topics,John Tyler,Theodore Roosevelt,0.5090462427134516,18,22,True
ai_topics,John Tyler,Thomas Jefferson,0.6093980535467758,18,24,True
ai_topics,John Tyler,Ulysses S. Grant,0.8214671111209519,18,32,True
ai_topics,John Tyler,Warren G. Harding,0.5510326757148156,18,18,True
ai_topics,John Tyler,William Harrison,0.37653834079473886,18,1,False
ai_topics,John Tyler,William McKinley,0.7540497400492172,18,14,True
ai_topics,John Tyler,William Taft,0.6614467162317159,18,12,True
ai_topics,John Tyler,Woodrow Wilson,0.48303469378876296,18,33,True
ai_topics,John Tyler,Zachary Taylor,0.7629948411661145,18,4,False
ai_topics,Lyndon B. Johnson,Martin Van Buren,0.16783295435964143,71,10,True
ai_topics,Lyndon B. Johnson,Millard Fillmore,0.2569898604915497,71,7,True
ai_topics,Lyndon B. Johnson,Richard M. Nixon,0.9154208241474456,71,23,True
ai_topics,Lyndon B. Johnson,Ronald Reagan,0.5841425242905655,71,60,True
ai_topics,Lyndon B. Johnson,Rutherford B. Hayes,0.2530070373998773,71,16,True
ai_topics,Lyndon B. Johnson,Theodore Roosevelt,0.28731095456046984,71,22,True
ai_topics,Lyndon B. Johnson,Thomas Jefferson,0.22388869784646329,71,24,True
ai_topics,Lyndon B. Johnson,Ulysses S. Grant,0.2954960953136769,71,32,True
ai_topics,Lyndon B. Johnson,Warren G. Harding,0.355344062403154,71,18,True
ai_topics,Lyndon B. Johnson,William Harrison,0.11178632314105463,71,1,False
ai_topics,Lyndon B. Johnson,William McKinley,0.2551998367199904,71,14,True
ai_topics,Lyndon B. Johnson,William Taft,0.2362822064366648,71,12,True
ai_topics,Lyndon B. Johnson,Woodrow Wilson,0.2919962507810752,71,33,True
ai_topics,Lyndon B. Johnson,Zachary Taylor,0.2530070981374738,71,4,False
ai_topics,Martin Van Buren,Millard Fillmore,0.5378614317091235,10,7,True
ai_topics,Martin Van Buren,Richard M. Nixon,0.1838754438608801,10,23,True
ai_topics,Martin Van Buren,Ronald Reagan,0.2031571877331975,10,60,True
ai_topics,Martin Van Buren,Rutherford B. Hayes,0.540889217807698,10,16,True
ai_topics,Martin Van Buren,Theodore Roosevelt,0.38136677512566985,10,22,True
ai_topics,Martin Van Buren,Thomas Jefferson,0.5063886272798485,10,24,True
ai_topics,Martin Van Buren,Ulysses S. Grant,0.6116781646249922,10,32,True
ai_topics,Martin Van Buren,Warren G. Harding,0.4157394953312649,10,18,True
ai_topics,Martin Van Buren,William Harrison,0.3818457313314456,10,1,False
ai_topics,Martin Van Buren,William McKinley,0.5176333291759708,10,14,True
ai_topics,Martin Van Buren,William Taft,0.4785036032631348,10,12,True
ai_topics,Martin Van Buren,Woodrow Wilson,0.35874611348981345,10,33,True
ai_topics,Martin Van Buren,Zachary Taylor,0.5041165026184377,10,4,False
ai_topics,Millard Fillmore,Richard M. Nixon,0.30152077058599336,7,23,True
ai_topics,Millard Fillmore,Ronald Reagan,0.3006659879345649,7,60,True
ai_topics,Millard Fillmore,Rutherford B. Hayes,0.6872905107422838,7,16,True
ai_topics,Millard Fillmore,Theodore Roosevelt,0.6872049766998142,7,22,True
ai_topics,Millard Fillmore,Thomas Jefferson,0.700652167750574,7,24,True
ai_topics,Millard Fillmore,Ulysses S. Grant,0.8520439485504043,7,32,True
ai_topics,Millard Fillmore,Warren G. Harding,0.5524216563332014,7,18,True
ai_topics,Millard Fillmore,William Harrison,0.3865134916597294,7,1,False
ai_topics,Millard Fillmore,William McKinley,0.8415791196884698,7,14,True
ai_topics,Millard Fillmore,William Taft,0.718902943339033,7,12,True
ai_topics,Millard Fillmore,Woodrow Wilson,0.5164131080357948,7,33,True
ai_topics,Millard Fillmore,Zachary Taylor,0.9136084134031901,7,4,False
ai_topics,Richard M. Nixon,Ronald Reagan,0.6112558302668688,23,60,True
ai_topics,Richard M. Nixon,Rutherford B. Hayes,0.27816164593268744,23,16,True
ai_topics,Richard M. Nixon,Theodore Roosevelt,0.2780922099545867,23,22,True
ai_topics,Richard M. Nixon,Thomas Jefferson,0.27157347684723576,23,24,True
ai_topics,Richard M. Nixon,Ulysses S. Grant,0.254224879931245,23,32,True
ai_topics,Richard M. Nixon,Warren G. Harding,0.4159607894171866,23,18,True
ai_topics,Richard M. Nixon,William Harrison,0.32198186206256374,23,1,False
ai_topics,Richard M. Nixon,William McKinley,0.20709796470240743,23,14,True
ai_topics,Richard M. Nixon,William Taft,0.22369333443572453,23,12,True
ai_topics,Richard M. Nixon,Woodrow Wilson,0.3189132118771029,23,33,True
ai_topics,Richard M. Nixon,Zachary Taylor,0.27043772795306553,23,4,False
ai_topics,Ronald Reagan,Rutherford B. Hayes,0.2393140981905447,60,16,True
ai_topics,Ronald Reagan,Theodore Roosevelt,0.3571754870896123,60,22,True
ai_topics,Ronald Reagan,Thomas Jefferson,0.3144875350888596,60,24,True
ai_topics,Ronald Reagan,Ulysses S. Grant,0.3150183340491273,60,32,True
ai_topics,Ronald Reagan,Warren G. Harding,0.527778122447978,60,18,True
ai_topics,Ronald Reagan,William Harrison,0.18767777769707147,60,1,False
ai_topics,Ronald Reagan,William McKinley,0.3061435355366566,60,14,True
ai_topics,Ronald Reagan,William Taft,0.26095256139440076,60,12,True
ai_topics,Ronald Reagan,Woodrow Wilson,0.4149619181134674,60,33,True
ai_topics,Ronald Reagan,Zachary Taylor,0.2870818792633656,60,4,False
ai_topics,Rutherford B. Hayes,Theodore Roosevelt,0.5382704115014683,16,22,True
ai_topics,Rutherford B. Hayes,Thomas Jefferson,0.5973484997050621,16,24,True
ai_topics,Rutherford B. Hayes,Ulysses S. Grant,0.7741208556886368,16,32,True
ai_topics,Rutherford B. Hayes,Warren G. Harding,0.446624616681496,16,18,True
ai_topics,Rutherford B. Hayes,William Harrison,0.44804534249801764,16,1,False
ai_topics,Rutherford B. Hayes,William McKinley,0.5661641822024899,16,14,True
ai_topics,Rutherford B. Hayes,William Taft,0.5937706137116081,16,12,True
ai_topics,Rutherford B. Hayes,Woodrow Wilson,0.3686668624314,16,33,True
ai_topics,Rutherford B. Hayes,Zachary Taylor,0.604122543248013,16,4,False
ai_topics,Theodore Roosevelt,Thomas Jefferson,0.48547506457955425,22,24,True
ai_topics,Theodore Roosevelt,Ulysses S. Grant,0.6877786056705736,22,32,True
ai_topics,Theodore Roosevelt,Warren G. Harding,0.6327852831633608,22,18,True
ai_topics,Theodore Roosevelt,William Harrison,0.18436626640352416,22,1,False
ai_topics,Theodore Roosevelt,William McKinley,0.725070281523361,22,14,True
ai_topics,Theodore Roosevelt,William Taft,0.8443324917355249,22,12,True
ai_topics,Theodore Roosevelt,Woodrow Wilson,0.6137463408173693,22,33,True
ai_topics,Theodore Roosevelt,Zachary Taylor,0.659613413943792,22,4,False
ai_topics,Thomas Jefferson,Ulysses S. Grant,0.6433086274682331,24,32,True
ai_topics,Thomas Jefferson,Warren G. Harding,0.4554881068911925,24,18,True
ai_topics,Thomas Jefferson,William Harrison,0.24330362065646727,24,1,False
ai_topics,Thomas Jefferson,William McKinley,0.5613054668614507,24,14,True
ai_topics,Thomas Jefferson,William Taft,0.4631660676044841,24,12,True
ai_topics,Thomas Jefferson,Woodrow Wilson,0.4409423524014289,24,33,True
ai_topics,Thomas Jefferson,Zachary Taylor,0.5243938707501438,24,4,False
ai_topics,Ulysses S. Grant,Warren G. Harding,0.538329625240696,32,18,True
ai_topics,Ulysses S. Grant,William Harrison,0.21814742732636394,32,1,False
ai_topics,Ulysses S. Grant,William McKinley,0.8303038560662064,32,14,True
ai_topics,Ulysses S. Grant,William Taft,0.7621890593501988,32,12,True
ai_topics,Ulysses S. Grant,Woodrow Wilson,0.5390306999819221,32,33,True
ai_topics,Ulysses S. Grant,Zachary Taylor,0.815096161238024,32,4,False
ai_topics,Warren G. Harding,William Harrison,0.30165743732810735,18,1,False
ai_topics,Warren G. Harding,William McKinley,0.5131588452200183,18,14,True
ai_topics,Warren G. Harding,William Taft,0.5368242116649204,18,12,True
ai_topics,Warren G. Harding,Woodrow Wilson,0.8179906348969078,18,33,True
ai_topics,Warren G. Harding,Zachary Taylor,0.5426248054924236,18,4,False
ai_topics,William Harrison,William McKinley,0.15580377767035808,1,14,False
ai_topics,William Harrison,William Taft,0.1889641509547209,1,12,False
ai_topics,William Harrison,Woodrow Wilson,0.16688605901156997,1,33,False
ai_topics,William Harrison,Zachary Taylor,0.3712011541390218,1,4,False
ai_topics,William McKinley,William Taft,0.7551992289442403,14,12,True
ai_topics,William McKinley,Woodrow Wilson,0.5219849667111084,14,33,True
ai_topics,William McKinley,Zachary Taylor,0.8864674923991829,14,4,False
ai_topics,William Taft,Woodrow Wilson,0.562698956185565,12,33,True
ai_topics,William Taft,Zachary Taylor,0.6611301348590259,12,4,False
ai_topics,Woodrow Wilson,Zachary Taylor,0.49570913843013975,33,4,False
ai_domains,Abraham Lincoln,Andrew Jackson,0.32099565538313274,15,26,True
ai_domains,Abraham Lincoln,Andrew Johnson,0.8462241306117242,15,31,True
ai_domains,Abraham Lincoln,Barack Obama,0.38752664833077316,15,51,True
ai_domains,Abraham Lincoln,Benjamin Harrison,0.35020795781595665,15,16,True
ai_domains,Abraham Lincoln,Bill Clinton,0.3430399425433996,15,39,True
ai_domains,Abraham Lincoln,Calvin Coolidge,0.3578259999333471,15,12,True
ai_domains,Abraham Lincoln,Chester A. Arthur,0.4377831569453869,15,11,True
ai_domains,Abraham Lincoln,Donald Trump,0.4974293337048974,15,53,True
ai_domains,Abraham Lincoln,Dwight D. Eisenhower,0.27014521905541117,15,15,True
ai_domains,Abraham Lincoln,Franklin D. Roosevelt,0.19055418809424976,15,49,True
ai_domains,Abraham Lincoln,Franklin Pierce,0.5173978147151868,15,15,True
ai_domains,Abraham Lincoln,George H. W. Bush,0.23439675699805046,15,23,True
ai_domains,Abraham Lincoln,George W. Bush,0.33032505057358347,15,38,True
ai_domains,Abraham Lincoln,George Washington,0.29742309976408254,15,21,True
ai_domains,Abraham Lincoln,Gerald Ford,0.2583326140089873,15,14,True
ai_domains,Abraham Lincoln,Grover Cleveland,0.34489010799023045,15,32,True
ai_domains,Abraham Lincoln,Harry S. Truman,0.19885173631001912,15,19,True
ai_domains,Abraham Lincoln,Herbert Hoover,0.18465927040881072,15,30,True
ai_domains,Abraham Lincoln,James A. Garfield,0.6711588600801066,15,1,False
ai_domains,Abraham Lincoln,James Buchanan,0.6230045927392163,15,14,True
ai_domains,Abraham Lincoln,James K. Polk,0.33229333130670863,15,25,True
ai_domains,Abraham Lincoln,James Madison,0.226089294332427,15,21,True
ai_domains,Abraham Lincoln,James Monroe,0.22694780059887365,15,10,True
ai_domains,Abraham Lincoln,Jimmy Carter,0.31364500409217777,15,22,True
ai_domains,Abraham Lincoln,Joe Biden,0.4810458801601572,15,28,True
ai_domains,Abraham Lincoln,John Adams,0.21977951891499317,15,9,True
ai_domains,Abraham Lincoln,John F. Kennedy,0.23321044484388517,15,44,True
ai_domains,Abraham Lincoln,John Quincy Adams,0.22949145602401266,15,8,True
ai_domains,Abraham Lincoln,John Tyler,0.24604286533923894,15,18,True
ai_domains,Abraham Lincoln,Lyndon B. Johnson,0.3606753828219632,15,71,True
ai_domains,Abraham Lincoln,Martin Van Buren,0.21604389690229658,15,10,True
ai_domains,Abraham Lincoln,Millard Fillmore,0.4095404661027559,15,7,True
ai_domains,Abraham Lincoln,Richard M. Nixon,0.29474707515047793,15,23,True
ai_domains,Abraham Lincoln,Ronald Reagan,0.2629286505403487,15,60,True
ai_domains,Abraham Lincoln,Rutherford B. Hayes,0.5464197274221391,15,16,True
ai_domains,Abraham Lincoln,Theodore Roosevelt,0.35101456015076193,15,22,True
ai_domains,Abraham Lincoln,Thomas Jefferson,0.25997007181719817,15,24,True
ai_domains,Abraham Lincoln,Ulysses S. Grant,0.5501157313644996,15,32,True
ai_domains,Abraham Lincoln,Warren G. Harding,0.3372110682366257,15,18,True
ai_domains,Abraham Lincoln,William Harrison,0.33835510796417423,15,1,False
ai_domains,Abraham Lincoln,William McKinley,0.2768454007458021,15,14,True
ai_domains,Abraham Lincoln,William Taft,0.24535588768469133,15,12,True
ai_domains,Abraham Lincoln,Woodrow Wilson,0.23159051105337036,15,33,True
ai_domains,Abraham Lincoln,Zachary Taylor,0.3654850321157607,15,4,False
ai_domains,Andrew Jackson,Andrew Johnson,0.6805744660531236,26,31,True
ai_domains,Andrew Jackson,Barack Obama,0.408325259687187,26,51,True
ai_domains,Andrew Jackson,Benjamin Harrison,0.8133021565204708,26,16,True
ai_domains,Andrew Jackson,Bill Clinton,0.3339600732525046,26,39,True
ai_domains,Andrew Jackson,Calvin Coolidge,0.6786983258083816,26,12,True
ai_domains,Andrew Jackson,Chester A. Arthur,0.8401871608962879,26,11,True
ai_domains,Andrew Jackson,Donald Trump,0.470829568930916,26,53,True
ai_domains,Andrew Jackson,Dwight D. Eisenhower,0.5670885342239809,26,15,True
ai_domains,Andrew Jackson,Franklin D. Roosevelt,0.3796674129113903,26,49,True
ai_domains,Andrew Jackson,Franklin Pierce,0.8037827297737674,26,15,True
ai_domains,Andrew Jackson,George H. W. Bush,0.48276310514880855,26,23,True
ai_domains,Andrew Jackson,George W. Bush,0.3830450992792619,26,38,True
ai_domains,Andrew Jackson,George Washington,0.7712329954746154,26,21,True
ai_domains,Andrew Jackson,Gerald Ford,0.6160985972017832,26,14,True
ai_domains,Andrew Jackson,Grover Cleveland,0.8494544314126703,26,32,True
ai_domains,Andrew Jackson,Harry S. Truman,0.4913570896508289,26,19,True
ai_domains,Andrew Jackson,Herbert Hoover,0.49907043414368296,26,30,True
ai_domains,Andrew Jackson,James A. Garfield,0.7703304521144433,26,1,False
ai_domains,Andrew Jackson,James Buchanan,0.8676343267362966,26,14,True
ai_domains,Andrew Jackson,James K. Polk,0.7723731041934834,26,25,True
ai_domains,Andrew Jackson,James Madison,0.5416270190720778,26,21,True
ai_domains,Andrew Jackson,James Monroe,0.6695387740213329,26,10,True
ai_domains,Andrew Jackson,Jimmy Carter,0.5542999621592373,26,22,True
ai_domains,Andrew Jackson,Joe Biden,0.5238234405559155,26,28,True
ai_domains,Andrew Jackson,John Adams,0.5881080551809014,26,9,True
ai_domains,Andrew Jackson,John F. Kennedy,0.5071586452915213,26,44,True
ai_domains,Andrew Jackson,John Quincy Adams,0.7102191280810168,26,8,True
ai_domains,Andrew Jackson,John Tyler,0.8344501107615953,26,18,True
ai_domains,Andrew Jackson,Lyndon B. Johnson,0.4516626612007987,26,71,True
ai_domains,Andrew Jackson,Martin Van Buren,0.8170527332786651,26,10,True
ai_domains,Andrew Jackson,Millard Fillmore,0.8316188426439095,26,7,True
ai_domains,Andrew Jackson,Richard M. Nixon,0.5484113403870742,26,23,True
ai_domains,Andrew Jackson,Ronald Reagan,0.521105614980554,26,60,True
ai_domains,Andrew Jackson,Rutherford B. Hayes,0.9272250500511957,26,16,True
ai_domains,Andrew Jackson,Theodore Roosevelt,0.7139304304251294,26,22,True
ai_domains,Andrew Jackson,Thomas Jefferson,0.647168994254115,26,24,True
ai_domains,Andrew Jackson,Ulysses S. Grant,0.7456230855185841,26,32,True
ai_domains,Andrew Jackson,Warren G. Harding,0.6012590468065945,26,18,True
ai_domains,Andrew Jackson,William Harrison,0.7974061860225058,26,1,False
ai_domains,Andrew Jackson,William McKinley,0.8130132349962014,26,14,True
ai_domains,Andrew Jackson,William Taft,0.704348194454975,26,12,True
ai_domains,Andrew Jackson,Woodrow Wilson,0.5370933045154805,26,33,True
ai_domains,Andrew Jackson,Zachary Taylor,0.8123086156091259,26,4,False
ai_domains,Andrew Johnson,Barack Obama,0.35227004220135844,31,51,True
ai_domains,Andrew Johnson,Benjamin Harrison,0.5274106367477381,31,16,True
ai_domains,Andrew Johnson,Bill Clinton,0.3191022066869334,31,39,True
ai_domains,Andrew Johnson,Calvin Coolidge,0.4890010484357367,31,12,True
ai_domains,Andrew Johnson,Chester A. Arthur,0.6153371533343636,31,11,True
ai_domains,Andrew Johnson,Donald Trump,0.47797478956280987,31,53,True
ai_domains,Andrew Johnson,Dwight D. Eisenhower,0.3188268349627873,31,15,True
ai_domains,Andrew Johnson,Franklin D. Roosevelt,0.21032858923197625,31,49,True
ai_domains,Andrew Johnson,Franklin Pierce,0.7018987157314225,31,15,True
ai_domains,Andrew Johnson,George H. W. Bush,0.25684290593448234,31,23,True
ai_domains,Andrew Johnson,George W. Bush,0.2775087776602656,31,38,True
ai_domains,Andrew Johnson,George Washington,0.5283272113532957,31,21,True
ai_domains,Andrew Johnson,Gerald Ford,0.3467985973009041,31,14,True
ai_domains,Andrew Johnson,Grover Cleveland,0.5116027649772026,31,32,True
ai_domains,Andrew Johnson,Harry S. Truman,0.23314559842507315,31,19,True
ai_domains,Andrew Johnson,Herbert Hoover,0.25848089723599177,31,30,True
ai_domains,Andrew Johnson,James A. Garfield,0.9252061391517865,31,1,False
ai_domains,Andrew Johnson,James Buchanan,0.8622449070447897,31,14,True
ai_domains,Andrew Johnson,James K. Polk,0.4974386578980854,31,25,True
ai_domains,Andrew Johnson,James Madison,0.26503256210182724,31,21,True
ai_domains,Andrew Johnson,James Monroe,0.3288737848448257,31,10,True
ai_domains,Andrew Johnson,Jimmy Carter,0.36248280213087464,31,22,True
ai_domains,Andrew Johnson,Joe Biden,0.48465323784711095,31,28,True
ai_domains,Andrew Johnson,John Adams,0.30925757290912936,31,9,True
ai_domains,Andrew Johnson,John F. Kennedy,0.247992205130818,31,44,True
ai_domains,Andrew Johnson,John Quincy Adams,0.3631581694082545,31,8,True
ai_domains,Andrew Johnson,John Tyler,0.4396041351927423,31,18,True
ai_domains,Andrew Johnson,Lyndon B. Johnson,0.32791690620728575,31,71,True
ai_domains,Andrew Johnson,Martin Van Buren,0.40834510187809525,31,10,True
ai_domains,Andrew Johnson,Millard Fillmore,0.6277674246943727,31,7,True
ai_domains,Andrew Johnson,Richard M. Nixon,0.3828193870264827,31,23,True
ai_domains,Andrew Johnson,Ronald Reagan,0.2953578963593498,31,60,True
ai_domains,Andrew Johnson,Rutherford B. Hayes,0.8488577825083363,31,16,True
ai_domains,Andrew Johnson,Theodore Roosevelt,0.4893921180534403,31,22,True
ai_domains,Andrew Johnson,Thomas Jefferson,0.37251310326441683,31,24,True
ai_domains,Andrew Johnson,Ulysses S. Grant,0.6107116281240759,31,32,True
ai_domains,Andrew Johnson,Warren G. Harding,0.42014947681090287,31,18,True
ai_domains,Andrew Johnson,William Harrison,0.7666700721481083,31,1,False
ai_domains,Andrew Johnson,William McKinley,0.48118758005595813,31,14,True
ai_domains,Andrew Johnson,William Taft,0.4057766271445835,31,12,True
ai_domains,Andrew Johnson,Woodrow Wilson,0.25893930686712435,31,33,True
ai_domains,Andrew Johnson,Zachary Taylor,0.589827753001969,31,4,False
ai_domains,Barack Obama,Benjamin Harrison,0.6119071452218565,51,16,True
ai_domains,Barack Obama,Bill Clinton,0.9640784788119157,51,39,True
ai_domains,Barack Obama,Calvin Coolidge,0.7431177750496039,51,12,True
ai_domains,Barack Obama,Chester A. Arthur,0.5701758957512013,51,11,True
ai_domains,Barack Obama,Donald Trump,0.9247638297740534,51,53,True
ai_domains,Barack Obama,Dwight D. Eisenhower,0.8117498371613237,51,15,True
ai_domains,Barack Obama,Franklin D. Roosevelt,0.8152252220543856,51,49,True
ai_domains,Barack Obama,Franklin Pierce,0.5593753397246165,51,15,True
ai_domains,Barack Obama,George H. W. Bush,0.8628597770918425,51,23,True
ai_domains,Barack Obama,George W. Bush,0.8317904906008683,51,38,True
ai_domains,Barack Obama,George Washington,0.48756806251880735,51,21,True
ai_domains,Barack Obama,Gerald Ford,0.8401536635501442,51,14,True
ai_domains,Barack Obama,Grover Cleveland,0.5749358010655998,51,32,True
ai_domains,Barack Obama,Harry S. Truman,0.7439039894782953,51,19,True
ai_domains,Barack Obama,Herbert Hoover,0.8805902089633828,51,30,True
ai_domains,Barack Obama,James A. Garfield,0.32629427469905664,51,1,False
ai_domains,Barack Obama,James Buchanan,0.49628929725820137,51,14,True
ai_domains,Barack Obama,James K. Polk,0.5983310967521045,51,25,True
ai_domains,Barack Obama,James Madison,0.619925221951014,51,21,True
ai_domains,Barack Obama,James Monroe,0.6174517464681806,51,10,True
ai_domains,Barack Obama,Jimmy Carter,0.8973397001246602,51,22,True
ai_domains,Barack Obama,Joe Biden,0.94738814606554,51,28,True
ai_domains,Barack Obama,John Adams,0.6154201651610833,51,9,True
ai_domains,Barack Obama,John F. Kennedy,0.7376514962639447,51,44,True
ai_domains,Barack Obama,John Quincy Adams,0.5923332356510941,51,8,True
ai_domains,Barack Obama,John Tyler,0.5454675953360499,51,18,True
ai_domains,Barack Obama,Lyndon B. Johnson,0.8004749117744205,51,71,True
ai_domains,Barack Obama,Martin Van Buren,0.41802193836908663,51,10,True
ai_domains,Barack Obama,Millard Fillmore,0.5520285913719659,51,7,True
ai_domains,Barack Obama,Richard M. Nixon,0.7745210609024772,51,23,True
ai_domains,Barack Obama,Ronald Reagan,0.8358344364436193,51,60,True
ai_domains,Barack Obama,Rutherford B. Hayes,0.428160799652321,51,16,True
ai_domains,Barack Obama,Theodore Roosevelt,0.692993961643804,51,22,True
ai_domains,Barack Obama,Thomas Jefferson,0.5728988100841853,51,24,True
ai_domains,Barack Obama,Ulysses S. Grant,0.6124385468064263,51,32,True
ai_domains,Barack Obama,Warren G. Harding,0.8981096461877295,51,18,True
ai_domains,Barack Obama,William Harrison,0.1845863919619613,51,1,False
ai_domains,Barack Obama,William McKinley,0.5728806930335839,51,14,True
ai_domains,Barack Obama,William Taft,0.47490797240590704,51,12,True
ai_domains,Barack Obama,Woodrow Wilson,0.745379767217087,51,33,True
ai_domains,Barack Obama,Zachary Taylor,0.5412134528290229,51,4,False
ai_domains,Benjamin Harrison,Bill Clinton,0.5630474090116205,16,39,True
ai_domains,Benjamin Harrison,Calvin Coolidge,0.7802274155853723,16,12,True
ai_domains,Benjamin Harrison,Chester A. Arthur,0.9337594009437935,16,11,True
ai_domains,Benjamin Harrison,Donald Trump,0.6823682567332119,16,53,True
ai_domains,Benjamin Harrison,Dwight D. Eisenhower,0.8023394315479072,16,15,True
ai_domains,Benjamin Harrison,Franklin D. Roosevelt,0.517403210591878,16,49,True
ai_domains,Benjamin Harrison,Franklin Pierce,0.8388818080579143,16,15,True
ai_domains,Benjamin Harrison,George H. W. Bush,0.7157670665087296,16,23,True
ai_domains,Benjamin Harrison,George W. Bush,0.558914596401322,16,38,True
ai_domains,Benjamin Harrison,George Washington,0.7344919719969646,16,21,True
ai_domains,Benjamin Harrison,Gerald Ford,0.7818203054750745,16,14,True
ai_domains,Benjamin Harrison,Grover Cleveland,0.9208521811622951,16,32,True
ai_domains,Benjamin Harrison,Harry S. Truman,0.7221789330710114,16,19,True
ai_domains,Benjamin Harrison,Herbert Hoover,0.6662952968368484,16,30,True
ai_domains,Benjamin Harrison,James A. Garfield,0.49888389945563955,16,1,False
ai_domains,Benjamin Harrison,James Buchanan,0.8333896503424273,16,14,True
ai_domains,Benjamin Harrison,James K. Polk,0.8451730597026753,16,25,True
ai_domains,Benjamin Harrison,James Madison,0.6672470300629619,16,21,True
ai_domains,Benjamin Harrison,James Monroe,0.8548987770653862,16,10,True
ai_domains,Benjamin Harrison,Jimmy Carter,0.7540750609246099,16,22,True
ai_domains,Benjamin Harrison,Joe Biden,0.7375950571999554,16,28,True
ai_domains,Benjamin Harrison,John Adams,0.7327966501632259,16,9,True
ai_domains,Benjamin Harrison,John F. Kennedy,0.7553525594971936,16,44,True
ai_domains,Benjamin Harrison,John Quincy Adams,0.9055293064764145,16,8,True
ai_domains,Benjamin Harrison,John Tyler,0.8786365472384956,16,18,True
ai_domains,Benjamin Harrison,Lyndon B. Johnson,0.6630873686839992,16,71,True
ai_domains,Benjamin Harrison,Martin Van Buren,0.6749710824191155,16,10,True
ai_domains,Benjamin Harrison,Millard Fillmore,0.9148001034388789,16,7,True
ai_domains,Benjamin Harrison,Richard M. Nixon,0.642246549620464,16,23,True
ai_domains,Benjamin Harrison,Ronald Reagan,0.7153552003616769,16,60,True
ai_domains,Benjamin Harrison,Rutherford B. Hayes,0.7922134293006022,16,16,True
ai_domains,Benjamin Harrison,Theodore Roosevelt,0.9402633771383331,16,22,True
ai_domains,Benjamin Harrison,Thomas Jefferson,0.7497303609530679,16,24,True
ai_domains,Benjamin Harrison,Ulysses S. Grant,0.9019384009369341,16,32,True
ai_domains,Benjamin Harrison,Warren G. Harding,0.7647289265950636,16,18,True
ai_domains,Benjamin Harrison,William Harrison,0.4593696536125213,16,1,False
ai_domains,Benjamin Harrison,William McKinley,0.9134651953149441,16,14,True
ai_domains,Benjamin Harrison,William Taft,0.9266370737163288,16,12,True
ai_domains,Benjamin Harrison,Woodrow Wilson,0.7484211076175288,16,33,True
ai_domains,Benjamin Harrison,Zachary Taylor,0.866241225021399,16,4,False
ai_domains,Bill Clinton,Calvin Coolidge,0.6552234046714258,39,12,True
ai_domains,Bill Clinton,Chester A. Arthur,0.5006021751373674,39,11,True
ai_domains,Bill Clinton,Donald Trump,0.8739280131064819,39,53,True
ai_domains,Bill Clinton,Dwight D. Eisenhower,0.7411655764513082,39,15,True
ai_domains,Bill Clinton,Franklin D. Roosevelt,0.7409205499360711,39,49,True
ai_domains,Bill Clinton,Franklin Pierce,0.4720310153911085,39,15,True
ai_domains,Bill Clinton,George H. W. Bush,0.7922359383491666,39,23,True
ai_domains,Bill Clinton,George W. Bush,0.7411608681450271,39,38,True
ai_domains,Bill Clinton,George Washington,0.46729419055629007,39,21,True
ai_domains,Bill Clinton,Gerald Ford,0.7578654383881857,39,14,True
ai_domains,Bill Clinton,Grover Cleveland,0.5050093070817183,39,32,True
ai_domains,Bill Clinton,Harry S. Truman,0.6529219417485329,39,19,True
ai_domains,Bill Clinton,Herbert Hoover,0.8686747784133226,39,30,True
ai_domains,Bill Clinton,James A. Garfield,0.292472164483327,39,1,False
ai_domains,Bill Clinton,James Buchanan,0.4516312468203577,39,14,True
ai_domains,Bill Clinton,James K. Polk,0.4843685883330464,39,25,True
ai_domains,Bill Clinton,James Madison,0.49629025748671635,39,21,True
ai_domains,Bill Clinton,James Monroe,0.5177377563908977,39,10,True
ai_domains,Bill Clinton,Jimmy Carter,0.8231316347914264,39,22,True
ai_domains,Bill Clinton,Joe Biden,0.9104479226669012,39,28,True
ai_domains,Bill Clinton,John Adams,0.5389179124556007,39,9,True
ai_domains,Bill Clinton,John F. Kennedy,0.6642592211159413,39,44,True
ai_domains,Bill Clinton,John Quincy Adams,0.49987604214810466,39,8,True
ai_domains,Bill Clinton,John Tyler,0.45927227166319917,39,18,True
ai_domains,Bill Clinton,Lyndon B. Johnson,0.701929855538036,39,71,True
ai_domains,Bill Clinton,Martin Van Buren,0.342715833870212,39,10,True
ai_domains,Bill Clinton,Millard Fillmore,0.49870553913820426,39,7,True
ai_domains,Bill Clinton,Richard M. Nixon,0.6793907945401046,39,23,True
ai_domains,Bill Clinton,Ronald Reagan,0.7693432602519003,39,60,True
ai_domains,Bill Clinton,Rutherford B. Hayes,0.3801490608534435,39,16,True
ai_domains,Bill Clinton,Theodore Roosevelt,0.6419976362415558,39,22,True
ai_domains,Bill Clinton,Thomas Jefferson,0.49927538915261477,39,24,True
ai_domains,Bill Clinton,Ulysses S. Grant,0.5446389969475756,39,32,True
ai_domains,Bill Clinton,Warren G. Harding,0.8324319798696855,39,18,True
ai_domains,Bill Clinton,William Harrison,0.14775851067370926,39,1,False
ai_domains,Bill Clinton,William McKinley,0.4910991958441396,39,14,True
ai_domains,Bill Clinton,William Taft,0.42427737386460035,39,12,True
ai_domains,Bill Clinton,Woodrow Wilson,0.6401944692587249,39,33,True
ai_domains,Bill Clinton,Zachary Taylor,0.4639983013276465,39,4,False
ai_domains,Calvin Coolidge,Chester A. Arthur,0.8082426910073035,12,11,True
ai_domains,Calvin Coolidge,Donald Trump,0.7236882739445806,12,53,True
ai_domains,Calvin Coolidge,Dwight D. Eisenhower,0.8046160435090981,12,15,True
ai_domains,Calvin Coolidge,Franklin D. Roosevelt,0.6593895981464059,12,49,True
ai_domains,Calvin Coolidge,Franklin Pierce,0.7940992559014244,12,15,True
ai_domains,Calvin Coolidge,George H. W. Bush,0.7275410337690561,12,23,True
ai_domains,Calvin Coolidge,George W. Bush,0.6867891576950097,12,38,True
ai_domains,Calvin Coolidge,George Washington,0.6901915570606463,12,21,True
ai_domains,Calvin Coolidge,Gerald Ford,0.8964274270095884,12,14,True
ai_domains,Calvin Coolidge,Grover Cleveland,0.743098767866886,12,32,True
ai_domains,Calvin Coolidge,Harry S. Truman,0.6605314426936596,12,19,True
ai_domains,Calvin Coolidge,Herbert Hoover,0.7037807708590702,12,30,True
ai_domains,Calvin Coolidge,James A. Garfield,0.548853352912905,12,1,False
ai_domains,Calvin Coolidge,James Buchanan,0.7170571359446326,12,14,True
ai_domains,Calvin Coolidge,James K. Polk,0.7832862613847565,12,25,True
ai_domains,Calvin Coolidge,James Madison,0.6927042821183562,12,21,True
ai_domains,Calvin Coolidge,James Monroe,0.7747458382836697,12,10,True
ai_domains,Calvin Coolidge,Jimmy Carter,0.8230245901827483,12,22,True
ai_domains,Calvin Coolidge,Joe Biden,0.7885379956957057,12,28,True
ai_domains,Calvin Coolidge,John Adams,0.7194182173275556,12,9,True
ai_domains,Calvin Coolidge,John F. Kennedy,0.6878416422283352,12,44,True
ai_domains,Calvin Coolidge,John Quincy Adams,0.8289259625028145,12,8,True
ai_domains,Calvin Coolidge,John Tyler,0.7282219976667522,12,18,True
ai_domains,Calvin Coolidge,Lyndon B. Johnson,0.7174712826644818,12,71,True
ai_domains,Calvin Coolidge,Martin Van Buren,0.5701979941437001,12,10,True
ai_domains,Calvin Coolidge,Millard Fillmore,0.8163760668750419,12,7,True
ai_domains,Calvin Coolidge,Richard M. Nixon,0.7818347556233624,12,23,True
ai_domains,Calvin Coolidge,Ronald Reagan,0.773399652925459,12,60,True
ai_domains,Calvin Coolidge,Rutherford B. Hayes,0.7006038761836312,12,16,True
ai_domains,Calvin Coolidge,Theodore Roosevelt,0.8432109887628322,12,22,True
ai_domains,Calvin Coolidge,Thomas Jefferson,0.7333291960472117,12,24,True
ai_domains,Calvin Coolidge,Ulysses S. Grant,0.7494992793438179,12,32,True
ai_domains,Calvin Coolidge,Warren G. Harding,0.8932745019559668,12,18,True
ai_domains,Calvin Coolidge,William Harrison,0.420552521272573,12,1,False
ai_domains,Calvin Coolidge,William McKinley,0.7575547356971635,12,14,True
ai_domains,Calvin Coolidge,William Taft,0.6948096304548048,12,12,True
ai_domains,Calvin Coolidge,Woodrow Wilson,0.7863101849516989,12,33,True
ai_domains,Calvin Coolidge,Zachary Taylor,0.7813326293945201,12,4,False
ai_domains,Chester A. Arthur,Donald Trump,0.6523077900685355,11,53,True
ai_domains,Chester A. Arthur,Dwight D. Eisenhower,0.815702200414011,11,15,True
ai_domains,Chester A. Arthur,Franklin D. Roosevelt,0.48638549360050204,11,49,True
ai_domains,Chester A. Arthur,Franklin Pierce,0.9353879664635346,11,15,True
ai_domains,Chester A. Arthur,George H. W. Bush,0.7175412481099817,11,23,True
ai_domains,Chester A. Arthur,George W. Bush,0.5816556293431818,11,38,True
ai_domains,Chester A. Arthur,George Washington,0.7932036901013453,11,21,True
ai_domains,Chester A. Arthur,Gerald Ford,0.8157603256333485,11,14,True
ai_domains,Chester A. Arthur,Grover Cleveland,0.9208121449400475,11,32,True
ai_domains,Chester A. Arthur,Harry S. Truman,0.7145692723083893,11,19,True
ai_domains,Chester A. Arthur,Herbert Hoover,0.5487488922077448,11,30,True
ai_domains,Chester A. Arthur,James A. Garfield,0.5694518144740076,11,1,False
ai_domains,Chester A. Arthur,James Buchanan,0.8921852660181107,11,14,True
ai_domains,Chester A. Arthur,James K. Polk,0.882848414513754,11,25,True
ai_domains,Chester A. Arthur,James Madison,0.7286811342979569,11,21,True
ai_domains,Chester A. Arthur,James Monroe,0.8971836168452301,11,10,True
ai_domains,Chester A. Arthur,Jimmy Carter,0.7793262053712218,11,22,True
ai_domains,Chester A. Arthur,Joe Biden,0.7178492058565993,11,28,True
ai_domains,Chester A. Arthur,John Adams,0.7922548008291003,11,9,True
ai_domains,Chester A. Arthur,John F. Kennedy,0.7640971486259,11,44,True
ai_domains,Chester A. Arthur,John Quincy Adams,0.9199238339715633,11,8,True
ai_domains,Chester A. Arthur,John Tyler,0.9029030800485981,11,18,True
ai_domains,Chester A. Arthur,Lyndon B. Johnson,0.7043295191046106,11,71,True
ai_domains,Chester A. Arthur,Martin Van Buren,0.6936789020182935,11,10,True
ai_domains,Chester A. Arthur,Millard Fillmore,0.9706466237305484,11,7,True
ai_domains,Chester A. Arthur,Richard M. Nixon,0.678322948574485,11,23,True
ai_domains,Chester A. Arthur,Ronald Reagan,0.7446511134421833,11,60,True
ai_domains,Chester A. Arthur,Rutherford B. Hayes,0.8655842945344522,11,16,True
ai_domains,Chester A. Arthur,Theodore Roosevelt,0.8578352940722197,11,22,True
ai_domains,Chester A. Arthur,Thomas Jefferson,0.8176047947509901,11,24,True
ai_domains,Chester A. Arthur,Ulysses S. Grant,0.9553848395169188,11,32,True
ai_domains,Chester A. Arthur,Warren G. Harding,0.7156613555873795,11,18,True
ai_domains,Chester A. Arthur,William Harrison,0.49492901845541054,11,1,False
ai_domains,Chester A. Arthur,William McKinley,0.936089517576458,11,14,True
ai_domains,Chester A. Arthur,William Taft,0.8374961795157514,11,12,True
ai_domains,Chester A. Arthur,Woodrow Wilson,0.7402907369518195,11,33,True
ai_domains,Chester A. Arthur,Zachary Taylor,0.935124002685276,11,4,False
ai_domains,Donald Trump,Dwight D. Eisenhower,0.7748133291634316,53,15,True
ai_domains,Donald Trump,Franklin D. Roosevelt,0.775536161847848,53,49,True
ai_domains,Donald Trump,Franklin Pierce,0.6489618948343756,53,15,True
ai_domains,Donald Trump,George H. W. Bush,0.8656144647494772,53,23,True
ai_domains,Donald Trump,George W. Bush,0.8200524205076558,53,38,True
ai_domains,Donald Trump,George Washington,0.5693199699175601,53,21,True
ai_domains,Donald Trump,Gerald Ford,0.8137322103421462,53,14,True
ai_domains,Donald Trump,Grover Cleveland,0.6128389651975183,53,32,True
ai_domains,Donald Trump,Harry S. Truman,0.7867681109201362,53,19,True
ai_domains,Donald Trump,Herbert Hoover,0.7944735640138617,53,30,True
ai_domains,Donald Trump,James A. Garfield,0.41814314835345606,53,1,False
ai_domains,Donald Trump,James Buchanan,0.6165066910012692,53,14,True
ai_domains,Donald Trump,James K. Polk,0.666481706995244,53,25,True
ai_domains,Donald Trump,James Madison,0.6540683448854285,53,21,True
ai_domains,Donald Trump,James Monroe,0.6546482240813174,53,10,True
ai_domains,Donald Trump,Jimmy Carter,0.8851709926961571,53,22,True
ai_domains,Donald Trump,Joe Biden,0.9261714363836384,53,28,True
ai_domains,Donald Trump,John Adams,0.6356652402522571,53,9,True
ai_domains,Donald Trump,John F. Kennedy,0.7271203068232324,53,44,True
ai_domains,Donald Trump,John Quincy Adams,0.6450402926068673,53,8,True
ai_domains,Donald Trump,John Tyler,0.5612767680505995,53,18,True
ai_domains,Donald Trump,Lyndon B. Johnson,0.8415843145151267,53,71,True
ai_domains,Donald Trump,Martin Van Buren,0.3982482086578204,53,10,True
ai_domains,Donald Trump,Millard Fillmore,0.6513676830579486,53,7,True
ai_domains,Donald Trump,Richard M. Nixon,0.8385235531362698,53,23,True
ai_domains,Donald Trump,Ronald Reagan,0.8105867309155126,53,60,True
ai_domains,Donald Trump,Rutherford B. Hayes,0.5311869105720982,53,16,True
ai_domains,Donald Trump,Theodore Roosevelt,0.737468445099477,53,22,True
ai_domains,Donald Trump,Thomas Jefferson,0.63624614142712,53,24,True
ai_domains,Donald Trump,Ulysses S. Grant,0.6836171535662415,53,32,True
ai_domains,Donald Trump,Warren G. Harding,0.8588795489902943,53,18,True
ai_domains,Donald Trump,William Harrison,0.30668294391690865,53,1,False
ai_domains,Donald Trump,William McKinley,0.6294410324760604,53,14,True
ai_domains,Donald Trump,William Taft,0.5537694935903544,53,12,True
ai_domains,Donald Trump,Woodrow Wilson,0.7742488925708144,53,33,True
ai_domains,Donald Trump,Zachary Taylor,0.6057167963692734,53,4,False
ai_domains,Dwight D. Eisenhower,Franklin D. Roosevelt,0.7197914089517581,15,49,True
ai_domains,Dwight D. Eisenhower,Franklin Pierce,0.8037941067799556,15,15,True
ai_domains,Dwight D. Eisenhower,George H. W. Bush,0.9552270609657717,15,23,True
ai_domains,Dwight D. Eisenhower,George W. Bush,0.7972685659862907,15,38,True
ai_domains,Dwight D. Eisenhower,George Washington,0.6263746237321381,15,21,True
ai_domains,Dwight D. Eisenhower,Gerald Ford,0.9587895559583439,15,14,True
ai_domains,Dwight D. Eisenhower,Grover Cleveland,0.7896266555134035,15,32,True
ai_domains,Dwight D. Eisenhower,Harry S. Truman,0.9291597237742877,15,19,True
ai_domains,Dwight D. Eisenhower,Herbert Hoover,0.6708093975160561,15,30,True
ai_domains,Dwight D. Eisenhower,James A. Garfield,0.2453162744498727,15,1,False
ai_domains,Dwight D. Eisenhower,James Buchanan,0.6686499505641248,15,14,True
ai_domains,Dwight D. Eisenhower,James K. Polk,0.8341472100703586,15,25,True
ai_domains,Dwight D. Eisenhower,James Madison,0.8190178896404415,15,21,True
ai_domains,Dwight D. Eisenhower,James Monroe,0.9200908540429354,15,10,True
ai_domains,Dwight D. Eisenhower,Jimmy Carter,0.9419391709808371,15,22,True
ai_domains,Dwight D. Eisenhower,Joe Biden,0.8968918841160791,15,28,True
ai_domains,Dwight D. Eisenhower,John Adams,0.8947888424256711,15,9,True
ai_domains,Dwight D. Eisenhower,John F. Kennedy,0.9625165773624715,15,44,True
ai_domains,Dwight D. Eisenhower,John Quincy Adams,0.8394843009653594,15,8,True
ai_domains,Dwight D. Eisenhower,John Tyler,0.8450702640732194,15,18,True
ai_domains,Dwight D. Eisenhower,Lyndon B. Johnson,0.8808214976326361,15,71,True
ai_domains,Dwight D. Eisenhower,Martin Van Buren,0.5460151820300098,15,10,True
ai_domains,Dwight D. Eisenhower,Millard Fillmore,0.8180267808254197,15,7,True
ai_domains,Dwight D. Eisenhower,Richard M. Nixon,0.796736034371294,15,23,True
ai_domains,Dwight D. Eisenhower,Ronald Reagan,0.9529633533105462,15,60,True
ai_domains,Dwight D. Eisenhower,Rutherford B. Hayes,0.561014744087189,15,16,True
ai_domains,Dwight D. Eisenhower,Theodore Roosevelt,0.7930656476980676,15,22,True
ai_domains,Dwight D. Eisenhower,Thomas Jefferson,0.7787407912630513,15,24,True
ai_domains,Dwight D. Eisenhower,Ulysses S. Grant,0.8439828302205904,15,32,True
ai_domains,Dwight D. Eisenhower,Warren G. Harding,0.8584656699740401,15,18,True
ai_domains,Dwight D. Eisenhower,William Harrison,0.19537712312327896,15,1,False
ai_domains,Dwight D. Eisenhower,William McKinley,0.8870937926325347,15,14,True
ai_domains,Dwight D. Eisenhower,William Taft,0.6626222426719244,15,12,True
ai_domains,Dwight D. Eisenhower,Woodrow Wilson,0.8624000940679208,15,33,True
ai_domains,Dwight D. Eisenhower,Zachary Taylor,0.8462420480128736,15,4,False
ai_domains,Franklin D. Roosevelt,Franklin Pierce,0.45273124939242415,49,15,True
ai_domains,Franklin D. Roosevelt,George H. W. Bush,0.8046523962285171,49,23,True
ai_domains,Franklin D. Roosevelt,George W. Bush,0.962704856826652,49,38,True
ai_domains,Franklin D. Roosevelt,George Washington,0.49604648973218746,49,21,True
ai_domains,Franklin D. Roosevelt,Gerald Ford,0.7448403886756272,49,14,True
ai_domains,Franklin D. Roosevelt,Grover Cleveland,0.5582625621485742,49,32,True
ai_domains,Franklin D. Roosevelt,Harry S. Truman,0.7027512828970193,49,19,True
ai_domains,Franklin D. Roosevelt,Herbert Hoover,0.6946291876676645,49,30,True
ai_domains,Franklin D. Roosevelt,James A. Garfield,0.19635312698441634,49,1,False
ai_domains,Franklin D. Roosevelt,James Buchanan,0.3904284726205244,49,14,True
ai_domains,Franklin D. Roosevelt,James K. Polk,0.7390090439018113,49,25,True
ai_domains,Franklin D. Roosevelt,James Madison,0.8330699225427511,49,21,True
ai_domains,Franklin D. Roosevelt,James Monroe,0.6365005943604918,49,10,True
ai_domains,Franklin D. Roosevelt,Jimmy Carter,0.7162583855933118,49,22,True
ai_domains,Franklin D. Roosevelt,Joe Biden,0.7570169194162375,49,28,True
ai_domains,Franklin D. Roosevelt,John Adams,0.5840354029782141,49,9,True
ai_domains,Franklin D. Roosevelt,John F. Kennedy,0.5832365433290618,49,44,True
ai_domains,Franklin D. Roosevelt,John Quincy Adams,0.5995641453315723,49,8,True
ai_domains,Franklin D. Roosevelt,John Tyler,0.45715628179159723,49,18,True
ai_domains,Franklin D. Roosevelt,Lyndon B. Johnson,0.8921099108516937,49,71,True
ai_domains,Franklin D. Roosevelt,Martin Van Buren,0.3820843525648344,49,10,True
ai_domains,Franklin D. Roosevelt,Millard Fillmore,0.49349649272587576,49,7,True
ai_domains,Franklin D. Roosevelt,Richard M. Nixon,0.9087371455359996,49,23,True
ai_domains,Franklin D. Roosevelt,Ronald Reagan,0.7037115237052376,49,60,True
ai_domains,Franklin D. Roosevelt,Rutherford B. Hayes,0.382719949905851,49,16,True
ai_domains,Franklin D. Roosevelt,Theodore Roosevelt,0.6634663421784965,49,22,True
ai_domains,Franklin D. Roosevelt,Thomas Jefferson,0.6668428096283097,49,24,True
ai_domains,Franklin D. Roosevelt,Ulysses S. Grant,0.47522423900136906,49,32,True
ai_domains,Franklin D. Roosevelt,Warren G. Harding,0.8586297254437238,49,18,True
ai_domains,Franklin D. Roosevelt,William Harrison,0.1964428808131345,49,1,False
ai_domains,Franklin D. Roosevelt,William McKinley,0.5478246255755558,49,14,True
ai_domains,Franklin D. Roosevelt,William Taft,0.4618973130181565,49,12,True
ai_domains,Franklin D. Roosevelt,Woodrow Wilson,0.8831467545366116,49,33,True
ai_domains,Franklin D. Roosevelt,Zachary Taylor,0.45853918029386476,49,4,False
ai_domains,Franklin Pierce,George H. W. Bush,0.7011144075705635,15,23,True
ai_domains,Franklin Pierce,George W. Bush,0.5564908685897653,15,38,True
ai_domains,Franklin Pierce,George Washington,0.7311257626268436,15,21,True
ai_domains,Franklin Pierce,Gerald Ford,0.8103179923126692,15,14,True
ai_domains,Franklin Pierce,Grover Cleveland,0.7909356184036719,15,32,True
ai_domains,Franklin Pierce,Harry S. Truman,0.7321584775246391,15,19,True
ai_domains,Franklin Pierce,Herbert Hoover,0.43714506822383653,15,30,True
ai_domains,Franklin Pierce,James A. Garfield,0.6228699415003761,15,1,False
ai_domains,Franklin Pierce,James Buchanan,0.9279161212620034,15,14,True
ai_domains,Franklin Pierce,James K. Polk,0.8310866649638919,15,25,True
ai_domains,Franklin Pierce,James Madison,0.6679453781410096,15,21,True
ai_domains,Franklin Pierce,James Monroe,0.833135648012432,15,10,True
ai_domains,Franklin Pierce,Jimmy Carter,0.7761278616910281,15,22,True
ai_domains,Franklin Pierce,Joe Biden,0.7535058563084207,15,28,True
ai_domains,Franklin Pierce,John Adams,0.7913769594604878,15,9,True
ai_domains,Franklin Pierce,John F. Kennedy,0.7666323077742079,15,44,True
ai_domains,Franklin Pierce,John Quincy Adams,0.8228858978750164,15,8,True
ai_domains,Franklin Pierce,John Tyler,0.8334196706162115,15,18,True
ai_domains,Franklin Pierce,Lyndon B. Johnson,0.6893791834446077,15,71,True
ai_domains,Franklin Pierce,Martin Van Buren,0.5537413899542937,15,10,True
ai_domains,Franklin Pierce,Millard Fillmore,0.9600061074882592,15,7,True
ai_domains,Franklin Pierce,Richard M. Nixon,0.6852046324910311,15,23,True
ai_domains,Franklin Pierce,Ronald Reagan,0.727906572326507,15,60,True
ai_domains,Franklin Pierce,Rutherford B. Hayes,0.8576859121276833,15,16,True
ai_domains,Franklin Pierce,Theodore Roosevelt,0.7927970803155368,15,22,True
ai_domains,Franklin Pierce,Thomas Jefferson,0.7407681659852179,15,24,True
ai_domains,Franklin Pierce,Ulysses S. Grant,0.8969961385906026,15,32,True
ai_domains,Franklin Pierce,Warren G. Harding,0.7029582678196247,15,18,True
ai_domains,Franklin Pierce,William Harrison,0.582891297047052,15,1,False
ai_domains,Franklin Pierce,William McKinley,0.9085841221692654,15,14,True
ai_domains,Franklin Pierce,William Taft,0.6976831637793007,15,12,True
ai_domains,Franklin Pierce,Woodrow Wilson,0.6821625013943389,15,33,True
ai_domains,Franklin Pierce,Zachary Taylor,0.9723829791072385,15,4,False
ai_domains,George H. W. Bush,George W. Bush,0.866916384524884,23,38,True
ai_domains,George H. W. Bush,George Washington,0.5961919525405079,23,21,True
ai_domains,George H. W. Bush,Gerald Ford,0.927305176634057,23,14,True
ai_domains,George H. W. Bush,Grover Cleveland,0.7109585289424777,23,32,True
ai_domains,George H. W. Bush,Harry S. Truman,0.9563549380021055,23,19,True
ai_domains,George H. W. Bush,Herbert Hoover,0.7006925345700079,23,30,True
ai_domains,George H. W. Bush,James A. Garfield,0.1914605508800396,23,1,False
ai_domains,George H. W. Bush,James Buchanan,0.5808586318649673,23,14,True
ai_domains,George H. W. Bush,James K. Polk,0.7991198259457717,23,25,True
ai_domains,George H. W. Bush,James Madison,0.8336856831444319,23,21,True
ai_domains,George H. W. Bush,James Monroe,0.8635614210343513,23,10,True
ai_domains,George H. W. Bush,Jimmy Carter,0.9479845353120939,23,22,True
ai_domains,George H. W. Bush,Joe Biden,0.9020196397643048,23,28,True
ai_domains,George H. W. Bush,John Adams,0.8517512425044078,23,9,True
ai_domains,George H. W. Bush,John F. Kennedy,0.9297239759022736,23,44,True
ai_domains,George H. W. Bush,John Quincy Adams,0.7633863334135597,23,8,True
ai_domains,George H. W. Bush,John Tyler,0.7532958466457715,23,18,True
ai_domains,George H. W. Bush,Lyndon B. Johnson,0.9307177544636807,23,71,True
ai_domains,George H. W. Bush,Martin Van Buren,0.48625006960217565,23,10,True
ai_domains,George H. W. Bush,Millard Fillmore,0.7221801209767953,23,7,True
ai_domains,George H. W. Bush,Richard M. Nixon,0.8621712328747659,23,23,True
ai_domains,George H. W. Bush,Ronald Reagan,0.9586893492064466,23,60,True
ai_domains,George H. W. Bush,Rutherford B. Hayes,0.47328016447681204,23,16,True
ai_domains,George H. W. Bush,Theodore Roosevelt,0.7195122602253786,23,22,True
ai_domains,George H. W. Bush,Thomas Jefferson,0.762082087061654,23,24,True
ai_domains,George H. W. Bush,Ulysses S. Grant,0.7485894549318894,23,32,True
ai_domains,George H. W. Bush,Warren G. Harding,0.8522407544525168,23,18,True
ai_domains,George H. W. Bush,William Harrison,0.17336301265870954,23,1,False
ai_domains,George H. W. Bush,William McKinley,0.8062115012161941,23,14,True
ai_domains,George H. W. Bush,William Taft,0.5720344483612342,23,12,True
ai_domains,George H. W. Bush,Woodrow Wilson,0.8763495676696502,23,33,True
ai_domains,George H. W. Bush,Zachary Taylor,0.7355308983769748,23,4,False
ai_domains,George W. Bush,George Washington,0.5345914778553559,38,21,True
ai_domains,George W. Bush,Gerald Ford,0.807440890495199,38,14,True
ai_domains,George W. Bush,Grover Cleveland,0.6103241465859947,38,32,True
ai_domains,George W. Bush,Harry S. Truman,0.7853252221763707,38,19,True
ai_domains,George W. Bush,Herbert Hoover,0.635034628526739,38,30,True
ai_domains,George W. Bush,James A. Garfield,0.21507910308858222,38,1,False
ai_domains,George W. Bush,James Buchanan,0.4636126353769974,38,14,True
ai_domains,George W. Bush,James K. Polk,0.7897865085561036,38,25,True
ai_domains,George W. Bush,James Madison,0.9009148405987646,38,21,True
ai_domains,George W. Bush,James Monroe,0.7342579646628891,38,10,True
ai_domains,George W. Bush,Jimmy Carter,0.7804643329876526,38,22,True
ai_domains,George W. Bush,Joe Biden,0.8134615853874172,38,28,True
ai_domains,George W. Bush,John Adams,0.7012719043885465,38,9,True
ai_domains,George W. Bush,John F. Kennedy,0.6963128486513952,38,44,True
ai_domains,George W. Bush,John Quincy Adams,0.6717935760669239,38,8,True
ai_domains,George W. Bush,John Tyler,0.5355252699825099,38,18,True
ai_domains,George W. Bush,Lyndon B. Johnson,0.9629777076840678,38,71,True
ai_domains,George W. Bush,Martin Van Buren,0.3973868908752971,38,10,True
ai_domains,George W. Bush,Millard Fillmore,0.5717425547292727,38,7,True
ai_domains,George W. Bush,Richard M. Nixon,0.9299008116730525,38,23,True
ai_domains,George W. Bush,Ronald Reagan,0.7966845951452278,38,60,True
ai_domains,George W. Bush,Rutherford B. Hayes,0.41431876944575974,38,16,True
ai_domains,George W. Bush,Theodore Roosevelt,0.670566119919686,38,22,True
ai_domains,George W. Bush,Thomas Jefferson,0.7313408258454375,38,24,True
ai_domains,George W. Bush,Ulysses S. Grant,0.6061949184953253,38,32,True
ai_domains,George W. Bush,Warren G. Harding,0.8615266042482981,38,18,True
ai_domains,George W. Bush,William Harrison,0.14334081992704964,38,1,False
ai_domains,George W. Bush,William McKinley,0.6267575205328523,38,14,True
ai_domains,George W. Bush,William Taft,0.49104927009524885,38,12,True
ai_domains,George W. Bush,Woodrow Wilson,0.9274272766910003,38,33,True
ai_domains,George W. Bush,Zachary Taylor,0.5457188977282627,38,4,False
ai_domains,George Washington,Gerald Ford,0.6918639817922612,21,14,True
ai_domains,George Washington,Grover Cleveland,0.7493299280441378,21,32,True
ai_domains,George Washington,Harry S. Truman,0.5789993850623683,21,19,True
ai_domains,George Washington,Herbert Hoover,0.4306264970022664,21,30,True
ai_domains,George Washington,James A. Garfield,0.577675309908566,21,1,False
ai_domains,George Washington,James Buchanan,0.754684000306965,21,14,True
ai_domains,George Washington,James K. Polk,0.759715513505391,21,25,True
ai_domains,George Washington,James Madison,0.6639245776720882,21,21,True
ai_domains,George Washington,James Monroe,0.7372541299072715,21,10,True
ai_domains,George Washington,Jimmy Carter,0.5973487228702071,21,22,True
ai_domains,George Washington,Joe Biden,0.597440344095567,21,28,True
ai_domains,George Washington,John Adams,0.7020632155958824,21,9,True
ai_domains,George Washington,John F. Kennedy,0.5638347066698566,21,44,True
ai_domains,George Washington,John Quincy Adams,0.736685087011631,21,8,True
ai_domains,George Washington,John Tyler,0.712945492689653,21,18,True
ai_domains,George Washington,Lyndon B. Johnson,0.5875368519788506,21,71,True
ai_domains,George Washington,Martin Van Buren,0.6393636911927175,21,10,True
ai_domains,George Washington,Millard Fillmore,0.8297252368050685,21,7,True
ai_domains,George Washington,Richard M. Nixon,0.6948735833873816,21,23,True
ai_domains,George Washington,Ronald Reagan,0.6474083222816451,21,60,True
ai_domains,George Washington,Rutherford B. Hayes,0.8024256128661723,21,16,True
ai_domains,George Washington,Theodore Roosevelt,0.645932998107721,21,22,True
ai_domains,George Washington,Thomas Jefferson,0.9110075028256632,21,24,True
ai_domains,George Washington,Ulysses S. Grant,0.7076470006520265,21,32,True
ai_domains,George Washington,Warren G. Harding,0.6637581103014585,21,18,True
ai_domains,George Washington,William Harrison,0.5795377816831242,21,1,False
ai_domains,George Washington,William McKinley,0.7375697460024668,21,14,True
ai_domains,George Washington,William Taft,0.5637143434993436,21,12,True
ai_domains,George Washington,Woodrow Wilson,0.6314280279018561,21,33,True
ai_domains,George Washington,Zachary Taylor,0.7388239971359287,21,4,False
ai_domains,Gerald Ford,Grover Cleveland,0.7618969984819498,14,32,True
ai_domains,Gerald Ford,Harry S. Truman,0.8817144269615059,14,19,True
ai_domains,Gerald Ford,Herbert Hoover,0.7223440241412642,14,30,True
ai_domains,Gerald Ford,James A. Garfield,0.34586637855454,14,1,False
ai_domains,Gerald Ford,James Buchanan,0.671792091482085,14,14,True
ai_domains,Gerald Ford,James K. Polk,0.8234178836382109,14,25,True
ai_domains,Gerald Ford,James Madison,0.8096700530653225,14,21,True
ai_domains,Gerald Ford,James Monroe,0.8922247908083969,14,10,True
ai_domains,Gerald Ford,Jimmy Carter,0.9566867938955425,14,22,True
ai_domains,Gerald Ford,Joe Biden,0.8966251914138494,14,28,True
ai_domains,Gerald Ford,John Adams,0.8723151067721104,14,9,True
ai_domains,Gerald Ford,John F. Kennedy,0.90184179803527,14,44,True
ai_domains,Gerald Ford,John Quincy Adams,0.8580143932599059,14,8,True
ai_domains,Gerald Ford,John Tyler,0.8132621798934552,14,18,True
ai_domains,Gerald Ford,Lyndon B. Johnson,0.8603354933790093,14,71,True
ai_domains,Gerald Ford,Martin Van Buren,0.5587209809200387,14,10,True
ai_domains,Gerald Ford,Millard Fillmore,0.8241466405526774,14,7,True
ai_domains,Gerald Ford,Richard M. Nixon,0.8611899081948765,14,23,True
ai_domains,Gerald Ford,Ronald Reagan,0.9495355894552209,14,60,True
ai_domains,Gerald Ford,Rutherford B. Hayes,0.5960381358008585,14,16,True
ai_domains,Gerald Ford,Theodore Roosevelt,0.8035341202974424,14,22,True
ai_domains,Gerald Ford,Thomas Jefferson,0.7955859248473233,14,24,True
ai_domains,Gerald Ford,Ulysses S. Grant,0.8017027150163496,14,32,True
ai_domains,Gerald Ford,Warren G. Harding,0.9173814945591763,14,18,True
ai_domains,Gerald Ford,William Harrison,0.28669326293354847,14,1,False
ai_domains,Gerald Ford,William McKinley,0.8507661577637994,14,14,True
ai_domains,Gerald Ford,William Taft,0.6602582375561017,14,12,True
ai_domains,Gerald Ford,Woodrow Wilson,0.878883914572561,14,33,True
ai_domains,Gerald Ford,Zachary Taylor,0.8338163159996452,14,4,False
ai_domains,Grover Cleveland,Harry S. Truman,0.6942453031470848,32,19,True
ai_domains,Grover Cleveland,Herbert Hoover,0.6286556371860216,32,30,True
ai_domains,Grover Cleveland,James A. Garfield,0.5137693776454546,32,1,False
ai_domains,Grover Cleveland,James Buchanan,0.8032121557108062,32,14,True
ai_domains,Grover Cleveland,James K. Polk,0.8842097872310644,32,25,True
ai_domains,Grover Cleveland,James Madison,0.751476955429083,32,21,True
ai_domains,Grover Cleveland,James Monroe,0.8524455396258603,32,10,True
ai_domains,Grover Cleveland,Jimmy Carter,0.7159421670293515,32,22,True
ai_domains,Grover Cleveland,Joe Biden,0.6690201855546563,32,28,True
ai_domains,Grover Cleveland,John Adams,0.7458544782762361,32,9,True
ai_domains,Grover Cleveland,John F. Kennedy,0.7290579685423267,32,44,True
ai_domains,Grover Cleveland,John Quincy Adams,0.8462946270442468,32,8,True
ai_domains,Grover Cleveland,John Tyler,0.9383364931719039,32,18,True
ai_domains,Grover Cleveland,Lyndon B. Johnson,0.7011098426818181,32,71,True
ai_domains,Grover Cleveland,Martin Van Buren,0.8735241348656227,32,10,True
ai_domains,Grover Cleveland,Millard Fillmore,0.87212979126815,32,7,True
ai_domains,Grover Cleveland,Richard M. Nixon,0.6619193776669806,32,23,True
ai_domains,Grover Cleveland,Ronald Reagan,0.7196354487260589,32,60,True
ai_domains,Grover Cleveland,Rutherford B. Hayes,0.8133987666553484,32,16,True
ai_domains,Grover Cleveland,Theodore Roosevelt,0.8268052686472134,32,22,True
ai_domains,Grover Cleveland,Thomas Jefferson,0.7816814351666305,32,24,True
ai_domains,Grover Cleveland,Ulysses S. Grant,0.922630929437869,32,32,True
ai_domains,Grover Cleveland,Warren G. Harding,0.7106326114822857,32,18,True
ai_domains,Grover Cleveland,William Harrison,0.43633361432755086,32,1,False
ai_domains,Grover Cleveland,William McKinley,0.9017282750292628,32,14,True
ai_domains,Grover Cleveland,William Taft,0.818823336572367,32,12,True
ai_domains,Grover Cleveland,Woodrow Wilson,0.7550952464926075,32,33,True
ai_domains,Grover Cleveland,Zachary Taylor,0.8344952351834485,32,4,False
ai_domains,Harry S. Truman,Herbert Hoover,0.5511514076366307,19,30,True
ai_domains,Harry S. Truman,James A. Garfield,0.14974861342117593,19,1,False
ai_domains,Harry S. Truman,James Buchanan,0.5868989576050246,19,14,True
ai_domains,Harry S. Truman,James K. Polk,0.785772690084252,19,25,True
ai_domains,Harry S. Truman,James Madison,0.8084413460230846,19,21,True
ai_domains,Harry S. Truman,James Monroe,0.871747827810346,19,10,True
ai_domains,Harry S. Truman,Jimmy Carter,0.8824794422035572,19,22,True
ai_domains,Harry S. Truman,Joe Biden,0.8418947657686644,19,28,True
ai_domains,Harry S. Truman,John Adams,0.912606777787686,19,9,True
ai_domains,Harry S. Truman,John F. Kennedy,0.9570004068400111,19,44,True
ai_domains,Harry S. Truman,John Quincy Adams,0.7545701011681559,19,8,True
ai_domains,Harry S. Truman,John Tyler,0.7701676750026412,19,18,True
ai_domains,Harry S. Truman,Lyndon B. Johnson,0.8863811067461439,19,71,True
ai_domains,Harry S. Truman,Martin Van Buren,0.4449118138828195,19,10,True
ai_domains,Harry S. Truman,Millard Fillmore,0.7377002182574899,19,7,True
ai_domains,Harry S. Truman,Richard M. Nixon,0.8165939893856778,19,23,True
ai_domains,Harry S. Truman,Ronald Reagan,0.9272541741571938,19,60,True
ai_domains,Harry S. Truman,Rutherford B. Hayes,0.4624918546954623,19,16,True
ai_domains,Harry S. Truman,Theodore Roosevelt,0.6853900923666982,19,22,True
ai_domains,Harry S. Truman,Thomas Jefferson,0.740920233431914,19,24,True
ai_domains,Harry S. Truman,Ulysses S. Grant,0.7535578970700756,19,32,True
ai_domains,Harry S. Truman,Warren G. Harding,0.7749575843885131,19,18,True
ai_domains,Harry S. Truman,William Harrison,0.20201692524793238,19,1,False
ai_domains,Harry S. Truman,William McKinley,0.8441699989422883,19,14,True
ai_domains,Harry S. Truman,William Taft,0.5694976898702868,19,12,True
ai_domains,Harry S. Truman,Woodrow Wilson,0.8443271364315086,19,33,True
ai_domains,Harry S. Truman,Zachary Taylor,0.7885372103131706,19,4,False
ai_domains,Herbert Hoover,James A. Garfield,0.3257340630464107,30,1,False
ai_domains,Herbert Hoover,James Buchanan,0.4309348464857138,30,14,True
ai_domains,Herbert Hoover,James K. Polk,0.5200042660978288,30,25,True
ai_domains,Herbert Hoover,James Madison,0.4631454639855581,30,21,True
ai_domains,Herbert Hoover,James Monroe,0.5137814943466741,30,10,True
ai_domains,Herbert Hoover,Jimmy Carter,0.7860159468328,30,22,True
ai_domains,Herbert Hoover,Joe Biden,0.7783759436773091,30,28,True
ai_domains,Herbert Hoover,John Adams,0.4100162381236325,30,9,True
ai_domains,Herbert Hoover,John F. Kennedy,0.567519174404414,30,44,True
ai_domains,Herbert Hoover,John Quincy Adams,0.579568891782999,30,8,True
ai_domains,Herbert Hoover,John Tyler,0.5504285035877199,30,18,True
ai_domains,Herbert Hoover,Lyndon B. Johnson,0.5959548332893454,30,71,True
ai_domains,Herbert Hoover,Martin Van Buren,0.5551649213183796,30,10,True
ai_domains,Herbert Hoover,Millard Fillmore,0.4971081320546433,30,7,True
ai_domains,Herbert Hoover,Richard M. Nixon,0.6092453642873488,30,23,True
ai_domains,Herbert Hoover,Ronald Reagan,0.6581523899385041,30,60,True
ai_domains,Herbert Hoover,Rutherford B. Hayes,0.4378179798789218,30,16,True
ai_domains,Herbert Hoover,Theodore Roosevelt,0.7340145545884406,30,22,True
ai_domains,Herbert Hoover,Thomas Jefferson,0.45304971620183726,30,24,True
ai_domains,Herbert Hoover,Ulysses S. Grant,0.5418792847263043,30,32,True
ai_domains,Herbert Hoover,Warren G. Harding,0.8086262843337453,30,18,True
ai_domains,Herbert Hoover,William Harrison,0.2156354837071575,30,1,False
ai_domains,Herbert Hoover,William McKinley,0.5123778146323644,30,14,True
ai_domains,Herbert Hoover,William Taft,0.5979602972133875,30,12,True
ai_domains,Herbert Hoover,Woodrow Wilson,0.6313336109548002,30,33,True
ai_domains,Herbert Hoover,Zachary Taylor,0.4484629650827701,30,4,False
ai_domains,James A. Garfield,James Buchanan,0.8093057291195626,1,14,False
ai_domains,James A. Garfield,James K. Polk,0.4648366247799483,1,25,False
ai_domains,James A. Garfield,James Madison,0.22173977975650655,1,21,False
ai_domains,James A. Garfield,James Monroe,0.2796767281996534,1,10,False
ai_domains,James A. Garfield,Jimmy Carter,0.31575024329900037,1,22,False
ai_domains,James A. Garfield,Joe Biden,0.40870760972997994,1,28,False
ai_domains,James A. Garfield,John Adams,0.2803501551946336,1,9,False
ai_domains,James A. Garfield,John F. Kennedy,0.1653284119800757,1,44,False
ai_domains,James A. Garfield,John Quincy Adams,0.34814713383509194,1,8,False
ai_domains,James A. Garfield,John Tyler,0.45592752097845074,1,18,False
ai_domains,James A. Garfield,Lyndon B. Johnson,0.2250102895353887,1,71,False
ai_domains,James A. Garfield,Martin Van Buren,0.5300252916701812,1,10,False
ai_domains,James A. Garfield,Millard Fillmore,0.5839893945223363,1,7,False
ai_domains,James A. Garfield,Richard M. Nixon,0.3739022718015009,1,23,False
ai_domains,James A. Garfield,Ronald Reagan,0.2730716903138231,1,60,False
ai_domains,James A. Garfield,Rutherford B. Hayes,0.8509580653202432,1,16,False
ai_domains,James A. Garfield,Theodore Roosevelt,0.4583647537635736,1,22,False
ai_domains,James A. Garfield,Thomas Jefferson,0.3468584956286043,1,24,False
ai_domains,James A. Garfield,Ulysses S. Grant,0.515264204588519,1,32,False
ai_domains,James A. Garfield,Warren G. Harding,0.4437625220371108,1,18,False
ai_domains,James A. Garfield,William Harrison,0.8603088487361854,1,1,False
ai_domains,James A. Garfield,William McKinley,0.44608576934771743,1,14,False
ai_domains,James A. Garfield,William Taft,0.3957454475318537,1,12,False
ai_domains,James A. Garfield,Woodrow Wilson,0.23272730505673667,1,33,False
ai_domains,James A. Garfield,Zachary Taylor,0.533918897369105,1,4,False
ai_domains,James Buchanan,James K. Polk,0.7899377420446156,14,25,True
ai_domains,James Buchanan,James Madison,0.5609037111599082,14,21,True
ai_domains,James Buchanan,James Monroe,0.7089796367766245,14,10,True
ai_domains,James Buchanan,Jimmy Carter,0.642968771293313,14,22,True
ai_domains,James Buchanan,Joe Biden,0.6794417528419896,14,28,True
ai_domains,James Buchanan,John Adams,0.666472793821906,14,9,True
ai_domains,James Buchanan,John F. Kennedy,0.6129785361059731,14,44,True
ai_domains,James Buchanan,John Quincy Adams,0.7144582601655703,14,8,True
ai_domains,James Buchanan,John Tyler,0.7906147662899563,14,18,True
ai_domains,James Buchanan,Lyndon B. Johnson,0.5770527847184135,14,71,True
ai_domains,James Buchanan,Martin Van Buren,0.6130232742236357,14,10,True
ai_domains,James Buchanan,Millard Fillmore,0.9217646088622236,14,7,True
ai_domains,James Buchanan,Richard M. Nixon,0.610581126039911,14,23,True
ai_domains,James Buchanan,Ronald Reagan,0.6139437421809798,14,60,True
ai_domains,James Buchanan,Rutherford B. Hayes,0.9518993075351897,14,16,True
ai_domains,James Buchanan,Theodore Roosevelt,0.760902234695282,14,22,True
ai_domains,James Buchanan,Thomas Jefferson,0.6678075771776911,14,24,True
ai_domains,James Buchanan,Ulysses S. Grant,0.861342676236111,14,32,True
ai_domains,James Buchanan,Warren G. Harding,0.6477088210533914,14,18,True
ai_domains,James Buchanan,William Harrison,0.7435460754091524,14,1,False
ai_domains,James Buchanan,William McKinley,0.8424349377207424,14,14,True
ai_domains,James Buchanan,William Taft,0.6958585675750079,14,12,True
ai_domains,James Buchanan,Woodrow Wilson,0.5690002086979424,14,33,True
ai_domains,James Buchanan,Zachary Taylor,0.8931440872097289,14,4,False
ai_domains,James K. Polk,James Madison,0.9284695158337752,25,21,True
ai_domains,James K. Polk,James Monroe,0.9302118880551417,25,10,True
ai_domains,James K. Polk,Jimmy Carter,0.7476317753249246,25,22,True
ai_domains,James K. Polk,Joe Biden,0.7032536680336169,25,28,True
ai_domains,James K. Polk,John Adams,0.8122736570381726,25,9,True
ai_domains,James K. Polk,John F. Kennedy,0.7468327162937282,25,44,True
ai_domains,James K. Polk,John Quincy Adams,0.8999348846211422,25,8,True
ai_domains,James K. Polk,John Tyler,0.8518845862157283,25,18,True
ai_domains,James K. Polk,Lyndon B. Johnson,0.8575159703839316,25,71,True
ai_domains,James K. Polk,Martin Van Buren,0.6630439726365932,25,10,True
ai_domains,James K. Polk,Millard Fillmore,0.8759934257440412,25,7,True
ai_domains,James K. Polk,Richard M. Nixon,0.8478027537746591,25,23,True
ai_domains,James K. Polk,Ronald Reagan,0.7684267857251876,25,60,True
ai_domains,James K. Polk,Rutherford B. Hayes,0.7631377318376246,25,16,True
ai_domains,James K. Polk,Theodore Roosevelt,0.8350461783627479,25,22,True
ai_domains,James K. Polk,Thomas Jefferson,0.8789102251139775,25,24,True
ai_domains,James K. Polk,Ulysses S. Grant,0.8354353073390784,25,32,True
ai_domains,James K. Polk,Warren G. Harding,0.7971632425790214,25,18,True
ai_domains,James K. Polk,William Harrison,0.46558933045978435,25,1,False
ai_domains,James K. Polk,William McKinley,0.9183177216764951,25,14,True
ai_domains,James K. Polk,William Taft,0.7773928899384199,25,12,True
ai_domains,James K. Polk,Woodrow Wilson,0.8989918256218952,25,33,True
ai_domains,James K. Polk,Zachary Taylor,0.8425698322917275,25,4,False
ai_domains,James Madison,James Monroe,0.8963701844825542,21,10,True
ai_domains,James Madison,Jimmy Carter,0.724124356601243,21,22,True
ai_domains,James Madison,Joe Biden,0.6750772773846521,21,28,True
ai_domains,James Madison,John Adams,0.8152410520407022,21,9,True
ai_domains,James Madison,John F. Kennedy,0.7436468155033511,21,44,True
ai_domains,James Madison,John Quincy Adams,0.8258409842374798,21,8,True
ai_domains,James Madison,John Tyler,0.7197355919401945,21,18,True
ai_domains,James Madison,Lyndon B. Johnson,0.9270603192981643,21,71,True
ai_domains,James Madison,Martin Van Buren,0.5399376373331068,21,10,True
ai_domains,James Madison,Millard Fillmore,0.7147295662491966,21,7,True
ai_domains,James Madison,Richard M. Nixon,0.8874691053720005,21,23,True
ai_domains,James Madison,Ronald Reagan,0.795260417281177,21,60,True
ai_domains,James Madison,Rutherford B. Hayes,0.5261537434308996,21,16,True
ai_domains,James Madison,Theodore Roosevelt,0.6930708790336788,21,22,True
ai_domains,James Madison,Thomas Jefferson,0.8660486615450765,21,24,True
ai_domains,James Madison,Ulysses S. Grant,0.7149619899938651,21,32,True
ai_domains,James Madison,Warren G. Harding,0.7763935193700345,21,18,True
ai_domains,James Madison,William Harrison,0.20877734209008392,21,1,False
ai_domains,James Madison,William McKinley,0.7945887168254442,21,14,True
ai_domains,James Madison,William Taft,0.6189949329402085,21,12,True
ai_domains,James Madison,Woodrow Wilson,0.9504023581842098,21,33,True
ai_domains,James Madison,Zachary Taylor,0.6897256981810663,21,4,False
ai_domains,James Monroe,Jimmy Carter,0.8279458522509783,10,22,True
ai_domains,James Monroe,Joe Biden,0.7367569646707037,10,28,True
ai_domains,James Monroe,John Adams,0.9100105348184174,10,9,True
ai_domains,James Monroe,John F. Kennedy,0.8920769842701729,10,44,True
ai_domains,James Monroe,John Quincy Adams,0.9521671750701243,10,8,True
ai_domains,James Monroe,John Tyler,0.8949602958703797,10,18,True
ai_domains,James Monroe,Lyndon B. Johnson,0.8368862786559719,10,71,True
ai_domains,James Monroe,Martin Van Buren,0.5997921684873101,10,10,True
ai_domains,James Monroe,Millard Fillmore,0.879782155550552,10,7,True
ai_domains,James Monroe,Richard M. Nixon,0.773732285255094,10,23,True
ai_domains,James Monroe,Ronald Reagan,0.8741306886449205,10,60,True
ai_domains,James Monroe,Rutherford B. Hayes,0.6354135886871526,10,16,True
ai_domains,James Monroe,Theodore Roosevelt,0.8025082686948383,10,22,True
ai_domains,James Monroe,Thomas Jefferson,0.8863184641162953,10,24,True
ai_domains,James Monroe,Ulysses S. Grant,0.869828097958197,10,32,True
ai_domains,James Monroe,Warren G. Harding,0.7733669331189228,10,18,True
ai_domains,James Monroe,William Harrison,0.26345375159154094,10,1,False
ai_domains,James Monroe,William McKinley,0.9474607896314069,10,14,True
ai_domains,James Monroe,William Taft,0.7748626368449346,10,12,True
ai_domains,James Monroe,Woodrow Wilson,0.8818179075226501,10,33,True
ai_domains,James Monroe,Zachary Taylor,0.8711542961949638,10,4,False
ai_domains,Jimmy Carter,Joe Biden,0.929330712960986,22,28,True
ai_domains,Jimmy Carter,John Adams,0.7897511051188923,22,9,True
ai_domains,Jimmy Carter,John F. Kennedy,0.9015518971459633,22,44,True
ai_domains,Jimmy Carter,John Quincy Adams,0.7849094019450228,22,8,True
ai_domains,Jimmy Carter,John Tyler,0.7639775582708226,22,18,True
ai_domains,Jimmy Carter,Lyndon B. Johnson,0.8503088393144,22,71,True
ai_domains,Jimmy Carter,Martin Van Buren,0.5125745622105999,22,10,True
ai_domains,Jimmy Carter,Millard Fillmore,0.7653963271518546,22,7,True
ai_domains,Jimmy Carter,Richard M. Nixon,0.8044258356792983,22,23,True
ai_domains,Jimmy Carter,Ronald Reagan,0.9330676460907177,22,60,True
ai_domains,Jimmy Carter,Rutherford B. Hayes,0.5563050168642925,22,16,True
ai_domains,Jimmy Carter,Theodore Roosevelt,0.7638761119163535,22,22,True
ai_domains,Jimmy Carter,Thomas Jefferson,0.71548206279981,22,24,True
ai_domains,Jimmy Carter,Ulysses S. Grant,0.7857348345919489,22,32,True
ai_domains,Jimmy Carter,Warren G. Harding,0.8639430919390025,22,18,True
ai_domains,Jimmy Carter,William Harrison,0.245480255716776,22,1,False
ai_domains,Jimmy Carter,William McKinley,0.793229797677933,22,14,True
ai_domains,Jimmy Carter,William Taft,0.6060892370229083,22,12,True
ai_domains,Jimmy Carter,Woodrow Wilson,0.8031131283733943,22,33,True
ai_domains,Jimmy Carter,Zachary Taylor,0.7808557188263162,22,4,False
ai_domains,Joe Biden,John Adams,0.7538510348604573,28,9,True
ai_domains,Joe Biden,John F. Kennedy,0.8476246387941269,28,44,True
ai_domains,Joe Biden,John Quincy Adams,0.6949970460808476,28,8,True
ai_domains,Joe Biden,John Tyler,0.669668615175867,28,18,True
ai_domains,Joe Biden,Lyndon B. Johnson,0.8431673873973835,28,71,True
ai_domains,Joe Biden,Martin Van Buren,0.4392095549813756,28,10,True
ai_domains,Joe Biden,Millard Fillmore,0.7358480097711443,28,7,True
ai_domains,Joe Biden,Richard M. Nixon,0.8034396698720195,28,23,True
ai_domains,Joe Biden,Ronald Reagan,0.88641042748125,28,60,True
ai_domains,Joe Biden,Rutherford B. Hayes,0.5697754101532954,28,16,True
ai_domains,Joe Biden,Theodore Roosevelt,0.7845415861396591,28,22,True
ai_domains,Joe Biden,Thomas Jefferson,0.6641621480821747,28,24,True
ai_domains,Joe Biden,Ulysses S. Grant,0.762532650907914,28,32,True
ai_domains,Joe Biden,Warren G. Harding,0.910356781299696,28,18,True
ai_domains,Joe Biden,William Harrison,0.2901005532951018,28,1,False
ai_domains,Joe Biden,William McKinley,0.7365570059633317,28,14,True
ai_domains,Joe Biden,William Taft,0.569690595094399,28,12,True
ai_domains,Joe Biden,Woodrow Wilson,0.7880873437087283,28,33,True
ai_domains,Joe Biden,Zachary Taylor,0.7352630247563772,28,4,False
ai_domains,John Adams,John F. Kennedy,0.9208142309257762,9,44,True
ai_domains,John Adams,John Quincy Adams,0.805399393940249,9,8,True
ai_domains,John Adams,John Tyler,0.8337011940187667,9,18,True
ai_domains,John Adams,Lyndon B. Johnson,0.8001790533017741,9,71,True
ai_domains,John Adams,Martin Van Buren,0.5201422628933267,9,10,True
ai_domains,John Adams,Millard Fillmore,0.8145362322566915,9,7,True
ai_domains,John Adams,Richard M. Nixon,0.7636418552840943,9,23,True
ai_domains,John Adams,Ronald Reagan,0.9166082527433769,9,60,True
ai_domains,John Adams,Rutherford B. Hayes,0.568943924950685,9,16,True
ai_domains,John Adams,Theodore Roosevelt,0.6546878601135816,9,22,True
ai_domains,John Adams,Thomas Jefferson,0.798507233876549,9,24,True
ai_domains,John Adams,Ulysses S. Grant,0.8062158912101752,9,32,True
ai_domains,John Adams,Warren G. Harding,0.7392787498856311,9,18,True
ai_domains,John Adams,William Harrison,0.28418704089325475,9,1,False
ai_domains,John Adams,William McKinley,0.8924588835227049,9,14,True
ai_domains,John Adams,William Taft,0.5945202438532344,9,12,True
ai_domains,John Adams,Woodrow Wilson,0.8080955796499472,9,33,True
ai_domains,John Adams,Zachary Taylor,0.8588520609798795,9,4,False
ai_domains,John F. Kennedy,John Quincy Adams,0.7808232437979565,44,8,True
ai_domains,John F. Kennedy,John Tyler,0.8392993501605321,44,18,True
ai_domains,John F. Kennedy,Lyndon B. Johnson,0.8106282559377487,44,71,True
ai_domains,John F. Kennedy,Martin Van Buren,0.4991608109607168,44,10,True
ai_domains,John F. Kennedy,Millard Fillmore,0.7647072337604329,44,7,True
ai_domains,John F. Kennedy,Richard M. Nixon,0.7002236589046721,44,23,True
ai_domains,John F. Kennedy,Ronald Reagan,0.9501203211080641,44,60,True
ai_domains,John F. Kennedy,Rutherford B. Hayes,0.4702210815013802,44,16,True
ai_domains,John F. Kennedy,Theodore Roosevelt,0.6884617588016841,44,22,True
ai_domains,John F. Kennedy,Thomas Jefferson,0.7073960643842475,44,24,True
ai_domains,John F. Kennedy,Ulysses S. Grant,0.8215249769376525,44,32,True
ai_domains,John F. Kennedy,Warren G. Harding,0.7529447720873947,44,18,True
ai_domains,John F. Kennedy,William Harrison,0.1329334596885465,44,1,False
ai_domains,John F. Kennedy,William McKinley,0.8702556914810202,44,14,True
ai_domains,John F. Kennedy,William Taft,0.6006977255273425,44,12,True
ai_domains,John F. Kennedy,Woodrow Wilson,0.781219524598018,44,33,True
ai_domains,John F. Kennedy,Zachary Taylor,0.8231201743917252,44,4,False
ai_domains,John Quincy Adams,John Tyler,0.8401641876830293,8,18,True
ai_domains,John Quincy Adams,Lyndon B. Johnson,0.752937092828407,8,71,True
ai_domains,John Quincy Adams,Martin Van Buren,0.5730831387647846,8,10,True
ai_domains,John Quincy Adams,Millard Fillmore,0.8883933151939156,8,7,True
ai_domains,John Quincy Adams,Richard M. Nixon,0.7347955635321463,8,23,True
ai_domains,John Quincy Adams,Ronald Reagan,0.7775607477820419,8,60,True
ai_domains,John Quincy Adams,Rutherford B. Hayes,0.6731568083107219,8,16,True
ai_domains,John Quincy Adams,Theodore Roosevelt,0.8899448592633172,8,22,True
ai_domains,John Quincy Adams,Thomas Jefferson,0.8452289129163358,8,24,True
ai_domains,John Quincy Adams,Ulysses S. Grant,0.8464175750873537,8,32,True
ai_domains,John Quincy Adams,Warren G. Harding,0.7899500959950863,8,18,True
ai_domains,John Quincy Adams,William Harrison,0.31196152639788,8,1,False
ai_domains,John Quincy Adams,William McKinley,0.905601893709978,8,14,True
ai_domains,John Quincy Adams,William Taft,0.8933587286380349,8,12,True
ai_domains,John Quincy Adams,Woodrow Wilson,0.8637265150698509,8,33,True
ai_domains,John Quincy Adams,Zachary Taylor,0.8416454084456573,8,4,False
ai_domains,John Tyler,Lyndon B. Johnson,0.6591507481358974,18,71,True
ai_domains,John Tyler,Martin Van Buren,0.8330031364769742,18,10,True
ai_domains,John Tyler,Millard Fillmore,0.8744875533043787,18,7,True
ai_domains,John Tyler,Richard M. Nixon,0.6138136511773167,18,23,True
ai_domains,John Tyler,Ronald Reagan,0.8000946883161806,18,60,True
ai_domains,John Tyler,Rutherford B. Hayes,0.7479722422094311,18,16,True
ai_domains,John Tyler,Theodore Roosevelt,0.7466454251724851,18,22,True
ai_domains,John Tyler,Thomas Jefferson,0.7483929383674188,18,24,True
ai_domains,John Tyler,Ulysses S. Grant,0.9028472011000956,18,32,True
ai_domains,John Tyler,Warren G. Harding,0.6775186939844458,18,18,True
ai_domains,John Tyler,William Harrison,0.4209957392985055,18,1,False
ai_domains,John Tyler,William McKinley,0.9521993084576137,18,14,True
ai_domains,John Tyler,William Taft,0.7483115675293216,18,12,True
ai_domains,John Tyler,Woodrow Wilson,0.70688983034067,18,33,True
ai_domains,John Tyler,Zachary Taylor,0.8929770237848004,18,4,False
ai_domains,Lyndon B. Johnson,Martin Van Buren,0.44581610948511563,71,10,True
ai_domains,Lyndon B. Johnson,Millard Fillmore,0.7023662000791864,71,7,True
ai_domains,Lyndon B. Johnson,Richard M. Nixon,0.9334960436537507,71,23,True
ai_domains,Lyndon B. Johnson,Ronald Reagan,0.8572738806508733,71,60,True
ai_domains,Lyndon B. Johnson,Rutherford B. Hayes,0.49962792339247636,71,16,True
ai_domains,Lyndon B. Johnson,Theodore Roosevelt,0.7233129004281729,71,22,True
ai_domains,Lyndon B. Johnson,Thomas Jefferson,0.7964974318899793,71,24,True
ai_domains,Lyndon B. Johnson,Ulysses S. Grant,0.7363364527933353,71,32,True
ai_domains,Lyndon B. Johnson,Warren G. Harding,0.8365021988913,71,18,True
ai_domains,Lyndon B. Johnson,William Harrison,0.1744118102914637,71,1,False
ai_domains,Lyndon B. Johnson,William McKinley,0.7524202672091518,71,14,True
ai_domains,Lyndon B. Johnson,William Taft,0.5606469918367656,71,12,True
ai_domains,Lyndon B. Johnson,Woodrow Wilson,0.9404089911140973,71,33,True
ai_domains,Lyndon B. Johnson,Zachary Taylor,0.688020036600019,71,4,False
ai_domains,Martin Van Buren,Millard Fillmore,0.6255107304250866,10,7,True
ai_domains,Martin Van Buren,Richard M. Nixon,0.45258676448671353,10,23,True
ai_domains,Martin Van Buren,Ronald Reagan,0.5282567462908438,10,60,True
ai_domains,Martin Van Buren,Rutherford B. Hayes,0.7000602492069725,10,16,True
ai_domains,Martin Van Buren,Theodore Roosevelt,0.5378293984017153,10,22,True
ai_domains,Martin Van Buren,Thomas Jefferson,0.5895670790269177,10,24,True
ai_domains,Martin Van Buren,Ulysses S. Grant,0.7057764782049084,10,32,True
ai_domains,Martin Van Buren,Warren G. Harding,0.5042968300610593,10,18,True
ai_domains,Martin Van Buren,William Harrison,0.4314965106301089,10,1,False
ai_domains,Martin Van Buren,William McKinley,0.6735431725096341,10,14,True
ai_domains,Martin Van Buren,William Taft,0.5383496181859938,10,12,True
ai_domains,Martin Van Buren,Woodrow Wilson,0.5010574768267803,10,33,True
ai_domains,Martin Van Buren,Zachary Taylor,0.6021532432326642,10,4,False
ai_domains,Millard Fillmore,Richard M. Nixon,0.7153215183242577,7,23,True
ai_domains,Millard Fillmore,Ronald Reagan,0.7451740444458982,7,60,True
ai_domains,Millard Fillmore,Rutherford B. Hayes,0.8746399236753215,7,16,True
ai_domains,Millard Fillmore,Theodore Roosevelt,0.8562982659497959,7,22,True
ai_domains,Millard Fillmore,Thomas Jefferson,0.8246174913510692,7,24,True
ai_domains,Millard Fillmore,Ulysses S. Grant,0.9176974467682537,7,32,True
ai_domains,Millard Fillmore,Warren G. Harding,0.7356720046593573,7,18,True
ai_domains,Millard Fillmore,William Harrison,0.5609390923239482,7,1,False
ai_domains,Millard Fillmore,William McKinley,0.9415282485030081,7,14,True
ai_domains,Millard Fillmore,William Taft,0.7911219524419844,7,12,True
ai_domains,Millard Fillmore,Woodrow Wilson,0.737761897951646,7,33,True
ai_domains,Millard Fillmore,Zachary Taylor,0.9662231737036207,7,4,False
ai_domains,Richard M. Nixon,Ronald Reagan,0.8098649354983358,23,60,True
ai_domains,Richard M. Nixon,Rutherford B. Hayes,0.5797780505219429,23,16,True
ai_domains,Richard M. Nixon,Theodore Roosevelt,0.7260689852857332,23,22,True
ai_domains,Richard M. Nixon,Thomas Jefferson,0.8095801165896972,23,24,True
ai_domains,Richard M. Nixon,Ulysses S. Grant,0.6457860287085757,23,32,True
ai_domains,Richard M. Nixon,Warren G. Harding,0.8841400429684614,23,18,True
ai_domains,Richard M. Nixon,William Harrison,0.3896627156101335,23,1,False
ai_domains,Richard M. Nixon,William McKinley,0.71688053395375,23,14,True
ai_domains,Richard M. Nixon,William Taft,0.5477191655170066,23,12,True
ai_domains,Richard M. Nixon,Woodrow Wilson,0.9240848642886651,23,33,True
ai_domains,Richard M. Nixon,Zachary Taylor,0.6831980305421881,23,4,False
ai_domains,Ronald Reagan,Rutherford B. Hayes,0.5042385946236136,60,16,True
ai_domains,Ronald Reagan,Theodore Roosevelt,0.6785593430243122,60,22,True
ai_domains,Ronald Reagan,Thomas Jefferson,0.7600701612193492,60,24,True
ai_domains,Ronald Reagan,Ulysses S. Grant,0.7809376470079252,60,32,True
ai_domains,Ronald Reagan,Warren G. Harding,0.8519720131533346,60,18,True
ai_domains,Ronald Reagan,William Harrison,0.203209331795381,60,1,False
ai_domains,Ronald Reagan,William McKinley,0.822481984720163,60,14,True
ai_domains,Ronald Reagan,William Taft,0.567190906550704,60,12,True
ai_domains,Ronald Reagan,Woodrow Wilson,0.8310983961396305,60,33,True
ai_domains,Ronald Reagan,Zachary Taylor,0.7722366356287237,60,4,False
ai_domains,Rutherford B. Hayes,Theodore Roosevelt,0.7119617389893442,16,22,True
ai_domains,Rutherford B. Hayes,Thomas Jefferson,0.6805449307592414,16,24,True
ai_domains,Rutherford B. Hayes,Ulysses S. Grant,0.7928771712027314,16,32,True
ai_domains,Rutherford B. Hayes,Warren G. Harding,0.5927195262036592,16,18,True
ai_domains,Rutherford B. Hayes,William Harrison,0.8178791692579296,16,1,False
ai_domains,Rutherford B. Hayes,William McKinley,0.7683896262172997,16,14,True
ai_domains,Rutherford B. Hayes,William Taft,0.653766525141731,16,12,True
ai_domains,Rutherford B. Hayes,Woodrow Wilson,0.5097641649291142,16,33,True
ai_domains,Rutherford B. Hayes,Zachary Taylor,0.8301804903012853,16,4,False
ai_domains,Theodore Roosevelt,Thomas Jefferson,0.7030033079941329,22,24,True
ai_domains,Theodore Roosevelt,Ulysses S. Grant,0.8085006244150805,22,32,True
ai_domains,Theodore Roosevelt,Warren G. Harding,0.857401918513769,22,18,True
ai_domains,Theodore Roosevelt,William Harrison,0.4007107651597785,22,1,False
ai_domains,Theodore Roosevelt,William McKinley,0.8319555980221608,22,14,True
ai_domains,Theodore Roosevelt,William Taft,0.9176619628928919,22,12,True
ai_domains,Theodore Roosevelt,Woodrow Wilson,0.824166724580651,22,33,True
ai_domains,Theodore Roosevelt,Zachary Taylor,0.7897652677188574,22,4,False
ai_domains,Thomas Jefferson,Ulysses S. Grant,0.7589662828162483,24,32,True
ai_domains,Thomas Jefferson,Warren G. Harding,0.7286115066493981,24,18,True
ai_domains,Thomas Jefferson,William Harrison,0.34369605993995006,24,1,False
ai_domains,Thomas Jefferson,William McKinley,0.798259379938689,24,14,True
ai_domains,Thomas Jefferson,William Taft,0.6066613553305356,24,12,True
ai_domains,Thomas Jefferson,Woodrow Wilson,0.8119578567459899,24,33,True
ai_domains,Thomas Jefferson,Zachary Taylor,0.7531406148495021,24,4,False
ai_domains,Ulysses S. Grant,Warren G. Harding,0.6976928652132479,32,18,True
ai_domains,Ulysses S. Grant,William Harrison,0.36210304002030985,32,1,False
ai_domains,Ulysses S. Grant,William McKinley,0.907505182843162,32,14,True
ai_domains,Ulysses S. Grant,William Taft,0.7768178862780796,32,12,True
ai_domains,Ulysses S. Grant,Woodrow Wilson,0.7295532388356021,32,33,True
ai_domains,Ulysses S. Grant,Zachary Taylor,0.9002986637872005,32,4,False
ai_domains,Warren G. Harding,William Harrison,0.36122044722347085,18,1,False
ai_domains,Warren G. Harding,William McKinley,0.7441095765853394,18,14,True
ai_domains,Warren G. Harding,William Taft,0.6836343612192851,18,12,True
ai_domains,Warren G. Harding,Woodrow Wilson,0.8927129549388275,18,33,True
ai_domains,Warren G. Harding,Zachary Taylor,0.7046685138795468,18,4,False
ai_domains,William Harrison,William McKinley,0.467162805394976,1,14,False
ai_domains,William Harrison,William Taft,0.3533184814225888,1,12,False
ai_domains,William Harrison,Woodrow Wilson,0.1989191328573087,1,33,False
ai_domains,William Harrison,Zachary Taylor,0.5558444180945328,1,4,False
ai_domains,William McKinley,William Taft,0.8085338154282449,14,12,True
ai_domains,William McKinley,Woodrow Wilson,0.7992568019054698,14,33,True
ai_domains,William McKinley,Zachary Taylor,0.9542025280152058,14,4,False
ai_domains,William Taft,Woodrow Wilson,0.7221783000654493,12,33,True
ai_domains,William Taft,Zachary Taylor,0.7222486206359137,12,4,False
ai_domains,Woodrow Wilson,Zachary Taylor,0.7026303028299032,33,4,False
ai_rhetoric,Abraham Lincoln,Andrew Jackson,0.7288836185374425,15,26,True
ai_rhetoric,Abraham Lincoln,Andrew Johnson,0.6764123482769552,15,31,True
ai_rhetoric,Abraham Lincoln,Barack Obama,-0.4542328944673766,15,51,True
ai_rhetoric,Abraham Lincoln,Benjamin Harrison,-0.5183894573083996,15,16,True
ai_rhetoric,Abraham Lincoln,Bill Clinton,-0.7861335198548713,15,39,True
ai_rhetoric,Abraham Lincoln,Calvin Coolidge,-0.7317287113703401,15,12,True
ai_rhetoric,Abraham Lincoln,Chester A. Arthur,-0.5949299487707893,15,11,True
ai_rhetoric,Abraham Lincoln,Donald Trump,0.13636887288898797,15,53,True
ai_rhetoric,Abraham Lincoln,Dwight D. Eisenhower,-0.6598592815151025,15,15,True
ai_rhetoric,Abraham Lincoln,Franklin D. Roosevelt,0.555950403751076,15,49,True
ai_rhetoric,Abraham Lincoln,Franklin Pierce,0.8759588722727747,15,15,True
ai_rhetoric,Abraham Lincoln,George H. W. Bush,-0.19227013613569552,15,23,True
ai_rhetoric,Abraham Lincoln,George W. Bush,0.32112576889759104,15,38,True
ai_rhetoric,Abraham Lincoln,George Washington,0.5526693654326589,15,21,True
ai_rhetoric,Abraham Lincoln,Gerald Ford,-0.6793918699405574,15,14,True
ai_rhetoric,Abraham Lincoln,Grover Cleveland,-0.5107529509714773,15,32,True
ai_rhetoric,Abraham Lincoln,Harry S. Truman,0.5530805984238774,15,19,True
ai_rhetoric,Abraham Lincoln,Herbert Hoover,-0.08874659740653892,15,30,True
ai_rhetoric,Abraham Lincoln,James A. Garfield,0.33869075723614295,15,1,False
ai_rhetoric,Abraham Lincoln,James Buchanan,0.5756055118387328,15,14,True
ai_rhetoric,Abraham Lincoln,James K. Polk,0.644318287277721,15,25,True
ai_rhetoric,Abraham Lincoln,James Madison,0.625311585713205,15,21,True
ai_rhetoric,Abraham Lincoln,James Monroe,0.20983966821112313,15,10,True
ai_rhetoric,Abraham Lincoln,Jimmy Carter,-0.3241433942628095,15,22,True
ai_rhetoric,Abraham Lincoln,Joe Biden,-0.04710360443462153,15,28,True
ai_rhetoric,Abraham Lincoln,John Adams,0.6416701550355334,15,9,True
ai_rhetoric,Abraham Lincoln,John F. Kennedy,0.43562071787435735,15,44,True
ai_rhetoric,Abraham Lincoln,John Quincy Adams,0.4003655297925945,15,8,True
ai_rhetoric,Abraham Lincoln,John Tyler,0.014775296337076194,15,18,True
ai_rhetoric,Abraham Lincoln,Lyndon B. Johnson,0.08257491657237276,15,71,True
ai_rhetoric,Abraham Lincoln,Martin Van Buren,0.3990934109571138,15,10,True
ai_rhetoric,Abraham Lincoln,Millard Fillmore,-0.4372512128144394,15,7,True
ai_rhetoric,Abraham Lincoln,Richard M. Nixon,0.47077885654810725,15,23,True
ai_rhetoric,Abraham Lincoln,Ronald Reagan,0.1372158443475912,15,60,True
ai_rhetoric,Abraham Lincoln,Rutherford B. Hayes,-0.6252328548992745,15,16,True
ai_rhetoric,Abraham Lincoln,Theodore Roosevelt,-0.7404143019936064,15,22,True
ai_rhetoric,Abraham Lincoln,Thomas Jefferson,-0.07243672265344087,15,24,True
ai_rhetoric,Abraham Lincoln,Ulysses S. Grant,-0.7734209943456376,15,32,True
ai_rhetoric,Abraham Lincoln,Warren G. Harding,-0.014792255793764447,15,18,True
ai_rhetoric,Abraham Lincoln,William Harrison,0.48748532881768425,15,1,False
ai_rhetoric,Abraham Lincoln,William McKinley,-0.1482022862870945,15,14,True
ai_rhetoric,Abraham Lincoln,William Taft,-0.49122323964735787,15,12,True
ai_rhetoric,Abraham Lincoln,Woodrow Wilson,-0.5549809815289122,15,33,True
ai_rhetoric,Abraham Lincoln,Zachary Taylor,-0.2786925340765488,15,4,False
ai_rhetoric,Andrew Jackson,Andrew Johnson,0.3469305110429372,26,31,True
ai_rhetoric,Andrew Jackson,Barack Obama,-0.16989782223913374,26,51,True
ai_rhetoric,Andrew Jackson,Benjamin Harrison,-0.6699506932226933,26,16,True
ai_rhetoric,Andrew Jackson,Bill Clinton,-0.7281056866217293,26,39,True
ai_rhetoric,Andrew Jackson,Calvin Coolidge,-0.5488271622510683,26,12,True
ai_rhetoric,Andrew Jackson,Chester A. Arthur,-0.617337641281145,26,11,True
ai_rhetoric,Andrew Jackson,Donald Trump,-0.14600077363912817,26,53,True
ai_rhetoric,Andrew Jackson,Dwight D. Eisenhower,-0.2811208805449783,26,15,True
ai_rhetoric,Andrew Jackson,Franklin D. Roosevelt,0.6028965695937989,26,49,True
ai_rhetoric,Andrew Jackson,Franklin Pierce,0.6908103139061527,26,15,True
ai_rhetoric,Andrew Jackson,George H. W. Bush,-0.287000265862086,26,23,True
ai_rhetoric,Andrew Jackson,George W. Bush,0.6309682554172672,26,38,True
ai_rhetoric,Andrew Jackson,George Washington,0.7428897160860753,26,21,True
ai_rhetoric,Andrew Jackson,Gerald Ford,-0.5563684614297,26,14,True
ai_rhetoric,Andrew Jackson,Grover Cleveland,-0.5642570282406988,26,32,True
ai_rhetoric,Andrew Jackson,Harry S. Truman,0.3742936414750222,26,19,True
ai_rhetoric,Andrew Jackson,Herbert Hoover,-0.45858447434646876,26,30,True
ai_rhetoric,Andrew Jackson,James A. Garfield,0.4060898393847911,26,1,False
ai_rhetoric,Andrew Jackson,James Buchanan,0.8566146509793523,26,14,True
ai_rhetoric,Andrew Jackson,James K. Polk,0.6654534916393847,26,25,True
ai_rhetoric,Andrew Jackson,James Madison,0.7112490370951342,26,21,True
ai_rhetoric,Andrew Jackson,James Monroe,0.3507210641873321,26,10,True
ai_rhetoric,Andrew Jackson,Jimmy Carter,-0.5489910519068898,26,22,True
ai_rhetoric,Andrew Jackson,Joe Biden,0.021881150462734644,26,28,True
ai_rhetoric,Andrew Jackson,John Adams,0.6701688178282853,26,9,True
ai_rhetoric,Andrew Jackson,John F. Kennedy,0.3659083122996045,26,44,True
ai_rhetoric,Andrew Jackson,John Quincy Adams,0.2687663318786746,26,8,True
ai_rhetoric,Andrew Jackson,John Tyler,-0.021316367825995497,26,18,True
ai_rhetoric,Andrew Jackson,Lyndon B. Johnson,0.32839812525568846,26,71,True
ai_rhetoric,Andrew Jackson,Martin Van Buren,0.4509094477913329,26,10,True
ai_rhetoric,Andrew Jackson,Millard Fillmore,-0.41488738649538875,26,7,True
ai_rhetoric,Andrew Jackson,Richard M. Nixon,0.4796358890006638,26,23,True
ai_rhetoric,Andrew Jackson,Ronald Reagan,0.1388869807268237,26,60,True
ai_rhetoric,Andrew Jackson,Rutherford B. Hayes,-0.802608902600472,26,16,True
ai_rhetoric,Andrew Jackson,Theodore Roosevelt,-0.5326762451627327,26,22,True
ai_rhetoric,Andrew Jackson,Thomas Jefferson,0.042771111105748855,26,24,True
ai_rhetoric,Andrew Jackson,Ulysses S. Grant,-0.7272808172712941,26,32,True
ai_rhetoric,Andrew Jackson,Warren G. Harding,0.12657424773192488,26,18,True
ai_rhetoric,Andrew Jackson,William Harrison,0.5493981759448636,26,1,False
ai_rhetoric,Andrew Jackson,William McKinley,-0.26061278006398086,26,14,True
ai_rhetoric,Andrew Jackson,William Taft,-0.5829874274075727,26,12,True
ai_rhetoric,Andrew Jackson,Woodrow Wilson,-0.04176832763734273,26,33,True
ai_rhetoric,Andrew Jackson,Zachary Taylor,-0.3123798707101147,26,4,False
ai_rhetoric,Andrew Johnson,Barack Obama,-0.42450085000764154,31,51,True
ai_rhetoric,Andrew Johnson,Benjamin Harrison,-0.291979621200387,31,16,True
ai_rhetoric,Andrew Johnson,Bill Clinton,-0.2609788033016568,31,39,True
ai_rhetoric,Andrew Johnson,Calvin Coolidge,-0.5357314551781125,31,12,True
ai_rhetoric,Andrew Johnson,Chester A. Arthur,-0.2823637094204765,31,11,True
ai_rhetoric,Andrew Johnson,Donald Trump,0.05580661753483157,31,53,True
ai_rhetoric,Andrew Johnson,Dwight D. Eisenhower,-0.6804948536041519,31,15,True
ai_rhetoric,Andrew Johnson,Franklin D. Roosevelt,-0.059193635189758564,31,49,True
ai_rhetoric,Andrew Johnson,Franklin Pierce,0.8235546273571369,31,15,True
ai_rhetoric,Andrew Johnson,George H. W. Bush,0.13828444432003778,31,23,True
ai_rhetoric,Andrew Johnson,George W. Bush,-0.3096911178183152,31,38,True
ai_rhetoric,Andrew Johnson,George Washington,0.45703559793299786,31,21,True
ai_rhetoric,Andrew Johnson,Gerald Ford,-0.4871638109919998,31,14,True
ai_rhetoric,Andrew Johnson,Grover Cleveland,-0.17667270706309335,31,32,True
ai_rhetoric,Andrew Johnson,Harry S. Truman,0.19093441482544402,31,19,True
ai_rhetoric,Andrew Johnson,Herbert Hoover,0.361312826294933,31,30,True
ai_rhetoric,Andrew Johnson,James A. Garfield,0.27112885756008376,31,1,False
ai_rhetoric,Andrew Johnson,James Buchanan,0.23368439413296402,31,14,True
ai_rhetoric,Andrew Johnson,James K. Polk,0.12215071065112951,31,25,True
ai_rhetoric,Andrew Johnson,James Madison,0.16964602428072828,31,21,True
ai_rhetoric,Andrew Johnson,James Monroe,0.3159808740768917,31,10,True
ai_rhetoric,Andrew Johnson,Jimmy Carter,0.12587972323263347,31,22,True
ai_rhetoric,Andrew Johnson,Joe Biden,-0.2642016799601483,31,28,True
ai_rhetoric,Andrew Johnson,John Adams,0.5151892297175253,31,9,True
ai_rhetoric,Andrew Johnson,John F. Kennedy,0.007325757661035439,31,44,True
ai_rhetoric,Andrew Johnson,John Quincy Adams,0.4954632722930033,31,8,True
ai_rhetoric,Andrew Johnson,John Tyler,0.17704900505037197,31,18,True
ai_rhetoric,Andrew Johnson,Lyndon B. Johnson,-0.2176194937600341,31,71,True
ai_rhetoric,Andrew Johnson,Martin Van Buren,0.389372518008815,31,10,True
ai_rhetoric,Andrew Johnson,Millard Fillmore,-0.11692498107476193,31,7,True
ai_rhetoric,Andrew Johnson,Richard M. Nixon,-0.013954838181477691,31,23,True
ai_rhetoric,Andrew Johnson,Ronald Reagan,0.10290481716666744,31,60,True
ai_rhetoric,Andrew Johnson,Rutherford B. Hayes,-0.26342672360441216,31,16,True
ai_rhetoric,Andrew Johnson,Theodore Roosevelt,-0.4856566797015081,31,22,True
ai_rhetoric,Andrew Johnson,Thomas Jefferson,0.1771932168162959,31,24,True
ai_rhetoric,Andrew Johnson,Ulysses S. Grant,-0.43977968515528293,31,32,True
ai_rhetoric,Andrew Johnson,Warren G. Harding,-0.25972663170651406,31,18,True
ai_rhetoric,Andrew Johnson,William Harrison,0.3388638296576935,31,1,False
ai_rhetoric,Andrew Johnson,William McKinley,0.0730152068723173,31,14,True
ai_rhetoric,Andrew Johnson,William Taft,-0.18227174572808838,31,12,True
ai_rhetoric,Andrew Johnson,Woodrow Wilson,-0.5481774559164695,31,33,True
ai_rhetoric,Andrew Johnson,Zachary Taylor,-0.10410017323547063,31,4,False
ai_rhetoric,Barack Obama,Benjamin Harrison,-0.12346791888071695,51,16,True
ai_rhetoric,Barack Obama,Bill Clinton,0.6709587995293207,51,39,True
ai_rhetoric,Barack Obama,Calvin Coolidge,0.3847299382643874,51,12,True
ai_rhetoric,Barack Obama,Chester A. Arthur,-0.38338585548943865,51,11,True
ai_rhetoric,Barack Obama,Donald Trump,0.06515222956379216,51,53,True
ai_rhetoric,Barack Obama,Dwight D. Eisenhower,0.5125095499277688,51,15,True
ai_rhetoric,Barack Obama,Franklin D. Roosevelt,-0.014479926092349674,51,49,True
ai_rhetoric,Barack Obama,Franklin Pierce,-0.5179227511855956,51,15,True
ai_rhetoric,Barack Obama,George H. W. Bush,0.5292239103862586,51,23,True
ai_rhetoric,Barack Obama,George W. Bush,0.025342040807149635,51,38,True
ai_rhetoric,Barack Obama,George Washington,-0.27122577899319855,51,21,True
ai_rhetoric,Barack Obama,Gerald Ford,0.5783523705181397,51,14,True
ai_rhetoric,Barack Obama,Grover Cleveland,-0.3461077695220381,51,32,True
ai_rhetoric,Barack Obama,Harry S. Truman,0.026716381365002435,51,19,True
ai_rhetoric,Barack Obama,Herbert Hoover,0.2625639102514984,51,30,True
ai_rhetoric,Barack Obama,James A. Garfield,0.2537733650670926,51,1,False
ai_rhetoric,Barack Obama,James Buchanan,0.1166613275948176,51,14,True
ai_rhetoric,Barack Obama,James K. Polk,-0.5562226199362637,51,25,True
ai_rhetoric,Barack Obama,James Madison,-0.5581776040914164,51,21,True
ai_rhetoric,Barack Obama,James Monroe,-0.2753795436211504,51,10,True
ai_rhetoric,Barack Obama,Jimmy Carter,0.31587373736124025,51,22,True
ai_rhetoric,Barack Obama,Joe Biden,0.33699112978587425,51,28,True
ai_rhetoric,Barack Obama,John Adams,-0.5272361810320452,51,9,True
ai_rhetoric,Barack Obama,John F. Kennedy,0.2280360536773677,51,44,True
ai_rhetoric,Barack Obama,John Quincy Adams,-0.45061041839582766,51,8,True
ai_rhetoric,Barack Obama,John Tyler,-0.5013619419428703,51,18,True
ai_rhetoric,Barack Obama,Lyndon B. Johnson,0.6471506452597002,51,71,True
ai_rhetoric,Barack Obama,Martin Van Buren,-0.40802802080728806,51,10,True
ai_rhetoric,Barack Obama,Millard Fillmore,-0.38620070985614774,51,7,True
ai_rhetoric,Barack Obama,Richard M. Nixon,0.4205031567048135,51,23,True
ai_rhetoric,Barack Obama,Ronald Reagan,0.5573824397002237,51,60,True
ai_rhetoric,Barack Obama,Rutherford B. Hayes,-0.15646419386873772,51,16,True
ai_rhetoric,Barack Obama,Theodore Roosevelt,0.11261403787369936,51,22,True
ai_rhetoric,Barack Obama,Thomas Jefferson,-0.6389871137761175,51,24,True
ai_rhetoric,Barack Obama,Ulysses S. Grant,-0.07007826915036797,51,32,True
ai_rhetoric,Barack Obama,Warren G. Harding,0.8133845924986257,51,18,True
ai_rhetoric,Barack Obama,William Harrison,0.3380074991893267,51,1,False
ai_rhetoric,Barack Obama,William McKinley,-0.6377183948841232,51,14,True
ai_rhetoric,Barack Obama,William Taft,-0.45834037692736573,51,12,True
ai_rhetoric,Barack Obama,Woodrow Wilson,0.7961876182667441,51,33,True
ai_rhetoric,Barack Obama,Zachary Taylor,-0.3215822959384708,51,4,False
ai_rhetoric,Benjamin Harrison,Bill Clinton,0.2877585601972989,16,39,True
ai_rhetoric,Benjamin Harrison,Calvin Coolidge,0.1151652843461177,16,12,True
ai_rhetoric,Benjamin Harrison,Chester A. Arthur,0.49965187987320747,16,11,True
ai_rhetoric,Benjamin Harrison,Donald Trump,0.45095146898169125,16,53,True
ai_rhetoric,Benjamin Harrison,Dwight D. Eisenhower,-0.23985359224356323,16,15,True
ai_rhetoric,Benjamin Harrison,Franklin D. Roosevelt,-0.27844471061220366,16,49,True
ai_rhetoric,Benjamin Harrison,Franklin Pierce,-0.26546635854179557,16,15,True
ai_rhetoric,Benjamin Harrison,George H. W. Bush,0.04306597438940865,16,23,True
ai_rhetoric,Benjamin Harrison,George W. Bush,-0.4191849372372595,16,38,True
ai_rhetoric,Benjamin Harrison,George Washington,-0.8308311623775229,16,21,True
ai_rhetoric,Benjamin Harrison,Gerald Ford,-0.11543030966470505,16,14,True
ai_rhetoric,Benjamin Harrison,Grover Cleveland,0.5815005709027956,16,32,True
ai_rhetoric,Benjamin Harrison,Harry S. Truman,-0.18878820854349607,16,19,True
ai_rhetoric,Benjamin Harrison,Herbert Hoover,0.2447083719828616,16,30,True
ai_rhetoric,Benjamin Harrison,James A. Garfield,-0.6864586885880029,16,1,False
ai_rhetoric,Benjamin Harrison,James Buchanan,-0.46893105357948783,16,14,True
ai_rhetoric,Benjamin Harrison,James K. Polk,-0.08995733944749165,16,25,True
ai_rhetoric,Benjamin Harrison,James Madison,-0.13642653303997265,16,21,True
ai_rhetoric,Benjamin Harrison,James Monroe,-0.31962973533736566,16,10,True
ai_rhetoric,Benjamin Harrison,Jimmy Carter,0.41421239757511,16,22,True
ai_rhetoric,Benjamin Harrison,Joe Biden,0.09984599247699971,16,28,True
ai_rhetoric,Benjamin Harrison,John Adams,-0.6169151419144101,16,9,True
ai_rhetoric,Benjamin Harrison,John F. Kennedy,-0.3681238124473278,16,44,True
ai_rhetoric,Benjamin Harrison,John Quincy Adams,-0.108184817617271,16,8,True
ai_rhetoric,Benjamin Harrison,John Tyler,0.036195312820327674,16,18,True
ai_rhetoric,Benjamin Harrison,Lyndon B. Johnson,-0.25948360273451965,16,71,True
ai_rhetoric,Benjamin Harrison,Martin Van Buren,-0.46432796695351786,16,10,True
ai_rhetoric,Benjamin Harrison,Millard Fillmore,0.30126074598671515,16,7,True
ai_rhetoric,Benjamin Harrison,Richard M. Nixon,-0.2759279069522724,16,23,True
ai_rhetoric,Benjamin Harrison,Ronald Reagan,-0.08481096297194995,16,60,True
ai_rhetoric,Benjamin Harrison,Rutherford B. Hayes,0.686359982418572,16,16,True
ai_rhetoric,Benjamin Harrison,Theodore Roosevelt,0.08011690950802666,16,22,True
ai_rhetoric,Benjamin Harrison,Thomas Jefferson,0.17742838900943728,16,24,True
ai_rhetoric,Benjamin Harrison,Ulysses S. Grant,0.7680536385706221,16,32,True
ai_rhetoric,Benjamin Harrison,Warren G. Harding,-0.4799398146549717,16,18,True
ai_rhetoric,Benjamin Harrison,William Harrison,-0.9345634400012197,16,1,False
ai_rhetoric,Benjamin Harrison,William McKinley,0.37145528414405854,16,14,True
ai_rhetoric,Benjamin Harrison,William Taft,0.45914563548157433,16,12,True
ai_rhetoric,Benjamin Harrison,Woodrow Wilson,-0.3477363789864897,16,33,True
ai_rhetoric,Benjamin Harrison,Zachary Taylor,0.0029105096518324547,16,4,False
ai_rhetoric,Bill Clinton,Calvin Coolidge,0.5746550132495476,39,12,True
ai_rhetoric,Bill Clinton,Chester A. Arthur,0.2348310754220601,39,11,True
ai_rhetoric,Bill Clinton,Donald Trump,0.02498386512534742,39,53,True
ai_rhetoric,Bill Clinton,Dwight D. Eisenhower,0.4946350482422432,39,15,True
ai_rhetoric,Bill Clinton,Franklin D. Roosevelt,-0.5815155013440528,39,49,True
ai_rhetoric,Bill Clinton,Franklin Pierce,-0.6802461988706655,39,15,True
ai_rhetoric,Bill Clinton,George H. W. Bush,0.6325655037499156,39,23,True
ai_rhetoric,Bill Clinton,George W. Bush,-0.5294840996230089,39,38,True
ai_rhetoric,Bill Clinton,George Washington,-0.49891383970997444,39,21,True
ai_rhetoric,Bill Clinton,Gerald Ford,0.7222449920575518,39,14,True
ai_rhetoric,Bill Clinton,Grover Cleveland,0.19375087987504802,39,32,True
ai_rhetoric,Bill Clinton,Harry S. Truman,-0.33200325170005435,39,19,True
ai_rhetoric,Bill Clinton,Herbert Hoover,0.5763213903294652,39,30,True
ai_rhetoric,Bill Clinton,James A. Garfield,-0.10094555783466581,39,1,False
ai_rhetoric,Bill Clinton,James Buchanan,-0.535726477065289,39,14,True
ai_rhetoric,Bill Clinton,James K. Polk,-0.8866551474377327,39,25,True
ai_rhetoric,Bill Clinton,James Madison,-0.8601386614115286,39,21,True
ai_rhetoric,Bill Clinton,James Monroe,-0.291072768245514,39,10,True
ai_rhetoric,Bill Clinton,Jimmy Carter,0.6652023356253629,39,22,True
ai_rhetoric,Bill Clinton,Joe Biden,0.1143269990685227,39,28,True
ai_rhetoric,Bill Clinton,John Adams,-0.6682751502111755,39,9,True
ai_rhetoric,Bill Clinton,John F. Kennedy,-0.220388742321258,39,44,True
ai_rhetoric,Bill Clinton,John Quincy Adams,-0.4069458391035708,39,8,True
ai_rhetoric,Bill Clinton,John Tyler,-0.23158474018572878,39,18,True
ai_rhetoric,Bill Clinton,Lyndon B. Johnson,0.006812253083784164,39,71,True
ai_rhetoric,Bill Clinton,Martin Van Buren,-0.460992067062909,39,10,True
ai_rhetoric,Bill Clinton,Millard Fillmore,0.12849412244307645,39,7,True
ai_rhetoric,Bill Clinton,Richard M. Nixon,-0.2929681098386277,39,23,True
ai_rhetoric,Bill Clinton,Ronald Reagan,0.2408910224969137,39,60,True
ai_rhetoric,Bill Clinton,Rutherford B. Hayes,0.4148781764424063,39,16,True
ai_rhetoric,Bill Clinton,Theodore Roosevelt,0.49330385395444937,39,22,True
ai_rhetoric,Bill Clinton,Thomas Jefferson,-0.26198147791847615,39,24,True
ai_rhetoric,Bill Clinton,Ulysses S. Grant,0.43275349573295857,39,32,True
ai_rhetoric,Bill Clinton,Warren G. Harding,0.2666338039510494,39,18,True
ai_rhetoric,Bill Clinton,William Harrison,-0.10439472632787028,39,1,False
ai_rhetoric,Bill Clinton,William McKinley,-0.16948944067343294,39,14,True
ai_rhetoric,Bill Clinton,William Taft,0.16404680698296734,39,12,True
ai_rhetoric,Bill Clinton,Woodrow Wilson,0.5589347794843045,39,33,True
ai_rhetoric,Bill Clinton,Zachary Taylor,0.050539204599488435,39,4,False
ai_rhetoric,Calvin Coolidge,Chester A. Arthur,0.6096745733607388,12,11,True
ai_rhetoric,Calvin Coolidge,Donald Trump,-0.6483222763529453,12,53,True
ai_rhetoric,Calvin Coolidge,Dwight D. Eisenhower,0.7568766811314184,12,15,True
ai_rhetoric,Calvin Coolidge,Franklin D. Roosevelt,-0.7384313717894874,12,49,True
ai_rhetoric,Calvin Coolidge,Franklin Pierce,-0.7730171799202075,12,15,True
ai_rhetoric,Calvin Coolidge,George H. W. Bush,-0.23635167021582248,12,23,True
ai_rhetoric,Calvin Coolidge,George W. Bush,-0.45678515802596625,12,38,True
ai_rhetoric,Calvin Coolidge,George Washington,-0.08637360027294003,12,21,True
ai_rhetoric,Calvin Coolidge,Gerald Ford,0.8800102612975655,12,14,True
ai_rhetoric,Calvin Coolidge,Grover Cleveland,0.6230557575160879,12,32,True
ai_rhetoric,Calvin Coolidge,Harry S. Truman,-0.8393726795061586,12,19,True
ai_rhetoric,Calvin Coolidge,Herbert Hoover,-0.2568652372449348,12,30,True
ai_rhetoric,Calvin Coolidge,James A. Garfield,0.29984041204048684,12,1,False
ai_rhetoric,Calvin Coolidge,James Buchanan,-0.33090102540149735,12,14,True
ai_rhetoric,Calvin Coolidge,James K. Polk,-0.7687635879625749,12,25,True
ai_rhetoric,Calvin Coolidge,James Madison,-0.7819192726896331,12,21,True
ai_rhetoric,Calvin Coolidge,James Monroe,0.33567027214474854,12,10,True
ai_rhetoric,Calvin Coolidge,Jimmy Carter,-0.18924063730330346,12,22,True
ai_rhetoric,Calvin Coolidge,Joe Biden,-0.5097602543666863,12,28,True
ai_rhetoric,Calvin Coolidge,John Adams,-0.113302593131198,12,9,True
ai_rhetoric,Calvin Coolidge,John F. Kennedy,-0.6508176329656261,12,44,True
ai_rhetoric,Calvin Coolidge,John Quincy Adams,0.11720555906400396,12,8,True
ai_rhetoric,Calvin Coolidge,John Tyler,0.4549644009270769,12,18,True
ai_rhetoric,Calvin Coolidge,Lyndon B. Johnson,0.20189392978400725,12,71,True
ai_rhetoric,Calvin Coolidge,Martin Van Buren,0.20239424367966302,12,10,True
ai_rhetoric,Calvin Coolidge,Millard Fillmore,0.669221584352281,12,7,True
ai_rhetoric,Calvin Coolidge,Richard M. Nixon,-0.307232996053842,12,23,True
ai_rhetoric,Calvin Coolidge,Ronald Reagan,-0.5212802080933457,12,60,True
ai_rhetoric,Calvin Coolidge,Rutherford B. Hayes,0.6753253338270256,12,16,True
ai_rhetoric,Calvin Coolidge,Theodore Roosevelt,0.8821812168584038,12,22,True
ai_rhetoric,Calvin Coolidge,Thomas Jefferson,0.2577074092625659,12,24,True
ai_rhetoric,Calvin Coolidge,Ulysses S. Grant,0.6590352123773097,12,32,True
ai_rhetoric,Calvin Coolidge,Warren G. Harding,0.32901900153510294,12,18,True
ai_rhetoric,Calvin Coolidge,William Harrison,-0.05161385971479471,12,1,False
ai_rhetoric,Calvin Coolidge,William McKinley,0.3940241593934962,12,14,True
ai_rhetoric,Calvin Coolidge,William Taft,0.5835290473417185,12,12,True
ai_rhetoric,Calvin Coolidge,Woodrow Wilson,0.5077545930708385,12,33,True
ai_rhetoric,Calvin Coolidge,Zachary Taylor,0.7242506655382098,12,4,False
ai_rhetoric,Chester A. Arthur,Donald Trump,-0.43222057226773697,11,53,True
ai_rhetoric,Chester A. Arthur,Dwight D. Eisenhower,0.32348263204284605,11,15,True
ai_rhetoric,Chester A. Arthur,Franklin D. Roosevelt,-0.7231268857223138,11,49,True
ai_rhetoric,Chester A. Arthur,Franklin Pierce,-0.47745501087634457,11,15,True
ai_rhetoric,Chester A. Arthur,George H. W. Bush,-0.40075473190431393,11,23,True
ai_rhetoric,Chester A. Arthur,George W. Bush,-0.4929551813060907,11,38,True
ai_rhetoric,Chester A. Arthur,George Washington,-0.17816383912002065,11,21,True
ai_rhetoric,Chester A. Arthur,Gerald Ford,0.3681097688931784,11,14,True
ai_rhetoric,Chester A. Arthur,Grover Cleveland,0.9213405224090248,11,32,True
ai_rhetoric,Chester A. Arthur,Harry S. Truman,-0.7711217181811281,11,19,True
ai_rhetoric,Chester A. Arthur,Herbert Hoover,-0.2292358054235225,11,30,True
ai_rhetoric,Chester A. Arthur,James A. Garfield,-0.29191658088025724,11,1,False
ai_rhetoric,Chester A. Arthur,James Buchanan,-0.6602853926310294,11,14,True
ai_rhetoric,Chester A. Arthur,James K. Polk,-0.3379365434259369,11,25,True
ai_rhetoric,Chester A. Arthur,James Madison,-0.3307247170689423,11,21,True
ai_rhetoric,Chester A. Arthur,James Monroe,0.24773233635202263,11,10,True
ai_rhetoric,Chester A. Arthur,Jimmy Carter,-0.10436659336899609,11,22,True
ai_rhetoric,Chester A. Arthur,Joe Biden,-0.5053024603335778,11,28,True
ai_rhetoric,Chester A. Arthur,John Adams,-0.027089805739517213,11,9,True
ai_rhetoric,Chester A. Arthur,John F. Kennedy,-0.7849754264416549,11,44,True
ai_rhetoric,Chester A. Arthur,John Quincy Adams,0.18703178266041023,11,8,True
ai_rhetoric,Chester A. Arthur,John Tyler,0.6304108739930595,11,18,True
ai_rhetoric,Chester A. Arthur,Lyndon B. Johnson,-0.5359920111506693,11,71,True
ai_rhetoric,Chester A. Arthur,Martin Van Buren,0.17809107547531142,11,10,True
ai_rhetoric,Chester A. Arthur,Millard Fillmore,0.9270047324916151,11,7,True
ai_rhetoric,Chester A. Arthur,Richard M. Nixon,-0.8240544831747068,11,23,True
ai_rhetoric,Chester A. Arthur,Ronald Reagan,-0.79692993845167,11,60,True
ai_rhetoric,Chester A. Arthur,Rutherford B. Hayes,0.8713096190734214,11,16,True
ai_rhetoric,Chester A. Arthur,Theodore Roosevelt,0.791512634832736,11,22,True
ai_rhetoric,Chester A. Arthur,Thomas Jefferson,0.7012590345032429,11,24,True
ai_rhetoric,Chester A. Arthur,Ulysses S. Grant,0.8663056343604174,11,32,True
ai_rhetoric,Chester A. Arthur,Warren G. Harding,-0.5359299222215935,11,18,True
ai_rhetoric,Chester A. Arthur,William Harrison,-0.6197749416759808,11,1,False
ai_rhetoric,Chester A. Arthur,William McKinley,0.8261158507798139,11,14,True
ai_rhetoric,Chester A. Arthur,William Taft,0.989314916668663,11,12,True
ai_rhetoric,Chester A. Arthur,Woodrow Wilson,-0.10535138721038613,11,33,True
ai_rhetoric,Chester A. Arthur,Zachary Taylor,0.7975484047830635,11,4,False
ai_rhetoric,Donald Trump,Dwight D. Eisenhower,-0.5438507705336497,53,15,True
ai_rhetoric,Donald Trump,Franklin D. Roosevelt,0.538730858338587,53,49,True
ai_rhetoric,Donald Trump,Franklin Pierce,0.18350911504151524,53,15,True
ai_rhetoric,Donald Trump,George H. W. Bush,0.5902649256107954,53,23,True
ai_rhetoric,Donald Trump,George W. Bush,0.17365062796915332,53,38,True
ai_rhetoric,Donald Trump,George Washington,-0.6809546163202371,53,21,True
ai_rhetoric,Donald Trump,Gerald Ford,-0.4963234945870851,53,14,True
ai_rhetoric,Donald Trump,Grover Cleveland,-0.43117818990543266,53,32,True
ai_rhetoric,Donald Trump,Harry S. Truman,0.7698507203363748,53,19,True
ai_rhetoric,Donald Trump,Herbert Hoover,0.6356866951930368,53,30,True
ai_rhetoric,Donald Trump,James A. Garfield,-0.6317416601635304,53,1,False
ai_rhetoric,Donald Trump,James Buchanan,-0.11813775510450145,53,14,True
ai_rhetoric,Donald Trump,James K. Polk,0.33004433111964865,53,25,True
ai_rhetoric,Donald Trump,James Madison,0.2833148755203085,53,21,True
ai_rhetoric,Donald Trump,James Monroe,-0.8138290599649856,53,10,True
ai_rhetoric,Donald Trump,Jimmy Carter,0.6787071491731689,53,22,True
ai_rhetoric,Donald Trump,Joe Biden,0.7786955633055413,53,28,True
ai_rhetoric,Donald Trump,John Adams,-0.6421412692718176,53,9,True
ai_rhetoric,Donald Trump,John F. Kennedy,0.6108415624863256,53,44,True
ai_rhetoric,Donald Trump,John Quincy Adams,-0.5220993614484549,53,8,True
ai_rhetoric,Donald Trump,John Tyler,-0.7399562219239673,53,18,True
ai_rhetoric,Donald Trump,Lyndon B. Johnson,-0.11665112999458341,53,71,True
ai_rhetoric,Donald Trump,Martin Van Buren,-0.7959150147877129,53,10,True
ai_rhetoric,Donald Trump,Millard Fillmore,-0.6726306206807567,53,7,True
ai_rhetoric,Donald Trump,Richard M. Nixon,0.30998982856978496,53,23,True
ai_rhetoric,Donald Trump,Ronald Reagan,0.7339532019283591,53,60,True
ai_rhetoric,Donald Trump,Rutherford B. Hayes,-0.24016418085269356,53,16,True
ai_rhetoric,Donald Trump,Theodore Roosevelt,-0.6841347878685137,53,22,True
ai_rhetoric,Donald Trump,Thomas Jefferson,-0.608683064552845,53,24,True
ai_rhetoric,Donald Trump,Ulysses S. Grant,-0.2036945463914772,53,32,True
ai_rhetoric,Donald Trump,Warren G. Harding,-0.1540293430895528,53,18,True
ai_rhetoric,Donald Trump,William Harrison,-0.34813850940834984,53,1,False
ai_rhetoric,Donald Trump,William McKinley,-0.5118576865478247,53,14,True
ai_rhetoric,Donald Trump,William Taft,-0.4635551137887215,53,12,True
ai_rhetoric,Donald Trump,Woodrow Wilson,-0.3163658617941376,53,33,True
ai_rhetoric,Donald Trump,Zachary Taylor,-0.8147730783609963,53,4,False
ai_rhetoric,Dwight D. Eisenhower,Franklin D. Roosevelt,-0.2885793367684777,15,49,True
ai_rhetoric,Dwight D. Eisenhower,Franklin Pierce,-0.845535501300085,15,15,True
ai_rhetoric,Dwight D. Eisenhower,George H. W. Bush,0.006163378825339766,15,23,True
ai_rhetoric,Dwight D. Eisenhower,George W. Bush,0.11804084928995498,15,38,True
ai_rhetoric,Dwight D. Eisenhower,George Washington,0.04150207796560179,15,21,True
ai_rhetoric,Dwight D. Eisenhower,Gerald Ford,0.8727282332070304,15,14,True
ai_rhetoric,Dwight D. Eisenhower,Grover Cleveland,0.1250958915301708,15,32,True
ai_rhetoric,Dwight D. Eisenhower,Harry S. Truman,-0.43630850298413937,15,19,True
ai_rhetoric,Dwight D. Eisenhower,Herbert Hoover,-0.2677644686582455,15,30,True
ai_rhetoric,Dwight D. Eisenhower,James A. Garfield,0.14756359679270503,15,1,False
ai_rhetoric,Dwight D. Eisenhower,James Buchanan,-0.31168016889069855,15,14,True
ai_rhetoric,Dwight D. Eisenhower,James K. Polk,-0.526952353600846,15,25,True
ai_rhetoric,Dwight D. Eisenhower,James Madison,-0.5008616704724173,15,21,True
ai_rhetoric,Dwight D. Eisenhower,James Monroe,-0.010503785607184485,15,10,True
ai_rhetoric,Dwight D. Eisenhower,Jimmy Carter,-0.1368207725853724,15,22,True
ai_rhetoric,Dwight D. Eisenhower,Joe Biden,-0.02844836670822415,15,28,True
ai_rhetoric,Dwight D. Eisenhower,John Adams,-0.18659933368693793,15,9,True
ai_rhetoric,Dwight D. Eisenhower,John F. Kennedy,-0.13191599759411182,15,44,True
ai_rhetoric,Dwight D. Eisenhower,John Quincy Adams,-0.3821334832912081,15,8,True
ai_rhetoric,Dwight D. Eisenhower,John Tyler,-0.010420944788227277,15,18,True
ai_rhetoric,Dwight D. Eisenhower,Lyndon B. Johnson,0.09882511530811443,15,71,True
ai_rhetoric,Dwight D. Eisenhower,Martin Van Buren,-0.05344644733404505,15,10,True
ai_rhetoric,Dwight D. Eisenhower,Millard Fillmore,0.2785020776227749,15,7,True
ai_rhetoric,Dwight D. Eisenhower,Richard M. Nixon,-0.2743785297007467,15,23,True
ai_rhetoric,Dwight D. Eisenhower,Ronald Reagan,-0.2128776301727062,15,60,True
ai_rhetoric,Dwight D. Eisenhower,Rutherford B. Hayes,0.17215777624810047,15,16,True
ai_rhetoric,Dwight D. Eisenhower,Theodore Roosevelt,0.8107200890535439,15,22,True
ai_rhetoric,Dwight D. Eisenhower,Thomas Jefferson,-0.07539838084506381,15,24,True
ai_rhetoric,Dwight D. Eisenhower,Ulysses S. Grant,0.2493096871553603,15,32,True
ai_rhetoric,Dwight D. Eisenhower,Warren G. Harding,0.4111267570201613,15,18,True
ai_rhetoric,Dwight D. Eisenhower,William Harrison,0.17593492403199498,15,1,False
ai_rhetoric,Dwight D. Eisenhower,William McKinley,-0.0815552551998421,15,14,True
ai_rhetoric,Dwight D. Eisenhower,William Taft,0.24603523457226004,15,12,True
ai_rhetoric,Dwight D. Eisenhower,Woodrow Wilson,0.8554596676908383,15,33,True
ai_rhetoric,Dwight D. Eisenhower,Zachary Taylor,0.3991233774505718,15,4,False
ai_rhetoric,Franklin D. Roosevelt,Franklin Pierce,0.3603702641509522,49,15,True
ai_rhetoric,Franklin D. Roosevelt,George H. W. Bush,0.10224758994506197,49,23,True
ai_rhetoric,Franklin D. Roosevelt,George W. Bush,0.8754428391971044,49,38,True
ai_rhetoric,Franklin D. Roosevelt,George Washington,0.033692791957064316,49,21,True
ai_rhetoric,Franklin D. Roosevelt,Gerald Ford,-0.5714371536919942,49,14,True
ai_rhetoric,Franklin D. Roosevelt,Grover Cleveland,-0.7954372240928329,49,32,True
ai_rhetoric,Franklin D. Roosevelt,Harry S. Truman,0.8825476385886286,49,19,True
ai_rhetoric,Franklin D. Roosevelt,Herbert Hoover,-0.09050257331216927,49,30,True
ai_rhetoric,Franklin D. Roosevelt,James A. Garfield,-0.19066268672229064,49,1,False
ai_rhetoric,Franklin D. Roosevelt,James Buchanan,0.44317202403837114,49,14,True
ai_rhetoric,Franklin D. Roosevelt,James K. Polk,0.7931041515898433,49,25,True
ai_rhetoric,Franklin D. Roosevelt,James Madison,0.763854686000746,49,21,True
ai_rhetoric,Franklin D. Roosevelt,James Monroe,-0.46998210975400784,49,10,True
ai_rhetoric,Franklin D. Roosevelt,Jimmy Carter,-0.08356969569699099,49,22,True
ai_rhetoric,Franklin D. Roosevelt,Joe Biden,0.6963892482147994,49,28,True
ai_rhetoric,Franklin D. Roosevelt,John Adams,-0.027787555371134226,49,9,True
ai_rhetoric,Franklin D. Roosevelt,John F. Kennedy,0.8752580786967373,49,44,True
ai_rhetoric,Franklin D. Roosevelt,John Quincy Adams,-0.3973950434193369,49,8,True
ai_rhetoric,Franklin D. Roosevelt,John Tyler,-0.6409004452507302,49,18,True
ai_rhetoric,Franklin D. Roosevelt,Lyndon B. Johnson,0.17399181382244117,49,71,True
ai_rhetoric,Franklin D. Roosevelt,Martin Van Buren,-0.32202119594024503,49,10,True
ai_rhetoric,Franklin D. Roosevelt,Millard Fillmore,-0.8138013753159966,49,7,True
ai_rhetoric,Franklin D. Roosevelt,Richard M. Nixon,0.6059627403084697,49,23,True
ai_rhetoric,Franklin D. Roosevelt,Ronald Reagan,0.5527226159960053,49,60,True
ai_rhetoric,Franklin D. Roosevelt,Rutherford B. Hayes,-0.8031744881297146,49,16,True
ai_rhetoric,Franklin D. Roosevelt,Theodore Roosevelt,-0.714646768182221,49,22,True
ai_rhetoric,Franklin D. Roosevelt,Thomas Jefferson,-0.5515319443715815,49,24,True
ai_rhetoric,Franklin D. Roosevelt,Ulysses S. Grant,-0.7136029080888929,49,32,True
ai_rhetoric,Franklin D. Roosevelt,Warren G. Harding,0.12381252531319419,49,18,True
ai_rhetoric,Franklin D. Roosevelt,William Harrison,0.19495918363869497,49,1,False
ai_rhetoric,Franklin D. Roosevelt,William McKinley,-0.6484920413925576,49,14,True
ai_rhetoric,Franklin D. Roosevelt,William Taft,-0.7409437315410751,49,12,True
ai_rhetoric,Franklin D. Roosevelt,Woodrow Wilson,-0.06633660014140444,49,33,True
ai_rhetoric,Franklin D. Roosevelt,Zachary Taylor,-0.7409930819127138,49,4,False
ai_rhetoric,Franklin Pierce,George H. W. Bush,-0.1411894991175558,15,23,True
ai_rhetoric,Franklin Pierce,George W. Bush,0.09881545914558636,15,38,True
ai_rhetoric,Franklin Pierce,George Washington,0.4798911810782339,15,21,True
ai_rhetoric,Franklin Pierce,Gerald Ford,-0.8397527994578371,15,14,True
ai_rhetoric,Franklin Pierce,Grover Cleveland,-0.31878308875330624,15,32,True
ai_rhetoric,Franklin Pierce,Harry S. Truman,0.4025796287255713,15,19,True
ai_rhetoric,Franklin Pierce,Herbert Hoover,0.009068877299331812,15,30,True
ai_rhetoric,Franklin Pierce,James A. Garfield,0.2035649431397768,15,1,False
ai_rhetoric,Franklin Pierce,James Buchanan,0.5996758015122512,15,14,True
ai_rhetoric,Franklin Pierce,James K. Polk,0.6018495715820693,15,25,True
ai_rhetoric,Franklin Pierce,James Madison,0.6233888543776784,15,21,True
ai_rhetoric,Franklin Pierce,James Monroe,0.30781655741155023,15,10,True
ai_rhetoric,Franklin Pierce,Jimmy Carter,-0.1758324239102162,15,22,True
ai_rhetoric,Franklin Pierce,Joe Biden,-0.11610674665886211,15,28,True
ai_rhetoric,Franklin Pierce,John Adams,0.5976510099344141,15,9,True
ai_rhetoric,Franklin Pierce,John F. Kennedy,0.18309962754546294,15,44,True
ai_rhetoric,Franklin Pierce,John Quincy Adams,0.516730341936691,15,8,True
ai_rhetoric,Franklin Pierce,John Tyler,0.11476616229115616,15,18,True
ai_rhetoric,Franklin Pierce,Lyndon B. Johnson,0.0023422860912076515,15,71,True
ai_rhetoric,Franklin Pierce,Martin Van Buren,0.400581969185021,15,10,True
ai_rhetoric,Franklin Pierce,Millard Fillmore,-0.3037605212884561,15,7,True
ai_rhetoric,Franklin Pierce,Richard M. Nixon,0.3118169969791496,15,23,True
ai_rhetoric,Franklin Pierce,Ronald Reagan,0.13575942317741635,15,60,True
ai_rhetoric,Franklin Pierce,Rutherford B. Hayes,-0.4885111299907766,15,16,True
ai_rhetoric,Franklin Pierce,Theodore Roosevelt,-0.767928105902201,15,22,True
ai_rhetoric,Franklin Pierce,Thomas Jefferson,0.17132996802081052,15,24,True
ai_rhetoric,Franklin Pierce,Ulysses S. Grant,-0.5586259917753336,15,32,True
ai_rhetoric,Franklin Pierce,Warren G. Harding,-0.2652631065487113,15,18,True
ai_rhetoric,Franklin Pierce,William Harrison,0.2486431038509412,15,1,False
ai_rhetoric,Franklin Pierce,William McKinley,0.011932119146813774,15,14,True
ai_rhetoric,Franklin Pierce,William Taft,-0.386025236318679,15,12,True
ai_rhetoric,Franklin Pierce,Woodrow Wilson,-0.65454646592513,15,33,True
ai_rhetoric,Franklin Pierce,Zachary Taylor,-0.31308840471836563,15,4,False
ai_rhetoric,George H. W. Bush,George W. Bush,-0.06873083530885099,23,38,True
ai_rhetoric,George H. W. Bush,George Washington,-0.4285401676424738,23,21,True
ai_rhetoric,George H. W. Bush,Gerald Ford,0.13545415173204498,23,14,True
ai_rhetoric,George H. W. Bush,Grover Cleveland,-0.5055833833315563,23,32,True
ai_rhetoric,George H. W. Bush,Harry S. Truman,0.4748549648526321,23,19,True
ai_rhetoric,George H. W. Bush,Herbert Hoover,0.8934146292978085,23,30,True
ai_rhetoric,George H. W. Bush,James A. Garfield,-0.29612537941097705,23,1,False
ai_rhetoric,George H. W. Bush,James Buchanan,-0.29977485046851937,23,14,True
ai_rhetoric,George H. W. Bush,James K. Polk,-0.3388073628170939,23,25,True
ai_rhetoric,George H. W. Bush,James Madison,-0.30171783016984577,23,21,True
ai_rhetoric,George H. W. Bush,James Monroe,-0.7011543127060087,23,10,True
ai_rhetoric,George H. W. Bush,Jimmy Carter,0.911366989854481,23,22,True
ai_rhetoric,George H. W. Bush,Joe Biden,0.6698487130324651,23,28,True
ai_rhetoric,George H. W. Bush,John Adams,-0.6578254027837732,23,9,True
ai_rhetoric,George H. W. Bush,John F. Kennedy,0.4974287185438534,23,44,True
ai_rhetoric,George H. W. Bush,John Quincy Adams,-0.6768239274452379,23,8,True
ai_rhetoric,George H. W. Bush,John Tyler,-0.7882169856976191,23,18,True
ai_rhetoric,George H. W. Bush,Lyndon B. Johnson,-0.11233109388580426,23,71,True
ai_rhetoric,George H. W. Bush,Martin Van Buren,-0.736964495267665,23,10,True
ai_rhetoric,George H. W. Bush,Millard Fillmore,-0.5790521251714468,23,7,True
ai_rhetoric,George H. W. Bush,Richard M. Nixon,0.02842220935048506,23,23,True
ai_rhetoric,George H. W. Bush,Ronald Reagan,0.8263075615862208,23,60,True
ai_rhetoric,George H. W. Bush,Rutherford B. Hayes,-0.2707033351136484,23,16,True
ai_rhetoric,George H. W. Bush,Theodore Roosevelt,-0.22672563026124942,23,22,True
ai_rhetoric,George H. W. Bush,Thomas Jefferson,-0.6986403374971917,23,24,True
ai_rhetoric,George H. W. Bush,Ulysses S. Grant,-0.25864234398532293,23,32,True
ai_rhetoric,George H. W. Bush,Warren G. Harding,0.17622169907160037,23,18,True
ai_rhetoric,George H. W. Bush,William Harrison,0.10993764635739378,23,1,False
ai_rhetoric,George H. W. Bush,William McKinley,-0.7114278094567357,23,14,True
ai_rhetoric,George H. W. Bush,William Taft,-0.4599845452171423,23,12,True
ai_rhetoric,George H. W. Bush,Woodrow Wilson,0.31470814656910184,23,33,True
ai_rhetoric,George H. W. Bush,Zachary Taylor,-0.6363576686860555,23,4,False
ai_rhetoric,George W. Bush,George Washington,0.2173744389760424,38,21,True
ai_rhetoric,George W. Bush,Gerald Ford,-0.3124667854020022,38,14,True
ai_rhetoric,George W. Bush,Grover Cleveland,-0.6645125385439444,38,32,True
ai_rhetoric,George W. Bush,Harry S. Truman,0.6154404319821403,38,19,True
ai_rhetoric,George W. Bush,Herbert Hoover,-0.3927139060624055,38,30,True
ai_rhetoric,George W. Bush,James A. Garfield,-0.1441900837679847,38,1,False
ai_rhetoric,George W. Bush,James Buchanan,0.38453550928472224,38,14,True
ai_rhetoric,George W. Bush,James K. Polk,0.7101316515983574,38,25,True
ai_rhetoric,George W. Bush,James Madison,0.7175401704199936,38,21,True
ai_rhetoric,George W. Bush,James Monroe,-0.3231968494434074,38,10,True
ai_rhetoric,George W. Bush,Jimmy Carter,-0.30565285867427927,38,22,True
ai_rhetoric,George W. Bush,Joe Biden,0.5892691685803355,38,28,True
ai_rhetoric,George W. Bush,John Adams,0.07177707967084512,38,9,True
ai_rhetoric,George W. Bush,John F. Kennedy,0.7184841541831879,38,44,True
ai_rhetoric,George W. Bush,John Quincy Adams,-0.45471013488803896,38,8,True
ai_rhetoric,George W. Bush,John Tyler,-0.5022294983351518,38,18,True
ai_rhetoric,George W. Bush,Lyndon B. Johnson,0.12577937678565787,38,71,True
ai_rhetoric,George W. Bush,Martin Van Buren,-0.18822542785806937,38,10,True
ai_rhetoric,George W. Bush,Millard Fillmore,-0.574347818480245,38,7,True
ai_rhetoric,George W. Bush,Richard M. Nixon,0.3734580159674501,38,23,True
ai_rhetoric,George W. Bush,Ronald Reagan,0.30598123605756544,38,60,True
ai_rhetoric,George W. Bush,Rutherford B. Hayes,-0.7498372762082889,38,16,True
ai_rhetoric,George W. Bush,Theodore Roosevelt,-0.32975228382955296,38,22,True
ai_rhetoric,George W. Bush,Thomas Jefferson,-0.35765142506346975,38,24,True
ai_rhetoric,George W. Bush,Ulysses S. Grant,-0.5829451511620782,38,32,True
ai_rhetoric,George W. Bush,Warren G. Harding,0.13004287208167764,38,18,True
ai_rhetoric,George W. Bush,William Harrison,0.22421681621284087,38,1,False
ai_rhetoric,George W. Bush,William McKinley,-0.5399796441394503,38,14,True
ai_rhetoric,George W. Bush,William Taft,-0.5429911994637014,38,12,True
ai_rhetoric,George W. Bush,Woodrow Wilson,0.25124355725736147,38,33,True
ai_rhetoric,George W. Bush,Zachary Taylor,-0.4828980359157505,38,4,False
ai_rhetoric,George Washington,Gerald Ford,-0.09755399142959953,21,14,True
ai_rhetoric,George Washington,Grover Cleveland,-0.1780566855719149,21,32,True
ai_rhetoric,George Washington,Harry S. Truman,-0.14026592347850617,21,19,True
ai_rhetoric,George Washington,Herbert Hoover,-0.5043234027198876,21,30,True
ai_rhetoric,George Washington,James A. Garfield,0.6826839597688483,21,1,False
ai_rhetoric,George Washington,James Buchanan,0.540515200136862,21,14,True
ai_rhetoric,George Washington,James K. Polk,0.20521968148236566,21,25,True
ai_rhetoric,George Washington,James Madison,0.27441882821116326,21,21,True
ai_rhetoric,George Washington,James Monroe,0.7173282940668284,21,10,True
ai_rhetoric,George Washington,Jimmy Carter,-0.6625439375326314,21,22,True
ai_rhetoric,George Washington,Joe Biden,-0.4884844762723234,21,28,True
ai_rhetoric,George Washington,John Adams,0.9225132701666992,21,9,True
ai_rhetoric,George Washington,John F. Kennedy,-0.07110713047185739,21,44,True
ai_rhetoric,George Washington,John Quincy Adams,0.5293902477429747,21,8,True
ai_rhetoric,George Washington,John Tyler,0.43126683639444313,21,18,True
ai_rhetoric,George Washington,Lyndon B. Johnson,0.10990537830837305,21,71,True
ai_rhetoric,George Washington,Martin Van Buren,0.823042483509774,21,10,True
ai_rhetoric,George Washington,Millard Fillmore,0.10533565237192431,21,7,True
ai_rhetoric,George Washington,Richard M. Nixon,0.032620459461550316,21,23,True
ai_rhetoric,George Washington,Ronald Reagan,-0.3235437080804057,21,60,True
ai_rhetoric,George Washington,Rutherford B. Hayes,-0.43596641305426986,21,16,True
ai_rhetoric,George Washington,Theodore Roosevelt,0.006838240914961463,21,22,True
ai_rhetoric,George Washington,Thomas Jefferson,0.37695473969968885,21,24,True
ai_rhetoric,George Washington,Ulysses S. Grant,-0.49412810229622184,21,32,True
ai_rhetoric,George Washington,Warren G. Harding,0.10136085800428868,21,18,True
ai_rhetoric,George Washington,William Harrison,0.6917194046473629,21,1,False
ai_rhetoric,George Washington,William McKinley,0.12609808718033688,21,14,True
ai_rhetoric,George Washington,William Taft,-0.110019425216568,21,12,True
ai_rhetoric,George Washington,Woodrow Wilson,0.04705882241888204,21,33,True
ai_rhetoric,George Washington,Zachary Taylor,0.29620797219508405,21,4,False
ai_rhetoric,Gerald Ford,Grover Cleveland,0.26738452391662904,14,32,True
ai_rhetoric,Gerald Ford,Harry S. Truman,-0.5501531509527221,14,19,True
ai_rhetoric,Gerald Ford,Herbert Hoover,0.02599536262802392,14,30,True
ai_rhetoric,Gerald Ford,James A. Garfield,0.28203119592792647,14,1,False
ai_rhetoric,Gerald Ford,James Buchanan,-0.4446591850601755,14,14,True
ai_rhetoric,Gerald Ford,James K. Polk,-0.8438422858581018,14,25,True
ai_rhetoric,Gerald Ford,James Madison,-0.8464518468688643,14,21,True
ai_rhetoric,Gerald Ford,James Monroe,0.04030240297411297,14,10,True
ai_rhetoric,Gerald Ford,Jimmy Carter,0.06314625516867217,14,22,True
ai_rhetoric,Gerald Ford,Joe Biden,-0.21400935878059374,14,28,True
ai_rhetoric,Gerald Ford,John Adams,-0.25944795834681844,14,9,True
ai_rhetoric,Gerald Ford,John F. Kennedy,-0.2883185874300156,14,44,True
ai_rhetoric,Gerald Ford,John Quincy Adams,-0.21041259486200897,14,8,True
ai_rhetoric,Gerald Ford,John Tyler,0.09400794393581494,14,18,True
ai_rhetoric,Gerald Ford,Lyndon B. Johnson,0.13898968309182724,14,71,True
ai_rhetoric,Gerald Ford,Martin Van Buren,-0.033420851015141584,14,10,True
ai_rhetoric,Gerald Ford,Millard Fillmore,0.36021627723407046,14,7,True
ai_rhetoric,Gerald Ford,Richard M. Nixon,-0.2609011958082722,14,23,True
ai_rhetoric,Gerald Ford,Ronald Reagan,-0.20315887232461832,14,60,True
ai_rhetoric,Gerald Ford,Rutherford B. Hayes,0.41260756550905353,14,16,True
ai_rhetoric,Gerald Ford,Theodore Roosevelt,0.8106184958915296,14,22,True
ai_rhetoric,Gerald Ford,Thomas Jefferson,-0.1193273011148818,14,24,True
ai_rhetoric,Gerald Ford,Ulysses S. Grant,0.35821530156225506,14,32,True
ai_rhetoric,Gerald Ford,Warren G. Harding,0.5000049251796298,14,18,True
ai_rhetoric,Gerald Ford,William Harrison,0.19741548407988707,14,1,False
ai_rhetoric,Gerald Ford,William McKinley,0.011056844203139182,14,14,True
ai_rhetoric,Gerald Ford,William Taft,0.32777209970291876,14,12,True
ai_rhetoric,Gerald Ford,Woodrow Wilson,0.704643899636514,14,33,True
ai_rhetoric,Gerald Ford,Zachary Taylor,0.4981537711095647,14,4,False
ai_rhetoric,Grover Cleveland,Harry S. Truman,-0.8539589057639135,32,19,True
ai_rhetoric,Grover Cleveland,Herbert Hoover,-0.2564960759729313,32,30,True
ai_rhetoric,Grover Cleveland,James A. Garfield,-0.11118542424834404,32,1,False
ai_rhetoric,Grover Cleveland,James Buchanan,-0.43414255780390426,32,14,True
ai_rhetoric,Grover Cleveland,James K. Polk,-0.36405207202078266,32,25,True
ai_rhetoric,Grover Cleveland,James Madison,-0.37668928715509925,32,21,True
ai_rhetoric,Grover Cleveland,James Monroe,0.44026192287804095,32,10,True
ai_rhetoric,Grover Cleveland,Jimmy Carter,-0.180036065334501,32,22,True
ai_rhetoric,Grover Cleveland,Joe Biden,-0.678764192112729,32,28,True
ai_rhetoric,Grover Cleveland,John Adams,0.04947603991109388,32,9,True
ai_rhetoric,Grover Cleveland,John F. Kennedy,-0.9271467090875279,32,44,True
ai_rhetoric,Grover Cleveland,John Quincy Adams,0.45650342151782675,32,8,True
ai_rhetoric,Grover Cleveland,John Tyler,0.775084040481008,32,18,True
ai_rhetoric,Grover Cleveland,Lyndon B. Johnson,-0.28370354877085324,32,71,True
ai_rhetoric,Grover Cleveland,Martin Van Buren,0.319332615757006,32,10,True
ai_rhetoric,Grover Cleveland,Millard Fillmore,0.9442765312744716,32,7,True
ai_rhetoric,Grover Cleveland,Richard M. Nixon,-0.614663955447274,32,23,True
ai_rhetoric,Grover Cleveland,Ronald Reagan,-0.8054853725035845,32,60,True
ai_rhetoric,Grover Cleveland,Rutherford B. Hayes,0.9375757406955364,32,16,True
ai_rhetoric,Grover Cleveland,Theodore Roosevelt,0.6496824640504786,32,22,True
ai_rhetoric,Grover Cleveland,Thomas Jefferson,0.7683478146007273,32,24,True
ai_rhetoric,Grover Cleveland,Ulysses S. Grant,0.9131658652902841,32,32,True
ai_rhetoric,Grover Cleveland,Warren G. Harding,-0.43949326750296364,32,18,True
ai_rhetoric,Grover Cleveland,William Harrison,-0.6096302616266827,32,1,False
ai_rhetoric,Grover Cleveland,William McKinley,0.9160595796398241,32,14,True
ai_rhetoric,Grover Cleveland,William Taft,0.9369684086801537,32,12,True
ai_rhetoric,Grover Cleveland,Woodrow Wilson,-0.24398182353970274,32,33,True
ai_rhetoric,Grover Cleveland,Zachary Taylor,0.7958441244888593,32,4,False
ai_rhetoric,Harry S. Truman,Herbert Hoover,0.3749264315160167,19,30,True
ai_rhetoric,Harry S. Truman,James A. Garfield,-0.2904578867885525,19,1,False
ai_rhetoric,Harry S. Truman,James Buchanan,0.21059169353802895,19,14,True
ai_rhetoric,Harry S. Truman,James K. Polk,0.5900831053063228,19,25,True
ai_rhetoric,Harry S. Truman,James Madison,0.5655131033708461,19,21,True
ai_rhetoric,Harry S. Truman,James Monroe,-0.6676636184929666,19,10,True
ai_rhetoric,Harry S. Truman,Jimmy Carter,0.32936959652209546,19,22,True
ai_rhetoric,Harry S. Truman,Joe Biden,0.7970133994903363,19,28,True
ai_rhetoric,Harry S. Truman,John Adams,-0.21648529437733544,19,9,True
ai_rhetoric,Harry S. Truman,John F. Kennedy,0.9444986038730603,19,44,True
ai_rhetoric,Harry S. Truman,John Quincy Adams,-0.49728759524175736,19,8,True
ai_rhetoric,Harry S. Truman,John Tyler,-0.7998511894129309,19,18,True
ai_rhetoric,Harry S. Truman,Lyndon B. Johnson,-0.005171734408664148,19,71,True
ai_rhetoric,Harry S. Truman,Martin Van Buren,-0.5205623606480749,19,10,True
ai_rhetoric,Harry S. Truman,Millard Fillmore,-0.9150830195827052,19,7,True
ai_rhetoric,Harry S. Truman,Richard M. Nixon,0.5103852898568969,19,23,True
ai_rhetoric,Harry S. Truman,Ronald Reagan,0.7700602828176926,19,60,True
ai_rhetoric,Harry S. Truman,Rutherford B. Hayes,-0.7561743521580964,19,16,True
ai_rhetoric,Harry S. Truman,Theodore Roosevelt,-0.8067488148669597,19,22,True
ai_rhetoric,Harry S. Truman,Thomas Jefferson,-0.7192968459200909,19,24,True
ai_rhetoric,Harry S. Truman,Ulysses S. Grant,-0.7496436053884971,19,32,True
ai_rhetoric,Harry S. Truman,Warren G. Harding,0.06867270651103566,19,18,True
ai_rhetoric,Harry S. Truman,William Harrison,0.1930936302900387,19,1,False
ai_rhetoric,Harry S. Truman,William McKinley,-0.756107536132087,19,14,True
ai_rhetoric,Harry S. Truman,William Taft,-0.7789560976818385,19,12,True
ai_rhetoric,Harry S. Truman,Woodrow Wilson,-0.1646042384410619,19,33,True
ai_rhetoric,Harry S. Truman,Zachary Taylor,-0.8665605532572008,19,4,False
ai_rhetoric,Herbert Hoover,James A. Garfield,-0.310313848480588,30,1,False
ai_rhetoric,Herbert Hoover,James Buchanan,-0.42677489757134474,30,14,True
ai_rhetoric,Herbert Hoover,James K. Polk,-0.37397012684936914,30,25,True
ai_rhetoric,Herbert Hoover,James Madison,-0.3666944036823839,30,21,True
ai_rhetoric,Herbert Hoover,James Monroe,-0.5894211750888687,30,10,True
ai_rhetoric,Herbert Hoover,Jimmy Carter,0.946200738047988,30,22,True
ai_rhetoric,Herbert Hoover,Joe Biden,0.4337681853839609,30,28,True
ai_rhetoric,Herbert Hoover,John Adams,-0.5813498714101987,30,9,True
ai_rhetoric,Herbert Hoover,John F. Kennedy,0.29216541314155403,30,44,True
ai_rhetoric,Herbert Hoover,John Quincy Adams,-0.40417194796824407,30,8,True
ai_rhetoric,Herbert Hoover,John Tyler,-0.5465881933747296,30,18,True
ai_rhetoric,Herbert Hoover,Lyndon B. Johnson,-0.2580403220100419,30,71,True
ai_rhetoric,Herbert Hoover,Martin Van Buren,-0.6167922290739604,30,10,True
ai_rhetoric,Herbert Hoover,Millard Fillmore,-0.38716292896834836,30,7,True
ai_rhetoric,Herbert Hoover,Richard M. Nixon,-0.06667805460871294,30,23,True
ai_rhetoric,Herbert Hoover,Ronald Reagan,0.6467928911754277,30,60,True
ai_rhetoric,Herbert Hoover,Rutherford B. Hayes,-0.0057121390104654945,30,16,True
ai_rhetoric,Herbert Hoover,Theodore Roosevelt,-0.27274282424989127,30,22,True
ai_rhetoric,Herbert Hoover,Thomas Jefferson,-0.5226951965760618,30,24,True
ai_rhetoric,Herbert Hoover,Ulysses S. Grant,-0.1056790624066972,30,32,True
ai_rhetoric,Herbert Hoover,Warren G. Harding,-0.02236019250025391,30,18,True
ai_rhetoric,Herbert Hoover,William Harrison,-0.04630163960769358,30,1,False
ai_rhetoric,Herbert Hoover,William McKinley,-0.41859593930883443,30,14,True
ai_rhetoric,Herbert Hoover,William Taft,-0.24023984240963198,30,12,True
ai_rhetoric,Herbert Hoover,Woodrow Wilson,-0.07212675431164858,30,33,True
ai_rhetoric,Herbert Hoover,Zachary Taylor,-0.4681783855000321,30,4,False
ai_rhetoric,James A. Garfield,James Buchanan,0.576686089706295,1,14,False
ai_rhetoric,James A. Garfield,James K. Polk,-0.2777610107574674,1,25,False
ai_rhetoric,James A. Garfield,James Madison,-0.2817807184249547,1,21,False
ai_rhetoric,James A. Garfield,James Monroe,0.7129858466785435,1,10,False
ai_rhetoric,James A. Garfield,Jimmy Carter,-0.5333650755725536,1,22,False
ai_rhetoric,James A. Garfield,Joe Biden,-0.5974572190797499,1,28,False
ai_rhetoric,James A. Garfield,John Adams,0.6321465711717804,1,9,False
ai_rhetoric,James A. Garfield,John F. Kennedy,-0.16784940106703874,1,44,False
ai_rhetoric,James A. Garfield,John Quincy Adams,0.6005400115156994,1,8,False
ai_rhetoric,James A. Garfield,John Tyler,0.4071212378174113,1,18,False
ai_rhetoric,James A. Garfield,Lyndon B. Johnson,0.6437608752962062,1,71,False
ai_rhetoric,James A. Garfield,Martin Van Buren,0.7232123462334107,1,10,False
ai_rhetoric,James A. Garfield,Millard Fillmore,0.05225254110352379,1,7,False
ai_rhetoric,James A. Garfield,Richard M. Nixon,0.420017973152913,1,23,False
ai_rhetoric,James A. Garfield,Ronald Reagan,-0.174461968905302,1,60,False
ai_rhetoric,James A. Garfield,Rutherford B. Hayes,-0.18772978853308453,1,16,False
ai_rhetoric,James A. Garfield,Theodore Roosevelt,0.04627906732017043,1,22,False
ai_rhetoric,James A. Garfield,Thomas Jefferson,0.0591584096283769,1,24,False
ai_rhetoric,James A. Garfield,Ulysses S. Grant,-0.336619399776871,1,32,False
ai_rhetoric,James A. Garfield,Warren G. Harding,0.664862500840589,1,18,False
ai_rhetoric,James A. Garfield,William Harrison,0.806402862484475,1,1,False
ai_rhetoric,James A. Garfield,William McKinley,0.0144319665141035,1,14,False
ai_rhetoric,James A. Garfield,William Taft,-0.21250895749901416,1,12,False
ai_rhetoric,James A. Garfield,Woodrow Wilson,0.2021988969921061,1,33,False
ai_rhetoric,James A. Garfield,Zachary Taylor,0.31712016088767153,1,4,False
ai_rhetoric,James Buchanan,James K. Polk,0.4371017616951741,14,25,True
ai_rhetoric,James Buchanan,James Madison,0.44612084591944134,14,21,True
ai_rhetoric,James Buchanan,James Monroe,0.4448621146260756,14,10,True
ai_rhetoric,James Buchanan,Jimmy Carter,-0.5264499248900294,14,22,True
ai_rhetoric,James Buchanan,Joe Biden,-0.09712880276497088,14,28,True
ai_rhetoric,James Buchanan,John Adams,0.5190782658448884,14,9,True
ai_rhetoric,James Buchanan,John F. Kennedy,0.18911011481081294,14,44,True
ai_rhetoric,James Buchanan,John Quincy Adams,0.4160922175494328,14,8,True
ai_rhetoric,James Buchanan,John Tyler,0.04571010347007713,14,18,True
ai_rhetoric,James Buchanan,Lyndon B. Johnson,0.7195013548827546,14,71,True
ai_rhetoric,James Buchanan,Martin Van Buren,0.4408121511729364,14,10,True
ai_rhetoric,James Buchanan,Millard Fillmore,-0.39217651224649547,14,7,True
ai_rhetoric,James Buchanan,Richard M. Nixon,0.7393086354065017,14,23,True
ai_rhetoric,James Buchanan,Ronald Reagan,0.19278047869339274,14,60,True
ai_rhetoric,James Buchanan,Rutherford B. Hayes,-0.6110616568917888,14,16,True
ai_rhetoric,James Buchanan,Theodore Roosevelt,-0.5540921202633101,14,22,True
ai_rhetoric,James Buchanan,Thomas Jefferson,-0.016667939011163938,14,24,True
ai_rhetoric,James Buchanan,Ulysses S. Grant,-0.5350969585695281,14,32,True
ai_rhetoric,James Buchanan,Warren G. Harding,0.394747968317433,14,18,True
ai_rhetoric,James Buchanan,William Harrison,0.5051870075389278,14,1,False
ai_rhetoric,James Buchanan,William McKinley,-0.23680783256506613,14,14,True
ai_rhetoric,James Buchanan,William Taft,-0.6235161243294596,14,12,True
ai_rhetoric,James Buchanan,Woodrow Wilson,-0.002877700939363348,14,33,True
ai_rhetoric,James Buchanan,Zachary Taylor,-0.3147973308690415,14,4,False
ai_rhetoric,James K. Polk,James Madison,0.9876367465546119,25,21,True
ai_rhetoric,James K. Polk,James Monroe,-0.10311934099791228,25,10,True
ai_rhetoric,James K. Polk,Jimmy Carter,-0.3571110111883381,25,22,True
ai_rhetoric,James K. Polk,Joe Biden,0.31120398459523124,25,28,True
ai_rhetoric,James K. Polk,John Adams,0.3124628688047753,25,9,True
ai_rhetoric,James K. Polk,John F. Kennedy,0.456060589423733,25,44,True
ai_rhetoric,James K. Polk,John Quincy Adams,0.020128165230069717,25,8,True
ai_rhetoric,James K. Polk,John Tyler,-0.14744329189335215,25,18,True
ai_rhetoric,James K. Polk,Lyndon B. Johnson,-0.10965076993851822,25,71,True
ai_rhetoric,James K. Polk,Martin Van Buren,0.041564862732185015,25,10,True
ai_rhetoric,James K. Polk,Millard Fillmore,-0.37218077225885177,25,7,True
ai_rhetoric,James K. Polk,Richard M. Nixon,0.28740978060554134,25,23,True
ai_rhetoric,James K. Polk,Ronald Reagan,0.0741757037322272,25,60,True
ai_rhetoric,James K. Polk,Rutherford B. Hayes,-0.5338118705190062,25,16,True
ai_rhetoric,James K. Polk,Theodore Roosevelt,-0.6287744301588969,25,22,True
ai_rhetoric,James K. Polk,Thomas Jefferson,0.046209455207068234,25,24,True
ai_rhetoric,James K. Polk,Ulysses S. Grant,-0.43952286803190216,25,32,True
ai_rhetoric,James K. Polk,Warren G. Harding,-0.37395188794960876,25,18,True
ai_rhetoric,James K. Polk,William Harrison,-0.10859507907306995,25,1,False
ai_rhetoric,James K. Polk,William McKinley,-0.08754105512882557,25,14,True
ai_rhetoric,James K. Polk,William Taft,-0.3210228655834955,25,12,True
ai_rhetoric,James K. Polk,Woodrow Wilson,-0.47101438204678225,25,33,True
ai_rhetoric,James K. Polk,Zachary Taylor,-0.4033939618206019,25,4,False
ai_rhetoric,James Madison,James Monroe,-0.07272415256938994,21,10,True
ai_rhetoric,James Madison,Jimmy Carter,-0.337639851411367,21,22,True
ai_rhetoric,James Madison,Joe Biden,0.31213039498563894,21,28,True
ai_rhetoric,James Madison,John Adams,0.34547006847815454,21,9,True
ai_rhetoric,James Madison,John F. Kennedy,0.43515481650919546,21,44,True
ai_rhetoric,James Madison,John Quincy Adams,0.007772033320806504,21,8,True
ai_rhetoric,James Madison,John Tyler,-0.1480102805560903,21,18,True
ai_rhetoric,James Madison,Lyndon B. Johnson,-0.1572022262410875,21,71,True
ai_rhetoric,James Madison,Martin Van Buren,0.0631192350525227,21,10,True
ai_rhetoric,James Madison,Millard Fillmore,-0.35759705509055884,21,7,True
ai_rhetoric,James Madison,Richard M. Nixon,0.21336671813192526,21,23,True
ai_rhetoric,James Madison,Ronald Reagan,0.08241745977280471,21,60,True
ai_rhetoric,James Madison,Rutherford B. Hayes,-0.5743207499196855,21,16,True
ai_rhetoric,James Madison,Theodore Roosevelt,-0.6000034686825962,21,22,True
ai_rhetoric,James Madison,Thomas Jefferson,0.09595221144739373,21,24,True
ai_rhetoric,James Madison,Ulysses S. Grant,-0.45486970488447986,21,32,True
ai_rhetoric,James Madison,Warren G. Harding,-0.4177261373303194,21,18,True
ai_rhetoric,James Madison,William Harrison,-0.08475910775602047,21,1,False
ai_rhetoric,James Madison,William McKinley,-0.09541262640971354,21,14,True
ai_rhetoric,James Madison,William Taft,-0.3211520737315057,21,12,True
ai_rhetoric,James Madison,Woodrow Wilson,-0.41612110080622444,21,33,True
ai_rhetoric,James Madison,Zachary Taylor,-0.40836301472353265,21,4,False
ai_rhetoric,James Monroe,Jimmy Carter,-0.7166728462858802,10,22,True
ai_rhetoric,James Monroe,Joe Biden,-0.9127855008369515,10,28,True
ai_rhetoric,James Monroe,John Adams,0.8225001204722098,10,9,True
ai_rhetoric,James Monroe,John F. Kennedy,-0.6780536021309365,10,44,True
ai_rhetoric,James Monroe,John Quincy Adams,0.8988122898684376,10,8,True
ai_rhetoric,James Monroe,John Tyler,0.876318280030079,10,18,True
ai_rhetoric,James Monroe,Lyndon B. Johnson,0.2518672107494009,10,71,True
ai_rhetoric,James Monroe,Martin Van Buren,0.9618617122217987,10,10,True
ai_rhetoric,James Monroe,Millard Fillmore,0.5882792347953937,10,7,True
ai_rhetoric,James Monroe,Richard M. Nixon,-0.06331816706363076,10,23,True
ai_rhetoric,James Monroe,Ronald Reagan,-0.6771214360590355,10,60,True
ai_rhetoric,James Monroe,Rutherford B. Hayes,0.1954290340767643,10,16,True
ai_rhetoric,James Monroe,Theodore Roosevelt,0.25315726484085493,10,22,True
ai_rhetoric,James Monroe,Thomas Jefferson,0.7360437387831654,10,24,True
ai_rhetoric,James Monroe,Ulysses S. Grant,0.12695718947969653,10,32,True
ai_rhetoric,James Monroe,Warren G. Harding,0.029491738827412822,10,18,True
ai_rhetoric,James Monroe,William Harrison,0.29154210560765664,10,1,False
ai_rhetoric,James Monroe,William McKinley,0.6297303541301736,10,14,True
ai_rhetoric,James Monroe,William Taft,0.32938369329113887,10,12,True
ai_rhetoric,James Monroe,Woodrow Wilson,-0.13014185175941578,10,33,True
ai_rhetoric,James Monroe,Zachary Taylor,0.6609570413609449,10,4,False
ai_rhetoric,Jimmy Carter,Joe Biden,0.5693060346048828,22,28,True
ai_rhetoric,Jimmy Carter,John Adams,-0.7651938294142027,22,9,True
ai_rhetoric,Jimmy Carter,John F. Kennedy,0.2605172763506165,22,44,True
ai_rhetoric,Jimmy Carter,John Quincy Adams,-0.5893598322132272,22,8,True
ai_rhetoric,Jimmy Carter,John Tyler,-0.6251310616849834,22,18,True
ai_rhetoric,Jimmy Carter,Lyndon B. Johnson,-0.3220714267197403,22,71,True
ai_rhetoric,Jimmy Carter,Martin Van Buren,-0.7851270437429245,22,10,True
ai_rhetoric,Jimmy Carter,Millard Fillmore,-0.33795883563672174,22,7,True
ai_rhetoric,Jimmy Carter,Richard M. Nixon,-0.18110441207820882,22,23,True
ai_rhetoric,Jimmy Carter,Ronald Reagan,0.6458401036257694,22,60,True
ai_rhetoric,Jimmy Carter,Rutherford B. Hayes,0.06624277417959838,22,16,True
ai_rhetoric,Jimmy Carter,Theodore Roosevelt,-0.15415454159828867,22,22,True
ai_rhetoric,Jimmy Carter,Thomas Jefferson,-0.49276216844524656,22,24,True
ai_rhetoric,Jimmy Carter,Ulysses S. Grant,0.06694910357032022,22,32,True
ai_rhetoric,Jimmy Carter,Warren G. Harding,-0.11819964549051268,22,18,True
ai_rhetoric,Jimmy Carter,William Harrison,-0.26184623747647356,22,1,False
ai_rhetoric,Jimmy Carter,William McKinley,-0.41673695982838344,22,14,True
ai_rhetoric,Jimmy Carter,William Taft,-0.15819828528538202,22,12,True
ai_rhetoric,Jimmy Carter,Woodrow Wilson,0.05581978713397431,22,33,True
ai_rhetoric,Jimmy Carter,Zachary Taylor,-0.49947753404863193,22,4,False
ai_rhetoric,Joe Biden,John Adams,-0.6656508412393873,28,9,True
ai_rhetoric,Joe Biden,John F. Kennedy,0.8196724143853774,28,44,True
ai_rhetoric,Joe Biden,John Quincy Adams,-0.887055103890511,28,8,True
ai_rhetoric,Joe Biden,John Tyler,-0.9634204554082784,28,18,True
ai_rhetoric,Joe Biden,Lyndon B. Johnson,-0.07092615164206151,28,71,True
ai_rhetoric,Joe Biden,Martin Van Buren,-0.8746228316372142,28,10,True
ai_rhetoric,Joe Biden,Millard Fillmore,-0.781695293962268,28,7,True
ai_rhetoric,Joe Biden,Richard M. Nixon,0.25346502591747544,28,23,True
ai_rhetoric,Joe Biden,Ronald Reagan,0.8113959961067061,28,60,True
ai_rhetoric,Joe Biden,Rutherford B. Hayes,-0.5212883650714211,28,16,True
ai_rhetoric,Joe Biden,Theodore Roosevelt,-0.4314764039890202,28,22,True
ai_rhetoric,Joe Biden,Thomas Jefferson,-0.7551011127236432,28,24,True
ai_rhetoric,Joe Biden,Ulysses S. Grant,-0.3675000901627783,28,32,True
ai_rhetoric,Joe Biden,Warren G. Harding,0.05786265580194874,28,18,True
ai_rhetoric,Joe Biden,William Harrison,-0.10965214442162596,28,1,False
ai_rhetoric,Joe Biden,William McKinley,-0.8029581185289378,28,14,True
ai_rhetoric,Joe Biden,William Taft,-0.5972118710036631,28,12,True
ai_rhetoric,Joe Biden,Woodrow Wilson,0.24329652061533116,28,33,True
ai_rhetoric,Joe Biden,Zachary Taylor,-0.8518935216647214,28,4,False
ai_rhetoric,John Adams,John F. Kennedy,-0.23738546298589505,9,44,True
ai_rhetoric,John Adams,John Quincy Adams,0.7640442157412854,9,8,True
ai_rhetoric,John Adams,John Tyler,0.6531005576693139,9,18,True
ai_rhetoric,John Adams,Lyndon B. Johnson,0.05348724396314258,9,71,True
ai_rhetoric,John Adams,Martin Van Buren,0.9338568697170224,9,10,True
ai_rhetoric,John Adams,Millard Fillmore,0.2695936967526765,9,7,True
ai_rhetoric,John Adams,Richard M. Nixon,0.021791509223221373,9,23,True
ai_rhetoric,John Adams,Ronald Reagan,-0.5252058311972928,9,60,True
ai_rhetoric,John Adams,Rutherford B. Hayes,-0.22530234143920402,9,16,True
ai_rhetoric,John Adams,Theodore Roosevelt,-0.05244320018984083,9,22,True
ai_rhetoric,John Adams,Thomas Jefferson,0.5622004853613367,9,24,True
ai_rhetoric,John Adams,Ulysses S. Grant,-0.3333332312492382,9,32,True
ai_rhetoric,John Adams,Warren G. Harding,-0.07728402902317588,9,18,True
ai_rhetoric,John Adams,William Harrison,0.48464565954849326,9,1,False
ai_rhetoric,John Adams,William McKinley,0.40230084634902086,9,14,True
ai_rhetoric,John Adams,William Taft,0.07395493042443936,9,12,True
ai_rhetoric,John Adams,Woodrow Wilson,-0.2895784361956456,9,33,True
ai_rhetoric,John Adams,Zachary Taylor,0.4283063803464592,9,4,False
ai_rhetoric,John F. Kennedy,John Quincy Adams,-0.6235571971982107,44,8,True
ai_rhetoric,John F. Kennedy,John Tyler,-0.8559984399426028,44,18,True
ai_rhetoric,John F. Kennedy,Lyndon B. Johnson,0.09645289173407963,44,71,True
ai_rhetoric,John F. Kennedy,Martin Van Buren,-0.5239325199388459,44,10,True
ai_rhetoric,John F. Kennedy,Millard Fillmore,-0.925856614653676,44,7,True
ai_rhetoric,John F. Kennedy,Richard M. Nixon,0.526779208654891,44,23,True
ai_rhetoric,John F. Kennedy,Ronald Reagan,0.7684404291149814,44,60,True
ai_rhetoric,John F. Kennedy,Rutherford B. Hayes,-0.8083080904291109,44,16,True
ai_rhetoric,John F. Kennedy,Theodore Roosevelt,-0.6234428087578674,44,22,True
ai_rhetoric,John F. Kennedy,Thomas Jefferson,-0.8289811490174446,44,24,True
ai_rhetoric,John F. Kennedy,Ulysses S. Grant,-0.7933821303717655,44,32,True
ai_rhetoric,John F. Kennedy,Warren G. Harding,0.290247711941117,44,18,True
ai_rhetoric,John F. Kennedy,William Harrison,0.3634274061069223,44,1,False
ai_rhetoric,John F. Kennedy,William McKinley,-0.8729323785018499,44,14,True
ai_rhetoric,John F. Kennedy,William Taft,-0.810876801221605,44,12,True
ai_rhetoric,John F. Kennedy,Woodrow Wilson,0.1245652377282612,44,33,True
ai_rhetoric,John F. Kennedy,Zachary Taylor,-0.7985666567737004,44,4,False
ai_rhetoric,John Quincy Adams,John Tyler,0.8604596942657184,8,18,True
ai_rhetoric,John Quincy Adams,Lyndon B. Johnson,0.19603237512166152,8,71,True
ai_rhetoric,John Quincy Adams,Martin Van Buren,0.8836310448723823,8,10,True
ai_rhetoric,John Quincy Adams,Millard Fillmore,0.5021391847680312,8,7,True
ai_rhetoric,John Quincy Adams,Richard M. Nixon,0.04907465692806834,8,23,True
ai_rhetoric,John Quincy Adams,Ronald Reagan,-0.6061047735120714,8,60,True
ai_rhetoric,John Quincy Adams,Rutherford B. Hayes,0.26403810191180543,8,16,True
ai_rhetoric,John Quincy Adams,Theodore Roosevelt,-0.022582378382759505,8,22,True
ai_rhetoric,John Quincy Adams,Thomas Jefferson,0.6791033085324849,8,24,True
ai_rhetoric,John Quincy Adams,Ulysses S. Grant,0.1182209480626929,8,32,True
ai_rhetoric,John Quincy Adams,Warren G. Harding,-0.09722844589477769,8,18,True
ai_rhetoric,John Quincy Adams,William Harrison,0.1439885154154166,8,1,False
ai_rhetoric,John Quincy Adams,William McKinley,0.6823457240044116,8,14,True
ai_rhetoric,John Quincy Adams,William Taft,0.30287650403101546,8,12,True
ai_rhetoric,John Quincy Adams,Woodrow Wilson,-0.5121790011777881,8,33,True
ai_rhetoric,John Quincy Adams,Zachary Taylor,0.5455916066261317,8,4,False
ai_rhetoric,John Tyler,Lyndon B. Johnson,-0.0618305150464912,18,71,True
ai_rhetoric,John Tyler,Martin Van Buren,0.842947033630894,18,10,True
ai_rhetoric,John Tyler,Millard Fillmore,0.8595790436454392,18,7,True
ai_rhetoric,John Tyler,Richard M. Nixon,-0.35608586639087925,18,23,True
ai_rhetoric,John Tyler,Ronald Reagan,-0.911644260768468,18,60,True
ai_rhetoric,John Tyler,Rutherford B. Hayes,0.5779720355754009,18,16,True
ai_rhetoric,John Tyler,Theodore Roosevelt,0.447235583791765,18,22,True
ai_rhetoric,John Tyler,Thomas Jefferson,0.8788119481196784,18,24,True
ai_rhetoric,John Tyler,Ulysses S. Grant,0.47322212723631163,18,32,True
ai_rhetoric,John Tyler,Warren G. Harding,-0.2608670177322169,18,18,True
ai_rhetoric,John Tyler,William Harrison,-0.09621660987657987,18,1,False
ai_rhetoric,John Tyler,William McKinley,0.9159383355035859,18,14,True
ai_rhetoric,John Tyler,William Taft,0.7111194566913585,18,12,True
ai_rhetoric,John Tyler,Woodrow Wilson,-0.3369511805156612,18,33,True
ai_rhetoric,John Tyler,Zachary Taylor,0.8713260293891721,18,4,False
ai_rhetoric,Lyndon B. Johnson,Martin Van Buren,0.16170470953718477,71,10,True
ai_rhetoric,Lyndon B. Johnson,Millard Fillmore,-0.3256825952888984,71,7,True
ai_rhetoric,Lyndon B. Johnson,Richard M. Nixon,0.8308736953240113,71,23,True
ai_rhetoric,Lyndon B. Johnson,Ronald Reagan,0.25801710641097875,71,60,True
ai_rhetoric,Lyndon B. Johnson,Rutherford B. Hayes,-0.2601386303638858,71,16,True
ai_rhetoric,Lyndon B. Johnson,Theodore Roosevelt,-0.2215702101774463,71,22,True
ai_rhetoric,Lyndon B. Johnson,Thomas Jefferson,-0.32581245007256737,71,24,True
ai_rhetoric,Lyndon B. Johnson,Ulysses S. Grant,-0.22128700319293365,71,32,True
ai_rhetoric,Lyndon B. Johnson,Warren G. Harding,0.8352466847298504,71,18,True
ai_rhetoric,Lyndon B. Johnson,William Harrison,0.461900046276296,71,1,False
ai_rhetoric,Lyndon B. Johnson,William McKinley,-0.3381998234264103,71,14,True
ai_rhetoric,Lyndon B. Johnson,William Taft,-0.5311864819125637,71,12,True
ai_rhetoric,Lyndon B. Johnson,Woodrow Wilson,0.35192554187238945,71,33,True
ai_rhetoric,Lyndon B. Johnson,Zachary Taylor,-0.19612702976499286,71,4,False
ai_rhetoric,Martin Van Buren,Millard Fillmore,0.5084618532800886,10,7,True
ai_rhetoric,Martin Van Buren,Richard M. Nixon,-0.04236599909126036,10,23,True
ai_rhetoric,Martin Van Buren,Ronald Reagan,-0.6853111878703988,10,60,True
ai_rhetoric,Martin Van Buren,Rutherford B. Hayes,0.06796282181619304,10,16,True
ai_rhetoric,Martin Van Buren,Theodore Roosevelt,0.17533530379769796,10,22,True
ai_rhetoric,Martin Van Buren,Thomas Jefferson,0.6816064090884894,10,24,True
ai_rhetoric,Martin Van Buren,Ulysses S. Grant,-0.048452306892005914,10,32,True
ai_rhetoric,Martin Van Buren,Warren G. Harding,0.0036389585376279954,10,18,True
ai_rhetoric,Martin Van Buren,William Harrison,0.3929150172337253,10,1,False
ai_rhetoric,Martin Van Buren,William McKinley,0.5856221803586475,10,14,True
ai_rhetoric,Martin Van Buren,William Taft,0.2772933879510562,10,12,True
ai_rhetoric,Martin Van Buren,Woodrow Wilson,-0.21608384175186324,10,33,True
ai_rhetoric,Martin Van Buren,Zachary Taylor,0.6468448191080036,10,4,False
ai_rhetoric,Millard Fillmore,Richard M. Nixon,-0.6999187444291819,7,23,True
ai_rhetoric,Millard Fillmore,Ronald Reagan,-0.9121872517405262,7,60,True
ai_rhetoric,Millard Fillmore,Rutherford B. Hayes,0.8238507279736499,7,16,True
ai_rhetoric,Millard Fillmore,Theodore Roosevelt,0.7693363395719947,7,22,True
ai_rhetoric,Millard Fillmore,Thomas Jefferson,0.8449976596150386,7,24,True
ai_rhetoric,Millard Fillmore,Ulysses S. Grant,0.7838176001095946,7,32,True
ai_rhetoric,Millard Fillmore,Warren G. Harding,-0.39927147563980386,7,18,True
ai_rhetoric,Millard Fillmore,William Harrison,-0.39276930518830583,7,1,False
ai_rhetoric,Millard Fillmore,William McKinley,0.9225020720772183,7,14,True
ai_rhetoric,Millard Fillmore,William Taft,0.9502190630019441,7,12,True
ai_rhetoric,Millard Fillmore,Woodrow Wilson,-0.12205645798857323,7,33,True
ai_rhetoric,Millard Fillmore,Zachary Taylor,0.9250005161425451,7,4,False
ai_rhetoric,Richard M. Nixon,Ronald Reagan,0.5242409373253635,23,60,True
ai_rhetoric,Richard M. Nixon,Rutherford B. Hayes,-0.5536500434119247,23,16,True
ai_rhetoric,Richard M. Nixon,Theodore Roosevelt,-0.669234906683075,23,22,True
ai_rhetoric,Richard M. Nixon,Thomas Jefferson,-0.5795710902533069,23,24,True
ai_rhetoric,Richard M. Nixon,Ulysses S. Grant,-0.5630260616069137,23,32,True
ai_rhetoric,Richard M. Nixon,Warren G. Harding,0.6842220414363192,23,18,True
ai_rhetoric,Richard M. Nixon,William Harrison,0.45448566911587707,23,1,False
ai_rhetoric,Richard M. Nixon,William McKinley,-0.5620322787157982,23,14,True
ai_rhetoric,Richard M. Nixon,William Taft,-0.7988877357451277,23,12,True
ai_rhetoric,Richard M. Nixon,Woodrow Wilson,0.02717526665141183,23,33,True
ai_rhetoric,Richard M. Nixon,Zachary Taylor,-0.5535378763937542,23,4,False
ai_rhetoric,Ronald Reagan,Rutherford B. Hayes,-0.6263291867378491,60,16,True
ai_rhetoric,Ronald Reagan,Theodore Roosevelt,-0.6319868177888017,60,22,True
ai_rhetoric,Ronald Reagan,Thomas Jefferson,-0.8445614721937168,60,24,True
ai_rhetoric,Ronald Reagan,Ulysses S. Grant,-0.5562467220802856,60,32,True
ai_rhetoric,Ronald Reagan,Warren G. Harding,0.357793084798647,60,18,True
ai_rhetoric,Ronald Reagan,William Harrison,0.24096703502427796,60,1,False
ai_rhetoric,Ronald Reagan,William McKinley,-0.9147812091216343,60,14,True
ai_rhetoric,Ronald Reagan,William Taft,-0.8473459947065693,60,12,True
ai_rhetoric,Ronald Reagan,Woodrow Wilson,0.23598283638345458,60,33,True
ai_rhetoric,Ronald Reagan,Zachary Taylor,-0.9337697078336213,60,4,False
ai_rhetoric,Rutherford B. Hayes,Theodore Roosevelt,0.6422725689842543,16,22,True
ai_rhetoric,Rutherford B. Hayes,Thomas Jefferson,0.5049981448128045,16,24,True
ai_rhetoric,Rutherford B. Hayes,Ulysses S. Grant,0.9343026690341804,16,32,True
ai_rhetoric,Rutherford B. Hayes,Warren G. Harding,-0.30518949200185785,16,18,True
ai_rhetoric,Rutherford B. Hayes,William Harrison,-0.631559257344075,16,1,False
ai_rhetoric,Rutherford B. Hayes,William McKinley,0.7577917471696931,16,14,True
ai_rhetoric,Rutherford B. Hayes,William Taft,0.8769003389386604,16,12,True
ai_rhetoric,Rutherford B. Hayes,Woodrow Wilson,-0.1853796114690409,16,33,True
ai_rhetoric,Rutherford B. Hayes,Zachary Taylor,0.6931282384442514,16,4,False
ai_rhetoric,Theodore Roosevelt,Thomas Jefferson,0.4122855844142473,22,24,True
ai_rhetoric,Theodore Roosevelt,Ulysses S. Grant,0.6563865652944287,22,32,True
ai_rhetoric,Theodore Roosevelt,Warren G. Harding,-0.015639659375933854,22,18,True
ai_rhetoric,Theodore Roosevelt,William Harrison,-0.16400590090365388,22,1,False
ai_rhetoric,Theodore Roosevelt,William McKinley,0.4739018643781143,22,14,True
ai_rhetoric,Theodore Roosevelt,William Taft,0.750369467878031,22,12,True
ai_rhetoric,Theodore Roosevelt,Woodrow Wilson,0.47685219508041893,22,33,True
ai_rhetoric,Theodore Roosevelt,Zachary Taylor,0.7853519750649895,22,4,False
ai_rhetoric,Thomas Jefferson,Ulysses S. Grant,0.5296031403878854,24,32,True
ai_rhetoric,Thomas Jefferson,Warren G. Harding,-0.5998497519663173,24,18,True
ai_rhetoric,Thomas Jefferson,William Harrison,-0.3419256434158149,24,1,False
ai_rhetoric,Thomas Jefferson,William McKinley,0.9075732384040176,24,14,True
ai_rhetoric,Thomas Jefferson,William Taft,0.741327065572901,24,12,True
ai_rhetoric,Thomas Jefferson,Woodrow Wilson,-0.34142889260195686,24,33,True
ai_rhetoric,Thomas Jefferson,Zachary Taylor,0.7133414609452227,24,4,False
ai_rhetoric,Ulysses S. Grant,Warren G. Harding,-0.35379669529472646,32,18,True
ai_rhetoric,Ulysses S. Grant,William Harrison,-0.7596021327319151,32,1,False
ai_rhetoric,Ulysses S. Grant,William McKinley,0.6885798091607547,32,14,True
ai_rhetoric,Ulysses S. Grant,William Taft,0.8289543238806677,32,12,True
ai_rhetoric,Ulysses S. Grant,Woodrow Wilson,-0.030574728036383753,32,33,True
ai_rhetoric,Ulysses S. Grant,Zachary Taylor,0.5697495292194593,32,4,False
ai_rhetoric,Warren G. Harding,William Harrison,0.6868271310995994,18,1,False
ai_rhetoric,Warren G. Harding,William McKinley,-0.5513863916185027,18,14,True
ai_rhetoric,Warren G. Harding,William Taft,-0.5404230506249145,18,12,True
ai_rhetoric,Warren G. Harding,Woodrow Wilson,0.6022668736032787,18,33,True
ai_rhetoric,Warren G. Harding,Zachary Taylor,-0.1489627135514735,18,4,False
ai_rhetoric,William Harrison,William McKinley,-0.4660439940882255,1,14,False
ai_rhetoric,William Harrison,William Taft,-0.5696661357169018,1,12,False
ai_rhetoric,William Harrison,Woodrow Wilson,0.3584637322854817,1,33,False
ai_rhetoric,William Harrison,Zachary Taylor,-0.08303707386557756,1,4,False
ai_rhetoric,William McKinley,William Taft,0.8832321123184226,14,12,True
ai_rhetoric,William McKinley,Woodrow Wilson,-0.4728051275864559,14,33,True
ai_rhetoric,William McKinley,Zachary Taylor,0.8252271583130295,14,4,False
ai_rhetoric,William Taft,Woodrow Wilson,-0.2040456051820264,12,33,True
ai_rhetoric,William Taft,Zachary Taylor,0.8456779399396824,12,4,False
ai_rhetoric,Woodrow Wilson,Zachary Taylor,-0.03907714516191928,33,4,False
rhetorical_fingerprint,Abraham Lincoln,Andrew Jackson,-0.08097336635021524,15,26,True
rhetorical_fingerprint,Abraham Lincoln,Andrew Johnson,0.20782675016743674,15,31,True
rhetorical_fingerprint,Abraham Lincoln,Barack Obama,0.3127093824465356,15,51,True
rhetorical_fingerprint,Abraham Lincoln,Benjamin Harrison,-0.3374327937076353,15,16,True
rhetorical_fingerprint,Abraham Lincoln,Bill Clinton,0.2798493322982448,15,39,True
rhetorical_fingerprint,Abraham Lincoln,Calvin Coolidge,-0.5711139823045598,15,12,True
rhetorical_fingerprint,Abraham Lincoln,Chester A. Arthur,-0.2886451836983463,15,11,True
rhetorical_fingerprint,Abraham Lincoln,Donald Trump,0.6049932113190928,15,53,True
rhetorical_fingerprint,Abraham Lincoln,Dwight D. Eisenhower,-0.6593581499256786,15,15,True
rhetorical_fingerprint,Abraham Lincoln,Franklin D. Roosevelt,0.4855611640503323,15,49,True
rhetorical_fingerprint,Abraham Lincoln,Franklin Pierce,-0.12638985375203926,15,15,True
rhetorical_fingerprint,Abraham Lincoln,George H. W. Bush,0.11851453028794777,15,23,True
rhetorical_fingerprint,Abraham Lincoln,George W. Bush,0.1317358095267003,15,38,True
rhetorical_fingerprint,Abraham Lincoln,George Washington,-0.22308607560484872,15,21,True
rhetorical_fingerprint,Abraham Lincoln,Gerald Ford,-0.7297804003530625,15,14,True
rhetorical_fingerprint,Abraham Lincoln,Grover Cleveland,0.008983806064564975,15,32,True
rhetorical_fingerprint,Abraham Lincoln,Harry S. Truman,0.552482444439486,15,19,True
rhetorical_fingerprint,Abraham Lincoln,Herbert Hoover,-0.16602882699833355,15,30,True
rhetorical_fingerprint,Abraham Lincoln,James A. Garfield,0.17147416071879631,15,1,False
rhetorical_fingerprint,Abraham Lincoln,James Buchanan,0.5380147516103431,15,14,True
rhetorical_fingerprint,Abraham Lincoln,James K. Polk,0.38997157337509525,15,25,True
rhetorical_fingerprint,Abraham Lincoln,James Madison,-0.2686930646889153,15,21,True
rhetorical_fingerprint,Abraham Lincoln,James Monroe,-0.011946628609483126,15,10,True
rhetorical_fingerprint,Abraham Lincoln,Jimmy Carter,-0.1638870329312967,15,22,True
rhetorical_fingerprint,Abraham Lincoln,Joe Biden,0.49271560671412673,15,28,True
rhetorical_fingerprint,Abraham Lincoln,John Adams,-0.45326065912927505,15,9,True
rhetorical_fingerprint,Abraham Lincoln,John F. Kennedy,-0.14661024362167865,15,44,True
rhetorical_fingerprint,Abraham Lincoln,John Quincy Adams,-0.3961970218968542,15,8,True
rhetorical_fingerprint,Abraham Lincoln,John Tyler,-0.015654569765258024,15,18,True
rhetorical_fingerprint,Abraham Lincoln,Lyndon B. Johnson,-0.049958736518615564,15,71,True
rhetorical_fingerprint,Abraham Lincoln,Martin Van Buren,0.015247642594115485,15,10,True
rhetorical_fingerprint,Abraham Lincoln,Millard Fillmore,-0.10841572028770323,15,7,True
rhetorical_fingerprint,Abraham Lincoln,Richard M. Nixon,0.19030039244928174,15,23,True
rhetorical_fingerprint,Abraham Lincoln,Ronald Reagan,0.2910891307721649,15,60,True
rhetorical_fingerprint,Abraham Lincoln,Rutherford B. Hayes,-0.2905363203425565,15,16,True
rhetorical_fingerprint,Abraham Lincoln,Theodore Roosevelt,-0.0012246660058780057,15,22,True
rhetorical_fingerprint,Abraham Lincoln,Thomas Jefferson,0.013814589754907906,15,24,True
rhetorical_fingerprint,Abraham Lincoln,Ulysses S. Grant,-0.06904141679771425,15,32,True
rhetorical_fingerprint,Abraham Lincoln,Warren G. Harding,-0.2569434679011083,15,18,True
rhetorical_fingerprint,Abraham Lincoln,William Harrison,0.5390214778677569,15,1,False
rhetorical_fingerprint,Abraham Lincoln,William McKinley,-0.555459954739573,15,14,True
rhetorical_fingerprint,Abraham Lincoln,William Taft,-0.2769253253434143,15,12,True
rhetorical_fingerprint,Abraham Lincoln,Woodrow Wilson,0.39892920569411333,15,33,True
rhetorical_fingerprint,Abraham Lincoln,Zachary Taylor,-0.4516992740858863,15,4,False
rhetorical_fingerprint,Andrew Jackson,Andrew Johnson,0.7843005000359031,26,31,True
rhetorical_fingerprint,Andrew Jackson,Barack Obama,-0.8326036654228415,26,51,True
rhetorical_fingerprint,Andrew Jackson,Benjamin Harrison,0.2472480638091275,26,16,True
rhetorical_fingerprint,Andrew Jackson,Bill Clinton,-0.6681389260894927,26,39,True
rhetorical_fingerprint,Andrew Jackson,Calvin Coolidge,-0.3729955899850878,26,12,True
rhetorical_fingerprint,Andrew Jackson,Chester A. Arthur,0.3725266452602447,26,11,True
rhetorical_fingerprint,Andrew Jackson,Donald Trump,-0.28468974777388095,26,53,True
rhetorical_fingerprint,Andrew Jackson,Dwight D. Eisenhower,-0.4772986763166317,26,15,True
rhetorical_fingerprint,Andrew Jackson,Franklin D. Roosevelt,-0.6264855651771112,26,49,True
rhetorical_fingerprint,Andrew Jackson,Franklin Pierce,0.7383265117422838,26,15,True
rhetorical_fingerprint,Andrew Jackson,George H. W. Bush,-0.6805363426822635,26,23,True
rhetorical_fingerprint,Andrew Jackson,George W. Bush,-0.7067947060205299,26,38,True
rhetorical_fingerprint,Andrew Jackson,George Washington,0.40472634071804947,26,21,True
rhetorical_fingerprint,Andrew Jackson,Gerald Ford,-0.4947272022544929,26,14,True
rhetorical_fingerprint,Andrew Jackson,Grover Cleveland,0.32915845586163917,26,32,True
rhetorical_fingerprint,Andrew Jackson,Harry S. Truman,-0.29851041493263786,26,19,True
rhetorical_fingerprint,Andrew Jackson,Herbert Hoover,-0.024073665648699616,26,30,True
rhetorical_fingerprint,Andrew Jackson,James A. Garfield,-0.4300516361465337,26,1,False
rhetorical_fingerprint,Andrew Jackson,James Buchanan,0.459048154787548,26,14,True
rhetorical_fingerprint,Andrew Jackson,James K. Polk,0.6106356860162326,26,25,True
rhetorical_fingerprint,Andrew Jackson,James Madison,0.21429186997285826,26,21,True
rhetorical_fingerprint,Andrew Jackson,James Monroe,0.35545997572649296,26,10,True
rhetorical_fingerprint,Andrew Jackson,Jimmy Carter,-0.2328752096418058,26,22,True
rhetorical_fingerprint,Andrew Jackson,Joe Biden,-0.7578937368376191,26,28,True
rhetorical_fingerprint,Andrew Jackson,John Adams,0.19919965554867525,26,9,True
rhetorical_fingerprint,Andrew Jackson,John F. Kennedy,-0.34575306224572777,26,44,True
rhetorical_fingerprint,Andrew Jackson,John Quincy Adams,0.36866823371673296,26,8,True
rhetorical_fingerprint,Andrew Jackson,John Tyler,0.6321876209069461,26,18,True
rhetorical_fingerprint,Andrew Jackson,Lyndon B. Johnson,-0.3310223854419968,26,71,True
rhetorical_fingerprint,Andrew Jackson,Martin Van Buren,0.6276936075096323,26,10,True
rhetorical_fingerprint,Andrew Jackson,Millard Fillmore,0.735796627146677,26,7,True
rhetorical_fingerprint,Andrew Jackson,Richard M. Nixon,-0.04737984604920157,26,23,True
rhetorical_fingerprint,Andrew Jackson,Ronald Reagan,-0.8292934677811753,26,60,True
rhetorical_fingerprint,Andrew Jackson,Rutherford B. Hayes,0.7818254166368528,26,16,True
rhetorical_fingerprint,Andrew Jackson,Theodore Roosevelt,0.11621904531529823,26,22,True
rhetorical_fingerprint,Andrew Jackson,Thomas Jefferson,0.16788239132503194,26,24,True
rhetorical_fingerprint,Andrew Jackson,Ulysses S. Grant,0.7282763857767486,26,32,True
rhetorical_fingerprint,Andrew Jackson,Warren G. Harding,-0.5089178689281827,26,18,True
rhetorical_fingerprint,Andrew Jackson,William Harrison,0.5022456438656213,26,1,False
rhetorical_fingerprint,Andrew Jackson,William McKinley,-0.06261043001242225,26,14,True
rhetorical_fingerprint,Andrew Jackson,William Taft,0.6499272448504079,26,12,True
rhetorical_fingerprint,Andrew Jackson,Woodrow Wilson,0.1258970521720748,26,33,True
rhetorical_fingerprint,Andrew Jackson,Zachary Taylor,0.5464780086978641,26,4,False
rhetorical_fingerprint,Andrew Johnson,Barack Obama,-0.8104847601799681,31,51,True
rhetorical_fingerprint,Andrew Johnson,Benjamin Harrison,0.13117085560180472,31,16,True
rhetorical_fingerprint,Andrew Johnson,Bill Clinton,-0.6328745792315914,31,39,True
rhetorical_fingerprint,Andrew Johnson,Calvin Coolidge,-0.6752044695017855,31,12,True
rhetorical_fingerprint,Andrew Johnson,Chester A. Arthur,0.08387086892325035,31,11,True
rhetorical_fingerprint,Andrew Johnson,Donald Trump,-0.2525991853597438,31,53,True
rhetorical_fingerprint,Andrew Johnson,Dwight D. Eisenhower,-0.4433598909798323,31,15,True
rhetorical_fingerprint,Andrew Johnson,Franklin D. Roosevelt,-0.20900549707763208,31,49,True
rhetorical_fingerprint,Andrew Johnson,Franklin Pierce,0.46910542204884015,31,15,True
rhetorical_fingerprint,Andrew Johnson,George H. W. Bush,-0.5257468421300141,31,23,True
rhetorical_fingerprint,Andrew Johnson,George W. Bush,-0.32085274365682503,31,38,True
rhetorical_fingerprint,Andrew Johnson,George Washington,0.2640003769656546,31,21,True
rhetorical_fingerprint,Andrew Johnson,Gerald Ford,-0.5564021304697395,31,14,True
rhetorical_fingerprint,Andrew Johnson,Grover Cleveland,0.3003117780359341,31,32,True
rhetorical_fingerprint,Andrew Johnson,Harry S. Truman,0.024341267448298134,31,19,True
rhetorical_fingerprint,Andrew Johnson,Herbert Hoover,0.0768437919111152,31,30,True
rhetorical_fingerprint,Andrew Johnson,James A. Garfield,-0.17035518736591226,31,1,False
rhetorical_fingerprint,Andrew Johnson,James Buchanan,0.7632736609699017,31,14,True
rhetorical_fingerprint,Andrew Johnson,James K. Polk,0.6045603457293134,31,25,True
rhetorical_fingerprint,Andrew Johnson,James Madison,0.08404824904624994,31,21,True
rhetorical_fingerprint,Andrew Johnson,James Monroe,-0.06111624650431682,31,10,True
rhetorical_fingerprint,Andrew Johnson,Jimmy Carter,-0.0551368894417704,31,22,True
rhetorical_fingerprint,Andrew Johnson,Joe Biden,-0.4775527188471083,31,28,True
rhetorical_fingerprint,Andrew Johnson,John Adams,0.08405720205812521,31,9,True
rhetorical_fingerprint,Andrew Johnson,John F. Kennedy,-0.32395773014755636,31,44,True
rhetorical_fingerprint,Andrew Johnson,John Quincy Adams,-0.20282240520108813,31,8,True
rhetorical_fingerprint,Andrew Johnson,John Tyler,0.6012781437137118,31,18,True
rhetorical_fingerprint,Andrew Johnson,Lyndon B. Johnson,-0.24288904522664675,31,71,True
rhetorical_fingerprint,Andrew Johnson,Martin Van Buren,0.38321707859380494,31,10,True
rhetorical_fingerprint,Andrew Johnson,Millard Fillmore,0.4932516870681396,31,7,True
rhetorical_fingerprint,Andrew Johnson,Richard M. Nixon,0.2775989885183603,31,23,True
rhetorical_fingerprint,Andrew Johnson,Ronald Reagan,-0.6632638295177038,31,60,True
rhetorical_fingerprint,Andrew Johnson,Rutherford B. Hayes,0.7171941250157781,31,16,True
rhetorical_fingerprint,Andrew Johnson,Theodore Roosevelt,0.14820347435016684,31,22,True
rhetorical_fingerprint,Andrew Johnson,Thomas Jefferson,-0.33002909011648773,31,24,True
rhetorical_fingerprint,Andrew Johnson,Ulysses S. Grant,0.6228003808611395,31,32,True
rhetorical_fingerprint,Andrew Johnson,Warren G. Harding,-0.2810467057881687,31,18,True
rhetorical_fingerprint,Andrew Johnson,William Harrison,0.5024930606101701,31,1,False
rhetorical_fingerprint,Andrew Johnson,William McKinley,-0.10258161319304387,31,14,True
rhetorical_fingerprint,Andrew Johnson,William Taft,0.6078369724838851,31,12,True
rhetorical_fingerprint,Andrew Johnson,Woodrow Wilson,-0.023424035167411143,31,33,True
rhetorical_fingerprint,Andrew Johnson,Zachary Taylor,0.21894028142616562,31,4,False
rhetorical_fingerprint,Barack Obama,Benjamin Harrison,-0.29775650576733054,51,16,True
rhetorical_fingerprint,Barack Obama,Bill Clinton,0.8345457267298046,51,39,True
rhetorical_fingerprint,Barack Obama,Calvin Coolidge,0.21744631263978917,51,12,True
rhetorical_fingerprint,Barack Obama,Chester A. Arthur,-0.2496975679071735,51,11,True
rhetorical_fingerprint,Barack Obama,Donald Trump,0.5323931945946478,51,53,True
rhetorical_fingerprint,Barack Obama,Dwight D. Eisenhower,0.07681696454956599,51,15,True
rhetorical_fingerprint,Barack Obama,Franklin D. Roosevelt,0.40848015315331265,51,49,True
rhetorical_fingerprint,Barack Obama,Franklin Pierce,-0.5563955402052206,51,15,True
rhetorical_fingerprint,Barack Obama,George H. W. Bush,0.7002766961347037,51,23,True
rhetorical_fingerprint,Barack Obama,George W. Bush,0.4004468989032693,51,38,True
rhetorical_fingerprint,Barack Obama,George Washington,-0.362528745165394,51,21,True
rhetorical_fingerprint,Barack Obama,Gerald Ford,0.2437469780289167,51,14,True
rhetorical_fingerprint,Barack Obama,Grover Cleveland,-0.3711166482514588,51,32,True
rhetorical_fingerprint,Barack Obama,Harry S. Truman,0.32423071826144956,51,19,True
rhetorical_fingerprint,Barack Obama,Herbert Hoover,-0.26550229958772054,51,30,True
rhetorical_fingerprint,Barack Obama,James A. Garfield,0.35089339020549626,51,1,False
rhetorical_fingerprint,Barack Obama,James Buchanan,-0.5395072286898733,51,14,True
rhetorical_fingerprint,Barack Obama,James K. Polk,-0.4199278915166942,51,25,True
rhetorical_fingerprint,Barack Obama,James Madison,-0.28262603911672457,51,21,True
rhetorical_fingerprint,Barack Obama,James Monroe,0.0051593324862657585,51,10,True
rhetorical_fingerprint,Barack Obama,Jimmy Carter,0.07452295712734391,51,22,True
rhetorical_fingerprint,Barack Obama,Joe Biden,0.8461979273090295,51,28,True
rhetorical_fingerprint,Barack Obama,John Adams,-0.2866842386181029,51,9,True
rhetorical_fingerprint,Barack Obama,John F. Kennedy,0.26414166690223134,51,44,True
rhetorical_fingerprint,Barack Obama,John Quincy Adams,-0.0656156690395193,51,8,True
rhetorical_fingerprint,Barack Obama,John Tyler,-0.5453945349754423,51,18,True
rhetorical_fingerprint,Barack Obama,Lyndon B. Johnson,0.25245180857126814,51,71,True
rhetorical_fingerprint,Barack Obama,Martin Van Buren,-0.5426705230256004,51,10,True
rhetorical_fingerprint,Barack Obama,Millard Fillmore,-0.5542544027648149,51,7,True
rhetorical_fingerprint,Barack Obama,Richard M. Nixon,0.02415076381813178,51,23,True
rhetorical_fingerprint,Barack Obama,Ronald Reagan,0.8758758851371478,51,60,True
rhetorical_fingerprint,Barack Obama,Rutherford B. Hayes,-0.7744481699169826,51,16,True
rhetorical_fingerprint,Barack Obama,Theodore Roosevelt,-0.27647831445180515,51,22,True
rhetorical_fingerprint,Barack Obama,Thomas Jefferson,0.09563091712977226,51,24,True
rhetorical_fingerprint,Barack Obama,Ulysses S. Grant,-0.6063201339070481,51,32,True
rhetorical_fingerprint,Barack Obama,Warren G. Harding,0.13846659916019438,51,18,True
rhetorical_fingerprint,Barack Obama,William Harrison,-0.21453154457702955,51,1,False
rhetorical_fingerprint,Barack Obama,William McKinley,-0.2561373774206463,51,14,True
rhetorical_fingerprint,Barack Obama,William Taft,-0.6860618348130925,51,12,True
rhetorical_fingerprint,Barack Obama,Woodrow Wilson,0.0767370795865458,51,33,True
rhetorical_fingerprint,Barack Obama,Zachary Taylor,-0.3488152403546143,51,4,False
rhetorical_fingerprint,Benjamin Harrison,Bill Clinton,-0.2175349074907501,16,39,True
rhetorical_fingerprint,Benjamin Harrison,Calvin Coolidge,0.1219593013804809,16,12,True
rhetorical_fingerprint,Benjamin Harrison,Chester A. Arthur,0.6272577891884923,16,11,True
rhetorical_fingerprint,Benjamin Harrison,Donald Trump,-0.5115819790203436,16,53,True
rhetorical_fingerprint,Benjamin Harrison,Dwight D. Eisenhower,-0.15043230980137254,16,15,True
rhetorical_fingerprint,Benjamin Harrison,Franklin D. Roosevelt,-0.3853335463981864,16,49,True
rhetorical_fingerprint,Benjamin Harrison,Franklin Pierce,0.46390628519967225,16,15,True
rhetorical_fingerprint,Benjamin Harrison,George H. W. Bush,-0.08518340703706735,16,23,True
rhetorical_fingerprint,Benjamin Harrison,George W. Bush,-0.5612157678579233,16,38,True
rhetorical_fingerprint,Benjamin Harrison,George Washington,-0.1347367394176972,16,21,True
rhetorical_fingerprint,Benjamin Harrison,Gerald Ford,0.03311395269103025,16,14,True
rhetorical_fingerprint,Benjamin Harrison,Grover Cleveland,0.6969762619601534,16,32,True
rhetorical_fingerprint,Benjamin Harrison,Harry S. Truman,-0.8101144625833383,16,19,True
rhetorical_fingerprint,Benjamin Harrison,Herbert Hoover,0.6792667165925521,16,30,True
rhetorical_fingerprint,Benjamin Harrison,James A. Garfield,-0.7404467661568536,16,1,False
rhetorical_fingerprint,Benjamin Harrison,James Buchanan,-0.011343285011670229,16,14,True
rhetorical_fingerprint,Benjamin Harrison,James K. Polk,0.19085506045028056,16,25,True
rhetorical_fingerprint,Benjamin Harrison,James Madison,-0.22422134949497216,16,21,True
rhetorical_fingerprint,Benjamin Harrison,James Monroe,0.12120876394943234,16,10,True
rhetorical_fingerprint,Benjamin Harrison,Jimmy Carter,0.2633269777847044,16,22,True
rhetorical_fingerprint,Benjamin Harrison,Joe Biden,-0.5472408076673008,16,28,True
rhetorical_fingerprint,Benjamin Harrison,John Adams,-0.45656360553480446,16,9,True
rhetorical_fingerprint,Benjamin Harrison,John F. Kennedy,0.5503097230806132,16,44,True
rhetorical_fingerprint,Benjamin Harrison,John Quincy Adams,0.13079289895162302,16,8,True
rhetorical_fingerprint,Benjamin Harrison,John Tyler,0.561477862008338,16,18,True
rhetorical_fingerprint,Benjamin Harrison,Lyndon B. Johnson,-0.10700203195221591,16,71,True
rhetorical_fingerprint,Benjamin Harrison,Martin Van Buren,0.14153348126853948,16,10,True
rhetorical_fingerprint,Benjamin Harrison,Millard Fillmore,0.5333741569216244,16,7,True
rhetorical_fingerprint,Benjamin Harrison,Richard M. Nixon,0.09749013153025976,16,23,True
rhetorical_fingerprint,Benjamin Harrison,Ronald Reagan,-0.6307624181461806,16,60,True
rhetorical_fingerprint,Benjamin Harrison,Rutherford B. Hayes,0.5565195693117679,16,16,True
rhetorical_fingerprint,Benjamin Harrison,Theodore Roosevelt,0.6794361749237993,16,22,True
rhetorical_fingerprint,Benjamin Harrison,Thomas Jefferson,-0.2464453810957321,16,24,True
rhetorical_fingerprint,Benjamin Harrison,Ulysses S. Grant,0.45128097716432636,16,32,True
rhetorical_fingerprint,Benjamin Harrison,Warren G. Harding,-0.29432317989685614,16,18,True
rhetorical_fingerprint,Benjamin Harrison,William Harrison,0.11927059696280906,16,1,False
rhetorical_fingerprint,Benjamin Harrison,William McKinley,0.6071342272558138,16,14,True
rhetorical_fingerprint,Benjamin Harrison,William Taft,0.6799992150197871,16,12,True
rhetorical_fingerprint,Benjamin Harrison,Woodrow Wilson,-0.17342532857131915,16,33,True
rhetorical_fingerprint,Benjamin Harrison,Zachary Taylor,0.2801705475362117,16,4,False
rhetorical_fingerprint,Bill Clinton,Calvin Coolidge,0.07589278820164866,39,12,True
rhetorical_fingerprint,Bill Clinton,Chester A. Arthur,-0.31092836677584157,39,11,True
rhetorical_fingerprint,Bill Clinton,Donald Trump,0.7707499474563934,39,53,True
rhetorical_fingerprint,Bill Clinton,Dwight D. Eisenhower,-0.11614775472438557,39,15,True
rhetorical_fingerprint,Bill Clinton,Franklin D. Roosevelt,0.3337865613086208,39,49,True
rhetorical_fingerprint,Bill Clinton,Franklin Pierce,-0.7385591064457382,39,15,True
rhetorical_fingerprint,Bill Clinton,George H. W. Bush,0.8664763165330965,39,23,True
rhetorical_fingerprint,Bill Clinton,George W. Bush,0.2091139158029171,39,38,True
rhetorical_fingerprint,Bill Clinton,George Washington,-0.5316047167579917,39,21,True
rhetorical_fingerprint,Bill Clinton,Gerald Ford,0.20361115083349202,39,14,True
rhetorical_fingerprint,Bill Clinton,Grover Cleveland,-0.5750402974182804,39,32,True
rhetorical_fingerprint,Bill Clinton,Harry S. Truman,0.4821261940671709,39,19,True
rhetorical_fingerprint,Bill Clinton,Herbert Hoover,-0.2214119337147033,39,30,True
rhetorical_fingerprint,Bill Clinton,James A. Garfield,0.053273117950258034,39,1,False
rhetorical_fingerprint,Bill Clinton,James Buchanan,-0.5334057949073305,39,14,True
rhetorical_fingerprint,Bill Clinton,James K. Polk,-0.24030605540078082,39,25,True
rhetorical_fingerprint,Bill Clinton,James Madison,-0.6175004995105456,39,21,True
rhetorical_fingerprint,Bill Clinton,James Monroe,0.06098988800715927,39,10,True
rhetorical_fingerprint,Bill Clinton,Jimmy Carter,0.5105477046072738,39,22,True
rhetorical_fingerprint,Bill Clinton,Joe Biden,0.7847771171268579,39,28,True
rhetorical_fingerprint,Bill Clinton,John Adams,-0.5242190327427134,39,9,True
rhetorical_fingerprint,Bill Clinton,John F. Kennedy,0.5446224771516928,39,44,True
rhetorical_fingerprint,Bill Clinton,John Quincy Adams,-0.06336185695188203,39,8,True
rhetorical_fingerprint,Bill Clinton,John Tyler,-0.5254928815726866,39,18,True
rhetorical_fingerprint,Bill Clinton,Lyndon B. Johnson,0.7023055446792379,39,71,True
rhetorical_fingerprint,Bill Clinton,Martin Van Buren,-0.623787514387113,39,10,True
rhetorical_fingerprint,Bill Clinton,Millard Fillmore,-0.5923541930094005,39,7,True
rhetorical_fingerprint,Bill Clinton,Richard M. Nixon,0.45821683261353324,39,23,True
rhetorical_fingerprint,Bill Clinton,Ronald Reagan,0.6421343235960374,39,60,True
rhetorical_fingerprint,Bill Clinton,Rutherford B. Hayes,-0.5214698283800386,39,16,True
rhetorical_fingerprint,Bill Clinton,Theodore Roosevelt,-0.14014407027467157,39,22,True
rhetorical_fingerprint,Bill Clinton,Thomas Jefferson,0.0545546891301273,39,24,True
rhetorical_fingerprint,Bill Clinton,Ulysses S. Grant,-0.5124938853085115,39,32,True
rhetorical_fingerprint,Bill Clinton,Warren G. Harding,-0.1862922243881301,39,18,True
rhetorical_fingerprint,Bill Clinton,William Harrison,-0.3984664914146762,39,1,False
rhetorical_fingerprint,Bill Clinton,William McKinley,-0.521973939962437,39,14,True
rhetorical_fingerprint,Bill Clinton,William Taft,-0.4584372967259005,39,12,True
rhetorical_fingerprint,Bill Clinton,Woodrow Wilson,0.3425450766387932,39,33,True
rhetorical_fingerprint,Bill Clinton,Zachary Taylor,-0.328896221010245,39,4,False
rhetorical_fingerprint,Calvin Coolidge,Chester A. Arthur,-0.06756256872393998,12,11,True
rhetorical_fingerprint,Calvin Coolidge,Donald Trump,-0.2220782154591211,12,53,True
rhetorical_fingerprint,Calvin Coolidge,Dwight D. Eisenhower,0.6640460733203505,12,15,True
rhetorical_fingerprint,Calvin Coolidge,Franklin D. Roosevelt,0.00826875776587551,12,49,True
rhetorical_fingerprint,Calvin Coolidge,Franklin Pierce,-0.20500931380314025,12,15,True
rhetorical_fingerprint,Calvin Coolidge,George H. W. Bush,-0.04426770649441725,12,23,True
rhetorical_fingerprint,Calvin Coolidge,George W. Bush,0.1730761879827989,12,38,True
rhetorical_fingerprint,Calvin Coolidge,George Washington,-0.36893522470224877,12,21,True
rhetorical_fingerprint,Calvin Coolidge,Gerald Ford,0.4255937883910207,12,14,True
rhetorical_fingerprint,Calvin Coolidge,Grover Cleveland,0.12170306277452796,12,32,True
rhetorical_fingerprint,Calvin Coolidge,Harry S. Truman,-0.30875714877347504,12,19,True
rhetorical_fingerprint,Calvin Coolidge,Herbert Hoover,0.41593361382199723,12,30,True
rhetorical_fingerprint,Calvin Coolidge,James A. Garfield,0.015224180363706735,12,1,False
rhetorical_fingerprint,Calvin Coolidge,James Buchanan,-0.6438893898392425,12,14,True
rhetorical_fingerprint,Calvin Coolidge,James K. Polk,-0.20384801121587878,12,25,True
rhetorical_fingerprint,Calvin Coolidge,James Madison,0.22642580768583115,12,21,True
rhetorical_fingerprint,Calvin Coolidge,James Monroe,0.3455780473207175,12,10,True
rhetorical_fingerprint,Calvin Coolidge,Jimmy Carter,0.05842483254164241,12,22,True
rhetorical_fingerprint,Calvin Coolidge,Joe Biden,-0.19311348133921136,12,28,True
rhetorical_fingerprint,Calvin Coolidge,John Adams,0.14399886473805518,12,9,True
rhetorical_fingerprint,Calvin Coolidge,John F. Kennedy,0.35463711607791826,12,44,True
rhetorical_fingerprint,Calvin Coolidge,John Quincy Adams,0.5045153943156939,12,8,True
rhetorical_fingerprint,Calvin Coolidge,John Tyler,-0.5408976330646672,12,18,True
rhetorical_fingerprint,Calvin Coolidge,Lyndon B. Johnson,0.08090653382318197,12,71,True
rhetorical_fingerprint,Calvin Coolidge,Martin Van Buren,-0.2180587039769991,12,10,True
rhetorical_fingerprint,Calvin Coolidge,Millard Fillmore,-0.3142211773822804,12,7,True
rhetorical_fingerprint,Calvin Coolidge,Richard M. Nixon,-0.4488929511148993,12,23,True
rhetorical_fingerprint,Calvin Coolidge,Ronald Reagan,0.1011682750549126,12,60,True
rhetorical_fingerprint,Calvin Coolidge,Rutherford B. Hayes,-0.3934944577721606,12,16,True
rhetorical_fingerprint,Calvin Coolidge,Theodore Roosevelt,0.20839166784311727,12,22,True
rhetorical_fingerprint,Calvin Coolidge,Thomas Jefferson,0.32989497421150743,12,24,True
rhetorical_fingerprint,Calvin Coolidge,Ulysses S. Grant,-0.5168628201638293,12,32,True
rhetorical_fingerprint,Calvin Coolidge,Warren G. Harding,0.4467663166780408,12,18,True
rhetorical_fingerprint,Calvin Coolidge,William Harrison,-0.6325925975687726,12,1,False
rhetorical_fingerprint,Calvin Coolidge,William McKinley,0.48345448315634476,12,14,True
rhetorical_fingerprint,Calvin Coolidge,William Taft,-0.38823287568989095,12,12,True
rhetorical_fingerprint,Calvin Coolidge,Woodrow Wilson,0.07486435179257447,12,33,True
rhetorical_fingerprint,Calvin Coolidge,Zachary Taylor,-0.20226936106600207,12,4,False
rhetorical_fingerprint,Chester A. Arthur,Donald Trump,-0.41197976239908485,11,53,True
rhetorical_fingerprint,Chester A. Arthur,Dwight D. Eisenhower,-0.3029245730568326,11,15,True
rhetorical_fingerprint,Chester A. Arthur,Franklin D. Roosevelt,-0.7633058026305111,11,49,True
rhetorical_fingerprint,Chester A. Arthur,Franklin Pierce,0.6932758248128936,11,15,True
rhetorical_fingerprint,Chester A. Arthur,George H. W. Bush,-0.04248194406474351,11,23,True
rhetorical_fingerprint,Chester A. Arthur,George W. Bush,-0.7697535543738193,11,38,True
rhetorical_fingerprint,Chester A. Arthur,George Washington,0.38969569228910483,11,21,True
rhetorical_fingerprint,Chester A. Arthur,Gerald Ford,0.15990486850911062,11,14,True
rhetorical_fingerprint,Chester A. Arthur,Grover Cleveland,0.36837139890566384,11,32,True
rhetorical_fingerprint,Chester A. Arthur,Harry S. Truman,-0.7794144237480509,11,19,True
rhetorical_fingerprint,Chester A. Arthur,Herbert Hoover,0.09731946401489558,11,30,True
rhetorical_fingerprint,Chester A. Arthur,James A. Garfield,-0.6554752256101778,11,1,False
rhetorical_fingerprint,Chester A. Arthur,James Buchanan,0.05657586313633628,11,14,True
rhetorical_fingerprint,Chester A. Arthur,James K. Polk,-0.12197051598344785,11,25,True
rhetorical_fingerprint,Chester A. Arthur,James Madison,-0.21359526677122648,11,21,True
rhetorical_fingerprint,Chester A. Arthur,James Monroe,0.066449010028002,11,10,True
rhetorical_fingerprint,Chester A. Arthur,Jimmy Carter,-0.11757222111852934,11,22,True
rhetorical_fingerprint,Chester A. Arthur,Joe Biden,-0.41663420177931765,11,28,True
rhetorical_fingerprint,Chester A. Arthur,John Adams,-0.08676804579868025,11,9,True
rhetorical_fingerprint,Chester A. Arthur,John F. Kennedy,0.027394427555847978,11,44,True
rhetorical_fingerprint,Chester A. Arthur,John Quincy Adams,0.2349007191731322,11,8,True
rhetorical_fingerprint,Chester A. Arthur,John Tyler,0.8172019189486474,11,18,True
rhetorical_fingerprint,Chester A. Arthur,Lyndon B. Johnson,-0.30304613512948736,11,71,True
rhetorical_fingerprint,Chester A. Arthur,Martin Van Buren,0.35348604794446925,11,10,True
rhetorical_fingerprint,Chester A. Arthur,Millard Fillmore,0.8744343830100134,11,7,True
rhetorical_fingerprint,Chester A. Arthur,Richard M. Nixon,-0.15603309798302267,11,23,True
rhetorical_fingerprint,Chester A. Arthur,Ronald Reagan,-0.45859871494304416,11,60,True
rhetorical_fingerprint,Chester A. Arthur,Rutherford B. Hayes,0.6174222741923202,11,16,True
rhetorical_fingerprint,Chester A. Arthur,Theodore Roosevelt,0.01929576309480452,11,22,True
rhetorical_fingerprint,Chester A. Arthur,Thomas Jefferson,0.01915358819949422,11,24,True
rhetorical_fingerprint,Chester A. Arthur,Ulysses S. Grant,0.8098966673320566,11,32,True
rhetorical_fingerprint,Chester A. Arthur,Warren G. Harding,-0.5083055634831797,11,18,True
rhetorical_fingerprint,Chester A. Arthur,William Harrison,0.4925006670284887,11,1,False
rhetorical_fingerprint,Chester A. Arthur,William McKinley,0.31716716235324727,11,14,True
rhetorical_fingerprint,Chester A. Arthur,William Taft,0.7304069456930814,11,12,True
rhetorical_fingerprint,Chester A. Arthur,Woodrow Wilson,-0.4388665076975391,11,33,True
rhetorical_fingerprint,Chester A. Arthur,Zachary Taylor,0.7666648565421877,11,4,False
rhetorical_fingerprint,Donald Trump,Dwight D. Eisenhower,-0.4440339674604727,53,15,True
rhetorical_fingerprint,Donald Trump,Franklin D. Roosevelt,0.3701488123788882,53,49,True
rhetorical_fingerprint,Donald Trump,Franklin Pierce,-0.6020614282157943,53,15,True
rhetorical_fingerprint,Donald Trump,George H. W. Bush,0.5438365405531735,53,23,True
rhetorical_fingerprint,Donald Trump,George W. Bush,0.10322948746460014,53,38,True
rhetorical_fingerprint,Donald Trump,George Washington,-0.35314705615117337,53,21,True
rhetorical_fingerprint,Donald Trump,Gerald Ford,-0.26213173863257033,53,14,True
rhetorical_fingerprint,Donald Trump,Grover Cleveland,-0.620214670048721,53,32,True
rhetorical_fingerprint,Donald Trump,Harry S. Truman,0.7304322725483993,53,19,True
rhetorical_fingerprint,Donald Trump,Herbert Hoover,-0.3890995895601982,53,30,True
rhetorical_fingerprint,Donald Trump,James A. Garfield,0.01989017756195613,53,1,False
rhetorical_fingerprint,Donald Trump,James Buchanan,-0.05293468532566993,53,14,True
rhetorical_fingerprint,Donald Trump,James K. Polk,0.07649653068696886,53,25,True
rhetorical_fingerprint,Donald Trump,James Madison,-0.5223670484964698,53,21,True
rhetorical_fingerprint,Donald Trump,James Monroe,0.11282795084063595,53,10,True
rhetorical_fingerprint,Donald Trump,Jimmy Carter,0.26328453688206577,53,22,True
rhetorical_fingerprint,Donald Trump,Joe Biden,0.6346911210312915,53,28,True
rhetorical_fingerprint,Donald Trump,John Adams,-0.46140368675430166,53,9,True
rhetorical_fingerprint,Donald Trump,John F. Kennedy,0.17172892484482638,53,44,True
rhetorical_fingerprint,Donald Trump,John Quincy Adams,-0.0970253521866507,53,8,True
rhetorical_fingerprint,Donald Trump,John Tyler,-0.4325014811578884,53,18,True
rhetorical_fingerprint,Donald Trump,Lyndon B. Johnson,0.611478800975584,53,71,True
rhetorical_fingerprint,Donald Trump,Martin Van Buren,-0.22142000161836609,53,10,True
rhetorical_fingerprint,Donald Trump,Millard Fillmore,-0.45435031439619417,53,7,True
rhetorical_fingerprint,Donald Trump,Richard M. Nixon,0.37035685475963104,53,23,True
rhetorical_fingerprint,Donald Trump,Ronald Reagan,0.43721748636000435,53,60,True
rhetorical_fingerprint,Donald Trump,Rutherford B. Hayes,-0.4308449572888493,53,16,True
rhetorical_fingerprint,Donald Trump,Theodore Roosevelt,-0.16775616044747965,53,22,True
rhetorical_fingerprint,Donald Trump,Thomas Jefferson,0.35333187756830947,53,24,True
rhetorical_fingerprint,Donald Trump,Ulysses S. Grant,-0.3421022415360774,53,32,True
rhetorical_fingerprint,Donald Trump,Warren G. Harding,-0.4033912600533507,53,18,True
rhetorical_fingerprint,Donald Trump,William Harrison,-0.09417628873681791,53,1,False
rhetorical_fingerprint,Donald Trump,William McKinley,-0.8434801793526244,53,14,True
rhetorical_fingerprint,Donald Trump,William Taft,-0.42762132133165526,53,12,True
rhetorical_fingerprint,Donald Trump,Woodrow Wilson,0.6785927899543366,53,33,True
rhetorical_fingerprint,Donald Trump,Zachary Taylor,-0.3852034934545537,53,4,False
rhetorical_fingerprint,Dwight D. Eisenhower,Franklin D. Roosevelt,0.23070944691693523,15,49,True
rhetorical_fingerprint,Dwight D. Eisenhower,Franklin Pierce,-0.3282930694176663,15,15,True
rhetorical_fingerprint,Dwight D. Eisenhower,George H. W. Bush,-0.03416931108553889,15,23,True
rhetorical_fingerprint,Dwight D. Eisenhower,George W. Bush,0.6333253180278142,15,38,True
rhetorical_fingerprint,Dwight D. Eisenhower,George Washington,0.02582898187565197,15,21,True
rhetorical_fingerprint,Dwight D. Eisenhower,Gerald Ford,0.7074044176275812,15,14,True
rhetorical_fingerprint,Dwight D. Eisenhower,Grover Cleveland,-0.1263938653169332,15,32,True
rhetorical_fingerprint,Dwight D. Eisenhower,Harry S. Truman,-0.08836788990036117,15,19,True
rhetorical_fingerprint,Dwight D. Eisenhower,Herbert Hoover,0.14401000110647333,15,30,True
rhetorical_fingerprint,Dwight D. Eisenhower,James A. Garfield,0.48119782038720715,15,1,False
rhetorical_fingerprint,Dwight D. Eisenhower,James Buchanan,-0.46286657433023515,15,14,True
rhetorical_fingerprint,Dwight D. Eisenhower,James K. Polk,-0.5719321412182377,15,25,True
rhetorical_fingerprint,Dwight D. Eisenhower,James Madison,0.47548699542892525,15,21,True
rhetorical_fingerprint,Dwight D. Eisenhower,James Monroe,-0.29728263195171745,15,10,True
rhetorical_fingerprint,Dwight D. Eisenhower,Jimmy Carter,0.0002807886551649333,15,22,True
rhetorical_fingerprint,Dwight D. Eisenhower,Joe Biden,-0.009461804030850784,15,28,True
rhetorical_fingerprint,Dwight D. Eisenhower,John Adams,0.5446110044532896,15,9,True
rhetorical_fingerprint,Dwight D. Eisenhower,John F. Kennedy,-0.012361884521905578,15,44,True
rhetorical_fingerprint,Dwight D. Eisenhower,John Quincy Adams,-0.027097834620658012,15,8,True
rhetorical_fingerprint,Dwight D. Eisenhower,John Tyler,-0.514582246485898,15,18,True
rhetorical_fingerprint,Dwight D. Eisenhower,Lyndon B. Johnson,-0.008171628609134157,15,71,True
rhetorical_fingerprint,Dwight D. Eisenhower,Martin Van Buren,-0.2743905968000225,15,10,True
rhetorical_fingerprint,Dwight D. Eisenhower,Millard Fillmore,-0.4945691691925082,15,7,True
rhetorical_fingerprint,Dwight D. Eisenhower,Richard M. Nixon,-0.3291754848098384,15,23,True
rhetorical_fingerprint,Dwight D. Eisenhower,Ronald Reagan,0.29612624889663475,15,60,True
rhetorical_fingerprint,Dwight D. Eisenhower,Rutherford B. Hayes,-0.3743087372127601,15,16,True
rhetorical_fingerprint,Dwight D. Eisenhower,Theodore Roosevelt,-0.09976945213179936,15,22,True
rhetorical_fingerprint,Dwight D. Eisenhower,Thomas Jefferson,-0.12910799091828773,15,24,True
rhetorical_fingerprint,Dwight D. Eisenhower,Ulysses S. Grant,-0.5411446969004523,15,32,True
rhetorical_fingerprint,Dwight D. Eisenhower,Warren G. Harding,0.8672892418702086,15,18,True
rhetorical_fingerprint,Dwight D. Eisenhower,William Harrison,-0.7041718010039678,15,1,False
rhetorical_fingerprint,Dwight D. Eisenhower,William McKinley,0.5520393133712395,15,14,True
rhetorical_fingerprint,Dwight D. Eisenhower,William Taft,-0.37509706714589663,15,12,True
rhetorical_fingerprint,Dwight D. Eisenhower,Woodrow Wilson,-0.39519997281564123,15,33,True
rhetorical_fingerprint,Dwight D. Eisenhower,Zachary Taylor,-0.1918781162909491,15,4,False
rhetorical_fingerprint,Franklin D. Roosevelt,Franklin Pierce,-0.6386517850351602,49,15,True
rhetorical_fingerprint,Franklin D. Roosevelt,George H. W. Bush,0.17822501808880128,49,23,True
rhetorical_fingerprint,Franklin D. Roosevelt,George W. Bush,0.8369563226066694,49,38,True
rhetorical_fingerprint,Franklin D. Roosevelt,George Washington,-0.3689145422416542,49,21,True
rhetorical_fingerprint,Franklin D. Roosevelt,Gerald Ford,-0.15799848043467293,49,14,True
rhetorical_fingerprint,Franklin D. Roosevelt,Grover Cleveland,-0.10373395713696645,49,32,True
rhetorical_fingerprint,Franklin D. Roosevelt,Harry S. Truman,0.5605948626735908,49,19,True
rhetorical_fingerprint,Franklin D. Roosevelt,Herbert Hoover,0.13984168363442864,49,30,True
rhetorical_fingerprint,Franklin D. Roosevelt,James A. Garfield,0.4838305700558445,49,1,False
rhetorical_fingerprint,Franklin D. Roosevelt,James Buchanan,0.1912980121830129,49,14,True
rhetorical_fingerprint,Franklin D. Roosevelt,James K. Polk,-0.09497409468026147,49,25,True
rhetorical_fingerprint,Franklin D. Roosevelt,James Madison,0.050305361772755595,49,21,True
rhetorical_fingerprint,Franklin D. Roosevelt,James Monroe,-0.4340798284920837,49,10,True
rhetorical_fingerprint,Franklin D. Roosevelt,Jimmy Carter,0.027767262297005362,49,22,True
rhetorical_fingerprint,Franklin D. Roosevelt,Joe Biden,0.5202218774329275,49,28,True
rhetorical_fingerprint,Franklin D. Roosevelt,John Adams,-0.2621539109851232,49,9,True
rhetorical_fingerprint,Franklin D. Roosevelt,John F. Kennedy,0.0660036146297467,49,44,True
rhetorical_fingerprint,Franklin D. Roosevelt,John Quincy Adams,-0.6379335497212173,49,8,True
rhetorical_fingerprint,Franklin D. Roosevelt,John Tyler,-0.6172937738666346,49,18,True
rhetorical_fingerprint,Franklin D. Roosevelt,Lyndon B. Johnson,0.16063503212844282,49,71,True
rhetorical_fingerprint,Franklin D. Roosevelt,Martin Van Buren,-0.20553676148190164,49,10,True
rhetorical_fingerprint,Franklin D. Roosevelt,Millard Fillmore,-0.7740130442464092,49,7,True
rhetorical_fingerprint,Franklin D. Roosevelt,Richard M. Nixon,0.03746409317126315,49,23,True
rhetorical_fingerprint,Franklin D. Roosevelt,Ronald Reagan,0.5217741918204716,49,60,True
rhetorical_fingerprint,Franklin D. Roosevelt,Rutherford B. Hayes,-0.7292372579125798,49,16,True
rhetorical_fingerprint,Franklin D. Roosevelt,Theodore Roosevelt,0.23934863309158738,49,22,True
rhetorical_fingerprint,Franklin D. Roosevelt,Thomas Jefferson,-0.09622986870659114,49,24,True
rhetorical_fingerprint,Franklin D. Roosevelt,Ulysses S. Grant,-0.7393036756809889,49,32,True
rhetorical_fingerprint,Franklin D. Roosevelt,Warren G. Harding,0.5246384314389487,49,18,True
rhetorical_fingerprint,Franklin D. Roosevelt,William Harrison,-0.2670958036176734,49,1,False
rhetorical_fingerprint,Franklin D. Roosevelt,William McKinley,-0.04095160337500641,49,14,True
rhetorical_fingerprint,Franklin D. Roosevelt,William Taft,-0.6497258292064325,49,12,True
rhetorical_fingerprint,Franklin D. Roosevelt,Woodrow Wilson,0.29506446598996494,49,33,True
rhetorical_fingerprint,Franklin D. Roosevelt,Zachary Taylor,-0.9355732774181057,49,4,False
rhetorical_fingerprint,Franklin Pierce,George H. W. Bush,-0.6811873245236126,15,23,True
rhetorical_fingerprint,Franklin Pierce,George W. Bush,-0.6508045763405931,15,38,True
rhetorical_fingerprint,Franklin Pierce,George Washington,0.5734553856144112,15,21,True
rhetorical_fingerprint,Franklin Pierce,Gerald Ford,-0.31428860785321794,15,14,True
rhetorical_fingerprint,Franklin Pierce,Grover Cleveland,0.6543948913721418,15,32,True
rhetorical_fingerprint,Franklin Pierce,Harry S. Truman,-0.7163600838247651,15,19,True
rhetorical_fingerprint,Franklin Pierce,Herbert Hoover,0.04011922605765063,15,30,True
rhetorical_fingerprint,Franklin Pierce,James A. Garfield,-0.34824856299503487,15,1,False
rhetorical_fingerprint,Franklin Pierce,James Buchanan,0.3541375701496109,15,14,True
rhetorical_fingerprint,Franklin Pierce,James K. Polk,0.287986538670818,15,25,True
rhetorical_fingerprint,Franklin Pierce,James Madison,0.39008248423211267,15,21,True
rhetorical_fingerprint,Franklin Pierce,James Monroe,0.23125843085003583,15,10,True
rhetorical_fingerprint,Franklin Pierce,Jimmy Carter,-0.5901305031460692,15,22,True
rhetorical_fingerprint,Franklin Pierce,Joe Biden,-0.6863336606515124,15,28,True
rhetorical_fingerprint,Franklin Pierce,John Adams,0.22969401120005095,15,9,True
rhetorical_fingerprint,Franklin Pierce,John F. Kennedy,-0.42707082209640895,15,44,True
rhetorical_fingerprint,Franklin Pierce,John Quincy Adams,0.3337852335470216,15,8,True
rhetorical_fingerprint,Franklin Pierce,John Tyler,0.7773181991954807,15,18,True
rhetorical_fingerprint,Franklin Pierce,Lyndon B. Johnson,-0.7816707571765309,15,71,True
rhetorical_fingerprint,Franklin Pierce,Martin Van Buren,0.7009275682106283,15,10,True
rhetorical_fingerprint,Franklin Pierce,Millard Fillmore,0.9037101750775738,15,7,True
rhetorical_fingerprint,Franklin Pierce,Richard M. Nixon,-0.4552054977788872,15,23,True
rhetorical_fingerprint,Franklin Pierce,Ronald Reagan,-0.6174730083809906,15,60,True
rhetorical_fingerprint,Franklin Pierce,Rutherford B. Hayes,0.5932402730169438,15,16,True
rhetorical_fingerprint,Franklin Pierce,Theodore Roosevelt,0.10254802927916849,15,22,True
rhetorical_fingerprint,Franklin Pierce,Thomas Jefferson,0.13885059513176745,15,24,True
rhetorical_fingerprint,Franklin Pierce,Ulysses S. Grant,0.7414630840340455,15,32,True
rhetorical_fingerprint,Franklin Pierce,Warren G. Harding,-0.2909306705975112,15,18,True
rhetorical_fingerprint,Franklin Pierce,William Harrison,0.7287652470364995,15,1,False
rhetorical_fingerprint,Franklin Pierce,William McKinley,0.37337638442318155,15,14,True
rhetorical_fingerprint,Franklin Pierce,William Taft,0.5803798399512845,15,12,True
rhetorical_fingerprint,Franklin Pierce,Woodrow Wilson,-0.271968111006791,15,33,True
rhetorical_fingerprint,Franklin Pierce,Zachary Taylor,0.6354846451194514,15,4,False
rhetorical_fingerprint,George H. W. Bush,George W. Bush,0.16188562801438802,23,38,True
rhetorical_fingerprint,George H. W. Bush,George Washington,-0.37269176283427935,23,21,True
rhetorical_fingerprint,George H. W. Bush,Gerald Ford,0.4737465925095083,23,14,True
rhetorical_fingerprint,George H. W. Bush,Grover Cleveland,-0.5920512967158986,23,32,True
rhetorical_fingerprint,George H. W. Bush,Harry S. Truman,0.3463265515945917,23,19,True
rhetorical_fingerprint,George H. W. Bush,Herbert Hoover,-0.1799796249777542,23,30,True
rhetorical_fingerprint,George H. W. Bush,James A. Garfield,-0.02143478412718114,23,1,False
rhetorical_fingerprint,George H. W. Bush,James Buchanan,-0.4429800391816804,23,14,True
rhetorical_fingerprint,George H. W. Bush,James K. Polk,-0.47423577015498775,23,25,True
rhetorical_fingerprint,George H. W. Bush,James Madison,-0.7703526140812591,23,21,True
rhetorical_fingerprint,George H. W. Bush,James Monroe,-0.24612004222890618,23,10,True
rhetorical_fingerprint,George H. W. Bush,Jimmy Carter,0.6405778958864577,23,22,True
rhetorical_fingerprint,George H. W. Bush,Joe Biden,0.767890586265044,23,28,True
rhetorical_fingerprint,George H. W. Bush,John Adams,-0.46072517815578223,23,9,True
rhetorical_fingerprint,George H. W. Bush,John F. Kennedy,0.5496994106613003,23,44,True
rhetorical_fingerprint,George H. W. Bush,John Quincy Adams,-0.2922792667416937,23,8,True
rhetorical_fingerprint,George H. W. Bush,John Tyler,-0.23629739482385503,23,18,True
rhetorical_fingerprint,George H. W. Bush,Lyndon B. Johnson,0.7152203992096425,23,71,True
rhetorical_fingerprint,George H. W. Bush,Martin Van Buren,-0.6959378632406799,23,10,True
rhetorical_fingerprint,George H. W. Bush,Millard Fillmore,-0.40757717217458744,23,7,True
rhetorical_fingerprint,George H. W. Bush,Richard M. Nixon,0.5984148923692445,23,23,True
rhetorical_fingerprint,George H. W. Bush,Ronald Reagan,0.5740494176733671,23,60,True
rhetorical_fingerprint,George H. W. Bush,Rutherford B. Hayes,-0.26320314900216235,23,16,True
rhetorical_fingerprint,George H. W. Bush,Theodore Roosevelt,-0.2529392325976275,23,22,True
rhetorical_fingerprint,George H. W. Bush,Thomas Jefferson,-0.2775761401879291,23,24,True
rhetorical_fingerprint,George H. W. Bush,Ulysses S. Grant,-0.23421561193368365,23,32,True
rhetorical_fingerprint,George H. W. Bush,Warren G. Harding,-0.17588111052868327,23,18,True
rhetorical_fingerprint,George H. W. Bush,William Harrison,-0.3532534804734792,23,1,False
rhetorical_fingerprint,George H. W. Bush,William McKinley,-0.38149096587824527,23,14,True
rhetorical_fingerprint,George H. W. Bush,William Taft,-0.15022493573113493,23,12,True
rhetorical_fingerprint,George H. W. Bush,Woodrow Wilson,-0.07295996686121745,23,33,True
rhetorical_fingerprint,George H. W. Bush,Zachary Taylor,-0.09763513116791388,23,4,False
rhetorical_fingerprint,George W. Bush,George Washington,-0.1540847112357424,38,21,True
rhetorical_fingerprint,George W. Bush,Gerald Ford,0.2373597297420404,38,14,True
rhetorical_fingerprint,George W. Bush,Grover Cleveland,-0.2905076216542267,38,32,True
rhetorical_fingerprint,George W. Bush,Harry S. Truman,0.5333924001667139,38,19,True
rhetorical_fingerprint,George W. Bush,Herbert Hoover,-0.06286806490318209,38,30,True
rhetorical_fingerprint,George W. Bush,James A. Garfield,0.8018254409915122,38,1,False
rhetorical_fingerprint,George W. Bush,James Buchanan,-0.0714482043525676,38,14,True
rhetorical_fingerprint,George W. Bush,James K. Polk,-0.39968331598796314,38,25,True
rhetorical_fingerprint,George W. Bush,James Madison,0.30125534574798263,38,21,True
rhetorical_fingerprint,George W. Bush,James Monroe,-0.5111024141969007,38,10,True
rhetorical_fingerprint,George W. Bush,Jimmy Carter,-0.05326154039311415,38,22,True
rhetorical_fingerprint,George W. Bush,Joe Biden,0.5436125063917707,38,28,True
rhetorical_fingerprint,George W. Bush,John Adams,0.22596773133921141,38,9,True
rhetorical_fingerprint,George W. Bush,John F. Kennedy,-0.13662998541879498,38,44,True
rhetorical_fingerprint,George W. Bush,John Quincy Adams,-0.5332932745693811,38,8,True
rhetorical_fingerprint,George W. Bush,John Tyler,-0.7047608129365259,38,18,True
rhetorical_fingerprint,George W. Bush,Lyndon B. Johnson,0.06847040464829769,38,71,True
rhetorical_fingerprint,George W. Bush,Martin Van Buren,-0.367803096354201,38,10,True
rhetorical_fingerprint,George W. Bush,Millard Fillmore,-0.8333885513659863,38,7,True
rhetorical_fingerprint,George W. Bush,Richard M. Nixon,-0.08578999019602651,38,23,True
rhetorical_fingerprint,George W. Bush,Ronald Reagan,0.6881224875553951,38,60,True
rhetorical_fingerprint,George W. Bush,Rutherford B. Hayes,-0.7464110717681497,38,16,True
rhetorical_fingerprint,George W. Bush,Theodore Roosevelt,-0.1425374052605691,38,22,True
rhetorical_fingerprint,George W. Bush,Thomas Jefferson,-0.21957590042099315,38,24,True
rhetorical_fingerprint,George W. Bush,Ulysses S. Grant,-0.7920360943843092,38,32,True
rhetorical_fingerprint,George W. Bush,Warren G. Harding,0.8406195899582976,38,18,True
rhetorical_fingerprint,George W. Bush,William Harrison,-0.45636392801905,38,1,False
rhetorical_fingerprint,George W. Bush,William McKinley,0.0774909296724414,38,14,True
rhetorical_fingerprint,George W. Bush,William Taft,-0.7310243499206244,38,12,True
rhetorical_fingerprint,George W. Bush,Woodrow Wilson,-0.09038138919776931,38,33,True
rhetorical_fingerprint,George W. Bush,Zachary Taylor,-0.7084761418813758,38,4,False
rhetorical_fingerprint,George Washington,Gerald Ford,0.15815598625466645,21,14,True
rhetorical_fingerprint,George Washington,Grover Cleveland,-0.07534072523299476,21,32,True
rhetorical_fingerprint,George Washington,Harry S. Truman,-0.286538282680479,21,19,True
rhetorical_fingerprint,George Washington,Herbert Hoover,-0.5670864624205292,21,30,True
rhetorical_fingerprint,George Washington,James A. Garfield,0.08934435687378038,21,1,False
rhetorical_fingerprint,George Washington,James Buchanan,0.2610460934959088,21,14,True
rhetorical_fingerprint,George Washington,James K. Polk,-0.38550117163841624,21,25,True
rhetorical_fingerprint,George Washington,James Madison,0.496364302730294,21,21,True
rhetorical_fingerprint,George Washington,James Monroe,-0.38236137141735643,21,10,True
rhetorical_fingerprint,George Washington,Jimmy Carter,-0.6341292630922472,21,22,True
rhetorical_fingerprint,George Washington,Joe Biden,-0.23947496400096735,21,28,True
rhetorical_fingerprint,George Washington,John Adams,0.5972877053478233,21,9,True
rhetorical_fingerprint,George Washington,John F. Kennedy,-0.7892904481031906,21,44,True
rhetorical_fingerprint,George Washington,John Quincy Adams,-0.06561949403205668,21,8,True
rhetorical_fingerprint,George Washington,John Tyler,0.49123648435004974,21,18,True
rhetorical_fingerprint,George Washington,Lyndon B. Johnson,-0.5530754195085207,21,71,True
rhetorical_fingerprint,George Washington,Martin Van Buren,0.6584907913519658,21,10,True
rhetorical_fingerprint,George Washington,Millard Fillmore,0.49435174310855307,21,7,True
rhetorical_fingerprint,George Washington,Richard M. Nixon,-0.43506063407965156,21,23,True
rhetorical_fingerprint,George Washington,Ronald Reagan,-0.1316826413067312,21,60,True
rhetorical_fingerprint,George Washington,Rutherford B. Hayes,0.28681603442737635,21,16,True
rhetorical_fingerprint,George Washington,Theodore Roosevelt,-0.4341214630737916,21,22,True
rhetorical_fingerprint,George Washington,Thomas Jefferson,0.16424385753455295,21,24,True
rhetorical_fingerprint,George Washington,Ulysses S. Grant,0.49428232386387505,21,32,True
rhetorical_fingerprint,George Washington,Warren G. Harding,-0.010542516796525257,21,18,True
rhetorical_fingerprint,George Washington,William Harrison,0.4399389607870445,21,1,False
rhetorical_fingerprint,George Washington,William McKinley,0.12289951179443317,21,14,True
rhetorical_fingerprint,George Washington,William Taft,0.3077564060074355,21,12,True
rhetorical_fingerprint,George Washington,Woodrow Wilson,-0.461409188815779,21,33,True
rhetorical_fingerprint,George Washington,Zachary Taylor,0.6076199314801761,21,4,False
rhetorical_fingerprint,Gerald Ford,Grover Cleveland,-0.4153426245064436,14,32,True
rhetorical_fingerprint,Gerald Ford,Harry S. Truman,-0.20080882866860092,14,19,True
rhetorical_fingerprint,Gerald Ford,Herbert Hoover,-0.11248144816912638,14,30,True
rhetorical_fingerprint,Gerald Ford,James A. Garfield,0.12261723020663609,14,1,False
rhetorical_fingerprint,Gerald Ford,James Buchanan,-0.6500551700495274,14,14,True
rhetorical_fingerprint,Gerald Ford,James K. Polk,-0.8482741668687922,14,25,True
rhetorical_fingerprint,Gerald Ford,James Madison,-0.04879958593107614,14,21,True
rhetorical_fingerprint,Gerald Ford,James Monroe,-0.37966080427130894,14,10,True
rhetorical_fingerprint,Gerald Ford,Jimmy Carter,0.29166724275502237,14,22,True
rhetorical_fingerprint,Gerald Ford,Joe Biden,0.18891123947835542,14,28,True
rhetorical_fingerprint,Gerald Ford,John Adams,0.31397394102213294,14,9,True
rhetorical_fingerprint,Gerald Ford,John F. Kennedy,0.19441388745265586,14,44,True
rhetorical_fingerprint,Gerald Ford,John Quincy Adams,-0.027854155286903482,14,8,True
rhetorical_fingerprint,Gerald Ford,John Tyler,-0.17311501942522198,14,18,True
rhetorical_fingerprint,Gerald Ford,Lyndon B. Johnson,0.28156956211730194,14,71,True
rhetorical_fingerprint,Gerald Ford,Martin Van Buren,-0.397351699748692,14,10,True
rhetorical_fingerprint,Gerald Ford,Millard Fillmore,-0.22570466950305867,14,7,True
rhetorical_fingerprint,Gerald Ford,Richard M. Nixon,0.013018069506923247,14,23,True
rhetorical_fingerprint,Gerald Ford,Ronald Reagan,0.32193006682198877,14,60,True
rhetorical_fingerprint,Gerald Ford,Rutherford B. Hayes,-0.09135894324533106,14,16,True
rhetorical_fingerprint,Gerald Ford,Theodore Roosevelt,-0.3430523082161209,14,22,True
rhetorical_fingerprint,Gerald Ford,Thomas Jefferson,-0.22091767743547747,14,24,True
rhetorical_fingerprint,Gerald Ford,Ulysses S. Grant,-0.16210837597227662,14,32,True
rhetorical_fingerprint,Gerald Ford,Warren G. Harding,0.3662806845228031,14,18,True
rhetorical_fingerprint,Gerald Ford,William Harrison,-0.6042994046279714,14,1,False
rhetorical_fingerprint,Gerald Ford,William McKinley,0.3157588472677087,14,14,True
rhetorical_fingerprint,Gerald Ford,William Taft,-0.01250768138718257,14,12,True
rhetorical_fingerprint,Gerald Ford,Woodrow Wilson,-0.592744852609357,14,33,True
rhetorical_fingerprint,Gerald Ford,Zachary Taylor,0.2747534413012033,14,4,False
rhetorical_fingerprint,Grover Cleveland,Harry S. Truman,-0.6816836660934336,32,19,True
rhetorical_fingerprint,Grover Cleveland,Herbert Hoover,0.7013071087695187,32,30,True
rhetorical_fingerprint,Grover Cleveland,James A. Garfield,-0.33121932556224676,32,1,False
rhetorical_fingerprint,Grover Cleveland,James Buchanan,0.35622872764041474,32,14,True
rhetorical_fingerprint,Grover Cleveland,James K. Polk,0.4596021408187485,32,25,True
rhetorical_fingerprint,Grover Cleveland,James Madison,0.26325961330111325,32,21,True
rhetorical_fingerprint,Grover Cleveland,James Monroe,0.20665837278673144,32,10,True
rhetorical_fingerprint,Grover Cleveland,Jimmy Carter,-0.297573880132628,32,22,True
rhetorical_fingerprint,Grover Cleveland,Joe Biden,-0.6123820005615093,32,28,True
rhetorical_fingerprint,Grover Cleveland,John Adams,-0.1973216847948507,32,9,True
rhetorical_fingerprint,Grover Cleveland,John F. Kennedy,0.08193359596776073,32,44,True
rhetorical_fingerprint,Grover Cleveland,John Quincy Adams,0.09875310266614395,32,8,True
rhetorical_fingerprint,Grover Cleveland,John Tyler,0.44267936333856417,32,18,True
rhetorical_fingerprint,Grover Cleveland,Lyndon B. Johnson,-0.6300613128240216,32,71,True
rhetorical_fingerprint,Grover Cleveland,Martin Van Buren,0.3819501237528016,32,10,True
rhetorical_fingerprint,Grover Cleveland,Millard Fillmore,0.5030117533092243,32,7,True
rhetorical_fingerprint,Grover Cleveland,Richard M. Nixon,-0.3516306955662615,32,23,True
rhetorical_fingerprint,Grover Cleveland,Ronald Reagan,-0.5477057134330334,32,60,True
rhetorical_fingerprint,Grover Cleveland,Rutherford B. Hayes,0.2833583468338021,32,16,True
rhetorical_fingerprint,Grover Cleveland,Theodore Roosevelt,0.6747742135292629,32,22,True
rhetorical_fingerprint,Grover Cleveland,Thomas Jefferson,-0.10033402401604781,32,24,True
rhetorical_fingerprint,Grover Cleveland,Ulysses S. Grant,0.29266966669135686,32,32,True
rhetorical_fingerprint,Grover Cleveland,Warren G. Harding,0.04287382972809714,32,18,True
rhetorical_fingerprint,Grover Cleveland,William Harrison,0.43064908494986276,32,1,False
rhetorical_fingerprint,Grover Cleveland,William McKinley,0.6851754256625803,32,14,True
rhetorical_fingerprint,Grover Cleveland,William Taft,0.3374937330610278,32,12,True
rhetorical_fingerprint,Grover Cleveland,Woodrow Wilson,-0.08880732884246872,32,33,True
rhetorical_fingerprint,Grover Cleveland,Zachary Taylor,-0.02203489620464758,32,4,False
rhetorical_fingerprint,Harry S. Truman,Herbert Hoover,-0.42545296656839454,19,30,True
rhetorical_fingerprint,Harry S. Truman,James A. Garfield,0.5478336209069665,19,1,False
rhetorical_fingerprint,Harry S. Truman,James Buchanan,0.09052091887478733,19,14,True
rhetorical_fingerprint,Harry S. Truman,James K. Polk,0.07917727031746741,19,25,True
rhetorical_fingerprint,Harry S. Truman,James Madison,-0.1998695631697288,19,21,True
rhetorical_fingerprint,Harry S. Truman,James Monroe,-0.11661961424300435,19,10,True
rhetorical_fingerprint,Harry S. Truman,Jimmy Carter,0.21742472847962838,19,22,True
rhetorical_fingerprint,Harry S. Truman,Joe Biden,0.6677149951586964,19,28,True
rhetorical_fingerprint,Harry S. Truman,John Adams,-0.01026989507004089,19,9,True
rhetorical_fingerprint,Harry S. Truman,John F. Kennedy,-0.1132179323022938,19,44,True
rhetorical_fingerprint,Harry S. Truman,John Quincy Adams,-0.33469048177329225,19,8,True
rhetorical_fingerprint,Harry S. Truman,John Tyler,-0.5684734146156527,19,18,True
rhetorical_fingerprint,Harry S. Truman,Lyndon B. Johnson,0.48325106143209856,19,71,True
rhetorical_fingerprint,Harry S. Truman,Martin Van Buren,-0.419601066693319,19,10,True
rhetorical_fingerprint,Harry S. Truman,Millard Fillmore,-0.6742831199407512,19,7,True
rhetorical_fingerprint,Harry S. Truman,Richard M. Nixon,0.42976427147327806,19,23,True
rhetorical_fingerprint,Harry S. Truman,Ronald Reagan,0.5407130754212912,19,60,True
rhetorical_fingerprint,Harry S. Truman,Rutherford B. Hayes,-0.44348375249599936,19,16,True
rhetorical_fingerprint,Harry S. Truman,Theodore Roosevelt,-0.38418526315531115,19,22,True
rhetorical_fingerprint,Harry S. Truman,Thomas Jefferson,-0.05618352588477894,19,24,True
rhetorical_fingerprint,Harry S. Truman,Ulysses S. Grant,-0.4818316290242026,19,32,True
rhetorical_fingerprint,Harry S. Truman,Warren G. Harding,0.09235182317398136,19,18,True
rhetorical_fingerprint,Harry S. Truman,William Harrison,-0.2188597837335073,19,1,False
rhetorical_fingerprint,Harry S. Truman,William McKinley,-0.7755953507684206,19,14,True
rhetorical_fingerprint,Harry S. Truman,William Taft,-0.5553119728810461,19,12,True
rhetorical_fingerprint,Harry S. Truman,Woodrow Wilson,0.38511909772559766,19,33,True
rhetorical_fingerprint,Harry S. Truman,Zachary Taylor,-0.5098937489877238,19,4,False
rhetorical_fingerprint,Herbert Hoover,James A. Garfield,-0.43057626896016427,30,1,False
rhetorical_fingerprint,Herbert Hoover,James Buchanan,0.12989908510485323,30,14,True
rhetorical_fingerprint,Herbert Hoover,James K. Polk,0.34441313882750435,30,25,True
rhetorical_fingerprint,Herbert Hoover,James Madison,-0.13994989233960933,30,21,True
rhetorical_fingerprint,Herbert Hoover,James Monroe,0.0980761380259306,30,10,True
rhetorical_fingerprint,Herbert Hoover,Jimmy Carter,0.3417729124072195,30,22,True
rhetorical_fingerprint,Herbert Hoover,Joe Biden,-0.46179514767094765,30,28,True
rhetorical_fingerprint,Herbert Hoover,John Adams,-0.44418316637159194,30,9,True
rhetorical_fingerprint,Herbert Hoover,John F. Kennedy,0.6121901487762498,30,44,True
rhetorical_fingerprint,Herbert Hoover,John Quincy Adams,-0.04632965753266016,30,8,True
rhetorical_fingerprint,Herbert Hoover,John Tyler,0.06349632407275421,30,18,True
rhetorical_fingerprint,Herbert Hoover,Lyndon B. Johnson,0.035275463420569406,30,71,True
rhetorical_fingerprint,Herbert Hoover,Martin Van Buren,-0.07005294898059572,30,10,True
rhetorical_fingerprint,Herbert Hoover,Millard Fillmore,0.04930843707110899,30,7,True
rhetorical_fingerprint,Herbert Hoover,Richard M. Nixon,0.043640781691896974,30,23,True
rhetorical_fingerprint,Herbert Hoover,Ronald Reagan,-0.47481571643983517,30,60,True
rhetorical_fingerprint,Herbert Hoover,Rutherford B. Hayes,0.1668425069176318,30,16,True
rhetorical_fingerprint,Herbert Hoover,Theodore Roosevelt,0.8493031582479973,30,22,True
rhetorical_fingerprint,Herbert Hoover,Thomas Jefferson,-0.2529775788664819,30,24,True
rhetorical_fingerprint,Herbert Hoover,Ulysses S. Grant,-0.03151878747955,30,32,True
rhetorical_fingerprint,Herbert Hoover,Warren G. Harding,0.1408389963119396,30,18,True
rhetorical_fingerprint,Herbert Hoover,William Harrison,-0.18914406048303148,30,1,False
rhetorical_fingerprint,Herbert Hoover,William McKinley,0.6208604917365024,30,14,True
rhetorical_fingerprint,Herbert Hoover,William Taft,0.2462153526347635,30,12,True
rhetorical_fingerprint,Herbert Hoover,Woodrow Wilson,0.08172819608761296,30,33,True
rhetorical_fingerprint,Herbert Hoover,Zachary Taylor,-0.3562364548273006,30,4,False
rhetorical_fingerprint,James A. Garfield,James Buchanan,-0.11725309309970404,1,14,False
rhetorical_fingerprint,James A. Garfield,James K. Polk,-0.2677976940396354,1,25,False
rhetorical_fingerprint,James A. Garfield,James Madison,0.5018163299436447,1,21,False
rhetorical_fingerprint,James A. Garfield,James Monroe,-0.22478908821646718,1,10,False
rhetorical_fingerprint,James A. Garfield,Jimmy Carter,-0.3419901748370828,1,22,False
rhetorical_fingerprint,James A. Garfield,Joe Biden,0.5231463616448891,1,28,False
rhetorical_fingerprint,James A. Garfield,John Adams,0.5816475145088471,1,9,False
rhetorical_fingerprint,James A. Garfield,John F. Kennedy,-0.49432187734982025,1,44,False
rhetorical_fingerprint,James A. Garfield,John Quincy Adams,-0.22127989709793028,1,8,False
rhetorical_fingerprint,James A. Garfield,John Tyler,-0.5524315942273692,1,18,False
rhetorical_fingerprint,James A. Garfield,Lyndon B. Johnson,-0.21873923793195027,1,71,False
rhetorical_fingerprint,James A. Garfield,Martin Van Buren,-0.333056936738474,1,10,False
rhetorical_fingerprint,James A. Garfield,Millard Fillmore,-0.5834430919143537,1,7,False
rhetorical_fingerprint,James A. Garfield,Richard M. Nixon,-0.19322274424529087,1,23,False
rhetorical_fingerprint,James A. Garfield,Ronald Reagan,0.7181712787849683,1,60,False
rhetorical_fingerprint,James A. Garfield,Rutherford B. Hayes,-0.6106899506835162,1,16,False
rhetorical_fingerprint,James A. Garfield,Theodore Roosevelt,-0.5600800354845787,1,22,False
rhetorical_fingerprint,James A. Garfield,Thomas Jefferson,-0.17243743742557538,1,24,False
rhetorical_fingerprint,James A. Garfield,Ulysses S. Grant,-0.5818220638650509,1,32,False
rhetorical_fingerprint,James A. Garfield,Warren G. Harding,0.73837279304452,1,18,False
rhetorical_fingerprint,James A. Garfield,William Harrison,-0.16381298240624764,1,1,False
rhetorical_fingerprint,James A. Garfield,William McKinley,-0.11931559327676838,1,14,False
rhetorical_fingerprint,James A. Garfield,William Taft,-0.7243311331148821,1,12,False
rhetorical_fingerprint,James A. Garfield,Woodrow Wilson,-0.2351619369150823,1,33,False
rhetorical_fingerprint,James A. Garfield,Zachary Taylor,-0.33498517492877883,1,4,False
rhetorical_fingerprint,James Buchanan,James K. Polk,0.3994780956840486,14,25,True
rhetorical_fingerprint,James Buchanan,James Madison,0.04729167948064632,14,21,True
rhetorical_fingerprint,James Buchanan,James Monroe,-0.3391359361370398,14,10,True
rhetorical_fingerprint,James Buchanan,Jimmy Carter,-0.293315006501658,14,22,True
rhetorical_fingerprint,James Buchanan,Joe Biden,-0.24676326948457167,14,28,True
rhetorical_fingerprint,James Buchanan,John Adams,-0.12278874121473249,14,9,True
rhetorical_fingerprint,James Buchanan,John F. Kennedy,-0.41443795496361674,14,44,True
rhetorical_fingerprint,James Buchanan,John Quincy Adams,-0.5322427363331267,14,8,True
rhetorical_fingerprint,James Buchanan,John Tyler,0.502637727514822,14,18,True
rhetorical_fingerprint,James Buchanan,Lyndon B. Johnson,-0.34956687757325644,14,71,True
rhetorical_fingerprint,James Buchanan,Martin Van Buren,0.5496481914026683,14,10,True
rhetorical_fingerprint,James Buchanan,Millard Fillmore,0.37344121729267,14,7,True
rhetorical_fingerprint,James Buchanan,Richard M. Nixon,0.005581200136807721,14,23,True
rhetorical_fingerprint,James Buchanan,Ronald Reagan,-0.40517783302033783,14,60,True
rhetorical_fingerprint,James Buchanan,Rutherford B. Hayes,0.3232968343167615,14,16,True
rhetorical_fingerprint,James Buchanan,Theodore Roosevelt,0.24356912294992197,14,22,True
rhetorical_fingerprint,James Buchanan,Thomas Jefferson,-0.13156520757476617,14,24,True
rhetorical_fingerprint,James Buchanan,Ulysses S. Grant,0.45354246623477845,14,32,True
rhetorical_fingerprint,James Buchanan,Warren G. Harding,-0.16630041632619735,14,18,True
rhetorical_fingerprint,James Buchanan,William Harrison,0.6543536082885554,14,1,False
rhetorical_fingerprint,James Buchanan,William McKinley,-0.044677017991924126,14,14,True
rhetorical_fingerprint,James Buchanan,William Taft,0.3543617215845098,14,12,True
rhetorical_fingerprint,James Buchanan,Woodrow Wilson,0.060800900255398777,14,33,True
rhetorical_fingerprint,James Buchanan,Zachary Taylor,-0.1348727981178201,14,4,False
rhetorical_fingerprint,James K. Polk,James Madison,-0.03489910282457317,25,21,True
rhetorical_fingerprint,James K. Polk,James Monroe,0.6306269357541738,25,10,True
rhetorical_fingerprint,James K. Polk,Jimmy Carter,0.045222406652462285,25,22,True
rhetorical_fingerprint,James K. Polk,Joe Biden,-0.41485142212925574,25,28,True
rhetorical_fingerprint,James K. Polk,John Adams,-0.27599190273749075,25,9,True
rhetorical_fingerprint,James K. Polk,John F. Kennedy,0.1043932912696849,25,44,True
rhetorical_fingerprint,James K. Polk,John Quincy Adams,0.2986566317378652,25,8,True
rhetorical_fingerprint,James K. Polk,John Tyler,0.15669383810951115,25,18,True
rhetorical_fingerprint,James K. Polk,Lyndon B. Johnson,-0.08231702582575118,25,71,True
rhetorical_fingerprint,James K. Polk,Martin Van Buren,0.15318380992825034,25,10,True
rhetorical_fingerprint,James K. Polk,Millard Fillmore,0.24525022249065104,25,7,True
rhetorical_fingerprint,James K. Polk,Richard M. Nixon,0.19279676620212052,25,23,True
rhetorical_fingerprint,James K. Polk,Ronald Reagan,-0.5518911886493475,25,60,True
rhetorical_fingerprint,James K. Polk,Rutherford B. Hayes,0.3415933404331166,25,16,True
rhetorical_fingerprint,James K. Polk,Theodore Roosevelt,0.44051226785489406,25,22,True
rhetorical_fingerprint,James K. Polk,Thomas Jefferson,0.055754876550134704,25,24,True
rhetorical_fingerprint,James K. Polk,Ulysses S. Grant,0.19951489536804462,25,32,True
rhetorical_fingerprint,James K. Polk,Warren G. Harding,-0.38520158298097845,25,18,True
rhetorical_fingerprint,James K. Polk,William Harrison,0.32311409761085186,25,1,False
rhetorical_fingerprint,James K. Polk,William McKinley,-0.22010283096264735,25,14,True
rhetorical_fingerprint,James K. Polk,William Taft,0.18585879137075773,25,12,True
rhetorical_fingerprint,James K. Polk,Woodrow Wilson,0.560461814093267,25,33,True
rhetorical_fingerprint,James K. Polk,Zachary Taylor,-0.13651607614202294,25,4,False
rhetorical_fingerprint,James Madison,James Monroe,0.014964205971535097,21,10,True
rhetorical_fingerprint,James Madison,Jimmy Carter,-0.7546667417705584,21,22,True
rhetorical_fingerprint,James Madison,Joe Biden,-0.3725447983862753,21,28,True
rhetorical_fingerprint,James Madison,John Adams,0.7448656499161268,21,9,True
rhetorical_fingerprint,James Madison,John F. Kennedy,-0.6765673589560605,21,44,True
rhetorical_fingerprint,James Madison,John Quincy Adams,0.2104799561230978,21,8,True
rhetorical_fingerprint,James Madison,John Tyler,-0.14955407410045402,21,18,True
rhetorical_fingerprint,James Madison,Lyndon B. Johnson,-0.7169069738172654,21,71,True
rhetorical_fingerprint,James Madison,Martin Van Buren,0.46041250553110896,21,10,True
rhetorical_fingerprint,James Madison,Millard Fillmore,-1.8222763087355487e-05,21,7,True
rhetorical_fingerprint,James Madison,Richard M. Nixon,-0.7535966303761215,21,23,True
rhetorical_fingerprint,James Madison,Ronald Reagan,-0.02808830511886759,21,60,True
rhetorical_fingerprint,James Madison,Rutherford B. Hayes,-0.18940704213186627,21,16,True
rhetorical_fingerprint,James Madison,Theodore Roosevelt,-0.08942531595136466,21,22,True
rhetorical_fingerprint,James Madison,Thomas Jefferson,0.26454584104485834,21,24,True
rhetorical_fingerprint,James Madison,Ulysses S. Grant,-0.19030789794431605,21,32,True
rhetorical_fingerprint,James Madison,Warren G. Harding,0.6074286473861331,21,18,True
rhetorical_fingerprint,James Madison,William Harrison,0.05365718198700212,21,1,False
rhetorical_fingerprint,James Madison,William McKinley,0.4300276166128372,21,14,True
rhetorical_fingerprint,James Madison,William Taft,-0.2853249982269346,21,12,True
rhetorical_fingerprint,James Madison,Woodrow Wilson,-0.1513166411921685,21,33,True
rhetorical_fingerprint,James Madison,Zachary Taylor,0.0048455755654806705,21,4,False
rhetorical_fingerprint,James Monroe,Jimmy Carter,-0.015569321878862325,10,22,True
rhetorical_fingerprint,James Monroe,Joe Biden,-0.29481628791152753,10,28,True
rhetorical_fingerprint,James Monroe,John Adams,-0.05171518312894941,10,9,True
rhetorical_fingerprint,James Monroe,John F. Kennedy,0.2003012475400909,10,44,True
rhetorical_fingerprint,James Monroe,John Quincy Adams,0.885860363766663,10,8,True
rhetorical_fingerprint,James Monroe,John Tyler,-0.11731926065495585,10,18,True
rhetorical_fingerprint,James Monroe,Lyndon B. Johnson,-0.01576380172746651,10,71,True
rhetorical_fingerprint,James Monroe,Martin Van Buren,-0.051486210643909694,10,10,True
rhetorical_fingerprint,James Monroe,Millard Fillmore,0.1799413435400269,10,7,True
rhetorical_fingerprint,James Monroe,Richard M. Nixon,-0.10611825340871363,10,23,True
rhetorical_fingerprint,James Monroe,Ronald Reagan,-0.23997413865862122,10,60,True
rhetorical_fingerprint,James Monroe,Rutherford B. Hayes,0.08046844777897581,10,16,True
rhetorical_fingerprint,James Monroe,Theodore Roosevelt,0.08974674338095946,10,22,True
rhetorical_fingerprint,James Monroe,Thomas Jefferson,0.43797589607940035,10,24,True
rhetorical_fingerprint,James Monroe,Ulysses S. Grant,-0.00064756972989334,10,32,True
rhetorical_fingerprint,James Monroe,Warren G. Harding,-0.36033983922383783,10,18,True
rhetorical_fingerprint,James Monroe,William Harrison,0.03671651887193655,10,1,False
rhetorical_fingerprint,James Monroe,William McKinley,-0.20340597037035238,10,14,True
rhetorical_fingerprint,James Monroe,William Taft,-0.09147824973854811,10,12,True
rhetorical_fingerprint,James Monroe,Woodrow Wilson,0.48550746490113084,10,33,True
rhetorical_fingerprint,James Monroe,Zachary Taylor,0.15397143327774138,10,4,False
rhetorical_fingerprint,Jimmy Carter,Joe Biden,0.17555475531687295,22,28,True
rhetorical_fingerprint,Jimmy Carter,John Adams,-0.5040734894584838,22,9,True
rhetorical_fingerprint,Jimmy Carter,John F. Kennedy,0.8292599883411869,22,44,True
rhetorical_fingerprint,Jimmy Carter,John Quincy Adams,-0.1307240352820224,22,8,True
rhetorical_fingerprint,Jimmy Carter,John Tyler,-0.14354201949870332,22,18,True
rhetorical_fingerprint,Jimmy Carter,Lyndon B. Johnson,0.8786428829872673,22,71,True
rhetorical_fingerprint,Jimmy Carter,Martin Van Buren,-0.6629681775898347,22,10,True
rhetorical_fingerprint,Jimmy Carter,Millard Fillmore,-0.3060685149431323,22,7,True
rhetorical_fingerprint,Jimmy Carter,Richard M. Nixon,0.8476188422003766,22,23,True
rhetorical_fingerprint,Jimmy Carter,Ronald Reagan,-0.078139899207084,22,60,True
rhetorical_fingerprint,Jimmy Carter,Rutherford B. Hayes,0.21310895976115785,22,16,True
rhetorical_fingerprint,Jimmy Carter,Theodore Roosevelt,0.22976990520371893,22,22,True
rhetorical_fingerprint,Jimmy Carter,Thomas Jefferson,-0.45278107421582264,22,24,True
rhetorical_fingerprint,Jimmy Carter,Ulysses S. Grant,-0.0893557774415117,22,32,True
rhetorical_fingerprint,Jimmy Carter,Warren G. Harding,-0.22912851725991557,22,18,True
rhetorical_fingerprint,Jimmy Carter,William Harrison,-0.5774633430092931,22,1,False
rhetorical_fingerprint,Jimmy Carter,William McKinley,-0.1994215800152813,22,14,True
rhetorical_fingerprint,Jimmy Carter,William Taft,0.2256558752236006,22,12,True
rhetorical_fingerprint,Jimmy Carter,Woodrow Wilson,0.12626328228555284,22,33,True
rhetorical_fingerprint,Jimmy Carter,Zachary Taylor,-0.12846313386148647,22,4,False
rhetorical_fingerprint,Joe Biden,John Adams,-0.19711283577826627,28,9,True
rhetorical_fingerprint,Joe Biden,John F. Kennedy,0.07689196524888825,28,44,True
rhetorical_fingerprint,Joe Biden,John Quincy Adams,-0.42090203720976477,28,8,True
rhetorical_fingerprint,Joe Biden,John Tyler,-0.45956808396300797,28,18,True
rhetorical_fingerprint,Joe Biden,Lyndon B. Johnson,0.3665135212125022,28,71,True
rhetorical_fingerprint,Joe Biden,Martin Van Buren,-0.6051164650928867,28,10,True
rhetorical_fingerprint,Joe Biden,Millard Fillmore,-0.6119438862868279,28,7,True
rhetorical_fingerprint,Joe Biden,Richard M. Nixon,0.32612712535596255,28,23,True
rhetorical_fingerprint,Joe Biden,Ronald Reagan,0.9088180518430642,28,60,True
rhetorical_fingerprint,Joe Biden,Rutherford B. Hayes,-0.6416950833423997,28,16,True
rhetorical_fingerprint,Joe Biden,Theodore Roosevelt,-0.48134948563671764,28,22,True
rhetorical_fingerprint,Joe Biden,Thomas Jefferson,-0.1860760411798449,28,24,True
rhetorical_fingerprint,Joe Biden,Ulysses S. Grant,-0.4952247487002017,28,32,True
rhetorical_fingerprint,Joe Biden,Warren G. Harding,0.132696730580886,28,18,True
rhetorical_fingerprint,Joe Biden,William Harrison,-0.14312698087268516,28,1,False
rhetorical_fingerprint,Joe Biden,William McKinley,-0.5167271588664883,28,14,True
rhetorical_fingerprint,Joe Biden,William Taft,-0.5921103684317093,28,12,True
rhetorical_fingerprint,Joe Biden,Woodrow Wilson,-0.021274375135105522,28,33,True
rhetorical_fingerprint,Joe Biden,Zachary Taylor,-0.36109420837070283,28,4,False
rhetorical_fingerprint,John Adams,John F. Kennedy,-0.7212740587346357,9,44,True
rhetorical_fingerprint,John Adams,John Quincy Adams,0.24174932516254935,9,8,True
rhetorical_fingerprint,John Adams,John Tyler,-0.08376675694270849,9,18,True
rhetorical_fingerprint,John Adams,Lyndon B. Johnson,-0.4356050967324172,9,71,True
rhetorical_fingerprint,John Adams,Martin Van Buren,0.1448302297573073,9,10,True
rhetorical_fingerprint,John Adams,Millard Fillmore,0.03760856771199364,9,7,True
rhetorical_fingerprint,John Adams,Richard M. Nixon,-0.4734820500859805,9,23,True
rhetorical_fingerprint,John Adams,Ronald Reagan,0.09290417313962046,9,60,True
rhetorical_fingerprint,John Adams,Rutherford B. Hayes,0.006925126565243467,9,16,True
rhetorical_fingerprint,John Adams,Theodore Roosevelt,-0.6121682625111038,9,22,True
rhetorical_fingerprint,John Adams,Thomas Jefferson,0.06859284756243512,9,24,True
rhetorical_fingerprint,John Adams,Ulysses S. Grant,-0.0015074742990298096,9,32,True
rhetorical_fingerprint,John Adams,Warren G. Harding,0.5076372906518086,9,18,True
rhetorical_fingerprint,John Adams,William Harrison,-0.07043643071802987,9,1,False
rhetorical_fingerprint,John Adams,William McKinley,0.14440011139411904,9,14,True
rhetorical_fingerprint,John Adams,William Taft,-0.15441110945956835,9,12,True
rhetorical_fingerprint,John Adams,Woodrow Wilson,-0.44993161708300144,9,33,True
rhetorical_fingerprint,John Adams,Zachary Taylor,0.3620088857833405,9,4,False
rhetorical_fingerprint,John F. Kennedy,John Quincy Adams,0.059524616195290155,44,8,True
rhetorical_fingerprint,John F. Kennedy,John Tyler,-0.17398283435121947,44,18,True
rhetorical_fingerprint,John F. Kennedy,Lyndon B. Johnson,0.6622734131799581,44,71,True
rhetorical_fingerprint,John F. Kennedy,Martin Van Buren,-0.5540006005665818,44,10,True
rhetorical_fingerprint,John F. Kennedy,Millard Fillmore,-0.2379816759705974,44,7,True
rhetorical_fingerprint,John F. Kennedy,Richard M. Nixon,0.5401500684648308,44,23,True
rhetorical_fingerprint,John F. Kennedy,Ronald Reagan,-0.08715771566291086,44,60,True
rhetorical_fingerprint,John F. Kennedy,Rutherford B. Hayes,0.03022807098835975,44,16,True
rhetorical_fingerprint,John F. Kennedy,Theodore Roosevelt,0.5406259900053955,44,22,True
rhetorical_fingerprint,John F. Kennedy,Thomas Jefferson,-0.24075762705051124,44,24,True
rhetorical_fingerprint,John F. Kennedy,Ulysses S. Grant,-0.20029056108403642,44,32,True
rhetorical_fingerprint,John F. Kennedy,Warren G. Harding,-0.20686492031899698,44,18,True
rhetorical_fingerprint,John F. Kennedy,William Harrison,-0.49963326871641073,44,1,False
rhetorical_fingerprint,John F. Kennedy,William McKinley,0.0958668592313543,44,14,True
rhetorical_fingerprint,John F. Kennedy,William Taft,0.116535909723404,44,12,True
rhetorical_fingerprint,John F. Kennedy,Woodrow Wilson,0.23370037615320677,44,33,True
rhetorical_fingerprint,John F. Kennedy,Zachary Taylor,-0.24610367426212915,44,4,False
rhetorical_fingerprint,John Quincy Adams,John Tyler,-0.07911371762886495,8,18,True
rhetorical_fingerprint,John Quincy Adams,Lyndon B. Johnson,-0.09397502620994462,8,71,True
rhetorical_fingerprint,John Quincy Adams,Martin Van Buren,0.07602172060939905,8,10,True
rhetorical_fingerprint,John Quincy Adams,Millard Fillmore,0.26019055932082036,8,7,True
rhetorical_fingerprint,John Quincy Adams,Richard M. Nixon,-0.3201621780940859,8,23,True
rhetorical_fingerprint,John Quincy Adams,Ronald Reagan,-0.2520934601700929,8,60,True
rhetorical_fingerprint,John Quincy Adams,Rutherford B. Hayes,0.1289696207143674,8,16,True
rhetorical_fingerprint,John Quincy Adams,Theodore Roosevelt,-0.0717109186669241,8,22,True
rhetorical_fingerprint,John Quincy Adams,Thomas Jefferson,0.5464544817515365,8,24,True
rhetorical_fingerprint,John Quincy Adams,Ulysses S. Grant,0.05846576206180561,8,32,True
rhetorical_fingerprint,John Quincy Adams,Warren G. Harding,-0.25022337335887296,8,18,True
rhetorical_fingerprint,John Quincy Adams,William Harrison,-0.08694109009346246,8,1,False
rhetorical_fingerprint,John Quincy Adams,William McKinley,-0.016647426061991044,8,14,True
rhetorical_fingerprint,John Quincy Adams,William Taft,-0.023489219750966083,8,12,True
rhetorical_fingerprint,John Quincy Adams,Woodrow Wilson,0.255447528669241,8,33,True
rhetorical_fingerprint,John Quincy Adams,Zachary Taylor,0.41775779668733554,8,4,False
rhetorical_fingerprint,John Tyler,Lyndon B. Johnson,-0.3995627756794048,18,71,True
rhetorical_fingerprint,John Tyler,Martin Van Buren,0.4719006753800751,18,10,True
rhetorical_fingerprint,John Tyler,Millard Fillmore,0.9265960595445759,18,7,True
rhetorical_fingerprint,John Tyler,Richard M. Nixon,0.07052567932592868,18,23,True
rhetorical_fingerprint,John Tyler,Ronald Reagan,-0.6217551999282008,18,60,True
rhetorical_fingerprint,John Tyler,Rutherford B. Hayes,0.8244925480424222,18,16,True
rhetorical_fingerprint,John Tyler,Theodore Roosevelt,0.07849866823040816,18,22,True
rhetorical_fingerprint,John Tyler,Thomas Jefferson,-0.2526383516332373,18,24,True
rhetorical_fingerprint,John Tyler,Ulysses S. Grant,0.9635757332796961,18,32,True
rhetorical_fingerprint,John Tyler,Warren G. Harding,-0.5341184601559626,18,18,True
rhetorical_fingerprint,John Tyler,William Harrison,0.7252327957923712,18,1,False
rhetorical_fingerprint,John Tyler,William McKinley,0.18727620462903743,18,14,True
rhetorical_fingerprint,John Tyler,William Taft,0.888351898902987,18,12,True
rhetorical_fingerprint,John Tyler,Woodrow Wilson,-0.42188696250964,18,33,True
rhetorical_fingerprint,John Tyler,Zachary Taylor,0.6852666550774139,18,4,False
rhetorical_fingerprint,Lyndon B. Johnson,Martin Van Buren,-0.5769931983045337,71,10,True
rhetorical_fingerprint,Lyndon B. Johnson,Millard Fillmore,-0.506167411660939,71,7,True
rhetorical_fingerprint,Lyndon B. Johnson,Richard M. Nixon,0.7261121824315656,71,23,True
rhetorical_fingerprint,Lyndon B. Johnson,Ronald Reagan,0.1461236197645786,71,60,True
rhetorical_fingerprint,Lyndon B. Johnson,Rutherford B. Hayes,-0.0639121205730886,71,16,True
rhetorical_fingerprint,Lyndon B. Johnson,Theodore Roosevelt,0.03340257967922436,71,22,True
rhetorical_fingerprint,Lyndon B. Johnson,Thomas Jefferson,-0.09551562209638269,71,24,True
rhetorical_fingerprint,Lyndon B. Johnson,Ulysses S. Grant,-0.2849090793941252,71,32,True
rhetorical_fingerprint,Lyndon B. Johnson,Warren G. Harding,-0.2557925573801492,71,18,True
rhetorical_fingerprint,Lyndon B. Johnson,William Harrison,-0.6521021437788188,71,1,False
rhetorical_fingerprint,Lyndon B. Johnson,William McKinley,-0.4823359652198215,71,14,True
rhetorical_fingerprint,Lyndon B. Johnson,William Taft,-0.05728829715781188,71,12,True
rhetorical_fingerprint,Lyndon B. Johnson,Woodrow Wilson,0.3734931449051874,71,33,True
rhetorical_fingerprint,Lyndon B. Johnson,Zachary Taylor,-0.23647343819214453,71,4,False
rhetorical_fingerprint,Martin Van Buren,Millard Fillmore,0.5762770809198839,10,7,True
rhetorical_fingerprint,Martin Van Buren,Richard M. Nixon,-0.5791601391871678,10,23,True
rhetorical_fingerprint,Martin Van Buren,Ronald Reagan,-0.5349392527603458,10,60,True
rhetorical_fingerprint,Martin Van Buren,Rutherford B. Hayes,0.2787225761652239,10,16,True
rhetorical_fingerprint,Martin Van Buren,Theodore Roosevelt,0.23584618357579715,10,22,True
rhetorical_fingerprint,Martin Van Buren,Thomas Jefferson,0.5334447326953523,10,24,True
rhetorical_fingerprint,Martin Van Buren,Ulysses S. Grant,0.45677357041239236,10,32,True
rhetorical_fingerprint,Martin Van Buren,Warren G. Harding,-0.23326103990442895,10,18,True
rhetorical_fingerprint,Martin Van Buren,William Harrison,0.55280026777614,10,1,False
rhetorical_fingerprint,Martin Van Buren,William McKinley,0.21437591281773427,10,14,True
rhetorical_fingerprint,Martin Van Buren,William Taft,0.33349437559945727,10,12,True
rhetorical_fingerprint,Martin Van Buren,Woodrow Wilson,0.1473340609172311,10,33,True
rhetorical_fingerprint,Martin Van Buren,Zachary Taylor,0.2428953061965291,10,4,False
rhetorical_fingerprint,Millard Fillmore,Richard M. Nixon,-0.1757605235635751,7,23,True
rhetorical_fingerprint,Millard Fillmore,Ronald Reagan,-0.67509623022758,7,60,True
rhetorical_fingerprint,Millard Fillmore,Rutherford B. Hayes,0.7757573123001461,7,16,True
rhetorical_fingerprint,Millard Fillmore,Theodore Roosevelt,0.05419458160752774,7,22,True
rhetorical_fingerprint,Millard Fillmore,Thomas Jefferson,0.03865357950450511,7,24,True
rhetorical_fingerprint,Millard Fillmore,Ulysses S. Grant,0.9367865468849109,7,32,True
rhetorical_fingerprint,Millard Fillmore,Warren G. Harding,-0.5601124262282682,7,18,True
rhetorical_fingerprint,Millard Fillmore,William Harrison,0.7282620834538299,7,1,False
rhetorical_fingerprint,Millard Fillmore,William McKinley,0.2059095339622277,7,14,True
rhetorical_fingerprint,Millard Fillmore,William Taft,0.7951488687369002,7,12,True
rhetorical_fingerprint,Millard Fillmore,Woodrow Wilson,-0.2981122708837114,7,33,True
rhetorical_fingerprint,Millard Fillmore,Zachary Taylor,0.7608069867972405,7,4,False
rhetorical_fingerprint,Richard M. Nixon,Ronald Reagan,-0.035152853651849315,23,60,True
rhetorical_fingerprint,Richard M. Nixon,Rutherford B. Hayes,0.32929465071909114,23,16,True
rhetorical_fingerprint,Richard M. Nixon,Theodore Roosevelt,0.023228823994767132,23,22,True
rhetorical_fingerprint,Richard M. Nixon,Thomas Jefferson,-0.6006205121969599,23,24,True
rhetorical_fingerprint,Richard M. Nixon,Ulysses S. Grant,0.11077132853145244,23,32,True
rhetorical_fingerprint,Richard M. Nixon,Warren G. Harding,-0.38484642562026067,23,18,True
rhetorical_fingerprint,Richard M. Nixon,William Harrison,-0.20251386050119155,23,1,False
rhetorical_fingerprint,Richard M. Nixon,William McKinley,-0.48339828257014084,23,14,True
rhetorical_fingerprint,Richard M. Nixon,William Taft,0.2996591050255179,23,12,True
rhetorical_fingerprint,Richard M. Nixon,Woodrow Wilson,0.07964594841164101,23,33,True
rhetorical_fingerprint,Richard M. Nixon,Zachary Taylor,-0.03587026770701608,23,4,False
rhetorical_fingerprint,Ronald Reagan,Rutherford B. Hayes,-0.8255763600769224,60,16,True
rhetorical_fingerprint,Ronald Reagan,Theodore Roosevelt,-0.549924201257285,60,22,True
rhetorical_fingerprint,Ronald Reagan,Thomas Jefferson,-0.02584015818506879,60,24,True
rhetorical_fingerprint,Ronald Reagan,Ulysses S. Grant,-0.6639028204924853,60,32,True
rhetorical_fingerprint,Ronald Reagan,Warren G. Harding,0.4275404257651294,60,18,True
rhetorical_fingerprint,Ronald Reagan,William Harrison,-0.24336830022851347,60,1,False
rhetorical_fingerprint,Ronald Reagan,William McKinley,-0.2919913566345986,60,14,True
rhetorical_fingerprint,Ronald Reagan,William Taft,-0.7947882682848633,60,12,True
rhetorical_fingerprint,Ronald Reagan,Woodrow Wilson,-0.11293366677780531,60,33,True
rhetorical_fingerprint,Ronald Reagan,Zachary Taylor,-0.3689128250176242,60,4,False
rhetorical_fingerprint,Rutherford B. Hayes,Theodore Roosevelt,0.1358900782950458,16,22,True
rhetorical_fingerprint,Rutherford B. Hayes,Thomas Jefferson,-0.3089898970002462,16,24,True
rhetorical_fingerprint,Rutherford B. Hayes,Ulysses S. Grant,0.8841489580383881,16,32,True
rhetorical_fingerprint,Rutherford B. Hayes,Warren G. Harding,-0.5403459352882509,16,18,True
rhetorical_fingerprint,Rutherford B. Hayes,William Harrison,0.34046458296454,16,1,False
rhetorical_fingerprint,Rutherford B. Hayes,William McKinley,0.09243131763258022,16,14,True
rhetorical_fingerprint,Rutherford B. Hayes,William Taft,0.9533207007518328,16,12,True
rhetorical_fingerprint,Rutherford B. Hayes,Woodrow Wilson,-0.2581071043457336,16,33,True
rhetorical_fingerprint,Rutherford B. Hayes,Zachary Taylor,0.6941081146848604,16,4,False
rhetorical_fingerprint,Theodore Roosevelt,Thomas Jefferson,0.004573155654442579,22,24,True
rhetorical_fingerprint,Theodore Roosevelt,Ulysses S. Grant,-0.03650197426135868,22,32,True
rhetorical_fingerprint,Theodore Roosevelt,Warren G. Harding,-0.06936287172484662,22,18,True
rhetorical_fingerprint,Theodore Roosevelt,William Harrison,-0.07468297703919842,22,1,False
rhetorical_fingerprint,Theodore Roosevelt,William McKinley,0.47647080731940783,22,14,True
rhetorical_fingerprint,Theodore Roosevelt,William Taft,0.24665941108456074,22,12,True
rhetorical_fingerprint,Theodore Roosevelt,Woodrow Wilson,0.3957681372873256,22,33,True
rhetorical_fingerprint,Theodore Roosevelt,Zachary Taylor,-0.41752521434443063,22,4,False
rhetorical_fingerprint,Thomas Jefferson,Ulysses S. Grant,-0.14962101201498074,24,32,True
rhetorical_fingerprint,Thomas Jefferson,Warren G. Harding,-0.22955177118535536,24,18,True
rhetorical_fingerprint,Thomas Jefferson,William Harrison,0.04475463217266155,24,1,False
rhetorical_fingerprint,Thomas Jefferson,William McKinley,-0.1827576767570979,24,14,True
rhetorical_fingerprint,Thomas Jefferson,William Taft,-0.315135785323598,24,12,True
rhetorical_fingerprint,Thomas Jefferson,Woodrow Wilson,0.6025478179973905,24,33,True
rhetorical_fingerprint,Thomas Jefferson,Zachary Taylor,-0.009285186121070758,24,4,False
rhetorical_fingerprint,Ulysses S. Grant,Warren G. Harding,-0.6309645731396251,32,18,True
rhetorical_fingerprint,Ulysses S. Grant,William Harrison,0.6666331343469584,32,1,False
rhetorical_fingerprint,Ulysses S. Grant,William McKinley,0.031897492125264534,32,14,True
rhetorical_fingerprint,Ulysses S. Grant,William Taft,0.8989648417582794,32,12,True
rhetorical_fingerprint,Ulysses S. Grant,Woodrow Wilson,-0.33909817597064873,32,33,True
rhetorical_fingerprint,Ulysses S. Grant,Zachary Taylor,0.7725126733160561,32,4,False
rhetorical_fingerprint,Warren G. Harding,William Harrison,-0.4398999583116409,18,1,False
rhetorical_fingerprint,Warren G. Harding,William McKinley,0.5045731647130766,18,14,True
rhetorical_fingerprint,Warren G. Harding,William Taft,-0.554236530036281,18,12,True
rhetorical_fingerprint,Warren G. Harding,Woodrow Wilson,-0.3535200214219252,18,33,True
rhetorical_fingerprint,Warren G. Harding,Zachary Taylor,-0.44986968660624427,18,4,False
rhetorical_fingerprint,William Harrison,William McKinley,-0.09652748621566892,1,14,False
rhetorical_fingerprint,William Harrison,William Taft,0.36527160742684395,1,12,False
rhetorical_fingerprint,William Harrison,Woodrow Wilson,-0.1280634387105353,1,33,False
rhetorical_fingerprint,William Harrison,Zachary Taylor,0.3451207794287146,1,4,False
rhetorical_fingerprint,William McKinley,William Taft,0.20986492351310362,14,12,True
rhetorical_fingerprint,William McKinley,Woodrow Wilson,-0.4730060215822758,14,33,True
rhetorical_fingerprint,William McKinley,Zachary Taylor,0.025461312936078475,14,4,False
rhetorical_fingerprint,William Taft,Woodrow Wilson,-0.3106428597669174,12,33,True
rhetorical_fingerprint,William Taft,Zachary Taylor,0.6496011760332481,12,4,False
rhetorical_fingerprint,Woodrow Wilson,Zachary Taylor,-0.493278948980663,33,4,False
legacy_issues,Abraham Lincoln,Andrew Jackson,0.8593984677797969,15,26,True
legacy_issues,Abraham Lincoln,Andrew Johnson,0.912460851609563,15,31,True
legacy_issues,Abraham Lincoln,Barack Obama,0.2762975462262454,15,51,True
legacy_issues,Abraham Lincoln,Benjamin Harrison,0.8110283364653886,15,16,True
legacy_issues,Abraham Lincoln,Bill Clinton,0.2874072136771917,15,39,True
legacy_issues,Abraham Lincoln,Calvin Coolidge,0.8037314268472164,15,12,True
legacy_issues,Abraham Lincoln,Chester A. Arthur,0.8063621567410252,15,11,True
legacy_issues,Abraham Lincoln,Donald Trump,0.2820322746751379,15,53,True
legacy_issues,Abraham Lincoln,Dwight D. Eisenhower,0.5542083400792241,15,15,True
legacy_issues,Abraham Lincoln,Franklin D. Roosevelt,0.5210960760483241,15,49,True
legacy_issues,Abraham Lincoln,Franklin Pierce,0.8765749405885388,15,15,True
legacy_issues,Abraham Lincoln,George H. W. Bush,0.3168361129396238,15,23,True
legacy_issues,Abraham Lincoln,George W. Bush,0.2839884959452762,15,38,True
legacy_issues,Abraham Lincoln,George Washington,0.8772618844339977,15,21,True
legacy_issues,Abraham Lincoln,Gerald Ford,0.40225083503009224,15,14,True
legacy_issues,Abraham Lincoln,Grover Cleveland,0.7985374729641579,15,32,True
legacy_issues,Abraham Lincoln,Harry S. Truman,0.46473250391500154,15,19,True
legacy_issues,Abraham Lincoln,Herbert Hoover,0.6922867827974166,15,30,True
legacy_issues,Abraham Lincoln,James A. Garfield,0.9008403590586753,15,1,False
legacy_issues,Abraham Lincoln,James Buchanan,0.9052258739406996,15,14,True
legacy_issues,Abraham Lincoln,James K. Polk,0.8547680694043067,15,25,True
legacy_issues,Abraham Lincoln,James Madison,0.8616580498093958,15,21,True
legacy_issues,Abraham Lincoln,James Monroe,0.8526200395334134,15,10,True
legacy_issues,Abraham Lincoln,Jimmy Carter,0.36617286630100987,15,22,True
legacy_issues,Abraham Lincoln,Joe Biden,0.2711279806231746,15,28,True
legacy_issues,Abraham Lincoln,John Adams,0.862408476295657,15,9,True
legacy_issues,Abraham Lincoln,John F. Kennedy,0.44862777639342627,15,44,True
legacy_issues,Abraham Lincoln,John Quincy Adams,0.8576140835093125,15,8,True
legacy_issues,Abraham Lincoln,John Tyler,0.8624326727783266,15,18,True
legacy_issues,Abraham Lincoln,Lyndon B. Johnson,0.44081645488402865,15,71,True
legacy_issues,Abraham Lincoln,Martin Van Buren,0.8292259044174473,15,10,True
legacy_issues,Abraham Lincoln,Millard Fillmore,0.8493792927317296,15,7,True
legacy_issues,Abraham Lincoln,Richard M. Nixon,0.4403835651998362,15,23,True
legacy_issues,Abraham Lincoln,Ronald Reagan,0.3501491257817053,15,60,True
legacy_issues,Abraham Lincoln,Rutherford B. Hayes,0.8349850606330895,15,16,True
legacy_issues,Abraham Lincoln,Theodore Roosevelt,0.8020425183695952,15,22,True
legacy_issues,Abraham Lincoln,Thomas Jefferson,0.871549238599841,15,24,True
legacy_issues,Abraham Lincoln,Ulysses S. Grant,0.8509634885631807,15,32,True
legacy_issues,Abraham Lincoln,Warren G. Harding,0.7199184034274273,15,18,True
legacy_issues,Abraham Lincoln,William Harrison,0.8656310877372438,15,1,False
legacy_issues,Abraham Lincoln,William McKinley,0.8513102301849312,15,14,True
legacy_issues,Abraham Lincoln,William Taft,0.7770113168718243,15,12,True
legacy_issues,Abraham Lincoln,Woodrow Wilson,0.7728870490554911,15,33,True
legacy_issues,Abraham Lincoln,Zachary Taylor,0.8296042658014302,15,4,False
legacy_issues,Andrew Jackson,Andrew Johnson,0.9497618773672095,26,31,True
legacy_issues,Andrew Jackson,Barack Obama,0.14071558061806325,26,51,True
legacy_issues,Andrew Jackson,Benjamin Harrison,0.9379987773004792,26,16,True
legacy_issues,Andrew Jackson,Bill Clinton,0.1435076313387552,26,39,True
legacy_issues,Andrew Jackson,Calvin Coolidge,0.8911370516097912,26,12,True
legacy_issues,Andrew Jackson,Chester A. Arthur,0.9549778577124594,26,11,True
legacy_issues,Andrew Jackson,Donald Trump,0.09520714831250146,26,53,True
legacy_issues,Andrew Jackson,Dwight D. Eisenhower,0.5802275179924932,26,15,True
legacy_issues,Andrew Jackson,Franklin D. Roosevelt,0.4581532098971637,26,49,True
legacy_issues,Andrew Jackson,Franklin Pierce,0.9763113030961625,26,15,True
legacy_issues,Andrew Jackson,George H. W. Bush,0.15947496836832345,26,23,True
legacy_issues,Andrew Jackson,George W. Bush,0.16761320481435796,26,38,True
legacy_issues,Andrew Jackson,George Washington,0.984796087288488,26,21,True
legacy_issues,Andrew Jackson,Gerald Ford,0.35577146066074017,26,14,True
legacy_issues,Andrew Jackson,Grover Cleveland,0.9533190237631519,26,32,True
legacy_issues,Andrew Jackson,Harry S. Truman,0.3312862514238556,26,19,True
legacy_issues,Andrew Jackson,Herbert Hoover,0.7842583064775266,26,30,True
legacy_issues,Andrew Jackson,James A. Garfield,0.8624758599953857,26,1,False
legacy_issues,Andrew Jackson,James Buchanan,0.9771234955553648,26,14,True
legacy_issues,Andrew Jackson,James K. Polk,0.9703190642794588,26,25,True
legacy_issues,Andrew Jackson,James Madison,0.9555087076388598,26,21,True
legacy_issues,Andrew Jackson,James Monroe,0.9674429475829484,26,10,True
legacy_issues,Andrew Jackson,Jimmy Carter,0.21994856928965456,26,22,True
legacy_issues,Andrew Jackson,Joe Biden,0.10958706130382133,26,28,True
legacy_issues,Andrew Jackson,John Adams,0.9497761997937131,26,9,True
legacy_issues,Andrew Jackson,John F. Kennedy,0.3028798017394597,26,44,True
legacy_issues,Andrew Jackson,John Quincy Adams,0.9666490970555482,26,8,True
legacy_issues,Andrew Jackson,John Tyler,0.9903732304447872,26,18,True
legacy_issues,Andrew Jackson,Lyndon B. Johnson,0.26182951260965087,26,71,True
legacy_issues,Andrew Jackson,Martin Van Buren,0.9895699279714008,26,10,True
legacy_issues,Andrew Jackson,Millard Fillmore,0.9740438592594247,26,7,True
legacy_issues,Andrew Jackson,Richard M. Nixon,0.30814062793002267,26,23,True
legacy_issues,Andrew Jackson,Ronald Reagan,0.20247618719453034,26,60,True
legacy_issues,Andrew Jackson,Rutherford B. Hayes,0.9713220057841518,26,16,True
legacy_issues,Andrew Jackson,Theodore Roosevelt,0.8987441991698555,26,22,True
legacy_issues,Andrew Jackson,Thomas Jefferson,0.9696425285129289,26,24,True
legacy_issues,Andrew Jackson,Ulysses S. Grant,0.9638862204058106,26,32,True
legacy_issues,Andrew Jackson,Warren G. Harding,0.7507179888990199,26,18,True
legacy_issues,Andrew Jackson,William Harrison,0.9559480737943895,26,1,False
legacy_issues,Andrew Jackson,William McKinley,0.9562794361551528,26,14,True
legacy_issues,Andrew Jackson,William Taft,0.9206135165724009,26,12,True
legacy_issues,Andrew Jackson,Woodrow Wilson,0.807591133964377,26,33,True
legacy_issues,Andrew Jackson,Zachary Taylor,0.946337507832868,26,4,False
legacy_issues,Andrew Johnson,Barack Obama,0.190752043915475,31,51,True
legacy_issues,Andrew Johnson,Benjamin Harrison,0.9142682435616121,31,16,True
legacy_issues,Andrew Johnson,Bill Clinton,0.19831527273766825,31,39,True
legacy_issues,Andrew Johnson,Calvin Coolidge,0.8555107496970917,31,12,True
legacy_issues,Andrew Johnson,Chester A. Arthur,0.9187647888733069,31,11,True
legacy_issues,Andrew Johnson,Donald Trump,0.1722142275545936,31,53,True
legacy_issues,Andrew Johnson,Dwight D. Eisenhower,0.5880319351510863,31,15,True
legacy_issues,Andrew Johnson,Franklin D. Roosevelt,0.5147025116340298,31,49,True
legacy_issues,Andrew Johnson,Franklin Pierce,0.9534971740517475,31,15,True
legacy_issues,Andrew Johnson,George H. W. Bush,0.2364467385324055,31,23,True
legacy_issues,Andrew Johnson,George W. Bush,0.22957633918962672,31,38,True
legacy_issues,Andrew Johnson,George Washington,0.9695857695570924,31,21,True
legacy_issues,Andrew Johnson,Gerald Ford,0.3777615405431328,31,14,True
legacy_issues,Andrew Johnson,Grover Cleveland,0.9124338320577221,31,32,True
legacy_issues,Andrew Johnson,Harry S. Truman,0.4198907324608222,31,19,True
legacy_issues,Andrew Johnson,Herbert Hoover,0.7295069626337345,31,30,True
legacy_issues,Andrew Johnson,James A. Garfield,0.8558036282966432,31,1,False
legacy_issues,Andrew Johnson,James Buchanan,0.9831086840227747,31,14,True
legacy_issues,Andrew Johnson,James K. Polk,0.964373225303452,31,25,True
legacy_issues,Andrew Johnson,James Madison,0.9555750148524573,31,21,True
legacy_issues,Andrew Johnson,James Monroe,0.944899920181051,31,10,True
legacy_issues,Andrew Johnson,Jimmy Carter,0.2769672638923038,31,22,True
legacy_issues,Andrew Johnson,Joe Biden,0.19036373261309195,31,28,True
legacy_issues,Andrew Johnson,John Adams,0.9537731276910515,31,9,True
legacy_issues,Andrew Johnson,John F. Kennedy,0.37919713254126863,31,44,True
legacy_issues,Andrew Johnson,John Quincy Adams,0.9490432007331315,31,8,True
legacy_issues,Andrew Johnson,John Tyler,0.9499941042286172,31,18,True
legacy_issues,Andrew Johnson,Lyndon B. Johnson,0.3810751934348299,31,71,True
legacy_issues,Andrew Johnson,Martin Van Buren,0.9211604652296382,31,10,True
legacy_issues,Andrew Johnson,Millard Fillmore,0.9611425292504728,31,7,True
legacy_issues,Andrew Johnson,Richard M. Nixon,0.40882054844006877,31,23,True
legacy_issues,Andrew Johnson,Ronald Reagan,0.2675969099953353,31,60,True
legacy_issues,Andrew Johnson,Rutherford B. Hayes,0.9473472101465843,31,16,True
legacy_issues,Andrew Johnson,Theodore Roosevelt,0.8718422249582074,31,22,True
legacy_issues,Andrew Johnson,Thomas Jefferson,0.9535542979238583,31,24,True
legacy_issues,Andrew Johnson,Ulysses S. Grant,0.9529344564677027,31,32,True
legacy_issues,Andrew Johnson,Warren G. Harding,0.7408688396639473,31,18,True
legacy_issues,Andrew Johnson,William Harrison,0.9134716399055292,31,1,False
legacy_issues,Andrew Johnson,William McKinley,0.9656487139134112,31,14,True
legacy_issues,Andrew Johnson,William Taft,0.8811869684724838,31,12,True
legacy_issues,Andrew Johnson,Woodrow Wilson,0.8113923762156487,31,33,True
legacy_issues,Andrew Johnson,Zachary Taylor,0.9407936251247592,31,4,False
legacy_issues,Barack Obama,Benjamin Harrison,0.21283821770235084,51,16,True
legacy_issues,Barack Obama,Bill Clinton,0.9901510957258023,51,39,True
legacy_issues,Barack Obama,Calvin Coolidge,0.3463144177128817,51,12,True
legacy_issues,Barack Obama,Chester A. Arthur,0.1616590945767277,51,11,True
legacy_issues,Barack Obama,Donald Trump,0.9543721653462883,51,53,True
legacy_issues,Barack Obama,Dwight D. Eisenhower,0.7197767431176407,51,15,True
legacy_issues,Barack Obama,Franklin D. Roosevelt,0.817182971853162,51,49,True
legacy_issues,Barack Obama,Franklin Pierce,0.16043020833328875,51,15,True
legacy_issues,Barack Obama,George H. W. Bush,0.9685042306796355,51,23,True
legacy_issues,Barack Obama,George W. Bush,0.9662516765239257,51,38,True
legacy_issues,Barack Obama,George Washington,0.17897340322518748,51,21,True
legacy_issues,Barack Obama,Gerald Ford,0.9090202334916458,51,14,True
legacy_issues,Barack Obama,Grover Cleveland,0.1722074362861966,51,32,True
legacy_issues,Barack Obama,Harry S. Truman,0.8503541288164944,51,19,True
legacy_issues,Barack Obama,Herbert Hoover,0.4843684549463574,51,30,True
legacy_issues,Barack Obama,James A. Garfield,0.33398821284073754,51,1,False
legacy_issues,Barack Obama,James Buchanan,0.15696437246767087,51,14,True
legacy_issues,Barack Obama,James K. Polk,0.16732287565237589,51,25,True
legacy_issues,Barack Obama,James Madison,0.18598394045622643,51,21,True
legacy_issues,Barack Obama,James Monroe,0.15035685466382878,51,10,True
legacy_issues,Barack Obama,Jimmy Carter,0.9521132717837157,51,22,True
legacy_issues,Barack Obama,Joe Biden,0.9799412051031373,51,28,True
legacy_issues,Barack Obama,John Adams,0.1955978420101311,51,9,True
legacy_issues,Barack Obama,John F. Kennedy,0.8920295742649663,51,44,True
legacy_issues,Barack Obama,John Quincy Adams,0.17185377292515902,51,8,True
legacy_issues,Barack Obama,John Tyler,0.16031672942298314,51,18,True
legacy_issues,Barack Obama,Lyndon B. Johnson,0.8843224402165434,51,71,True
legacy_issues,Barack Obama,Martin Van Buren,0.15320446654275854,51,10,True
legacy_issues,Barack Obama,Millard Fillmore,0.15424879026855695,51,7,True
legacy_issues,Barack Obama,Richard M. Nixon,0.9076382052386748,51,23,True
legacy_issues,Barack Obama,Ronald Reagan,0.9600492780751513,51,60,True
legacy_issues,Barack Obama,Rutherford B. Hayes,0.1661996293392831,51,16,True
legacy_issues,Barack Obama,Theodore Roosevelt,0.3493574366580341,51,22,True
legacy_issues,Barack Obama,Thomas Jefferson,0.22057024370449121,51,24,True
legacy_issues,Barack Obama,Ulysses S. Grant,0.19580374318368576,51,32,True
legacy_issues,Barack Obama,Warren G. Harding,0.49878964687730004,51,18,True
legacy_issues,Barack Obama,William Harrison,0.12406172886251257,51,1,False
legacy_issues,Barack Obama,William McKinley,0.2149645869580589,51,14,True
legacy_issues,Barack Obama,William Taft,0.20301736565006726,51,12,True
legacy_issues,Barack Obama,Woodrow Wilson,0.4767235294131584,51,33,True
legacy_issues,Barack Obama,Zachary Taylor,0.14907080131855535,51,4,False
legacy_issues,Benjamin Harrison,Bill Clinton,0.22006874221548117,16,39,True
legacy_issues,Benjamin Harrison,Calvin Coolidge,0.9220478317663103,16,12,True
legacy_issues,Benjamin Harrison,Chester A. Arthur,0.9848747952144441,16,11,True
legacy_issues,Benjamin Harrison,Donald Trump,0.17392239544233035,16,53,True
legacy_issues,Benjamin Harrison,Dwight D. Eisenhower,0.6426665062826645,16,15,True
legacy_issues,Benjamin Harrison,Franklin D. Roosevelt,0.5079515137969182,16,49,True
legacy_issues,Benjamin Harrison,Franklin Pierce,0.9276723134645792,16,15,True
legacy_issues,Benjamin Harrison,George H. W. Bush,0.24051560389442542,16,23,True
legacy_issues,Benjamin Harrison,George W. Bush,0.24543592740742698,16,38,True
legacy_issues,Benjamin Harrison,George Washington,0.9210025234796919,16,21,True
legacy_issues,Benjamin Harrison,Gerald Ford,0.42824395036989255,16,14,True
legacy_issues,Benjamin Harrison,Grover Cleveland,0.9853844872234219,16,32,True
legacy_issues,Benjamin Harrison,Harry S. Truman,0.4013264393038425,16,19,True
legacy_issues,Benjamin Harrison,Herbert Hoover,0.8446336100559064,16,30,True
legacy_issues,Benjamin Harrison,James A. Garfield,0.7591330655897922,16,1,False
legacy_issues,Benjamin Harrison,James Buchanan,0.9253081785149869,16,14,True
legacy_issues,Benjamin Harrison,James K. Polk,0.9490635355880771,16,25,True
legacy_issues,Benjamin Harrison,James Madison,0.9199585212751776,16,21,True
legacy_issues,Benjamin Harrison,James Monroe,0.9415921091365809,16,10,True
legacy_issues,Benjamin Harrison,Jimmy Carter,0.30669974914361525,16,22,True
legacy_issues,Benjamin Harrison,Joe Biden,0.18774716431575192,16,28,True
legacy_issues,Benjamin Harrison,John Adams,0.9298824118063328,16,9,True
legacy_issues,Benjamin Harrison,John F. Kennedy,0.3756935016173435,16,44,True
legacy_issues,Benjamin Harrison,John Quincy Adams,0.9579629024177654,16,8,True
legacy_issues,Benjamin Harrison,John Tyler,0.9640888269841412,16,18,True
legacy_issues,Benjamin Harrison,Lyndon B. Johnson,0.3711913218789061,16,71,True
legacy_issues,Benjamin Harrison,Martin Van Buren,0.9519920615705277,16,10,True
legacy_issues,Benjamin Harrison,Millard Fillmore,0.9690317577564385,16,7,True
legacy_issues,Benjamin Harrison,Richard M. Nixon,0.3915606293607061,16,23,True
legacy_issues,Benjamin Harrison,Ronald Reagan,0.2734179770984946,16,60,True
legacy_issues,Benjamin Harrison,Rutherford B. Hayes,0.9816449626977377,16,16,True
legacy_issues,Benjamin Harrison,Theodore Roosevelt,0.9444671237949777,16,22,True
legacy_issues,Benjamin Harrison,Thomas Jefferson,0.9412655600143718,16,24,True
legacy_issues,Benjamin Harrison,Ulysses S. Grant,0.9869425033564627,16,32,True
legacy_issues,Benjamin Harrison,Warren G. Harding,0.7229874286734879,16,18,True
legacy_issues,Benjamin Harrison,William Harrison,0.8337600854595495,16,1,False
legacy_issues,Benjamin Harrison,William McKinley,0.9748164365495537,16,14,True
legacy_issues,Benjamin Harrison,William Taft,0.9902955394987827,16,12,True
legacy_issues,Benjamin Harrison,Woodrow Wilson,0.7877544922437728,16,33,True
legacy_issues,Benjamin Harrison,Zachary Taylor,0.9397610025320969,16,4,False
legacy_issues,Bill Clinton,Calvin Coolidge,0.34013339418013333,39,12,True
legacy_issues,Bill Clinton,Chester A. Arthur,0.16720681930737846,39,11,True
legacy_issues,Bill Clinton,Donald Trump,0.9631719074263964,39,53,True
legacy_issues,Bill Clinton,Dwight D. Eisenhower,0.6867974304722231,39,15,True
legacy_issues,Bill Clinton,Franklin D. Roosevelt,0.7812667446031843,39,49,True
legacy_issues,Bill Clinton,Franklin Pierce,0.15653103394201112,39,15,True
legacy_issues,Bill Clinton,George H. W. Bush,0.9671290429261764,39,23,True
legacy_issues,Bill Clinton,George W. Bush,0.9503921838918445,39,38,True
legacy_issues,Bill Clinton,George Washington,0.17593801355891997,39,21,True
legacy_issues,Bill Clinton,Gerald Ford,0.8913359046338569,39,14,True
legacy_issues,Bill Clinton,Grover Cleveland,0.17385317183449667,39,32,True
legacy_issues,Bill Clinton,Harry S. Truman,0.8204205651451069,39,19,True
legacy_issues,Bill Clinton,Herbert Hoover,0.4715677486395244,39,30,True
legacy_issues,Bill Clinton,James A. Garfield,0.3243761449075438,39,1,False
legacy_issues,Bill Clinton,James Buchanan,0.1584253184635889,39,14,True
legacy_issues,Bill Clinton,James K. Polk,0.16741561462214558,39,25,True
legacy_issues,Bill Clinton,James Madison,0.1794256746504804,39,21,True
legacy_issues,Bill Clinton,James Monroe,0.1486076372674665,39,10,True
legacy_issues,Bill Clinton,Jimmy Carter,0.9516017335879646,39,22,True
legacy_issues,Bill Clinton,Joe Biden,0.973908653680614,39,28,True
legacy_issues,Bill Clinton,John Adams,0.19213346591679137,39,9,True
legacy_issues,Bill Clinton,John F. Kennedy,0.8791327608187807,39,44,True
legacy_issues,Bill Clinton,John Quincy Adams,0.17223413219508169,39,8,True
legacy_issues,Bill Clinton,John Tyler,0.16196329176287239,39,18,True
legacy_issues,Bill Clinton,Lyndon B. Johnson,0.8865389785115019,39,71,True
legacy_issues,Bill Clinton,Martin Van Buren,0.15403329772438168,39,10,True
legacy_issues,Bill Clinton,Millard Fillmore,0.15459389194018575,39,7,True
legacy_issues,Bill Clinton,Richard M. Nixon,0.9014957338982654,39,23,True
legacy_issues,Bill Clinton,Ronald Reagan,0.9534486980602419,39,60,True
legacy_issues,Bill Clinton,Rutherford B. Hayes,0.17380672955124188,39,16,True
legacy_issues,Bill Clinton,Theodore Roosevelt,0.34488103496254097,39,22,True
legacy_issues,Bill Clinton,Thomas Jefferson,0.21541443467956534,39,24,True
legacy_issues,Bill Clinton,Ulysses S. Grant,0.20074930433132843,39,32,True
legacy_issues,Bill Clinton,Warren G. Harding,0.46891737341207074,39,18,True
legacy_issues,Bill Clinton,William Harrison,0.12035523932461958,39,1,False
legacy_issues,Bill Clinton,William McKinley,0.2165343423852573,39,14,True
legacy_issues,Bill Clinton,William Taft,0.20370973981227986,39,12,True
legacy_issues,Bill Clinton,Woodrow Wilson,0.45330840536772465,39,33,True
legacy_issues,Bill Clinton,Zachary Taylor,0.14461285013986463,39,4,False
legacy_issues,Calvin Coolidge,Chester A. Arthur,0.8939612154622543,12,11,True
legacy_issues,Calvin Coolidge,Donald Trump,0.27493966637195766,12,53,True
legacy_issues,Calvin Coolidge,Dwight D. Eisenhower,0.7862000310268438,12,15,True
legacy_issues,Calvin Coolidge,Franklin D. Roosevelt,0.680746540414025,12,49,True
legacy_issues,Calvin Coolidge,Franklin Pierce,0.8937358187246407,12,15,True
legacy_issues,Calvin Coolidge,George H. W. Bush,0.35568166735733225,12,23,True
legacy_issues,Calvin Coolidge,George W. Bush,0.37003163313578574,12,38,True
legacy_issues,Calvin Coolidge,George Washington,0.8888578941966818,12,21,True
legacy_issues,Calvin Coolidge,Gerald Ford,0.5378571798704572,12,14,True
legacy_issues,Calvin Coolidge,Grover Cleveland,0.9272446166509838,12,32,True
legacy_issues,Calvin Coolidge,Harry S. Truman,0.5382515730321673,12,19,True
legacy_issues,Calvin Coolidge,Herbert Hoover,0.9503509130089192,12,30,True
legacy_issues,Calvin Coolidge,James A. Garfield,0.8491198472610327,12,1,False
legacy_issues,Calvin Coolidge,James Buchanan,0.8662425832250962,12,14,True
legacy_issues,Calvin Coolidge,James K. Polk,0.8879328666724933,12,25,True
legacy_issues,Calvin Coolidge,James Madison,0.9144501934415536,12,21,True
legacy_issues,Calvin Coolidge,James Monroe,0.8837814245315109,12,10,True
legacy_issues,Calvin Coolidge,Jimmy Carter,0.4101295093030803,12,22,True
legacy_issues,Calvin Coolidge,Joe Biden,0.30868893415824966,12,28,True
legacy_issues,Calvin Coolidge,John Adams,0.8786416874994201,12,9,True
legacy_issues,Calvin Coolidge,John F. Kennedy,0.5031728050866935,12,44,True
legacy_issues,Calvin Coolidge,John Quincy Adams,0.897709309569273,12,8,True
legacy_issues,Calvin Coolidge,John Tyler,0.9092908371118209,12,18,True
legacy_issues,Calvin Coolidge,Lyndon B. Johnson,0.4531071406201263,12,71,True
legacy_issues,Calvin Coolidge,Martin Van Buren,0.9196434344600586,12,10,True
legacy_issues,Calvin Coolidge,Millard Fillmore,0.8888713639388843,12,7,True
legacy_issues,Calvin Coolidge,Richard M. Nixon,0.4951469840797685,12,23,True
legacy_issues,Calvin Coolidge,Ronald Reagan,0.39296781294498934,12,60,True
legacy_issues,Calvin Coolidge,Rutherford B. Hayes,0.9192051380726387,12,16,True
legacy_issues,Calvin Coolidge,Theodore Roosevelt,0.9822239069741643,12,22,True
legacy_issues,Calvin Coolidge,Thomas Jefferson,0.9221569990568426,12,24,True
legacy_issues,Calvin Coolidge,Ulysses S. Grant,0.9052401705587214,12,32,True
legacy_issues,Calvin Coolidge,Warren G. Harding,0.8931724966425496,12,18,True
legacy_issues,Calvin Coolidge,William Harrison,0.8424136447068148,12,1,False
legacy_issues,Calvin Coolidge,William McKinley,0.8963747066844105,12,14,True
legacy_issues,Calvin Coolidge,William Taft,0.936508708438619,12,12,True
legacy_issues,Calvin Coolidge,Woodrow Wilson,0.915603634994558,12,33,True
legacy_issues,Calvin Coolidge,Zachary Taylor,0.8412645952338927,12,4,False
legacy_issues,Chester A. Arthur,Donald Trump,0.1191168723292205,11,53,True
legacy_issues,Chester A. Arthur,Dwight D. Eisenhower,0.6037825754195302,11,15,True
legacy_issues,Chester A. Arthur,Franklin D. Roosevelt,0.4613328037898001,11,49,True
legacy_issues,Chester A. Arthur,Franklin Pierce,0.9499935003812511,11,15,True
legacy_issues,Chester A. Arthur,George H. W. Bush,0.19477028863485935,11,23,True
legacy_issues,Chester A. Arthur,George W. Bush,0.2023978364429796,11,38,True
legacy_issues,Chester A. Arthur,George Washington,0.9310780159315093,11,21,True
legacy_issues,Chester A. Arthur,Gerald Ford,0.3953361527983936,11,14,True
legacy_issues,Chester A. Arthur,Grover Cleveland,0.9808783164234471,11,32,True
legacy_issues,Chester A. Arthur,Harry S. Truman,0.3569149008527508,11,19,True
legacy_issues,Chester A. Arthur,Herbert Hoover,0.7859936252414426,11,30,True
legacy_issues,Chester A. Arthur,James A. Garfield,0.7461743847874771,11,1,False
legacy_issues,Chester A. Arthur,James Buchanan,0.9398528808706662,11,14,True
legacy_issues,Chester A. Arthur,James K. Polk,0.9684076335004507,11,25,True
legacy_issues,Chester A. Arthur,James Madison,0.9280643022764308,11,21,True
legacy_issues,Chester A. Arthur,James Monroe,0.9625336057892124,11,10,True
legacy_issues,Chester A. Arthur,Jimmy Carter,0.25842144120928756,11,22,True
legacy_issues,Chester A. Arthur,Joe Biden,0.1397767431445517,11,28,True
legacy_issues,Chester A. Arthur,John Adams,0.9301265627511603,11,9,True
legacy_issues,Chester A. Arthur,John F. Kennedy,0.33338954276197724,11,44,True
legacy_issues,Chester A. Arthur,John Quincy Adams,0.9762272164866754,11,8,True
legacy_issues,Chester A. Arthur,John Tyler,0.9739218294753857,11,18,True
legacy_issues,Chester A. Arthur,Lyndon B. Johnson,0.31833779611087165,11,71,True
legacy_issues,Chester A. Arthur,Martin Van Buren,0.9565541740134741,11,10,True
legacy_issues,Chester A. Arthur,Millard Fillmore,0.9810364881713354,11,7,True
legacy_issues,Chester A. Arthur,Richard M. Nixon,0.34531547533409246,11,23,True
legacy_issues,Chester A. Arthur,Ronald Reagan,0.23260136677129667,11,60,True
legacy_issues,Chester A. Arthur,Rutherford B. Hayes,0.9853860623128851,11,16,True
legacy_issues,Chester A. Arthur,Theodore Roosevelt,0.9143175130677385,11,22,True
legacy_issues,Chester A. Arthur,Thomas Jefferson,0.9507411776955969,11,24,True
legacy_issues,Chester A. Arthur,Ulysses S. Grant,0.9922350605168657,11,32,True
legacy_issues,Chester A. Arthur,Warren G. Harding,0.690137781205084,11,18,True
legacy_issues,Chester A. Arthur,William Harrison,0.8519873360911199,11,1,False
legacy_issues,Chester A. Arthur,William McKinley,0.9795736369117697,11,14,True
legacy_issues,Chester A. Arthur,William Taft,0.9663602354620193,11,12,True
legacy_issues,Chester A. Arthur,Woodrow Wilson,0.7490748065451378,11,33,True
legacy_issues,Chester A. Arthur,Zachary Taylor,0.9589193021776701,11,4,False
legacy_issues,Donald Trump,Dwight D. Eisenhower,0.5934359412430282,53,15,True
legacy_issues,Donald Trump,Franklin D. Roosevelt,0.7298757932119971,53,49,True
legacy_issues,Donald Trump,Franklin Pierce,0.11137183222078847,53,15,True
legacy_issues,Donald Trump,George H. W. Bush,0.958025606091574,53,23,True
legacy_issues,Donald Trump,George W. Bush,0.9161527443709767,53,38,True
legacy_issues,Donald Trump,George Washington,0.13577008233250348,53,21,True
legacy_issues,Donald Trump,Gerald Ford,0.8393923935910985,53,14,True
legacy_issues,Donald Trump,Grover Cleveland,0.12548930100879999,53,32,True
legacy_issues,Donald Trump,Harry S. Truman,0.8010293731542545,53,19,True
legacy_issues,Donald Trump,Herbert Hoover,0.40102916708558817,53,30,True
legacy_issues,Donald Trump,James A. Garfield,0.28003847896739475,53,1,False
legacy_issues,Donald Trump,James Buchanan,0.1224840403656096,53,14,True
legacy_issues,Donald Trump,James K. Polk,0.11992914883260102,53,25,True
legacy_issues,Donald Trump,James Madison,0.1302239013750114,53,21,True
legacy_issues,Donald Trump,James Monroe,0.10177657985827397,53,10,True
legacy_issues,Donald Trump,Jimmy Carter,0.9454437670825745,53,22,True
legacy_issues,Donald Trump,Joe Biden,0.9725197473074925,53,28,True
legacy_issues,Donald Trump,John Adams,0.1488636869939777,53,9,True
legacy_issues,Donald Trump,John F. Kennedy,0.8602876985755176,53,44,True
legacy_issues,Donald Trump,John Quincy Adams,0.12094448973226843,53,8,True
legacy_issues,Donald Trump,John Tyler,0.11800588932621606,53,18,True
legacy_issues,Donald Trump,Lyndon B. Johnson,0.8929536701472566,53,71,True
legacy_issues,Donald Trump,Martin Van Buren,0.09777305581034056,53,10,True
legacy_issues,Donald Trump,Millard Fillmore,0.11075304534039414,53,7,True
legacy_issues,Donald Trump,Richard M. Nixon,0.9022155686577032,53,23,True
legacy_issues,Donald Trump,Ronald Reagan,0.9430637430547109,53,60,True
legacy_issues,Donald Trump,Rutherford B. Hayes,0.12254211403646052,53,16,True
legacy_issues,Donald Trump,Theodore Roosevelt,0.29820303267308584,53,22,True
legacy_issues,Donald Trump,Thomas Jefferson,0.17040731994734523,53,24,True
legacy_issues,Donald Trump,Ulysses S. Grant,0.15584550706078337,53,32,True
legacy_issues,Donald Trump,Warren G. Harding,0.41921004643096743,53,18,True
legacy_issues,Donald Trump,William Harrison,0.0989219682729653,53,1,False
legacy_issues,Donald Trump,William McKinley,0.1725020825263174,53,14,True
legacy_issues,Donald Trump,William Taft,0.1489306318420366,53,12,True
legacy_issues,Donald Trump,Woodrow Wilson,0.39954048176326723,53,33,True
legacy_issues,Donald Trump,Zachary Taylor,0.10592774281146697,53,4,False
legacy_issues,Dwight D. Eisenhower,Franklin D. Roosevelt,0.9478885458140168,15,49,True
legacy_issues,Dwight D. Eisenhower,Franklin Pierce,0.5973277159846168,15,15,True
legacy_issues,Dwight D. Eisenhower,George H. W. Bush,0.7397443939585823,15,23,True
legacy_issues,Dwight D. Eisenhower,George W. Bush,0.7924344075890533,15,38,True
legacy_issues,Dwight D. Eisenhower,George Washington,0.6056897669341128,15,21,True
legacy_issues,Dwight D. Eisenhower,Gerald Ford,0.8819721216406604,15,14,True
legacy_issues,Dwight D. Eisenhower,Grover Cleveland,0.6436347204211522,15,32,True
legacy_issues,Dwight D. Eisenhower,Harry S. Truman,0.8849673600920713,15,19,True
legacy_issues,Dwight D. Eisenhower,Herbert Hoover,0.8378136834738381,15,30,True
legacy_issues,Dwight D. Eisenhower,James A. Garfield,0.6539206090837479,15,1,False
legacy_issues,Dwight D. Eisenhower,James Buchanan,0.5747335882976223,15,14,True
legacy_issues,Dwight D. Eisenhower,James K. Polk,0.6205637129507977,15,25,True
legacy_issues,Dwight D. Eisenhower,James Madison,0.6547090933880504,15,21,True
legacy_issues,Dwight D. Eisenhower,James Monroe,0.5910483593321085,15,10,True
legacy_issues,Dwight D. Eisenhower,Jimmy Carter,0.7426778989183122,15,22,True
legacy_issues,Dwight D. Eisenhower,Joe Biden,0.7033308004860571,15,28,True
legacy_issues,Dwight D. Eisenhower,John Adams,0.61437557465567,15,9,True
legacy_issues,Dwight D. Eisenhower,John F. Kennedy,0.8515754734844517,15,44,True
legacy_issues,Dwight D. Eisenhower,John Quincy Adams,0.6203731303670174,15,8,True
legacy_issues,Dwight D. Eisenhower,John Tyler,0.6006289565288109,15,18,True
legacy_issues,Dwight D. Eisenhower,Lyndon B. Johnson,0.7785928835722904,15,71,True
legacy_issues,Dwight D. Eisenhower,Martin Van Buren,0.6105323768221632,15,10,True
legacy_issues,Dwight D. Eisenhower,Millard Fillmore,0.5866584460395261,15,7,True
legacy_issues,Dwight D. Eisenhower,Richard M. Nixon,0.8255314524445783,15,23,True
legacy_issues,Dwight D. Eisenhower,Ronald Reagan,0.7661696943952212,15,60,True
legacy_issues,Dwight D. Eisenhower,Rutherford B. Hayes,0.6228092478458861,15,16,True
legacy_issues,Dwight D. Eisenhower,Theodore Roosevelt,0.7589283002938172,15,22,True
legacy_issues,Dwight D. Eisenhower,Thomas Jefferson,0.6430292839776364,15,24,True
legacy_issues,Dwight D. Eisenhower,Ulysses S. Grant,0.6257644450943928,15,32,True
legacy_issues,Dwight D. Eisenhower,Warren G. Harding,0.8688861696781522,15,18,True
legacy_issues,Dwight D. Eisenhower,William Harrison,0.5304883322448156,15,1,False
legacy_issues,Dwight D. Eisenhower,William McKinley,0.6515480796632847,15,14,True
legacy_issues,Dwight D. Eisenhower,William Taft,0.6606285774875778,15,12,True
legacy_issues,Dwight D. Eisenhower,Woodrow Wilson,0.8510622912015897,15,33,True
legacy_issues,Dwight D. Eisenhower,Zachary Taylor,0.5599917366454945,15,4,False
legacy_issues,Franklin D. Roosevelt,Franklin Pierce,0.5010370828445765,49,15,True
legacy_issues,Franklin D. Roosevelt,George H. W. Bush,0.8407998117246493,49,23,True
legacy_issues,Franklin D. Roosevelt,George W. Bush,0.8744981484634664,49,38,True
legacy_issues,Franklin D. Roosevelt,George Washington,0.5051810390619695,49,21,True
legacy_issues,Franklin D. Roosevelt,Gerald Ford,0.9080592159291373,49,14,True
legacy_issues,Franklin D. Roosevelt,Grover Cleveland,0.4969789143282587,49,32,True
legacy_issues,Franklin D. Roosevelt,Harry S. Truman,0.9475326199981937,49,19,True
legacy_issues,Franklin D. Roosevelt,Herbert Hoover,0.7336514492990907,49,30,True
legacy_issues,Franklin D. Roosevelt,James A. Garfield,0.6082571195525668,49,1,False
legacy_issues,Franklin D. Roosevelt,James Buchanan,0.4834893897936131,49,14,True
legacy_issues,Franklin D. Roosevelt,James K. Polk,0.5144341463175722,49,25,True
legacy_issues,Franklin D. Roosevelt,James Madison,0.574751708819443,49,21,True
legacy_issues,Franklin D. Roosevelt,James Monroe,0.49379772741908834,49,10,True
legacy_issues,Franklin D. Roosevelt,Jimmy Carter,0.8254621024977828,49,22,True
legacy_issues,Franklin D. Roosevelt,Joe Biden,0.8270914081931853,49,28,True
legacy_issues,Franklin D. Roosevelt,John Adams,0.5196138133396734,49,9,True
legacy_issues,Franklin D. Roosevelt,John F. Kennedy,0.9178178855367707,49,44,True
legacy_issues,Franklin D. Roosevelt,John Quincy Adams,0.5098947168621932,49,8,True
legacy_issues,Franklin D. Roosevelt,John Tyler,0.48603644538579416,49,18,True
legacy_issues,Franklin D. Roosevelt,Lyndon B. Johnson,0.8570189289618113,49,71,True
legacy_issues,Franklin D. Roosevelt,Martin Van Buren,0.4743891073069513,49,10,True
legacy_issues,Franklin D. Roosevelt,Millard Fillmore,0.4736771737807234,49,7,True
legacy_issues,Franklin D. Roosevelt,Richard M. Nixon,0.9037892474282578,49,23,True
legacy_issues,Franklin D. Roosevelt,Ronald Reagan,0.8578387918140064,49,60,True
legacy_issues,Franklin D. Roosevelt,Rutherford B. Hayes,0.48093876698287386,49,16,True
legacy_issues,Franklin D. Roosevelt,Theodore Roosevelt,0.6655462014031974,49,22,True
legacy_issues,Franklin D. Roosevelt,Thomas Jefferson,0.5610349644180743,49,24,True
legacy_issues,Franklin D. Roosevelt,Ulysses S. Grant,0.5059204996613619,49,32,True
legacy_issues,Franklin D. Roosevelt,Warren G. Harding,0.8301146421008888,49,18,True
legacy_issues,Franklin D. Roosevelt,William Harrison,0.4437469726913388,49,1,False
legacy_issues,Franklin D. Roosevelt,William McKinley,0.5434860618430951,49,14,True
legacy_issues,Franklin D. Roosevelt,William Taft,0.5139113102773016,49,12,True
legacy_issues,Franklin D. Roosevelt,Woodrow Wilson,0.8085050414683022,49,33,True
legacy_issues,Franklin D. Roosevelt,Zachary Taylor,0.45642181476781785,49,4,False
legacy_issues,Franklin Pierce,George H. W. Bush,0.18603453879933768,15,23,True
legacy_issues,Franklin Pierce,George W. Bush,0.20199795289986394,15,38,True
legacy_issues,Franklin Pierce,George Washington,0.9825421797172795,15,21,True
legacy_issues,Franklin Pierce,Gerald Ford,0.3762810115873972,15,14,True
legacy_issues,Franklin Pierce,Grover Cleveland,0.9266984425277982,15,32,True
legacy_issues,Franklin Pierce,Harry S. Truman,0.3850989640207262,15,19,True
legacy_issues,Franklin Pierce,Herbert Hoover,0.7594556115741732,15,30,True
legacy_issues,Franklin Pierce,James A. Garfield,0.865667470282279,15,1,False
legacy_issues,Franklin Pierce,James Buchanan,0.9851225575626845,15,14,True
legacy_issues,Franklin Pierce,James K. Polk,0.9800563038294505,15,25,True
legacy_issues,Franklin Pierce,James Madison,0.9742142660760533,15,21,True
legacy_issues,Franklin Pierce,James Monroe,0.9876938913120614,15,10,True
legacy_issues,Franklin Pierce,Jimmy Carter,0.2317491715919078,15,22,True
legacy_issues,Franklin Pierce,Joe Biden,0.14258547959356668,15,28,True
legacy_issues,Franklin Pierce,John Adams,0.9737818312443973,15,9,True
legacy_issues,Franklin Pierce,John F. Kennedy,0.34027487897216063,15,44,True
legacy_issues,Franklin Pierce,John Quincy Adams,0.9826224462958159,15,8,True
legacy_issues,Franklin Pierce,John Tyler,0.983115124822306,15,18,True
legacy_issues,Franklin Pierce,Lyndon B. Johnson,0.2948602863494336,15,71,True
legacy_issues,Franklin Pierce,Martin Van Buren,0.9523251501696703,15,10,True
legacy_issues,Franklin Pierce,Millard Fillmore,0.9807176972749759,15,7,True
legacy_issues,Franklin Pierce,Richard M. Nixon,0.3382796804936922,15,23,True
legacy_issues,Franklin Pierce,Ronald Reagan,0.22993390025206759,15,60,True
legacy_issues,Franklin Pierce,Rutherford B. Hayes,0.9509921243210785,15,16,True
legacy_issues,Franklin Pierce,Theodore Roosevelt,0.9073592355975935,15,22,True
legacy_issues,Franklin Pierce,Thomas Jefferson,0.9908444302050365,15,24,True
legacy_issues,Franklin Pierce,Ulysses S. Grant,0.9626956525946017,15,32,True
legacy_issues,Franklin Pierce,Warren G. Harding,0.7746744374871288,15,18,True
legacy_issues,Franklin Pierce,William Harrison,0.9464695585083726,15,1,False
legacy_issues,Franklin Pierce,William McKinley,0.9630947997010039,15,14,True
legacy_issues,Franklin Pierce,William Taft,0.9068725151137083,15,12,True
legacy_issues,Franklin Pierce,Woodrow Wilson,0.8264684302093692,15,33,True
legacy_issues,Franklin Pierce,Zachary Taylor,0.9737803812061422,15,4,False
legacy_issues,George H. W. Bush,George W. Bush,0.9733540315978574,23,38,True
legacy_issues,George H. W. Bush,George Washington,0.20044007689849455,23,21,True
legacy_issues,George H. W. Bush,Gerald Ford,0.9344493997107451,23,14,True
legacy_issues,George H. W. Bush,Grover Cleveland,0.19399212786440628,23,32,True
legacy_issues,George H. W. Bush,Harry S. Truman,0.9135760065169364,23,19,True
legacy_issues,George H. W. Bush,Herbert Hoover,0.470092367466493,23,30,True
legacy_issues,George H. W. Bush,James A. Garfield,0.3221867629733311,23,1,False
legacy_issues,George H. W. Bush,James Buchanan,0.18912517549113272,23,14,True
legacy_issues,George H. W. Bush,James K. Polk,0.20938071809211165,23,25,True
legacy_issues,George H. W. Bush,James Madison,0.21879201654606376,23,21,True
legacy_issues,George H. W. Bush,James Monroe,0.18134885285116237,23,10,True
legacy_issues,George H. W. Bush,Jimmy Carter,0.9827805293427585,23,22,True
legacy_issues,George H. W. Bush,Joe Biden,0.9859985622221816,23,28,True
legacy_issues,George H. W. Bush,John Adams,0.22797682298610933,23,9,True
legacy_issues,George H. W. Bush,John F. Kennedy,0.9557711951953715,23,44,True
legacy_issues,George H. W. Bush,John Quincy Adams,0.2091183737521391,23,8,True
legacy_issues,George H. W. Bush,John Tyler,0.18500697933232474,23,18,True
legacy_issues,George H. W. Bush,Lyndon B. Johnson,0.9594885500736223,23,71,True
legacy_issues,George H. W. Bush,Martin Van Buren,0.1626380153830576,23,10,True
legacy_issues,George H. W. Bush,Millard Fillmore,0.17956965472592948,23,7,True
legacy_issues,George H. W. Bush,Richard M. Nixon,0.9665767735342736,23,23,True
legacy_issues,George H. W. Bush,Ronald Reagan,0.9947566255767254,23,60,True
legacy_issues,George H. W. Bush,Rutherford B. Hayes,0.19045110048544134,23,16,True
legacy_issues,George H. W. Bush,Theodore Roosevelt,0.35477009386891056,23,22,True
legacy_issues,George H. W. Bush,Thomas Jefferson,0.23874935582659998,23,24,True
legacy_issues,George H. W. Bush,Ulysses S. Grant,0.23020985194413585,23,32,True
legacy_issues,George H. W. Bush,Warren G. Harding,0.5094108780093527,23,18,True
legacy_issues,George H. W. Bush,William Harrison,0.1367136328735145,23,1,False
legacy_issues,George H. W. Bush,William McKinley,0.2595556939041885,23,14,True
legacy_issues,George H. W. Bush,William Taft,0.2188720295447899,23,12,True
legacy_issues,George H. W. Bush,Woodrow Wilson,0.48982922211526975,23,33,True
legacy_issues,George H. W. Bush,Zachary Taylor,0.17970730293474282,23,4,False
legacy_issues,George W. Bush,George Washington,0.21253141099889641,38,21,True
legacy_issues,George W. Bush,Gerald Ford,0.9412828767442298,38,14,True
legacy_issues,George W. Bush,Grover Cleveland,0.21009763002452608,38,32,True
legacy_issues,George W. Bush,Harry S. Truman,0.9218420809114605,38,19,True
legacy_issues,George W. Bush,Herbert Hoover,0.47821497952247766,38,30,True
legacy_issues,George W. Bush,James A. Garfield,0.3387616080856428,38,1,False
legacy_issues,George W. Bush,James Buchanan,0.19233422108009612,38,14,True
legacy_issues,George W. Bush,James K. Polk,0.21528946429940748,38,25,True
legacy_issues,George W. Bush,James Madison,0.23662481840635524,38,21,True
legacy_issues,George W. Bush,James Monroe,0.19471829444638233,38,10,True
legacy_issues,George W. Bush,Jimmy Carter,0.9369748353398136,38,22,True
legacy_issues,George W. Bush,Joe Biden,0.9793141201862082,38,28,True
legacy_issues,George W. Bush,John Adams,0.23175795290757967,38,9,True
legacy_issues,George W. Bush,John F. Kennedy,0.9423772124281042,38,44,True
legacy_issues,George W. Bush,John Quincy Adams,0.2203378463721746,38,8,True
legacy_issues,George W. Bush,John Tyler,0.18983615388959343,38,18,True
legacy_issues,George W. Bush,Lyndon B. Johnson,0.9190703139753861,38,71,True
legacy_issues,George W. Bush,Martin Van Buren,0.17403578254170932,38,10,True
legacy_issues,George W. Bush,Millard Fillmore,0.19013348944230432,38,7,True
legacy_issues,George W. Bush,Richard M. Nixon,0.9425879280171559,38,23,True
legacy_issues,George W. Bush,Ronald Reagan,0.9730521862794012,38,60,True
legacy_issues,George W. Bush,Rutherford B. Hayes,0.2018269223357823,38,16,True
legacy_issues,George W. Bush,Theodore Roosevelt,0.37627588371528903,38,22,True
legacy_issues,George W. Bush,Thomas Jefferson,0.2560051300275634,38,24,True
legacy_issues,George W. Bush,Ulysses S. Grant,0.23561943026351506,38,32,True
legacy_issues,George W. Bush,Warren G. Harding,0.5508443358781854,38,18,True
legacy_issues,George W. Bush,William Harrison,0.1496403700241123,38,1,False
legacy_issues,George W. Bush,William McKinley,0.2656099616522162,38,14,True
legacy_issues,George W. Bush,William Taft,0.23190603144948674,38,12,True
legacy_issues,George W. Bush,Woodrow Wilson,0.5169351200299596,38,33,True
legacy_issues,George W. Bush,Zachary Taylor,0.18916891273102956,38,4,False
legacy_issues,George Washington,Gerald Ford,0.38025044824355136,21,14,True
legacy_issues,George Washington,Grover Cleveland,0.926326670458506,21,32,True
legacy_issues,George Washington,Harry S. Truman,0.39294841458824625,21,19,True
legacy_issues,George Washington,Herbert Hoover,0.7807953281906317,21,30,True
legacy_issues,George Washington,James A. Garfield,0.8907656787119966,21,1,False
legacy_issues,George Washington,James Buchanan,0.9895514023206201,21,14,True
legacy_issues,George Washington,James K. Polk,0.9689843724849719,21,25,True
legacy_issues,George Washington,James Madison,0.9624235011144473,21,21,True
legacy_issues,George Washington,James Monroe,0.9631545823419354,21,10,True
legacy_issues,George Washington,Jimmy Carter,0.24606104946043406,21,22,True
legacy_issues,George Washington,Joe Biden,0.15560799673747885,21,28,True
legacy_issues,George Washington,John Adams,0.9727120787482013,21,9,True
legacy_issues,George Washington,John F. Kennedy,0.3492435536825738,21,44,True
legacy_issues,George Washington,John Quincy Adams,0.9595253044206563,21,8,True
legacy_issues,George Washington,John Tyler,0.9760610983730549,21,18,True
legacy_issues,George Washington,Lyndon B. Johnson,0.3124501271548482,21,71,True
legacy_issues,George Washington,Martin Van Buren,0.9610493731564769,21,10,True
legacy_issues,George Washington,Millard Fillmore,0.9725021241110896,21,7,True
legacy_issues,George Washington,Richard M. Nixon,0.35914245317770044,21,23,True
legacy_issues,George Washington,Ronald Reagan,0.24119532116549483,21,60,True
legacy_issues,George Washington,Rutherford B. Hayes,0.9551597848036749,21,16,True
legacy_issues,George Washington,Theodore Roosevelt,0.900085421512559,21,22,True
legacy_issues,George Washington,Thomas Jefferson,0.9758610737667504,21,24,True
legacy_issues,George Washington,Ulysses S. Grant,0.9514382271496367,21,32,True
legacy_issues,George Washington,Warren G. Harding,0.7914042977589627,21,18,True
legacy_issues,George Washington,William Harrison,0.9683300404290871,21,1,False
legacy_issues,George Washington,William McKinley,0.9563276593227457,21,14,True
legacy_issues,George Washington,William Taft,0.900911919659608,21,12,True
legacy_issues,George Washington,Woodrow Wilson,0.8478557075596611,21,33,True
legacy_issues,George Washington,Zachary Taylor,0.9581529503253388,21,4,False
legacy_issues,Gerald Ford,Grover Cleveland,0.4021056883431182,14,32,True
legacy_issues,Gerald Ford,Harry S. Truman,0.9292682983426631,14,19,True
legacy_issues,Gerald Ford,Herbert Hoover,0.640928059573086,14,30,True
legacy_issues,Gerald Ford,James A. Garfield,0.455424040866372,14,1,False
legacy_issues,Gerald Ford,James Buchanan,0.36000961661951725,14,14,True
legacy_issues,Gerald Ford,James K. Polk,0.4060998104576503,14,25,True
legacy_issues,Gerald Ford,James Madison,0.4051952165575228,14,21,True
legacy_issues,Gerald Ford,James Monroe,0.3749079554334139,14,10,True
legacy_issues,Gerald Ford,Jimmy Carter,0.9421698175914535,14,22,True
legacy_issues,Gerald Ford,Joe Biden,0.9100727113420499,14,28,True
legacy_issues,Gerald Ford,John Adams,0.40678292676984573,14,9,True
legacy_issues,Gerald Ford,John F. Kennedy,0.9446963854551433,14,44,True
legacy_issues,Gerald Ford,John Quincy Adams,0.3987936978350375,14,8,True
legacy_issues,Gerald Ford,John Tyler,0.3827559752750338,14,18,True
legacy_issues,Gerald Ford,Lyndon B. Johnson,0.9047074248866619,14,71,True
legacy_issues,Gerald Ford,Martin Van Buren,0.3713583475395811,14,10,True
legacy_issues,Gerald Ford,Millard Fillmore,0.365763204543584,14,7,True
legacy_issues,Gerald Ford,Richard M. Nixon,0.947186476447318,14,23,True
legacy_issues,Gerald Ford,Ronald Reagan,0.9441610403182754,14,60,True
legacy_issues,Gerald Ford,Rutherford B. Hayes,0.38384759392896023,14,16,True
legacy_issues,Gerald Ford,Theodore Roosevelt,0.5336402357796993,14,22,True
legacy_issues,Gerald Ford,Thomas Jefferson,0.4178645680237147,14,24,True
legacy_issues,Gerald Ford,Ulysses S. Grant,0.41610821772889245,14,32,True
legacy_issues,Gerald Ford,Warren G. Harding,0.6643665745531305,14,18,True
legacy_issues,Gerald Ford,William Harrison,0.307799212097851,14,1,False
legacy_issues,Gerald Ford,William McKinley,0.44252204237385184,14,14,True
legacy_issues,Gerald Ford,William Taft,0.4251543778181722,14,12,True
legacy_issues,Gerald Ford,Woodrow Wilson,0.6452547840613766,14,33,True
legacy_issues,Gerald Ford,Zachary Taylor,0.36944263262860855,14,4,False
legacy_issues,Grover Cleveland,Harry S. Truman,0.368799923783245,32,19,True
legacy_issues,Grover Cleveland,Herbert Hoover,0.8467702398631973,32,30,True
legacy_issues,Grover Cleveland,James A. Garfield,0.7704769929542339,32,1,False
legacy_issues,Grover Cleveland,James Buchanan,0.921453030819198,32,14,True
legacy_issues,Grover Cleveland,James K. Polk,0.9497841033850887,32,25,True
legacy_issues,Grover Cleveland,James Madison,0.9257174062464254,32,21,True
legacy_issues,Grover Cleveland,James Monroe,0.9353280254815214,32,10,True
legacy_issues,Grover Cleveland,Jimmy Carter,0.26306215902760466,32,22,True
legacy_issues,Grover Cleveland,Joe Biden,0.1466405950147502,32,28,True
legacy_issues,Grover Cleveland,John Adams,0.9078505058522304,32,9,True
legacy_issues,Grover Cleveland,John F. Kennedy,0.33938259434216933,32,44,True
legacy_issues,Grover Cleveland,John Quincy Adams,0.9501146359395326,32,8,True
legacy_issues,Grover Cleveland,John Tyler,0.9657054335543351,32,18,True
legacy_issues,Grover Cleveland,Lyndon B. Johnson,0.3199938133021675,32,71,True
legacy_issues,Grover Cleveland,Martin Van Buren,0.973889834452873,32,10,True
legacy_issues,Grover Cleveland,Millard Fillmore,0.9601813056965272,32,7,True
legacy_issues,Grover Cleveland,Richard M. Nixon,0.35528514385972665,32,23,True
legacy_issues,Grover Cleveland,Ronald Reagan,0.23173050839777842,32,60,True
legacy_issues,Grover Cleveland,Rutherford B. Hayes,0.9909188590285569,32,16,True
legacy_issues,Grover Cleveland,Theodore Roosevelt,0.9405953415508586,32,22,True
legacy_issues,Grover Cleveland,Thomas Jefferson,0.9366402393161859,32,24,True
legacy_issues,Grover Cleveland,Ulysses S. Grant,0.9804140026915051,32,32,True
legacy_issues,Grover Cleveland,Warren G. Harding,0.7351541960804638,32,18,True
legacy_issues,Grover Cleveland,William Harrison,0.8609381049333211,32,1,False
legacy_issues,Grover Cleveland,William McKinley,0.9651023378027105,32,14,True
legacy_issues,Grover Cleveland,William Taft,0.9793190971359208,32,12,True
legacy_issues,Grover Cleveland,Woodrow Wilson,0.7868124066714496,32,33,True
legacy_issues,Grover Cleveland,Zachary Taylor,0.9187379504424685,32,4,False
legacy_issues,Harry S. Truman,Herbert Hoover,0.6072399093522893,19,30,True
legacy_issues,Harry S. Truman,James A. Garfield,0.49353098108590276,19,1,False
legacy_issues,Harry S. Truman,James Buchanan,0.378599757547613,19,14,True
legacy_issues,Harry S. Truman,James K. Polk,0.3994204219305878,19,25,True
legacy_issues,Harry S. Truman,James Madison,0.43069779312298706,19,21,True
legacy_issues,Harry S. Truman,James Monroe,0.36776830611010997,19,10,True
legacy_issues,Harry S. Truman,Jimmy Carter,0.896059840664512,19,22,True
legacy_issues,Harry S. Truman,Joe Biden,0.8830807637698805,19,28,True
legacy_issues,Harry S. Truman,John Adams,0.4289324748912705,19,9,True
legacy_issues,Harry S. Truman,John F. Kennedy,0.9807642992723385,19,44,True
legacy_issues,Harry S. Truman,John Quincy Adams,0.39451859227344654,19,8,True
legacy_issues,Harry S. Truman,John Tyler,0.3627878737440898,19,18,True
legacy_issues,Harry S. Truman,Lyndon B. Johnson,0.9467844856132064,19,71,True
legacy_issues,Harry S. Truman,Martin Van Buren,0.33234409940607723,19,10,True
legacy_issues,Harry S. Truman,Millard Fillmore,0.35885289182639724,19,7,True
legacy_issues,Harry S. Truman,Richard M. Nixon,0.9592525636298835,19,23,True
legacy_issues,Harry S. Truman,Ronald Reagan,0.9308519538638231,19,60,True
legacy_issues,Harry S. Truman,Rutherford B. Hayes,0.3603362522614692,19,16,True
legacy_issues,Harry S. Truman,Theodore Roosevelt,0.5252304261556711,19,22,True
legacy_issues,Harry S. Truman,Thomas Jefferson,0.4269756056934333,19,24,True
legacy_issues,Harry S. Truman,Ulysses S. Grant,0.4006867478993374,19,32,True
legacy_issues,Harry S. Truman,Warren G. Harding,0.7132193101252378,19,18,True
legacy_issues,Harry S. Truman,William Harrison,0.3287762622637058,19,1,False
legacy_issues,Harry S. Truman,William McKinley,0.44414447240592525,19,14,True
legacy_issues,Harry S. Truman,William Taft,0.38858348271281273,19,12,True
legacy_issues,Harry S. Truman,Woodrow Wilson,0.6910831257651181,19,33,True
legacy_issues,Harry S. Truman,Zachary Taylor,0.3684655513577125,19,4,False
legacy_issues,Herbert Hoover,James A. Garfield,0.7883307002512958,30,1,False
legacy_issues,Herbert Hoover,James Buchanan,0.7393251406653016,30,14,True
legacy_issues,Herbert Hoover,James K. Polk,0.7642598370921224,30,25,True
legacy_issues,Herbert Hoover,James Madison,0.7887351735295197,30,21,True
legacy_issues,Herbert Hoover,James Monroe,0.7475393048957635,30,10,True
legacy_issues,Herbert Hoover,Jimmy Carter,0.5354633979891369,30,22,True
legacy_issues,Herbert Hoover,Joe Biden,0.42468800433880766,30,28,True
legacy_issues,Herbert Hoover,John Adams,0.7795812916648261,30,9,True
legacy_issues,Herbert Hoover,John F. Kennedy,0.5826344831956446,30,44,True
legacy_issues,Herbert Hoover,John Quincy Adams,0.7664076930913577,30,8,True
legacy_issues,Herbert Hoover,John Tyler,0.8036698368865471,30,18,True
legacy_issues,Herbert Hoover,Lyndon B. Johnson,0.5360442054458043,30,71,True
legacy_issues,Herbert Hoover,Martin Van Buren,0.8361413237853705,30,10,True
legacy_issues,Herbert Hoover,Millard Fillmore,0.7672584405015226,30,7,True
legacy_issues,Herbert Hoover,Richard M. Nixon,0.5794162905496776,30,23,True
legacy_issues,Herbert Hoover,Ronald Reagan,0.5010928417629819,30,60,True
legacy_issues,Herbert Hoover,Rutherford B. Hayes,0.8182767946114926,30,16,True
legacy_issues,Herbert Hoover,Theodore Roosevelt,0.9282907182990094,30,22,True
legacy_issues,Herbert Hoover,Thomas Jefferson,0.8001048727028098,30,24,True
legacy_issues,Herbert Hoover,Ulysses S. Grant,0.7968546671709797,30,32,True
legacy_issues,Herbert Hoover,Warren G. Harding,0.8856434615213158,30,18,True
legacy_issues,Herbert Hoover,William Harrison,0.7307926676702291,30,1,False
legacy_issues,Herbert Hoover,William McKinley,0.7877383109348558,30,14,True
legacy_issues,Herbert Hoover,William Taft,0.874501718072893,30,12,True
legacy_issues,Herbert Hoover,Woodrow Wilson,0.9023199241726583,30,33,True
legacy_issues,Herbert Hoover,Zachary Taylor,0.7207895412393408,30,4,False
legacy_issues,James A. Garfield,James Buchanan,0.876643721593896,1,14,False
legacy_issues,James A. Garfield,James K. Polk,0.8153850552871564,1,25,False
legacy_issues,James A. Garfield,James Madison,0.8619328671558147,1,21,False
legacy_issues,James A. Garfield,James Monroe,0.8175192014236288,1,10,False
legacy_issues,James A. Garfield,Jimmy Carter,0.35351701466246493,1,22,False
legacy_issues,James A. Garfield,Joe Biden,0.2970686727662518,1,28,False
legacy_issues,James A. Garfield,John Adams,0.854955714431842,1,9,False
legacy_issues,James A. Garfield,John F. Kennedy,0.4490675053100677,1,44,False
legacy_issues,James A. Garfield,John Quincy Adams,0.809479528023032,1,8,False
legacy_issues,James A. Garfield,John Tyler,0.8472772499772285,1,18,False
legacy_issues,James A. Garfield,Lyndon B. Johnson,0.38245530067009614,1,71,False
legacy_issues,James A. Garfield,Martin Van Buren,0.8432448803521595,1,10,False
legacy_issues,James A. Garfield,Millard Fillmore,0.8077085028986667,1,7,False
legacy_issues,James A. Garfield,Richard M. Nixon,0.4389372079882049,1,23,False
legacy_issues,James A. Garfield,Ronald Reagan,0.3664625234028808,1,60,False
legacy_issues,James A. Garfield,Rutherford B. Hayes,0.8011143522693216,1,16,False
legacy_issues,James A. Garfield,Theodore Roosevelt,0.8380755742097832,1,22,False
legacy_issues,James A. Garfield,Thomas Jefferson,0.8699641339543996,1,24,False
legacy_issues,James A. Garfield,Ulysses S. Grant,0.7872905445785543,1,32,False
legacy_issues,James A. Garfield,Warren G. Harding,0.8835391980355323,1,18,False
legacy_issues,James A. Garfield,William Harrison,0.908648917956949,1,1,False
legacy_issues,James A. Garfield,William McKinley,0.7913715199240372,1,14,False
legacy_issues,James A. Garfield,William Taft,0.7548072018839639,1,12,False
legacy_issues,James A. Garfield,Woodrow Wilson,0.9035692343798107,1,33,False
legacy_issues,James A. Garfield,Zachary Taylor,0.7880849449265311,1,4,False
legacy_issues,James Buchanan,James K. Polk,0.9807828907752381,14,25,True
legacy_issues,James Buchanan,James Madison,0.9697295996415131,14,21,True
legacy_issues,James Buchanan,James Monroe,0.9767025511666072,14,10,True
legacy_issues,James Buchanan,Jimmy Carter,0.2336439056496208,14,22,True
legacy_issues,James Buchanan,Joe Biden,0.1422664103077996,14,28,True
legacy_issues,James Buchanan,John Adams,0.9781013998911919,14,9,True
legacy_issues,James Buchanan,John F. Kennedy,0.338861790242998,14,44,True
legacy_issues,James Buchanan,John Quincy Adams,0.9737709962526432,14,8,True
legacy_issues,James Buchanan,John Tyler,0.9787330697988743,14,18,True
legacy_issues,James Buchanan,Lyndon B. Johnson,0.31332328463160125,14,71,True
legacy_issues,James Buchanan,Martin Van Buren,0.9468428478740581,14,10,True
legacy_issues,James Buchanan,Millard Fillmore,0.980361163785082,14,7,True
legacy_issues,James Buchanan,Richard M. Nixon,0.3503223321439853,14,23,True
legacy_issues,James Buchanan,Ronald Reagan,0.2264582631697744,14,60,True
legacy_issues,James Buchanan,Rutherford B. Hayes,0.9534406701349522,14,16,True
legacy_issues,James Buchanan,Theodore Roosevelt,0.884453080232848,14,22,True
legacy_issues,James Buchanan,Thomas Jefferson,0.9785778349619391,14,24,True
legacy_issues,James Buchanan,Ulysses S. Grant,0.9624784318681189,14,32,True
legacy_issues,James Buchanan,Warren G. Harding,0.7539659038003417,14,18,True
legacy_issues,James Buchanan,William Harrison,0.944285611070995,14,1,False
legacy_issues,James Buchanan,William McKinley,0.9698480508328107,14,14,True
legacy_issues,James Buchanan,William Taft,0.8995747626559052,14,12,True
legacy_issues,James Buchanan,Woodrow Wilson,0.8191018108972729,14,33,True
legacy_issues,James Buchanan,Zachary Taylor,0.97176324007955,14,4,False
legacy_issues,James K. Polk,James Madison,0.9808555434445068,25,21,True
legacy_issues,James K. Polk,James Monroe,0.9906926280129515,25,10,True
legacy_issues,James K. Polk,Jimmy Carter,0.25719046567676224,25,22,True
legacy_issues,James K. Polk,Joe Biden,0.15661611663839833,25,28,True
legacy_issues,James K. Polk,John Adams,0.9712964612839096,25,9,True
legacy_issues,James K. Polk,John F. Kennedy,0.36282748449214886,25,44,True
legacy_issues,James K. Polk,John Quincy Adams,0.991760963328865,25,8,True
legacy_issues,James K. Polk,John Tyler,0.9825923750613152,25,18,True
legacy_issues,James K. Polk,Lyndon B. Johnson,0.33212150924703976,25,71,True
legacy_issues,James K. Polk,Martin Van Buren,0.9527945449048543,25,10,True
legacy_issues,James K. Polk,Millard Fillmore,0.9833207690028262,25,7,True
legacy_issues,James K. Polk,Richard M. Nixon,0.3743914156810298,25,23,True
legacy_issues,James K. Polk,Ronald Reagan,0.24587163005821766,25,60,True
legacy_issues,James K. Polk,Rutherford B. Hayes,0.9677732626519437,25,16,True
legacy_issues,James K. Polk,Theodore Roosevelt,0.8995693008199999,25,22,True
legacy_issues,James K. Polk,Thomas Jefferson,0.9764159107928279,25,24,True
legacy_issues,James K. Polk,Ulysses S. Grant,0.9817887157538124,25,32,True
legacy_issues,James K. Polk,Warren G. Harding,0.7491740662150574,25,18,True
legacy_issues,James K. Polk,William Harrison,0.9017910023934779,25,1,False
legacy_issues,James K. Polk,William McKinley,0.9890379253907394,25,14,True
legacy_issues,James K. Polk,William Taft,0.9298163814704515,25,12,True
legacy_issues,James K. Polk,Woodrow Wilson,0.8061908380874383,25,33,True
legacy_issues,James K. Polk,Zachary Taylor,0.9711924235499129,25,4,False
legacy_issues,James Madison,James Monroe,0.9812463447441924,21,10,True
legacy_issues,James Madison,Jimmy Carter,0.25428453489851294,21,22,True
legacy_issues,James Madison,Joe Biden,0.1767741810660403,21,28,True
legacy_issues,James Madison,John Adams,0.9609301745102437,21,9,True
legacy_issues,James Madison,John F. Kennedy,0.3838312328158031,21,44,True
legacy_issues,James Madison,John Quincy Adams,0.976523822104569,21,8,True
legacy_issues,James Madison,John Tyler,0.9691045748392221,21,18,True
legacy_issues,James Madison,Lyndon B. Johnson,0.3352836217706472,21,71,True
legacy_issues,James Madison,Martin Van Buren,0.9423713626354486,21,10,True
legacy_issues,James Madison,Millard Fillmore,0.9597640782319508,21,7,True
legacy_issues,James Madison,Richard M. Nixon,0.3855045362564743,21,23,True
legacy_issues,James Madison,Ronald Reagan,0.2540283855009069,21,60,True
legacy_issues,James Madison,Rutherford B. Hayes,0.9419024561422203,21,16,True
legacy_issues,James Madison,Theodore Roosevelt,0.9209209308592949,21,22,True
legacy_issues,James Madison,Thomas Jefferson,0.98290431259956,21,24,True
legacy_issues,James Madison,Ulysses S. Grant,0.9527513093325464,21,32,True
legacy_issues,James Madison,Warren G. Harding,0.8203591086506126,21,18,True
legacy_issues,James Madison,William Harrison,0.9130750006692255,21,1,False
legacy_issues,James Madison,William McKinley,0.964483962332893,21,14,True
legacy_issues,James Madison,William Taft,0.9128197437357716,21,12,True
legacy_issues,James Madison,Woodrow Wilson,0.8667035951515769,21,33,True
legacy_issues,James Madison,Zachary Taylor,0.9361429198954164,21,4,False
legacy_issues,James Monroe,Jimmy Carter,0.22600660472677814,10,22,True
legacy_issues,James Monroe,Joe Biden,0.1357005933973169,10,28,True
legacy_issues,James Monroe,John Adams,0.9682051440009043,10,9,True
legacy_issues,James Monroe,John F. Kennedy,0.3324473966016457,10,44,True
legacy_issues,James Monroe,John Quincy Adams,0.9955161840989464,10,8,True
legacy_issues,James Monroe,John Tyler,0.9840203006998838,10,18,True
legacy_issues,James Monroe,Lyndon B. Johnson,0.29037100381271846,10,71,True
legacy_issues,James Monroe,Martin Van Buren,0.9483892576527748,10,10,True
legacy_issues,James Monroe,Millard Fillmore,0.9829094581362039,10,7,True
legacy_issues,James Monroe,Richard M. Nixon,0.3323273844913348,10,23,True
legacy_issues,James Monroe,Ronald Reagan,0.21857130372919603,10,60,True
legacy_issues,James Monroe,Rutherford B. Hayes,0.9530711805882729,10,16,True
legacy_issues,James Monroe,Theodore Roosevelt,0.9013297340012011,10,22,True
legacy_issues,James Monroe,Thomas Jefferson,0.9860076353947405,10,24,True
legacy_issues,James Monroe,Ulysses S. Grant,0.9736923440589786,10,32,True
legacy_issues,James Monroe,Warren G. Harding,0.7417536270778626,10,18,True
legacy_issues,James Monroe,William Harrison,0.9052740109276378,10,1,False
legacy_issues,James Monroe,William McKinley,0.9760193308625322,10,14,True
legacy_issues,James Monroe,William Taft,0.9253785607414265,10,12,True
legacy_issues,James Monroe,Woodrow Wilson,0.7977360720017512,10,33,True
legacy_issues,James Monroe,Zachary Taylor,0.9714337744312307,10,4,False
legacy_issues,Jimmy Carter,Joe Biden,0.9583993432387535,22,28,True
legacy_issues,Jimmy Carter,John Adams,0.2747431419821276,22,9,True
legacy_issues,Jimmy Carter,John F. Kennedy,0.9437382441390727,22,44,True
legacy_issues,Jimmy Carter,John Quincy Adams,0.2542350007169368,22,8,True
legacy_issues,Jimmy Carter,John Tyler,0.24820244762837046,22,18,True
legacy_issues,Jimmy Carter,Lyndon B. Johnson,0.952058119135015,22,71,True
legacy_issues,Jimmy Carter,Martin Van Buren,0.23416866296497152,22,10,True
legacy_issues,Jimmy Carter,Millard Fillmore,0.23054256174770332,22,7,True
legacy_issues,Jimmy Carter,Richard M. Nixon,0.9571418590206456,22,23,True
legacy_issues,Jimmy Carter,Ronald Reagan,0.9803457529164468,22,60,True
legacy_issues,Jimmy Carter,Rutherford B. Hayes,0.2506850985161945,22,16,True
legacy_issues,Jimmy Carter,Theodore Roosevelt,0.4045125005199405,22,22,True
legacy_issues,Jimmy Carter,Thomas Jefferson,0.2806904877121843,22,24,True
legacy_issues,Jimmy Carter,Ulysses S. Grant,0.2899314674293672,22,32,True
legacy_issues,Jimmy Carter,Warren G. Harding,0.5203716906579156,22,18,True
legacy_issues,Jimmy Carter,William Harrison,0.18752505472694495,22,1,False
legacy_issues,Jimmy Carter,William McKinley,0.30996649312076674,22,14,True
legacy_issues,Jimmy Carter,William Taft,0.28687685725794954,22,12,True
legacy_issues,Jimmy Carter,Woodrow Wilson,0.5098011242876938,22,33,True
legacy_issues,Jimmy Carter,Zachary Taylor,0.22912192815631327,22,4,False
legacy_issues,Joe Biden,John Adams,0.1759963608533381,28,9,True
legacy_issues,Joe Biden,John F. Kennedy,0.9196675082342108,28,44,True
legacy_issues,Joe Biden,John Quincy Adams,0.15621441025417046,28,8,True
legacy_issues,Joe Biden,John Tyler,0.1350482298198976,28,18,True
legacy_issues,Joe Biden,Lyndon B. Johnson,0.9233235195882304,28,71,True
legacy_issues,Joe Biden,Martin Van Buren,0.11280482950353304,28,10,True
legacy_issues,Joe Biden,Millard Fillmore,0.13298751845495171,28,7,True
legacy_issues,Joe Biden,Richard M. Nixon,0.9435502452434844,28,23,True
legacy_issues,Joe Biden,Ronald Reagan,0.9765266343376668,28,60,True
legacy_issues,Joe Biden,Rutherford B. Hayes,0.1404043150942251,28,16,True
legacy_issues,Joe Biden,Theodore Roosevelt,0.3234090287588064,28,22,True
legacy_issues,Joe Biden,Thomas Jefferson,0.20140726717020838,28,24,True
legacy_issues,Joe Biden,Ulysses S. Grant,0.17868032058743355,28,32,True
legacy_issues,Joe Biden,Warren G. Harding,0.48358306842307625,28,18,True
legacy_issues,Joe Biden,William Harrison,0.10307419427557825,28,1,False
legacy_issues,Joe Biden,William McKinley,0.20646642471814317,28,14,True
legacy_issues,Joe Biden,William Taft,0.1680593487504329,28,12,True
legacy_issues,Joe Biden,Woodrow Wilson,0.4560942271175992,28,33,True
legacy_issues,Joe Biden,Zachary Taylor,0.13319621663021702,28,4,False
legacy_issues,John Adams,John F. Kennedy,0.37735003598686623,9,44,True
legacy_issues,John Adams,John Quincy Adams,0.9653983671784949,9,8,True
legacy_issues,John Adams,John Tyler,0.9675399447173318,9,18,True
legacy_issues,John Adams,Lyndon B. Johnson,0.35099607209912664,9,71,True
legacy_issues,John Adams,Martin Van Buren,0.9247205242097827,9,10,True
legacy_issues,John Adams,Millard Fillmore,0.9670037970409453,9,7,True
legacy_issues,John Adams,Richard M. Nixon,0.3868053051747561,9,23,True
legacy_issues,John Adams,Ronald Reagan,0.26580921791052636,9,60,True
legacy_issues,John Adams,Rutherford B. Hayes,0.9319845717514206,9,16,True
legacy_issues,John Adams,Theodore Roosevelt,0.8948188856134514,9,22,True
legacy_issues,John Adams,Thomas Jefferson,0.9682973023818727,9,24,True
legacy_issues,John Adams,Ulysses S. Grant,0.9525985148624996,9,32,True
legacy_issues,John Adams,Warren G. Harding,0.7802589473727033,9,18,True
legacy_issues,John Adams,William Harrison,0.909823512025524,9,1,False
legacy_issues,John Adams,William McKinley,0.9657171896098892,9,14,True
legacy_issues,John Adams,William Taft,0.9130228002743177,9,12,True
legacy_issues,John Adams,Woodrow Wilson,0.8437946237124583,9,33,True
legacy_issues,John Adams,Zachary Taylor,0.9758920111486047,9,4,False
legacy_issues,John F. Kennedy,John Quincy Adams,0.36114585162703705,44,8,True
legacy_issues,John F. Kennedy,John Tyler,0.3318570939198337,44,18,True
legacy_issues,John F. Kennedy,Lyndon B. Johnson,0.9728764404563943,44,71,True
legacy_issues,John F. Kennedy,Martin Van Buren,0.30670253024768046,44,10,True
legacy_issues,John F. Kennedy,Millard Fillmore,0.3202775450621056,44,7,True
legacy_issues,John F. Kennedy,Richard M. Nixon,0.9744664009673851,44,23,True
legacy_issues,John F. Kennedy,Ronald Reagan,0.9635472737431465,44,60,True
legacy_issues,John F. Kennedy,Rutherford B. Hayes,0.33233805559100543,44,16,True
legacy_issues,John F. Kennedy,Theodore Roosevelt,0.4896123533537879,44,22,True
legacy_issues,John F. Kennedy,Thomas Jefferson,0.3844892879258742,44,24,True
legacy_issues,John F. Kennedy,Ulysses S. Grant,0.3724624585899322,44,32,True
legacy_issues,John F. Kennedy,Warren G. Harding,0.6556520187148458,44,18,True
legacy_issues,John F. Kennedy,William Harrison,0.2894936048068807,44,1,False
legacy_issues,John F. Kennedy,William McKinley,0.40894345748783667,44,14,True
legacy_issues,John F. Kennedy,William Taft,0.35856986266865276,44,12,True
legacy_issues,John F. Kennedy,Woodrow Wilson,0.6348973338577669,44,33,True
legacy_issues,John F. Kennedy,Zachary Taylor,0.3210203278343777,44,4,False
legacy_issues,John Quincy Adams,John Tyler,0.9837182651990387,8,18,True
legacy_issues,John Quincy Adams,Lyndon B. Johnson,0.3271984495920127,8,71,True
legacy_issues,John Quincy Adams,Martin Van Buren,0.9517827557697037,8,10,True
legacy_issues,John Quincy Adams,Millard Fillmore,0.9871309641867321,8,7,True
legacy_issues,John Quincy Adams,Richard M. Nixon,0.3606507599403045,8,23,True
legacy_issues,John Quincy Adams,Ronald Reagan,0.24701640000829098,8,60,True
legacy_issues,John Quincy Adams,Rutherford B. Hayes,0.9670362789201727,8,16,True
legacy_issues,John Quincy Adams,Theodore Roosevelt,0.9101803783103799,8,22,True
legacy_issues,John Quincy Adams,Thomas Jefferson,0.9827712914304687,8,24,True
legacy_issues,John Quincy Adams,Ulysses S. Grant,0.9845420126433279,8,32,True
legacy_issues,John Quincy Adams,Warren G. Harding,0.7423208283487486,8,18,True
legacy_issues,John Quincy Adams,William Harrison,0.8908375144127757,8,1,False
legacy_issues,John Quincy Adams,William McKinley,0.9854294915907299,8,14,True
legacy_issues,John Quincy Adams,William Taft,0.9409973654490865,8,12,True
legacy_issues,John Quincy Adams,Woodrow Wilson,0.7990267968586691,8,33,True
legacy_issues,John Quincy Adams,Zachary Taylor,0.9699603321046093,8,4,False
legacy_issues,John Tyler,Lyndon B. Johnson,0.2966456219842371,18,71,True
legacy_issues,John Tyler,Martin Van Buren,0.9840214609050042,18,10,True
legacy_issues,John Tyler,Millard Fillmore,0.9860005097901792,18,7,True
legacy_issues,John Tyler,Richard M. Nixon,0.33750233917038636,18,23,True
legacy_issues,John Tyler,Ronald Reagan,0.2255396058027487,18,60,True
legacy_issues,John Tyler,Rutherford B. Hayes,0.9761159988435926,18,16,True
legacy_issues,John Tyler,Theodore Roosevelt,0.9256230702254808,18,22,True
legacy_issues,John Tyler,Thomas Jefferson,0.9825016471980512,18,24,True
legacy_issues,John Tyler,Ulysses S. Grant,0.9823673526200987,18,32,True
legacy_issues,John Tyler,Warren G. Harding,0.760336596123609,18,18,True
legacy_issues,John Tyler,William Harrison,0.9304640650459519,18,1,False
legacy_issues,John Tyler,William McKinley,0.9762204002922585,18,14,True
legacy_issues,John Tyler,William Taft,0.9499667103112734,18,12,True
legacy_issues,John Tyler,Woodrow Wilson,0.8200678010660017,18,33,True
legacy_issues,John Tyler,Zachary Taylor,0.9660039057554365,18,4,False
legacy_issues,Lyndon B. Johnson,Martin Van Buren,0.26253100915541705,71,10,True
legacy_issues,Lyndon B. Johnson,Millard Fillmore,0.3037197432054797,71,7,True
legacy_issues,Lyndon B. Johnson,Richard M. Nixon,0.9820218524785397,71,23,True
legacy_issues,Lyndon B. Johnson,Ronald Reagan,0.956911903846041,71,60,True
legacy_issues,Lyndon B. Johnson,Rutherford B. Hayes,0.31847661322944815,71,16,True
legacy_issues,Lyndon B. Johnson,Theodore Roosevelt,0.4537335276476382,71,22,True
legacy_issues,Lyndon B. Johnson,Thomas Jefferson,0.34330858379715934,71,24,True
legacy_issues,Lyndon B. Johnson,Ulysses S. Grant,0.360525897017182,71,32,True
legacy_issues,Lyndon B. Johnson,Warren G. Harding,0.5648859924218976,71,18,True
legacy_issues,Lyndon B. Johnson,William Harrison,0.23117820940931993,71,1,False
legacy_issues,Lyndon B. Johnson,William McKinley,0.396914674846234,71,14,True
legacy_issues,Lyndon B. Johnson,William Taft,0.3413414840344026,71,12,True
legacy_issues,Lyndon B. Johnson,Woodrow Wilson,0.5653871392730507,71,33,True
legacy_issues,Lyndon B. Johnson,Zachary Taylor,0.30310314648681447,71,4,False
legacy_issues,Martin Van Buren,Millard Fillmore,0.9589793055645148,10,7,True
legacy_issues,Martin Van Buren,Richard M. Nixon,0.3089029308799929,10,23,True
legacy_issues,Martin Van Buren,Ronald Reagan,0.20537256347913802,10,60,True
legacy_issues,Martin Van Buren,Rutherford B. Hayes,0.9759851528198006,10,16,True
legacy_issues,Martin Van Buren,Theodore Roosevelt,0.9218530165623415,10,22,True
legacy_issues,Martin Van Buren,Thomas Jefferson,0.9537568671490827,10,24,True
legacy_issues,Martin Van Buren,Ulysses S. Grant,0.9615920823197263,10,32,True
legacy_issues,Martin Van Buren,Warren G. Harding,0.7602932009392671,10,18,True
legacy_issues,Martin Van Buren,William Harrison,0.9304261452837077,10,1,False
legacy_issues,Martin Van Buren,William McKinley,0.946333994830777,10,14,True
legacy_issues,Martin Van Buren,William Taft,0.9462224982486372,10,12,True
legacy_issues,Martin Van Buren,Woodrow Wilson,0.8130652021943039,10,33,True
legacy_issues,Martin Van Buren,Zachary Taylor,0.9174815456536056,10,4,False
legacy_issues,Millard Fillmore,Richard M. Nixon,0.3368914952697983,7,23,True
legacy_issues,Millard Fillmore,Ronald Reagan,0.2161873866396728,7,60,True
legacy_issues,Millard Fillmore,Rutherford B. Hayes,0.979246806960734,7,16,True
legacy_issues,Millard Fillmore,Theodore Roosevelt,0.9147130957181848,7,22,True
legacy_issues,Millard Fillmore,Thomas Jefferson,0.9818835651164484,7,24,True
legacy_issues,Millard Fillmore,Ulysses S. Grant,0.9886898333351963,7,32,True
legacy_issues,Millard Fillmore,Warren G. Harding,0.7213310670716095,7,18,True
legacy_issues,Millard Fillmore,William Harrison,0.9033362769651372,7,1,False
legacy_issues,Millard Fillmore,William McKinley,0.9863849253942603,7,14,True
legacy_issues,Millard Fillmore,William Taft,0.9476033376956392,7,12,True
legacy_issues,Millard Fillmore,Woodrow Wilson,0.7917455373403997,7,33,True
legacy_issues,Millard Fillmore,Zachary Taylor,0.9840620051595863,7,4,False
legacy_issues,Richard M. Nixon,Ronald Reagan,0.9670562769251303,23,60,True
legacy_issues,Richard M. Nixon,Rutherford B. Hayes,0.3514207428729668,23,16,True
legacy_issues,Richard M. Nixon,Theodore Roosevelt,0.5001080498780879,23,22,True
legacy_issues,Richard M. Nixon,Thomas Jefferson,0.38946981358673727,23,24,True
legacy_issues,Richard M. Nixon,Ulysses S. Grant,0.3860269374456255,23,32,True
legacy_issues,Richard M. Nixon,Warren G. Harding,0.6384707651035204,23,18,True
legacy_issues,Richard M. Nixon,William Harrison,0.285718937384894,23,1,False
legacy_issues,Richard M. Nixon,William McKinley,0.4249262620619466,23,14,True
legacy_issues,Richard M. Nixon,William Taft,0.3712371268919139,23,12,True
legacy_issues,Richard M. Nixon,Woodrow Wilson,0.6285799821951614,23,33,True
legacy_issues,Richard M. Nixon,Zachary Taylor,0.33634775506907943,23,4,False
legacy_issues,Ronald Reagan,Rutherford B. Hayes,0.22670020496433285,60,16,True
legacy_issues,Ronald Reagan,Theodore Roosevelt,0.38648043624225775,60,22,True
legacy_issues,Ronald Reagan,Thomas Jefferson,0.27742449834450594,60,24,True
legacy_issues,Ronald Reagan,Ulysses S. Grant,0.26594716497922016,60,32,True
legacy_issues,Ronald Reagan,Warren G. Harding,0.5474098585306297,60,18,True
legacy_issues,Ronald Reagan,William Harrison,0.18152628915893435,60,1,False
legacy_issues,Ronald Reagan,William McKinley,0.2927099425214984,60,14,True
legacy_issues,Ronald Reagan,William Taft,0.2497417029868445,60,12,True
legacy_issues,Ronald Reagan,Woodrow Wilson,0.5235386089527786,60,33,True
legacy_issues,Ronald Reagan,Zachary Taylor,0.2191426621297442,60,4,False
legacy_issues,Rutherford B. Hayes,Theodore Roosevelt,0.9310154957463321,16,22,True
legacy_issues,Rutherford B. Hayes,Thomas Jefferson,0.9554225309960365,16,24,True
legacy_issues,Rutherford B. Hayes,Ulysses S. Grant,0.9887423934173301,16,32,True
legacy_issues,Rutherford B. Hayes,Warren G. Harding,0.7337774500691256,16,18,True
legacy_issues,Rutherford B. Hayes,William Harrison,0.8902199982294382,16,1,False
legacy_issues,Rutherford B. Hayes,William McKinley,0.9777110769272224,16,14,True
legacy_issues,Rutherford B. Hayes,William Taft,0.9669732116432965,16,12,True
legacy_issues,Rutherford B. Hayes,Woodrow Wilson,0.7906201371373056,16,33,True
legacy_issues,Rutherford B. Hayes,Zachary Taylor,0.9414767209983476,16,4,False
legacy_issues,Theodore Roosevelt,Thomas Jefferson,0.939276845494308,22,24,True
legacy_issues,Theodore Roosevelt,Ulysses S. Grant,0.9244423076695578,22,32,True
legacy_issues,Theodore Roosevelt,Warren G. Harding,0.8768034939976381,22,18,True
legacy_issues,Theodore Roosevelt,William Harrison,0.8484064306845542,22,1,False
legacy_issues,Theodore Roosevelt,William McKinley,0.9162150685950938,22,14,True
legacy_issues,Theodore Roosevelt,William Taft,0.9553907800009964,22,12,True
legacy_issues,Theodore Roosevelt,Woodrow Wilson,0.9123907080764848,22,33,True
legacy_issues,Theodore Roosevelt,Zachary Taylor,0.8746774723158486,22,4,False
legacy_issues,Thomas Jefferson,Ulysses S. Grant,0.9667568491153182,24,32,True
legacy_issues,Thomas Jefferson,Warren G. Harding,0.8073198580387995,24,18,True
legacy_issues,Thomas Jefferson,William Harrison,0.9290653546127329,24,1,False
legacy_issues,Thomas Jefferson,William McKinley,0.9684715285483612,24,14,True
legacy_issues,Thomas Jefferson,William Taft,0.9258371241038186,24,12,True
legacy_issues,Thomas Jefferson,Woodrow Wilson,0.8590183389199034,24,33,True
legacy_issues,Thomas Jefferson,Zachary Taylor,0.9651097242895665,24,4,False
legacy_issues,Ulysses S. Grant,Warren G. Harding,0.7210176115527294,32,18,True
legacy_issues,Ulysses S. Grant,William Harrison,0.8736345298768566,32,1,False
legacy_issues,Ulysses S. Grant,William McKinley,0.9940678388751855,32,14,True
legacy_issues,Ulysses S. Grant,William Taft,0.9658010362958263,32,12,True
legacy_issues,Ulysses S. Grant,Woodrow Wilson,0.784174593765363,32,33,True
legacy_issues,Ulysses S. Grant,Zachary Taylor,0.9661026754623198,32,4,False
legacy_issues,Warren G. Harding,William Harrison,0.7810408167057694,18,1,False
legacy_issues,Warren G. Harding,William McKinley,0.741856188412199,18,14,True
legacy_issues,Warren G. Harding,William Taft,0.747089299592117,18,12,True
legacy_issues,Warren G. Harding,Woodrow Wilson,0.9828159065681747,18,33,True
legacy_issues,Warren G. Harding,Zachary Taylor,0.6981543262391586,18,4,False
legacy_issues,William Harrison,William McKinley,0.8714019226915624,1,14,False
legacy_issues,William Harrison,William Taft,0.8158314249903655,1,12,False
legacy_issues,William Harrison,Woodrow Wilson,0.8203926902328111,1,33,False
legacy_issues,William Harrison,Zachary Taylor,0.8843436080873728,1,4,False
legacy_issues,William McKinley,William Taft,0.9526493238809483,14,12,True
legacy_issues,William McKinley,Woodrow Wilson,0.8062868547227173,14,33,True
legacy_issues,William McKinley,Zachary Taylor,0.9711982885643747,14,4,False
legacy_issues,William Taft,Woodrow Wilson,0.806444209222648,12,33,True
legacy_issues,William Taft,Zachary Taylor,0.9105908330294735,12,4,False
legacy_issues,Woodrow Wilson,Zachary Taylor,0.7687140373133612,33,4,False
