doc_name,para_idx,entity_primary,type_primary,stance_primary,run_id_primary,entity_normalized,entity_second,type_second,stance_second,run_id_second,stance_agrees
/the-presidency/presidential-speeches/april-11-1898-message-regarding-cuban-civil-war,0,Cuba,nation,neutral,judgment-full-20260720,cuba,Cuba,other,neutral,opus-judgment-r2-20260722,True
/the-presidency/presidential-speeches/april-11-1898-message-regarding-cuban-civil-war,0,Spain,nation,neutral,judgment-full-20260720,spain,Spain,nation,neutral,opus-judgment-r2-20260722,True
/the-presidency/presidential-speeches/april-11-1898-message-regarding-cuban-civil-war,1,Cuba,nation,neutral,judgment-full-20260720,cuba,Cuba,other,neutral,opus-judgment-r2-20260722,True
/the-presidency/presidential-speeches/april-11-1898-message-regarding-cuban-civil-war,1,Spain,nation,adversarial,judgment-full-20260720,spain,Spain,nation,adversarial,opus-judgment-r2-20260722,True
/the-presidency/presidential-speeches/april-11-1898-message-regarding-cuban-civil-war,2,Cuba,nation,neutral,judgment-full-20260720,cuba,Cuba,other,neutral,opus-judgment-r2-20260722,True
/the-presidency/presidential-speeches/april-11-1898-message-regarding-cuban-civil-war,3,Spain,nation,adversarial,judgment-full-20260720,spain,Spain,nation,adversarial,opus-judgment-r2-20260722,True
/the-presidency/presidential-speeches/april-11-1898-message-regarding-cuban-civil-war,4,Spain,nation,adversarial,judgment-full-20260720,spain,Spain,nation,adversarial,opus-judgment-r2-20260722,True
/the-presidency/presidential-speeches/april-11-1898-message-regarding-cuban-civil-war,5,Spain,nation,adversarial,judgment-full-20260720,spain,Spain,nation,adversarial,opus-judgment-r2-20260722,True
/the-presidency/presidential-speeches/april-11-1898-message-regarding-cuban-civil-war,7,Spain,nation,adversarial,judgment-full-20260720,spain,Spain,nation,adversarial,opus-judgment-r2-20260722,True
/the-presidency/presidential-speeches/april-11-1898-message-regarding-cuban-civil-war,8,Canovas,person,neutral,judgment-full-20260720,canovas,Canovas,person,neutral,opus-judgment-r2-20260722,True
/the-presidency/presidential-speeches/april-11-1898-message-regarding-cuban-civil-war,8,Spain,nation,neutral,judgment-full-20260720,spain,Spain,nation,neutral,opus-judgment-r2-20260722,True
/the-presidency/presidential-speeches/april-11-1898-message-regarding-cuban-civil-war,9,General Woodford,person,favorable,judgment-full-20260720,general woodford,General Woodford,person,favorable,opus-judgment-r2-20260722,True
/the-presidency/presidential-speeches/april-11-1898-message-regarding-cuban-civil-war,9,Spain,nation,neutral,judgment-full-20260720,spain,Spain,nation,neutral,opus-judgment-r2-20260722,True
/the-presidency/presidential-speeches/april-11-1898-message-regarding-cuban-civil-war,11,American Red Cross,institution,favorable,judgment-full-20260720,american red cross,American Red Cross,institution,favorable,opus-judgment-r2-20260722,True
/the-presidency/presidential-speeches/april-11-1898-message-regarding-cuban-civil-war,12,General Weyler,person,adversarial,judgment-full-20260720,general weyler,General Weyler,person,adversarial,opus-judgment-r2-20260722,True
/the-presidency/presidential-speeches/april-11-1898-message-regarding-cuban-civil-war,12,Spain,nation,neutral,judgment-full-20260720,spain,Spain,nation,neutral,opus-judgment-r2-20260722,True
/the-presidency/presidential-speeches/april-11-1898-message-regarding-cuban-civil-war,13,Cuba,nation,neutral,judgment-full-20260720,cuba,Cuba,other,neutral,opus-judgment-r2-20260722,True
/the-presidency/presidential-speeches/april-11-1898-message-regarding-cuban-civil-war,13,Spain,nation,neutral,judgment-full-20260720,spain,Spain,nation,neutral,opus-judgment-r2-20260722,True
/the-presidency/presidential-speeches/april-11-1898-message-regarding-cuban-civil-war,14,Spain,nation,neutral,judgment-full-20260720,spain,Spain,nation,neutral,opus-judgment-r2-20260722,True
/the-presidency/presidential-speeches/april-11-1898-message-regarding-cuban-civil-war,15,General Woodford,person,neutral,judgment-full-20260720,general woodford,General Woodford,person,neutral,opus-judgment-r2-20260722,True
/the-presidency/presidential-speeches/april-11-1898-message-regarding-cuban-civil-war,15,Spain,nation,neutral,judgment-full-20260720,spain,Spain,nation,neutral,opus-judgment-r2-20260722,True
/the-presidency/presidential-speeches/april-11-1898-message-regarding-cuban-civil-war,16,Cuba,nation,neutral,judgment-full-20260720,cuba,Cuba,other,neutral,opus-judgment-r2-20260722,True
/the-presidency/presidential-speeches/april-11-1898-message-regarding-cuban-civil-war,16,President Grant,person,favorable,judgment-full-20260720,president grant,President Grant,person,favorable,opus-judgment-r2-20260722,True
/the-presidency/presidential-speeches/april-11-1898-message-regarding-cuban-civil-war,18,President Jackson,person,favorable,judgment-full-20260720,president jackson,President Jackson,person,favorable,opus-judgment-r2-20260722,True
/the-presidency/presidential-speeches/april-11-1898-message-regarding-cuban-civil-war,18,Texas,nation,neutral,judgment-full-20260720,texas,Texas,other,neutral,opus-judgment-r2-20260722,True
/the-presidency/presidential-speeches/april-11-1898-message-regarding-cuban-civil-war,20,Texas,nation,neutral,judgment-full-20260720,texas,Texas,other,neutral,opus-judgment-r2-20260722,True
/the-presidency/presidential-speeches/april-11-1898-message-regarding-cuban-civil-war,21,Andrew Jackson,person,favorable,judgment-full-20260720,andrew jackson,Andrew Jackson,person,favorable,opus-judgment-r2-20260722,True
/the-presidency/presidential-speeches/april-11-1898-message-regarding-cuban-civil-war,21,Mexico,nation,neutral,judgment-full-20260720,mexico,Mexico,nation,neutral,opus-judgment-r2-20260722,True
/the-presidency/presidential-speeches/april-11-1898-message-regarding-cuban-civil-war,21,Texas,nation,neutral,judgment-full-20260720,texas,Texas,other,neutral,opus-judgment-r2-20260722,True
/the-presidency/presidential-speeches/april-11-1898-message-regarding-cuban-civil-war,22,Jackson,person,favorable,judgment-full-20260720,jackson,Jackson,person,favorable,opus-judgment-r2-20260722,True
/the-presidency/presidential-speeches/april-11-1898-message-regarding-cuban-civil-war,23,Mexico,nation,neutral,judgment-full-20260720,mexico,Mexico,nation,neutral,opus-judgment-r2-20260722,True
/the-presidency/presidential-speeches/april-11-1898-message-regarding-cuban-civil-war,23,President Jackson,person,favorable,judgment-full-20260720,president jackson,President Jackson,person,favorable,opus-judgment-r2-20260722,True
/the-presidency/presidential-speeches/april-11-1898-message-regarding-cuban-civil-war,23,President Van Buren,person,favorable,judgment-full-20260720,president van buren,President Van Buren,person,neutral,opus-judgment-r2-20260722,False
/the-presidency/presidential-speeches/april-11-1898-message-regarding-cuban-civil-war,23,Texas,nation,neutral,judgment-full-20260720,texas,Texas,other,neutral,opus-judgment-r2-20260722,True
/the-presidency/presidential-speeches/april-11-1898-message-regarding-cuban-civil-war,24,Cuba,nation,neutral,judgment-full-20260720,cuba,Cuba,other,neutral,opus-judgment-r2-20260722,True
/the-presidency/presidential-speeches/april-11-1898-message-regarding-cuban-civil-war,26,Cuba,nation,neutral,judgment-full-20260720,cuba,Cuba,other,neutral,opus-judgment-r2-20260722,True
/the-presidency/presidential-speeches/april-11-1898-message-regarding-cuban-civil-war,26,Spain,nation,neutral,judgment-full-20260720,spain,Spain,nation,neutral,opus-judgment-r2-20260722,True
/the-presidency/presidential-speeches/april-11-1898-message-regarding-cuban-civil-war,31,Spain,nation,neutral,judgment-full-20260720,spain,Spain,nation,adversarial,opus-judgment-r2-20260722,False
/the-presidency/presidential-speeches/april-11-1898-message-regarding-cuban-civil-war,32,President Grant,person,favorable,judgment-full-20260720,president grant,President Grant,person,favorable,opus-judgment-r2-20260722,True
/the-presidency/presidential-speeches/april-11-1898-message-regarding-cuban-civil-war,32,Spain,nation,neutral,judgment-full-20260720,spain,Spain,nation,neutral,opus-judgment-r2-20260722,True
/the-presidency/presidential-speeches/april-11-1898-message-regarding-cuban-civil-war,33,Spain,nation,neutral,judgment-full-20260720,spain,Spain,nation,neutral,opus-judgment-r2-20260722,True
/the-presidency/presidential-speeches/april-11-1898-message-regarding-cuban-civil-war,35,Cuba,nation,neutral,judgment-full-20260720,cuba,Cuba,other,neutral,opus-judgment-r2-20260722,True
/the-presidency/presidential-speeches/april-11-1898-message-regarding-cuban-civil-war,35,Spain,nation,neutral,judgment-full-20260720,spain,Spain,nation,neutral,opus-judgment-r2-20260722,True
/the-presidency/presidential-speeches/april-11-1898-message-regarding-cuban-civil-war,37,Cuba,nation,neutral,judgment-full-20260720,cuba,Cuba,other,neutral,opus-judgment-r2-20260722,True
/the-presidency/presidential-speeches/april-11-1898-message-regarding-cuban-civil-war,37,Spain,nation,adversarial,judgment-full-20260720,spain,Spain,nation,adversarial,opus-judgment-r2-20260722,True
/the-presidency/presidential-speeches/april-11-1898-message-regarding-cuban-civil-war,38,Cuba,nation,neutral,judgment-full-20260720,cuba,Cuba,other,neutral,opus-judgment-r2-20260722,True
/the-presidency/presidential-speeches/april-11-1898-message-regarding-cuban-civil-war,38,Spain,nation,adversarial,judgment-full-20260720,spain,Spain,nation,adversarial,opus-judgment-r2-20260722,True
/the-presidency/presidential-speeches/april-11-1951-report-american-people-korea,4,North Korea,nation,adversarial,judgment-full-20260720,north korea,North Korea,nation,adversarial,opus-judgment-r2-20260722,True
/the-presidency/presidential-speeches/april-11-1951-report-american-people-korea,5,Moscow,nation,adversarial,judgment-full-20260720,moscow,Moscow,institution,adversarial,opus-judgment-r2-20260722,True
/the-presidency/presidential-speeches/april-11-1951-report-american-people-korea,6,Kremlin,nation,adversarial,judgment-full-20260720,kremlin,Kremlin,institution,adversarial,opus-judgment-r2-20260722,True
/the-presidency/presidential-speeches/april-11-1951-report-american-people-korea,6,United States,nation,favorable,judgment-full-20260720,united states,United States,nation,favorable,opus-judgment-r2-20260722,True
/the-presidency/presidential-speeches/april-11-1951-report-american-people-korea,7,Chinese Communists,nation,adversarial,judgment-full-20260720,chinese communists,Chinese Communists,group,adversarial,opus-judgment-r2-20260722,True
/the-presidency/presidential-speeches/april-11-1951-report-american-people-korea,7,Soviet Union,nation,adversarial,judgment-full-20260720,soviet union,Soviet Union,nation,adversarial,opus-judgment-r2-20260722,True
/the-presidency/presidential-speeches/april-11-1951-report-american-people-korea,7,United Nations,institution,favorable,judgment-full-20260720,united nations,United Nations,institution,favorable,opus-judgment-r2-20260722,True
/the-presidency/presidential-speeches/april-11-1951-report-american-people-korea,9,United Nations,institution,favorable,judgment-full-20260720,united nations,United Nations,institution,favorable,opus-judgment-r2-20260722,True
/the-presidency/presidential-speeches/april-11-1951-report-american-people-korea,10,United Nations,institution,favorable,judgment-full-20260720,united nations,United Nations,institution,favorable,opus-judgment-r2-20260722,True
/the-presidency/presidential-speeches/april-11-1951-report-american-people-korea,11,Chinese Nationalist troops,group,neutral,judgment-full-20260720,chinese nationalist troops,Chinese Nationalist troops,group,favorable,opus-judgment-r2-20260722,False
/the-presidency/presidential-speeches/april-11-1951-report-american-people-korea,11,Kremlin,nation,adversarial,judgment-full-20260720,kremlin,Kremlin,institution,adversarial,opus-judgment-r2-20260722,True
/the-presidency/presidential-speeches/april-11-1951-report-american-people-korea,11,Red China,nation,adversarial,judgment-full-20260720,red china,Red China,nation,adversarial,opus-judgment-r2-20260722,True
/the-presidency/presidential-speeches/april-11-1951-report-american-people-korea,12,Chinese Communists,nation,adversarial,judgment-full-20260720,chinese communists,Chinese Communists,group,adversarial,opus-judgment-r2-20260722,True
/the-presidency/presidential-speeches/april-11-1951-report-american-people-korea,12,North Koreans,nation,adversarial,judgment-full-20260720,north koreans,North Koreans,group,adversarial,opus-judgment-r2-20260722,True
/the-presidency/presidential-speeches/april-11-1951-report-american-people-korea,12,Soviet Union,nation,adversarial,judgment-full-20260720,soviet union,Soviet Union,nation,adversarial,opus-judgment-r2-20260722,True
/the-presidency/presidential-speeches/april-13-1846-message-regarding-cherokee-indians,0,Cherokee tribe,group,neutral,judgment-full-20260720,cherokee tribe,Cherokee tribe,group,neutral,opus-judgment-20260721,True
/the-presidency/presidential-speeches/april-13-1846-message-regarding-cherokee-indians,0,Secretary of War,institution,neutral,judgment-full-20260720,secretary of war,Secretary of War,person,neutral,opus-judgment-20260721,True
/the-presidency/presidential-speeches/april-13-1846-message-regarding-cherokee-indians,2,Cherokees,group,neutral,judgment-full-20260720,cherokees,Cherokees,group,neutral,opus-judgment-20260721,True
/the-presidency/presidential-speeches/april-13-1846-message-regarding-cherokee-indians,5,Cherokee tribe,group,neutral,judgment-full-20260720,cherokee tribe,Cherokee tribe,group,neutral,opus-judgment-20260721,True
/the-presidency/presidential-speeches/april-13-1846-message-regarding-cherokee-indians,6,Cherokees,group,neutral,judgment-full-20260720,cherokees,Cherokees,group,neutral,opus-judgment-20260721,True
/the-presidency/presidential-speeches/april-13-1846-message-regarding-cherokee-indians,6,Congress,institution,neutral,judgment-full-20260720,congress,Congress,institution,neutral,opus-judgment-20260721,True
/the-presidency/presidential-speeches/april-16-1945-first-speech-congress,0,Franklin Delano Roosevelt,person,favorable,judgment-full-20260720,franklin delano roosevelt,Franklin Delano Roosevelt,person,favorable,opus-judgment-20260721,True
/the-presidency/presidential-speeches/april-16-1945-first-speech-congress,1,Franklin Delano Roosevelt,person,favorable,judgment-full-20260720,franklin delano roosevelt,Franklin Delano Roosevelt,person,favorable,opus-judgment-20260721,True
/the-presidency/presidential-speeches/april-16-1945-first-speech-congress,2,Franklin Roosevelt,person,favorable,judgment-full-20260720,franklin roosevelt,Franklin Roosevelt,person,favorable,opus-judgment-20260721,True
/the-presidency/presidential-speeches/april-16-1945-first-speech-congress,2,Germany,nation,adversarial,judgment-full-20260720,germany,Germany,nation,adversarial,opus-judgment-20260721,True
/the-presidency/presidential-speeches/april-16-1945-first-speech-congress,2,Japan,nation,adversarial,judgment-full-20260720,japan,Japan,nation,adversarial,opus-judgment-20260721,True
/the-presidency/presidential-speeches/april-16-1945-first-speech-congress,4,war criminals,group,adversarial,judgment-full-20260720,war criminals,war criminals,group,adversarial,opus-judgment-20260721,True
/the-presidency/presidential-speeches/april-16-1945-first-speech-congress,6,Admiral King,person,favorable,judgment-full-20260720,admiral king,Admiral King,person,favorable,opus-judgment-20260721,True
/the-presidency/presidential-speeches/april-16-1945-first-speech-congress,6,Admiral Leahy,person,favorable,judgment-full-20260720,admiral leahy,Admiral Leahy,person,favorable,opus-judgment-20260721,True
/the-presidency/presidential-speeches/april-16-1945-first-speech-congress,6,Admiral Nimitz,person,favorable,judgment-full-20260720,admiral nimitz,Admiral Nimitz,person,favorable,opus-judgment-20260721,True
/the-presidency/presidential-speeches/april-16-1945-first-speech-congress,6,General Eisenhower,person,favorable,judgment-full-20260720,general eisenhower,General Eisenhower,person,favorable,opus-judgment-20260721,True
/the-presidency/presidential-speeches/april-16-1945-first-speech-congress,6,General MacArthur,person,favorable,judgment-full-20260720,general macarthur,General MacArthur,person,favorable,opus-judgment-20260721,True
/the-presidency/presidential-speeches/april-16-1945-first-speech-congress,6,General Marshall,person,favorable,judgment-full-20260720,general marshall,General Marshall,person,favorable,opus-judgment-20260721,True
/the-presidency/presidential-speeches/april-16-1945-first-speech-congress,6,Hitler,person,adversarial,judgment-full-20260720,hitler,Hitler,person,adversarial,opus-judgment-20260721,True
/the-presidency/presidential-speeches/april-16-1945-first-speech-congress,10,Axis powers,nation,adversarial,judgment-full-20260720,axis powers,Axis powers,group,adversarial,opus-judgment-20260721,True
/the-presidency/presidential-speeches/april-16-1945-first-speech-congress,12,greedy tyrants,group,adversarial,judgment-full-20260720,greedy tyrants,greedy tyrants,group,adversarial,opus-judgment-20260721,True
/the-presidency/presidential-speeches/april-16-1945-first-speech-congress,13,Franklin Delano Roosevelt,person,favorable,judgment-full-20260720,franklin delano roosevelt,Franklin Delano Roosevelt,person,favorable,opus-judgment-20260721,True
/the-presidency/presidential-speeches/april-16-1953-chance-peace,1,United States,nation,favorable,judgment-full-20260720,united states,United States,nation,favorable,opus-judgment-r2-20260722,True
/the-presidency/presidential-speeches/april-16-1953-chance-peace,2,Soviet Union,nation,adversarial,judgment-full-20260720,soviet union,Soviet Union,nation,neutral,opus-judgment-r2-20260722,False
/the-presidency/presidential-speeches/april-16-1953-chance-peace,2,United States,nation,favorable,judgment-full-20260720,united states,United States,nation,favorable,opus-judgment-r2-20260722,True
/the-presidency/presidential-speeches/april-16-1953-chance-peace,3,Soviet government,nation,adversarial,judgment-full-20260720,soviet government,Soviet government,institution,adversarial,opus-judgment-r2-20260722,True
/the-presidency/presidential-speeches/april-16-1953-chance-peace,3,United Nations,institution,favorable,judgment-full-20260720,united nations,United Nations,institution,favorable,opus-judgment-r2-20260722,True
/the-presidency/presidential-speeches/april-16-1953-chance-peace,4,Soviet Union,nation,adversarial,judgment-full-20260720,soviet union,Soviet Union,nation,adversarial,opus-judgment-r2-20260722,True
/the-presidency/presidential-speeches/april-16-1953-chance-peace,5,Soviet Union,nation,adversarial,judgment-full-20260720,soviet union,Soviet Union,nation,adversarial,opus-judgment-r2-20260722,True
/the-presidency/presidential-speeches/april-16-1953-chance-peace,9,Joseph Stalin,person,adversarial,judgment-full-20260720,joseph stalin,Joseph Stalin,person,adversarial,opus-judgment-r2-20260722,True
/the-presidency/presidential-speeches/april-16-1953-chance-peace,9,Soviet Union,nation,adversarial,judgment-full-20260720,soviet union,Soviet Union,nation,adversarial,opus-judgment-r2-20260722,True
/the-presidency/presidential-speeches/april-16-1953-chance-peace,10,Western Germany,nation,favorable,judgment-full-20260720,western germany,Western Germany,nation,favorable,opus-judgment-r2-20260722,True
/the-presidency/presidential-speeches/april-16-1953-chance-peace,12,Soviet Union,nation,neutral,judgment-full-20260720,soviet union,Soviet Union,nation,neutral,opus-judgment-r2-20260722,True
/the-presidency/presidential-speeches/april-16-1953-chance-peace,14,Austria,nation,favorable,judgment-full-20260720,austria,Austria,nation,neutral,opus-judgment-r2-20260722,False
/the-presidency/presidential-speeches/april-16-1953-chance-peace,14,Germany,nation,neutral,judgment-full-20260720,germany,Germany,nation,favorable,opus-judgment-r2-20260722,False
/the-presidency/presidential-speeches/april-16-1953-chance-peace,16,United Nations,institution,favorable,judgment-full-20260720,united nations,United Nations,institution,favorable,opus-judgment-r2-20260722,True
/the-presidency/presidential-speeches/april-16-1953-chance-peace,19,Soviet Union,nation,adversarial,judgment-full-20260720,soviet union,Soviet Union,nation,neutral,opus-judgment-r2-20260722,False
/the-presidency/presidential-speeches/april-16-1953-chance-peace,19,United Nations,institution,favorable,judgment-full-20260720,united nations,United Nations,institution,favorable,opus-judgment-r2-20260722,True
/the-presidency/presidential-speeches/april-16-1953-chance-peace,20,Soviet Union,nation,adversarial,judgment-full-20260720,soviet union,Soviet Union,nation,adversarial,opus-judgment-r2-20260722,True
/the-presidency/presidential-speeches/april-16-1953-chance-peace,21,China,nation,neutral,judgment-full-20260720,china,China,nation,neutral,opus-judgment-r2-20260722,True
/the-presidency/presidential-speeches/april-16-1953-chance-peace,21,Russia,nation,neutral,judgment-full-20260720,russia,Russia,nation,neutral,opus-judgment-r2-20260722,True
/the-presidency/presidential-speeches/april-18-1882-message-regarding-congress-american-countries,0,Chile,nation,neutral,judgment-full-20260720,chile,Chile,nation,neutral,opus-judgment-20260721,True
/the-presidency/presidential-speeches/april-18-1882-message-regarding-congress-american-countries,0,Guatemala,nation,neutral,judgment-full-20260720,guatemala,Guatemala,nation,neutral,opus-judgment-20260721,True
/the-presidency/presidential-speeches/april-18-1882-message-regarding-congress-american-countries,0,Mexico,nation,neutral,judgment-full-20260720,mexico,Mexico,nation,neutral,opus-judgment-20260721,True
/the-presidency/presidential-speeches/april-18-1882-message-regarding-congress-american-countries,0,Peru,nation,neutral,judgment-full-20260720,peru,Peru,nation,neutral,opus-judgment-20260721,True
/the-presidency/presidential-speeches/april-18-1882-message-regarding-congress-american-countries,3,Chester A. Arthur,person,favorable,judgment-full-20260720,chester a. arthur,Chester A. Arthur,person,neutral,opus-judgment-20260721,False
/the-presidency/presidential-speeches/april-18-1882-message-regarding-congress-american-countries,10,Mexico,nation,favorable,judgment-full-20260720,mexico,Mexico,nation,favorable,opus-judgment-20260721,True
/the-presidency/presidential-speeches/april-18-1882-message-regarding-congress-american-countries,11,James G. Blaine,person,neutral,judgment-full-20260720,james g. blaine,James G. Blaine,person,neutral,opus-judgment-20260721,True
/the-presidency/presidential-speeches/april-2-1866-proclamation-end-confederate-insurrection,3,disunionists of the Southern States,group,adversarial,judgment-full-20260720,disunionists of the southern states,disunionists of the Southern States,group,adversarial,opus-judgment-r2-20260722,True
/the-presidency/presidential-speeches/april-2-1866-proclamation-end-confederate-insurrection,4,disunionists of the Southern States,group,adversarial,judgment-full-20260720,disunionists of the southern states,disunionists of the Southern States,group,adversarial,opus-judgment-r2-20260722,True
/the-presidency/presidential-speeches/april-2-1866-proclamation-end-confederate-insurrection,11,Andrew Johnson,person,neutral,judgment-full-20260720,andrew johnson,Andrew Johnson,person,neutral,opus-judgment-r2-20260722,True
/the-presidency/presidential-speeches/april-2-1866-proclamation-end-confederate-insurrection,11,William H. Seward,person,neutral,judgment-full-20260720,william h. seward,William H. Seward,person,neutral,opus-judgment-r2-20260722,True
/the-presidency/presidential-speeches/april-20-1964-speech-associated-press-luncheon,0,Dean Rusk,person,favorable,judgment-full-20260720,dean rusk,Dean Rusk,person,neutral,opus-judgment-20260721,False
/the-presidency/presidential-speeches/april-20-1964-speech-associated-press-luncheon,1,Al Smith,person,favorable,judgment-full-20260720,al smith,Al Smith,person,favorable,opus-judgment-20260721,True
/the-presidency/presidential-speeches/april-20-1964-speech-associated-press-luncheon,2,Washington,person,favorable,judgment-full-20260720,washington,Washington,person,favorable,opus-judgment-20260721,True
/the-presidency/presidential-speeches/april-25-1980-statement-iran-rescue-mission,0,Iran,nation,adversarial,judgment-full-20260720,iran,Iran,nation,neutral,opus-judgment-20260721,False
/the-presidency/presidential-speeches/april-25-1980-statement-iran-rescue-mission,1,Iran,nation,neutral,judgment-full-20260720,iran,Iran,nation,neutral,opus-judgment-20260721,True
/the-presidency/presidential-speeches/april-25-1980-statement-iran-rescue-mission,2,Iran,nation,neutral,judgment-full-20260720,iran,Iran,nation,neutral,opus-judgment-20260721,True
/the-presidency/presidential-speeches/april-25-1980-statement-iran-rescue-mission,3,Iran,nation,adversarial,judgment-full-20260720,iran,Iran,nation,adversarial,opus-judgment-20260721,True
/the-presidency/presidential-speeches/april-25-1980-statement-iran-rescue-mission,4,Government of Iran,nation,adversarial,judgment-full-20260720,government of iran,Government of Iran,nation,adversarial,opus-judgment-20260721,True
/the-presidency/presidential-speeches/april-25-1980-statement-iran-rescue-mission,6,Iran,nation,neutral,judgment-full-20260720,iran,Iran,nation,neutral,opus-judgment-20260721,True
/the-presidency/presidential-speeches/april-28-1935-fireside-chat-7-works-relief-program-and-social,17,selfish minorities,group,adversarial,judgment-r2-20260720,selfish minorities,selfish minorities,group,adversarial,opus-judgment-r2-20260722,True
/the-presidency/presidential-speeches/april-28-1935-fireside-chat-7-works-relief-program-and-social,19,Interstate Commerce Commission,institution,favorable,judgment-r2-20260720,interstate commerce commission,Interstate Commerce Commission,institution,favorable,opus-judgment-r2-20260722,True
/the-presidency/presidential-speeches/april-28-1935-fireside-chat-7-works-relief-program-and-social,21,Federal Reserve System,institution,favorable,judgment-r2-20260720,federal reserve system,Federal Reserve System,institution,favorable,opus-judgment-r2-20260722,True
/the-presidency/presidential-speeches/april-28-1942-fireside-chat-21-sacrifice,1,German army,nation,adversarial,judgment-full-20260720,german army,German army,group,adversarial,opus-judgment-20260721,True
/the-presidency/presidential-speeches/april-28-1942-fireside-chat-21-sacrifice,1,Russia,nation,favorable,judgment-full-20260720,russia,Russia,nation,favorable,opus-judgment-20260721,True
/the-presidency/presidential-speeches/april-28-1942-fireside-chat-21-sacrifice,2,France,nation,favorable,judgment-full-20260720,france,France,nation,favorable,opus-judgment-20260721,True
/the-presidency/presidential-speeches/april-28-1942-fireside-chat-21-sacrifice,2,Nazi,nation,adversarial,judgment-full-20260720,nazi,Nazi,group,adversarial,opus-judgment-20260721,True
/the-presidency/presidential-speeches/april-28-1942-fireside-chat-21-sacrifice,3,France,nation,favorable,judgment-full-20260720,france,France,nation,favorable,opus-judgment-20260721,True
/the-presidency/presidential-speeches/april-28-1942-fireside-chat-21-sacrifice,3,Germany,nation,adversarial,judgment-full-20260720,germany,Germany,nation,adversarial,opus-judgment-20260721,True
/the-presidency/presidential-speeches/april-28-1942-fireside-chat-21-sacrifice,3,Italy,nation,adversarial,judgment-full-20260720,italy,Italy,nation,adversarial,opus-judgment-20260721,True
/the-presidency/presidential-speeches/april-28-1942-fireside-chat-21-sacrifice,3,Japan,nation,adversarial,judgment-full-20260720,japan,Japan,nation,adversarial,opus-judgment-20260721,True
/the-presidency/presidential-speeches/april-28-1942-fireside-chat-21-sacrifice,3,United Nations,group,favorable,judgment-full-20260720,united nations,United Nations,institution,favorable,opus-judgment-20260721,True
/the-presidency/presidential-speeches/april-28-1942-fireside-chat-21-sacrifice,4,Nazis,nation,adversarial,judgment-full-20260720,nazis,Nazis,group,adversarial,opus-judgment-20260721,True
/the-presidency/presidential-speeches/april-28-1942-fireside-chat-21-sacrifice,6,Chiang Kai-shek,person,favorable,judgment-full-20260720,chiang kai-shek,Chiang Kai-shek,person,favorable,opus-judgment-20260721,True
/the-presidency/presidential-speeches/april-28-1942-fireside-chat-21-sacrifice,6,China,nation,favorable,judgment-full-20260720,china,China,nation,favorable,opus-judgment-20260721,True
/the-presidency/presidential-speeches/april-28-1942-fireside-chat-21-sacrifice,6,Japanese,nation,adversarial,judgment-full-20260720,japanese,Japanese,nation,adversarial,opus-judgment-20260721,True
/the-presidency/presidential-speeches/april-28-1942-fireside-chat-21-sacrifice,8,Hitler,person,adversarial,judgment-full-20260720,hitler,Hitler,person,adversarial,opus-judgment-20260721,True
/the-presidency/presidential-speeches/april-28-1942-fireside-chat-21-sacrifice,16,Hitler,person,adversarial,judgment-full-20260720,hitler,Hitler,person,adversarial,opus-judgment-20260721,True
/the-presidency/presidential-speeches/april-28-1942-fireside-chat-21-sacrifice,18,Hitler,person,adversarial,judgment-full-20260720,hitler,Hitler,person,adversarial,opus-judgment-20260721,True
/the-presidency/presidential-speeches/april-28-1942-fireside-chat-21-sacrifice,19,Britain,nation,favorable,judgment-full-20260720,britain,Britain,nation,favorable,opus-judgment-20260721,True
/the-presidency/presidential-speeches/april-28-1942-fireside-chat-21-sacrifice,19,Hitler,person,adversarial,judgment-full-20260720,hitler,Hitler,person,adversarial,opus-judgment-20260721,True
/the-presidency/presidential-speeches/april-28-1942-fireside-chat-21-sacrifice,20,Dr. Corydon M. Wassell,person,favorable,judgment-full-20260720,dr. corydon m. wassell,Dr. Corydon M. Wassell,person,favorable,opus-judgment-20260721,True
/the-presidency/presidential-speeches/april-28-1942-fireside-chat-21-sacrifice,21,Dr. Wassell,person,favorable,judgment-full-20260720,dr. wassell,Dr. Wassell,person,favorable,opus-judgment-20260721,True
/the-presidency/presidential-speeches/april-28-1942-fireside-chat-21-sacrifice,22,Dr. Wassell,person,favorable,judgment-full-20260720,dr. wassell,Dr. Wassell,person,favorable,opus-judgment-20260721,True
/the-presidency/presidential-speeches/april-28-1942-fireside-chat-21-sacrifice,22,Japanese,nation,adversarial,judgment-full-20260720,japanese,Japanese,nation,adversarial,opus-judgment-20260721,True
/the-presidency/presidential-speeches/april-28-1942-fireside-chat-21-sacrifice,23,Japanese,nation,adversarial,judgment-full-20260720,japanese,Japanese,nation,adversarial,opus-judgment-20260721,True
/the-presidency/presidential-speeches/april-28-1942-fireside-chat-21-sacrifice,23,U.S.S. SAILFISH,other,favorable,judgment-full-20260720,u.s.s. sailfish,U.S.S. SAILFISH,other,favorable,opus-judgment-20260721,True
/the-presidency/presidential-speeches/april-28-1942-fireside-chat-21-sacrifice,24,Japanese,nation,adversarial,judgment-full-20260720,japanese,Japanese,nation,adversarial,opus-judgment-20260721,True
/the-presidency/presidential-speeches/april-28-1942-fireside-chat-21-sacrifice,27,Captain Hewitt T. Wheless,person,favorable,judgment-full-20260720,captain hewitt t. wheless,Captain Hewitt T. Wheless,person,favorable,opus-judgment-20260721,True
/the-presidency/presidential-speeches/april-3-1848-message-regarding-establishment-french-republic,0,France,nation,favorable,judgment-full-20260720,france,France,nation,favorable,opus-judgment-r2-20260722,True
/the-presidency/presidential-speeches/april-3-1848-message-regarding-establishment-french-republic,1,France,nation,favorable,judgment-full-20260720,france,France,nation,favorable,opus-judgment-r2-20260722,True
/the-presidency/presidential-speeches/april-3-1848-message-regarding-establishment-french-republic,2,France,nation,favorable,judgment-full-20260720,france,France,nation,favorable,opus-judgment-r2-20260722,True
/the-presidency/presidential-speeches/april-3-1848-message-regarding-establishment-french-republic,3,France,nation,favorable,judgment-full-20260720,france,France,nation,favorable,opus-judgment-r2-20260722,True
/the-presidency/presidential-speeches/april-3-1968-press-conference,0,North Vietnam,nation,neutral,judgment-full-20260720,north vietnam,North Vietnam,nation,neutral,opus-judgment-20260721,True
/the-presidency/presidential-speeches/april-3-1968-press-conference,1,North Vietnam,nation,neutral,judgment-full-20260720,north vietnam,North Vietnam,nation,neutral,opus-judgment-20260721,True
/the-presidency/presidential-speeches/april-3-1968-press-conference,1,South Vietnam,nation,favorable,judgment-full-20260720,south vietnam,South Vietnam,nation,favorable,opus-judgment-20260721,True
/the-presidency/presidential-speeches/april-3-1968-press-conference,2,North Vietnam,nation,neutral,judgment-full-20260720,north vietnam,North Vietnam,nation,neutral,opus-judgment-20260721,True
/the-presidency/presidential-speeches/april-3-1968-press-conference,2,South Vietnam,nation,favorable,judgment-full-20260720,south vietnam,South Vietnam,nation,favorable,opus-judgment-20260721,True
/the-presidency/presidential-speeches/april-3-1968-press-conference,4,North Vietnam,nation,neutral,judgment-full-20260720,north vietnam,North Vietnam,nation,neutral,opus-judgment-20260721,True
/the-presidency/presidential-speeches/april-3-1968-press-conference,4,South Vietnam,nation,favorable,judgment-full-20260720,south vietnam,South Vietnam,nation,favorable,opus-judgment-20260721,True
/the-presidency/presidential-speeches/april-30-1984-remarks-fudan-university-classroom,0,Fudan University,institution,favorable,judgment-full-20260720,fudan university,Fudan University,institution,favorable,opus-judgment-r2-20260722,True
/the-presidency/presidential-speeches/april-30-1984-remarks-fudan-university-classroom,0,Nancy,person,favorable,judgment-full-20260720,nancy,Nancy,person,favorable,opus-judgment-r2-20260722,True
/the-presidency/presidential-speeches/april-30-1984-remarks-fudan-university-classroom,1,Fudan University,institution,favorable,judgment-full-20260720,fudan university,Fudan University,institution,favorable,opus-judgment-r2-20260722,True
/the-presidency/presidential-speeches/april-30-1984-remarks-fudan-university-classroom,14,Deng,person,favorable,judgment-full-20260720,deng,Deng,person,favorable,opus-judgment-r2-20260722,True
/the-presidency/presidential-speeches/april-30-1984-remarks-fudan-university-classroom,14,Zhao,person,favorable,judgment-full-20260720,zhao,Zhao,person,favorable,opus-judgment-r2-20260722,True
/the-presidency/presidential-speeches/april-30-1984-remarks-fudan-university-classroom,26,Mitterrand,person,favorable,judgment-full-20260720,mitterrand,Mitterrand,person,favorable,opus-judgment-r2-20260722,True
/the-presidency/presidential-speeches/april-30-1984-remarks-fudan-university-classroom,26,Nancy,person,favorable,judgment-full-20260720,nancy,Nancy,person,favorable,opus-judgment-r2-20260722,True
/the-presidency/presidential-speeches/april-30-1984-remarks-fudan-university-classroom,27,Madam Mitterrand,person,neutral,judgment-full-20260720,madam mitterrand,Madam Mitterrand,person,neutral,opus-judgment-r2-20260722,True
/the-presidency/presidential-speeches/april-9-2007-speech-comprehensive-immigration-reform,4,Ron Colburn,person,favorable,judgment-full-20260720,ron colburn,Ron Colburn,person,favorable,opus-judgment-20260721,True
/the-presidency/presidential-speeches/april-9-2007-speech-comprehensive-immigration-reform,4,Ulay Littleton,person,favorable,judgment-full-20260720,ulay littleton,Ulay Littleton,person,favorable,opus-judgment-20260721,True
/the-presidency/presidential-speeches/april-9-2007-speech-comprehensive-immigration-reform,6,David Aguilar,person,favorable,judgment-full-20260720,david aguilar,David Aguilar,person,favorable,opus-judgment-20260721,True
/the-presidency/presidential-speeches/april-9-2007-speech-comprehensive-immigration-reform,6,Janet Napolitano,person,favorable,judgment-full-20260720,janet napolitano,Janet Napolitano,person,favorable,opus-judgment-20260721,True
/the-presidency/presidential-speeches/april-9-2007-speech-comprehensive-immigration-reform,6,Michael Chertoff,person,favorable,judgment-full-20260720,michael chertoff,Michael Chertoff,person,favorable,opus-judgment-20260721,True
/the-presidency/presidential-speeches/april-9-2007-speech-comprehensive-immigration-reform,6,Ralph Basham,person,favorable,judgment-full-20260720,ralph basham,Ralph Basham,person,favorable,opus-judgment-20260721,True
/the-presidency/presidential-speeches/april-9-2007-speech-comprehensive-immigration-reform,6,Steven Blum,person,favorable,judgment-full-20260720,steven blum,Steven Blum,person,favorable,opus-judgment-20260721,True
/the-presidency/presidential-speeches/april-9-2007-speech-comprehensive-immigration-reform,7,Harry Mitchell,person,favorable,judgment-full-20260720,harry mitchell,Harry Mitchell,person,favorable,opus-judgment-20260721,True
/the-presidency/presidential-speeches/april-9-2007-speech-comprehensive-immigration-reform,7,Jeff Flake,person,favorable,judgment-full-20260720,jeff flake,Jeff Flake,person,favorable,opus-judgment-20260721,True
/the-presidency/presidential-speeches/april-9-2007-speech-comprehensive-immigration-reform,7,John Shadegg,person,favorable,judgment-full-20260720,john shadegg,John Shadegg,person,favorable,opus-judgment-20260721,True
/the-presidency/presidential-speeches/april-9-2007-speech-comprehensive-immigration-reform,7,Jon Kyl,person,favorable,judgment-full-20260720,jon kyl,Jon Kyl,person,favorable,opus-judgment-20260721,True
/the-presidency/presidential-speeches/april-9-2007-speech-comprehensive-immigration-reform,7,Trent Franks,person,favorable,judgment-full-20260720,trent franks,Trent Franks,person,favorable,opus-judgment-20260721,True
/the-presidency/presidential-speeches/april-9-2007-speech-comprehensive-immigration-reform,8,David Ratacheck,person,favorable,judgment-full-20260720,david ratacheck,David Ratacheck,person,favorable,opus-judgment-20260721,True
/the-presidency/presidential-speeches/april-9-2007-speech-comprehensive-immigration-reform,8,Larry Nelson,person,favorable,judgment-full-20260720,larry nelson,Larry Nelson,person,favorable,opus-judgment-20260721,True
/the-presidency/presidential-speeches/april-9-2007-speech-comprehensive-immigration-reform,8,Tim Bee,person,favorable,judgment-full-20260720,tim bee,Tim Bee,person,favorable,opus-judgment-20260721,True
/the-presidency/presidential-speeches/april-9-2007-speech-comprehensive-immigration-reform,23,Mexico,nation,neutral,judgment-full-20260720,mexico,Mexico,nation,neutral,opus-judgment-20260721,True
/the-presidency/presidential-speeches/april-9-2007-speech-comprehensive-immigration-reform,26,smugglers,group,adversarial,judgment-full-20260720,smugglers,smugglers,group,adversarial,opus-judgment-20260721,True
/the-presidency/presidential-speeches/april-9-2007-speech-comprehensive-immigration-reform,28,document forgers,group,adversarial,judgment-full-20260720,document forgers,document forgers,group,adversarial,opus-judgment-20260721,True
/the-presidency/presidential-speeches/august-1-1848-message-regarding-size-army,0,House of Representatives,institution,neutral,judgment-full-20260720,house of representatives,House of Representatives,institution,neutral,opus-judgment-r2-20260722,True
/the-presidency/presidential-speeches/august-1-1848-message-regarding-size-army,0,Secretary of War,institution,neutral,judgment-full-20260720,secretary of war,Secretary of War,person,neutral,opus-judgment-r2-20260722,True
/the-presidency/presidential-speeches/august-1-1848-message-regarding-size-army,2,Secretary of War,institution,neutral,judgment-full-20260720,secretary of war,Secretary of War,person,neutral,opus-judgment-r2-20260722,True
/the-presidency/presidential-speeches/august-10-2001-address-nation-stem-cell-research,12,Nancy Reagan,person,neutral,judgment-full-20260720,nancy reagan,Nancy Reagan,person,neutral,opus-judgment-r2-20260722,True
/the-presidency/presidential-speeches/august-10-2001-address-nation-stem-cell-research,12,President Reagan,person,neutral,judgment-full-20260720,president reagan,President Reagan,person,neutral,opus-judgment-r2-20260722,True
/the-presidency/presidential-speeches/august-10-2001-address-nation-stem-cell-research,16,Dr. Leon Kass,person,favorable,judgment-full-20260720,dr. leon kass,Dr. Leon Kass,person,favorable,opus-judgment-r2-20260722,True
/the-presidency/presidential-speeches/august-11-1842-message-senate-negotiations-britain,2,Lord Ashburton,person,neutral,judgment-r2-20260720,lord ashburton,Lord Ashburton,person,neutral,opus-judgment-20260721,True
/the-presidency/presidential-speeches/august-11-1842-message-senate-negotiations-britain,3,Maine,other,favorable,judgment-r2-20260720,maine,Maine,institution,favorable,opus-judgment-20260721,True
/the-presidency/presidential-speeches/august-11-1842-message-senate-negotiations-britain,3,Massachusetts,other,favorable,judgment-r2-20260720,massachusetts,Massachusetts,institution,favorable,opus-judgment-20260721,True
/the-presidency/presidential-speeches/august-11-1842-message-senate-negotiations-britain,17,United States,nation,favorable,judgment-r2-20260720,united states,United States,nation,favorable,opus-judgment-20260721,True
/the-presidency/presidential-speeches/august-11-1842-message-senate-negotiations-britain,32,Lieutenant Whipple,person,favorable,judgment-r2-20260720,lieutenant whipple,Lieutenant Whipple,person,favorable,opus-judgment-20260721,True
/the-presidency/presidential-speeches/august-11-1842-message-senate-negotiations-britain,32,Major Graham,person,favorable,judgment-r2-20260720,major graham,Major Graham,person,neutral,opus-judgment-20260721,False
/the-presidency/presidential-speeches/august-11-1842-message-senate-negotiations-britain,33,Lieutenant Whipple,person,favorable,judgment-r2-20260720,lieutenant whipple,Lieutenant Whipple,person,favorable,opus-judgment-20260721,True
/the-presidency/presidential-speeches/august-11-1842-message-senate-negotiations-britain,33,Major Graham,person,neutral,judgment-r2-20260720,major graham,Major Graham,person,neutral,opus-judgment-20260721,True
/the-presidency/presidential-speeches/august-11-1842-message-senate-negotiations-britain,72,Albert Smith,person,neutral,judgment-r2-20260720,albert smith,Albert Smith,person,neutral,opus-judgment-20260721,True
/the-presidency/presidential-speeches/august-11-1932-speech-accepting-republican-nomination,8,Democratic Party,group,favorable,judgment-full-20260720,democratic party,Democratic Party,group,favorable,opus-judgment-20260721,True
/the-presidency/presidential-speeches/august-11-1932-speech-accepting-republican-nomination,27,Theodore Roosevelt,person,favorable,judgment-full-20260720,theodore roosevelt,Theodore Roosevelt,person,favorable,opus-judgment-20260721,True
/the-presidency/presidential-speeches/august-11-1932-speech-accepting-republican-nomination,37,Democratic majority in the House,group,adversarial,judgment-full-20260720,democratic majority in the house,Democratic majority in the House,group,adversarial,opus-judgment-20260721,True
/the-presidency/presidential-speeches/august-11-1932-speech-accepting-republican-nomination,44,Republican platform,institution,favorable,judgment-full-20260720,republican platform,Republican platform,group,favorable,opus-judgment-20260721,True
/the-presidency/presidential-speeches/august-11-1932-speech-accepting-republican-nomination,53,Republican Party,group,favorable,judgment-full-20260720,republican party,Republican Party,group,favorable,opus-judgment-20260721,True
/the-presidency/presidential-speeches/august-15-1973-address-nation-about-watergate-investigations,0,Democratic National Headquarters,institution,neutral,judgment-full-20260720,democratic national headquarters,Democratic National Headquarters,institution,neutral,opus-judgment-20260721,True
/the-presidency/presidential-speeches/august-15-1973-address-nation-about-watergate-investigations,0,Senate committee,institution,neutral,judgment-full-20260720,senate committee,Senate committee,institution,neutral,opus-judgment-20260721,True
/the-presidency/presidential-speeches/august-15-1973-address-nation-about-watergate-investigations,8,John Dean,person,neutral,judgment-full-20260720,john dean,John Dean,person,neutral,opus-judgment-20260721,True
/the-presidency/presidential-speeches/august-15-1973-address-nation-about-watergate-investigations,8,John Ehrlichman,person,neutral,judgment-full-20260720,john ehrlichman,John Ehrlichman,person,neutral,opus-judgment-20260721,True
/the-presidency/presidential-speeches/august-15-1973-address-nation-about-watergate-investigations,9,Henry Petersen,person,favorable,judgment-full-20260720,henry petersen,Henry Petersen,person,favorable,opus-judgment-20260721,True
/the-presidency/presidential-speeches/august-15-1973-address-nation-about-watergate-investigations,16,Supreme Court,institution,neutral,judgment-full-20260720,supreme court,Supreme Court,institution,neutral,opus-judgment-20260721,True
/the-presidency/presidential-speeches/august-15-1973-address-nation-about-watergate-investigations,17,Supreme Court,institution,neutral,judgment-full-20260720,supreme court,Supreme Court,institution,neutral,opus-judgment-20260721,True
/the-presidency/presidential-speeches/august-15-1973-address-nation-about-watergate-investigations,26,those who would exploit Watergate,group,adversarial,judgment-full-20260720,those who would exploit watergate,those who would exploit Watergate,group,adversarial,opus-judgment-20260721,True
/the-presidency/presidential-speeches/august-16-1841-veto-message-regarding-bank-united-states,7,United States Bank,institution,neutral,judgment-r2-20260720,united states bank,United States Bank,institution,neutral,opus-judgment-20260721,True
/the-presidency/presidential-speeches/august-18-1967-press-conference,0,General Harold K. Johnson,person,neutral,judgment-full-20260720,general harold k. johnson,General Harold K. Johnson,person,neutral,opus-judgment-20260721,True
/the-presidency/presidential-speeches/august-18-1967-press-conference,4,the enemy,group,adversarial,judgment-full-20260720,the enemy,the enemy,group,adversarial,opus-judgment-20260721,True
/the-presidency/presidential-speeches/august-18-1967-press-conference,5,the enemy,group,adversarial,judgment-full-20260720,the enemy,the enemy,group,adversarial,opus-judgment-20260721,True
/the-presidency/presidential-speeches/august-18-1967-press-conference,10,Ambassador Bunker,person,favorable,judgment-full-20260720,ambassador bunker,Ambassador Bunker,person,favorable,opus-judgment-20260721,True
/the-presidency/presidential-speeches/august-18-1967-press-conference,15,Senator Mansfield,person,neutral,judgment-full-20260720,senator mansfield,Senator Mansfield,person,neutral,opus-judgment-20260721,True
/the-presidency/presidential-speeches/august-18-1967-press-conference,17,General Thieu,person,neutral,judgment-full-20260720,general thieu,General Thieu,person,favorable,opus-judgment-20260721,False
/the-presidency/presidential-speeches/august-18-1967-press-conference,18,Ky,person,neutral,judgment-full-20260720,ky,Ky,person,favorable,opus-judgment-20260721,False
/the-presidency/presidential-speeches/august-18-1967-press-conference,18,Thieu,person,neutral,judgment-full-20260720,thieu,Thieu,person,favorable,opus-judgment-20260721,False
/the-presidency/presidential-speeches/august-18-1967-press-conference,19,Ho Chi Minh,person,adversarial,judgment-full-20260720,ho chi minh,Ho Chi Minh,person,adversarial,opus-judgment-20260721,True
/the-presidency/presidential-speeches/august-18-1967-press-conference,20,Hanoi,nation,adversarial,judgment-full-20260720,hanoi,Hanoi,nation,adversarial,opus-judgment-20260721,True
/the-presidency/presidential-speeches/august-18-1967-press-conference,21,General Johnson,person,favorable,judgment-full-20260720,general johnson,General Johnson,person,favorable,opus-judgment-20260721,True
/the-presidency/presidential-speeches/august-18-1967-press-conference,21,General Westmoreland,person,favorable,judgment-full-20260720,general westmoreland,General Westmoreland,person,favorable,opus-judgment-20260721,True
/the-presidency/presidential-speeches/august-18-1967-press-conference,21,General Wheeler,person,favorable,judgment-full-20260720,general wheeler,General Wheeler,person,favorable,opus-judgment-20260721,True
/the-presidency/presidential-speeches/august-18-1967-press-conference,22,China,nation,neutral,judgment-full-20260720,china,China,nation,neutral,opus-judgment-20260721,True
/the-presidency/presidential-speeches/august-18-1967-press-conference,22,Minneapolis Tribune,institution,adversarial,judgment-full-20260720,minneapolis tribune,Minneapolis Tribune,institution,neutral,opus-judgment-20260721,False
/the-presidency/presidential-speeches/august-18-1967-press-conference,23,Communist China,nation,neutral,judgment-full-20260720,communist china,Communist China,nation,neutral,opus-judgment-20260721,True
/the-presidency/presidential-speeches/august-18-1967-press-conference,23,Peking,nation,neutral,judgment-full-20260720,peking,Peking,nation,neutral,opus-judgment-20260721,True
/the-presidency/presidential-speeches/august-18-1967-press-conference,24,the enemy,group,adversarial,judgment-full-20260720,the enemy,the enemy,group,adversarial,opus-judgment-20260721,True
/the-presidency/presidential-speeches/august-18-1967-press-conference,26,John Conyers,person,neutral,judgment-full-20260720,john conyers,John Conyers,person,neutral,opus-judgment-20260721,True
/the-presidency/presidential-speeches/august-18-1967-press-conference,30,Secretary Weaver,person,neutral,judgment-full-20260720,secretary weaver,Secretary Weaver,person,neutral,opus-judgment-20260721,True
/the-presidency/presidential-speeches/august-18-1967-press-conference,30,Secretary Wood,person,neutral,judgment-full-20260720,secretary wood,Secretary Wood,person,neutral,opus-judgment-20260721,True
/the-presidency/presidential-speeches/august-18-1967-press-conference,36,President Truman,person,neutral,judgment-full-20260720,president truman,President Truman,person,neutral,opus-judgment-20260721,True
/the-presidency/presidential-speeches/august-18-1967-press-conference,36,Senator Taft,person,neutral,judgment-full-20260720,senator taft,Senator Taft,person,neutral,opus-judgment-20260721,True
/the-presidency/presidential-speeches/august-18-1967-press-conference,37,President Eisenhower,person,neutral,judgment-full-20260720,president eisenhower,President Eisenhower,person,neutral,opus-judgment-20260721,True
/the-presidency/presidential-speeches/august-18-1967-press-conference,37,President Truman,person,neutral,judgment-full-20260720,president truman,President Truman,person,neutral,opus-judgment-20260721,True
/the-presidency/presidential-speeches/august-18-1967-press-conference,37,Senator Taft,person,neutral,judgment-full-20260720,senator taft,Senator Taft,person,neutral,opus-judgment-20260721,True
/the-presidency/presidential-speeches/august-18-1967-press-conference,41,Secretary McNamara,person,neutral,judgment-full-20260720,secretary mcnamara,Secretary McNamara,person,neutral,opus-judgment-20260721,True
/the-presidency/presidential-speeches/august-18-1967-press-conference,41,Secretary Rusk,person,neutral,judgment-full-20260720,secretary rusk,Secretary Rusk,person,neutral,opus-judgment-20260721,True
/the-presidency/presidential-speeches/august-18-1967-press-conference,42,Senator Morse,person,adversarial,judgment-full-20260720,senator morse,Senator Morse,person,neutral,opus-judgment-20260721,False
/the-presidency/presidential-speeches/august-18-1967-press-conference,45,Secretary of the Interior,institution,neutral,judgment-full-20260720,secretary of the interior,Secretary of the Interior,person,neutral,opus-judgment-20260721,True
/the-presidency/presidential-speeches/august-18-1967-press-conference,47,Mr. Mahon,person,neutral,judgment-full-20260720,mr. mahon,Mr. Mahon,person,neutral,opus-judgment-20260721,True
/the-presidency/presidential-speeches/august-19-1976-remarks-republican-national-convention,1,Republican party,group,favorable,judgment-full-20260720,republican party,Republican party,group,favorable,opus-judgment-20260721,True
/the-presidency/presidential-speeches/august-19-1976-remarks-republican-national-convention,2,opposing party,group,adversarial,judgment-full-20260720,opposing party,opposing party,group,adversarial,opus-judgment-20260721,True
/the-presidency/presidential-speeches/august-29-1796-talk-cherokee-nation,0,Cherokees,group,favorable,judgment-full-20260720,cherokees,Cherokees,group,favorable,opus-judgment-20260721,True
/the-presidency/presidential-speeches/august-29-1796-talk-cherokee-nation,1,Cherokees,group,favorable,judgment-full-20260720,cherokees,Cherokees,group,favorable,opus-judgment-20260721,True
/the-presidency/presidential-speeches/august-29-1796-talk-cherokee-nation,2,Cherokees,group,favorable,judgment-full-20260720,cherokees,Cherokees,group,favorable,opus-judgment-20260721,True
/the-presidency/presidential-speeches/august-29-1796-talk-cherokee-nation,4,United States,nation,favorable,judgment-full-20260720,united states,United States,nation,favorable,opus-judgment-20260721,True
/the-presidency/presidential-speeches/august-29-1796-talk-cherokee-nation,5,Benjamin Hawkins,person,favorable,judgment-full-20260720,benjamin hawkins,Benjamin Hawkins,person,favorable,opus-judgment-20260721,True
/the-presidency/presidential-speeches/august-29-1796-talk-cherokee-nation,5,United States,nation,favorable,judgment-full-20260720,united states,United States,nation,favorable,opus-judgment-20260721,True
/the-presidency/presidential-speeches/august-29-1796-talk-cherokee-nation,7,Secretary of War,institution,favorable,judgment-full-20260720,secretary of war,Secretary of War,institution,favorable,opus-judgment-20260721,True
/the-presidency/presidential-speeches/august-29-1796-talk-cherokee-nation,8,United States,nation,favorable,judgment-full-20260720,united states,United States,nation,favorable,opus-judgment-20260721,True
/the-presidency/presidential-speeches/august-29-1796-talk-cherokee-nation,9,United States,nation,favorable,judgment-full-20260720,united states,United States,nation,favorable,opus-judgment-20260721,True
/the-presidency/presidential-speeches/august-29-1796-talk-cherokee-nation,10,President of the United States,institution,favorable,judgment-full-20260720,president of the united states,President of the United States,institution,favorable,opus-judgment-20260721,True
/the-presidency/presidential-speeches/august-29-1796-talk-cherokee-nation,11,Cherokees,group,favorable,judgment-full-20260720,cherokees,Cherokees,group,favorable,opus-judgment-20260721,True
/the-presidency/presidential-speeches/august-29-1996-remarks-democratic-national-convention,0,Al Gore,person,favorable,judgment-full-20260720,al gore,Al Gore,person,favorable,opus-judgment-r2-20260722,True
/the-presidency/presidential-speeches/august-29-1996-remarks-democratic-national-convention,0,Hillary,person,favorable,judgment-full-20260720,hillary,Hillary,person,favorable,opus-judgment-r2-20260722,True
/the-presidency/presidential-speeches/august-29-1996-remarks-democratic-national-convention,7,Bob Dole,person,neutral,judgment-full-20260720,bob dole,Bob Dole,person,neutral,opus-judgment-r2-20260722,True
/the-presidency/presidential-speeches/august-29-1996-remarks-democratic-national-convention,7,Jack Kemp,person,neutral,judgment-full-20260720,jack kemp,Jack Kemp,person,neutral,opus-judgment-r2-20260722,True
/the-presidency/presidential-speeches/august-29-1996-remarks-democratic-national-convention,7,Ross Perot,person,neutral,judgment-full-20260720,ross perot,Ross Perot,person,neutral,opus-judgment-r2-20260722,True
/the-presidency/presidential-speeches/august-29-1996-remarks-democratic-national-convention,13,Hillary,person,favorable,judgment-full-20260720,hillary,Hillary,person,favorable,opus-judgment-r2-20260722,True
/the-presidency/presidential-speeches/august-29-1996-remarks-democratic-national-convention,16,Republican Congress,group,adversarial,judgment-full-20260720,republican congress,Republican Congress,institution,adversarial,opus-judgment-r2-20260722,True
/the-presidency/presidential-speeches/august-29-1996-remarks-democratic-national-convention,17,Christopher Reeve,person,favorable,judgment-full-20260720,christopher reeve,Christopher Reeve,person,favorable,opus-judgment-r2-20260722,True
/the-presidency/presidential-speeches/august-29-1996-remarks-democratic-national-convention,18,our opponents,group,adversarial,judgment-full-20260720,our opponents,our opponents,group,adversarial,opus-judgment-r2-20260722,True
/the-presidency/presidential-speeches/august-29-1996-remarks-democratic-national-convention,24,Ron Brown,person,favorable,judgment-full-20260720,ron brown,Ron Brown,person,favorable,opus-judgment-r2-20260722,True
/the-presidency/presidential-speeches/august-29-1996-remarks-democratic-national-convention,24,Secretary Kantor,person,favorable,judgment-full-20260720,secretary kantor,Secretary Kantor,person,favorable,opus-judgment-r2-20260722,True
/the-presidency/presidential-speeches/august-29-1996-remarks-democratic-national-convention,27,Sarah and Jim Brady,person,favorable,judgment-full-20260720,sarah and jim brady,Sarah and Jim Brady,person,favorable,opus-judgment-r2-20260722,True
/the-presidency/presidential-speeches/august-29-1996-remarks-democratic-national-convention,33,Hillary,person,favorable,judgment-full-20260720,hillary,Hillary,person,favorable,opus-judgment-r2-20260722,True
/the-presidency/presidential-speeches/august-29-1996-remarks-democratic-national-convention,33,Tipper Gore,person,favorable,judgment-full-20260720,tipper gore,Tipper Gore,person,favorable,opus-judgment-r2-20260722,True
/the-presidency/presidential-speeches/august-29-1996-remarks-democratic-national-convention,37,leaders of this Congress,group,adversarial,judgment-full-20260720,leaders of this congress,leaders of this Congress,institution,adversarial,opus-judgment-r2-20260722,True
/the-presidency/presidential-speeches/august-29-1996-remarks-democratic-national-convention,40,Cuba,nation,adversarial,judgment-full-20260720,cuba,Cuba,nation,neutral,opus-judgment-r2-20260722,False
/the-presidency/presidential-speeches/august-29-1996-remarks-democratic-national-convention,40,NATO,institution,favorable,judgment-full-20260720,nato,NATO,institution,favorable,opus-judgment-r2-20260722,True
/the-presidency/presidential-speeches/august-29-1996-remarks-democratic-national-convention,40,Russia,nation,favorable,judgment-full-20260720,russia,Russia,nation,favorable,opus-judgment-r2-20260722,True
/the-presidency/presidential-speeches/august-29-1996-remarks-democratic-national-convention,41,North Korea,nation,adversarial,judgment-full-20260720,north korea,North Korea,nation,neutral,opus-judgment-r2-20260722,False
/the-presidency/presidential-speeches/august-29-1996-remarks-democratic-national-convention,42,Iran,nation,adversarial,judgment-full-20260720,iran,Iran,nation,adversarial,opus-judgment-r2-20260722,True
/the-presidency/presidential-speeches/august-29-1996-remarks-democratic-national-convention,42,Libya,nation,adversarial,judgment-full-20260720,libya,Libya,nation,adversarial,opus-judgment-r2-20260722,True
/the-presidency/presidential-speeches/august-29-1996-remarks-democratic-national-convention,43,Congress,institution,adversarial,judgment-full-20260720,congress,Congress,institution,neutral,opus-judgment-r2-20260722,False
/the-presidency/presidential-speeches/august-29-1996-remarks-democratic-national-convention,43,terrorists,group,adversarial,judgment-full-20260720,terrorists,terrorists,group,adversarial,opus-judgment-r2-20260722,True
/the-presidency/presidential-speeches/august-6-1850-message-regarding-compromise-texas,0,Texas,nation,neutral,judgment-full-20260720,texas,Texas,nation,neutral,opus-judgment-r2-20260722,True
/the-presidency/presidential-speeches/august-6-1850-message-regarding-compromise-texas,0,governor of Texas,person,neutral,judgment-full-20260720,governor of texas,governor of Texas,person,neutral,opus-judgment-r2-20260722,True
/the-presidency/presidential-speeches/august-6-1850-message-regarding-compromise-texas,1,Texas,nation,adversarial,judgment-full-20260720,texas,Texas,nation,neutral,opus-judgment-r2-20260722,False
/the-presidency/presidential-speeches/august-6-1850-message-regarding-compromise-texas,2,Congress,institution,neutral,judgment-full-20260720,congress,Congress,institution,favorable,opus-judgment-r2-20260722,False
/the-presidency/presidential-speeches/august-6-1850-message-regarding-compromise-texas,2,Texas,nation,adversarial,judgment-full-20260720,texas,Texas,nation,adversarial,opus-judgment-r2-20260722,True
/the-presidency/presidential-speeches/august-6-1850-message-regarding-compromise-texas,5,Texas,nation,neutral,judgment-full-20260720,texas,Texas,nation,neutral,opus-judgment-r2-20260722,True
/the-presidency/presidential-speeches/august-6-1850-message-regarding-compromise-texas,13,Texas,nation,neutral,judgment-full-20260720,texas,Texas,nation,neutral,opus-judgment-r2-20260722,True
/the-presidency/presidential-speeches/august-6-1850-message-regarding-compromise-texas,16,Congress,institution,neutral,judgment-full-20260720,congress,Congress,institution,favorable,opus-judgment-r2-20260722,False
/the-presidency/presidential-speeches/august-6-1850-message-regarding-compromise-texas,16,Texas,nation,neutral,judgment-full-20260720,texas,Texas,nation,neutral,opus-judgment-r2-20260722,True
/the-presidency/presidential-speeches/august-6-1850-message-regarding-compromise-texas,17,Congress,institution,neutral,judgment-full-20260720,congress,Congress,institution,neutral,opus-judgment-r2-20260722,True
/the-presidency/presidential-speeches/august-6-1850-message-regarding-compromise-texas,18,Congress,institution,neutral,judgment-full-20260720,congress,Congress,institution,favorable,opus-judgment-r2-20260722,False
/the-presidency/presidential-speeches/august-6-1850-message-regarding-compromise-texas,18,Texas,nation,neutral,judgment-full-20260720,texas,Texas,nation,neutral,opus-judgment-r2-20260722,True
/the-presidency/presidential-speeches/august-6-1850-message-regarding-compromise-texas,19,Congress,institution,neutral,judgment-full-20260720,congress,Congress,institution,favorable,opus-judgment-r2-20260722,False
/the-presidency/presidential-speeches/august-7-1846-message-regarding-treaty-cherokees,0,Cherokee tribe,group,neutral,judgment-full-20260720,cherokee tribe,Cherokee tribe,group,neutral,opus-judgment-20260721,True
/the-presidency/presidential-speeches/august-7-1846-message-regarding-treaty-cherokees,1,Cherokees,group,neutral,judgment-full-20260720,cherokees,Cherokees,group,neutral,opus-judgment-20260721,True
/the-presidency/presidential-speeches/august-7-1846-message-regarding-treaty-cherokees,2,Cherokees,group,neutral,judgment-full-20260720,cherokees,Cherokees,group,neutral,opus-judgment-20260721,True
/the-presidency/presidential-speeches/august-7-1846-message-regarding-treaty-cherokees,3,John Ross,person,neutral,judgment-full-20260720,john ross,John Ross,person,neutral,opus-judgment-20260721,True
/the-presidency/presidential-speeches/august-7-1846-message-regarding-treaty-cherokees,3,Senate,institution,neutral,judgment-full-20260720,senate,Senate,institution,neutral,opus-judgment-20260721,True
/the-presidency/presidential-speeches/august-8-1990-address-iraqs-invasion-kuwait,0,Saudi Arabia,nation,favorable,judgment-full-20260720,saudi arabia,Saudi Arabia,nation,favorable,opus-judgment-20260721,True
/the-presidency/presidential-speeches/august-8-1990-address-iraqs-invasion-kuwait,1,Iraq,nation,adversarial,judgment-full-20260720,iraq,Iraq,nation,adversarial,opus-judgment-20260721,True
/the-presidency/presidential-speeches/august-8-1990-address-iraqs-invasion-kuwait,1,Kuwait,nation,favorable,judgment-full-20260720,kuwait,Kuwait,nation,favorable,opus-judgment-20260721,True
/the-presidency/presidential-speeches/august-8-1990-address-iraqs-invasion-kuwait,1,Saddam Hussein,person,adversarial,judgment-full-20260720,saddam hussein,Saddam Hussein,person,adversarial,opus-judgment-20260721,True
/the-presidency/presidential-speeches/august-8-1990-address-iraqs-invasion-kuwait,2,Iraq,nation,adversarial,judgment-full-20260720,iraq,Iraq,nation,adversarial,opus-judgment-20260721,True
/the-presidency/presidential-speeches/august-8-1990-address-iraqs-invasion-kuwait,2,Kuwait,nation,favorable,judgment-full-20260720,kuwait,Kuwait,nation,favorable,opus-judgment-20260721,True
/the-presidency/presidential-speeches/august-8-1990-address-iraqs-invasion-kuwait,2,Reagan,person,neutral,judgment-full-20260720,reagan,Reagan,person,favorable,opus-judgment-20260721,False
/the-presidency/presidential-speeches/august-8-1990-address-iraqs-invasion-kuwait,2,Roosevelt,person,neutral,judgment-full-20260720,roosevelt,Roosevelt,person,favorable,opus-judgment-20260721,False
/the-presidency/presidential-speeches/august-8-1990-address-iraqs-invasion-kuwait,3,Iraq,nation,adversarial,judgment-full-20260720,iraq,Iraq,nation,adversarial,opus-judgment-20260721,True
/the-presidency/presidential-speeches/august-8-1990-address-iraqs-invasion-kuwait,4,Saddam Hussein,person,adversarial,judgment-full-20260720,saddam hussein,Saddam Hussein,person,adversarial,opus-judgment-20260721,True
/the-presidency/presidential-speeches/august-8-1990-address-iraqs-invasion-kuwait,5,China,nation,neutral,judgment-full-20260720,china,China,nation,favorable,opus-judgment-20260721,False
/the-presidency/presidential-speeches/august-8-1990-address-iraqs-invasion-kuwait,5,Iraq,nation,adversarial,judgment-full-20260720,iraq,Iraq,nation,adversarial,opus-judgment-20260721,True
/the-presidency/presidential-speeches/august-8-1990-address-iraqs-invasion-kuwait,5,Mulroney,person,favorable,judgment-full-20260720,mulroney,Mulroney,person,favorable,opus-judgment-20260721,True
/the-presidency/presidential-speeches/august-8-1990-address-iraqs-invasion-kuwait,5,Soviet Union,nation,neutral,judgment-full-20260720,soviet union,Soviet Union,nation,favorable,opus-judgment-20260721,False
/the-presidency/presidential-speeches/august-8-1990-address-iraqs-invasion-kuwait,5,Thatcher,person,favorable,judgment-full-20260720,thatcher,Thatcher,person,favorable,opus-judgment-20260721,True
/the-presidency/presidential-speeches/august-8-1990-address-iraqs-invasion-kuwait,5,United Nations Security Council,institution,favorable,judgment-full-20260720,united nations security council,United Nations Security Council,institution,favorable,opus-judgment-20260721,True
/the-presidency/presidential-speeches/august-8-1990-address-iraqs-invasion-kuwait,5,Woerner,person,neutral,judgment-full-20260720,woerner,Woerner,person,favorable,opus-judgment-20260721,False
/the-presidency/presidential-speeches/august-8-1990-address-iraqs-invasion-kuwait,6,Iraq,nation,adversarial,judgment-full-20260720,iraq,Iraq,nation,adversarial,opus-judgment-20260721,True
/the-presidency/presidential-speeches/august-8-1990-address-iraqs-invasion-kuwait,6,United Nations Security Council,institution,favorable,judgment-full-20260720,united nations security council,United Nations Security Council,institution,favorable,opus-judgment-20260721,True
/the-presidency/presidential-speeches/august-8-1990-address-iraqs-invasion-kuwait,7,Iraq,nation,adversarial,judgment-full-20260720,iraq,Iraq,nation,adversarial,opus-judgment-20260721,True
/the-presidency/presidential-speeches/august-8-1990-address-iraqs-invasion-kuwait,8,Dick Cheney,person,favorable,judgment-full-20260720,dick cheney,Dick Cheney,person,favorable,opus-judgment-20260721,True
/the-presidency/presidential-speeches/august-8-1990-address-iraqs-invasion-kuwait,8,Iraq,nation,adversarial,judgment-full-20260720,iraq,Iraq,nation,adversarial,opus-judgment-20260721,True
/the-presidency/presidential-speeches/august-8-1990-address-iraqs-invasion-kuwait,8,King Fahd,person,favorable,judgment-full-20260720,king fahd,King Fahd,person,favorable,opus-judgment-20260721,True
/the-presidency/presidential-speeches/august-8-1990-address-iraqs-invasion-kuwait,8,Saudi Arabia,nation,favorable,judgment-full-20260720,saudi arabia,Saudi Arabia,nation,favorable,opus-judgment-20260721,True
/the-presidency/presidential-speeches/august-8-1990-address-iraqs-invasion-kuwait,9,Saudi Arabia,nation,favorable,judgment-full-20260720,saudi arabia,Saudi Arabia,nation,favorable,opus-judgment-20260721,True
/the-presidency/presidential-speeches/august-8-1990-address-iraqs-invasion-kuwait,10,Baker,person,favorable,judgment-full-20260720,baker,Baker,person,favorable,opus-judgment-20260721,True
/the-presidency/presidential-speeches/august-8-1990-address-iraqs-invasion-kuwait,10,King Hassan,person,favorable,judgment-full-20260720,king hassan,King Hassan,person,favorable,opus-judgment-20260721,True
/the-presidency/presidential-speeches/august-8-1990-address-iraqs-invasion-kuwait,10,Mubarak,person,favorable,judgment-full-20260720,mubarak,Mubarak,person,favorable,opus-judgment-20260721,True
/the-presidency/presidential-speeches/august-8-1990-address-iraqs-invasion-kuwait,10,Ozal,person,favorable,judgment-full-20260720,ozal,Ozal,person,favorable,opus-judgment-20260721,True
/the-presidency/presidential-speeches/august-8-1990-address-iraqs-invasion-kuwait,11,oil companies,group,adversarial,judgment-full-20260720,oil companies,oil companies,group,neutral,opus-judgment-20260721,False
/the-presidency/presidential-speeches/december-1-1834-sixth-annual-message-congress,6,King of the Two Sicilies,nation,favorable,judgment-r2-20260720,king of the two sicilies,King of the Two Sicilies,nation,favorable,opus-judgment-r2-20260722,True
/the-presidency/presidential-speeches/december-1-1834-sixth-annual-message-congress,6,Portugal,nation,favorable,judgment-r2-20260720,portugal,Portugal,nation,favorable,opus-judgment-r2-20260722,True
/the-presidency/presidential-speeches/december-1-1834-sixth-annual-message-congress,7,Belgium,nation,adversarial,judgment-r2-20260720,belgium,Belgium,nation,neutral,opus-judgment-r2-20260722,False
/the-presidency/presidential-speeches/december-1-1834-sixth-annual-message-congress,8,Emperor of Morocco,nation,favorable,judgment-r2-20260720,emperor of morocco,Emperor of Morocco,nation,favorable,opus-judgment-r2-20260722,True
/the-presidency/presidential-speeches/december-1-1834-sixth-annual-message-congress,10,Brazil,nation,neutral,judgment-r2-20260720,brazil,Brazil,nation,neutral,opus-judgment-r2-20260722,True
/the-presidency/presidential-speeches/december-1-1834-sixth-annual-message-congress,12,Mexico,nation,neutral,judgment-r2-20260720,mexico,Mexico,nation,neutral,opus-judgment-r2-20260722,True
/the-presidency/presidential-speeches/december-1-1834-sixth-annual-message-congress,14,Venezuela,nation,neutral,judgment-r2-20260720,venezuela,Venezuela,nation,neutral,opus-judgment-r2-20260722,True
/the-presidency/presidential-speeches/december-1-1834-sixth-annual-message-congress,16,France,nation,adversarial,judgment-r2-20260720,france,France,nation,neutral,opus-judgment-r2-20260722,False
/the-presidency/presidential-speeches/december-1-1834-sixth-annual-message-congress,17,France,nation,adversarial,judgment-r2-20260720,france,France,nation,adversarial,opus-judgment-r2-20260722,True
/the-presidency/presidential-speeches/december-1-1834-sixth-annual-message-congress,18,France,nation,adversarial,judgment-r2-20260720,france,France,nation,adversarial,opus-judgment-r2-20260722,True
/the-presidency/presidential-speeches/december-1-1834-sixth-annual-message-congress,19,France,nation,neutral,judgment-r2-20260720,france,France,nation,neutral,opus-judgment-r2-20260722,True
/the-presidency/presidential-speeches/december-1-1834-sixth-annual-message-congress,20,France,nation,neutral,judgment-r2-20260720,france,France,nation,neutral,opus-judgment-r2-20260722,True
/the-presidency/presidential-speeches/december-1-1834-sixth-annual-message-congress,22,France,nation,neutral,judgment-r2-20260720,france,France,nation,neutral,opus-judgment-r2-20260722,True
/the-presidency/presidential-speeches/december-1-1834-sixth-annual-message-congress,23,France,nation,neutral,judgment-r2-20260720,france,France,nation,neutral,opus-judgment-r2-20260722,True
/the-presidency/presidential-speeches/december-1-1834-sixth-annual-message-congress,24,France,nation,neutral,judgment-r2-20260720,france,France,nation,neutral,opus-judgment-r2-20260722,True
/the-presidency/presidential-speeches/december-1-1834-sixth-annual-message-congress,25,France,nation,adversarial,judgment-r2-20260720,france,France,nation,adversarial,opus-judgment-r2-20260722,True
/the-presidency/presidential-speeches/december-1-1834-sixth-annual-message-congress,26,France,nation,adversarial,judgment-r2-20260720,france,France,nation,adversarial,opus-judgment-r2-20260722,True
/the-presidency/presidential-speeches/december-1-1834-sixth-annual-message-congress,30,France,nation,neutral,judgment-r2-20260720,france,France,nation,neutral,opus-judgment-r2-20260722,True
/the-presidency/presidential-speeches/december-1-1834-sixth-annual-message-congress,32,France,nation,adversarial,judgment-r2-20260720,france,France,nation,adversarial,opus-judgment-r2-20260722,True
/the-presidency/presidential-speeches/december-1-1834-sixth-annual-message-congress,33,France,nation,neutral,judgment-r2-20260720,france,France,nation,neutral,opus-judgment-r2-20260722,True
/the-presidency/presidential-speeches/december-1-1834-sixth-annual-message-congress,35,France,nation,adversarial,judgment-r2-20260720,france,France,nation,adversarial,opus-judgment-r2-20260722,True
/the-presidency/presidential-speeches/december-1-1834-sixth-annual-message-congress,37,France,nation,adversarial,judgment-r2-20260720,france,France,nation,adversarial,opus-judgment-r2-20260722,True
/the-presidency/presidential-speeches/december-1-1834-sixth-annual-message-congress,38,France,nation,adversarial,judgment-r2-20260720,france,France,nation,adversarial,opus-judgment-r2-20260722,True
/the-presidency/presidential-speeches/december-1-1834-sixth-annual-message-congress,39,France,nation,adversarial,judgment-r2-20260720,france,France,nation,adversarial,opus-judgment-r2-20260722,True
/the-presidency/presidential-speeches/december-1-1834-sixth-annual-message-congress,40,France,nation,adversarial,judgment-r2-20260720,france,France,nation,adversarial,opus-judgment-r2-20260722,True
/the-presidency/presidential-speeches/december-1-1834-sixth-annual-message-congress,41,France,nation,adversarial,judgment-r2-20260720,france,France,nation,adversarial,opus-judgment-r2-20260722,True
/the-presidency/presidential-speeches/december-1-1834-sixth-annual-message-congress,42,France,nation,adversarial,judgment-r2-20260720,france,France,nation,adversarial,opus-judgment-r2-20260722,True
/the-presidency/presidential-speeches/december-1-1834-sixth-annual-message-congress,43,France,nation,adversarial,judgment-r2-20260720,france,France,nation,adversarial,opus-judgment-r2-20260722,True
/the-presidency/presidential-speeches/december-1-1834-sixth-annual-message-congress,44,France,nation,adversarial,judgment-r2-20260720,france,France,nation,adversarial,opus-judgment-r2-20260722,True
/the-presidency/presidential-speeches/december-1-1834-sixth-annual-message-congress,51,Bank of the United States,institution,adversarial,judgment-r2-20260720,bank of the united states,Bank of the United States,institution,adversarial,opus-judgment-r2-20260722,True
/the-presidency/presidential-speeches/december-1-1834-sixth-annual-message-congress,52,Bank of the United States,institution,adversarial,judgment-r2-20260720,bank of the united states,Bank of the United States,institution,adversarial,opus-judgment-r2-20260722,True
/the-presidency/presidential-speeches/december-1-1834-sixth-annual-message-congress,53,Bank of the United States,institution,adversarial,judgment-r2-20260720,bank of the united states,Bank of the United States,institution,adversarial,opus-judgment-r2-20260722,True
/the-presidency/presidential-speeches/december-1-1834-sixth-annual-message-congress,60,Bank of the United States,institution,adversarial,judgment-r2-20260720,bank of the united states,Bank of the United States,institution,adversarial,opus-judgment-r2-20260722,True
/the-presidency/presidential-speeches/december-1-1834-sixth-annual-message-congress,63,Bank of the United States,institution,adversarial,judgment-r2-20260720,bank of the united states,Bank of the United States,institution,adversarial,opus-judgment-r2-20260722,True
/the-presidency/presidential-speeches/december-1-1834-sixth-annual-message-congress,63,State banks,institution,favorable,judgment-r2-20260720,state banks,State banks,institution,favorable,opus-judgment-r2-20260722,True
/the-presidency/presidential-speeches/december-1-1834-sixth-annual-message-congress,65,Bank of the United States,institution,adversarial,judgment-r2-20260720,bank of the united states,Bank of the United States,institution,adversarial,opus-judgment-r2-20260722,True
/the-presidency/presidential-speeches/december-1-1834-sixth-annual-message-congress,68,Colonel Dodge,person,favorable,judgment-r2-20260720,colonel dodge,Colonel Dodge,person,favorable,opus-judgment-r2-20260722,True
/the-presidency/presidential-speeches/december-1-1834-sixth-annual-message-congress,68,General Leavenworth,person,favorable,judgment-r2-20260720,general leavenworth,General Leavenworth,person,favorable,opus-judgment-r2-20260722,True
/the-presidency/presidential-speeches/december-1-1879-third-annual-message,8,citizens of Utah,group,adversarial,judgment-full-20260720,citizens of utah,citizens of Utah,group,adversarial,opus-judgment-20260721,True
/the-presidency/presidential-speeches/december-1-1879-third-annual-message,9,Supreme Court,institution,neutral,judgment-full-20260720,supreme court,Supreme Court,institution,favorable,opus-judgment-20260721,False
/the-presidency/presidential-speeches/december-1-1879-third-annual-message,9,citizens of Utah,group,adversarial,judgment-full-20260720,citizens of utah,citizens of Utah,group,adversarial,opus-judgment-20260721,True
/the-presidency/presidential-speeches/december-1-1879-third-annual-message,36,Great Britain,nation,neutral,judgment-full-20260720,great britain,Great Britain,nation,neutral,opus-judgment-20260721,True
/the-presidency/presidential-speeches/december-1-1879-third-annual-message,37,British Government,nation,neutral,judgment-full-20260720,british government,British Government,institution,neutral,opus-judgment-20260721,True
/the-presidency/presidential-speeches/december-1-1879-third-annual-message,39,France,nation,neutral,judgment-full-20260720,france,France,nation,neutral,opus-judgment-20260721,True
/the-presidency/presidential-speeches/december-1-1879-third-annual-message,40,Spain,nation,neutral,judgment-full-20260720,spain,Spain,nation,neutral,opus-judgment-20260721,True
/the-presidency/presidential-speeches/december-1-1879-third-annual-message,45,China,nation,neutral,judgment-full-20260720,china,China,nation,neutral,opus-judgment-20260721,True
/the-presidency/presidential-speeches/december-1-1879-third-annual-message,45,Japan,nation,neutral,judgment-full-20260720,japan,Japan,nation,neutral,opus-judgment-20260721,True
/the-presidency/presidential-speeches/december-1-1879-third-annual-message,46,China,nation,neutral,judgment-full-20260720,china,China,nation,neutral,opus-judgment-20260721,True
/the-presidency/presidential-speeches/december-1-1879-third-annual-message,46,Japan,nation,neutral,judgment-full-20260720,japan,Japan,nation,neutral,opus-judgment-20260721,True
/the-presidency/presidential-speeches/december-1-1879-third-annual-message,47,Mexico,nation,neutral,judgment-full-20260720,mexico,Mexico,nation,favorable,opus-judgment-20260721,False
/the-presidency/presidential-speeches/december-1-1879-third-annual-message,48,Mexico,nation,favorable,judgment-full-20260720,mexico,Mexico,nation,favorable,opus-judgment-20260721,True
/the-presidency/presidential-speeches/december-1-1879-third-annual-message,49,Colombia,nation,neutral,judgment-full-20260720,colombia,Colombia,nation,favorable,opus-judgment-20260721,False
/the-presidency/presidential-speeches/december-1-1879-third-annual-message,50,Chile,nation,neutral,judgment-full-20260720,chile,Chile,nation,neutral,opus-judgment-20260721,True
/the-presidency/presidential-speeches/december-1-1879-third-annual-message,50,Peru,nation,neutral,judgment-full-20260720,peru,Peru,nation,neutral,opus-judgment-20260721,True
/the-presidency/presidential-speeches/december-1-1879-third-annual-message,51,Brazil,nation,favorable,judgment-full-20260720,brazil,Brazil,nation,favorable,opus-judgment-20260721,True
/the-presidency/presidential-speeches/december-1-1879-third-annual-message,52,Samoa,nation,favorable,judgment-full-20260720,samoa,Samoa,nation,favorable,opus-judgment-20260721,True
/the-presidency/presidential-speeches/december-1-1879-third-annual-message,52,Venezuela,nation,neutral,judgment-full-20260720,venezuela,Venezuela,nation,neutral,opus-judgment-20260721,True
/the-presidency/presidential-speeches/december-1-1879-third-annual-message,62,Apache,group,adversarial,judgment-full-20260720,apache,Apache,group,adversarial,opus-judgment-20260721,True
/the-presidency/presidential-speeches/december-1-1879-third-annual-message,62,Ute,group,adversarial,judgment-full-20260720,ute,Ute,group,adversarial,opus-judgment-20260721,True
/the-presidency/presidential-speeches/december-1-1879-third-annual-message,79,Victoria,person,adversarial,judgment-full-20260720,victoria,Victoria,person,adversarial,opus-judgment-20260721,True
/the-presidency/presidential-speeches/december-10-1832-nullification-proclamation,0,South Carolina,nation,adversarial,judgment-full-20260720,south carolina,South Carolina,nation,adversarial,opus-judgment-20260721,True
/the-presidency/presidential-speeches/december-10-1832-nullification-proclamation,1,South Carolina,nation,adversarial,judgment-full-20260720,south carolina,South Carolina,nation,adversarial,opus-judgment-20260721,True
/the-presidency/presidential-speeches/december-10-1832-nullification-proclamation,4,South Carolina,nation,adversarial,judgment-full-20260720,south carolina,South Carolina,nation,adversarial,opus-judgment-20260721,True
/the-presidency/presidential-speeches/december-10-1832-nullification-proclamation,5,South Carolina,nation,adversarial,judgment-full-20260720,south carolina,South Carolina,nation,adversarial,opus-judgment-20260721,True
/the-presidency/presidential-speeches/december-10-1832-nullification-proclamation,6,South Carolina,nation,adversarial,judgment-full-20260720,south carolina,South Carolina,nation,adversarial,opus-judgment-20260721,True
/the-presidency/presidential-speeches/december-10-1832-nullification-proclamation,10,South Carolina,nation,adversarial,judgment-full-20260720,south carolina,South Carolina,nation,adversarial,opus-judgment-20260721,True
/the-presidency/presidential-speeches/december-10-1832-nullification-proclamation,14,Washington,person,favorable,judgment-full-20260720,washington,Washington,person,favorable,opus-judgment-20260721,True
/the-presidency/presidential-speeches/december-10-1832-nullification-proclamation,17,South Carolina,nation,adversarial,judgment-full-20260720,south carolina,South Carolina,nation,adversarial,opus-judgment-20260721,True
/the-presidency/presidential-speeches/december-10-1832-nullification-proclamation,20,South Carolina,nation,adversarial,judgment-full-20260720,south carolina,South Carolina,nation,adversarial,opus-judgment-20260721,True
/the-presidency/presidential-speeches/december-10-1832-nullification-proclamation,25,South Carolina,nation,adversarial,judgment-full-20260720,south carolina,South Carolina,nation,adversarial,opus-judgment-20260721,True
/the-presidency/presidential-speeches/december-10-1832-nullification-proclamation,39,South Carolina,nation,adversarial,judgment-full-20260720,south carolina,South Carolina,nation,adversarial,opus-judgment-20260721,True
/the-presidency/presidential-speeches/december-10-1832-nullification-proclamation,41,first magistrate of South Carolina,person,adversarial,judgment-full-20260720,first magistrate of south carolina,first magistrate of South Carolina,person,adversarial,opus-judgment-20260721,True
/the-presidency/presidential-speeches/december-10-1832-nullification-proclamation,42,governor of South Carolina,person,adversarial,judgment-full-20260720,governor of south carolina,governor of South Carolina,person,adversarial,opus-judgment-20260721,True
/the-presidency/presidential-speeches/december-10-1832-nullification-proclamation,47,your leaders,group,adversarial,judgment-full-20260720,your leaders,your leaders,group,adversarial,opus-judgment-20260721,True
/the-presidency/presidential-speeches/december-10-1832-nullification-proclamation,52,your leaders,group,adversarial,judgment-full-20260720,your leaders,your leaders,group,adversarial,opus-judgment-20260721,True
/the-presidency/presidential-speeches/december-10-1832-nullification-proclamation,54,Pinckneys,person,favorable,judgment-full-20260720,pinckneys,Pinckneys,group,favorable,opus-judgment-20260721,True
/the-presidency/presidential-speeches/december-10-1832-nullification-proclamation,54,Rutledges,person,favorable,judgment-full-20260720,rutledges,Rutledges,group,favorable,opus-judgment-20260721,True
/the-presidency/presidential-speeches/december-10-1832-nullification-proclamation,59,Andrew Jackson,person,neutral,judgment-full-20260720,andrew jackson,Andrew Jackson,person,favorable,opus-judgment-20260721,False
/the-presidency/presidential-speeches/december-10-1832-nullification-proclamation,59,Edw. Livingston,person,neutral,judgment-full-20260720,edw. livingston,Edw. Livingston,person,neutral,opus-judgment-20260721,True
/the-presidency/presidential-speeches/december-11-1931-statement-regarding-economic-recovery,4,Interstate Commerce Commission,institution,neutral,judgment-full-20260720,interstate commerce commission,Interstate Commerce Commission,institution,neutral,opus-judgment-r2-20260722,True
/the-presidency/presidential-speeches/december-13-1850-announcement-texas-acceptance-compromise,0,Congress,institution,neutral,judgment-full-20260720,congress,Congress,institution,neutral,opus-judgment-20260721,True
/the-presidency/presidential-speeches/december-13-1850-announcement-texas-acceptance-compromise,0,Texas,nation,neutral,judgment-full-20260720,texas,Texas,institution,neutral,opus-judgment-20260721,True
/the-presidency/presidential-speeches/december-13-1850-announcement-texas-acceptance-compromise,2,Congress,institution,favorable,judgment-full-20260720,congress,Congress,institution,favorable,opus-judgment-20260721,True
/the-presidency/presidential-speeches/december-13-1850-announcement-texas-acceptance-compromise,2,Mexico,nation,neutral,judgment-full-20260720,mexico,Mexico,nation,neutral,opus-judgment-20260721,True
/the-presidency/presidential-speeches/december-13-1850-announcement-texas-acceptance-compromise,2,Texas,nation,favorable,judgment-full-20260720,texas,Texas,institution,neutral,opus-judgment-20260721,False
/the-presidency/presidential-speeches/december-17-1895-message-regarding-venezuelan-british-dispute,0,Great Britain,nation,adversarial,judgment-full-20260720,great britain,Great Britain,nation,neutral,opus-judgment-20260721,False
/the-presidency/presidential-speeches/december-17-1895-message-regarding-venezuelan-british-dispute,0,Venezuela,nation,favorable,judgment-full-20260720,venezuela,Venezuela,nation,favorable,opus-judgment-20260721,True
/the-presidency/presidential-speeches/december-17-1895-message-regarding-venezuelan-british-dispute,3,Great Britain,nation,adversarial,judgment-full-20260720,great britain,Great Britain,nation,neutral,opus-judgment-20260721,False
/the-presidency/presidential-speeches/december-17-1895-message-regarding-venezuelan-british-dispute,4,Great Britain,nation,neutral,judgment-full-20260720,great britain,Great Britain,nation,neutral,opus-judgment-20260721,True
/the-presidency/presidential-speeches/december-17-1895-message-regarding-venezuelan-british-dispute,4,President Monroe,person,favorable,judgment-full-20260720,president monroe,President Monroe,person,favorable,opus-judgment-20260721,True
/the-presidency/presidential-speeches/december-17-1895-message-regarding-venezuelan-british-dispute,5,Great Britain,nation,adversarial,judgment-full-20260720,great britain,Great Britain,nation,neutral,opus-judgment-20260721,False
/the-presidency/presidential-speeches/december-17-1895-message-regarding-venezuelan-british-dispute,6,Great Britain,nation,adversarial,judgment-full-20260720,great britain,Great Britain,nation,adversarial,opus-judgment-20260721,True
/the-presidency/presidential-speeches/december-17-1895-message-regarding-venezuelan-british-dispute,7,Great Britain,nation,adversarial,judgment-full-20260720,great britain,Great Britain,nation,neutral,opus-judgment-20260721,False
/the-presidency/presidential-speeches/december-17-1895-message-regarding-venezuelan-british-dispute,7,Venezuela,nation,favorable,judgment-full-20260720,venezuela,Venezuela,nation,favorable,opus-judgment-20260721,True
/the-presidency/presidential-speeches/december-17-1895-message-regarding-venezuelan-british-dispute,8,Congress,institution,neutral,judgment-full-20260720,congress,Congress,institution,neutral,opus-judgment-20260721,True
/the-presidency/presidential-speeches/december-17-1895-message-regarding-venezuelan-british-dispute,8,Great Britain,nation,adversarial,judgment-full-20260720,great britain,Great Britain,nation,adversarial,opus-judgment-20260721,True
/the-presidency/presidential-speeches/december-17-1895-message-regarding-venezuelan-british-dispute,8,Venezuela,nation,favorable,judgment-full-20260720,venezuela,Venezuela,nation,favorable,opus-judgment-20260721,True
/the-presidency/presidential-speeches/december-19-1799-death-george-washington,0,George Washington,person,favorable,judgment-full-20260720,george washington,George Washington,person,favorable,opus-judgment-20260721,True
/the-presidency/presidential-speeches/december-19-1799-death-george-washington,1,George Washington,person,favorable,judgment-full-20260720,george washington,George Washington,person,favorable,opus-judgment-20260721,True
/the-presidency/presidential-speeches/december-19-1799-death-george-washington,1,John Adams,person,neutral,judgment-full-20260720,john adams,John Adams,person,neutral,opus-judgment-20260721,True
/the-presidency/presidential-speeches/december-19-1799-death-george-washington,2,George Washington,person,favorable,judgment-full-20260720,george washington,George Washington,person,favorable,opus-judgment-20260721,True
/the-presidency/presidential-speeches/december-19-1799-death-george-washington,3,George Washington,person,favorable,judgment-full-20260720,george washington,George Washington,person,favorable,opus-judgment-20260721,True
/the-presidency/presidential-speeches/december-19-1799-death-george-washington,5,Washington,person,favorable,judgment-full-20260720,washington,Washington,person,favorable,opus-judgment-20260721,True
/the-presidency/presidential-speeches/december-19-1799-death-george-washington,6,Samuel Livermore,person,neutral,judgment-full-20260720,samuel livermore,Samuel Livermore,person,neutral,opus-judgment-20260721,True
/the-presidency/presidential-speeches/december-19-1799-death-george-washington,9,Washington,person,favorable,judgment-full-20260720,washington,Washington,person,favorable,opus-judgment-20260721,True
/the-presidency/presidential-speeches/december-19-1799-death-george-washington,10,John Adams,person,neutral,judgment-full-20260720,john adams,John Adams,person,neutral,opus-judgment-20260721,True
/the-presidency/presidential-speeches/december-19-1799-death-george-washington,11,John Adams,person,neutral,judgment-full-20260720,john adams,John Adams,person,neutral,opus-judgment-20260721,True
/the-presidency/presidential-speeches/december-19-2005-address-renewal-iraq,2,United Nations Security Council,institution,neutral,judgment-full-20260720,united nations security council,United Nations Security Council,institution,neutral,opus-judgment-20260721,True
/the-presidency/presidential-speeches/december-19-2005-address-renewal-iraq,3,Saddam Hussein,person,adversarial,judgment-full-20260720,saddam hussein,Saddam Hussein,person,adversarial,opus-judgment-20260721,True
/the-presidency/presidential-speeches/december-19-2005-address-renewal-iraq,4,Saddam Hussein,person,adversarial,judgment-full-20260720,saddam hussein,Saddam Hussein,person,adversarial,opus-judgment-20260721,True
/the-presidency/presidential-speeches/december-19-2005-address-renewal-iraq,5,Saddam loyalists,group,adversarial,judgment-full-20260720,saddam loyalists,Saddam loyalists,group,adversarial,opus-judgment-20260721,True
/the-presidency/presidential-speeches/december-19-2005-address-renewal-iraq,6,al Qaeda,group,adversarial,judgment-full-20260720,al qaeda,al Qaeda,group,adversarial,opus-judgment-20260721,True
/the-presidency/presidential-speeches/december-19-2005-address-renewal-iraq,9,the terrorists,group,adversarial,judgment-full-20260720,the terrorists,the terrorists,group,adversarial,opus-judgment-20260721,True
/the-presidency/presidential-speeches/december-19-2005-address-renewal-iraq,14,defeatists,group,adversarial,judgment-full-20260720,defeatists,defeatists,group,adversarial,opus-judgment-20260721,True
/the-presidency/presidential-speeches/december-19-2005-address-renewal-iraq,18,Congress,institution,neutral,judgment-full-20260720,congress,Congress,institution,neutral,opus-judgment-20260721,True
/the-presidency/presidential-speeches/december-19-2008-remarks-plan-assist-automakers,5,Congress,institution,favorable,judgment-full-20260720,congress,Congress,institution,favorable,opus-judgment-r2-20260722,True
/the-presidency/presidential-speeches/december-2-1845-first-annual-message,2,Texas,nation,favorable,judgment-full-20260720,texas,Texas,nation,favorable,opus-judgment-20260721,True
/the-presidency/presidential-speeches/december-2-1845-first-annual-message,3,Texas,nation,favorable,judgment-full-20260720,texas,Texas,nation,favorable,opus-judgment-20260721,True
/the-presidency/presidential-speeches/december-2-1845-first-annual-message,4,Texas,nation,favorable,judgment-full-20260720,texas,Texas,nation,favorable,opus-judgment-20260721,True
/the-presidency/presidential-speeches/december-2-1845-first-annual-message,6,France,nation,adversarial,judgment-full-20260720,france,France,nation,adversarial,opus-judgment-20260721,True
/the-presidency/presidential-speeches/december-2-1845-first-annual-message,7,Texas,nation,favorable,judgment-full-20260720,texas,Texas,nation,favorable,opus-judgment-20260721,True
/the-presidency/presidential-speeches/december-2-1845-first-annual-message,8,Mexico,nation,adversarial,judgment-full-20260720,mexico,Mexico,nation,adversarial,opus-judgment-20260721,True
/the-presidency/presidential-speeches/december-2-1845-first-annual-message,9,Mexico,nation,adversarial,judgment-full-20260720,mexico,Mexico,nation,adversarial,opus-judgment-20260721,True
/the-presidency/presidential-speeches/december-2-1845-first-annual-message,10,Mexico,nation,adversarial,judgment-full-20260720,mexico,Mexico,nation,adversarial,opus-judgment-20260721,True
/the-presidency/presidential-speeches/december-2-1845-first-annual-message,10,Texas,nation,favorable,judgment-full-20260720,texas,Texas,nation,favorable,opus-judgment-20260721,True
/the-presidency/presidential-speeches/december-2-1845-first-annual-message,11,Mexico,nation,adversarial,judgment-full-20260720,mexico,Mexico,nation,neutral,opus-judgment-20260721,False
/the-presidency/presidential-speeches/december-2-1845-first-annual-message,12,Mexico,nation,adversarial,judgment-full-20260720,mexico,Mexico,nation,neutral,opus-judgment-20260721,False
/the-presidency/presidential-speeches/december-2-1845-first-annual-message,12,Texas,nation,favorable,judgment-full-20260720,texas,Texas,nation,favorable,opus-judgment-20260721,True
/the-presidency/presidential-speeches/december-2-1845-first-annual-message,13,Mexico,nation,adversarial,judgment-full-20260720,mexico,Mexico,nation,adversarial,opus-judgment-20260721,True
/the-presidency/presidential-speeches/december-2-1845-first-annual-message,14,Mexico,nation,adversarial,judgment-full-20260720,mexico,Mexico,nation,adversarial,opus-judgment-20260721,True
/the-presidency/presidential-speeches/december-2-1845-first-annual-message,15,Mexico,nation,adversarial,judgment-full-20260720,mexico,Mexico,nation,neutral,opus-judgment-20260721,False
/the-presidency/presidential-speeches/december-2-1845-first-annual-message,16,Mexico,nation,adversarial,judgment-full-20260720,mexico,Mexico,nation,neutral,opus-judgment-20260721,False
/the-presidency/presidential-speeches/december-2-1845-first-annual-message,17,Mexico,nation,adversarial,judgment-full-20260720,mexico,Mexico,nation,neutral,opus-judgment-20260721,False
/the-presidency/presidential-speeches/december-2-1845-first-annual-message,18,Mexico,nation,adversarial,judgment-full-20260720,mexico,Mexico,nation,neutral,opus-judgment-20260721,False
/the-presidency/presidential-speeches/december-2-1845-first-annual-message,19,Mexico,nation,adversarial,judgment-full-20260720,mexico,Mexico,nation,neutral,opus-judgment-20260721,False
/the-presidency/presidential-speeches/december-2-1845-first-annual-message,20,Mexico,nation,adversarial,judgment-full-20260720,mexico,Mexico,nation,neutral,opus-judgment-20260721,False
/the-presidency/presidential-speeches/december-2-1845-first-annual-message,21,Mexico,nation,neutral,judgment-full-20260720,mexico,Mexico,nation,neutral,opus-judgment-20260721,True
/the-presidency/presidential-speeches/december-2-1845-first-annual-message,22,Mexico,nation,neutral,judgment-full-20260720,mexico,Mexico,nation,neutral,opus-judgment-20260721,True
/the-presidency/presidential-speeches/december-2-1845-first-annual-message,23,Mexico,nation,neutral,judgment-full-20260720,mexico,Mexico,nation,neutral,opus-judgment-20260721,True
/the-presidency/presidential-speeches/december-2-1845-first-annual-message,24,Mexico,nation,neutral,judgment-full-20260720,mexico,Mexico,nation,neutral,opus-judgment-20260721,True
/the-presidency/presidential-speeches/december-2-1845-first-annual-message,25,Great Britain,nation,neutral,judgment-full-20260720,great britain,Great Britain,nation,neutral,opus-judgment-20260721,True
/the-presidency/presidential-speeches/december-2-1845-first-annual-message,26,Great Britain,nation,neutral,judgment-full-20260720,great britain,Great Britain,nation,neutral,opus-judgment-20260721,True
/the-presidency/presidential-speeches/december-2-1845-first-annual-message,27,Great Britain,nation,neutral,judgment-full-20260720,great britain,Great Britain,nation,neutral,opus-judgment-20260721,True
/the-presidency/presidential-speeches/december-2-1845-first-annual-message,28,Great Britain,nation,neutral,judgment-full-20260720,great britain,Great Britain,nation,neutral,opus-judgment-20260721,True
/the-presidency/presidential-speeches/december-2-1845-first-annual-message,29,Great Britain,nation,adversarial,judgment-full-20260720,great britain,Great Britain,nation,neutral,opus-judgment-20260721,False
/the-presidency/presidential-speeches/december-2-1845-first-annual-message,30,Great Britain,nation,adversarial,judgment-full-20260720,great britain,Great Britain,nation,adversarial,opus-judgment-20260721,True
/the-presidency/presidential-speeches/december-2-1845-first-annual-message,31,Great Britain,nation,adversarial,judgment-full-20260720,great britain,Great Britain,nation,neutral,opus-judgment-20260721,False
/the-presidency/presidential-speeches/december-2-1845-first-annual-message,32,Great Britain,nation,adversarial,judgment-full-20260720,great britain,Great Britain,nation,adversarial,opus-judgment-20260721,True
/the-presidency/presidential-speeches/december-2-1845-first-annual-message,35,Great Britain,nation,neutral,judgment-full-20260720,great britain,Great Britain,nation,neutral,opus-judgment-20260721,True
/the-presidency/presidential-speeches/december-2-1845-first-annual-message,36,Great Britain,nation,adversarial,judgment-full-20260720,great britain,Great Britain,nation,neutral,opus-judgment-20260721,False
/the-presidency/presidential-speeches/december-2-1845-first-annual-message,36,Hudsons Bay Company,institution,adversarial,judgment-full-20260720,hudsons bay company,Hudsons Bay Company,institution,neutral,opus-judgment-20260721,False
/the-presidency/presidential-speeches/december-2-1845-first-annual-message,42,Great Britain,nation,adversarial,judgment-full-20260720,great britain,Great Britain,nation,adversarial,opus-judgment-20260721,True
/the-presidency/presidential-speeches/december-2-1845-first-annual-message,46,Mr. Monroe,person,favorable,judgment-full-20260720,mr. monroe,Mr. Monroe,person,favorable,opus-judgment-20260721,True
/the-presidency/presidential-speeches/december-2-1845-first-annual-message,47,Prussia,nation,neutral,judgment-full-20260720,prussia,Prussia,nation,neutral,opus-judgment-20260721,True
/the-presidency/presidential-speeches/december-2-1845-first-annual-message,48,Prussia,nation,neutral,judgment-full-20260720,prussia,Prussia,nation,neutral,opus-judgment-20260721,True
/the-presidency/presidential-speeches/december-2-1845-first-annual-message,48,Spain,nation,neutral,judgment-full-20260720,spain,Spain,nation,neutral,opus-judgment-20260721,True
/the-presidency/presidential-speeches/december-2-1845-first-annual-message,49,Spain,nation,neutral,judgment-full-20260720,spain,Spain,nation,neutral,opus-judgment-20260721,True
/the-presidency/presidential-speeches/december-2-1845-first-annual-message,50,Spain,nation,favorable,judgment-full-20260720,spain,Spain,nation,favorable,opus-judgment-20260721,True
/the-presidency/presidential-speeches/december-2-1845-first-annual-message,51,Netherlands,nation,neutral,judgment-full-20260720,netherlands,Netherlands,nation,neutral,opus-judgment-20260721,True
/the-presidency/presidential-speeches/december-2-1845-first-annual-message,52,Netherlands,nation,neutral,judgment-full-20260720,netherlands,Netherlands,nation,favorable,opus-judgment-20260721,False
/the-presidency/presidential-speeches/december-2-1845-first-annual-message,53,France,nation,neutral,judgment-full-20260720,france,France,nation,neutral,opus-judgment-20260721,True
/the-presidency/presidential-speeches/december-2-1845-first-annual-message,53,Portugal,nation,neutral,judgment-full-20260720,portugal,Portugal,nation,neutral,opus-judgment-20260721,True
/the-presidency/presidential-speeches/december-2-1845-first-annual-message,54,Texas,nation,favorable,judgment-full-20260720,texas,Texas,nation,favorable,opus-judgment-20260721,True
/the-presidency/presidential-speeches/december-2-1845-first-annual-message,55,China,nation,neutral,judgment-full-20260720,china,China,nation,neutral,opus-judgment-20260721,True
/the-presidency/presidential-speeches/december-2-1845-first-annual-message,57,Great Britain,nation,adversarial,judgment-full-20260720,great britain,Great Britain,nation,neutral,opus-judgment-20260721,False
/the-presidency/presidential-speeches/december-2-1845-first-annual-message,57,Mexico,nation,adversarial,judgment-full-20260720,mexico,Mexico,nation,neutral,opus-judgment-20260721,False
/the-presidency/presidential-speeches/december-2-1845-first-annual-message,75,Bank of the United States,institution,adversarial,judgment-full-20260720,bank of the united states,Bank of the United States,institution,adversarial,opus-judgment-20260721,True
/the-presidency/presidential-speeches/december-2-1845-first-annual-message,75,State banks,institution,adversarial,judgment-full-20260720,state banks,State banks,institution,adversarial,opus-judgment-20260721,True
/the-presidency/presidential-speeches/december-2-1845-first-annual-message,89,Mexico,nation,adversarial,judgment-full-20260720,mexico,Mexico,nation,adversarial,opus-judgment-20260721,True
/the-presidency/presidential-speeches/december-2-1845-first-annual-message,92,Cherokees,group,neutral,judgment-full-20260720,cherokees,Cherokees,group,neutral,opus-judgment-20260721,True
/the-presidency/presidential-speeches/december-2-1845-first-annual-message,104,Mr. Madison,person,favorable,judgment-full-20260720,mr. madison,Mr. Madison,person,favorable,opus-judgment-20260721,True
/the-presidency/presidential-speeches/december-2-1845-first-annual-message,107,Andrew Jackson,person,favorable,judgment-full-20260720,andrew jackson,Andrew Jackson,person,favorable,opus-judgment-20260721,True
/the-presidency/presidential-speeches/december-2-1845-first-annual-message,108,Andrew Jackson,person,favorable,judgment-full-20260720,andrew jackson,Andrew Jackson,person,favorable,opus-judgment-20260721,True
/the-presidency/presidential-speeches/december-2-1895-third-annual-message-second-term,2,Argentine Republic,nation,favorable,judgment-full-20260720,argentine republic,Argentine Republic,nation,favorable,opus-judgment-20260721,True
/the-presidency/presidential-speeches/december-2-1895-third-annual-message-second-term,3,Argentine Republic,nation,neutral,judgment-full-20260720,argentine republic,Argentine Republic,nation,neutral,opus-judgment-20260721,True
/the-presidency/presidential-speeches/december-2-1895-third-annual-message-second-term,3,Brazil,nation,favorable,judgment-full-20260720,brazil,Brazil,nation,neutral,opus-judgment-20260721,False
/the-presidency/presidential-speeches/december-2-1895-third-annual-message-second-term,4,Chile,nation,favorable,judgment-full-20260720,chile,Chile,nation,favorable,opus-judgment-20260721,True
/the-presidency/presidential-speeches/december-2-1895-third-annual-message-second-term,5,China,nation,adversarial,judgment-full-20260720,china,China,nation,neutral,opus-judgment-20260721,False
/the-presidency/presidential-speeches/december-2-1895-third-annual-message-second-term,5,Japan,nation,neutral,judgment-full-20260720,japan,Japan,nation,neutral,opus-judgment-20260721,True
/the-presidency/presidential-speeches/december-2-1895-third-annual-message-second-term,6,China,nation,adversarial,judgment-full-20260720,china,China,nation,neutral,opus-judgment-20260721,False
/the-presidency/presidential-speeches/december-2-1895-third-annual-message-second-term,7,China,nation,neutral,judgment-full-20260720,china,China,nation,neutral,opus-judgment-20260721,True
/the-presidency/presidential-speeches/december-2-1895-third-annual-message-second-term,8,China,nation,favorable,judgment-full-20260720,china,China,nation,favorable,opus-judgment-20260721,True
/the-presidency/presidential-speeches/december-2-1895-third-annual-message-second-term,8,Japan,nation,favorable,judgment-full-20260720,japan,Japan,nation,neutral,opus-judgment-20260721,False
/the-presidency/presidential-speeches/december-2-1895-third-annual-message-second-term,9,China,nation,favorable,judgment-full-20260720,china,China,nation,favorable,opus-judgment-20260721,True
/the-presidency/presidential-speeches/december-2-1895-third-annual-message-second-term,9,France,nation,neutral,judgment-full-20260720,france,France,nation,neutral,opus-judgment-20260721,True
/the-presidency/presidential-speeches/december-2-1895-third-annual-message-second-term,9,Japan,nation,favorable,judgment-full-20260720,japan,Japan,nation,favorable,opus-judgment-20260721,True
/the-presidency/presidential-speeches/december-2-1895-third-annual-message-second-term,9,John L. Waller,person,neutral,judgment-full-20260720,john l. waller,John L. Waller,person,neutral,opus-judgment-20260721,True
/the-presidency/presidential-speeches/december-2-1895-third-annual-message-second-term,10,France,nation,adversarial,judgment-full-20260720,france,France,nation,neutral,opus-judgment-20260721,False
/the-presidency/presidential-speeches/december-2-1895-third-annual-message-second-term,11,France,nation,favorable,judgment-full-20260720,france,France,nation,favorable,opus-judgment-20260721,True
/the-presidency/presidential-speeches/december-2-1895-third-annual-message-second-term,12,German Empire,nation,adversarial,judgment-full-20260720,german empire,German Empire,nation,neutral,opus-judgment-20260721,False
/the-presidency/presidential-speeches/december-2-1895-third-annual-message-second-term,13,Germany,nation,adversarial,judgment-full-20260720,germany,Germany,nation,adversarial,opus-judgment-20260721,True
/the-presidency/presidential-speeches/december-2-1895-third-annual-message-second-term,14,Prussia,nation,adversarial,judgment-full-20260720,prussia,Prussia,nation,adversarial,opus-judgment-20260721,True
/the-presidency/presidential-speeches/december-2-1895-third-annual-message-second-term,17,Germany,nation,neutral,judgment-full-20260720,germany,Germany,nation,favorable,opus-judgment-20260721,False
/the-presidency/presidential-speeches/december-2-1895-third-annual-message-second-term,18,Great Britain,nation,adversarial,judgment-full-20260720,great britain,Great Britain,nation,adversarial,opus-judgment-20260721,True
/the-presidency/presidential-speeches/december-2-1895-third-annual-message-second-term,20,Great Britain,nation,neutral,judgment-full-20260720,great britain,Great Britain,nation,neutral,opus-judgment-20260721,True
/the-presidency/presidential-speeches/december-2-1895-third-annual-message-second-term,21,Great Britain,nation,neutral,judgment-full-20260720,great britain,Great Britain,nation,neutral,opus-judgment-20260721,True
/the-presidency/presidential-speeches/december-2-1895-third-annual-message-second-term,22,Great Britain,nation,neutral,judgment-full-20260720,great britain,Great Britain,nation,neutral,opus-judgment-20260721,True
/the-presidency/presidential-speeches/december-2-1895-third-annual-message-second-term,23,Great Britain,nation,neutral,judgment-full-20260720,great britain,Great Britain,nation,neutral,opus-judgment-20260721,True
/the-presidency/presidential-speeches/december-2-1895-third-annual-message-second-term,24,Great Britain,nation,neutral,judgment-full-20260720,great britain,Great Britain,nation,neutral,opus-judgment-20260721,True
/the-presidency/presidential-speeches/december-2-1895-third-annual-message-second-term,25,Canada,nation,neutral,judgment-full-20260720,canada,Canada,nation,neutral,opus-judgment-20260721,True
/the-presidency/presidential-speeches/december-2-1895-third-annual-message-second-term,26,Great Britain,nation,adversarial,judgment-full-20260720,great britain,Great Britain,nation,adversarial,opus-judgment-20260721,True
/the-presidency/presidential-speeches/december-2-1895-third-annual-message-second-term,26,Venezuela,nation,favorable,judgment-full-20260720,venezuela,Venezuela,nation,favorable,opus-judgment-20260721,True
/the-presidency/presidential-speeches/december-2-1895-third-annual-message-second-term,28,Hawaii,nation,adversarial,judgment-full-20260720,hawaii,Hawaii,nation,neutral,opus-judgment-20260721,False
/the-presidency/presidential-speeches/december-2-1895-third-annual-message-second-term,31,Japan,nation,favorable,judgment-full-20260720,japan,Japan,nation,favorable,opus-judgment-20260721,True
/the-presidency/presidential-speeches/december-2-1895-third-annual-message-second-term,32,Guatemala,nation,neutral,judgment-full-20260720,guatemala,Guatemala,nation,neutral,opus-judgment-20260721,True
/the-presidency/presidential-speeches/december-2-1895-third-annual-message-second-term,32,Mexico,nation,neutral,judgment-full-20260720,mexico,Mexico,nation,neutral,opus-judgment-20260721,True
/the-presidency/presidential-speeches/december-2-1895-third-annual-message-second-term,34,Nicaragua,nation,neutral,judgment-full-20260720,nicaragua,Nicaragua,nation,neutral,opus-judgment-20260721,True
/the-presidency/presidential-speeches/december-2-1895-third-annual-message-second-term,35,Great Britain,nation,adversarial,judgment-full-20260720,great britain,Great Britain,nation,neutral,opus-judgment-20260721,False
/the-presidency/presidential-speeches/december-2-1895-third-annual-message-second-term,35,Nicaragua,nation,adversarial,judgment-full-20260720,nicaragua,Nicaragua,nation,adversarial,opus-judgment-20260721,True
/the-presidency/presidential-speeches/december-2-1895-third-annual-message-second-term,36,Great Britain,nation,neutral,judgment-full-20260720,great britain,Great Britain,nation,neutral,opus-judgment-20260721,True
/the-presidency/presidential-speeches/december-2-1895-third-annual-message-second-term,36,Nicaragua,nation,favorable,judgment-full-20260720,nicaragua,Nicaragua,nation,favorable,opus-judgment-20260721,True
/the-presidency/presidential-speeches/december-2-1895-third-annual-message-second-term,37,Russia,nation,adversarial,judgment-full-20260720,russia,Russia,nation,adversarial,opus-judgment-20260721,True
/the-presidency/presidential-speeches/december-2-1895-third-annual-message-second-term,38,Russia,nation,favorable,judgment-full-20260720,russia,Russia,nation,favorable,opus-judgment-20260721,True
/the-presidency/presidential-speeches/december-2-1895-third-annual-message-second-term,39,England,nation,neutral,judgment-full-20260720,england,England,nation,neutral,opus-judgment-20260721,True
/the-presidency/presidential-speeches/december-2-1895-third-annual-message-second-term,39,Germany,nation,neutral,judgment-full-20260720,germany,Germany,nation,neutral,opus-judgment-20260721,True
/the-presidency/presidential-speeches/december-2-1895-third-annual-message-second-term,40,Cuba,nation,neutral,judgment-full-20260720,cuba,Cuba,nation,neutral,opus-judgment-20260721,True
/the-presidency/presidential-speeches/december-2-1895-third-annual-message-second-term,40,Spain,nation,adversarial,judgment-full-20260720,spain,Spain,nation,neutral,opus-judgment-20260721,False
/the-presidency/presidential-speeches/december-2-1895-third-annual-message-second-term,42,Spain,nation,adversarial,judgment-full-20260720,spain,Spain,nation,adversarial,opus-judgment-20260721,True
/the-presidency/presidential-speeches/december-2-1895-third-annual-message-second-term,44,Spain,nation,neutral,judgment-full-20260720,spain,Spain,nation,neutral,opus-judgment-20260721,True
/the-presidency/presidential-speeches/december-2-1895-third-annual-message-second-term,45,Turkey,nation,adversarial,judgment-full-20260720,turkey,Turkey,nation,adversarial,opus-judgment-20260721,True
/the-presidency/presidential-speeches/december-2-1895-third-annual-message-second-term,46,Turkish Government,nation,adversarial,judgment-full-20260720,turkish government,Turkish Government,institution,adversarial,opus-judgment-20260721,True
/the-presidency/presidential-speeches/december-2-1895-third-annual-message-second-term,47,Ottoman Government,nation,neutral,judgment-full-20260720,ottoman government,Ottoman Government,institution,favorable,opus-judgment-20260721,False
/the-presidency/presidential-speeches/december-2-1895-third-annual-message-second-term,48,Sultan,person,neutral,judgment-full-20260720,sultan,Sultan,person,favorable,opus-judgment-20260721,False
/the-presidency/presidential-speeches/december-2-1895-third-annual-message-second-term,49,Turkey,nation,adversarial,judgment-full-20260720,turkey,Turkey,nation,adversarial,opus-judgment-20260721,True
/the-presidency/presidential-speeches/december-2-1895-third-annual-message-second-term,50,Venezuela,nation,favorable,judgment-full-20260720,venezuela,Venezuela,nation,neutral,opus-judgment-20260721,False
/the-presidency/presidential-speeches/december-2-1895-third-annual-message-second-term,51,Belgium,nation,neutral,judgment-full-20260720,belgium,Belgium,nation,neutral,opus-judgment-20260721,True
/the-presidency/presidential-speeches/december-2-1895-third-annual-message-second-term,51,France,nation,neutral,judgment-full-20260720,france,France,nation,neutral,opus-judgment-20260721,True
/the-presidency/presidential-speeches/december-2-1895-third-annual-message-second-term,51,Venezuela,nation,neutral,judgment-full-20260720,venezuela,Venezuela,nation,neutral,opus-judgment-20260721,True
/the-presidency/presidential-speeches/december-2-1930-second-state-union-address,17,Red Cross,institution,favorable,pilot-v2-20260720,red cross,Red Cross,institution,favorable,opus-judgment-20260721,True
/the-presidency/presidential-speeches/december-2-1930-second-state-union-address,18,Red Cross,institution,favorable,pilot-v2-20260720,red cross,Red Cross,institution,favorable,opus-judgment-20260721,True
/the-presidency/presidential-speeches/december-29-1846-request-increase-size-army,0,Mexico,nation,adversarial,judgment-r2-20260720,mexico,Mexico,nation,adversarial,opus-judgment-r2-20260722,True
/the-presidency/presidential-speeches/december-29-1846-request-increase-size-army,0,Secretary of War,institution,neutral,judgment-r2-20260720,secretary of war,Secretary of War,person,favorable,opus-judgment-r2-20260722,False
/the-presidency/presidential-speeches/december-29-1846-request-increase-size-army,2,Secretary of War,institution,neutral,judgment-r2-20260720,secretary of war,Secretary of War,person,favorable,opus-judgment-r2-20260722,False
/the-presidency/presidential-speeches/december-3-1793-fifth-annual-message-congress,2,France,nation,neutral,judgment-full-20260720,france,France,nation,neutral,opus-judgment-20260721,True
/the-presidency/presidential-speeches/december-3-1793-fifth-annual-message-congress,7,Indians north of the Ohio,group,adversarial,judgment-full-20260720,indians north of the ohio,Indians north of the Ohio,group,adversarial,opus-judgment-20260721,True
/the-presidency/presidential-speeches/december-3-1793-fifth-annual-message-congress,8,Cherokees,group,neutral,judgment-full-20260720,cherokees,Cherokees,group,neutral,opus-judgment-20260721,True
/the-presidency/presidential-speeches/december-3-1793-fifth-annual-message-congress,8,Creeks,group,neutral,judgment-full-20260720,creeks,Creeks,group,neutral,opus-judgment-20260721,True
/the-presidency/presidential-speeches/december-3-1793-fifth-annual-message-congress,10,Bank of the United States,institution,neutral,judgment-full-20260720,bank of the united states,Bank of the United States,institution,neutral,opus-judgment-20260721,True
/the-presidency/presidential-speeches/december-3-1805-fifth-annual-message,4,private armed vessels,group,adversarial,judgment-full-20260720,private armed vessels,private armed vessels,group,adversarial,opus-judgment-20260721,True
/the-presidency/presidential-speeches/december-3-1805-fifth-annual-message,6,Spain,nation,adversarial,judgment-full-20260720,spain,Spain,nation,adversarial,opus-judgment-20260721,True
/the-presidency/presidential-speeches/december-3-1805-fifth-annual-message,7,Spain,nation,adversarial,judgment-full-20260720,spain,Spain,nation,adversarial,opus-judgment-20260721,True
/the-presidency/presidential-speeches/december-3-1805-fifth-annual-message,11,Eaton,person,favorable,judgment-full-20260720,eaton,Eaton,person,favorable,opus-judgment-20260721,True
/the-presidency/presidential-speeches/december-3-1805-fifth-annual-message,11,Tripoli,nation,adversarial,judgment-full-20260720,tripoli,Tripoli,nation,adversarial,opus-judgment-20260721,True
/the-presidency/presidential-speeches/december-3-1805-fifth-annual-message,13,Tunis,nation,neutral,judgment-full-20260720,tunis,Tunis,nation,neutral,opus-judgment-20260721,True
/the-presidency/presidential-speeches/december-3-1805-fifth-annual-message,16,Cherokees,group,neutral,judgment-full-20260720,cherokees,Cherokees,group,neutral,opus-judgment-20260721,True
/the-presidency/presidential-speeches/december-3-1805-fifth-annual-message,16,Chickasaws,group,neutral,judgment-full-20260720,chickasaws,Chickasaws,group,neutral,opus-judgment-20260721,True
/the-presidency/presidential-speeches/december-3-1805-fifth-annual-message,16,Creeks,group,neutral,judgment-full-20260720,creeks,Creeks,group,neutral,opus-judgment-20260721,True
/the-presidency/presidential-speeches/december-3-1805-fifth-annual-message,17,Georgia,other,neutral,judgment-full-20260720,georgia,Georgia,institution,neutral,opus-judgment-20260721,True
/the-presidency/presidential-speeches/december-3-1816-eighth-annual-message,2,Great Britain,nation,adversarial,judgment-full-20260720,great britain,Great Britain,nation,neutral,opus-judgment-20260721,False
/the-presidency/presidential-speeches/december-3-1816-eighth-annual-message,3,British cabinet,institution,adversarial,judgment-full-20260720,british cabinet,British cabinet,institution,neutral,opus-judgment-20260721,False
/the-presidency/presidential-speeches/december-3-1816-eighth-annual-message,4,Spanish Government,nation,adversarial,judgment-full-20260720,spanish government,Spanish Government,institution,adversarial,opus-judgment-20260721,True
/the-presidency/presidential-speeches/december-3-1816-eighth-annual-message,17,Bank of the United States,institution,favorable,judgment-full-20260720,bank of the united states,Bank of the United States,institution,favorable,opus-judgment-20260721,True
/the-presidency/presidential-speeches/december-3-1822-sixth-annual-message,1,France,nation,neutral,judgment-full-20260720,france,France,nation,neutral,opus-judgment-20260721,True
/the-presidency/presidential-speeches/december-3-1822-sixth-annual-message,2,Great Britain,nation,neutral,judgment-full-20260720,great britain,Great Britain,nation,neutral,opus-judgment-20260721,True
/the-presidency/presidential-speeches/december-3-1822-sixth-annual-message,5,France,nation,neutral,judgment-full-20260720,france,France,nation,neutral,opus-judgment-20260721,True
/the-presidency/presidential-speeches/december-3-1822-sixth-annual-message,5,Great Britain,nation,neutral,judgment-full-20260720,great britain,Great Britain,nation,neutral,opus-judgment-20260721,True
/the-presidency/presidential-speeches/december-3-1822-sixth-annual-message,6,Emperor of Russia,person,favorable,judgment-full-20260720,emperor of russia,Emperor of Russia,person,favorable,opus-judgment-20260721,True
/the-presidency/presidential-speeches/december-3-1822-sixth-annual-message,6,Great Britain,nation,neutral,judgment-full-20260720,great britain,Great Britain,nation,neutral,opus-judgment-20260721,True
/the-presidency/presidential-speeches/december-3-1822-sixth-annual-message,7,Spain,nation,neutral,judgment-full-20260720,spain,Spain,nation,neutral,opus-judgment-20260721,True
/the-presidency/presidential-speeches/december-3-1822-sixth-annual-message,15,pirates,group,adversarial,judgment-full-20260720,pirates,pirates,group,adversarial,opus-judgment-20260721,True
/the-presidency/presidential-speeches/december-3-1822-sixth-annual-message,16,pirates,group,adversarial,judgment-full-20260720,pirates,pirates,group,adversarial,opus-judgment-20260721,True
/the-presidency/presidential-speeches/december-3-1822-sixth-annual-message,30,Spain,nation,neutral,judgment-full-20260720,spain,Spain,nation,neutral,opus-judgment-20260721,True
/the-presidency/presidential-speeches/december-3-1822-sixth-annual-message,31,pirates,group,adversarial,judgment-full-20260720,pirates,pirates,group,adversarial,opus-judgment-20260721,True
/the-presidency/presidential-speeches/december-3-1822-sixth-annual-message,32,Greece,nation,favorable,judgment-full-20260720,greece,Greece,nation,favorable,opus-judgment-20260721,True
/the-presidency/presidential-speeches/december-3-1822-sixth-annual-message,32,Russia,nation,neutral,judgment-full-20260720,russia,Russia,nation,neutral,opus-judgment-20260721,True
/the-presidency/presidential-speeches/december-3-1822-sixth-annual-message,32,Turkey,nation,neutral,judgment-full-20260720,turkey,Turkey,nation,adversarial,opus-judgment-20260721,False
/the-presidency/presidential-speeches/december-3-1822-sixth-annual-message,33,Portugal,nation,neutral,judgment-full-20260720,portugal,Portugal,nation,neutral,opus-judgment-20260721,True
/the-presidency/presidential-speeches/december-3-1822-sixth-annual-message,33,Spain,nation,neutral,judgment-full-20260720,spain,Spain,nation,neutral,opus-judgment-20260721,True
/the-presidency/presidential-speeches/december-3-1822-sixth-annual-message,37,Spain,nation,neutral,judgment-full-20260720,spain,Spain,nation,neutral,opus-judgment-20260721,True
/the-presidency/presidential-speeches/december-3-1833-fifth-annual-message-congress,4,France,nation,neutral,judgment-full-20260720,france,France,nation,neutral,opus-judgment-20260721,True
/the-presidency/presidential-speeches/december-3-1833-fifth-annual-message-congress,6,Bank of the United States,institution,neutral,judgment-full-20260720,bank of the united states,Bank of the United States,institution,neutral,opus-judgment-20260721,True
/the-presidency/presidential-speeches/december-3-1833-fifth-annual-message-congress,6,France,nation,adversarial,judgment-full-20260720,france,France,nation,neutral,opus-judgment-20260721,False
/the-presidency/presidential-speeches/december-3-1833-fifth-annual-message-congress,7,France,nation,neutral,judgment-full-20260720,france,France,nation,neutral,opus-judgment-20260721,True
/the-presidency/presidential-speeches/december-3-1833-fifth-annual-message-congress,8,France,nation,adversarial,judgment-full-20260720,france,France,nation,neutral,opus-judgment-20260721,False
/the-presidency/presidential-speeches/december-3-1833-fifth-annual-message-congress,9,France,nation,neutral,judgment-full-20260720,france,France,nation,neutral,opus-judgment-20260721,True
/the-presidency/presidential-speeches/december-3-1833-fifth-annual-message-congress,10,Russia,nation,favorable,judgment-full-20260720,russia,Russia,nation,favorable,opus-judgment-20260721,True
/the-presidency/presidential-speeches/december-3-1833-fifth-annual-message-congress,11,Spain,nation,favorable,judgment-full-20260720,spain,Spain,nation,favorable,opus-judgment-20260721,True
/the-presidency/presidential-speeches/december-3-1833-fifth-annual-message-congress,12,Spain,nation,neutral,judgment-full-20260720,spain,Spain,nation,neutral,opus-judgment-20260721,True
/the-presidency/presidential-speeches/december-3-1833-fifth-annual-message-congress,14,Spain,nation,adversarial,judgment-full-20260720,spain,Spain,nation,neutral,opus-judgment-20260721,False
/the-presidency/presidential-speeches/december-3-1833-fifth-annual-message-congress,15,Spain,nation,adversarial,judgment-full-20260720,spain,Spain,nation,neutral,opus-judgment-20260721,False
/the-presidency/presidential-speeches/december-3-1833-fifth-annual-message-congress,16,Spain,nation,neutral,judgment-full-20260720,spain,Spain,nation,neutral,opus-judgment-20260721,True
/the-presidency/presidential-speeches/december-3-1833-fifth-annual-message-congress,17,Portugal,nation,neutral,judgment-full-20260720,portugal,Portugal,nation,neutral,opus-judgment-20260721,True
/the-presidency/presidential-speeches/december-3-1833-fifth-annual-message-congress,18,Denmark,nation,favorable,judgment-full-20260720,denmark,Denmark,nation,favorable,opus-judgment-20260721,True
/the-presidency/presidential-speeches/december-3-1833-fifth-annual-message-congress,19,Denmark,nation,favorable,judgment-full-20260720,denmark,Denmark,nation,favorable,opus-judgment-20260721,True
/the-presidency/presidential-speeches/december-3-1833-fifth-annual-message-congress,21,Belgium,nation,favorable,judgment-full-20260720,belgium,Belgium,nation,favorable,opus-judgment-20260721,True
/the-presidency/presidential-speeches/december-3-1833-fifth-annual-message-congress,27,Brazil,nation,favorable,judgment-full-20260720,brazil,Brazil,nation,favorable,opus-judgment-20260721,True
/the-presidency/presidential-speeches/december-3-1833-fifth-annual-message-congress,28,Mexico,nation,neutral,judgment-full-20260720,mexico,Mexico,nation,neutral,opus-judgment-20260721,True
/the-presidency/presidential-speeches/december-3-1833-fifth-annual-message-congress,42,Bank of the United States,institution,adversarial,judgment-full-20260720,bank of the united states,Bank of the United States,institution,adversarial,opus-judgment-20260721,True
/the-presidency/presidential-speeches/december-3-1833-fifth-annual-message-congress,43,Bank of the United States,institution,adversarial,judgment-full-20260720,bank of the united states,Bank of the United States,institution,adversarial,opus-judgment-20260721,True
/the-presidency/presidential-speeches/december-3-1833-fifth-annual-message-congress,44,Bank of the United States,institution,adversarial,judgment-full-20260720,bank of the united states,Bank of the United States,institution,adversarial,opus-judgment-20260721,True
/the-presidency/presidential-speeches/december-3-1833-fifth-annual-message-congress,47,Bank of the United States,institution,adversarial,judgment-full-20260720,bank of the united states,Bank of the United States,institution,adversarial,opus-judgment-20260721,True
/the-presidency/presidential-speeches/december-3-1833-fifth-annual-message-congress,48,House of Representatives,institution,neutral,judgment-full-20260720,house of representatives,House of Representatives,institution,neutral,opus-judgment-20260721,True
/the-presidency/presidential-speeches/december-3-1833-fifth-annual-message-congress,49,House of Representatives,institution,neutral,judgment-full-20260720,house of representatives,House of Representatives,institution,neutral,opus-judgment-20260721,True
/the-presidency/presidential-speeches/december-3-1889-first-annual-message,6,China,nation,neutral,judgment-full-20260720,china,China,nation,neutral,opus-judgment-r2-20260722,True
/the-presidency/presidential-speeches/december-3-1889-first-annual-message,7,China,nation,neutral,judgment-full-20260720,china,China,nation,favorable,opus-judgment-r2-20260722,False
/the-presidency/presidential-speeches/december-3-1889-first-annual-message,7,Germany,nation,neutral,judgment-full-20260720,germany,Germany,nation,neutral,opus-judgment-r2-20260722,True
/the-presidency/presidential-speeches/december-3-1889-first-annual-message,7,Great Britain,nation,neutral,judgment-full-20260720,great britain,Great Britain,nation,neutral,opus-judgment-r2-20260722,True
/the-presidency/presidential-speeches/december-3-1889-first-annual-message,9,Great Britain,nation,neutral,judgment-full-20260720,great britain,Great Britain,nation,neutral,opus-judgment-r2-20260722,True
/the-presidency/presidential-speeches/december-3-1889-first-annual-message,10,Great Britain,nation,neutral,judgment-full-20260720,great britain,Great Britain,nation,neutral,opus-judgment-r2-20260722,True
/the-presidency/presidential-speeches/december-3-1889-first-annual-message,11,Spain,nation,neutral,judgment-full-20260720,spain,Spain,nation,neutral,opus-judgment-r2-20260722,True
/the-presidency/presidential-speeches/december-3-1889-first-annual-message,12,Peru,nation,neutral,judgment-full-20260720,peru,Peru,nation,neutral,opus-judgment-r2-20260722,True
/the-presidency/presidential-speeches/december-3-1889-first-annual-message,13,Portugal,nation,adversarial,judgment-full-20260720,portugal,Portugal,nation,adversarial,opus-judgment-r2-20260722,True
/the-presidency/presidential-speeches/december-3-1889-first-annual-message,14,Costa Rica,nation,neutral,judgment-full-20260720,costa rica,Costa Rica,nation,neutral,opus-judgment-r2-20260722,True
/the-presidency/presidential-speeches/december-3-1889-first-annual-message,14,Nicaragua,nation,neutral,judgment-full-20260720,nicaragua,Nicaragua,nation,neutral,opus-judgment-r2-20260722,True
/the-presidency/presidential-speeches/december-3-1889-first-annual-message,15,Belgium,nation,favorable,judgment-full-20260720,belgium,Belgium,nation,neutral,opus-judgment-r2-20260722,False
/the-presidency/presidential-speeches/december-3-1889-first-annual-message,15,France,nation,favorable,judgment-full-20260720,france,France,nation,favorable,opus-judgment-r2-20260722,True
/the-presidency/presidential-speeches/december-3-1889-first-annual-message,16,Germany,nation,favorable,judgment-full-20260720,germany,Germany,nation,favorable,opus-judgment-r2-20260722,True
/the-presidency/presidential-speeches/december-3-1889-first-annual-message,16,Haiti,nation,neutral,judgment-full-20260720,haiti,Haiti,nation,neutral,opus-judgment-r2-20260722,True
/the-presidency/presidential-speeches/december-3-1889-first-annual-message,17,Great Britain,nation,neutral,judgment-full-20260720,great britain,Great Britain,nation,neutral,opus-judgment-r2-20260722,True
/the-presidency/presidential-speeches/december-3-1889-first-annual-message,17,Venezuela,nation,neutral,judgment-full-20260720,venezuela,Venezuela,nation,neutral,opus-judgment-r2-20260722,True
/the-presidency/presidential-speeches/december-3-1889-first-annual-message,18,Japan,nation,favorable,judgment-full-20260720,japan,Japan,nation,favorable,opus-judgment-r2-20260722,True
/the-presidency/presidential-speeches/december-3-1889-first-annual-message,18,Korea,nation,neutral,judgment-full-20260720,korea,Korea,nation,neutral,opus-judgment-r2-20260722,True
/the-presidency/presidential-speeches/december-3-1889-first-annual-message,19,Persia,nation,favorable,judgment-full-20260720,persia,Persia,nation,favorable,opus-judgment-r2-20260722,True
/the-presidency/presidential-speeches/december-3-1889-first-annual-message,19,Turkey,nation,neutral,judgment-full-20260720,turkey,Turkey,nation,neutral,opus-judgment-r2-20260722,True
/the-presidency/presidential-speeches/december-3-1889-first-annual-message,21,Brazil,nation,neutral,judgment-full-20260720,brazil,Brazil,nation,favorable,opus-judgment-r2-20260722,False
/the-presidency/presidential-speeches/december-3-1889-first-annual-message,22,Brazil,nation,neutral,judgment-full-20260720,brazil,Brazil,nation,favorable,opus-judgment-r2-20260722,False
/the-presidency/presidential-speeches/december-3-1889-first-annual-message,42,David S. Terry,person,adversarial,judgment-full-20260720,david s. terry,David S. Terry,person,adversarial,opus-judgment-r2-20260722,True
/the-presidency/presidential-speeches/december-3-1889-first-annual-message,42,Justice Field,person,favorable,judgment-full-20260720,justice field,Justice Field,person,favorable,opus-judgment-r2-20260722,True
/the-presidency/presidential-speeches/december-3-1889-first-annual-message,47,trusts,group,adversarial,judgment-full-20260720,trusts,trusts,group,adversarial,opus-judgment-r2-20260722,True
/the-presidency/presidential-speeches/december-3-1889-first-annual-message,62,Cherokee Nation,group,neutral,judgment-full-20260720,cherokee nation,Cherokee Nation,group,neutral,opus-judgment-r2-20260722,True
/the-presidency/presidential-speeches/december-3-1889-first-annual-message,62,cattle syndicate,group,adversarial,judgment-full-20260720,cattle syndicate,cattle syndicate,group,adversarial,opus-judgment-r2-20260722,True
/the-presidency/presidential-speeches/december-3-1889-first-annual-message,103,England,nation,neutral,judgment-full-20260720,england,England,nation,neutral,opus-judgment-r2-20260722,True
/the-presidency/presidential-speeches/december-3-1889-first-annual-message,103,France,nation,neutral,judgment-full-20260720,france,France,nation,neutral,opus-judgment-r2-20260722,True
/the-presidency/presidential-speeches/december-3-1889-first-annual-message,103,Germany,nation,neutral,judgment-full-20260720,germany,Germany,nation,neutral,opus-judgment-r2-20260722,True
/the-presidency/presidential-speeches/december-3-1889-first-annual-message,106,England,nation,neutral,judgment-full-20260720,england,England,nation,neutral,opus-judgment-r2-20260722,True
/the-presidency/presidential-speeches/december-3-1901-first-annual-message,0,President McKinley,person,favorable,judgment-full-20260720,president mckinley,President McKinley,person,favorable,opus-judgment-20260721,True
/the-presidency/presidential-speeches/december-3-1901-first-annual-message,0,anarchist,group,adversarial,judgment-full-20260720,anarchist,anarchist,group,adversarial,opus-judgment-20260721,True
/the-presidency/presidential-speeches/december-3-1901-first-annual-message,1,President McKinley,person,favorable,judgment-full-20260720,president mckinley,President McKinley,person,favorable,opus-judgment-20260721,True
/the-presidency/presidential-speeches/december-3-1901-first-annual-message,2,President McKinley,person,favorable,judgment-full-20260720,president mckinley,President McKinley,person,favorable,opus-judgment-20260721,True
/the-presidency/presidential-speeches/december-3-1901-first-annual-message,3,President McKinley,person,favorable,judgment-full-20260720,president mckinley,President McKinley,person,favorable,opus-judgment-20260721,True
/the-presidency/presidential-speeches/december-3-1901-first-annual-message,4,the assassin,person,adversarial,judgment-full-20260720,the assassin,the assassin,person,adversarial,opus-judgment-20260721,True
/the-presidency/presidential-speeches/december-3-1901-first-annual-message,5,President McKinley,person,favorable,judgment-full-20260720,president mckinley,President McKinley,person,favorable,opus-judgment-20260721,True
/the-presidency/presidential-speeches/december-3-1901-first-annual-message,6,anarchists,group,adversarial,judgment-full-20260720,anarchists,anarchists,group,adversarial,opus-judgment-20260721,True
/the-presidency/presidential-speeches/december-3-1901-first-annual-message,8,the anarchist,group,adversarial,judgment-full-20260720,the anarchist,the anarchist,group,adversarial,opus-judgment-20260721,True
/the-presidency/presidential-speeches/december-3-1901-first-annual-message,9,the anarchist,group,adversarial,judgment-full-20260720,the anarchist,the anarchist,group,adversarial,opus-judgment-20260721,True
/the-presidency/presidential-speeches/december-3-1901-first-annual-message,10,anarchists,group,adversarial,judgment-full-20260720,anarchists,anarchists,group,adversarial,opus-judgment-20260721,True
/the-presidency/presidential-speeches/december-3-1901-first-annual-message,13,anarchists,group,adversarial,judgment-full-20260720,anarchists,anarchists,group,adversarial,opus-judgment-20260721,True
/the-presidency/presidential-speeches/december-3-1901-first-annual-message,70,Cuba,nation,favorable,judgment-full-20260720,cuba,Cuba,nation,favorable,opus-judgment-20260721,True
/the-presidency/presidential-speeches/december-3-1901-first-annual-message,73,Governor Taft,person,favorable,judgment-full-20260720,governor taft,Governor Taft,person,favorable,opus-judgment-20260721,True
/the-presidency/presidential-speeches/december-3-1901-first-annual-message,77,Macabebes,group,favorable,judgment-full-20260720,macabebes,Macabebes,group,favorable,opus-judgment-20260721,True
/the-presidency/presidential-speeches/december-3-1901-first-annual-message,82,Great Britain,nation,favorable,judgment-full-20260720,great britain,Great Britain,nation,favorable,opus-judgment-20260721,True
/the-presidency/presidential-speeches/december-3-1901-first-annual-message,92,Spain,nation,adversarial,judgment-full-20260720,spain,Spain,nation,adversarial,opus-judgment-20260721,True
/the-presidency/presidential-speeches/december-3-1901-first-annual-message,135,China,nation,neutral,judgment-full-20260720,china,China,nation,neutral,opus-judgment-20260721,True
/the-presidency/presidential-speeches/december-3-1901-first-annual-message,135,William Woodville Rockhill,person,favorable,judgment-full-20260720,william woodville rockhill,William Woodville Rockhill,person,favorable,opus-judgment-20260721,True
/the-presidency/presidential-speeches/december-3-1901-first-annual-message,136,China,nation,neutral,judgment-full-20260720,china,China,nation,neutral,opus-judgment-20260721,True
/the-presidency/presidential-speeches/december-3-1901-first-annual-message,137,China,nation,neutral,judgment-full-20260720,china,China,nation,neutral,opus-judgment-20260721,True
/the-presidency/presidential-speeches/december-3-1901-first-annual-message,138,China,nation,neutral,judgment-full-20260720,china,China,nation,neutral,opus-judgment-20260721,True
/the-presidency/presidential-speeches/december-3-1901-first-annual-message,139,China,nation,neutral,judgment-full-20260720,china,China,nation,neutral,opus-judgment-20260721,True
/the-presidency/presidential-speeches/december-3-1901-first-annual-message,140,Mexico,nation,favorable,judgment-full-20260720,mexico,Mexico,nation,favorable,opus-judgment-20260721,True
/the-presidency/presidential-speeches/december-3-1901-first-annual-message,141,Mexico,nation,favorable,judgment-full-20260720,mexico,Mexico,nation,favorable,opus-judgment-20260721,True
/the-presidency/presidential-speeches/december-3-1901-first-annual-message,142,Germany,nation,favorable,judgment-full-20260720,germany,Germany,nation,favorable,opus-judgment-20260721,True
/the-presidency/presidential-speeches/december-3-1901-first-annual-message,142,Queen Victoria,person,favorable,judgment-full-20260720,queen victoria,Queen Victoria,person,favorable,opus-judgment-20260721,True
/the-presidency/presidential-speeches/december-30-1806-address-wolf-and-people-mandan-nation,0,Mandan Nation,group,favorable,judgment-full-20260720,mandan nation,Mandan Nation,group,favorable,opus-judgment-20260721,True
/the-presidency/presidential-speeches/december-30-1806-address-wolf-and-people-mandan-nation,2,Captain Lewis,person,favorable,judgment-full-20260720,captain lewis,Captain Lewis,person,favorable,opus-judgment-20260721,True
/the-presidency/presidential-speeches/december-30-1806-address-wolf-and-people-mandan-nation,2,Spain,nation,neutral,judgment-full-20260720,spain,Spain,nation,neutral,opus-judgment-20260721,True
/the-presidency/presidential-speeches/december-30-1806-address-wolf-and-people-mandan-nation,10,Secretary at War,institution,neutral,judgment-full-20260720,secretary at war,Secretary at War,person,favorable,opus-judgment-20260721,False
/the-presidency/presidential-speeches/december-30-1854-expansion-august-4-veto-message,2,John Quincy Adams,person,neutral,judgment-full-20260720,john quincy adams,John Quincy Adams,person,neutral,opus-judgment-r2-20260722,True
/the-presidency/presidential-speeches/december-30-1854-expansion-august-4-veto-message,4,Jefferson,person,neutral,judgment-full-20260720,jefferson,Jefferson,person,neutral,opus-judgment-r2-20260722,True
/the-presidency/presidential-speeches/december-30-1854-expansion-august-4-veto-message,9,J. Q. Adams,person,neutral,judgment-full-20260720,j. q. adams,J. Q. Adams,person,neutral,opus-judgment-r2-20260722,True
/the-presidency/presidential-speeches/december-30-1854-expansion-august-4-veto-message,18,Washington,person,neutral,judgment-full-20260720,washington,Washington,person,favorable,opus-judgment-r2-20260722,False
/the-presidency/presidential-speeches/december-30-1854-expansion-august-4-veto-message,25,Jackson,person,neutral,judgment-full-20260720,jackson,Jackson,person,neutral,opus-judgment-r2-20260722,True
/the-presidency/presidential-speeches/december-30-1854-expansion-august-4-veto-message,26,Jefferson,person,neutral,judgment-full-20260720,jefferson,Jefferson,person,neutral,opus-judgment-r2-20260722,True
/the-presidency/presidential-speeches/december-30-1854-expansion-august-4-veto-message,26,Madison,person,neutral,judgment-full-20260720,madison,Madison,person,neutral,opus-judgment-r2-20260722,True
/the-presidency/presidential-speeches/december-30-1854-expansion-august-4-veto-message,26,Monroe,person,neutral,judgment-full-20260720,monroe,Monroe,person,neutral,opus-judgment-r2-20260722,True
/the-presidency/presidential-speeches/december-30-1854-expansion-august-4-veto-message,28,Jackson,person,neutral,judgment-full-20260720,jackson,Jackson,person,neutral,opus-judgment-r2-20260722,True
/the-presidency/presidential-speeches/december-30-1854-expansion-august-4-veto-message,28,Polk,person,neutral,judgment-full-20260720,polk,Polk,person,neutral,opus-judgment-r2-20260722,True
/the-presidency/presidential-speeches/december-30-1854-expansion-august-4-veto-message,38,Jackson,person,favorable,judgment-full-20260720,jackson,Jackson,person,favorable,opus-judgment-r2-20260722,True
/the-presidency/presidential-speeches/december-31-1855-third-annual-message,1,Great Britain,nation,neutral,judgment-full-20260720,great britain,Great Britain,nation,neutral,opus-judgment-20260721,True
/the-presidency/presidential-speeches/december-31-1855-third-annual-message,2,Great Britain,nation,neutral,judgment-full-20260720,great britain,Great Britain,nation,neutral,opus-judgment-20260721,True
/the-presidency/presidential-speeches/december-31-1855-third-annual-message,3,Great Britain,nation,neutral,judgment-full-20260720,great britain,Great Britain,nation,neutral,opus-judgment-20260721,True
/the-presidency/presidential-speeches/december-31-1855-third-annual-message,4,Great Britain,nation,adversarial,judgment-full-20260720,great britain,Great Britain,nation,adversarial,opus-judgment-20260721,True
/the-presidency/presidential-speeches/december-31-1855-third-annual-message,5,Great Britain,nation,adversarial,judgment-full-20260720,great britain,Great Britain,nation,neutral,opus-judgment-20260721,False
/the-presidency/presidential-speeches/december-31-1855-third-annual-message,6,Great Britain,nation,adversarial,judgment-full-20260720,great britain,Great Britain,nation,adversarial,opus-judgment-20260721,True
/the-presidency/presidential-speeches/december-31-1855-third-annual-message,7,Great Britain,nation,adversarial,judgment-full-20260720,great britain,Great Britain,nation,adversarial,opus-judgment-20260721,True
/the-presidency/presidential-speeches/december-31-1855-third-annual-message,7,Spain,nation,neutral,judgment-full-20260720,spain,Spain,nation,neutral,opus-judgment-20260721,True
/the-presidency/presidential-speeches/december-31-1855-third-annual-message,8,Great Britain,nation,adversarial,judgment-full-20260720,great britain,Great Britain,nation,adversarial,opus-judgment-20260721,True
/the-presidency/presidential-speeches/december-31-1855-third-annual-message,9,Great Britain,nation,adversarial,judgment-full-20260720,great britain,Great Britain,nation,adversarial,opus-judgment-20260721,True
/the-presidency/presidential-speeches/december-31-1855-third-annual-message,10,Great Britain,nation,adversarial,judgment-full-20260720,great britain,Great Britain,nation,adversarial,opus-judgment-20260721,True
/the-presidency/presidential-speeches/december-31-1855-third-annual-message,11,Great Britain,nation,adversarial,judgment-full-20260720,great britain,Great Britain,nation,neutral,opus-judgment-20260721,False
/the-presidency/presidential-speeches/december-31-1855-third-annual-message,12,Great Britain,nation,adversarial,judgment-full-20260720,great britain,Great Britain,nation,adversarial,opus-judgment-20260721,True
/the-presidency/presidential-speeches/december-31-1855-third-annual-message,13,Great Britain,nation,neutral,judgment-full-20260720,great britain,Great Britain,nation,neutral,opus-judgment-20260721,True
/the-presidency/presidential-speeches/december-31-1855-third-annual-message,14,Great Britain,nation,neutral,judgment-full-20260720,great britain,Great Britain,nation,neutral,opus-judgment-20260721,True
/the-presidency/presidential-speeches/december-31-1855-third-annual-message,15,Great Britain,nation,neutral,judgment-full-20260720,great britain,Great Britain,nation,neutral,opus-judgment-20260721,True
/the-presidency/presidential-speeches/december-31-1855-third-annual-message,16,Great Britain,nation,neutral,judgment-full-20260720,great britain,Great Britain,nation,neutral,opus-judgment-20260721,True
/the-presidency/presidential-speeches/december-31-1855-third-annual-message,16,Russia,nation,neutral,judgment-full-20260720,russia,Russia,nation,neutral,opus-judgment-20260721,True
/the-presidency/presidential-speeches/december-31-1855-third-annual-message,18,France,nation,neutral,judgment-full-20260720,france,France,nation,neutral,opus-judgment-20260721,True
/the-presidency/presidential-speeches/december-31-1855-third-annual-message,18,Great Britain,nation,neutral,judgment-full-20260720,great britain,Great Britain,nation,neutral,opus-judgment-20260721,True
/the-presidency/presidential-speeches/december-31-1855-third-annual-message,18,Russia,nation,neutral,judgment-full-20260720,russia,Russia,nation,neutral,opus-judgment-20260721,True
/the-presidency/presidential-speeches/december-31-1855-third-annual-message,22,Great Britain,nation,adversarial,judgment-full-20260720,great britain,Great Britain,nation,adversarial,opus-judgment-20260721,True
/the-presidency/presidential-speeches/december-31-1855-third-annual-message,23,Great Britain,nation,adversarial,judgment-full-20260720,great britain,Great Britain,nation,adversarial,opus-judgment-20260721,True
/the-presidency/presidential-speeches/december-31-1855-third-annual-message,26,Great Britain,nation,adversarial,judgment-full-20260720,great britain,Great Britain,nation,adversarial,opus-judgment-20260721,True
/the-presidency/presidential-speeches/december-31-1855-third-annual-message,27,Great Britain,nation,neutral,judgment-full-20260720,great britain,Great Britain,nation,neutral,opus-judgment-20260721,True
/the-presidency/presidential-speeches/december-31-1855-third-annual-message,28,Hudsons Bay Company,institution,neutral,judgment-full-20260720,hudsons bay company,Hudsons Bay Company,institution,neutral,opus-judgment-20260721,True
/the-presidency/presidential-speeches/december-31-1855-third-annual-message,29,Newfoundland,other,neutral,judgment-full-20260720,newfoundland,Newfoundland,other,neutral,opus-judgment-20260721,True
/the-presidency/presidential-speeches/december-31-1855-third-annual-message,30,Denmark,nation,neutral,judgment-full-20260720,denmark,Denmark,nation,neutral,opus-judgment-20260721,True
/the-presidency/presidential-speeches/december-31-1855-third-annual-message,31,Denmark,nation,adversarial,judgment-full-20260720,denmark,Denmark,nation,neutral,opus-judgment-20260721,False
/the-presidency/presidential-speeches/december-31-1855-third-annual-message,32,Denmark,nation,adversarial,judgment-full-20260720,denmark,Denmark,nation,adversarial,opus-judgment-20260721,True
/the-presidency/presidential-speeches/december-31-1855-third-annual-message,33,Barbary States,nation,adversarial,judgment-full-20260720,barbary states,Barbary States,nation,adversarial,opus-judgment-20260721,True
/the-presidency/presidential-speeches/december-31-1855-third-annual-message,34,Denmark,nation,adversarial,judgment-full-20260720,denmark,Denmark,nation,adversarial,opus-judgment-20260721,True
/the-presidency/presidential-speeches/december-31-1855-third-annual-message,35,Denmark,nation,adversarial,judgment-full-20260720,denmark,Denmark,nation,neutral,opus-judgment-20260721,False
/the-presidency/presidential-speeches/december-31-1855-third-annual-message,36,Denmark,nation,adversarial,judgment-full-20260720,denmark,Denmark,nation,neutral,opus-judgment-20260721,False
/the-presidency/presidential-speeches/december-31-1855-third-annual-message,37,Denmark,nation,neutral,judgment-full-20260720,denmark,Denmark,nation,neutral,opus-judgment-20260721,True
/the-presidency/presidential-speeches/december-31-1855-third-annual-message,38,Denmark,nation,neutral,judgment-full-20260720,denmark,Denmark,nation,neutral,opus-judgment-20260721,True
/the-presidency/presidential-speeches/december-31-1855-third-annual-message,39,France,nation,favorable,judgment-full-20260720,france,France,nation,favorable,opus-judgment-20260721,True
/the-presidency/presidential-speeches/december-31-1855-third-annual-message,39,Greece,nation,neutral,judgment-full-20260720,greece,Greece,nation,neutral,opus-judgment-20260721,True
/the-presidency/presidential-speeches/december-31-1855-third-annual-message,40,Spain,nation,neutral,judgment-full-20260720,spain,Spain,nation,neutral,opus-judgment-20260721,True
/the-presidency/presidential-speeches/december-31-1855-third-annual-message,41,Spain,nation,neutral,judgment-full-20260720,spain,Spain,nation,neutral,opus-judgment-20260721,True
/the-presidency/presidential-speeches/december-31-1855-third-annual-message,42,Spain,nation,neutral,judgment-full-20260720,spain,Spain,nation,neutral,opus-judgment-20260721,True
/the-presidency/presidential-speeches/december-31-1855-third-annual-message,44,Nicaragua,nation,neutral,judgment-full-20260720,nicaragua,Nicaragua,nation,neutral,opus-judgment-20260721,True
/the-presidency/presidential-speeches/december-31-1855-third-annual-message,45,Hawaiian Kingdom,nation,neutral,judgment-full-20260720,hawaiian kingdom,Hawaiian Kingdom,nation,neutral,opus-judgment-20260721,True
/the-presidency/presidential-speeches/december-31-1855-third-annual-message,45,Nicaragua,nation,neutral,judgment-full-20260720,nicaragua,Nicaragua,nation,neutral,opus-judgment-20260721,True
/the-presidency/presidential-speeches/december-31-1855-third-annual-message,60,Indians,group,adversarial,judgment-full-20260720,indians,Indians,group,adversarial,opus-judgment-20260721,True
/the-presidency/presidential-speeches/december-31-1855-third-annual-message,75,Northern States,group,adversarial,judgment-full-20260720,northern states,Northern States,group,adversarial,opus-judgment-20260721,True
/the-presidency/presidential-speeches/december-31-1855-third-annual-message,76,political agitators,group,adversarial,judgment-full-20260720,political agitators,political agitators,group,adversarial,opus-judgment-20260721,True
/the-presidency/presidential-speeches/december-31-1855-third-annual-message,77,Virginia,other,favorable,judgment-full-20260720,virginia,Virginia,other,favorable,opus-judgment-20260721,True
/the-presidency/presidential-speeches/december-31-1855-third-annual-message,80,Great Britain,nation,neutral,judgment-full-20260720,great britain,Great Britain,nation,neutral,opus-judgment-20260721,True
/the-presidency/presidential-speeches/december-31-1855-third-annual-message,80,Spain,nation,neutral,judgment-full-20260720,spain,Spain,nation,neutral,opus-judgment-20260721,True
/the-presidency/presidential-speeches/december-31-1855-third-annual-message,82,Northern States,group,adversarial,judgment-full-20260720,northern states,Northern States,group,adversarial,opus-judgment-20260721,True
/the-presidency/presidential-speeches/december-31-1855-third-annual-message,84,Texas,other,favorable,judgment-full-20260720,texas,Texas,other,favorable,opus-judgment-20260721,True
/the-presidency/presidential-speeches/december-31-1855-third-annual-message,86,some Representatives,group,adversarial,judgment-full-20260720,some representatives,some Representatives,group,adversarial,opus-judgment-20260721,True
/the-presidency/presidential-speeches/december-31-1855-third-annual-message,93,enemies of the Constitution,group,adversarial,judgment-full-20260720,enemies of the constitution,enemies of the Constitution,group,adversarial,opus-judgment-20260721,True
/the-presidency/presidential-speeches/december-31-1855-third-annual-message,94,sectional agitators,group,adversarial,judgment-full-20260720,sectional agitators,sectional agitators,group,adversarial,opus-judgment-20260721,True
/the-presidency/presidential-speeches/december-4-1917-fifth-annual-message,1,Germany,nation,adversarial,judgment-full-20260720,germany,Germany,nation,adversarial,opus-judgment-20260721,True
/the-presidency/presidential-speeches/december-4-1917-fifth-annual-message,6,Russia,nation,neutral,judgment-full-20260720,russia,Russia,nation,neutral,opus-judgment-20260721,True
/the-presidency/presidential-speeches/december-4-1917-fifth-annual-message,6,masters of German intrigue,group,adversarial,judgment-full-20260720,masters of german intrigue,masters of German intrigue,group,adversarial,opus-judgment-20260721,True
/the-presidency/presidential-speeches/december-4-1917-fifth-annual-message,8,Austria-Hungary,nation,adversarial,judgment-full-20260720,austria-hungary,Austria-Hungary,nation,neutral,opus-judgment-20260721,False
/the-presidency/presidential-speeches/december-4-1917-fifth-annual-message,8,Belgium,nation,favorable,judgment-full-20260720,belgium,Belgium,nation,favorable,opus-judgment-20260721,True
/the-presidency/presidential-speeches/december-4-1917-fifth-annual-message,9,Belgium,nation,favorable,judgment-full-20260720,belgium,Belgium,nation,favorable,opus-judgment-20260721,True
/the-presidency/presidential-speeches/december-4-1917-fifth-annual-message,9,Germany,nation,adversarial,judgment-full-20260720,germany,Germany,nation,adversarial,opus-judgment-20260721,True
/the-presidency/presidential-speeches/december-4-1917-fifth-annual-message,10,Austria-Hungary,nation,neutral,judgment-full-20260720,austria-hungary,Austria-Hungary,nation,neutral,opus-judgment-20260721,True
/the-presidency/presidential-speeches/december-4-1917-fifth-annual-message,11,German Empire,nation,neutral,judgment-full-20260720,german empire,German Empire,nation,neutral,opus-judgment-20260721,True
/the-presidency/presidential-speeches/december-4-1917-fifth-annual-message,12,German people,nation,neutral,judgment-full-20260720,german people,German people,group,neutral,opus-judgment-20260721,True
/the-presidency/presidential-speeches/december-4-1917-fifth-annual-message,15,German rulers,group,adversarial,judgment-full-20260720,german rulers,German rulers,group,adversarial,opus-judgment-20260721,True
/the-presidency/presidential-speeches/december-4-1917-fifth-annual-message,17,Austria,nation,neutral,judgment-full-20260720,austria,Austria,nation,neutral,opus-judgment-20260721,True
/the-presidency/presidential-speeches/december-4-1917-fifth-annual-message,17,Poland,nation,neutral,judgment-full-20260720,poland,Poland,nation,favorable,opus-judgment-20260721,False
/the-presidency/presidential-speeches/december-4-1917-fifth-annual-message,17,Serbia,nation,neutral,judgment-full-20260720,serbia,Serbia,nation,favorable,opus-judgment-20260721,False
/the-presidency/presidential-speeches/december-4-1917-fifth-annual-message,19,Austria-Hungary,nation,adversarial,judgment-full-20260720,austria-hungary,Austria-Hungary,nation,adversarial,opus-judgment-20260721,True
/the-presidency/presidential-speeches/december-4-1917-fifth-annual-message,20,Austria-Hungary,nation,adversarial,judgment-full-20260720,austria-hungary,Austria-Hungary,nation,adversarial,opus-judgment-20260721,True
/the-presidency/presidential-speeches/december-4-1917-fifth-annual-message,21,Bulgaria,nation,adversarial,judgment-full-20260720,bulgaria,Bulgaria,nation,adversarial,opus-judgment-20260721,True
/the-presidency/presidential-speeches/december-4-1917-fifth-annual-message,21,Germany,nation,adversarial,judgment-full-20260720,germany,Germany,nation,adversarial,opus-judgment-20260721,True
/the-presidency/presidential-speeches/december-4-1917-fifth-annual-message,21,Turkey,nation,adversarial,judgment-full-20260720,turkey,Turkey,nation,adversarial,opus-judgment-20260721,True
/the-presidency/presidential-speeches/december-4-1917-fifth-annual-message,28,Central Powers,nation,adversarial,judgment-full-20260720,central powers,Central Powers,nation,adversarial,opus-judgment-20260721,True
/the-presidency/presidential-speeches/december-5-1837-first-annual-message-congress,3,Great Britain,nation,neutral,judgment-r2-20260720,great britain,Great Britain,nation,neutral,opus-judgment-20260721,True
/the-presidency/presidential-speeches/december-5-1837-first-annual-message-congress,5,Great Britain,nation,neutral,judgment-r2-20260720,great britain,Great Britain,nation,favorable,opus-judgment-r2-20260722,False
/the-presidency/presidential-speeches/december-5-1837-first-annual-message-congress,6,Maine,other,neutral,judgment-r2-20260720,maine,Maine,institution,neutral,opus-judgment-r2-20260722,True
/the-presidency/presidential-speeches/december-5-1837-first-annual-message-congress,7,France,nation,favorable,judgment-r2-20260720,france,France,nation,favorable,opus-judgment-r2-20260722,True
/the-presidency/presidential-speeches/december-5-1837-first-annual-message-congress,8,Russia,nation,favorable,judgment-r2-20260720,russia,Russia,nation,favorable,opus-judgment-r2-20260722,True
/the-presidency/presidential-speeches/december-5-1837-first-annual-message-congress,9,Austria,nation,favorable,judgment-r2-20260720,austria,Austria,nation,favorable,opus-judgment-r2-20260722,True
/the-presidency/presidential-speeches/december-5-1837-first-annual-message-congress,9,Prussia,nation,favorable,judgment-r2-20260720,prussia,Prussia,nation,favorable,opus-judgment-r2-20260722,True
/the-presidency/presidential-speeches/december-5-1837-first-annual-message-congress,10,Spain,nation,neutral,judgment-r2-20260720,spain,Spain,nation,neutral,opus-judgment-r2-20260722,True
/the-presidency/presidential-speeches/december-5-1837-first-annual-message-congress,11,Portugal,nation,adversarial,judgment-r2-20260720,portugal,Portugal,nation,neutral,opus-judgment-r2-20260722,False
/the-presidency/presidential-speeches/december-5-1837-first-annual-message-congress,14,Sultan of Muscat,person,favorable,judgment-r2-20260720,sultan of muscat,Sultan of Muscat,person,favorable,opus-judgment-r2-20260722,True
/the-presidency/presidential-speeches/december-5-1837-first-annual-message-congress,15,Spain,nation,neutral,judgment-r2-20260720,spain,Spain,nation,neutral,opus-judgment-r2-20260722,True
/the-presidency/presidential-speeches/december-5-1837-first-annual-message-congress,17,Mexico,nation,adversarial,judgment-r2-20260720,mexico,Mexico,nation,adversarial,opus-judgment-r2-20260722,True
/the-presidency/presidential-speeches/december-5-1837-first-annual-message-congress,64,General Washington,person,favorable,judgment-r2-20260720,general washington,General Washington,person,favorable,opus-judgment-r2-20260722,True
/the-presidency/presidential-speeches/december-5-1837-first-annual-message-congress,67,Mr. Jefferson,person,favorable,judgment-r2-20260720,mr. jefferson,Mr. Jefferson,person,favorable,opus-judgment-r2-20260722,True
/the-presidency/presidential-speeches/december-5-1837-first-annual-message-congress,68,Cherokees,group,neutral,judgment-r2-20260720,cherokees,Cherokees,group,favorable,opus-judgment-r2-20260722,False
/the-presidency/presidential-speeches/december-5-1837-first-annual-message-congress,68,Choctaws,group,neutral,judgment-r2-20260720,choctaws,Choctaws,group,favorable,opus-judgment-r2-20260722,False
/the-presidency/presidential-speeches/december-5-1837-first-annual-message-congress,73,Commodore Dallas,person,favorable,judgment-r2-20260720,commodore dallas,Commodore Dallas,person,favorable,opus-judgment-r2-20260722,True
/the-presidency/presidential-speeches/december-5-1870-second-annual-message,2,France,nation,neutral,judgment-full-20260720,france,France,nation,neutral,opus-judgment-20260721,True
/the-presidency/presidential-speeches/december-5-1870-second-annual-message,2,North Germany,nation,neutral,judgment-full-20260720,north germany,North Germany,nation,neutral,opus-judgment-20260721,True
/the-presidency/presidential-speeches/december-5-1870-second-annual-message,3,France,nation,favorable,judgment-full-20260720,france,France,nation,favorable,opus-judgment-20260721,True
/the-presidency/presidential-speeches/december-5-1870-second-annual-message,4,North Germany,nation,neutral,judgment-full-20260720,north germany,North Germany,nation,neutral,opus-judgment-20260721,True
/the-presidency/presidential-speeches/december-5-1870-second-annual-message,6,Spain,nation,adversarial,judgment-full-20260720,spain,Spain,nation,adversarial,opus-judgment-20260721,True
/the-presidency/presidential-speeches/december-5-1870-second-annual-message,7,Spain,nation,adversarial,judgment-full-20260720,spain,Spain,nation,adversarial,opus-judgment-20260721,True
/the-presidency/presidential-speeches/december-5-1870-second-annual-message,8,Spain,nation,neutral,judgment-full-20260720,spain,Spain,nation,neutral,opus-judgment-20260721,True
/the-presidency/presidential-speeches/december-5-1870-second-annual-message,9,Brazil,nation,neutral,judgment-full-20260720,brazil,Brazil,nation,favorable,opus-judgment-20260721,False
/the-presidency/presidential-speeches/december-5-1870-second-annual-message,9,Sir Edward Thornton,person,favorable,judgment-full-20260720,sir edward thornton,Sir Edward Thornton,person,favorable,opus-judgment-20260721,True
/the-presidency/presidential-speeches/december-5-1870-second-annual-message,9,Spain,nation,neutral,judgment-full-20260720,spain,Spain,nation,neutral,opus-judgment-20260721,True
/the-presidency/presidential-speeches/december-5-1870-second-annual-message,11,Chile,nation,neutral,judgment-full-20260720,chile,Chile,nation,neutral,opus-judgment-20260721,True
/the-presidency/presidential-speeches/december-5-1870-second-annual-message,11,Peru,nation,neutral,judgment-full-20260720,peru,Peru,nation,neutral,opus-judgment-20260721,True
/the-presidency/presidential-speeches/december-5-1870-second-annual-message,11,Spain,nation,neutral,judgment-full-20260720,spain,Spain,nation,neutral,opus-judgment-20260721,True
/the-presidency/presidential-speeches/december-5-1870-second-annual-message,13,San Domingo,nation,favorable,judgment-full-20260720,san domingo,San Domingo,nation,favorable,opus-judgment-20260721,True
/the-presidency/presidential-speeches/december-5-1870-second-annual-message,19,Mexico,nation,adversarial,judgment-full-20260720,mexico,Mexico,nation,adversarial,opus-judgment-20260721,True
/the-presidency/presidential-speeches/december-5-1870-second-annual-message,20,Venezuela,nation,neutral,judgment-full-20260720,venezuela,Venezuela,nation,neutral,opus-judgment-20260721,True
/the-presidency/presidential-speeches/december-5-1870-second-annual-message,21,China,nation,neutral,judgment-full-20260720,china,China,nation,neutral,opus-judgment-20260721,True
/the-presidency/presidential-speeches/december-5-1870-second-annual-message,21,France,nation,neutral,judgment-full-20260720,france,France,nation,neutral,opus-judgment-20260721,True
/the-presidency/presidential-speeches/december-5-1870-second-annual-message,21,North Germany,nation,neutral,judgment-full-20260720,north germany,North Germany,nation,neutral,opus-judgment-20260721,True
/the-presidency/presidential-speeches/december-5-1870-second-annual-message,22,Great Britain,nation,neutral,judgment-full-20260720,great britain,Great Britain,nation,favorable,opus-judgment-20260721,False
/the-presidency/presidential-speeches/december-5-1870-second-annual-message,23,Great Britain,nation,neutral,judgment-full-20260720,great britain,Great Britain,nation,neutral,opus-judgment-20260721,True
/the-presidency/presidential-speeches/december-5-1870-second-annual-message,24,Great Britain,nation,adversarial,judgment-full-20260720,great britain,Great Britain,nation,adversarial,opus-judgment-20260721,True
/the-presidency/presidential-speeches/december-5-1870-second-annual-message,25,Canada,nation,adversarial,judgment-full-20260720,canada,Canada,nation,adversarial,opus-judgment-20260721,True
/the-presidency/presidential-speeches/december-5-1870-second-annual-message,26,Dominion of Canada,nation,adversarial,judgment-full-20260720,dominion of canada,Dominion of Canada,institution,adversarial,opus-judgment-20260721,True
/the-presidency/presidential-speeches/december-5-1870-second-annual-message,27,Canada,nation,adversarial,judgment-full-20260720,canada,Canada,institution,adversarial,opus-judgment-20260721,True
/the-presidency/presidential-speeches/december-5-1870-second-annual-message,28,Canada,nation,adversarial,judgment-full-20260720,canada,Canada,institution,adversarial,opus-judgment-20260721,True
/the-presidency/presidential-speeches/december-5-1870-second-annual-message,29,Great Britain,nation,adversarial,judgment-full-20260720,great britain,Great Britain,nation,adversarial,opus-judgment-20260721,True
/the-presidency/presidential-speeches/december-5-1870-second-annual-message,30,Great Britain,nation,neutral,judgment-full-20260720,great britain,Great Britain,nation,neutral,opus-judgment-20260721,True
/the-presidency/presidential-speeches/december-5-1870-second-annual-message,31,Great Britain,nation,adversarial,judgment-full-20260720,great britain,Great Britain,nation,adversarial,opus-judgment-20260721,True
/the-presidency/presidential-speeches/december-5-1870-second-annual-message,33,Canada,nation,adversarial,judgment-full-20260720,canada,Canada,institution,adversarial,opus-judgment-20260721,True
/the-presidency/presidential-speeches/december-5-1870-second-annual-message,35,Great Britain,nation,neutral,judgment-full-20260720,great britain,Great Britain,nation,neutral,opus-judgment-20260721,True
/the-presidency/presidential-speeches/december-5-1870-second-annual-message,37,Brazil,nation,neutral,judgment-full-20260720,brazil,Brazil,nation,neutral,opus-judgment-20260721,True
/the-presidency/presidential-speeches/december-5-1870-second-annual-message,38,Great Britain,nation,adversarial,judgment-full-20260720,great britain,Great Britain,nation,adversarial,opus-judgment-20260721,True
/the-presidency/presidential-speeches/december-5-1870-second-annual-message,39,Great Britain,nation,adversarial,judgment-full-20260720,great britain,Great Britain,nation,adversarial,opus-judgment-20260721,True
/the-presidency/presidential-speeches/december-5-1898-second-annual-message,1,Cuba,nation,neutral,judgment-chunk25-20260720,cuba,Cuba,nation,neutral,opus-judgment-20260721,True
/the-presidency/presidential-speeches/december-5-1898-second-annual-message,1,Spain,nation,adversarial,judgment-chunk25-20260720,spain,Spain,nation,neutral,opus-judgment-20260721,False
/the-presidency/presidential-speeches/december-5-1898-second-annual-message,2,Cuba,nation,neutral,judgment-chunk25-20260720,cuba,Cuba,nation,neutral,opus-judgment-20260721,True
/the-presidency/presidential-speeches/december-5-1898-second-annual-message,2,Spain,nation,neutral,judgment-chunk25-20260720,spain,Spain,nation,neutral,opus-judgment-20260721,True
/the-presidency/presidential-speeches/december-5-1898-second-annual-message,3,Spain,nation,adversarial,judgment-chunk25-20260720,spain,Spain,nation,adversarial,opus-judgment-20260721,True
/the-presidency/presidential-speeches/december-5-1898-second-annual-message,4,American Red Cross,institution,favorable,judgment-chunk25-20260720,american red cross,American Red Cross,institution,favorable,opus-judgment-20260721,True
/the-presidency/presidential-speeches/december-5-1898-second-annual-message,4,General Weyler,person,adversarial,judgment-chunk25-20260720,general weyler,General Weyler,person,adversarial,opus-judgment-20260721,True
/the-presidency/presidential-speeches/december-5-1898-second-annual-message,7,Congress,institution,favorable,judgment-chunk25-20260720,congress,Congress,institution,favorable,opus-judgment-20260721,True
/the-presidency/presidential-speeches/december-5-1898-second-annual-message,8,Spain,nation,adversarial,judgment-chunk25-20260720,spain,Spain,nation,adversarial,opus-judgment-20260721,True
/the-presidency/presidential-speeches/december-5-1898-second-annual-message,10,Spain,nation,neutral,judgment-chunk25-20260720,spain,Spain,nation,neutral,opus-judgment-20260721,True
/the-presidency/presidential-speeches/december-5-1898-second-annual-message,12,Congress,institution,neutral,judgment-chunk25-20260720,congress,Congress,institution,neutral,opus-judgment-20260721,True
/the-presidency/presidential-speeches/december-5-1898-second-annual-message,12,Spain,nation,adversarial,judgment-chunk25-20260720,spain,Spain,nation,neutral,opus-judgment-20260721,False
/the-presidency/presidential-speeches/december-5-1898-second-annual-message,13,Spain,nation,adversarial,judgment-chunk25-20260720,spain,Spain,nation,adversarial,opus-judgment-20260721,True
/the-presidency/presidential-speeches/december-5-1898-second-annual-message,14,Spain,nation,adversarial,judgment-chunk25-20260720,spain,Spain,nation,adversarial,opus-judgment-20260721,True
/the-presidency/presidential-speeches/december-5-1898-second-annual-message,15,Congress,institution,neutral,judgment-chunk25-20260720,congress,Congress,institution,favorable,opus-judgment-20260721,False
/the-presidency/presidential-speeches/december-5-1898-second-annual-message,16,Cuba,nation,favorable,judgment-chunk25-20260720,cuba,Cuba,nation,favorable,opus-judgment-20260721,True
/the-presidency/presidential-speeches/december-5-1898-second-annual-message,16,Spain,nation,adversarial,judgment-chunk25-20260720,spain,Spain,nation,adversarial,opus-judgment-20260721,True
/the-presidency/presidential-speeches/december-5-1898-second-annual-message,18,General Woodford,person,favorable,judgment-chunk25-20260720,general woodford,General Woodford,person,favorable,opus-judgment-20260721,True
/the-presidency/presidential-speeches/december-5-1898-second-annual-message,18,Spain,nation,adversarial,judgment-chunk25-20260720,spain,Spain,nation,adversarial,opus-judgment-20260721,True
/the-presidency/presidential-speeches/december-5-1898-second-annual-message,19,General Woodford,person,favorable,judgment-chunk25-20260720,general woodford,General Woodford,person,favorable,opus-judgment-20260721,True
/the-presidency/presidential-speeches/december-5-1898-second-annual-message,19,Spain,nation,adversarial,judgment-chunk25-20260720,spain,Spain,nation,adversarial,opus-judgment-20260721,True
/the-presidency/presidential-speeches/december-5-1898-second-annual-message,20,Congress,institution,neutral,judgment-chunk25-20260720,congress,Congress,institution,neutral,opus-judgment-20260721,True
/the-presidency/presidential-speeches/december-5-1898-second-annual-message,20,Spain,nation,adversarial,judgment-chunk25-20260720,spain,Spain,nation,adversarial,opus-judgment-20260721,True
/the-presidency/presidential-speeches/december-5-1898-second-annual-message,21,Spain,nation,adversarial,judgment-chunk25-20260720,spain,Spain,nation,adversarial,opus-judgment-20260721,True
/the-presidency/presidential-speeches/december-5-1898-second-annual-message,22,Spain,nation,neutral,judgment-chunk25-20260720,spain,Spain,nation,adversarial,opus-judgment-20260721,False
/the-presidency/presidential-speeches/december-5-1898-second-annual-message,23,Spain,nation,adversarial,judgment-chunk25-20260720,spain,Spain,nation,adversarial,opus-judgment-20260721,True
/the-presidency/presidential-speeches/december-5-1898-second-annual-message,30,Congress,institution,favorable,judgment-chunk25-20260720,congress,Congress,institution,favorable,opus-judgment-20260721,True
/the-presidency/presidential-speeches/december-5-1898-second-annual-message,32,Commodore George Dewey,person,favorable,judgment-chunk25-20260720,commodore george dewey,Commodore George Dewey,person,favorable,opus-judgment-20260721,True
/the-presidency/presidential-speeches/december-5-1898-second-annual-message,32,Spain,nation,adversarial,judgment-chunk25-20260720,spain,Spain,nation,adversarial,opus-judgment-20260721,True
/the-presidency/presidential-speeches/december-5-1898-second-annual-message,33,Major-General Merritt,person,favorable,judgment-chunk25-20260720,major-general merritt,Major-General Merritt,person,favorable,opus-judgment-20260721,True
/the-presidency/presidential-speeches/december-5-1898-second-annual-message,35,Admiral Dewey,person,favorable,judgment-chunk25-20260720,admiral dewey,Admiral Dewey,person,favorable,opus-judgment-20260721,True
/the-presidency/presidential-speeches/december-5-1898-second-annual-message,36,Worth Bagley,person,favorable,judgment-chunk25-20260720,worth bagley,Worth Bagley,person,favorable,opus-judgment-20260721,True
/the-presidency/presidential-speeches/december-5-1898-second-annual-message,37,Admiral Cervera,person,adversarial,judgment-chunk25-20260720,admiral cervera,Admiral Cervera,person,adversarial,opus-judgment-20260721,True
/the-presidency/presidential-speeches/december-5-1898-second-annual-message,38,Commodore Schley,person,favorable,judgment-chunk25-20260720,commodore schley,Commodore Schley,person,favorable,opus-judgment-20260721,True
/the-presidency/presidential-speeches/december-5-1898-second-annual-message,39,Admiral Sampson,person,favorable,judgment-chunk25-20260720,admiral sampson,Admiral Sampson,person,favorable,opus-judgment-20260721,True
/the-presidency/presidential-speeches/december-5-1898-second-annual-message,39,Lieutenant Hobson,person,favorable,judgment-chunk25-20260720,lieutenant hobson,Lieutenant Hobson,person,favorable,opus-judgment-20260721,True
/the-presidency/presidential-speeches/december-5-1898-second-annual-message,41,Major-General Shafter,person,favorable,judgment-chunk25-20260720,major-general shafter,Major-General Shafter,person,favorable,opus-judgment-20260721,True
/the-presidency/presidential-speeches/december-5-1898-second-annual-message,42,Commodore Sampson,person,favorable,judgment-chunk25-20260720,commodore sampson,Commodore Sampson,person,favorable,opus-judgment-20260721,True
/the-presidency/presidential-speeches/december-5-1898-second-annual-message,42,Spain,nation,adversarial,judgment-chunk25-20260720,spain,Spain,nation,adversarial,opus-judgment-20260721,True
/the-presidency/presidential-speeches/december-5-1898-second-annual-message,44,Admiral Camara,person,adversarial,judgment-chunk25-20260720,admiral camara,Admiral Camara,person,adversarial,opus-judgment-20260721,True
/the-presidency/presidential-speeches/december-5-1898-second-annual-message,44,General Shafter,person,favorable,judgment-chunk25-20260720,general shafter,General Shafter,person,favorable,opus-judgment-20260721,True
/the-presidency/presidential-speeches/december-5-1898-second-annual-message,47,General Miles,person,favorable,judgment-chunk25-20260720,general miles,General Miles,person,favorable,opus-judgment-20260721,True
/the-presidency/presidential-speeches/december-5-1898-second-annual-message,49,Admiral Dewey,person,favorable,judgment-chunk25-20260720,admiral dewey,Admiral Dewey,person,favorable,opus-judgment-20260721,True
/the-presidency/presidential-speeches/december-5-1898-second-annual-message,49,General Merrill,person,favorable,judgment-chunk25-20260720,general merrill,General Merrill,person,favorable,opus-judgment-20260721,True
/the-presidency/presidential-speeches/december-5-1898-second-annual-message,52,American National Red Cross,institution,favorable,judgment-chunk25-20260720,american national red cross,American National Red Cross,institution,favorable,opus-judgment-20260721,True
/the-presidency/presidential-speeches/december-5-1898-second-annual-message,52,Clara Barton,person,favorable,judgment-chunk25-20260720,clara barton,Clara Barton,person,favorable,opus-judgment-20260721,True
/the-presidency/presidential-speeches/december-5-1898-second-annual-message,53,M. Cambon,person,neutral,judgment-chunk25-20260720,m. cambon,M. Cambon,person,favorable,opus-judgment-20260721,False
/the-presidency/presidential-speeches/december-5-1898-second-annual-message,54,M. Cambon,person,neutral,judgment-chunk25-20260720,m. cambon,M. Cambon,person,favorable,opus-judgment-20260721,False
/the-presidency/presidential-speeches/december-5-1898-second-annual-message,54,Spain,nation,neutral,judgment-chunk25-20260720,spain,Spain,nation,neutral,opus-judgment-20260721,True
/the-presidency/presidential-speeches/december-5-1898-second-annual-message,55,M. Cambon,person,neutral,judgment-chunk25-20260720,m. cambon,M. Cambon,person,favorable,opus-judgment-20260721,False
/the-presidency/presidential-speeches/december-5-1898-second-annual-message,55,Spain,nation,neutral,judgment-chunk25-20260720,spain,Spain,nation,neutral,opus-judgment-20260721,True
/the-presidency/presidential-speeches/december-5-1898-second-annual-message,56,Spain,nation,neutral,judgment-chunk25-20260720,spain,Spain,nation,neutral,opus-judgment-20260721,True
/the-presidency/presidential-speeches/december-5-1898-second-annual-message,60,Spain,nation,neutral,judgment-chunk25-20260720,spain,Spain,nation,neutral,opus-judgment-20260721,True
/the-presidency/presidential-speeches/december-5-1898-second-annual-message,62,Cuba,nation,favorable,judgment-chunk25-20260720,cuba,Cuba,nation,favorable,opus-judgment-20260721,True
/the-presidency/presidential-speeches/december-5-1898-second-annual-message,63,Cuba,nation,favorable,judgment-chunk25-20260720,cuba,Cuba,nation,favorable,opus-judgment-20260721,True
/the-presidency/presidential-speeches/december-5-1898-second-annual-message,64,Spain,nation,adversarial,judgment-chunk25-20260720,spain,Spain,nation,neutral,opus-judgment-20260721,False
/the-presidency/presidential-speeches/december-5-1898-second-annual-message,65,Argentine Republic,nation,neutral,judgment-chunk25-20260720,argentine republic,Argentine Republic,nation,neutral,opus-judgment-20260721,True
/the-presidency/presidential-speeches/december-5-1898-second-annual-message,65,Chile,nation,neutral,judgment-chunk25-20260720,chile,Chile,nation,neutral,opus-judgment-20260721,True
/the-presidency/presidential-speeches/december-5-1898-second-annual-message,66,Argentine Government,nation,neutral,judgment-chunk25-20260720,argentine government,Argentine Government,institution,neutral,opus-judgment-20260721,True
/the-presidency/presidential-speeches/december-5-1898-second-annual-message,68,Austria-Hungary,nation,favorable,judgment-chunk25-20260720,austria-hungary,Austria-Hungary,nation,favorable,opus-judgment-20260721,True
/the-presidency/presidential-speeches/december-5-1898-second-annual-message,69,Austro-Hungarian Government,nation,neutral,judgment-chunk25-20260720,austro-hungarian government,Austro-Hungarian Government,institution,neutral,opus-judgment-20260721,True
/the-presidency/presidential-speeches/december-5-1898-second-annual-message,70,Austria-Hungary,nation,neutral,judgment-chunk25-20260720,austria-hungary,Austria-Hungary,nation,neutral,opus-judgment-20260721,True
/the-presidency/presidential-speeches/december-5-1898-second-annual-message,73,Belgium,nation,neutral,judgment-chunk25-20260720,belgium,Belgium,nation,neutral,opus-judgment-20260721,True
/the-presidency/presidential-speeches/december-5-1898-second-annual-message,74,Costa Rica,nation,neutral,judgment-chunk25-20260720,costa rica,Costa Rica,nation,neutral,opus-judgment-20260721,True
/the-presidency/presidential-speeches/december-5-1898-second-annual-message,74,Nicaragua,nation,neutral,judgment-chunk25-20260720,nicaragua,Nicaragua,nation,neutral,opus-judgment-20260721,True
/the-presidency/presidential-speeches/december-5-1898-second-annual-message,79,Maritime Canal Company,institution,neutral,judgment-chunk25-20260720,maritime canal company,Maritime Canal Company,institution,neutral,opus-judgment-20260721,True
/the-presidency/presidential-speeches/december-5-1898-second-annual-message,81,Chile,nation,neutral,judgment-chunk25-20260720,chile,Chile,nation,neutral,opus-judgment-20260721,True
/the-presidency/presidential-speeches/december-5-1898-second-annual-message,81,Senate,institution,neutral,judgment-chunk25-20260720,senate,Senate,institution,neutral,opus-judgment-20260721,True
/the-presidency/presidential-speeches/december-5-1898-second-annual-message,82,China,nation,neutral,judgment-chunk25-20260720,china,China,nation,neutral,opus-judgment-20260721,True
/the-presidency/presidential-speeches/december-5-1898-second-annual-message,82,Germany,nation,neutral,judgment-chunk25-20260720,germany,Germany,nation,neutral,opus-judgment-20260721,True
/the-presidency/presidential-speeches/december-5-1898-second-annual-message,82,Great Britain,nation,neutral,judgment-chunk25-20260720,great britain,Great Britain,nation,neutral,opus-judgment-20260721,True
/the-presidency/presidential-speeches/december-5-1898-second-annual-message,82,Russia,nation,neutral,judgment-chunk25-20260720,russia,Russia,nation,neutral,opus-judgment-20260721,True
/the-presidency/presidential-speeches/december-5-1898-second-annual-message,83,China,nation,neutral,judgment-chunk25-20260720,china,China,nation,neutral,opus-judgment-20260721,True
/the-presidency/presidential-speeches/december-5-1898-second-annual-message,84,China,nation,adversarial,judgment-chunk25-20260720,china,China,nation,neutral,opus-judgment-20260721,False
/the-presidency/presidential-speeches/december-5-1898-second-annual-message,85,Colombia,nation,neutral,judgment-chunk25-20260720,colombia,Colombia,nation,neutral,opus-judgment-20260721,True
/the-presidency/presidential-speeches/december-5-1898-second-annual-message,85,Italy,nation,neutral,judgment-chunk25-20260720,italy,Italy,nation,neutral,opus-judgment-20260721,True
/the-presidency/presidential-speeches/december-5-1898-second-annual-message,86,Colombia,nation,neutral,judgment-chunk25-20260720,colombia,Colombia,nation,neutral,opus-judgment-20260721,True
/the-presidency/presidential-speeches/december-5-1898-second-annual-message,86,Italy,nation,neutral,judgment-chunk25-20260720,italy,Italy,nation,neutral,opus-judgment-20260721,True
/the-presidency/presidential-speeches/december-5-1898-second-annual-message,87,Dominican Republic,nation,neutral,judgment-chunk25-20260720,dominican republic,Dominican Republic,nation,neutral,opus-judgment-20260721,True
/the-presidency/presidential-speeches/december-5-1898-second-annual-message,88,Moses P. Handy,person,favorable,judgment-chunk25-20260720,moses p. handy,Moses P. Handy,person,neutral,opus-judgment-20260721,False
/the-presidency/presidential-speeches/december-5-1898-second-annual-message,89,Thomas W. Cridler,person,favorable,judgment-chunk25-20260720,thomas w. cridler,Thomas W. Cridler,person,neutral,opus-judgment-20260721,False
/the-presidency/presidential-speeches/december-5-1898-second-annual-message,90,Ferdinand W. Peck,person,favorable,judgment-chunk25-20260720,ferdinand w. peck,Ferdinand W. Peck,person,favorable,opus-judgment-20260721,True
/the-presidency/presidential-speeches/december-5-1898-second-annual-message,91,France,nation,favorable,judgment-chunk25-20260720,france,France,nation,favorable,opus-judgment-20260721,True
/the-presidency/presidential-speeches/december-5-1898-second-annual-message,92,France,nation,favorable,judgment-chunk25-20260720,france,France,nation,favorable,opus-judgment-20260721,True
/the-presidency/presidential-speeches/december-5-1898-second-annual-message,93,Germany,nation,neutral,judgment-chunk25-20260720,germany,Germany,nation,neutral,opus-judgment-20260721,True
/the-presidency/presidential-speeches/december-5-1898-second-annual-message,94,Germany,nation,neutral,judgment-chunk25-20260720,germany,Germany,nation,neutral,opus-judgment-20260721,True
/the-presidency/presidential-speeches/december-5-1898-second-annual-message,94,Switzerland,nation,neutral,judgment-chunk25-20260720,switzerland,Switzerland,nation,neutral,opus-judgment-20260721,True
/the-presidency/presidential-speeches/december-5-1898-second-annual-message,95,Great Britain,nation,favorable,judgment-chunk25-20260720,great britain,Great Britain,nation,favorable,opus-judgment-20260721,True
/the-presidency/presidential-speeches/december-5-1898-second-annual-message,96,Canada,nation,neutral,judgment-chunk25-20260720,canada,Canada,nation,neutral,opus-judgment-20260721,True
/the-presidency/presidential-speeches/december-5-1898-second-annual-message,96,Great Britain,nation,favorable,judgment-chunk25-20260720,great britain,Great Britain,nation,favorable,opus-judgment-20260721,True
/the-presidency/presidential-speeches/december-5-1898-second-annual-message,97,Canada,nation,favorable,judgment-chunk25-20260720,canada,Canada,nation,favorable,opus-judgment-20260721,True
/the-presidency/presidential-speeches/december-5-1898-second-annual-message,97,Great Britain,nation,favorable,judgment-chunk25-20260720,great britain,Great Britain,nation,favorable,opus-judgment-20260721,True
/the-presidency/presidential-speeches/december-5-1898-second-annual-message,98,Greece,nation,neutral,judgment-chunk25-20260720,greece,Greece,nation,neutral,opus-judgment-20260721,True
/the-presidency/presidential-speeches/december-5-1898-second-annual-message,99,Haiti,nation,neutral,judgment-chunk25-20260720,haiti,Haiti,nation,neutral,opus-judgment-20260721,True
/the-presidency/presidential-speeches/december-5-1898-second-annual-message,100,Hawaii,nation,neutral,judgment-chunk25-20260720,hawaii,Hawaii,nation,favorable,opus-judgment-20260721,False
/the-presidency/presidential-speeches/december-5-1898-second-annual-message,100,President Dole,person,neutral,judgment-chunk25-20260720,president dole,President Dole,person,favorable,opus-judgment-20260721,False
/the-presidency/presidential-speeches/december-5-1898-second-annual-message,102,Sanford B. Dole,person,neutral,judgment-chunk25-20260720,sanford b. dole,Sanford B. Dole,person,favorable,opus-judgment-20260721,False
/the-presidency/presidential-speeches/december-5-1898-second-annual-message,103,Hawaii,nation,neutral,judgment-chunk25-20260720,hawaii,Hawaii,nation,favorable,opus-judgment-20260721,False
/the-presidency/presidential-speeches/december-5-1898-second-annual-message,103,Japan,nation,neutral,judgment-chunk25-20260720,japan,Japan,nation,neutral,opus-judgment-20260721,True
/the-presidency/presidential-speeches/december-5-1898-second-annual-message,105,Mexico,nation,neutral,judgment-chunk25-20260720,mexico,Mexico,nation,neutral,opus-judgment-20260721,True
/the-presidency/presidential-speeches/december-5-1898-second-annual-message,105,President Diaz,person,neutral,judgment-chunk25-20260720,president diaz,President Diaz,person,neutral,opus-judgment-20260721,True
/the-presidency/presidential-speeches/december-5-1898-second-annual-message,106,Japan,nation,neutral,judgment-chunk25-20260720,japan,Japan,nation,neutral,opus-judgment-20260721,True
/the-presidency/presidential-speeches/december-5-1898-second-annual-message,107,Mexico,nation,neutral,judgment-chunk25-20260720,mexico,Mexico,nation,neutral,opus-judgment-20260721,True
/the-presidency/presidential-speeches/december-5-1898-second-annual-message,108,Mexico,nation,neutral,judgment-chunk25-20260720,mexico,Mexico,nation,neutral,opus-judgment-20260721,True
/the-presidency/presidential-speeches/december-5-1898-second-annual-message,109,Netherlands,nation,neutral,judgment-chunk25-20260720,netherlands,Netherlands,nation,favorable,opus-judgment-20260721,False
/the-presidency/presidential-speeches/december-5-1898-second-annual-message,109,Peru,nation,neutral,judgment-chunk25-20260720,peru,Peru,nation,neutral,opus-judgment-20260721,True
/the-presidency/presidential-speeches/december-5-1898-second-annual-message,110,Peru,nation,neutral,judgment-chunk25-20260720,peru,Peru,nation,neutral,opus-judgment-20260721,True
/the-presidency/presidential-speeches/december-5-1898-second-annual-message,111,Russia,nation,neutral,judgment-chunk25-20260720,russia,Russia,nation,favorable,opus-judgment-20260721,False
/the-presidency/presidential-speeches/december-5-1898-second-annual-message,112,Czar,person,favorable,judgment-chunk25-20260720,czar,Czar,person,favorable,opus-judgment-20260721,True
/the-presidency/presidential-speeches/december-5-1898-second-annual-message,113,Russia,nation,neutral,judgment-chunk25-20260720,russia,Russia,nation,neutral,opus-judgment-20260721,True
/the-presidency/presidential-speeches/december-5-1898-second-annual-message,114,Germany,nation,neutral,judgment-chunk25-20260720,germany,Germany,nation,neutral,opus-judgment-20260721,True
/the-presidency/presidential-speeches/december-5-1898-second-annual-message,116,Siam,nation,neutral,judgment-chunk25-20260720,siam,Siam,nation,neutral,opus-judgment-20260721,True
/the-presidency/presidential-speeches/december-5-1898-second-annual-message,117,Spain,nation,neutral,judgment-chunk25-20260720,spain,Spain,nation,neutral,opus-judgment-20260721,True
/the-presidency/presidential-speeches/december-5-1898-second-annual-message,117,Switzerland,nation,favorable,judgment-chunk25-20260720,switzerland,Switzerland,nation,favorable,opus-judgment-20260721,True
/the-presidency/presidential-speeches/december-5-1898-second-annual-message,119,Switzerland,nation,adversarial,judgment-chunk25-20260720,switzerland,Switzerland,nation,neutral,opus-judgment-20260721,False
/the-presidency/presidential-speeches/december-5-1898-second-annual-message,119,Turkey,nation,adversarial,judgment-chunk25-20260720,turkey,Turkey,nation,neutral,opus-judgment-20260721,False
/the-presidency/presidential-speeches/december-5-1898-second-annual-message,120,Turkey,nation,adversarial,judgment-chunk25-20260720,turkey,Turkey,nation,neutral,opus-judgment-20260721,False
/the-presidency/presidential-speeches/december-5-1898-second-annual-message,121,Chief Justice Fuller,person,favorable,judgment-chunk25-20260720,chief justice fuller,Chief Justice Fuller,person,favorable,opus-judgment-20260721,True
/the-presidency/presidential-speeches/december-5-1898-second-annual-message,121,Great Britain,nation,neutral,judgment-chunk25-20260720,great britain,Great Britain,nation,neutral,opus-judgment-20260721,True
/the-presidency/presidential-speeches/december-5-1898-second-annual-message,121,Venezuela,nation,neutral,judgment-chunk25-20260720,venezuela,Venezuela,nation,neutral,opus-judgment-20260721,True
/the-presidency/presidential-speeches/december-5-1898-second-annual-message,122,Bureau of the American Republics,institution,favorable,judgment-chunk25-20260720,bureau of the american republics,Bureau of the American Republics,institution,favorable,opus-judgment-20260721,True
/the-presidency/presidential-speeches/december-5-1898-second-annual-message,122,Venezuela,nation,neutral,judgment-chunk25-20260720,venezuela,Venezuela,nation,neutral,opus-judgment-20260721,True
/the-presidency/presidential-speeches/december-5-1898-second-annual-message,132,Spain,nation,neutral,judgment-chunk25-20260720,spain,Spain,nation,neutral,opus-judgment-20260721,True
/the-presidency/presidential-speeches/december-5-1898-second-annual-message,138,Union Pacific Railway,institution,neutral,judgment-chunk25-20260720,union pacific railway,Union Pacific Railway,institution,neutral,opus-judgment-20260721,True
/the-presidency/presidential-speeches/december-5-1898-second-annual-message,156,Dawes Commission,institution,favorable,judgment-chunk25-20260720,dawes commission,Dawes Commission,institution,favorable,opus-judgment-20260721,True
/the-presidency/presidential-speeches/december-5-1911-third-annual-message,1,American Tobacco Trust,institution,adversarial,judgment-full-20260720,american tobacco trust,American Tobacco Trust,institution,adversarial,opus-judgment-20260721,True
/the-presidency/presidential-speeches/december-5-1911-third-annual-message,1,Standard Oil Trust,institution,adversarial,judgment-full-20260720,standard oil trust,Standard Oil Trust,institution,adversarial,opus-judgment-20260721,True
/the-presidency/presidential-speeches/december-5-1911-third-annual-message,1,Supreme Court,institution,neutral,judgment-full-20260720,supreme court,Supreme Court,institution,favorable,opus-judgment-20260721,False
/the-presidency/presidential-speeches/december-5-1911-third-annual-message,41,France,nation,favorable,judgment-full-20260720,france,France,nation,favorable,opus-judgment-20260721,True
/the-presidency/presidential-speeches/december-5-1911-third-annual-message,41,Great Britain,nation,favorable,judgment-full-20260720,great britain,Great Britain,nation,favorable,opus-judgment-20260721,True
/the-presidency/presidential-speeches/december-5-1911-third-annual-message,41,Japan,nation,neutral,judgment-full-20260720,japan,Japan,nation,neutral,opus-judgment-20260721,True
/the-presidency/presidential-speeches/december-5-1911-third-annual-message,43,Chile,nation,favorable,judgment-full-20260720,chile,Chile,nation,favorable,opus-judgment-20260721,True
/the-presidency/presidential-speeches/december-5-1911-third-annual-message,44,Costa Rica,nation,neutral,judgment-full-20260720,costa rica,Costa Rica,nation,favorable,opus-judgment-20260721,False
/the-presidency/presidential-speeches/december-5-1911-third-annual-message,44,Haiti,nation,neutral,judgment-full-20260720,haiti,Haiti,nation,favorable,opus-judgment-20260721,False
/the-presidency/presidential-speeches/december-5-1911-third-annual-message,44,Panama,nation,neutral,judgment-full-20260720,panama,Panama,nation,favorable,opus-judgment-20260721,False
/the-presidency/presidential-speeches/december-5-1911-third-annual-message,45,Colombia,nation,neutral,judgment-full-20260720,colombia,Colombia,nation,neutral,opus-judgment-20260721,True
/the-presidency/presidential-speeches/december-5-1911-third-annual-message,45,Costa Rica,nation,neutral,judgment-full-20260720,costa rica,Costa Rica,nation,neutral,opus-judgment-20260721,True
/the-presidency/presidential-speeches/december-5-1911-third-annual-message,45,Panama,nation,neutral,judgment-full-20260720,panama,Panama,nation,neutral,opus-judgment-20260721,True
/the-presidency/presidential-speeches/december-5-1911-third-annual-message,46,Dominican Republic,nation,neutral,judgment-full-20260720,dominican republic,Dominican Republic,nation,neutral,opus-judgment-20260721,True
/the-presidency/presidential-speeches/december-5-1911-third-annual-message,46,Haiti,nation,neutral,judgment-full-20260720,haiti,Haiti,nation,neutral,opus-judgment-20260721,True
/the-presidency/presidential-speeches/december-5-1911-third-annual-message,47,Mexico,nation,neutral,judgment-full-20260720,mexico,Mexico,nation,neutral,opus-judgment-20260721,True
/the-presidency/presidential-speeches/december-5-1911-third-annual-message,47,Venezuela,nation,favorable,judgment-full-20260720,venezuela,Venezuela,nation,favorable,opus-judgment-20260721,True
/the-presidency/presidential-speeches/december-5-1911-third-annual-message,48,Mexico,nation,neutral,judgment-full-20260720,mexico,Mexico,nation,neutral,opus-judgment-20260721,True
/the-presidency/presidential-speeches/december-5-1911-third-annual-message,49,Ambassador Wilson,person,neutral,judgment-full-20260720,ambassador wilson,Ambassador Wilson,person,neutral,opus-judgment-20260721,True
/the-presidency/presidential-speeches/december-5-1911-third-annual-message,49,President Diaz,person,neutral,judgment-full-20260720,president diaz,President Diaz,person,neutral,opus-judgment-20260721,True
/the-presidency/presidential-speeches/december-5-1911-third-annual-message,50,President Diaz,person,neutral,judgment-full-20260720,president diaz,President Diaz,person,neutral,opus-judgment-20260721,True
/the-presidency/presidential-speeches/december-5-1911-third-annual-message,59,Ambassador Wilson,person,neutral,judgment-full-20260720,ambassador wilson,Ambassador Wilson,person,neutral,opus-judgment-20260721,True
/the-presidency/presidential-speeches/december-5-1911-third-annual-message,67,President Diaz,person,neutral,judgment-full-20260720,president diaz,President Diaz,person,neutral,opus-judgment-20260721,True
/the-presidency/presidential-speeches/december-5-1911-third-annual-message,69,Honduras,nation,favorable,judgment-full-20260720,honduras,Honduras,nation,favorable,opus-judgment-20260721,True
/the-presidency/presidential-speeches/december-5-1911-third-annual-message,69,Nicaragua,nation,favorable,judgment-full-20260720,nicaragua,Nicaragua,nation,favorable,opus-judgment-20260721,True
/the-presidency/presidential-speeches/december-5-1911-third-annual-message,70,Nicaragua,nation,favorable,judgment-full-20260720,nicaragua,Nicaragua,nation,favorable,opus-judgment-20260721,True
/the-presidency/presidential-speeches/december-5-1911-third-annual-message,71,Panama,nation,favorable,judgment-full-20260720,panama,Panama,nation,favorable,opus-judgment-20260721,True
/the-presidency/presidential-speeches/december-5-1911-third-annual-message,73,China,nation,neutral,judgment-full-20260720,china,China,nation,neutral,opus-judgment-20260721,True
/the-presidency/presidential-speeches/december-5-1911-third-annual-message,74,China,nation,favorable,judgment-full-20260720,china,China,nation,favorable,opus-judgment-20260721,True
/the-presidency/presidential-speeches/december-5-1911-third-annual-message,75,China,nation,favorable,judgment-full-20260720,china,China,nation,favorable,opus-judgment-20260721,True
/the-presidency/presidential-speeches/december-5-1911-third-annual-message,77,China,nation,favorable,judgment-full-20260720,china,China,nation,favorable,opus-judgment-20260721,True
/the-presidency/presidential-speeches/december-5-1911-third-annual-message,78,Japan,nation,favorable,judgment-full-20260720,japan,Japan,nation,favorable,opus-judgment-20260721,True
/the-presidency/presidential-speeches/december-5-1911-third-annual-message,79,Japan,nation,favorable,judgment-full-20260720,japan,Japan,nation,favorable,opus-judgment-20260721,True
/the-presidency/presidential-speeches/december-5-1911-third-annual-message,80,Japan,nation,favorable,judgment-full-20260720,japan,Japan,nation,favorable,opus-judgment-20260721,True
/the-presidency/presidential-speeches/december-5-1911-third-annual-message,80,Siam,nation,neutral,judgment-full-20260720,siam,Siam,nation,neutral,opus-judgment-20260721,True
/the-presidency/presidential-speeches/december-5-1911-third-annual-message,81,Italy,nation,neutral,judgment-full-20260720,italy,Italy,nation,neutral,opus-judgment-20260721,True
/the-presidency/presidential-speeches/december-5-1911-third-annual-message,81,Ottoman Empire,nation,neutral,judgment-full-20260720,ottoman empire,Ottoman Empire,nation,neutral,opus-judgment-20260721,True
/the-presidency/presidential-speeches/december-5-1911-third-annual-message,82,Italy,nation,neutral,judgment-full-20260720,italy,Italy,nation,neutral,opus-judgment-20260721,True
/the-presidency/presidential-speeches/december-5-1911-third-annual-message,82,Turkey,nation,neutral,judgment-full-20260720,turkey,Turkey,nation,neutral,opus-judgment-20260721,True
/the-presidency/presidential-speeches/december-5-1911-third-annual-message,83,Turkey,nation,favorable,judgment-full-20260720,turkey,Turkey,nation,favorable,opus-judgment-20260721,True
/the-presidency/presidential-speeches/december-5-1911-third-annual-message,84,Great Britain,nation,favorable,judgment-full-20260720,great britain,Great Britain,nation,favorable,opus-judgment-20260721,True
/the-presidency/presidential-speeches/december-5-1911-third-annual-message,84,King George V,person,favorable,judgment-full-20260720,king george v,King George V,person,favorable,opus-judgment-20260721,True
/the-presidency/presidential-speeches/december-5-1911-third-annual-message,85,Great Britain,nation,favorable,judgment-full-20260720,great britain,Great Britain,nation,favorable,opus-judgment-20260721,True
/the-presidency/presidential-speeches/december-5-1911-third-annual-message,87,German Emperor,person,favorable,judgment-full-20260720,german emperor,German Emperor,person,favorable,opus-judgment-20260721,True
/the-presidency/presidential-speeches/december-5-1911-third-annual-message,88,Russia,nation,neutral,judgment-full-20260720,russia,Russia,nation,neutral,opus-judgment-20260721,True
/the-presidency/presidential-speeches/december-5-1911-third-annual-message,89,Liberia,nation,favorable,judgment-full-20260720,liberia,Liberia,nation,favorable,opus-judgment-20260721,True
/the-presidency/presidential-speeches/december-5-1911-third-annual-message,90,Portugal,nation,favorable,judgment-full-20260720,portugal,Portugal,nation,favorable,opus-judgment-20260721,True
/the-presidency/presidential-speeches/december-5-1911-third-annual-message,92,Great Britain,nation,favorable,judgment-full-20260720,great britain,Great Britain,nation,favorable,opus-judgment-20260721,True
/the-presidency/presidential-speeches/december-5-1911-third-annual-message,92,Japan,nation,favorable,judgment-full-20260720,japan,Japan,nation,favorable,opus-judgment-20260721,True
/the-presidency/presidential-speeches/december-5-1911-third-annual-message,92,Russia,nation,favorable,judgment-full-20260720,russia,Russia,nation,favorable,opus-judgment-20260721,True
/the-presidency/presidential-speeches/december-5-1911-third-annual-message,96,China,nation,favorable,judgment-full-20260720,china,China,nation,favorable,opus-judgment-20260721,True
/the-presidency/presidential-speeches/december-5-1911-third-annual-message,99,Argentine Republic,nation,neutral,judgment-full-20260720,argentine republic,Argentine Republic,nation,neutral,opus-judgment-20260721,True
/the-presidency/presidential-speeches/december-6-1830-second-annual-message-congress,2,France,nation,favorable,judgment-r2-20260720,france,France,nation,favorable,opus-judgment-r2-20260722,True
/the-presidency/presidential-speeches/december-6-1830-second-annual-message-congress,2,Washington,person,favorable,judgment-r2-20260720,washington,Washington,person,favorable,opus-judgment-r2-20260722,True
/the-presidency/presidential-speeches/december-6-1830-second-annual-message-congress,3,King of the French,person,favorable,judgment-r2-20260720,king of the french,King of the French,person,favorable,opus-judgment-r2-20260722,True
/the-presidency/presidential-speeches/december-6-1830-second-annual-message-congress,4,Great Britain,nation,neutral,judgment-r2-20260720,great britain,Great Britain,nation,neutral,opus-judgment-r2-20260722,True
/the-presidency/presidential-speeches/december-6-1830-second-annual-message-congress,5,Great Britain,nation,adversarial,judgment-r2-20260720,great britain,Great Britain,nation,neutral,opus-judgment-r2-20260722,False
/the-presidency/presidential-speeches/december-6-1830-second-annual-message-congress,6,Great Britain,nation,neutral,judgment-r2-20260720,great britain,Great Britain,nation,neutral,opus-judgment-r2-20260722,True
/the-presidency/presidential-speeches/december-6-1830-second-annual-message-congress,7,Great Britain,nation,neutral,judgment-r2-20260720,great britain,Great Britain,nation,neutral,opus-judgment-r2-20260722,True
/the-presidency/presidential-speeches/december-6-1830-second-annual-message-congress,8,Great Britain,nation,neutral,judgment-r2-20260720,great britain,Great Britain,nation,neutral,opus-judgment-r2-20260722,True
/the-presidency/presidential-speeches/december-6-1830-second-annual-message-congress,9,Great Britain,nation,neutral,judgment-r2-20260720,great britain,Great Britain,nation,neutral,opus-judgment-r2-20260722,True
/the-presidency/presidential-speeches/december-6-1830-second-annual-message-congress,10,Great Britain,nation,favorable,judgment-r2-20260720,great britain,Great Britain,nation,neutral,opus-judgment-r2-20260722,False
/the-presidency/presidential-speeches/december-6-1830-second-annual-message-congress,12,Great Britain,nation,neutral,judgment-r2-20260720,great britain,Great Britain,nation,neutral,opus-judgment-r2-20260722,True
/the-presidency/presidential-speeches/december-6-1830-second-annual-message-congress,12,Mr. McLane,person,favorable,judgment-r2-20260720,mr. mclane,Mr. McLane,person,favorable,opus-judgment-r2-20260722,True
/the-presidency/presidential-speeches/december-6-1830-second-annual-message-congress,13,Great Britain,nation,neutral,judgment-r2-20260720,great britain,Great Britain,nation,neutral,opus-judgment-r2-20260722,True
/the-presidency/presidential-speeches/december-6-1830-second-annual-message-congress,14,Great Britain,nation,favorable,judgment-r2-20260720,great britain,Great Britain,nation,favorable,opus-judgment-r2-20260722,True
/the-presidency/presidential-speeches/december-6-1830-second-annual-message-congress,16,Sublime Porte,institution,neutral,judgment-r2-20260720,sublime porte,Sublime Porte,institution,neutral,opus-judgment-r2-20260722,True
/the-presidency/presidential-speeches/december-6-1830-second-annual-message-congress,18,Turkey,nation,favorable,judgment-r2-20260720,turkey,Turkey,nation,favorable,opus-judgment-r2-20260722,True
/the-presidency/presidential-speeches/december-6-1830-second-annual-message-congress,19,Russia,nation,favorable,judgment-r2-20260720,russia,Russia,nation,favorable,opus-judgment-r2-20260722,True
/the-presidency/presidential-speeches/december-6-1830-second-annual-message-congress,22,Denmark,nation,favorable,judgment-r2-20260720,denmark,Denmark,nation,neutral,opus-judgment-r2-20260722,False
/the-presidency/presidential-speeches/december-6-1830-second-annual-message-congress,24,France,nation,neutral,judgment-r2-20260720,france,France,nation,neutral,opus-judgment-r2-20260722,True
/the-presidency/presidential-speeches/december-6-1830-second-annual-message-congress,24,Great Britain,nation,neutral,judgment-r2-20260720,great britain,Great Britain,nation,neutral,opus-judgment-r2-20260722,True
/the-presidency/presidential-speeches/december-6-1830-second-annual-message-congress,24,Mexico,nation,neutral,judgment-r2-20260720,mexico,Mexico,nation,neutral,opus-judgment-r2-20260722,True
/the-presidency/presidential-speeches/december-6-1830-second-annual-message-congress,24,Spain,nation,neutral,judgment-r2-20260720,spain,Spain,nation,neutral,opus-judgment-r2-20260722,True
/the-presidency/presidential-speeches/december-6-1830-second-annual-message-congress,25,France,nation,neutral,judgment-r2-20260720,france,France,nation,neutral,opus-judgment-r2-20260722,True
/the-presidency/presidential-speeches/december-6-1830-second-annual-message-congress,26,France,nation,neutral,judgment-r2-20260720,france,France,nation,neutral,opus-judgment-r2-20260722,True
/the-presidency/presidential-speeches/december-6-1830-second-annual-message-congress,27,France,nation,favorable,judgment-r2-20260720,france,France,nation,favorable,opus-judgment-r2-20260722,True
/the-presidency/presidential-speeches/december-6-1830-second-annual-message-congress,28,Mexico,nation,favorable,judgment-r2-20260720,mexico,Mexico,nation,favorable,opus-judgment-r2-20260722,True
/the-presidency/presidential-speeches/december-6-1830-second-annual-message-congress,28,Spain,nation,neutral,judgment-r2-20260720,spain,Spain,nation,neutral,opus-judgment-r2-20260722,True
/the-presidency/presidential-speeches/december-6-1830-second-annual-message-congress,29,Mexico,nation,neutral,judgment-r2-20260720,mexico,Mexico,nation,neutral,opus-judgment-r2-20260722,True
/the-presidency/presidential-speeches/december-6-1830-second-annual-message-congress,30,Austria,nation,neutral,judgment-r2-20260720,austria,Austria,nation,neutral,opus-judgment-r2-20260722,True
/the-presidency/presidential-speeches/december-6-1830-second-annual-message-congress,31,Portugal,nation,adversarial,judgment-r2-20260720,portugal,Portugal,nation,adversarial,opus-judgment-r2-20260722,True
/the-presidency/presidential-speeches/december-6-1830-second-annual-message-congress,83,Chickasaw,group,neutral,judgment-r2-20260720,chickasaw,Chickasaw,group,neutral,opus-judgment-r2-20260722,True
/the-presidency/presidential-speeches/december-6-1830-second-annual-message-congress,83,Choctaw,group,neutral,judgment-r2-20260720,choctaw,Choctaw,group,neutral,opus-judgment-r2-20260722,True
/the-presidency/presidential-speeches/december-6-1830-second-annual-message-congress,90,Georgia,other,favorable,judgment-r2-20260720,georgia,Georgia,other,favorable,opus-judgment-r2-20260722,True
/the-presidency/presidential-speeches/december-6-1830-second-annual-message-congress,96,Jefferson,person,favorable,judgment-r2-20260720,jefferson,Jefferson,person,favorable,opus-judgment-r2-20260722,True
/the-presidency/presidential-speeches/december-6-1830-second-annual-message-congress,96,Madison,person,favorable,judgment-r2-20260720,madison,Madison,person,favorable,opus-judgment-r2-20260722,True
/the-presidency/presidential-speeches/december-6-1830-second-annual-message-congress,96,Monroe,person,favorable,judgment-r2-20260720,monroe,Monroe,person,favorable,opus-judgment-r2-20260722,True
/the-presidency/presidential-speeches/december-6-1830-second-annual-message-congress,96,Washington,person,favorable,judgment-r2-20260720,washington,Washington,person,favorable,opus-judgment-r2-20260722,True
/the-presidency/presidential-speeches/december-6-1830-second-annual-message-congress,116,Bank of the United States,institution,adversarial,judgment-r2-20260720,bank of the united states,Bank of the United States,institution,adversarial,opus-judgment-r2-20260722,True
/the-presidency/presidential-speeches/december-6-1830-second-annual-message-congress,117,Bank of the United States,institution,adversarial,judgment-r2-20260720,bank of the united states,Bank of the United States,institution,adversarial,opus-judgment-r2-20260722,True
/the-presidency/presidential-speeches/december-6-1831-third-annual-message-congress,5,England,nation,adversarial,judgment-full-20260720,england,England,nation,neutral,opus-judgment-20260721,False
/the-presidency/presidential-speeches/december-6-1831-third-annual-message-congress,5,France,nation,adversarial,judgment-full-20260720,france,France,nation,neutral,opus-judgment-20260721,False
/the-presidency/presidential-speeches/december-6-1831-third-annual-message-congress,5,Spain,nation,adversarial,judgment-full-20260720,spain,Spain,nation,neutral,opus-judgment-20260721,False
/the-presidency/presidential-speeches/december-6-1831-third-annual-message-congress,7,Great Britain,nation,neutral,judgment-full-20260720,great britain,Great Britain,nation,neutral,opus-judgment-20260721,True
/the-presidency/presidential-speeches/december-6-1831-third-annual-message-congress,8,Great Britain,nation,neutral,judgment-full-20260720,great britain,Great Britain,nation,neutral,opus-judgment-20260721,True
/the-presidency/presidential-speeches/december-6-1831-third-annual-message-congress,8,King of the Netherlands,person,neutral,judgment-full-20260720,king of the netherlands,King of the Netherlands,person,neutral,opus-judgment-20260721,True
/the-presidency/presidential-speeches/december-6-1831-third-annual-message-congress,10,King of the Netherlands,person,neutral,judgment-full-20260720,king of the netherlands,King of the Netherlands,person,neutral,opus-judgment-20260721,True
/the-presidency/presidential-speeches/december-6-1831-third-annual-message-congress,11,Great Britain,nation,neutral,judgment-full-20260720,great britain,Great Britain,nation,neutral,opus-judgment-20260721,True
/the-presidency/presidential-speeches/december-6-1831-third-annual-message-congress,11,Maine,other,favorable,judgment-full-20260720,maine,Maine,other,neutral,opus-judgment-20260721,False
/the-presidency/presidential-speeches/december-6-1831-third-annual-message-congress,12,Great Britain,nation,favorable,judgment-full-20260720,great britain,Great Britain,nation,favorable,opus-judgment-20260721,True
/the-presidency/presidential-speeches/december-6-1831-third-annual-message-congress,13,France,nation,neutral,judgment-full-20260720,france,France,nation,favorable,opus-judgment-20260721,False
/the-presidency/presidential-speeches/december-6-1831-third-annual-message-congress,14,France,nation,neutral,judgment-full-20260720,france,France,nation,neutral,opus-judgment-20260721,True
/the-presidency/presidential-speeches/december-6-1831-third-annual-message-congress,15,France,nation,neutral,judgment-full-20260720,france,France,nation,neutral,opus-judgment-20260721,True
/the-presidency/presidential-speeches/december-6-1831-third-annual-message-congress,16,France,nation,favorable,judgment-full-20260720,france,France,nation,favorable,opus-judgment-20260721,True
/the-presidency/presidential-speeches/december-6-1831-third-annual-message-congress,17,Denmark,nation,favorable,judgment-full-20260720,denmark,Denmark,nation,favorable,opus-judgment-20260721,True
/the-presidency/presidential-speeches/december-6-1831-third-annual-message-congress,17,Spain,nation,adversarial,judgment-full-20260720,spain,Spain,nation,adversarial,opus-judgment-20260721,True
/the-presidency/presidential-speeches/december-6-1831-third-annual-message-congress,17,Sweden,nation,favorable,judgment-full-20260720,sweden,Sweden,nation,favorable,opus-judgment-20260721,True
/the-presidency/presidential-speeches/december-6-1831-third-annual-message-congress,18,Spain,nation,adversarial,judgment-full-20260720,spain,Spain,nation,adversarial,opus-judgment-20260721,True
/the-presidency/presidential-speeches/december-6-1831-third-annual-message-congress,19,His Catholic Majesty,person,neutral,judgment-full-20260720,his catholic majesty,His Catholic Majesty,person,adversarial,opus-judgment-20260721,False
/the-presidency/presidential-speeches/december-6-1831-third-annual-message-congress,19,Spain,nation,adversarial,judgment-full-20260720,spain,Spain,nation,adversarial,opus-judgment-20260721,True
/the-presidency/presidential-speeches/december-6-1831-third-annual-message-congress,20,France,nation,neutral,judgment-full-20260720,france,France,nation,neutral,opus-judgment-20260721,True
/the-presidency/presidential-speeches/december-6-1831-third-annual-message-congress,20,Naples,nation,neutral,judgment-full-20260720,naples,Naples,nation,neutral,opus-judgment-20260721,True
/the-presidency/presidential-speeches/december-6-1831-third-annual-message-congress,21,His Sicilian Majesty,person,neutral,judgment-full-20260720,his sicilian majesty,His Sicilian Majesty,person,neutral,opus-judgment-20260721,True
/the-presidency/presidential-speeches/december-6-1831-third-annual-message-congress,21,Two Sicilies,nation,adversarial,judgment-full-20260720,two sicilies,two Sicilies,nation,adversarial,opus-judgment-20260721,True
/the-presidency/presidential-speeches/december-6-1831-third-annual-message-congress,22,Portugal,nation,adversarial,judgment-full-20260720,portugal,Portugal,nation,neutral,opus-judgment-20260721,False
/the-presidency/presidential-speeches/december-6-1831-third-annual-message-congress,23,Russia,nation,favorable,judgment-full-20260720,russia,Russia,nation,favorable,opus-judgment-20260721,True
/the-presidency/presidential-speeches/december-6-1831-third-annual-message-congress,24,Austria,nation,favorable,judgment-full-20260720,austria,Austria,nation,favorable,opus-judgment-20260721,True
/the-presidency/presidential-speeches/december-6-1831-third-annual-message-congress,24,Prussia,nation,favorable,judgment-full-20260720,prussia,Prussia,nation,favorable,opus-judgment-20260721,True
/the-presidency/presidential-speeches/december-6-1831-third-annual-message-congress,27,Mexico,nation,neutral,judgment-full-20260720,mexico,Mexico,nation,neutral,opus-judgment-20260721,True
/the-presidency/presidential-speeches/december-6-1831-third-annual-message-congress,29,Colombia,nation,favorable,judgment-full-20260720,colombia,Colombia,nation,favorable,opus-judgment-20260721,True
/the-presidency/presidential-speeches/december-6-1831-third-annual-message-congress,30,Brazil,nation,neutral,judgment-full-20260720,brazil,Brazil,nation,neutral,opus-judgment-20260721,True
/the-presidency/presidential-speeches/december-6-1831-third-annual-message-congress,30,Chili,nation,neutral,judgment-full-20260720,chili,Chili,nation,neutral,opus-judgment-20260721,True
/the-presidency/presidential-speeches/december-6-1831-third-annual-message-congress,30,Peru,nation,neutral,judgment-full-20260720,peru,Peru,nation,neutral,opus-judgment-20260721,True
/the-presidency/presidential-speeches/december-6-1831-third-annual-message-congress,31,Buenos Aires,nation,adversarial,judgment-full-20260720,buenos aires,Buenos Aires,nation,adversarial,opus-judgment-20260721,True
/the-presidency/presidential-speeches/december-6-1831-third-annual-message-congress,36,Chickasaws,group,neutral,judgment-full-20260720,chickasaws,Chickasaws,group,neutral,opus-judgment-20260721,True
/the-presidency/presidential-speeches/december-6-1831-third-annual-message-congress,36,Choctaws,group,neutral,judgment-full-20260720,choctaws,Choctaws,group,neutral,opus-judgment-20260721,True
/the-presidency/presidential-speeches/december-6-1831-third-annual-message-congress,37,Cherokee,group,neutral,judgment-full-20260720,cherokee,Cherokee,group,neutral,opus-judgment-20260721,True
/the-presidency/presidential-speeches/december-6-1831-third-annual-message-congress,37,Georgia,other,neutral,judgment-full-20260720,georgia,Georgia,other,neutral,opus-judgment-20260721,True
/the-presidency/presidential-speeches/december-6-1831-third-annual-message-congress,53,Bank of the United States,institution,adversarial,judgment-full-20260720,bank of the united states,Bank of the United States,institution,adversarial,opus-judgment-20260721,True
/the-presidency/presidential-speeches/december-6-1858-second-annual-message,1,Supreme Court,institution,favorable,judgment-full-20260720,supreme court,Supreme Court,institution,favorable,opus-judgment-20260721,True
/the-presidency/presidential-speeches/december-6-1858-second-annual-message,3,Topeka organization,group,adversarial,judgment-full-20260720,topeka organization,Topeka organization,group,adversarial,opus-judgment-20260721,True
/the-presidency/presidential-speeches/december-6-1858-second-annual-message,24,Brigham Young,person,adversarial,judgment-full-20260720,brigham young,Brigham Young,person,adversarial,opus-judgment-20260721,True
/the-presidency/presidential-speeches/december-6-1858-second-annual-message,24,Mormons,group,adversarial,judgment-full-20260720,mormons,Mormons,group,adversarial,opus-judgment-20260721,True
/the-presidency/presidential-speeches/december-6-1858-second-annual-message,25,Mormons,group,adversarial,judgment-full-20260720,mormons,Mormons,group,adversarial,opus-judgment-20260721,True
/the-presidency/presidential-speeches/december-6-1858-second-annual-message,26,Daniel H. Wells,person,adversarial,judgment-full-20260720,daniel h. wells,Daniel H. Wells,person,adversarial,opus-judgment-20260721,True
/the-presidency/presidential-speeches/december-6-1858-second-annual-message,26,Mormons,group,adversarial,judgment-full-20260720,mormons,Mormons,group,adversarial,opus-judgment-20260721,True
/the-presidency/presidential-speeches/december-6-1858-second-annual-message,27,General Johnston,person,favorable,judgment-full-20260720,general johnston,General Johnston,person,favorable,opus-judgment-20260721,True
/the-presidency/presidential-speeches/december-6-1858-second-annual-message,27,Mormons,group,adversarial,judgment-full-20260720,mormons,Mormons,group,adversarial,opus-judgment-20260721,True
/the-presidency/presidential-speeches/december-6-1858-second-annual-message,28,Secretary of War,institution,favorable,judgment-full-20260720,secretary of war,Secretary of War,person,favorable,opus-judgment-20260721,True
/the-presidency/presidential-speeches/december-6-1858-second-annual-message,30,General Johnston,person,favorable,judgment-full-20260720,general johnston,General Johnston,person,favorable,opus-judgment-20260721,True
/the-presidency/presidential-speeches/december-6-1858-second-annual-message,32,General Johnston,person,favorable,judgment-full-20260720,general johnston,General Johnston,person,favorable,opus-judgment-20260721,True
/the-presidency/presidential-speeches/december-6-1858-second-annual-message,34,Governor Cumming,person,favorable,judgment-full-20260720,governor cumming,Governor Cumming,person,favorable,opus-judgment-20260721,True
/the-presidency/presidential-speeches/december-6-1858-second-annual-message,34,Thomas L. Kane,person,favorable,judgment-full-20260720,thomas l. kane,Thomas L. Kane,person,favorable,opus-judgment-20260721,True
/the-presidency/presidential-speeches/december-6-1858-second-annual-message,37,China,nation,neutral,judgment-full-20260720,china,China,nation,neutral,opus-judgment-20260721,True
/the-presidency/presidential-speeches/december-6-1858-second-annual-message,37,France,nation,neutral,judgment-full-20260720,france,France,nation,neutral,opus-judgment-20260721,True
/the-presidency/presidential-speeches/december-6-1858-second-annual-message,37,Great Britain,nation,neutral,judgment-full-20260720,great britain,Great Britain,nation,neutral,opus-judgment-20260721,True
/the-presidency/presidential-speeches/december-6-1858-second-annual-message,38,China,nation,adversarial,judgment-full-20260720,china,China,nation,neutral,opus-judgment-20260721,False
/the-presidency/presidential-speeches/december-6-1858-second-annual-message,39,Japan,nation,neutral,judgment-full-20260720,japan,Japan,nation,neutral,opus-judgment-20260721,True
/the-presidency/presidential-speeches/december-6-1858-second-annual-message,40,Great Britain,nation,neutral,judgment-full-20260720,great britain,Great Britain,nation,neutral,opus-judgment-20260721,True
/the-presidency/presidential-speeches/december-6-1858-second-annual-message,41,Great Britain,nation,adversarial,judgment-full-20260720,great britain,Great Britain,nation,neutral,opus-judgment-20260721,False
/the-presidency/presidential-speeches/december-6-1858-second-annual-message,42,Great Britain,nation,adversarial,judgment-full-20260720,great britain,Great Britain,nation,neutral,opus-judgment-20260721,False
/the-presidency/presidential-speeches/december-6-1858-second-annual-message,48,Spain,nation,adversarial,judgment-full-20260720,spain,Spain,nation,neutral,opus-judgment-20260721,False
/the-presidency/presidential-speeches/december-6-1858-second-annual-message,49,Captain-General of Cuba,person,adversarial,judgment-full-20260720,captain-general of cuba,Captain-General of Cuba,person,adversarial,opus-judgment-20260721,True
/the-presidency/presidential-speeches/december-6-1858-second-annual-message,51,Captain-General of Cuba,person,adversarial,judgment-full-20260720,captain-general of cuba,Captain-General of Cuba,person,neutral,opus-judgment-20260721,False
/the-presidency/presidential-speeches/december-6-1858-second-annual-message,54,Cuba,other,adversarial,judgment-full-20260720,cuba,Cuba,nation,neutral,opus-judgment-20260721,False
/the-presidency/presidential-speeches/december-6-1858-second-annual-message,54,Great Britain,nation,neutral,judgment-full-20260720,great britain,Great Britain,nation,neutral,opus-judgment-20260721,True
/the-presidency/presidential-speeches/december-6-1858-second-annual-message,57,Napoleon,person,neutral,judgment-full-20260720,napoleon,Napoleon,person,neutral,opus-judgment-20260721,True
/the-presidency/presidential-speeches/december-6-1858-second-annual-message,58,Jefferson,person,favorable,judgment-full-20260720,jefferson,Jefferson,person,favorable,opus-judgment-20260721,True
/the-presidency/presidential-speeches/december-6-1858-second-annual-message,58,Polk,person,favorable,judgment-full-20260720,polk,Polk,person,favorable,opus-judgment-20260721,True
/the-presidency/presidential-speeches/december-6-1858-second-annual-message,60,Mexico,nation,neutral,judgment-full-20260720,mexico,Mexico,nation,neutral,opus-judgment-20260721,True
/the-presidency/presidential-speeches/december-6-1858-second-annual-message,61,Mexico,nation,adversarial,judgment-full-20260720,mexico,Mexico,nation,neutral,opus-judgment-20260721,False
/the-presidency/presidential-speeches/december-6-1858-second-annual-message,62,Mexico,nation,adversarial,judgment-full-20260720,mexico,Mexico,nation,neutral,opus-judgment-20260721,False
/the-presidency/presidential-speeches/december-6-1858-second-annual-message,63,Mexico,nation,adversarial,judgment-full-20260720,mexico,Mexico,nation,adversarial,opus-judgment-20260721,True
/the-presidency/presidential-speeches/december-6-1858-second-annual-message,64,Mr. Forsyth,person,favorable,judgment-full-20260720,mr. forsyth,Mr. Forsyth,person,favorable,opus-judgment-20260721,True
/the-presidency/presidential-speeches/december-6-1858-second-annual-message,65,Mr. Forsyth,person,favorable,judgment-full-20260720,mr. forsyth,Mr. Forsyth,person,favorable,opus-judgment-20260721,True
/the-presidency/presidential-speeches/december-6-1858-second-annual-message,66,Mexico,nation,adversarial,judgment-full-20260720,mexico,Mexico,nation,adversarial,opus-judgment-20260721,True
/the-presidency/presidential-speeches/december-6-1858-second-annual-message,68,Indians,group,adversarial,judgment-full-20260720,indians,Indians,group,adversarial,opus-judgment-20260721,True
/the-presidency/presidential-speeches/december-6-1858-second-annual-message,73,Nicaragua,nation,neutral,judgment-full-20260720,nicaragua,Nicaragua,nation,neutral,opus-judgment-20260721,True
/the-presidency/presidential-speeches/december-6-1858-second-annual-message,75,Nicaragua,nation,adversarial,judgment-full-20260720,nicaragua,Nicaragua,nation,neutral,opus-judgment-20260721,False
/the-presidency/presidential-speeches/december-6-1858-second-annual-message,77,Nicaragua,nation,adversarial,judgment-full-20260720,nicaragua,Nicaragua,nation,neutral,opus-judgment-20260721,False
/the-presidency/presidential-speeches/december-6-1858-second-annual-message,80,New Granada,nation,neutral,judgment-full-20260720,new granada,New Granada,nation,neutral,opus-judgment-20260721,True
/the-presidency/presidential-speeches/december-6-1858-second-annual-message,81,Mexico,nation,neutral,judgment-full-20260720,mexico,Mexico,nation,neutral,opus-judgment-20260721,True
/the-presidency/presidential-speeches/december-6-1858-second-annual-message,82,Costa Rica,nation,adversarial,judgment-full-20260720,costa rica,Costa Rica,nation,adversarial,opus-judgment-20260721,True
/the-presidency/presidential-speeches/december-6-1858-second-annual-message,83,Costa Rica,nation,adversarial,judgment-full-20260720,costa rica,Costa Rica,nation,adversarial,opus-judgment-20260721,True
/the-presidency/presidential-speeches/december-6-1858-second-annual-message,83,Nicaragua,nation,adversarial,judgment-full-20260720,nicaragua,Nicaragua,nation,neutral,opus-judgment-20260721,False
/the-presidency/presidential-speeches/december-6-1858-second-annual-message,84,Costa Rica,nation,adversarial,judgment-full-20260720,costa rica,Costa Rica,nation,neutral,opus-judgment-20260721,False
/the-presidency/presidential-speeches/december-6-1858-second-annual-message,84,Nicaragua,nation,adversarial,judgment-full-20260720,nicaragua,Nicaragua,nation,neutral,opus-judgment-20260721,False
/the-presidency/presidential-speeches/december-6-1858-second-annual-message,85,New Granada,nation,neutral,judgment-full-20260720,new granada,New Granada,nation,neutral,opus-judgment-20260721,True
/the-presidency/presidential-speeches/december-6-1858-second-annual-message,86,New Granada,nation,adversarial,judgment-full-20260720,new granada,New Granada,nation,neutral,opus-judgment-20260721,False
/the-presidency/presidential-speeches/december-6-1858-second-annual-message,87,Brazil,nation,neutral,judgment-full-20260720,brazil,Brazil,nation,favorable,opus-judgment-20260721,False
/the-presidency/presidential-speeches/december-6-1858-second-annual-message,88,Brazil,nation,neutral,judgment-full-20260720,brazil,Brazil,nation,neutral,opus-judgment-20260721,True
/the-presidency/presidential-speeches/december-6-1858-second-annual-message,89,Paraguay,nation,adversarial,judgment-full-20260720,paraguay,Paraguay,nation,neutral,opus-judgment-20260721,False
/the-presidency/presidential-speeches/december-6-1858-second-annual-message,90,Paraguay,nation,adversarial,judgment-full-20260720,paraguay,Paraguay,nation,neutral,opus-judgment-20260721,False
/the-presidency/presidential-speeches/december-6-1858-second-annual-message,91,Paraguay,nation,adversarial,judgment-full-20260720,paraguay,Paraguay,nation,adversarial,opus-judgment-20260721,True
/the-presidency/presidential-speeches/december-6-1858-second-annual-message,123,Monroe,person,favorable,judgment-full-20260720,monroe,Monroe,person,favorable,opus-judgment-20260721,True
/the-presidency/presidential-speeches/december-6-1858-second-annual-message,124,Colonization Society,institution,favorable,judgment-full-20260720,colonization society,Colonization Society,institution,favorable,opus-judgment-20260721,True
/the-presidency/presidential-speeches/december-6-1858-second-annual-message,125,Colonization Society,institution,favorable,judgment-full-20260720,colonization society,Colonization Society,institution,favorable,opus-judgment-20260721,True
/the-presidency/presidential-speeches/december-6-1864-fourth-annual-message,0,Mexico,nation,neutral,judgment-full-20260720,mexico,Mexico,nation,neutral,opus-judgment-20260721,True
/the-presidency/presidential-speeches/december-6-1864-fourth-annual-message,1,Costa Rica,nation,neutral,judgment-full-20260720,costa rica,Costa Rica,nation,neutral,opus-judgment-20260721,True
/the-presidency/presidential-speeches/december-6-1864-fourth-annual-message,1,Nicaragua,nation,neutral,judgment-full-20260720,nicaragua,Nicaragua,nation,neutral,opus-judgment-20260721,True
/the-presidency/presidential-speeches/december-6-1864-fourth-annual-message,2,United States of Colombia,nation,favorable,judgment-full-20260720,united states of colombia,United States of Colombia,nation,favorable,opus-judgment-20260721,True
/the-presidency/presidential-speeches/december-6-1864-fourth-annual-message,2,Venezuela,nation,favorable,judgment-full-20260720,venezuela,Venezuela,nation,favorable,opus-judgment-20260721,True
/the-presidency/presidential-speeches/december-6-1864-fourth-annual-message,3,Peru,nation,favorable,judgment-full-20260720,peru,Peru,nation,favorable,opus-judgment-20260721,True
/the-presidency/presidential-speeches/december-6-1864-fourth-annual-message,3,Spain,nation,neutral,judgment-full-20260720,spain,Spain,nation,neutral,opus-judgment-20260721,True
/the-presidency/presidential-speeches/december-6-1864-fourth-annual-message,4,Chile,nation,favorable,judgment-full-20260720,chile,Chile,nation,favorable,opus-judgment-20260721,True
/the-presidency/presidential-speeches/december-6-1864-fourth-annual-message,5,Liberia,nation,favorable,judgment-full-20260720,liberia,Liberia,nation,favorable,opus-judgment-20260721,True
/the-presidency/presidential-speeches/december-6-1864-fourth-annual-message,6,Great Britain,nation,favorable,judgment-full-20260720,great britain,Great Britain,nation,favorable,opus-judgment-20260721,True
/the-presidency/presidential-speeches/december-6-1864-fourth-annual-message,6,Russia,nation,favorable,judgment-full-20260720,russia,Russia,nation,favorable,opus-judgment-20260721,True
/the-presidency/presidential-speeches/december-6-1864-fourth-annual-message,7,Egypt,nation,neutral,judgment-full-20260720,egypt,Egypt,nation,neutral,opus-judgment-20260721,True
/the-presidency/presidential-speeches/december-6-1864-fourth-annual-message,8,China,nation,neutral,judgment-full-20260720,china,China,nation,favorable,opus-judgment-20260721,False
/the-presidency/presidential-speeches/december-6-1864-fourth-annual-message,9,Japan,nation,neutral,judgment-full-20260720,japan,Japan,nation,neutral,opus-judgment-20260721,True
/the-presidency/presidential-speeches/december-6-1864-fourth-annual-message,11,foreign slave traders,group,adversarial,judgment-full-20260720,foreign slave traders,foreign slave traders,group,adversarial,opus-judgment-20260721,True
/the-presidency/presidential-speeches/december-6-1864-fourth-annual-message,12,Brazil,nation,neutral,judgment-full-20260720,brazil,Brazil,nation,neutral,opus-judgment-20260721,True
/the-presidency/presidential-speeches/december-6-1864-fourth-annual-message,12,Disloyal emissaries,group,adversarial,judgment-full-20260720,disloyal emissaries,Disloyal emissaries,group,adversarial,opus-judgment-20260721,True
/the-presidency/presidential-speeches/december-6-1864-fourth-annual-message,12,Great Britain,nation,neutral,judgment-full-20260720,great britain,Great Britain,nation,neutral,opus-judgment-20260721,True
/the-presidency/presidential-speeches/december-6-1864-fourth-annual-message,12,insurgents,group,adversarial,judgment-full-20260720,insurgents,insurgents,group,adversarial,opus-judgment-20260721,True
/the-presidency/presidential-speeches/december-6-1864-fourth-annual-message,13,Great Britain,nation,neutral,judgment-full-20260720,great britain,Great Britain,nation,neutral,opus-judgment-20260721,True
/the-presidency/presidential-speeches/december-6-1864-fourth-annual-message,13,inimical and desperate persons,group,adversarial,judgment-full-20260720,inimical and desperate persons,inimical and desperate persons,group,adversarial,opus-judgment-20260721,True
/the-presidency/presidential-speeches/december-6-1864-fourth-annual-message,14,Canada,nation,neutral,judgment-full-20260720,canada,Canada,nation,favorable,opus-judgment-20260721,False
/the-presidency/presidential-speeches/december-6-1864-fourth-annual-message,38,General Sherman,person,favorable,judgment-full-20260720,general sherman,General Sherman,person,favorable,opus-judgment-20260721,True
/the-presidency/presidential-speeches/december-6-1864-fourth-annual-message,38,the enemy,group,adversarial,judgment-full-20260720,the enemy,the enemy,group,adversarial,opus-judgment-20260721,True
/the-presidency/presidential-speeches/december-6-1864-fourth-annual-message,39,the genius of rebellion,other,adversarial,judgment-full-20260720,the genius of rebellion,the genius of rebellion,other,adversarial,opus-judgment-20260721,True
/the-presidency/presidential-speeches/december-6-1864-fourth-annual-message,49,the insurgent leader,person,adversarial,judgment-full-20260720,the insurgent leader,the insurgent leader,person,adversarial,opus-judgment-20260721,True
/the-presidency/presidential-speeches/december-6-1864-fourth-annual-message,50,the insurgent leader,person,adversarial,judgment-full-20260720,the insurgent leader,the insurgent leader,person,adversarial,opus-judgment-20260721,True
/the-presidency/presidential-speeches/december-6-1880-fourth-annual-message,18,Mormon sect,group,adversarial,judgment-full-20260720,mormon sect,Mormon sect,group,adversarial,opus-judgment-20260721,True
/the-presidency/presidential-speeches/december-6-1880-fourth-annual-message,19,Mormon sect,group,adversarial,judgment-full-20260720,mormon sect,Mormon sect,group,adversarial,opus-judgment-20260721,True
/the-presidency/presidential-speeches/december-6-1880-fourth-annual-message,21,British Government,nation,neutral,judgment-full-20260720,british government,British Government,nation,neutral,opus-judgment-20260721,True
/the-presidency/presidential-speeches/december-6-1880-fourth-annual-message,22,Her Majesty's Government,nation,neutral,judgment-full-20260720,her majesty's government,Her Majesty's Government,nation,favorable,opus-judgment-20260721,False
/the-presidency/presidential-speeches/december-6-1880-fourth-annual-message,24,French Republic,nation,neutral,judgment-full-20260720,french republic,French Republic,nation,favorable,opus-judgment-20260721,False
/the-presidency/presidential-speeches/december-6-1880-fourth-annual-message,25,German Empire,nation,favorable,judgment-full-20260720,german empire,German Empire,nation,favorable,opus-judgment-20260721,True
/the-presidency/presidential-speeches/december-6-1880-fourth-annual-message,34,Colombia,nation,neutral,judgment-full-20260720,colombia,Colombia,nation,neutral,opus-judgment-20260721,True
/the-presidency/presidential-speeches/december-6-1880-fourth-annual-message,37,Brazil,nation,favorable,judgment-full-20260720,brazil,Brazil,nation,favorable,opus-judgment-20260721,True
/the-presidency/presidential-speeches/december-6-1880-fourth-annual-message,43,Great Britain,nation,adversarial,judgment-full-20260720,great britain,Great Britain,nation,neutral,opus-judgment-20260721,False
/the-presidency/presidential-speeches/december-6-1880-fourth-annual-message,83,Sitting Bull,person,adversarial,judgment-full-20260720,sitting bull,Sitting Bull,person,adversarial,opus-judgment-20260721,True
/the-presidency/presidential-speeches/december-6-1880-fourth-annual-message,83,Victoria,person,adversarial,judgment-full-20260720,victoria,Victoria,person,adversarial,opus-judgment-20260721,True
/the-presidency/presidential-speeches/december-7-1909-first-annual-message,0,Great Britain,nation,neutral,judgment-full-20260720,great britain,Great Britain,nation,neutral,opus-judgment-20260721,True
/the-presidency/presidential-speeches/december-7-1909-first-annual-message,1,Great Britain,nation,neutral,judgment-full-20260720,great britain,Great Britain,nation,neutral,opus-judgment-20260721,True
/the-presidency/presidential-speeches/december-7-1909-first-annual-message,3,Great Britain,nation,neutral,judgment-full-20260720,great britain,Great Britain,nation,neutral,opus-judgment-20260721,True
/the-presidency/presidential-speeches/december-7-1909-first-annual-message,4,Great Britain,nation,neutral,judgment-full-20260720,great britain,Great Britain,nation,neutral,opus-judgment-20260721,True
/the-presidency/presidential-speeches/december-7-1909-first-annual-message,5,Great Britain,nation,neutral,judgment-full-20260720,great britain,Great Britain,nation,neutral,opus-judgment-20260721,True
/the-presidency/presidential-speeches/december-7-1909-first-annual-message,5,Japan,nation,neutral,judgment-full-20260720,japan,Japan,nation,neutral,opus-judgment-20260721,True
/the-presidency/presidential-speeches/december-7-1909-first-annual-message,5,Russia,nation,neutral,judgment-full-20260720,russia,Russia,nation,neutral,opus-judgment-20260721,True
/the-presidency/presidential-speeches/december-7-1909-first-annual-message,10,Belgium,nation,neutral,judgment-full-20260720,belgium,Belgium,nation,neutral,opus-judgment-20260721,True
/the-presidency/presidential-speeches/december-7-1909-first-annual-message,13,Germany,nation,neutral,judgment-full-20260720,germany,Germany,nation,neutral,opus-judgment-20260721,True
/the-presidency/presidential-speeches/december-7-1909-first-annual-message,14,Liberia,nation,favorable,judgment-full-20260720,liberia,Liberia,nation,favorable,opus-judgment-20260721,True
/the-presidency/presidential-speeches/december-7-1909-first-annual-message,15,Liberia,nation,favorable,judgment-full-20260720,liberia,Liberia,nation,favorable,opus-judgment-20260721,True
/the-presidency/presidential-speeches/december-7-1909-first-annual-message,16,Norway,nation,neutral,judgment-full-20260720,norway,Norway,nation,neutral,opus-judgment-20260721,True
/the-presidency/presidential-speeches/december-7-1909-first-annual-message,19,Persia,nation,neutral,judgment-full-20260720,persia,Persia,nation,neutral,opus-judgment-20260721,True
/the-presidency/presidential-speeches/december-7-1909-first-annual-message,19,Turkey,nation,neutral,judgment-full-20260720,turkey,Turkey,nation,neutral,opus-judgment-20260721,True
/the-presidency/presidential-speeches/december-7-1909-first-annual-message,20,Bolivia,nation,neutral,judgment-full-20260720,bolivia,Bolivia,nation,neutral,opus-judgment-20260721,True
/the-presidency/presidential-speeches/december-7-1909-first-annual-message,20,Peru,nation,neutral,judgment-full-20260720,peru,Peru,nation,neutral,opus-judgment-20260721,True
/the-presidency/presidential-speeches/december-7-1909-first-annual-message,22,Argentine Republic,nation,favorable,judgment-full-20260720,argentine republic,Argentine Republic,nation,favorable,opus-judgment-20260721,True
/the-presidency/presidential-speeches/december-7-1909-first-annual-message,27,Mexico,nation,favorable,judgment-full-20260720,mexico,Mexico,nation,favorable,opus-judgment-20260721,True
/the-presidency/presidential-speeches/december-7-1909-first-annual-message,27,Panama,nation,neutral,judgment-full-20260720,panama,Panama,nation,neutral,opus-judgment-20260721,True
/the-presidency/presidential-speeches/december-7-1909-first-annual-message,27,Venezuela,nation,neutral,judgment-full-20260720,venezuela,Venezuela,nation,neutral,opus-judgment-20260721,True
/the-presidency/presidential-speeches/december-7-1909-first-annual-message,28,Cuba,nation,neutral,judgment-full-20260720,cuba,Cuba,nation,neutral,opus-judgment-20260721,True
/the-presidency/presidential-speeches/december-7-1909-first-annual-message,28,Panama,nation,neutral,judgment-full-20260720,panama,Panama,nation,favorable,opus-judgment-20260721,False
/the-presidency/presidential-speeches/december-7-1909-first-annual-message,29,Dominican Republic,nation,neutral,judgment-full-20260720,dominican republic,Dominican Republic,nation,neutral,opus-judgment-20260721,True
/the-presidency/presidential-speeches/december-7-1909-first-annual-message,31,Chile,nation,neutral,judgment-full-20260720,chile,Chile,nation,neutral,opus-judgment-20260721,True
/the-presidency/presidential-speeches/december-7-1909-first-annual-message,31,Nicaragua,nation,neutral,judgment-full-20260720,nicaragua,Nicaragua,nation,neutral,opus-judgment-20260721,True
/the-presidency/presidential-speeches/december-7-1909-first-annual-message,32,Zelaya Government,institution,adversarial,judgment-full-20260720,zelaya government,Zelaya Government,institution,adversarial,opus-judgment-20260721,True
/the-presidency/presidential-speeches/december-7-1909-first-annual-message,34,Zelaya Government,institution,adversarial,judgment-full-20260720,zelaya government,Zelaya Government,institution,adversarial,opus-judgment-20260721,True
/the-presidency/presidential-speeches/december-7-1909-first-annual-message,36,China,nation,neutral,judgment-full-20260720,china,China,nation,neutral,opus-judgment-20260721,True
/the-presidency/presidential-speeches/december-7-1909-first-annual-message,37,China,nation,neutral,judgment-full-20260720,china,China,nation,neutral,opus-judgment-20260721,True
/the-presidency/presidential-speeches/december-7-1909-first-annual-message,40,China,nation,favorable,judgment-full-20260720,china,China,nation,favorable,opus-judgment-20260721,True
/the-presidency/presidential-speeches/december-7-1909-first-annual-message,41,China,nation,neutral,judgment-full-20260720,china,China,nation,neutral,opus-judgment-20260721,True
/the-presidency/presidential-speeches/december-7-1909-first-annual-message,41,Japan,nation,neutral,judgment-full-20260720,japan,Japan,nation,neutral,opus-judgment-20260721,True
/the-presidency/presidential-speeches/december-7-1909-first-annual-message,42,Japan,nation,favorable,judgment-full-20260720,japan,Japan,nation,favorable,opus-judgment-20260721,True
/the-presidency/presidential-speeches/december-7-1909-first-annual-message,43,Siam,nation,neutral,judgment-full-20260720,siam,Siam,nation,neutral,opus-judgment-20260721,True
/the-presidency/presidential-speeches/december-7-1909-first-annual-message,63,American Sugar Refining Company,institution,adversarial,judgment-full-20260720,american sugar refining company,American Sugar Refining Company,institution,adversarial,opus-judgment-20260721,True
/the-presidency/presidential-speeches/december-7-1961-address-miami-opening-afl-cio-convention,0,Governor Bryant,person,neutral,judgment-full-20260720,governor bryant,Governor Bryant,person,neutral,opus-judgment-20260721,True
/the-presidency/presidential-speeches/december-7-1961-address-miami-opening-afl-cio-convention,1,Arthur Goldberg,person,favorable,judgment-full-20260720,arthur goldberg,Arthur Goldberg,person,favorable,opus-judgment-20260721,True
/the-presidency/presidential-speeches/december-7-1961-address-miami-opening-afl-cio-convention,2,Franklin Roosevelt,person,favorable,judgment-full-20260720,franklin roosevelt,Franklin Roosevelt,person,favorable,opus-judgment-20260721,True
/the-presidency/presidential-speeches/december-7-1961-address-miami-opening-afl-cio-convention,3,Communists,group,adversarial,judgment-full-20260720,communists,Communists,group,adversarial,opus-judgment-20260721,True
/the-presidency/presidential-speeches/december-7-1961-address-miami-opening-afl-cio-convention,6,Communists,group,adversarial,judgment-full-20260720,communists,Communists,group,adversarial,opus-judgment-20260721,True
/the-presidency/presidential-speeches/december-7-1961-address-miami-opening-afl-cio-convention,6,Soviet Union,nation,adversarial,judgment-full-20260720,soviet union,Soviet Union,nation,adversarial,opus-judgment-20260721,True
/the-presidency/presidential-speeches/december-7-1961-address-miami-opening-afl-cio-convention,10,Communist movement,group,adversarial,judgment-full-20260720,communist movement,Communist movement,group,adversarial,opus-judgment-20260721,True
/the-presidency/presidential-speeches/december-7-1961-address-miami-opening-afl-cio-convention,11,AFL-CIO,group,favorable,judgment-full-20260720,afl-cio,AFL-CIO,institution,favorable,opus-judgment-20260721,True
/the-presidency/presidential-speeches/december-7-1961-address-miami-opening-afl-cio-convention,18,Thomas Jefferson,person,favorable,judgment-full-20260720,thomas jefferson,Thomas Jefferson,person,favorable,opus-judgment-20260721,True
/the-presidency/presidential-speeches/december-7-1961-address-miami-opening-afl-cio-convention,23,Senator Clark,person,neutral,judgment-full-20260720,senator clark,Senator Clark,person,favorable,opus-judgment-20260721,False
/the-presidency/presidential-speeches/december-7-1961-address-miami-opening-afl-cio-convention,37,AF of L,group,favorable,judgment-full-20260720,af of l,AF of L,institution,favorable,opus-judgment-20260721,True
/the-presidency/presidential-speeches/december-7-1961-address-miami-opening-afl-cio-convention,37,Truman,person,favorable,judgment-full-20260720,truman,Truman,person,favorable,opus-judgment-20260721,True
/the-presidency/presidential-speeches/december-7-1961-address-miami-opening-afl-cio-convention,37,Woodrow Wilson,person,favorable,judgment-full-20260720,woodrow wilson,Woodrow Wilson,person,favorable,opus-judgment-20260721,True
/the-presidency/presidential-speeches/december-8-1798-second-annual-message,2,France,nation,adversarial,judgment-full-20260720,france,France,nation,adversarial,opus-judgment-20260721,True
/the-presidency/presidential-speeches/december-8-1798-second-annual-message,3,the Directory,institution,adversarial,judgment-full-20260720,the directory,the Directory,institution,adversarial,opus-judgment-20260721,True
/the-presidency/presidential-speeches/december-8-1798-second-annual-message,4,France,nation,adversarial,judgment-full-20260720,france,France,nation,adversarial,opus-judgment-20260721,True
/the-presidency/presidential-speeches/december-8-1798-second-annual-message,6,France,nation,adversarial,judgment-full-20260720,france,France,nation,adversarial,opus-judgment-20260721,True
/the-presidency/presidential-speeches/december-8-1798-second-annual-message,7,France,nation,adversarial,judgment-full-20260720,france,France,nation,neutral,opus-judgment-20260721,False
/the-presidency/presidential-speeches/december-8-1798-second-annual-message,8,France,nation,adversarial,judgment-full-20260720,france,France,nation,adversarial,opus-judgment-20260721,True
/the-presidency/presidential-speeches/december-8-1798-second-annual-message,11,Spain,nation,neutral,judgment-full-20260720,spain,Spain,nation,neutral,opus-judgment-20260721,True
/the-presidency/presidential-speeches/december-8-1798-second-annual-message,12,Southern Indians,group,adversarial,judgment-full-20260720,southern indians,Southern Indians,group,neutral,opus-judgment-20260721,False
/the-presidency/presidential-speeches/december-8-1798-second-annual-message,15,Great Britain,nation,neutral,judgment-full-20260720,great britain,Great Britain,nation,neutral,opus-judgment-20260721,True
/the-presidency/presidential-speeches/december-8-1798-second-annual-message,16,Spain,nation,neutral,judgment-full-20260720,spain,Spain,nation,neutral,opus-judgment-20260721,True
/the-presidency/presidential-speeches/december-8-1857-first-annual-message,8,Bank of England,institution,neutral,judgment-full-20260720,bank of england,Bank of England,institution,neutral,opus-judgment-20260721,True
/the-presidency/presidential-speeches/december-8-1857-first-annual-message,18,Bank of England,institution,neutral,judgment-full-20260720,bank of england,Bank of England,institution,neutral,opus-judgment-20260721,True
/the-presidency/presidential-speeches/december-8-1857-first-annual-message,24,Great Britain,nation,neutral,judgment-full-20260720,great britain,Great Britain,nation,neutral,opus-judgment-20260721,True
/the-presidency/presidential-speeches/december-8-1857-first-annual-message,25,Great Britain,nation,adversarial,judgment-full-20260720,great britain,Great Britain,nation,adversarial,opus-judgment-20260721,True
/the-presidency/presidential-speeches/december-8-1857-first-annual-message,26,Great Britain,nation,adversarial,judgment-full-20260720,great britain,Great Britain,nation,adversarial,opus-judgment-20260721,True
/the-presidency/presidential-speeches/december-8-1857-first-annual-message,27,Great Britain,nation,adversarial,judgment-full-20260720,great britain,Great Britain,nation,adversarial,opus-judgment-20260721,True
/the-presidency/presidential-speeches/december-8-1857-first-annual-message,29,Honduras,nation,neutral,judgment-full-20260720,honduras,Honduras,nation,neutral,opus-judgment-20260721,True
/the-presidency/presidential-speeches/december-8-1857-first-annual-message,30,Great Britain,nation,adversarial,judgment-full-20260720,great britain,Great Britain,nation,adversarial,opus-judgment-20260721,True
/the-presidency/presidential-speeches/december-8-1857-first-annual-message,30,Honduras,nation,neutral,judgment-full-20260720,honduras,Honduras,nation,favorable,opus-judgment-20260721,False
/the-presidency/presidential-speeches/december-8-1857-first-annual-message,31,Great Britain,nation,adversarial,judgment-full-20260720,great britain,Great Britain,nation,adversarial,opus-judgment-20260721,True
/the-presidency/presidential-speeches/december-8-1857-first-annual-message,31,Honduras,nation,favorable,judgment-full-20260720,honduras,Honduras,nation,favorable,opus-judgment-20260721,True
/the-presidency/presidential-speeches/december-8-1857-first-annual-message,32,Great Britain,nation,neutral,judgment-full-20260720,great britain,Great Britain,nation,neutral,opus-judgment-20260721,True
/the-presidency/presidential-speeches/december-8-1857-first-annual-message,33,Great Britain,nation,neutral,judgment-full-20260720,great britain,Great Britain,nation,neutral,opus-judgment-20260721,True
/the-presidency/presidential-speeches/december-8-1857-first-annual-message,34,Great Britain,nation,neutral,judgment-full-20260720,great britain,Great Britain,nation,neutral,opus-judgment-20260721,True
/the-presidency/presidential-speeches/december-8-1857-first-annual-message,35,Great Britain,nation,favorable,judgment-full-20260720,great britain,Great Britain,nation,neutral,opus-judgment-20260721,False
/the-presidency/presidential-speeches/december-8-1857-first-annual-message,36,France,nation,favorable,judgment-full-20260720,france,France,nation,favorable,opus-judgment-20260721,True
/the-presidency/presidential-speeches/december-8-1857-first-annual-message,37,France,nation,neutral,judgment-full-20260720,france,France,nation,neutral,opus-judgment-20260721,True
/the-presidency/presidential-speeches/december-8-1857-first-annual-message,38,Russia,nation,favorable,judgment-full-20260720,russia,Russia,nation,favorable,opus-judgment-20260721,True
/the-presidency/presidential-speeches/december-8-1857-first-annual-message,38,Spain,nation,adversarial,judgment-full-20260720,spain,Spain,nation,adversarial,opus-judgment-20260721,True
/the-presidency/presidential-speeches/december-8-1857-first-annual-message,39,President Polk,person,favorable,judgment-full-20260720,president polk,President Polk,person,neutral,opus-judgment-20260721,False
/the-presidency/presidential-speeches/december-8-1857-first-annual-message,39,Spain,nation,adversarial,judgment-full-20260720,spain,Spain,nation,adversarial,opus-judgment-20260721,True
/the-presidency/presidential-speeches/december-8-1857-first-annual-message,40,Persia,nation,favorable,judgment-full-20260720,persia,Persia,nation,favorable,opus-judgment-20260721,True
/the-presidency/presidential-speeches/december-8-1857-first-annual-message,41,China,nation,neutral,judgment-full-20260720,china,China,nation,neutral,opus-judgment-20260721,True
/the-presidency/presidential-speeches/december-8-1857-first-annual-message,42,China,nation,neutral,judgment-full-20260720,china,China,nation,neutral,opus-judgment-20260721,True
/the-presidency/presidential-speeches/december-8-1857-first-annual-message,42,Great Britain,nation,neutral,judgment-full-20260720,great britain,Great Britain,nation,neutral,opus-judgment-20260721,True
/the-presidency/presidential-speeches/december-8-1857-first-annual-message,44,China,nation,neutral,judgment-full-20260720,china,China,nation,neutral,opus-judgment-20260721,True
/the-presidency/presidential-speeches/december-8-1857-first-annual-message,53,Paraguay,nation,adversarial,judgment-full-20260720,paraguay,Paraguay,nation,adversarial,opus-judgment-20260721,True
/the-presidency/presidential-speeches/december-8-1857-first-annual-message,54,Paraguay,nation,adversarial,judgment-full-20260720,paraguay,Paraguay,nation,adversarial,opus-judgment-20260721,True
/the-presidency/presidential-speeches/december-8-1857-first-annual-message,55,Paraguay,nation,adversarial,judgment-full-20260720,paraguay,Paraguay,nation,adversarial,opus-judgment-20260721,True
/the-presidency/presidential-speeches/december-8-1857-first-annual-message,58,Topeka constitution organization,group,adversarial,judgment-full-20260720,topeka constitution organization,Topeka constitution organization,group,adversarial,opus-judgment-20260721,True
/the-presidency/presidential-speeches/december-8-1857-first-annual-message,60,Governor Walker,person,neutral,judgment-full-20260720,governor walker,Governor Walker,person,favorable,opus-judgment-20260721,False
/the-presidency/presidential-speeches/december-8-1857-first-annual-message,68,Governor Walker,person,neutral,judgment-full-20260720,governor walker,Governor Walker,person,favorable,opus-judgment-20260721,False
/the-presidency/presidential-speeches/december-8-1857-first-annual-message,77,Brigham Young,person,adversarial,judgment-full-20260720,brigham young,Brigham Young,person,adversarial,opus-judgment-20260721,True
/the-presidency/presidential-speeches/december-8-1857-first-annual-message,78,Brigham Young,person,adversarial,judgment-full-20260720,brigham young,Brigham Young,person,adversarial,opus-judgment-20260721,True
/the-presidency/presidential-speeches/december-8-1857-first-annual-message,78,Mormon Church,group,adversarial,judgment-full-20260720,mormon church,Mormon Church,group,adversarial,opus-judgment-20260721,True
/the-presidency/presidential-speeches/december-8-1857-first-annual-message,82,Mormons,group,adversarial,judgment-full-20260720,mormons,Mormons,group,adversarial,opus-judgment-20260721,True
/the-presidency/presidential-speeches/december-8-1863-third-annual-message,0,Emperor of France,person,favorable,judgment-full-20260720,emperor of france,Emperor of France,person,favorable,opus-judgment-20260721,True
/the-presidency/presidential-speeches/december-8-1863-third-annual-message,1,Great Britain,nation,neutral,judgment-full-20260720,great britain,Great Britain,nation,favorable,opus-judgment-20260721,False
/the-presidency/presidential-speeches/december-8-1863-third-annual-message,2,Spain,nation,neutral,judgment-full-20260720,spain,Spain,nation,neutral,opus-judgment-20260721,True
/the-presidency/presidential-speeches/december-8-1863-third-annual-message,3,Chile,nation,neutral,judgment-full-20260720,chile,Chile,nation,neutral,opus-judgment-20260721,True
/the-presidency/presidential-speeches/december-8-1863-third-annual-message,3,King of the Belgians,person,favorable,judgment-full-20260720,king of the belgians,King of the Belgians,person,favorable,opus-judgment-20260721,True
/the-presidency/presidential-speeches/december-8-1863-third-annual-message,4,Peru,nation,neutral,judgment-full-20260720,peru,Peru,nation,neutral,opus-judgment-20260721,True
/the-presidency/presidential-speeches/december-8-1863-third-annual-message,4,United States of Colombia,nation,neutral,judgment-full-20260720,united states of colombia,United States of Colombia,nation,favorable,opus-judgment-20260721,False
/the-presidency/presidential-speeches/december-8-1863-third-annual-message,9,Japan,nation,neutral,judgment-full-20260720,japan,Japan,nation,neutral,opus-judgment-20260721,True
/the-presidency/presidential-speeches/december-8-1863-third-annual-message,9,Tycoon,person,favorable,judgment-full-20260720,tycoon,Tycoon,person,favorable,opus-judgment-20260721,True
/the-presidency/presidential-speeches/december-8-1863-third-annual-message,10,Emperor of Russia,person,favorable,judgment-full-20260720,emperor of russia,Emperor of Russia,person,favorable,opus-judgment-20260721,True
/the-presidency/presidential-speeches/december-8-1863-third-annual-message,39,the rebellion,group,adversarial,judgment-full-20260720,the rebellion,the rebellion,group,adversarial,opus-judgment-20260721,True
/the-presidency/presidential-speeches/december-8-1863-third-annual-message,50,insurgent power,group,adversarial,judgment-full-20260720,insurgent power,insurgent power,group,adversarial,opus-judgment-20260721,True
/the-presidency/presidential-speeches/december-8-1885-first-annual-message,0,Thomas A. Hendricks,person,favorable,judgment-full-20260720,thomas a. hendricks,Thomas A. Hendricks,person,favorable,opus-judgment-20260721,True
/the-presidency/presidential-speeches/december-8-1885-first-annual-message,4,Argentine Government,nation,adversarial,judgment-full-20260720,argentine government,Argentine Government,nation,adversarial,opus-judgment-20260721,True
/the-presidency/presidential-speeches/december-8-1885-first-annual-message,5,Austria-Hungary,nation,adversarial,judgment-full-20260720,austria-hungary,Austria-Hungary,nation,adversarial,opus-judgment-20260721,True
/the-presidency/presidential-speeches/december-8-1885-first-annual-message,5,Mr. Keiley,person,favorable,judgment-full-20260720,mr. keiley,Mr. Keiley,person,favorable,opus-judgment-20260721,True
/the-presidency/presidential-speeches/december-8-1885-first-annual-message,6,Guatemala,nation,adversarial,judgment-full-20260720,guatemala,Guatemala,nation,neutral,opus-judgment-20260721,False
/the-presidency/presidential-speeches/december-8-1885-first-annual-message,7,Colombia,nation,neutral,judgment-full-20260720,colombia,Colombia,nation,neutral,opus-judgment-20260721,True
/the-presidency/presidential-speeches/december-8-1885-first-annual-message,8,Colombia,nation,favorable,judgment-full-20260720,colombia,Colombia,nation,favorable,opus-judgment-20260721,True
/the-presidency/presidential-speeches/december-8-1885-first-annual-message,11,Nicaragua,nation,neutral,judgment-full-20260720,nicaragua,Nicaragua,nation,neutral,opus-judgment-20260721,True
/the-presidency/presidential-speeches/december-8-1885-first-annual-message,16,Mr. Cass,person,favorable,judgment-full-20260720,mr. cass,Mr. Cass,person,favorable,opus-judgment-20260721,True
/the-presidency/presidential-speeches/december-8-1885-first-annual-message,20,Chile,nation,neutral,judgment-full-20260720,chile,Chile,nation,neutral,opus-judgment-20260721,True
/the-presidency/presidential-speeches/december-8-1885-first-annual-message,20,China,nation,neutral,judgment-full-20260720,china,China,nation,favorable,opus-judgment-20260721,False
/the-presidency/presidential-speeches/december-8-1885-first-annual-message,21,China,nation,favorable,judgment-full-20260720,china,China,nation,favorable,opus-judgment-20260721,True
/the-presidency/presidential-speeches/december-8-1885-first-annual-message,22,China,nation,favorable,judgment-full-20260720,china,China,nation,favorable,opus-judgment-20260721,True
/the-presidency/presidential-speeches/december-8-1885-first-annual-message,24,King of the Belgians,person,favorable,judgment-full-20260720,king of the belgians,King of the Belgians,person,favorable,opus-judgment-20260721,True
/the-presidency/presidential-speeches/december-8-1885-first-annual-message,29,China,nation,neutral,judgment-full-20260720,china,China,nation,neutral,opus-judgment-20260721,True
/the-presidency/presidential-speeches/december-8-1885-first-annual-message,29,Japan,nation,neutral,judgment-full-20260720,japan,Japan,nation,neutral,opus-judgment-20260721,True
/the-presidency/presidential-speeches/december-8-1885-first-annual-message,29,Korea,nation,favorable,judgment-full-20260720,korea,Korea,nation,favorable,opus-judgment-20260721,True
/the-presidency/presidential-speeches/december-8-1885-first-annual-message,30,Ecuador,nation,adversarial,judgment-full-20260720,ecuador,Ecuador,nation,adversarial,opus-judgment-20260721,True
/the-presidency/presidential-speeches/december-8-1885-first-annual-message,30,Julio R. Santos,person,favorable,judgment-full-20260720,julio r. santos,Julio R. Santos,person,favorable,opus-judgment-20260721,True
/the-presidency/presidential-speeches/december-8-1885-first-annual-message,31,France,nation,neutral,judgment-full-20260720,france,France,nation,neutral,opus-judgment-20260721,True
/the-presidency/presidential-speeches/december-8-1885-first-annual-message,32,France,nation,adversarial,judgment-full-20260720,france,France,nation,adversarial,opus-judgment-20260721,True
/the-presidency/presidential-speeches/december-8-1885-first-annual-message,32,Germany,nation,adversarial,judgment-full-20260720,germany,Germany,nation,adversarial,opus-judgment-20260721,True
/the-presidency/presidential-speeches/december-8-1885-first-annual-message,33,Germany,nation,neutral,judgment-full-20260720,germany,Germany,nation,neutral,opus-judgment-20260721,True
/the-presidency/presidential-speeches/december-8-1885-first-annual-message,34,Germany,nation,neutral,judgment-full-20260720,germany,Germany,nation,neutral,opus-judgment-20260721,True
/the-presidency/presidential-speeches/december-8-1885-first-annual-message,34,Spain,nation,neutral,judgment-full-20260720,spain,Spain,nation,neutral,opus-judgment-20260721,True
/the-presidency/presidential-speeches/december-8-1885-first-annual-message,35,Great Britain,nation,favorable,judgment-full-20260720,great britain,Great Britain,nation,favorable,opus-judgment-20260721,True
/the-presidency/presidential-speeches/december-8-1885-first-annual-message,36,Great Britain,nation,neutral,judgment-full-20260720,great britain,Great Britain,nation,neutral,opus-judgment-20260721,True
/the-presidency/presidential-speeches/december-8-1885-first-annual-message,37,Great Britain,nation,favorable,judgment-full-20260720,great britain,Great Britain,nation,favorable,opus-judgment-20260721,True
/the-presidency/presidential-speeches/december-8-1885-first-annual-message,38,Great Britain,nation,neutral,judgment-full-20260720,great britain,Great Britain,nation,neutral,opus-judgment-20260721,True
/the-presidency/presidential-speeches/december-8-1885-first-annual-message,39,Hayti,nation,neutral,judgment-full-20260720,hayti,Hayti,nation,neutral,opus-judgment-20260721,True
/the-presidency/presidential-speeches/december-8-1885-first-annual-message,41,Mexico,nation,favorable,judgment-full-20260720,mexico,Mexico,nation,favorable,opus-judgment-20260721,True
/the-presidency/presidential-speeches/december-8-1885-first-annual-message,42,Mexico,nation,neutral,judgment-full-20260720,mexico,Mexico,nation,favorable,opus-judgment-20260721,False
/the-presidency/presidential-speeches/december-8-1885-first-annual-message,43,Mexico,nation,favorable,judgment-full-20260720,mexico,Mexico,nation,favorable,opus-judgment-20260721,True
/the-presidency/presidential-speeches/december-8-1885-first-annual-message,44,Chile,nation,neutral,judgment-full-20260720,chile,Chile,nation,neutral,opus-judgment-20260721,True
/the-presidency/presidential-speeches/december-8-1885-first-annual-message,44,Peru,nation,neutral,judgment-full-20260720,peru,Peru,nation,neutral,opus-judgment-20260721,True
/the-presidency/presidential-speeches/december-8-1885-first-annual-message,45,Peru,nation,neutral,judgment-full-20260720,peru,Peru,nation,neutral,opus-judgment-20260721,True
/the-presidency/presidential-speeches/december-8-1885-first-annual-message,45,Russia,nation,favorable,judgment-full-20260720,russia,Russia,nation,favorable,opus-judgment-20260721,True
/the-presidency/presidential-speeches/december-8-1885-first-annual-message,46,Spain,nation,favorable,judgment-full-20260720,spain,Spain,nation,favorable,opus-judgment-20260721,True
/the-presidency/presidential-speeches/december-8-1885-first-annual-message,47,Spain,nation,neutral,judgment-full-20260720,spain,Spain,nation,neutral,opus-judgment-20260721,True
/the-presidency/presidential-speeches/december-8-1885-first-annual-message,48,Spain,nation,neutral,judgment-full-20260720,spain,Spain,nation,neutral,opus-judgment-20260721,True
/the-presidency/presidential-speeches/december-8-1885-first-annual-message,50,Turkey,nation,neutral,judgment-full-20260720,turkey,Turkey,nation,neutral,opus-judgment-20260721,True
/the-presidency/presidential-speeches/december-8-1885-first-annual-message,51,Turkey,nation,adversarial,judgment-full-20260720,turkey,Turkey,nation,neutral,opus-judgment-20260721,False
/the-presidency/presidential-speeches/december-8-1885-first-annual-message,52,Venezuela,nation,neutral,judgment-full-20260720,venezuela,Venezuela,nation,neutral,opus-judgment-20260721,True
/the-presidency/presidential-speeches/december-8-1885-first-annual-message,57,Spain,nation,neutral,judgment-full-20260720,spain,Spain,nation,neutral,opus-judgment-20260721,True
/the-presidency/presidential-speeches/december-8-1885-first-annual-message,63,Italy,nation,neutral,judgment-full-20260720,italy,Italy,nation,neutral,opus-judgment-20260721,True
/the-presidency/presidential-speeches/december-8-1885-first-annual-message,63,Venezuela,nation,neutral,judgment-full-20260720,venezuela,Venezuela,nation,neutral,opus-judgment-20260721,True
/the-presidency/presidential-speeches/december-8-1885-first-annual-message,83,Daniel Webster,person,favorable,judgment-full-20260720,daniel webster,Daniel Webster,person,favorable,opus-judgment-20260721,True
/the-presidency/presidential-speeches/december-8-1885-first-annual-message,106,Indians,group,adversarial,judgment-full-20260720,indians,Indians,group,adversarial,opus-judgment-20260721,True
/the-presidency/presidential-speeches/december-8-1885-first-annual-message,149,Chiricahua Apaches,group,adversarial,judgment-full-20260720,chiricahua apaches,Chiricahua Apaches,group,adversarial,opus-judgment-20260721,True
/the-presidency/presidential-speeches/december-8-1885-first-annual-message,150,Cheyennes,group,neutral,judgment-full-20260720,cheyennes,Cheyennes,group,neutral,opus-judgment-20260721,True
/the-presidency/presidential-speeches/december-8-1885-first-annual-message,167,Mormons,group,adversarial,judgment-full-20260720,mormons,Mormons,group,adversarial,opus-judgment-20260721,True
/the-presidency/presidential-speeches/december-8-1922-second-annual-message,14,Interstate Commerce Commission,institution,neutral,judgment-full-20260720,interstate commerce commission,Interstate Commerce Commission,institution,neutral,opus-judgment-20260721,True
/the-presidency/presidential-speeches/december-8-1922-second-annual-message,17,Joint Commission of Agricultural Inquiry,institution,favorable,judgment-full-20260720,joint commission of agricultural inquiry,Joint Commission of Agricultural Inquiry,institution,favorable,opus-judgment-20260721,True
/the-presidency/presidential-speeches/december-8-1922-second-annual-message,18,Railroad Labor Board,institution,neutral,judgment-full-20260720,railroad labor board,Railroad Labor Board,institution,neutral,opus-judgment-20260721,True
/the-presidency/presidential-speeches/december-8-1922-second-annual-message,20,Labor Board,institution,adversarial,judgment-full-20260720,labor board,Labor Board,institution,neutral,opus-judgment-20260721,False
/the-presidency/presidential-speeches/december-8-1922-second-annual-message,21,Interstate Commerce Commission,institution,neutral,judgment-full-20260720,interstate commerce commission,Interstate Commerce Commission,institution,neutral,opus-judgment-20260721,True
/the-presidency/presidential-speeches/december-8-1922-second-annual-message,31,advocates of revolution,group,adversarial,judgment-full-20260720,advocates of revolution,advocates of revolution,group,adversarial,opus-judgment-20260721,True
/the-presidency/presidential-speeches/december-8-1922-second-annual-message,40,Supreme Court,institution,neutral,judgment-full-20260720,supreme court,Supreme Court,institution,neutral,opus-judgment-20260721,True
/the-presidency/presidential-speeches/december-8-1925-third-annual-message,11,Bureau of the Budget,institution,favorable,judgment-chunk25-20260720,bureau of the budget,Bureau of the Budget,institution,favorable,opus-judgment-r2-20260722,True
/the-presidency/presidential-speeches/december-8-1925-third-annual-message,12,Comptroller General,institution,favorable,judgment-chunk25-20260720,comptroller general,Comptroller General,institution,favorable,opus-judgment-r2-20260722,True
/the-presidency/presidential-speeches/december-8-1925-third-annual-message,12,Congress,institution,neutral,judgment-chunk25-20260720,congress,Congress,institution,favorable,opus-judgment-r2-20260722,False
/the-presidency/presidential-speeches/december-8-1925-third-annual-message,13,Democrats,group,neutral,judgment-chunk25-20260720,democrats,Democrats,group,favorable,opus-judgment-r2-20260722,False
/the-presidency/presidential-speeches/december-8-1925-third-annual-message,13,Republicans,group,neutral,judgment-chunk25-20260720,republicans,Republicans,group,favorable,opus-judgment-r2-20260722,False
/the-presidency/presidential-speeches/december-8-1925-third-annual-message,13,Ways and Means Committee,institution,favorable,judgment-chunk25-20260720,ways and means committee,Ways and Means Committee,institution,favorable,opus-judgment-r2-20260722,True
/the-presidency/presidential-speeches/december-8-1925-third-annual-message,15,Ways and Means Committee,institution,favorable,judgment-chunk25-20260720,ways and means committee,Ways and Means Committee,institution,favorable,opus-judgment-r2-20260722,True
/the-presidency/presidential-speeches/december-8-1925-third-annual-message,23,China,nation,neutral,judgment-chunk25-20260720,china,China,nation,neutral,opus-judgment-r2-20260722,True
/the-presidency/presidential-speeches/december-8-1925-third-annual-message,24,League of Nations,institution,neutral,judgment-chunk25-20260720,league of nations,League of Nations,institution,neutral,opus-judgment-r2-20260722,True
/the-presidency/presidential-speeches/december-8-1925-third-annual-message,34,Russia,nation,adversarial,judgment-chunk25-20260720,russia,Russia,nation,adversarial,opus-judgment-r2-20260722,True
/the-presidency/presidential-speeches/december-8-1925-third-annual-message,37,German Government,nation,neutral,judgment-chunk25-20260720,german government,German Government,nation,neutral,opus-judgment-r2-20260722,True
/the-presidency/presidential-speeches/december-8-1925-third-annual-message,66,Canada,nation,neutral,judgment-chunk25-20260720,canada,Canada,nation,neutral,opus-judgment-r2-20260722,True
/the-presidency/presidential-speeches/december-8-1925-third-annual-message,80,Federal Trade Commission,institution,favorable,judgment-chunk25-20260720,federal trade commission,Federal Trade Commission,institution,favorable,opus-judgment-r2-20260722,True
/the-presidency/presidential-speeches/december-8-1931-third-state-union-address,3,France,nation,neutral,judgment-r2-20260720,france,France,nation,neutral,opus-judgment-20260721,True
/the-presidency/presidential-speeches/december-8-1931-third-state-union-address,3,Italy,nation,neutral,judgment-r2-20260720,italy,Italy,nation,neutral,opus-judgment-20260721,True
/the-presidency/presidential-speeches/december-8-1931-third-state-union-address,6,Germany,nation,neutral,judgment-r2-20260720,germany,Germany,nation,neutral,opus-judgment-20260721,True
/the-presidency/presidential-speeches/december-8-1931-third-state-union-address,7,China,nation,favorable,judgment-r2-20260720,china,China,nation,favorable,opus-judgment-20260721,True
/the-presidency/presidential-speeches/december-8-1931-third-state-union-address,7,Haiti,nation,neutral,judgment-r2-20260720,haiti,Haiti,nation,neutral,opus-judgment-20260721,True
/the-presidency/presidential-speeches/december-8-1931-third-state-union-address,7,Japan,nation,adversarial,judgment-r2-20260720,japan,Japan,nation,neutral,opus-judgment-20260721,False
/the-presidency/presidential-speeches/december-8-1931-third-state-union-address,7,Nicaragua,nation,neutral,judgment-r2-20260720,nicaragua,Nicaragua,nation,neutral,opus-judgment-20260721,True
/the-presidency/presidential-speeches/december-8-1931-third-state-union-address,28,Interstate Commerce Commission,institution,favorable,judgment-r2-20260720,interstate commerce commission,Interstate Commerce Commission,institution,favorable,opus-judgment-20260721,True
/the-presidency/presidential-speeches/december-8-1931-third-state-union-address,31,Europe,other,adversarial,judgment-r2-20260720,europe,Europe,other,neutral,opus-judgment-20260721,False
/the-presidency/presidential-speeches/december-8-1931-third-state-union-address,36,Canada,nation,neutral,judgment-r2-20260720,canada,Canada,nation,neutral,opus-judgment-20260721,True
/the-presidency/presidential-speeches/december-8-1941-address-congress-requesting-declaration-war,0,Japan,nation,adversarial,judgment-full-20260720,japan,Japan,nation,adversarial,opus-judgment-20260721,True
/the-presidency/presidential-speeches/december-8-1941-address-congress-requesting-declaration-war,0,United States,nation,favorable,judgment-full-20260720,united states,United States,nation,favorable,opus-judgment-20260721,True
/the-presidency/presidential-speeches/december-8-1941-address-congress-requesting-declaration-war,1,Japanese Government,nation,adversarial,judgment-full-20260720,japanese government,Japanese Government,institution,adversarial,opus-judgment-20260721,True
/the-presidency/presidential-speeches/december-8-1941-address-congress-requesting-declaration-war,3,Congress,institution,neutral,judgment-full-20260720,congress,Congress,institution,neutral,opus-judgment-20260721,True
/the-presidency/presidential-speeches/december-8-1941-address-congress-requesting-declaration-war,3,Japan,nation,adversarial,judgment-full-20260720,japan,Japan,nation,adversarial,opus-judgment-20260721,True
/the-presidency/presidential-speeches/december-8-1993-remarks-signing-nafta,0,Bob Michel,person,favorable,judgment-full-20260720,bob michel,Bob Michel,person,favorable,opus-judgment-r2-20260722,True
/the-presidency/presidential-speeches/december-8-1993-remarks-signing-nafta,0,David Dreier,person,favorable,judgment-full-20260720,david dreier,David Dreier,person,favorable,opus-judgment-r2-20260722,True
/the-presidency/presidential-speeches/december-8-1993-remarks-signing-nafta,2,Canada,nation,favorable,judgment-full-20260720,canada,Canada,nation,favorable,opus-judgment-r2-20260722,True
/the-presidency/presidential-speeches/december-8-1993-remarks-signing-nafta,2,Mexico,nation,favorable,judgment-full-20260720,mexico,Mexico,nation,favorable,opus-judgment-r2-20260722,True
/the-presidency/presidential-speeches/december-8-1993-remarks-signing-nafta,3,General Powell,person,favorable,judgment-full-20260720,general powell,General Powell,person,favorable,opus-judgment-r2-20260722,True
/the-presidency/presidential-speeches/december-8-1993-remarks-signing-nafta,5,Bill Daley,person,favorable,judgment-full-20260720,bill daley,Bill Daley,person,favorable,opus-judgment-r2-20260722,True
/the-presidency/presidential-speeches/december-8-1993-remarks-signing-nafta,5,Bill Frenzel,person,favorable,judgment-full-20260720,bill frenzel,Bill Frenzel,person,favorable,opus-judgment-r2-20260722,True
/the-presidency/presidential-speeches/december-8-1993-remarks-signing-nafta,11,Harry Truman,person,favorable,judgment-full-20260720,harry truman,Harry Truman,person,favorable,opus-judgment-r2-20260722,True
/the-presidency/presidential-speeches/december-8-1993-remarks-signing-nafta,11,NATO,institution,favorable,judgment-full-20260720,nato,NATO,institution,favorable,opus-judgment-r2-20260722,True
/the-presidency/presidential-speeches/december-8-1993-remarks-signing-nafta,12,Acheson,person,favorable,judgment-full-20260720,acheson,Acheson,person,favorable,opus-judgment-r2-20260722,True
/the-presidency/presidential-speeches/december-8-1993-remarks-signing-nafta,12,Marshall,person,favorable,judgment-full-20260720,marshall,Marshall,person,favorable,opus-judgment-r2-20260722,True
/the-presidency/presidential-speeches/december-8-1993-remarks-signing-nafta,12,Truman,person,favorable,judgment-full-20260720,truman,Truman,person,favorable,opus-judgment-r2-20260722,True
/the-presidency/presidential-speeches/december-8-1993-remarks-signing-nafta,12,Vandenberg,person,favorable,judgment-full-20260720,vandenberg,Vandenberg,person,favorable,opus-judgment-r2-20260722,True
/the-presidency/presidential-speeches/december-8-1993-remarks-signing-nafta,18,Mickey Kantor,person,favorable,judgment-full-20260720,mickey kantor,Mickey Kantor,person,favorable,opus-judgment-r2-20260722,True
/the-presidency/presidential-speeches/february-10-1807-special-message-congress-gun-boats,2,Captain Tingey,person,neutral,judgment-full-20260720,captain tingey,Captain Tingey,person,neutral,opus-judgment-20260721,True
/the-presidency/presidential-speeches/february-10-1807-special-message-congress-gun-boats,2,Commodore Barron,person,neutral,judgment-full-20260720,commodore barron,Commodore Barron,person,neutral,opus-judgment-20260721,True
/the-presidency/presidential-speeches/february-10-1807-special-message-congress-gun-boats,2,General Gates,person,neutral,judgment-full-20260720,general gates,General Gates,person,neutral,opus-judgment-20260721,True
/the-presidency/presidential-speeches/february-10-1807-special-message-congress-gun-boats,2,General Wilkinson,person,neutral,judgment-full-20260720,general wilkinson,General Wilkinson,person,neutral,opus-judgment-20260721,True
/the-presidency/presidential-speeches/february-10-1807-special-message-congress-gun-boats,3,Algiers,nation,neutral,judgment-full-20260720,algiers,Algiers,nation,neutral,opus-judgment-20260721,True
/the-presidency/presidential-speeches/february-10-1807-special-message-congress-gun-boats,4,Russia,nation,neutral,judgment-full-20260720,russia,Russia,nation,neutral,opus-judgment-20260721,True
/the-presidency/presidential-speeches/february-11-1868-messages-regarding-correspondence-general-us,0,Andrew Johnson,person,neutral,judgment-full-20260720,andrew johnson,Andrew Johnson,person,neutral,opus-judgment-r2-20260722,True
/the-presidency/presidential-speeches/february-11-1868-messages-regarding-correspondence-general-us,3,Stanton,person,neutral,judgment-full-20260720,stanton,Stanton,person,neutral,opus-judgment-r2-20260722,True
/the-presidency/presidential-speeches/february-11-1868-messages-regarding-correspondence-general-us,4,Stanton,person,neutral,judgment-full-20260720,stanton,Stanton,person,neutral,opus-judgment-r2-20260722,True
/the-presidency/presidential-speeches/february-11-1868-messages-regarding-correspondence-general-us,5,Stanton,person,neutral,judgment-full-20260720,stanton,Stanton,person,neutral,opus-judgment-r2-20260722,True
/the-presidency/presidential-speeches/february-11-1868-messages-regarding-correspondence-general-us,6,Stanton,person,neutral,judgment-full-20260720,stanton,Stanton,person,neutral,opus-judgment-r2-20260722,True
/the-presidency/presidential-speeches/february-11-1868-messages-regarding-correspondence-general-us,7,Stanton,person,neutral,judgment-full-20260720,stanton,Stanton,person,neutral,opus-judgment-r2-20260722,True
/the-presidency/presidential-speeches/february-11-1868-messages-regarding-correspondence-general-us,8,Stanton,person,neutral,judgment-full-20260720,stanton,Stanton,person,neutral,opus-judgment-r2-20260722,True
/the-presidency/presidential-speeches/february-11-1868-messages-regarding-correspondence-general-us,9,Stanton,person,neutral,judgment-full-20260720,stanton,Stanton,person,neutral,opus-judgment-r2-20260722,True
/the-presidency/presidential-speeches/february-11-1868-messages-regarding-correspondence-general-us,10,Stanton,person,neutral,judgment-full-20260720,stanton,Stanton,person,neutral,opus-judgment-r2-20260722,True
/the-presidency/presidential-speeches/february-11-1868-messages-regarding-correspondence-general-us,11,Stanton,person,neutral,judgment-full-20260720,stanton,Stanton,person,neutral,opus-judgment-r2-20260722,True
/the-presidency/presidential-speeches/february-11-1868-messages-regarding-correspondence-general-us,12,Stanton,person,neutral,judgment-full-20260720,stanton,Stanton,person,neutral,opus-judgment-r2-20260722,True
/the-presidency/presidential-speeches/february-11-1868-messages-regarding-correspondence-general-us,15,Gideon Welles,person,neutral,judgment-full-20260720,gideon welles,Gideon Welles,person,favorable,opus-judgment-r2-20260722,False
/the-presidency/presidential-speeches/february-11-1868-messages-regarding-correspondence-general-us,16,Hugh McCulloch,person,neutral,judgment-full-20260720,hugh mcculloch,Hugh McCulloch,person,favorable,opus-judgment-r2-20260722,False
/the-presidency/presidential-speeches/february-11-1868-messages-regarding-correspondence-general-us,18,Stanton,person,neutral,judgment-full-20260720,stanton,Stanton,person,neutral,opus-judgment-r2-20260722,True
/the-presidency/presidential-speeches/february-11-1868-messages-regarding-correspondence-general-us,19,Sherman,person,neutral,judgment-full-20260720,sherman,Sherman,person,neutral,opus-judgment-r2-20260722,True
/the-presidency/presidential-speeches/february-11-1868-messages-regarding-correspondence-general-us,21,Stanton,person,neutral,judgment-full-20260720,stanton,Stanton,person,neutral,opus-judgment-r2-20260722,True
/the-presidency/presidential-speeches/february-11-1868-messages-regarding-correspondence-general-us,22,Stanton,person,neutral,judgment-full-20260720,stanton,Stanton,person,neutral,opus-judgment-r2-20260722,True
/the-presidency/presidential-speeches/february-11-1868-messages-regarding-correspondence-general-us,23,Stanton,person,neutral,judgment-full-20260720,stanton,Stanton,person,neutral,opus-judgment-r2-20260722,True
/the-presidency/presidential-speeches/february-11-1868-messages-regarding-correspondence-general-us,24,Stanton,person,neutral,judgment-full-20260720,stanton,Stanton,person,neutral,opus-judgment-r2-20260722,True
/the-presidency/presidential-speeches/february-11-1868-messages-regarding-correspondence-general-us,25,Stanton,person,neutral,judgment-full-20260720,stanton,Stanton,person,neutral,opus-judgment-r2-20260722,True
/the-presidency/presidential-speeches/february-11-1868-messages-regarding-correspondence-general-us,26,Sherman,person,neutral,judgment-full-20260720,sherman,Sherman,person,neutral,opus-judgment-r2-20260722,True
/the-presidency/presidential-speeches/february-11-1868-messages-regarding-correspondence-general-us,27,O. H. Browning,person,neutral,judgment-full-20260720,o. h. browning,O. H. Browning,person,favorable,opus-judgment-r2-20260722,False
/the-presidency/presidential-speeches/february-11-1868-messages-regarding-correspondence-general-us,29,Stanton,person,neutral,judgment-full-20260720,stanton,Stanton,person,neutral,opus-judgment-r2-20260722,True
/the-presidency/presidential-speeches/february-11-1868-messages-regarding-correspondence-general-us,30,Stanton,person,neutral,judgment-full-20260720,stanton,Stanton,person,neutral,opus-judgment-r2-20260722,True
/the-presidency/presidential-speeches/february-11-1868-messages-regarding-correspondence-general-us,31,Stanton,person,neutral,judgment-full-20260720,stanton,Stanton,person,neutral,opus-judgment-r2-20260722,True
/the-presidency/presidential-speeches/february-11-1868-messages-regarding-correspondence-general-us,34,Sherman,person,neutral,judgment-full-20260720,sherman,Sherman,person,neutral,opus-judgment-r2-20260722,True
/the-presidency/presidential-speeches/february-11-1868-messages-regarding-correspondence-general-us,35,Stanton,person,neutral,judgment-full-20260720,stanton,Stanton,person,neutral,opus-judgment-r2-20260722,True
/the-presidency/presidential-speeches/february-11-1868-messages-regarding-correspondence-general-us,35,William H. Seward,person,neutral,judgment-full-20260720,william h. seward,William H. Seward,person,favorable,opus-judgment-r2-20260722,False
/the-presidency/presidential-speeches/february-11-1868-messages-regarding-correspondence-general-us,36,Andrew Johnson,person,neutral,judgment-full-20260720,andrew johnson,Andrew Johnson,person,neutral,opus-judgment-r2-20260722,True
/the-presidency/presidential-speeches/february-11-1868-messages-regarding-correspondence-general-us,37,Stanton,person,neutral,judgment-full-20260720,stanton,Stanton,person,neutral,opus-judgment-r2-20260722,True
/the-presidency/presidential-speeches/february-11-1868-messages-regarding-correspondence-general-us,38,Stanton,person,neutral,judgment-full-20260720,stanton,Stanton,person,neutral,opus-judgment-r2-20260722,True
/the-presidency/presidential-speeches/february-19-1851-message-regarding-disturbance-boston,0,Patrick Riley,person,neutral,judgment-full-20260720,patrick riley,Patrick Riley,person,neutral,opus-judgment-r2-20260722,True
/the-presidency/presidential-speeches/february-19-1851-message-regarding-disturbance-boston,0,Senate,institution,neutral,judgment-full-20260720,senate,Senate,institution,neutral,opus-judgment-r2-20260722,True
/the-presidency/presidential-speeches/february-19-1851-message-regarding-disturbance-boston,1,Boston,other,neutral,judgment-full-20260720,boston,Boston,other,neutral,opus-judgment-r2-20260722,True
/the-presidency/presidential-speeches/february-19-1851-message-regarding-disturbance-boston,3,Massachusetts,other,neutral,judgment-full-20260720,massachusetts,Massachusetts,other,neutral,opus-judgment-r2-20260722,True
/the-presidency/presidential-speeches/february-19-1851-message-regarding-disturbance-boston,3,those concerned in it,group,adversarial,judgment-full-20260720,those concerned in it,those concerned in it,group,adversarial,opus-judgment-r2-20260722,True
/the-presidency/presidential-speeches/february-19-1851-message-regarding-disturbance-boston,4,Congress,institution,neutral,judgment-full-20260720,congress,Congress,institution,neutral,opus-judgment-r2-20260722,True
/the-presidency/presidential-speeches/february-19-1851-message-regarding-disturbance-boston,5,Congress,institution,neutral,judgment-full-20260720,congress,Congress,institution,neutral,opus-judgment-r2-20260722,True
/the-presidency/presidential-speeches/february-19-1851-message-regarding-disturbance-boston,9,Congress,institution,neutral,judgment-full-20260720,congress,Congress,institution,favorable,opus-judgment-r2-20260722,False
/the-presidency/presidential-speeches/february-19-1851-message-regarding-disturbance-boston,10,marshal of Massachusetts,person,neutral,judgment-full-20260720,marshal of massachusetts,marshal of Massachusetts,person,neutral,opus-judgment-r2-20260722,True
/the-presidency/presidential-speeches/february-19-1851-message-regarding-disturbance-boston,16,Congress,institution,neutral,judgment-full-20260720,congress,Congress,institution,neutral,opus-judgment-r2-20260722,True
/the-presidency/presidential-speeches/february-19-1851-message-regarding-disturbance-boston,18,Cuba,nation,neutral,judgment-full-20260720,cuba,Cuba,other,neutral,opus-judgment-r2-20260722,True
/the-presidency/presidential-speeches/february-19-1851-message-regarding-disturbance-boston,18,Spain,nation,neutral,judgment-full-20260720,spain,Spain,nation,favorable,opus-judgment-r2-20260722,False
/the-presidency/presidential-speeches/february-2-1967-press-conference,0,Senate,institution,neutral,pilot-v2-20260720,senate,Senate,institution,neutral,opus-judgment-20260721,True
/the-presidency/presidential-speeches/february-2-1967-press-conference,0,U.S.S.R.,nation,neutral,pilot-v2-20260720,u.s.s.r.,U.S.S.R.,nation,neutral,opus-judgment-20260721,True
/the-presidency/presidential-speeches/february-2-1967-press-conference,1,Soviet Union,nation,neutral,pilot-v2-20260720,soviet union,Soviet Union,nation,neutral,opus-judgment-20260721,True
/the-presidency/presidential-speeches/february-2-1967-press-conference,2,Secretary of State,person,neutral,pilot-v2-20260720,secretary of state,Secretary of State,person,neutral,opus-judgment-20260721,True
/the-presidency/presidential-speeches/february-2-1967-press-conference,3,FBI,institution,favorable,pilot-v2-20260720,fbi,FBI,institution,favorable,opus-judgment-20260721,True
/the-presidency/presidential-speeches/february-2-1967-press-conference,3,Mr. Hoover,person,favorable,pilot-v2-20260720,mr. hoover,Mr. Hoover,person,favorable,opus-judgment-20260721,True
/the-presidency/presidential-speeches/february-2-1967-press-conference,8,the other side,group,adversarial,pilot-v2-20260720,the other side,the other side,group,adversarial,opus-judgment-20260721,True
/the-presidency/presidential-speeches/february-2-1967-press-conference,9,Hanoi,nation,adversarial,pilot-v2-20260720,hanoi,Hanoi,nation,adversarial,opus-judgment-20260721,True
/the-presidency/presidential-speeches/february-2-1967-press-conference,10,South Vietnam,nation,favorable,pilot-v2-20260720,south vietnam,South Vietnam,nation,favorable,opus-judgment-20260721,True
/the-presidency/presidential-speeches/february-2-1967-press-conference,11,the other side,group,adversarial,pilot-v2-20260720,the other side,the other side,group,adversarial,opus-judgment-20260721,True
/the-presidency/presidential-speeches/february-2-1967-press-conference,14,the other side,group,adversarial,pilot-v2-20260720,the other side,the other side,group,adversarial,opus-judgment-20260721,True
/the-presidency/presidential-speeches/february-2-1967-press-conference,15,the other side,group,adversarial,pilot-v2-20260720,the other side,the other side,group,adversarial,opus-judgment-20260721,True
/the-presidency/presidential-speeches/february-2-1967-press-conference,16,China,nation,neutral,pilot-v2-20260720,china,China,nation,neutral,opus-judgment-20260721,True
/the-presidency/presidential-speeches/february-2-1967-press-conference,17,North Vietnamese,nation,adversarial,pilot-v2-20260720,north vietnamese,North Vietnamese,group,adversarial,opus-judgment-20260721,True
/the-presidency/presidential-speeches/february-2-1967-press-conference,19,North Vietnamese,nation,adversarial,pilot-v2-20260720,north vietnamese,North Vietnamese,group,adversarial,opus-judgment-20260721,True
/the-presidency/presidential-speeches/february-2-1967-press-conference,19,South Vietnam,nation,favorable,pilot-v2-20260720,south vietnam,South Vietnam,nation,favorable,opus-judgment-20260721,True
/the-presidency/presidential-speeches/february-2-1967-press-conference,22,the other side,group,adversarial,pilot-v2-20260720,the other side,the other side,group,adversarial,opus-judgment-20260721,True
/the-presidency/presidential-speeches/february-2-1967-press-conference,27,Congress,institution,adversarial,pilot-v2-20260720,congress,Congress,institution,neutral,opus-judgment-20260721,False
/the-presidency/presidential-speeches/february-2-1967-press-conference,28,Senator Mansfield,person,favorable,pilot-v2-20260720,senator mansfield,Senator Mansfield,person,favorable,opus-judgment-20260721,True
/the-presidency/presidential-speeches/february-2-1967-press-conference,29,minority party,group,adversarial,pilot-v2-20260720,minority party,minority party,group,adversarial,opus-judgment-20260721,True
/the-presidency/presidential-speeches/february-2-1967-press-conference,30,Czechoslovakian Government,nation,adversarial,pilot-v2-20260720,czechoslovakian government,Czechoslovakian Government,nation,neutral,opus-judgment-20260721,False
/the-presidency/presidential-speeches/february-2-1967-press-conference,32,North Vietnam,nation,adversarial,pilot-v2-20260720,north vietnam,North Vietnam,nation,adversarial,opus-judgment-20260721,True
/the-presidency/presidential-speeches/february-2-1967-press-conference,35,Democratic Party,group,neutral,pilot-v2-20260720,democratic party,Democratic Party,institution,neutral,opus-judgment-20260721,True
/the-presidency/presidential-speeches/february-2-1967-press-conference,35,Mr. Staebler,person,neutral,pilot-v2-20260720,mr. staebler,Mr. Staebler,person,neutral,opus-judgment-20260721,True
/the-presidency/presidential-speeches/february-2-1967-press-conference,36,Democratic National Committee,institution,favorable,pilot-v2-20260720,democratic national committee,Democratic National Committee,institution,favorable,opus-judgment-20260721,True
/the-presidency/presidential-speeches/february-2-1967-press-conference,36,Mr. Staebler,person,neutral,pilot-v2-20260720,mr. staebler,Mr. Staebler,person,neutral,opus-judgment-20260721,True
/the-presidency/presidential-speeches/february-2-1967-press-conference,38,Democratic National Committee,institution,favorable,pilot-v2-20260720,democratic national committee,Democratic National Committee,institution,favorable,opus-judgment-20260721,True
/the-presidency/presidential-speeches/february-21-1964-remarks-ninety-sixth-charter-day-observances,0,Adolfo Lopez Mateos,person,favorable,judgment-full-20260720,adolfo lopez mateos,Adolfo Lopez Mateos,person,favorable,opus-judgment-20260721,True
/the-presidency/presidential-speeches/february-21-1964-remarks-ninety-sixth-charter-day-observances,0,Mexico,nation,favorable,judgment-full-20260720,mexico,Mexico,nation,favorable,opus-judgment-20260721,True
/the-presidency/presidential-speeches/february-21-1964-remarks-ninety-sixth-charter-day-observances,1,Governor Brown,person,neutral,judgment-full-20260720,governor brown,Governor Brown,person,neutral,opus-judgment-20260721,True
/the-presidency/presidential-speeches/february-21-1964-remarks-ninety-sixth-charter-day-observances,1,Mexico,nation,favorable,judgment-full-20260720,mexico,Mexico,nation,favorable,opus-judgment-20260721,True
/the-presidency/presidential-speeches/february-21-1964-remarks-ninety-sixth-charter-day-observances,2,Mexico,nation,favorable,judgment-full-20260720,mexico,Mexico,nation,favorable,opus-judgment-20260721,True
/the-presidency/presidential-speeches/february-21-1964-remarks-ninety-sixth-charter-day-observances,4,South Viet-Nam,nation,favorable,judgment-full-20260720,south viet-nam,South Viet-Nam,nation,favorable,opus-judgment-20260721,True
/the-presidency/presidential-speeches/february-21-1964-remarks-ninety-sixth-charter-day-observances,4,outside enemies,group,adversarial,judgment-full-20260720,outside enemies,outside enemies,group,adversarial,opus-judgment-20260721,True
/the-presidency/presidential-speeches/february-21-1964-remarks-ninety-sixth-charter-day-observances,5,Cyprus,nation,neutral,judgment-full-20260720,cyprus,Cyprus,nation,neutral,opus-judgment-20260721,True
/the-presidency/presidential-speeches/february-21-1964-remarks-ninety-sixth-charter-day-observances,5,Greece,nation,favorable,judgment-full-20260720,greece,Greece,nation,favorable,opus-judgment-20260721,True
/the-presidency/presidential-speeches/february-21-1964-remarks-ninety-sixth-charter-day-observances,5,NATO,institution,favorable,judgment-full-20260720,nato,NATO,institution,favorable,opus-judgment-20260721,True
/the-presidency/presidential-speeches/february-21-1964-remarks-ninety-sixth-charter-day-observances,5,President Truman,person,favorable,judgment-full-20260720,president truman,President Truman,person,favorable,opus-judgment-20260721,True
/the-presidency/presidential-speeches/february-21-1964-remarks-ninety-sixth-charter-day-observances,5,Turkey,nation,favorable,judgment-full-20260720,turkey,Turkey,nation,favorable,opus-judgment-20260721,True
/the-presidency/presidential-speeches/february-21-1964-remarks-ninety-sixth-charter-day-observances,6,Panama,nation,favorable,judgment-full-20260720,panama,Panama,nation,favorable,opus-judgment-20260721,True
/the-presidency/presidential-speeches/february-21-1964-remarks-ninety-sixth-charter-day-observances,7,Havana,nation,adversarial,judgment-full-20260720,havana,Havana,nation,adversarial,opus-judgment-20260721,True
/the-presidency/presidential-speeches/february-22-1831-message-regarding-indian-relations,2,Georgia,other,neutral,judgment-r2-20260720,georgia,Georgia,institution,neutral,opus-judgment-20260721,True
/the-presidency/presidential-speeches/february-22-1831-message-regarding-indian-relations,10,Cherokees,group,neutral,judgment-r2-20260720,cherokees,Cherokees,group,neutral,opus-judgment-20260721,True
/the-presidency/presidential-speeches/february-22-1831-message-regarding-indian-relations,12,Choctaws,group,neutral,judgment-r2-20260720,choctaws,Choctaws,group,neutral,opus-judgment-20260721,True
/the-presidency/presidential-speeches/february-22-1831-message-regarding-indian-relations,14,Georgia,other,neutral,judgment-r2-20260720,georgia,Georgia,institution,neutral,opus-judgment-20260721,True
/the-presidency/presidential-speeches/february-22-1831-message-regarding-indian-relations,15,Alabama,other,neutral,judgment-r2-20260720,alabama,Alabama,institution,neutral,opus-judgment-20260721,True
/the-presidency/presidential-speeches/february-22-1831-message-regarding-indian-relations,15,Georgia,other,favorable,judgment-r2-20260720,georgia,Georgia,institution,neutral,opus-judgment-20260721,False
/the-presidency/presidential-speeches/february-22-1831-message-regarding-indian-relations,15,Mississippi,other,neutral,judgment-r2-20260720,mississippi,Mississippi,institution,neutral,opus-judgment-20260721,True
/the-presidency/presidential-speeches/february-22-1831-message-regarding-indian-relations,17,Secretary of War,institution,neutral,judgment-r2-20260720,secretary of war,Secretary of War,person,neutral,opus-judgment-20260721,True
/the-presidency/presidential-speeches/february-22-1831-message-regarding-indian-relations,17,governor of Georgia,person,neutral,judgment-r2-20260720,governor of georgia,governor of Georgia,person,neutral,opus-judgment-20260721,True
/the-presidency/presidential-speeches/february-22-1927-address-regarding-washingtons-birthday,0,George Washington,person,favorable,judgment-full-20260720,george washington,George Washington,person,favorable,opus-judgment-r2-20260722,True
/the-presidency/presidential-speeches/february-22-1927-address-regarding-washingtons-birthday,7,George Washington,person,favorable,judgment-full-20260720,george washington,George Washington,person,favorable,opus-judgment-r2-20260722,True
/the-presidency/presidential-speeches/february-22-1927-address-regarding-washingtons-birthday,12,Alexander Hamilton,person,favorable,judgment-full-20260720,alexander hamilton,Alexander Hamilton,person,favorable,opus-judgment-r2-20260722,True
/the-presidency/presidential-speeches/february-22-1927-address-regarding-washingtons-birthday,13,Jefferson,person,neutral,judgment-full-20260720,jefferson,Jefferson,person,neutral,opus-judgment-r2-20260722,True
/the-presidency/presidential-speeches/february-22-1927-address-regarding-washingtons-birthday,13,Madison,person,neutral,judgment-full-20260720,madison,Madison,person,neutral,opus-judgment-r2-20260722,True
/the-presidency/presidential-speeches/february-22-1927-address-regarding-washingtons-birthday,19,Spain,nation,adversarial,judgment-full-20260720,spain,Spain,nation,adversarial,opus-judgment-r2-20260722,True
/the-presidency/presidential-speeches/february-22-1927-address-regarding-washingtons-birthday,20,Spain,nation,adversarial,judgment-full-20260720,spain,Spain,nation,neutral,opus-judgment-r2-20260722,False
/the-presidency/presidential-speeches/february-22-1927-address-regarding-washingtons-birthday,22,L'Enfant,person,neutral,judgment-full-20260720,l'enfant,L'Enfant,person,favorable,opus-judgment-r2-20260722,False
/the-presidency/presidential-speeches/february-22-1927-address-regarding-washingtons-birthday,27,Patrick Henry,person,neutral,judgment-full-20260720,patrick henry,Patrick Henry,person,favorable,opus-judgment-r2-20260722,False
/the-presidency/presidential-speeches/february-22-1927-address-regarding-washingtons-birthday,29,Hamilton,person,neutral,judgment-full-20260720,hamilton,Hamilton,person,neutral,opus-judgment-r2-20260722,True
/the-presidency/presidential-speeches/february-22-1927-address-regarding-washingtons-birthday,29,Jefferson,person,neutral,judgment-full-20260720,jefferson,Jefferson,person,neutral,opus-judgment-r2-20260722,True
/the-presidency/presidential-speeches/february-22-1927-address-regarding-washingtons-birthday,31,Cornwallis,person,adversarial,judgment-full-20260720,cornwallis,Cornwallis,person,adversarial,opus-judgment-r2-20260722,True
/the-presidency/presidential-speeches/february-23-1942-fireside-chat-20-progress-war,2,our enemies,group,adversarial,judgment-full-20260720,our enemies,our enemies,group,adversarial,opus-judgment-20260721,True
/the-presidency/presidential-speeches/february-23-1942-fireside-chat-20-progress-war,3,Britain,nation,favorable,judgment-full-20260720,britain,Britain,nation,favorable,opus-judgment-20260721,True
/the-presidency/presidential-speeches/february-23-1942-fireside-chat-20-progress-war,3,China,nation,favorable,judgment-full-20260720,china,China,nation,favorable,opus-judgment-20260721,True
/the-presidency/presidential-speeches/february-23-1942-fireside-chat-20-progress-war,3,Japanese,nation,adversarial,judgment-full-20260720,japanese,Japanese,group,adversarial,opus-judgment-20260721,True
/the-presidency/presidential-speeches/february-23-1942-fireside-chat-20-progress-war,3,Nazis,nation,adversarial,judgment-full-20260720,nazis,Nazis,group,adversarial,opus-judgment-20260721,True
/the-presidency/presidential-speeches/february-23-1942-fireside-chat-20-progress-war,3,Russia,nation,favorable,judgment-full-20260720,russia,Russia,nation,favorable,opus-judgment-20260721,True
/the-presidency/presidential-speeches/february-23-1942-fireside-chat-20-progress-war,4,Axis,nation,adversarial,judgment-full-20260720,axis,Axis,group,adversarial,opus-judgment-20260721,True
/the-presidency/presidential-speeches/february-23-1942-fireside-chat-20-progress-war,4,China,nation,favorable,judgment-full-20260720,china,China,nation,favorable,opus-judgment-20260721,True
/the-presidency/presidential-speeches/february-23-1942-fireside-chat-20-progress-war,4,Russia,nation,favorable,judgment-full-20260720,russia,Russia,nation,favorable,opus-judgment-20260721,True
/the-presidency/presidential-speeches/february-23-1942-fireside-chat-20-progress-war,5,China,nation,favorable,judgment-full-20260720,china,China,nation,favorable,opus-judgment-20260721,True
/the-presidency/presidential-speeches/february-23-1942-fireside-chat-20-progress-war,5,Japan,nation,adversarial,judgment-full-20260720,japan,Japan,nation,adversarial,opus-judgment-20260721,True
/the-presidency/presidential-speeches/february-23-1942-fireside-chat-20-progress-war,6,Germany,nation,adversarial,judgment-full-20260720,germany,Germany,nation,adversarial,opus-judgment-20260721,True
/the-presidency/presidential-speeches/february-23-1942-fireside-chat-20-progress-war,6,Italy,nation,adversarial,judgment-full-20260720,italy,Italy,nation,adversarial,opus-judgment-20260721,True
/the-presidency/presidential-speeches/february-23-1942-fireside-chat-20-progress-war,6,Japan,nation,adversarial,judgment-full-20260720,japan,Japan,nation,adversarial,opus-judgment-20260721,True
/the-presidency/presidential-speeches/february-23-1942-fireside-chat-20-progress-war,7,Britain,nation,favorable,judgment-full-20260720,britain,Britain,nation,favorable,opus-judgment-20260721,True
/the-presidency/presidential-speeches/february-23-1942-fireside-chat-20-progress-war,7,Nazis,nation,adversarial,judgment-full-20260720,nazis,Nazis,group,adversarial,opus-judgment-20260721,True
/the-presidency/presidential-speeches/february-23-1942-fireside-chat-20-progress-war,7,Russia,nation,favorable,judgment-full-20260720,russia,Russia,nation,favorable,opus-judgment-20260721,True
/the-presidency/presidential-speeches/february-23-1942-fireside-chat-20-progress-war,8,United Nations,institution,favorable,judgment-full-20260720,united nations,United Nations,institution,favorable,opus-judgment-20260721,True
/the-presidency/presidential-speeches/february-23-1942-fireside-chat-20-progress-war,10,Japan,nation,adversarial,judgment-full-20260720,japan,Japan,nation,adversarial,opus-judgment-20260721,True
/the-presidency/presidential-speeches/february-23-1942-fireside-chat-20-progress-war,11,Vichy French,nation,adversarial,judgment-full-20260720,vichy french,Vichy French,group,adversarial,opus-judgment-20260721,True
/the-presidency/presidential-speeches/february-23-1942-fireside-chat-20-progress-war,13,Japan,nation,adversarial,judgment-full-20260720,japan,Japan,nation,adversarial,opus-judgment-20260721,True
/the-presidency/presidential-speeches/february-23-1942-fireside-chat-20-progress-war,14,Japan,nation,adversarial,judgment-full-20260720,japan,Japan,nation,adversarial,opus-judgment-20260721,True
/the-presidency/presidential-speeches/february-23-1942-fireside-chat-20-progress-war,14,United Nations,institution,favorable,judgment-full-20260720,united nations,United Nations,institution,favorable,opus-judgment-20260721,True
/the-presidency/presidential-speeches/february-23-1942-fireside-chat-20-progress-war,16,Axis propagandists,group,adversarial,judgment-full-20260720,axis propagandists,Axis propagandists,group,adversarial,opus-judgment-20260721,True
/the-presidency/presidential-speeches/february-23-1942-fireside-chat-20-progress-war,18,rumor-mongers,group,adversarial,judgment-full-20260720,rumor-mongers,rumor-mongers,group,adversarial,opus-judgment-20260721,True
/the-presidency/presidential-speeches/february-23-1942-fireside-chat-20-progress-war,19,Japanese,nation,adversarial,judgment-full-20260720,japanese,Japanese,group,adversarial,opus-judgment-20260721,True
/the-presidency/presidential-speeches/february-23-1942-fireside-chat-20-progress-war,20,Hitler,person,adversarial,judgment-full-20260720,hitler,Hitler,person,adversarial,opus-judgment-20260721,True
/the-presidency/presidential-speeches/february-23-1942-fireside-chat-20-progress-war,20,Japan,nation,adversarial,judgment-full-20260720,japan,Japan,nation,adversarial,opus-judgment-20260721,True
/the-presidency/presidential-speeches/february-23-1942-fireside-chat-20-progress-war,20,United Nations,institution,favorable,judgment-full-20260720,united nations,United Nations,institution,favorable,opus-judgment-20260721,True
/the-presidency/presidential-speeches/february-23-1942-fireside-chat-20-progress-war,21,Japan,nation,adversarial,judgment-full-20260720,japan,Japan,nation,adversarial,opus-judgment-20260721,True
/the-presidency/presidential-speeches/february-23-1942-fireside-chat-20-progress-war,21,Nazis,nation,adversarial,judgment-full-20260720,nazis,Nazis,group,adversarial,opus-judgment-20260721,True
/the-presidency/presidential-speeches/february-23-1942-fireside-chat-20-progress-war,21,United Nations,institution,favorable,judgment-full-20260720,united nations,United Nations,institution,favorable,opus-judgment-20260721,True
/the-presidency/presidential-speeches/february-23-1942-fireside-chat-20-progress-war,22,Axis propagandists,group,adversarial,judgment-full-20260720,axis propagandists,Axis propagandists,group,adversarial,opus-judgment-20260721,True
/the-presidency/presidential-speeches/february-23-1942-fireside-chat-20-progress-war,22,Donald Nelson,person,favorable,judgment-full-20260720,donald nelson,Donald Nelson,person,favorable,opus-judgment-20260721,True
/the-presidency/presidential-speeches/february-23-1942-fireside-chat-20-progress-war,25,Axis propagandists,group,adversarial,judgment-full-20260720,axis propagandists,Axis propagandists,group,adversarial,opus-judgment-20260721,True
/the-presidency/presidential-speeches/february-23-1942-fireside-chat-20-progress-war,26,Berlin,nation,adversarial,judgment-full-20260720,berlin,Berlin,other,adversarial,opus-judgment-20260721,True
/the-presidency/presidential-speeches/february-23-1942-fireside-chat-20-progress-war,26,Japanese,nation,adversarial,judgment-full-20260720,japanese,Japanese,group,adversarial,opus-judgment-20260721,True
/the-presidency/presidential-speeches/february-23-1942-fireside-chat-20-progress-war,26,Nazis,nation,adversarial,judgment-full-20260720,nazis,Nazis,group,adversarial,opus-judgment-20260721,True
/the-presidency/presidential-speeches/february-23-1942-fireside-chat-20-progress-war,26,Rome,nation,adversarial,judgment-full-20260720,rome,Rome,other,adversarial,opus-judgment-20260721,True
/the-presidency/presidential-speeches/february-23-1942-fireside-chat-20-progress-war,26,Tokyo,nation,adversarial,judgment-full-20260720,tokyo,Tokyo,other,adversarial,opus-judgment-20260721,True
/the-presidency/presidential-speeches/february-23-1942-fireside-chat-20-progress-war,27,United Nations,institution,favorable,judgment-full-20260720,united nations,United Nations,institution,favorable,opus-judgment-20260721,True
/the-presidency/presidential-speeches/february-23-1942-fireside-chat-20-progress-war,28,Atlantic Charter,other,favorable,judgment-full-20260720,atlantic charter,Atlantic Charter,other,favorable,opus-judgment-20260721,True
/the-presidency/presidential-speeches/february-23-1942-fireside-chat-20-progress-war,28,Japanese Admiral,person,adversarial,judgment-full-20260720,japanese admiral,Japanese Admiral,person,adversarial,opus-judgment-20260721,True
/the-presidency/presidential-speeches/february-23-1942-fireside-chat-20-progress-war,28,United Nations,institution,favorable,judgment-full-20260720,united nations,United Nations,institution,favorable,opus-judgment-20260721,True
/the-presidency/presidential-speeches/february-23-1942-fireside-chat-20-progress-war,29,China,nation,favorable,judgment-full-20260720,china,China,nation,favorable,opus-judgment-20260721,True
/the-presidency/presidential-speeches/february-23-1942-fireside-chat-20-progress-war,29,Nazi,nation,adversarial,judgment-full-20260720,nazi,Nazi,group,adversarial,opus-judgment-20260721,True
/the-presidency/presidential-speeches/february-23-1942-fireside-chat-20-progress-war,30,Tom Paine,person,favorable,judgment-full-20260720,tom paine,Tom Paine,person,favorable,opus-judgment-20260721,True
/the-presidency/presidential-speeches/february-23-2018-remarks-conservative-political-action,0,CPAC,institution,favorable,judgment-chunk10-20260720,cpac,CPAC,institution,favorable,opus-judgment-20260721,True
/the-presidency/presidential-speeches/february-23-2018-remarks-conservative-political-action,1,CPAC,institution,favorable,judgment-chunk10-20260720,cpac,CPAC,institution,favorable,opus-judgment-20260721,True
/the-presidency/presidential-speeches/february-23-2018-remarks-conservative-political-action,3,Neil Gorsuch,person,favorable,judgment-chunk10-20260720,neil gorsuch,Neil Gorsuch,person,favorable,opus-judgment-20260721,True
/the-presidency/presidential-speeches/february-23-2018-remarks-conservative-political-action,9,the other side,group,adversarial,judgment-chunk10-20260720,the other side,the other side,group,adversarial,opus-judgment-20260721,True
/the-presidency/presidential-speeches/february-23-2018-remarks-conservative-political-action,11,Big Jim,person,favorable,judgment-chunk10-20260720,big jim,Big Jim,person,favorable,opus-judgment-20260721,True
/the-presidency/presidential-speeches/february-23-2018-remarks-conservative-political-action,16,the media,institution,adversarial,judgment-chunk10-20260720,the media,the media,institution,adversarial,opus-judgment-20260721,True
/the-presidency/presidential-speeches/february-23-2018-remarks-conservative-political-action,18,one Senator,person,adversarial,judgment-chunk10-20260720,one senator,one Senator,person,adversarial,opus-judgment-20260721,True
/the-presidency/presidential-speeches/february-23-2018-remarks-conservative-political-action,22,Vietnam,nation,neutral,judgment-chunk10-20260720,vietnam,Vietnam,nation,neutral,opus-judgment-20260721,True
/the-presidency/presidential-speeches/february-23-2018-remarks-conservative-political-action,25,China,nation,adversarial,judgment-chunk10-20260720,china,China,nation,adversarial,opus-judgment-20260721,True
/the-presidency/presidential-speeches/february-23-2018-remarks-conservative-political-action,25,India,nation,adversarial,judgment-chunk10-20260720,india,India,nation,neutral,opus-judgment-20260721,False
/the-presidency/presidential-speeches/february-23-2018-remarks-conservative-political-action,25,Russia,nation,adversarial,judgment-chunk10-20260720,russia,Russia,nation,neutral,opus-judgment-20260721,False
/the-presidency/presidential-speeches/february-23-2018-remarks-conservative-political-action,31,Matt,person,neutral,judgment-chunk10-20260720,matt,Matt,person,favorable,opus-judgment-20260721,False
/the-presidency/presidential-speeches/february-23-2018-remarks-conservative-political-action,33,Hillary,person,adversarial,judgment-chunk10-20260720,hillary,Hillary,person,adversarial,opus-judgment-20260721,True
/the-presidency/presidential-speeches/february-23-2018-remarks-conservative-political-action,34,Jim Jordan,person,favorable,judgment-chunk10-20260720,jim jordan,Jim Jordan,person,favorable,opus-judgment-20260721,True
/the-presidency/presidential-speeches/february-23-2018-remarks-conservative-political-action,34,Mark Meadows,person,favorable,judgment-chunk10-20260720,mark meadows,Mark Meadows,person,favorable,opus-judgment-20260721,True
/the-presidency/presidential-speeches/february-23-2018-remarks-conservative-political-action,36,Iran,nation,adversarial,judgment-chunk10-20260720,iran,Iran,nation,adversarial,opus-judgment-20260721,True
/the-presidency/presidential-speeches/february-23-2018-remarks-conservative-political-action,37,Kerry,person,adversarial,judgment-chunk10-20260720,kerry,Kerry,person,adversarial,opus-judgment-20260721,True
/the-presidency/presidential-speeches/february-23-2018-remarks-conservative-political-action,37,Obama,person,adversarial,judgment-chunk10-20260720,obama,Obama,person,adversarial,opus-judgment-20260721,True
/the-presidency/presidential-speeches/february-23-2018-remarks-conservative-political-action,38,Israel,nation,favorable,judgment-chunk10-20260720,israel,Israel,nation,favorable,opus-judgment-20260721,True
/the-presidency/presidential-speeches/february-23-2018-remarks-conservative-political-action,45,Apple,institution,favorable,judgment-chunk10-20260720,apple,Apple,institution,favorable,opus-judgment-20260721,True
/the-presidency/presidential-speeches/february-23-2018-remarks-conservative-political-action,45,Exxon,institution,favorable,judgment-chunk10-20260720,exxon,Exxon,institution,favorable,opus-judgment-20260721,True
/the-presidency/presidential-speeches/february-23-2018-remarks-conservative-political-action,47,Billy Graham,person,favorable,judgment-chunk10-20260720,billy graham,Billy Graham,person,favorable,opus-judgment-20260721,True
/the-presidency/presidential-speeches/february-23-2018-remarks-conservative-political-action,47,Franklin Graham,person,favorable,judgment-chunk10-20260720,franklin graham,Franklin Graham,person,favorable,opus-judgment-20260721,True
/the-presidency/presidential-speeches/february-23-2018-remarks-conservative-political-action,48,Billy Graham,person,favorable,judgment-chunk10-20260720,billy graham,Billy Graham,person,favorable,opus-judgment-20260721,True
/the-presidency/presidential-speeches/february-23-2018-remarks-conservative-political-action,49,Billy Graham,person,favorable,judgment-chunk10-20260720,billy graham,Billy Graham,person,favorable,opus-judgment-20260721,True
/the-presidency/presidential-speeches/february-23-2018-remarks-conservative-political-action,49,Ronald Reagan,person,favorable,judgment-chunk10-20260720,ronald reagan,Ronald Reagan,person,favorable,opus-judgment-20260721,True
/the-presidency/presidential-speeches/february-23-2018-remarks-conservative-political-action,57,CNN,institution,adversarial,judgment-chunk10-20260720,cnn,CNN,institution,adversarial,opus-judgment-20260721,True
/the-presidency/presidential-speeches/february-23-2018-remarks-conservative-political-action,62,NRA,group,favorable,judgment-chunk25-20260720,nra,NRA,institution,favorable,opus-judgment-20260721,True
/the-presidency/presidential-speeches/february-23-2018-remarks-conservative-political-action,70,MS-13,group,adversarial,judgment-chunk10-20260720,ms-13,MS-13,group,adversarial,opus-judgment-20260721,True
/the-presidency/presidential-speeches/february-23-2018-remarks-conservative-political-action,71,MS-13,group,adversarial,judgment-chunk10-20260720,ms-13,MS-13,group,adversarial,opus-judgment-20260721,True
/the-presidency/presidential-speeches/february-23-2018-remarks-conservative-political-action,72,MS-13,group,adversarial,judgment-chunk10-20260720,ms-13,MS-13,group,adversarial,opus-judgment-20260721,True
/the-presidency/presidential-speeches/february-23-2018-remarks-conservative-political-action,73,Democrats,group,adversarial,judgment-chunk10-20260720,democrats,Democrats,group,adversarial,opus-judgment-20260721,True
/the-presidency/presidential-speeches/february-23-2018-remarks-conservative-political-action,75,House Democrats,group,adversarial,judgment-chunk10-20260720,house democrats,House Democrats,group,adversarial,opus-judgment-20260721,True
/the-presidency/presidential-speeches/february-23-2018-remarks-conservative-political-action,75,Senate Democrats,group,adversarial,judgment-chunk10-20260720,senate democrats,Senate Democrats,group,adversarial,opus-judgment-20260721,True
/the-presidency/presidential-speeches/february-23-2018-remarks-conservative-political-action,76,Democrats,group,adversarial,judgment-chunk10-20260720,democrats,Democrats,group,adversarial,opus-judgment-20260721,True
/the-presidency/presidential-speeches/february-23-2018-remarks-conservative-political-action,85,Apple,institution,favorable,judgment-chunk10-20260720,apple,Apple,institution,favorable,opus-judgment-20260721,True
/the-presidency/presidential-speeches/february-23-2018-remarks-conservative-political-action,85,Chrysler,institution,favorable,judgment-chunk10-20260720,chrysler,Chrysler,institution,favorable,opus-judgment-20260721,True
/the-presidency/presidential-speeches/february-23-2018-remarks-conservative-political-action,85,Foxconn,institution,favorable,judgment-chunk10-20260720,foxconn,Foxconn,institution,favorable,opus-judgment-20260721,True
/the-presidency/presidential-speeches/february-23-2018-remarks-conservative-political-action,93,Nancy Pelosi,person,adversarial,judgment-chunk10-20260720,nancy pelosi,Nancy Pelosi,person,adversarial,opus-judgment-20260721,True
/the-presidency/presidential-speeches/february-23-2018-remarks-conservative-political-action,95,China,nation,adversarial,judgment-chunk10-20260720,china,China,nation,adversarial,opus-judgment-20260721,True
/the-presidency/presidential-speeches/february-23-2018-remarks-conservative-political-action,95,World Trade Organization,institution,adversarial,judgment-chunk10-20260720,world trade organization,World Trade Organization,institution,adversarial,opus-judgment-20260721,True
/the-presidency/presidential-speeches/february-23-2018-remarks-conservative-political-action,96,China,nation,adversarial,judgment-chunk10-20260720,china,China,nation,neutral,opus-judgment-20260721,False
/the-presidency/presidential-speeches/february-23-2018-remarks-conservative-political-action,96,Mexico,nation,adversarial,judgment-chunk10-20260720,mexico,Mexico,nation,neutral,opus-judgment-20260721,False
/the-presidency/presidential-speeches/february-23-2018-remarks-conservative-political-action,97,the last administration,institution,adversarial,judgment-chunk10-20260720,the last administration,the last administration,institution,adversarial,opus-judgment-20260721,True
/the-presidency/presidential-speeches/february-23-2018-remarks-conservative-political-action,100,the media,institution,adversarial,judgment-chunk10-20260720,the media,the media,institution,adversarial,opus-judgment-20260721,True
/the-presidency/presidential-speeches/february-23-2018-remarks-conservative-political-action,101,North Korea,nation,adversarial,judgment-chunk10-20260720,north korea,North Korea,nation,adversarial,opus-judgment-20260721,True
/the-presidency/presidential-speeches/february-24-2009-address-joint-session-congress,12,Wall Street,group,adversarial,judgment-full-20260720,wall street,Wall Street,group,neutral,opus-judgment-20260721,False
/the-presidency/presidential-speeches/february-24-2009-address-joint-session-congress,20,China,nation,adversarial,judgment-full-20260720,china,China,nation,neutral,opus-judgment-20260721,False
/the-presidency/presidential-speeches/february-24-2009-address-joint-session-congress,21,Korea,nation,neutral,judgment-full-20260720,korea,Korea,nation,neutral,opus-judgment-20260721,True
/the-presidency/presidential-speeches/february-24-2009-address-joint-session-congress,26,Teddy Roosevelt,person,favorable,judgment-full-20260720,teddy roosevelt,Teddy Roosevelt,person,favorable,opus-judgment-20260721,True
/the-presidency/presidential-speeches/february-24-2009-address-joint-session-congress,36,Al Qaida,group,adversarial,judgment-full-20260720,al qaida,Al Qaida,group,adversarial,opus-judgment-20260721,True
/the-presidency/presidential-speeches/february-24-2009-address-joint-session-congress,41,Leonard Abess,person,favorable,judgment-full-20260720,leonard abess,Leonard Abess,person,favorable,opus-judgment-20260721,True
/the-presidency/presidential-speeches/february-24-2009-address-joint-session-congress,42,Ty'Sheoma Bethea,person,favorable,judgment-full-20260720,ty'sheoma bethea,Ty'Sheoma Bethea,person,favorable,opus-judgment-20260721,True
/the-presidency/presidential-speeches/february-26-1917-message-regarding-safety-merchant-ships,0,Imperial German Government,nation,adversarial,judgment-full-20260720,imperial german government,Imperial German Government,institution,adversarial,opus-judgment-20260721,True
/the-presidency/presidential-speeches/february-26-1917-message-regarding-safety-merchant-ships,2,German Government,nation,adversarial,judgment-full-20260720,german government,German Government,institution,adversarial,opus-judgment-20260721,True
/the-presidency/presidential-speeches/february-26-1917-message-regarding-safety-merchant-ships,7,Germany,nation,adversarial,judgment-full-20260720,germany,Germany,nation,adversarial,opus-judgment-20260721,True
/the-presidency/presidential-speeches/february-27-1991-address-end-gulf-war,0,Iraq,nation,adversarial,judgment-full-20260720,iraq,Iraq,nation,adversarial,opus-judgment-20260721,True
/the-presidency/presidential-speeches/february-27-1991-address-end-gulf-war,0,Kuwait,nation,favorable,judgment-full-20260720,kuwait,Kuwait,nation,favorable,opus-judgment-20260721,True
/the-presidency/presidential-speeches/february-27-1991-address-end-gulf-war,2,Cheney,person,favorable,judgment-full-20260720,cheney,Cheney,person,neutral,opus-judgment-20260721,False
/the-presidency/presidential-speeches/february-27-1991-address-end-gulf-war,2,Iraq,nation,adversarial,judgment-full-20260720,iraq,Iraq,nation,adversarial,opus-judgment-20260721,True
/the-presidency/presidential-speeches/february-27-1991-address-end-gulf-war,2,Powell,person,favorable,judgment-full-20260720,powell,Powell,person,neutral,opus-judgment-20260721,False
/the-presidency/presidential-speeches/february-27-1991-address-end-gulf-war,2,United Nations,institution,favorable,judgment-full-20260720,united nations,United Nations,institution,favorable,opus-judgment-20260721,True
/the-presidency/presidential-speeches/february-27-1991-address-end-gulf-war,3,Iraq,nation,adversarial,judgment-full-20260720,iraq,Iraq,nation,adversarial,opus-judgment-20260721,True
/the-presidency/presidential-speeches/february-27-1991-address-end-gulf-war,3,Kuwait,nation,favorable,judgment-full-20260720,kuwait,Kuwait,nation,favorable,opus-judgment-20260721,True
/the-presidency/presidential-speeches/february-27-1991-address-end-gulf-war,3,United Nations Security Council,institution,neutral,judgment-full-20260720,united nations security council,United Nations Security Council,institution,favorable,opus-judgment-20260721,False
/the-presidency/presidential-speeches/february-27-1991-address-end-gulf-war,4,Baker,person,favorable,judgment-full-20260720,baker,Baker,person,neutral,opus-judgment-20260721,False
/the-presidency/presidential-speeches/february-27-1991-address-end-gulf-war,4,Iraq,nation,adversarial,judgment-full-20260720,iraq,Iraq,nation,adversarial,opus-judgment-20260721,True
/the-presidency/presidential-speeches/february-27-1991-address-end-gulf-war,4,United Nations Security Council,institution,neutral,judgment-full-20260720,united nations security council,United Nations Security Council,institution,favorable,opus-judgment-20260721,False
/the-presidency/presidential-speeches/february-27-1991-address-end-gulf-war,5,Iraq,nation,adversarial,judgment-full-20260720,iraq,Iraq,nation,adversarial,opus-judgment-20260721,True
/the-presidency/presidential-speeches/february-27-1991-address-end-gulf-war,5,Saddam Hussein,person,adversarial,judgment-full-20260720,saddam hussein,Saddam Hussein,person,adversarial,opus-judgment-20260721,True
/the-presidency/presidential-speeches/february-27-1991-address-end-gulf-war,6,Baker,person,favorable,judgment-full-20260720,baker,Baker,person,favorable,opus-judgment-20260721,True
/the-presidency/presidential-speeches/february-3-1931-statement-unemployment-relief,0,Certain Senators,group,adversarial,judgment-full-20260720,certain senators,Certain Senators,group,adversarial,opus-judgment-20260721,True
/the-presidency/presidential-speeches/february-3-1931-statement-unemployment-relief,1,President Cleveland,person,favorable,judgment-full-20260720,president cleveland,President Cleveland,person,favorable,opus-judgment-20260721,True
/the-presidency/presidential-speeches/february-3-1931-statement-unemployment-relief,3,Red Cross,institution,favorable,judgment-full-20260720,red cross,Red Cross,institution,favorable,opus-judgment-20260721,True
/the-presidency/presidential-speeches/february-3-1931-statement-unemployment-relief,4,Red Cross,institution,favorable,judgment-full-20260720,red cross,Red Cross,institution,favorable,opus-judgment-20260721,True
/the-presidency/presidential-speeches/february-3-1931-statement-unemployment-relief,5,Red Cross,institution,favorable,judgment-full-20260720,red cross,Red Cross,institution,favorable,opus-judgment-20260721,True
/the-presidency/presidential-speeches/february-3-1931-statement-unemployment-relief,6,Red Cross,institution,favorable,judgment-full-20260720,red cross,Red Cross,institution,favorable,opus-judgment-20260721,True
/the-presidency/presidential-speeches/february-5-1993-remarks-signing-family-medical-leave-act,0,Mrs. Yandle,person,favorable,judgment-full-20260720,mrs. yandle,Mrs. Yandle,person,favorable,opus-judgment-20260721,True
/the-presidency/presidential-speeches/february-5-1993-remarks-signing-family-medical-leave-act,0,Senator Gore,person,favorable,judgment-full-20260720,senator gore,Senator Gore,person,favorable,opus-judgment-20260721,True
/the-presidency/presidential-speeches/february-5-1993-remarks-signing-family-medical-leave-act,1,Senator Dodd,person,favorable,judgment-full-20260720,senator dodd,Senator Dodd,person,favorable,opus-judgment-20260721,True
/the-presidency/presidential-speeches/february-5-1993-remarks-signing-family-medical-leave-act,1,Senator Kennedy,person,favorable,judgment-full-20260720,senator kennedy,Senator Kennedy,person,favorable,opus-judgment-20260721,True
/the-presidency/presidential-speeches/february-5-1993-remarks-signing-family-medical-leave-act,1,Speaker Foley,person,favorable,judgment-full-20260720,speaker foley,Speaker Foley,person,favorable,opus-judgment-20260721,True
/the-presidency/presidential-speeches/february-5-1993-remarks-signing-family-medical-leave-act,2,Senator Kit Bond,person,favorable,judgment-full-20260720,senator kit bond,Senator Kit Bond,person,favorable,opus-judgment-20260721,True
/the-presidency/presidential-speeches/february-5-1993-remarks-signing-family-medical-leave-act,5,Mrs. Yandle,person,favorable,judgment-full-20260720,mrs. yandle,Mrs. Yandle,person,favorable,opus-judgment-20260721,True
/the-presidency/presidential-speeches/february-5-1993-remarks-signing-family-medical-leave-act,5,Vice President Gore,person,favorable,judgment-full-20260720,vice president gore,Vice President Gore,person,favorable,opus-judgment-20260721,True
/the-presidency/presidential-speeches/february-5-2019-state-union-address,3,Buzz Aldrin,person,favorable,judgment-full-20260720,buzz aldrin,Buzz Aldrin,person,favorable,opus-judgment-r2-20260722,True
/the-presidency/presidential-speeches/february-5-2019-state-union-address,11,the Senate,institution,adversarial,judgment-full-20260720,the senate,the Senate,institution,adversarial,opus-judgment-r2-20260722,True
/the-presidency/presidential-speeches/february-5-2019-state-union-address,12,Alice Johnson,person,favorable,judgment-full-20260720,alice johnson,Alice Johnson,person,favorable,opus-judgment-r2-20260722,True
/the-presidency/presidential-speeches/february-5-2019-state-union-address,15,Matthew Charles,person,favorable,judgment-full-20260720,matthew charles,Matthew Charles,person,favorable,opus-judgment-r2-20260722,True
/the-presidency/presidential-speeches/february-5-2019-state-union-address,19,wealthy politicians and donors,group,adversarial,judgment-full-20260720,wealthy politicians and donors,Wealthy politicians and donors,group,adversarial,opus-judgment-r2-20260722,True
/the-presidency/presidential-speeches/february-5-2019-state-union-address,22,MS-13,group,adversarial,judgment-full-20260720,ms-13,MS-13,group,adversarial,opus-judgment-r2-20260722,True
/the-presidency/presidential-speeches/february-5-2019-state-union-address,24,ICE,institution,favorable,judgment-full-20260720,ice,ICE,institution,favorable,opus-judgment-r2-20260722,True
/the-presidency/presidential-speeches/february-5-2019-state-union-address,25,Elvin Hernandez,person,favorable,judgment-full-20260720,elvin hernandez,Elvin Hernandez,person,favorable,opus-judgment-r2-20260722,True
/the-presidency/presidential-speeches/february-5-2019-state-union-address,26,ICE,institution,favorable,judgment-full-20260720,ice,ICE,institution,favorable,opus-judgment-r2-20260722,True
/the-presidency/presidential-speeches/february-5-2019-state-union-address,30,China,nation,adversarial,judgment-full-20260720,china,China,nation,adversarial,opus-judgment-r2-20260722,True
/the-presidency/presidential-speeches/february-5-2019-state-union-address,31,China,nation,neutral,judgment-full-20260720,china,China,nation,neutral,opus-judgment-r2-20260722,True
/the-presidency/presidential-speeches/february-5-2019-state-union-address,31,President Xi,person,neutral,judgment-full-20260720,president xi,President Xi,person,favorable,opus-judgment-r2-20260722,False
/the-presidency/presidential-speeches/february-5-2019-state-union-address,36,Grace Eline,person,favorable,judgment-full-20260720,grace eline,Grace Eline,person,favorable,opus-judgment-r2-20260722,True
/the-presidency/presidential-speeches/february-5-2019-state-union-address,38,Governor of Virginia,person,adversarial,judgment-full-20260720,governor of virginia,Governor of Virginia,person,adversarial,opus-judgment-r2-20260722,True
/the-presidency/presidential-speeches/february-5-2019-state-union-address,38,Lawmakers in New York,group,adversarial,judgment-full-20260720,lawmakers in new york,Lawmakers in New York,group,adversarial,opus-judgment-r2-20260722,True
/the-presidency/presidential-speeches/february-5-2019-state-union-address,40,NATO,institution,neutral,judgment-full-20260720,nato,NATO,institution,favorable,opus-judgment-r2-20260722,False
/the-presidency/presidential-speeches/february-5-2019-state-union-address,41,Russia,nation,adversarial,judgment-full-20260720,russia,Russia,nation,adversarial,opus-judgment-r2-20260722,True
/the-presidency/presidential-speeches/february-5-2019-state-union-address,42,Kim Jong Un,person,neutral,judgment-full-20260720,kim jong un,Kim Jong Un,person,favorable,opus-judgment-r2-20260722,False
/the-presidency/presidential-speeches/february-5-2019-state-union-address,42,North Korea,nation,neutral,judgment-full-20260720,north korea,North Korea,nation,neutral,opus-judgment-r2-20260722,True
/the-presidency/presidential-speeches/february-5-2019-state-union-address,43,Juan Guaido,person,favorable,judgment-full-20260720,juan guaido,Juan Guaido,person,favorable,opus-judgment-r2-20260722,True
/the-presidency/presidential-speeches/february-5-2019-state-union-address,43,Maduro regime,institution,adversarial,judgment-full-20260720,maduro regime,Maduro regime,institution,adversarial,opus-judgment-r2-20260722,True
/the-presidency/presidential-speeches/february-5-2019-state-union-address,45,Israel,nation,favorable,judgment-full-20260720,israel,Israel,nation,favorable,opus-judgment-r2-20260722,True
/the-presidency/presidential-speeches/february-5-2019-state-union-address,46,ISIS,group,adversarial,judgment-full-20260720,isis,ISIS,group,adversarial,opus-judgment-r2-20260722,True
/the-presidency/presidential-speeches/february-5-2019-state-union-address,47,Taliban,group,neutral,judgment-full-20260720,taliban,Taliban,group,adversarial,opus-judgment-r2-20260722,False
/the-presidency/presidential-speeches/february-5-2019-state-union-address,49,Iran,nation,adversarial,judgment-full-20260720,iran,Iran,nation,adversarial,opus-judgment-r2-20260722,True
/the-presidency/presidential-speeches/february-5-2019-state-union-address,50,Timothy Matson,person,favorable,judgment-full-20260720,timothy matson,Timothy Matson,person,favorable,opus-judgment-r2-20260722,True
/the-presidency/presidential-speeches/february-5-2019-state-union-address,50,the killer,person,adversarial,judgment-full-20260720,the killer,the killer,person,adversarial,opus-judgment-r2-20260722,True
/the-presidency/presidential-speeches/february-5-2019-state-union-address,51,Judah Samet,person,favorable,judgment-full-20260720,judah samet,Judah Samet,person,favorable,opus-judgment-r2-20260722,True
/the-presidency/presidential-speeches/february-5-2019-state-union-address,52,Herman Zeitchik,person,favorable,judgment-full-20260720,herman zeitchik,Herman Zeitchik,person,favorable,opus-judgment-r2-20260722,True
/the-presidency/presidential-speeches/february-5-2019-state-union-address,52,Joshua Kaufman,person,favorable,judgment-full-20260720,joshua kaufman,Joshua Kaufman,person,favorable,opus-judgment-r2-20260722,True
/the-presidency/presidential-speeches/february-7-2023-state-union-address,0,Kevin McCarthy,person,neutral,judgment-full-20260720,kevin mccarthy,Kevin McCarthy,person,favorable,opus-judgment-r2-20260722,False
/the-presidency/presidential-speeches/february-7-2023-state-union-address,1,Chuck Schumer,person,favorable,judgment-full-20260720,chuck schumer,Chuck Schumer,person,favorable,opus-judgment-r2-20260722,True
/the-presidency/presidential-speeches/february-7-2023-state-union-address,1,Hakeem Jeffries,person,favorable,judgment-full-20260720,hakeem jeffries,Hakeem Jeffries,person,favorable,opus-judgment-r2-20260722,True
/the-presidency/presidential-speeches/february-7-2023-state-union-address,1,Mitch McConnell,person,neutral,judgment-full-20260720,mitch mcconnell,Mitch McConnell,person,favorable,opus-judgment-r2-20260722,False
/the-presidency/presidential-speeches/february-7-2023-state-union-address,1,Nancy Pelosi,person,favorable,judgment-full-20260720,nancy pelosi,Nancy Pelosi,person,favorable,opus-judgment-r2-20260722,True
/the-presidency/presidential-speeches/february-7-2023-state-union-address,10,Putin,person,adversarial,judgment-full-20260720,putin,Putin,person,adversarial,opus-judgment-r2-20260722,True
/the-presidency/presidential-speeches/february-7-2023-state-union-address,14,Intel,institution,neutral,judgment-full-20260720,intel,Intel,institution,favorable,opus-judgment-r2-20260722,False
/the-presidency/presidential-speeches/february-7-2023-state-union-address,26,Big Pharma,group,adversarial,judgment-full-20260720,big pharma,Big Pharma,group,adversarial,opus-judgment-r2-20260722,True
/the-presidency/presidential-speeches/february-7-2023-state-union-address,36,Big Oil,group,adversarial,judgment-full-20260720,big oil,Big Oil,group,adversarial,opus-judgment-r2-20260722,True
/the-presidency/presidential-speeches/february-7-2023-state-union-address,40,some Republicans,group,adversarial,judgment-full-20260720,some republicans,some Republicans,group,adversarial,opus-judgment-r2-20260722,True
/the-presidency/presidential-speeches/february-7-2023-state-union-address,41,Other Republicans,group,adversarial,judgment-full-20260720,other republicans,Other Republicans,group,adversarial,opus-judgment-r2-20260722,True
/the-presidency/presidential-speeches/february-7-2023-state-union-address,62,Tyre Nichols,person,favorable,judgment-full-20260720,tyre nichols,Tyre Nichols,person,favorable,opus-judgment-r2-20260722,True
/the-presidency/presidential-speeches/february-7-2023-state-union-address,72,Republicans,group,adversarial,judgment-full-20260720,republicans,Republicans,group,adversarial,opus-judgment-r2-20260722,True
/the-presidency/presidential-speeches/february-7-2023-state-union-address,78,NATO,institution,favorable,judgment-full-20260720,nato,NATO,institution,favorable,opus-judgment-r2-20260722,True
/the-presidency/presidential-speeches/february-7-2023-state-union-address,79,Putin,person,adversarial,judgment-full-20260720,putin,Putin,person,adversarial,opus-judgment-r2-20260722,True
/the-presidency/presidential-speeches/february-7-2023-state-union-address,79,Ukraine,nation,favorable,judgment-full-20260720,ukraine,Ukraine,nation,favorable,opus-judgment-r2-20260722,True
/the-presidency/presidential-speeches/february-7-2023-state-union-address,80,China,nation,adversarial,judgment-full-20260720,china,China,nation,adversarial,opus-judgment-r2-20260722,True
/the-presidency/presidential-speeches/february-7-2023-state-union-address,81,China,nation,adversarial,judgment-full-20260720,china,China,nation,neutral,opus-judgment-r2-20260722,False
/the-presidency/presidential-speeches/february-7-2023-state-union-address,82,China,nation,adversarial,judgment-full-20260720,china,China,nation,adversarial,opus-judgment-r2-20260722,True
/the-presidency/presidential-speeches/february-7-2023-state-union-address,88,social media companies,group,adversarial,judgment-full-20260720,social media companies,social media companies,group,adversarial,opus-judgment-r2-20260722,True
/the-presidency/presidential-speeches/february-7-2023-state-union-address,89,Big Tech,group,adversarial,judgment-full-20260720,big tech,Big Tech,group,adversarial,opus-judgment-r2-20260722,True
/the-presidency/presidential-speeches/february-7-2023-state-union-address,95,President Bush,person,favorable,judgment-full-20260720,president bush,President Bush,person,favorable,opus-judgment-r2-20260722,True
/the-presidency/presidential-speeches/february-7-2023-state-union-address,96,insurrectionists,group,adversarial,judgment-full-20260720,insurrectionists,insurrectionists,group,adversarial,opus-judgment-r2-20260722,True
/the-presidency/presidential-speeches/february-7-2023-state-union-address,97,Paul Pelosi,person,favorable,judgment-full-20260720,paul pelosi,Paul Pelosi,person,favorable,opus-judgment-r2-20260722,True
/the-presidency/presidential-speeches/january-10-1806-address-chiefs-cherokee-nation,0,Cherokee Nation,nation,favorable,judgment-r2-20260720,cherokee nation,Cherokee Nation,group,favorable,opus-judgment-20260721,True
/the-presidency/presidential-speeches/january-12-1966-state-union,0,89th Congress,institution,favorable,judgment-full-20260720,89th congress,89th Congress,institution,favorable,opus-judgment-r2-20260722,True
/the-presidency/presidential-speeches/january-12-1966-state-union,8,Secretary of the Treasury,person,neutral,judgment-full-20260720,secretary of the treasury,Secretary of the Treasury,person,favorable,opus-judgment-r2-20260722,False
/the-presidency/presidential-speeches/january-12-1966-state-union,21,Communist aggression,other,adversarial,judgment-full-20260720,communist aggression,Communist aggression,group,adversarial,opus-judgment-r2-20260722,True
/the-presidency/presidential-speeches/january-12-1966-state-union,23,United Nations,institution,favorable,judgment-full-20260720,united nations,United Nations,institution,favorable,opus-judgment-r2-20260722,True
/the-presidency/presidential-speeches/january-12-1966-state-union,26,mainland China,nation,adversarial,judgment-full-20260720,mainland china,mainland China,nation,adversarial,opus-judgment-r2-20260722,True
/the-presidency/presidential-speeches/january-12-1966-state-union,28,North Vietnam,nation,adversarial,judgment-full-20260720,north vietnam,North Vietnam,nation,adversarial,opus-judgment-r2-20260722,True
/the-presidency/presidential-speeches/january-12-1966-state-union,29,North Vietnam,nation,adversarial,judgment-full-20260720,north vietnam,North Vietnam,nation,adversarial,opus-judgment-r2-20260722,True
/the-presidency/presidential-speeches/january-12-1966-state-union,30,Communists,group,adversarial,judgment-full-20260720,communists,Communists,group,adversarial,opus-judgment-r2-20260722,True
/the-presidency/presidential-speeches/january-12-1966-state-union,30,North Vietnam,nation,adversarial,judgment-full-20260720,north vietnam,North Vietnam,nation,adversarial,opus-judgment-r2-20260722,True
/the-presidency/presidential-speeches/january-12-1966-state-union,31,South Vietnamese,nation,favorable,judgment-full-20260720,south vietnamese,South Vietnamese,group,favorable,opus-judgment-r2-20260722,True
/the-presidency/presidential-speeches/january-12-1966-state-union,32,United Nations,institution,neutral,judgment-full-20260720,united nations,United Nations,institution,favorable,opus-judgment-r2-20260722,False
/the-presidency/presidential-speeches/january-12-1977-state-union-address,3,Carter,person,favorable,judgment-full-20260720,carter,Carter,person,favorable,opus-judgment-20260721,True
/the-presidency/presidential-speeches/january-12-1977-state-union-address,12,Brezhnev,person,neutral,judgment-full-20260720,brezhnev,Brezhnev,person,neutral,opus-judgment-20260721,True
/the-presidency/presidential-speeches/january-12-1977-state-union-address,12,Soviet Union,nation,neutral,judgment-full-20260720,soviet union,Soviet Union,nation,neutral,opus-judgment-20260721,True
/the-presidency/presidential-speeches/january-12-1977-state-union-address,13,Israel,nation,favorable,judgment-full-20260720,israel,Israel,nation,neutral,opus-judgment-20260721,False
/the-presidency/presidential-speeches/january-12-1977-state-union-address,14,Japan,nation,favorable,judgment-full-20260720,japan,Japan,nation,favorable,opus-judgment-20260721,True
/the-presidency/presidential-speeches/january-12-1977-state-union-address,14,People's Republic of China,nation,neutral,judgment-full-20260720,people's republic of china,People's Republic of China,nation,favorable,opus-judgment-20260721,False
/the-presidency/presidential-speeches/january-12-1977-state-union-address,16,United Kingdom,nation,favorable,judgment-full-20260720,united kingdom,United Kingdom,nation,favorable,opus-judgment-20260721,True
/the-presidency/presidential-speeches/january-12-1977-state-union-address,32,Congress,institution,adversarial,judgment-full-20260720,congress,Congress,institution,adversarial,opus-judgment-20260721,True
/the-presidency/presidential-speeches/january-12-1977-state-union-address,33,Congress,institution,adversarial,judgment-full-20260720,congress,Congress,institution,adversarial,opus-judgment-20260721,True
/the-presidency/presidential-speeches/january-12-1977-state-union-address,36,Soviet Union,nation,adversarial,judgment-full-20260720,soviet union,Soviet Union,nation,adversarial,opus-judgment-20260721,True
/the-presidency/presidential-speeches/january-12-1977-state-union-address,38,Soviet Union,nation,adversarial,judgment-full-20260720,soviet union,Soviet Union,nation,adversarial,opus-judgment-20260721,True
/the-presidency/presidential-speeches/january-12-1977-state-union-address,39,Soviet Union,nation,adversarial,judgment-full-20260720,soviet union,Soviet Union,nation,adversarial,opus-judgment-20260721,True
/the-presidency/presidential-speeches/january-12-1977-state-union-address,41,NATO,institution,favorable,judgment-full-20260720,nato,NATO,institution,favorable,opus-judgment-20260721,True
/the-presidency/presidential-speeches/january-12-1977-state-union-address,43,Washington,person,favorable,judgment-full-20260720,washington,Washington,person,favorable,opus-judgment-20260721,True
/the-presidency/presidential-speeches/january-12-1977-state-union-address,44,Sam Rayburn,person,favorable,judgment-full-20260720,sam rayburn,Sam Rayburn,person,favorable,opus-judgment-20260721,True
/the-presidency/presidential-speeches/january-12-2009-final-press-conference,7,Egypt,nation,neutral,judgment-r2-20260720,egypt,Egypt,nation,neutral,opus-judgment-20260721,True
/the-presidency/presidential-speeches/january-12-2009-final-press-conference,7,Hamas,group,adversarial,judgment-r2-20260720,hamas,Hamas,group,adversarial,opus-judgment-20260721,True
/the-presidency/presidential-speeches/january-12-2009-final-press-conference,7,Israel,nation,favorable,judgment-r2-20260720,israel,Israel,nation,favorable,opus-judgment-20260721,True
/the-presidency/presidential-speeches/january-12-2009-final-press-conference,8,Hamas,group,adversarial,judgment-r2-20260720,hamas,Hamas,group,adversarial,opus-judgment-20260721,True
/the-presidency/presidential-speeches/january-12-2009-final-press-conference,9,Israel,nation,favorable,judgment-r2-20260720,israel,Israel,nation,favorable,opus-judgment-20260721,True
/the-presidency/presidential-speeches/january-12-2009-final-press-conference,12,Hamas,group,adversarial,judgment-r2-20260720,hamas,Hamas,group,adversarial,opus-judgment-20260721,True
/the-presidency/presidential-speeches/january-12-2009-final-press-conference,12,al Qaeda,group,adversarial,judgment-r2-20260720,al qaeda,al Qaeda,group,adversarial,opus-judgment-20260721,True
/the-presidency/presidential-speeches/january-12-2009-final-press-conference,13,Iran,nation,adversarial,judgment-r2-20260720,iran,Iran,nation,adversarial,opus-judgment-20260721,True
/the-presidency/presidential-speeches/january-12-2009-final-press-conference,13,North Korea,nation,adversarial,judgment-r2-20260720,north korea,North Korea,nation,adversarial,opus-judgment-20260721,True
/the-presidency/presidential-speeches/january-12-2009-final-press-conference,15,North Korea,nation,adversarial,judgment-r2-20260720,north korea,North Korea,nation,adversarial,opus-judgment-20260721,True
/the-presidency/presidential-speeches/january-12-2009-final-press-conference,16,Republican Party,group,neutral,judgment-r2-20260720,republican party,Republican Party,institution,favorable,opus-judgment-20260721,False
/the-presidency/presidential-speeches/january-12-2009-final-press-conference,18,George Bush,person,neutral,judgment-r2-20260720,george bush,George Bush,person,favorable,opus-judgment-20260721,False
/the-presidency/presidential-speeches/january-12-2009-final-press-conference,18,Republican Party,group,neutral,judgment-r2-20260720,republican party,Republican Party,institution,favorable,opus-judgment-20260721,False
/the-presidency/presidential-speeches/january-12-2009-final-press-conference,26,Charles Krauthammer,person,neutral,judgment-r2-20260720,charles krauthammer,Charles Krauthammer,person,neutral,opus-judgment-20260721,True
/the-presidency/presidential-speeches/january-12-2009-final-press-conference,28,Abraham Lincoln,person,favorable,judgment-r2-20260720,abraham lincoln,Abraham Lincoln,person,favorable,opus-judgment-20260721,True
/the-presidency/presidential-speeches/january-12-2011-remarks-memorial-victims-tucson-az-shooting,1,Gabrielle Giffords,person,favorable,judgment-full-20260720,gabrielle giffords,Gabrielle Giffords,person,favorable,opus-judgment-20260721,True
/the-presidency/presidential-speeches/january-12-2011-remarks-memorial-victims-tucson-az-shooting,3,George H.W. Bush,person,neutral,judgment-full-20260720,george h.w. bush,George H.W. Bush,person,neutral,opus-judgment-20260721,True
/the-presidency/presidential-speeches/january-12-2011-remarks-memorial-victims-tucson-az-shooting,3,John McCain,person,neutral,judgment-full-20260720,john mccain,John McCain,person,neutral,opus-judgment-20260721,True
/the-presidency/presidential-speeches/january-12-2011-remarks-memorial-victims-tucson-az-shooting,3,John Roll,person,favorable,judgment-full-20260720,john roll,John Roll,person,favorable,opus-judgment-20260721,True
/the-presidency/presidential-speeches/january-12-2011-remarks-memorial-victims-tucson-az-shooting,4,Dorothy Morris,person,favorable,judgment-full-20260720,dorothy morris,Dorothy Morris,person,favorable,opus-judgment-20260721,True
/the-presidency/presidential-speeches/january-12-2011-remarks-memorial-victims-tucson-az-shooting,4,George Morris,person,favorable,judgment-full-20260720,george morris,George Morris,person,favorable,opus-judgment-20260721,True
/the-presidency/presidential-speeches/january-12-2011-remarks-memorial-victims-tucson-az-shooting,4,John Roll,person,favorable,judgment-full-20260720,john roll,John Roll,person,favorable,opus-judgment-20260721,True
/the-presidency/presidential-speeches/january-12-2011-remarks-memorial-victims-tucson-az-shooting,5,Gabby,person,favorable,judgment-full-20260720,gabby,Gabby,person,favorable,opus-judgment-20260721,True
/the-presidency/presidential-speeches/january-12-2011-remarks-memorial-victims-tucson-az-shooting,5,Phyllis Schneck,person,favorable,judgment-full-20260720,phyllis schneck,Phyllis Schneck,person,favorable,opus-judgment-20260721,True
/the-presidency/presidential-speeches/january-12-2011-remarks-memorial-victims-tucson-az-shooting,6,Dorwan Stoddard,person,favorable,judgment-full-20260720,dorwan stoddard,Dorwan Stoddard,person,favorable,opus-judgment-20260721,True
/the-presidency/presidential-speeches/january-12-2011-remarks-memorial-victims-tucson-az-shooting,6,Mavy Stoddard,person,favorable,judgment-full-20260720,mavy stoddard,Mavy Stoddard,person,favorable,opus-judgment-20260721,True
/the-presidency/presidential-speeches/january-12-2011-remarks-memorial-victims-tucson-az-shooting,7,Gabe Zimmerman,person,favorable,judgment-full-20260720,gabe zimmerman,Gabe Zimmerman,person,favorable,opus-judgment-20260721,True
/the-presidency/presidential-speeches/january-12-2011-remarks-memorial-victims-tucson-az-shooting,8,Christina Taylor Green,person,favorable,judgment-full-20260720,christina taylor green,Christina Taylor Green,person,favorable,opus-judgment-20260721,True
/the-presidency/presidential-speeches/january-12-2011-remarks-memorial-victims-tucson-az-shooting,9,Mark,person,neutral,judgment-full-20260720,mark,Mark,person,favorable,opus-judgment-20260721,False
/the-presidency/presidential-speeches/january-12-2011-remarks-memorial-victims-tucson-az-shooting,10,Daniel Hernandez,person,favorable,judgment-full-20260720,daniel hernandez,Daniel Hernandez,person,favorable,opus-judgment-20260721,True
/the-presidency/presidential-speeches/january-12-2011-remarks-memorial-victims-tucson-az-shooting,10,Gabby,person,favorable,judgment-full-20260720,gabby,Gabby,person,favorable,opus-judgment-20260721,True
/the-presidency/presidential-speeches/january-12-2011-remarks-memorial-victims-tucson-az-shooting,11,Daniel Hernandez,person,favorable,judgment-full-20260720,daniel hernandez,Daniel Hernandez,person,favorable,opus-judgment-20260721,True
/the-presidency/presidential-speeches/january-12-2011-remarks-memorial-victims-tucson-az-shooting,11,Patricia Maisch,person,favorable,judgment-full-20260720,patricia maisch,Patricia Maisch,person,favorable,opus-judgment-20260721,True
/the-presidency/presidential-speeches/january-12-2011-remarks-memorial-victims-tucson-az-shooting,20,John Roll,person,favorable,judgment-full-20260720,john roll,John Roll,person,favorable,opus-judgment-20260721,True
/the-presidency/presidential-speeches/january-12-2011-remarks-memorial-victims-tucson-az-shooting,21,Gabby,person,favorable,judgment-full-20260720,gabby,Gabby,person,favorable,opus-judgment-20260721,True
/the-presidency/presidential-speeches/january-12-2011-remarks-memorial-victims-tucson-az-shooting,23,Gabby Giffords,person,favorable,judgment-full-20260720,gabby giffords,Gabby Giffords,person,favorable,opus-judgment-20260721,True
/the-presidency/presidential-speeches/january-12-2011-remarks-memorial-victims-tucson-az-shooting,23,John Roll,person,favorable,judgment-full-20260720,john roll,John Roll,person,favorable,opus-judgment-20260721,True
/the-presidency/presidential-speeches/january-12-2011-remarks-memorial-victims-tucson-az-shooting,25,Christina Taylor Green,person,favorable,judgment-full-20260720,christina taylor green,Christina Taylor Green,person,favorable,opus-judgment-20260721,True
/the-presidency/presidential-speeches/january-14-1875-message-approving-specie-resumption-act,1,Congress,institution,neutral,judgment-full-20260720,congress,Congress,institution,neutral,opus-judgment-20260721,True
/the-presidency/presidential-speeches/january-14-1875-message-approving-specie-resumption-act,3,Secretary of the Treasury,institution,neutral,judgment-full-20260720,secretary of the treasury,Secretary of the Treasury,institution,neutral,opus-judgment-20260721,True
/the-presidency/presidential-speeches/january-14-1875-message-approving-specie-resumption-act,4,Treasury,institution,neutral,judgment-full-20260720,treasury,Treasury,institution,neutral,opus-judgment-20260721,True
/the-presidency/presidential-speeches/january-14-1875-message-approving-specie-resumption-act,7,Congress,institution,neutral,judgment-full-20260720,congress,Congress,institution,neutral,opus-judgment-20260721,True
/the-presidency/presidential-speeches/january-15-2009-farewell-address-nation,1,Cheney,person,favorable,judgment-chunk25-20260720,cheney,Cheney,person,favorable,opus-judgment-20260721,True
/the-presidency/presidential-speeches/january-15-2009-farewell-address-nation,1,Obama,person,favorable,judgment-chunk25-20260720,obama,Obama,person,favorable,opus-judgment-20260721,True
/the-presidency/presidential-speeches/january-15-2009-farewell-address-nation,2,Arlene Howard,person,favorable,judgment-chunk25-20260720,arlene howard,Arlene Howard,person,favorable,opus-judgment-20260721,True
/the-presidency/presidential-speeches/january-15-2009-farewell-address-nation,2,terrorists,group,adversarial,judgment-chunk25-20260720,terrorists,terrorists,group,adversarial,opus-judgment-20260721,True
/the-presidency/presidential-speeches/january-15-2009-farewell-address-nation,3,Afghanistan,nation,neutral,judgment-chunk25-20260720,afghanistan,Afghanistan,nation,favorable,opus-judgment-20260721,False
/the-presidency/presidential-speeches/january-15-2009-farewell-address-nation,3,Iraq,nation,neutral,judgment-chunk25-20260720,iraq,Iraq,nation,favorable,opus-judgment-20260721,False
/the-presidency/presidential-speeches/january-15-2009-farewell-address-nation,3,Taliban,group,adversarial,judgment-chunk25-20260720,taliban,Taliban,group,adversarial,opus-judgment-20260721,True
/the-presidency/presidential-speeches/january-15-2009-farewell-address-nation,3,al-Qaeda,group,adversarial,judgment-chunk25-20260720,al-qaeda,al-Qaeda,group,adversarial,opus-judgment-20260721,True
/the-presidency/presidential-speeches/january-15-2009-farewell-address-nation,5,a small band of fanatics,group,adversarial,judgment-chunk25-20260720,a small band of fanatics,a small band of fanatics,group,adversarial,opus-judgment-20260721,True
/the-presidency/presidential-speeches/january-15-2009-farewell-address-nation,7,John Roberts,person,favorable,judgment-chunk25-20260720,john roberts,John Roberts,person,favorable,opus-judgment-20260721,True
/the-presidency/presidential-speeches/january-15-2009-farewell-address-nation,7,Sam Alito,person,favorable,judgment-chunk25-20260720,sam alito,Sam Alito,person,favorable,opus-judgment-20260721,True
/the-presidency/presidential-speeches/january-15-2009-farewell-address-nation,9,our enemies,group,adversarial,judgment-chunk25-20260720,our enemies,Our enemies,group,adversarial,opus-judgment-20260721,True
/the-presidency/presidential-speeches/january-15-2009-farewell-address-nation,10,Thomas Jefferson,person,favorable,judgment-chunk25-20260720,thomas jefferson,Thomas Jefferson,person,favorable,opus-judgment-20260721,True
/the-presidency/presidential-speeches/january-15-2009-farewell-address-nation,11,Tony Recasner,person,favorable,judgment-chunk25-20260720,tony recasner,Tony Recasner,person,favorable,opus-judgment-20260721,True
/the-presidency/presidential-speeches/january-15-2009-farewell-address-nation,12,Aubrey McDade,person,favorable,judgment-chunk25-20260720,aubrey mcdade,Aubrey McDade,person,favorable,opus-judgment-20260721,True
/the-presidency/presidential-speeches/january-15-2009-farewell-address-nation,12,Bill Krissoff,person,favorable,judgment-chunk25-20260720,bill krissoff,Bill Krissoff,person,favorable,opus-judgment-20260721,True
/the-presidency/presidential-speeches/january-15-2009-farewell-address-nation,12,Julio Medina,person,favorable,judgment-chunk25-20260720,julio medina,Julio Medina,person,favorable,opus-judgment-20260721,True
/the-presidency/presidential-speeches/january-15-2009-farewell-address-nation,13,Krissoff,person,favorable,judgment-chunk25-20260720,krissoff,Krissoff,person,favorable,opus-judgment-20260721,True
/the-presidency/presidential-speeches/january-16-1833-message-regarding-south-carolina-nullification,1,South Carolina,nation,adversarial,judgment-r2-20260720,south carolina,South Carolina,nation,adversarial,opus-judgment-r2-20260722,True
/the-presidency/presidential-speeches/january-16-1833-message-regarding-south-carolina-nullification,2,South Carolina,nation,adversarial,judgment-r2-20260720,south carolina,South Carolina,nation,adversarial,opus-judgment-r2-20260722,True
/the-presidency/presidential-speeches/january-16-1833-message-regarding-south-carolina-nullification,3,South Carolina,nation,adversarial,judgment-r2-20260720,south carolina,South Carolina,nation,adversarial,opus-judgment-r2-20260722,True
/the-presidency/presidential-speeches/january-16-1833-message-regarding-south-carolina-nullification,4,Governor of South Carolina,person,adversarial,judgment-r2-20260720,governor of south carolina,governor of South Carolina,person,adversarial,opus-judgment-r2-20260722,True
/the-presidency/presidential-speeches/january-16-1833-message-regarding-south-carolina-nullification,4,South Carolina,nation,adversarial,judgment-r2-20260720,south carolina,South Carolina,nation,adversarial,opus-judgment-r2-20260722,True
/the-presidency/presidential-speeches/january-16-1833-message-regarding-south-carolina-nullification,5,South Carolina,nation,adversarial,judgment-r2-20260720,south carolina,South Carolina,nation,adversarial,opus-judgment-r2-20260722,True
/the-presidency/presidential-speeches/january-16-1833-message-regarding-south-carolina-nullification,6,Congress,institution,neutral,judgment-r2-20260720,congress,Congress,institution,neutral,opus-judgment-r2-20260722,True
/the-presidency/presidential-speeches/january-16-1833-message-regarding-south-carolina-nullification,6,South Carolina,nation,adversarial,judgment-r2-20260720,south carolina,South Carolina,nation,adversarial,opus-judgment-r2-20260722,True
/the-presidency/presidential-speeches/january-16-1833-message-regarding-south-carolina-nullification,7,Secretary of the Treasury,institution,neutral,judgment-r2-20260720,secretary of the treasury,Secretary of the Treasury,person,favorable,opus-judgment-r2-20260722,False
/the-presidency/presidential-speeches/january-16-1833-message-regarding-south-carolina-nullification,9,South Carolina,nation,adversarial,judgment-r2-20260720,south carolina,South Carolina,nation,adversarial,opus-judgment-r2-20260722,True
/the-presidency/presidential-speeches/january-16-1833-message-regarding-south-carolina-nullification,13,South Carolina,nation,adversarial,judgment-r2-20260720,south carolina,South Carolina,nation,adversarial,opus-judgment-r2-20260722,True
/the-presidency/presidential-speeches/january-16-1833-message-regarding-south-carolina-nullification,14,South Carolina,nation,adversarial,judgment-r2-20260720,south carolina,South Carolina,nation,adversarial,opus-judgment-r2-20260722,True
/the-presidency/presidential-speeches/january-16-1833-message-regarding-south-carolina-nullification,15,Governor of South Carolina,person,adversarial,judgment-r2-20260720,governor of south carolina,governor of South Carolina,person,adversarial,opus-judgment-r2-20260722,True
/the-presidency/presidential-speeches/january-16-1833-message-regarding-south-carolina-nullification,16,Governor of South Carolina,person,adversarial,judgment-r2-20260720,governor of south carolina,governor of South Carolina,person,adversarial,opus-judgment-r2-20260722,True
/the-presidency/presidential-speeches/january-16-1833-message-regarding-south-carolina-nullification,17,South Carolina,nation,adversarial,judgment-r2-20260720,south carolina,South Carolina,nation,adversarial,opus-judgment-r2-20260722,True
/the-presidency/presidential-speeches/january-16-1833-message-regarding-south-carolina-nullification,22,Governor Hamilton,person,neutral,judgment-r2-20260720,governor hamilton,Governor Hamilton,person,adversarial,opus-judgment-r2-20260722,False
/the-presidency/presidential-speeches/january-16-1833-message-regarding-south-carolina-nullification,22,Governor Hayne,person,neutral,judgment-r2-20260720,governor hayne,Governor Hayne,person,adversarial,opus-judgment-r2-20260722,False
/the-presidency/presidential-speeches/january-16-1833-message-regarding-south-carolina-nullification,24,South Carolina,nation,adversarial,judgment-r2-20260720,south carolina,South Carolina,nation,adversarial,opus-judgment-r2-20260722,True
/the-presidency/presidential-speeches/january-16-1833-message-regarding-south-carolina-nullification,25,South Carolina,nation,adversarial,judgment-r2-20260720,south carolina,South Carolina,nation,adversarial,opus-judgment-r2-20260722,True
/the-presidency/presidential-speeches/january-16-1833-message-regarding-south-carolina-nullification,26,Governor of South Carolina,person,neutral,judgment-r2-20260720,governor of south carolina,governor of South Carolina,person,adversarial,opus-judgment-r2-20260722,False
/the-presidency/presidential-speeches/january-16-1833-message-regarding-south-carolina-nullification,26,South Carolina,nation,adversarial,judgment-r2-20260720,south carolina,South Carolina,nation,adversarial,opus-judgment-r2-20260722,True
/the-presidency/presidential-speeches/january-16-1833-message-regarding-south-carolina-nullification,29,South Carolina,nation,adversarial,judgment-r2-20260720,south carolina,South Carolina,nation,adversarial,opus-judgment-r2-20260722,True
/the-presidency/presidential-speeches/january-16-1833-message-regarding-south-carolina-nullification,32,South Carolina,nation,adversarial,judgment-r2-20260720,south carolina,South Carolina,nation,adversarial,opus-judgment-r2-20260722,True
/the-presidency/presidential-speeches/january-16-1833-message-regarding-south-carolina-nullification,36,South Carolina,nation,neutral,judgment-r2-20260720,south carolina,South Carolina,nation,neutral,opus-judgment-r2-20260722,True
/the-presidency/presidential-speeches/january-16-1833-message-regarding-south-carolina-nullification,41,South Carolina,nation,adversarial,judgment-r2-20260720,south carolina,South Carolina,nation,adversarial,opus-judgment-r2-20260722,True
/the-presidency/presidential-speeches/january-16-1833-message-regarding-south-carolina-nullification,42,South Carolina,nation,adversarial,judgment-r2-20260720,south carolina,South Carolina,nation,adversarial,opus-judgment-r2-20260722,True
/the-presidency/presidential-speeches/january-16-1833-message-regarding-south-carolina-nullification,46,South Carolina,nation,adversarial,judgment-r2-20260720,south carolina,South Carolina,nation,adversarial,opus-judgment-r2-20260722,True
/the-presidency/presidential-speeches/january-16-1833-message-regarding-south-carolina-nullification,49,South Carolina,nation,adversarial,judgment-r2-20260720,south carolina,South Carolina,nation,adversarial,opus-judgment-r2-20260722,True
/the-presidency/presidential-speeches/january-16-1833-message-regarding-south-carolina-nullification,52,Supreme Court of the United States,institution,neutral,judgment-r2-20260720,supreme court of the united states,Supreme Court of the United States,institution,favorable,opus-judgment-r2-20260722,False
/the-presidency/presidential-speeches/january-16-1833-message-regarding-south-carolina-nullification,53,South Carolina,nation,adversarial,judgment-r2-20260720,south carolina,South Carolina,nation,adversarial,opus-judgment-r2-20260722,True
/the-presidency/presidential-speeches/january-16-1833-message-regarding-south-carolina-nullification,54,South Carolina,nation,adversarial,judgment-r2-20260720,south carolina,South Carolina,nation,adversarial,opus-judgment-r2-20260722,True
/the-presidency/presidential-speeches/january-16-1991-address-nation-invasion-iraq,0,Kuwait,nation,favorable,judgment-full-20260720,kuwait,Kuwait,nation,favorable,opus-judgment-r2-20260722,True
/the-presidency/presidential-speeches/january-16-1991-address-nation-invasion-iraq,0,Saddam Hussein,person,adversarial,judgment-full-20260720,saddam hussein,Saddam Hussein,person,adversarial,opus-judgment-r2-20260722,True
/the-presidency/presidential-speeches/january-16-1991-address-nation-invasion-iraq,0,United Nations,institution,favorable,judgment-full-20260720,united nations,United Nations,institution,favorable,opus-judgment-r2-20260722,True
/the-presidency/presidential-speeches/january-16-1991-address-nation-invasion-iraq,1,James Baker,person,favorable,judgment-full-20260720,james baker,James Baker,person,favorable,opus-judgment-r2-20260722,True
/the-presidency/presidential-speeches/january-16-1991-address-nation-invasion-iraq,1,Saddam Hussein,person,adversarial,judgment-full-20260720,saddam hussein,Saddam Hussein,person,adversarial,opus-judgment-r2-20260722,True
/the-presidency/presidential-speeches/january-16-1991-address-nation-invasion-iraq,1,United Nations,institution,favorable,judgment-full-20260720,united nations,United Nations,institution,favorable,opus-judgment-r2-20260722,True
/the-presidency/presidential-speeches/january-16-1991-address-nation-invasion-iraq,2,General Schwarzkopf,person,favorable,judgment-full-20260720,general schwarzkopf,General Schwarzkopf,person,favorable,opus-judgment-r2-20260722,True
/the-presidency/presidential-speeches/january-16-1991-address-nation-invasion-iraq,2,Kuwait,nation,favorable,judgment-full-20260720,kuwait,Kuwait,nation,favorable,opus-judgment-r2-20260722,True
/the-presidency/presidential-speeches/january-16-1991-address-nation-invasion-iraq,2,Saddam Hussein,person,adversarial,judgment-full-20260720,saddam hussein,Saddam Hussein,person,adversarial,opus-judgment-r2-20260722,True
/the-presidency/presidential-speeches/january-16-1991-address-nation-invasion-iraq,3,Saddam Hussein,person,adversarial,judgment-full-20260720,saddam hussein,Saddam Hussein,person,adversarial,opus-judgment-r2-20260722,True
/the-presidency/presidential-speeches/january-16-1991-address-nation-invasion-iraq,5,Saddam Hussein,person,adversarial,judgment-full-20260720,saddam hussein,Saddam Hussein,person,adversarial,opus-judgment-r2-20260722,True
/the-presidency/presidential-speeches/january-16-1991-address-nation-invasion-iraq,7,Saddam Hussein,person,adversarial,judgment-full-20260720,saddam hussein,Saddam Hussein,person,adversarial,opus-judgment-r2-20260722,True
/the-presidency/presidential-speeches/january-16-1991-address-nation-invasion-iraq,7,Thomas Paine,person,neutral,judgment-full-20260720,thomas paine,Thomas Paine,person,neutral,opus-judgment-r2-20260722,True
/the-presidency/presidential-speeches/january-16-1991-address-nation-invasion-iraq,7,United Nations,institution,favorable,judgment-full-20260720,united nations,United Nations,institution,favorable,opus-judgment-r2-20260722,True
/the-presidency/presidential-speeches/january-16-1991-address-nation-invasion-iraq,8,Hollywood Huddleston,person,favorable,judgment-full-20260720,hollywood huddleston,Hollywood Huddleston,person,favorable,opus-judgment-r2-20260722,True
/the-presidency/presidential-speeches/january-16-1991-address-nation-invasion-iraq,9,J.P. Kendall,person,favorable,judgment-full-20260720,j.p. kendall,J.P. Kendall,person,favorable,opus-judgment-r2-20260722,True
/the-presidency/presidential-speeches/january-16-1991-address-nation-invasion-iraq,9,Jackie Jones,person,favorable,judgment-full-20260720,jackie jones,Jackie Jones,person,favorable,opus-judgment-r2-20260722,True
/the-presidency/presidential-speeches/january-16-1991-address-nation-invasion-iraq,9,Walter Boomer,person,favorable,judgment-full-20260720,walter boomer,Walter Boomer,person,favorable,opus-judgment-r2-20260722,True
/the-presidency/presidential-speeches/january-18-1803-special-message-congress-indian-policy,3,private traders,group,adversarial,judgment-full-20260720,private traders,private traders,group,adversarial,opus-judgment-r2-20260722,True
/the-presidency/presidential-speeches/january-18-1803-special-message-congress-indian-policy,4,Chickasaws,group,neutral,judgment-full-20260720,chickasaws,Chickasaws,group,favorable,opus-judgment-r2-20260722,False
/the-presidency/presidential-speeches/january-19-1978-state-union-address,3,Abraham Lincoln,person,favorable,judgment-full-20260720,abraham lincoln,Abraham Lincoln,person,favorable,opus-judgment-20260721,True
/the-presidency/presidential-speeches/january-19-1978-state-union-address,3,Franklin Roosevelt,person,favorable,judgment-full-20260720,franklin roosevelt,Franklin Roosevelt,person,favorable,opus-judgment-20260721,True
/the-presidency/presidential-speeches/january-19-1978-state-union-address,4,Harry Truman,person,favorable,judgment-full-20260720,harry truman,Harry Truman,person,favorable,opus-judgment-20260721,True
/the-presidency/presidential-speeches/january-19-1978-state-union-address,31,Abraham Lincoln,person,favorable,judgment-full-20260720,abraham lincoln,Abraham Lincoln,person,favorable,opus-judgment-20260721,True
/the-presidency/presidential-speeches/january-19-1978-state-union-address,40,Soviet Union,nation,neutral,judgment-full-20260720,soviet union,Soviet Union,nation,neutral,opus-judgment-20260721,True
/the-presidency/presidential-speeches/january-19-1978-state-union-address,42,Great Britain,nation,neutral,judgment-full-20260720,great britain,Great Britain,nation,favorable,opus-judgment-20260721,False
/the-presidency/presidential-speeches/january-19-1978-state-union-address,42,Soviet Union,nation,neutral,judgment-full-20260720,soviet union,Soviet Union,nation,neutral,opus-judgment-20260721,True
/the-presidency/presidential-speeches/january-19-1978-state-union-address,52,Hubert Humphrey,person,favorable,judgment-full-20260720,hubert humphrey,Hubert Humphrey,person,favorable,opus-judgment-20260721,True
/the-presidency/presidential-speeches/january-19-1978-state-union-address,52,Lee Metcalf,person,favorable,judgment-full-20260720,lee metcalf,Lee Metcalf,person,favorable,opus-judgment-20260721,True
/the-presidency/presidential-speeches/january-2-1841-special-message-about-desctruction-steamboat,0,Alexander McLeod,person,neutral,judgment-full-20260720,alexander mcleod,Alexander McLeod,person,neutral,opus-judgment-20260721,True
/the-presidency/presidential-speeches/january-2-1841-special-message-about-desctruction-steamboat,0,Great Britain,nation,neutral,judgment-full-20260720,great britain,Great Britain,nation,neutral,opus-judgment-20260721,True
/the-presidency/presidential-speeches/january-2-1841-special-message-about-desctruction-steamboat,0,Mr. Forsyth,person,neutral,judgment-full-20260720,mr. forsyth,Mr. Forsyth,person,neutral,opus-judgment-20260721,True
/the-presidency/presidential-speeches/january-2-1841-special-message-about-desctruction-steamboat,0,Mr. Fox,person,neutral,judgment-full-20260720,mr. fox,Mr. Fox,person,neutral,opus-judgment-20260721,True
/the-presidency/presidential-speeches/january-2-1841-special-message-about-desctruction-steamboat,2,United States Government,institution,neutral,judgment-full-20260720,united states government,United States Government,institution,neutral,opus-judgment-20260721,True
/the-presidency/presidential-speeches/january-2-1841-special-message-about-desctruction-steamboat,3,authorities of New York,institution,adversarial,judgment-full-20260720,authorities of new york,authorities of New York,institution,neutral,opus-judgment-20260721,False
/the-presidency/presidential-speeches/january-2-1841-special-message-about-desctruction-steamboat,3,the Caroline,other,adversarial,judgment-full-20260720,the caroline,the Caroline,other,adversarial,opus-judgment-20260721,True
/the-presidency/presidential-speeches/january-2-1841-special-message-about-desctruction-steamboat,4,Her Majesty's Government,nation,neutral,judgment-full-20260720,her majesty's government,Her Majesty's Government,institution,neutral,opus-judgment-20260721,True
/the-presidency/presidential-speeches/january-2-1841-special-message-about-desctruction-steamboat,4,United States,nation,neutral,judgment-full-20260720,united states,United States,nation,neutral,opus-judgment-20260721,True
/the-presidency/presidential-speeches/january-2-1841-special-message-about-desctruction-steamboat,5,Alexander McLeod,person,adversarial,judgment-full-20260720,alexander mcleod,Alexander McLeod,person,neutral,opus-judgment-20260721,False
/the-presidency/presidential-speeches/january-2-1841-special-message-about-desctruction-steamboat,5,Her Britannic Majesty's Government,nation,neutral,judgment-full-20260720,her britannic majesty's government,Her Britannic Majesty's Government,institution,neutral,opus-judgment-20260721,True
/the-presidency/presidential-speeches/january-2-1841-special-message-about-desctruction-steamboat,6,John Forsyth,person,neutral,judgment-full-20260720,john forsyth,John Forsyth,person,neutral,opus-judgment-20260721,True
/the-presidency/presidential-speeches/january-20-1953-first-inaugural-address,7,The enemies of this faith,group,adversarial,judgment-full-20260720,the enemies of this faith,The enemies of this faith,group,adversarial,opus-judgment-r2-20260722,True
/the-presidency/presidential-speeches/january-20-1953-first-inaugural-address,14,United Nations,institution,favorable,judgment-full-20260720,united nations,United Nations,institution,favorable,opus-judgment-r2-20260722,True
/the-presidency/presidential-speeches/january-20-1965-inaugural-address,9,our enemies,group,adversarial,judgment-full-20260720,our enemies,our enemies,group,adversarial,opus-judgment-20260721,True
/the-presidency/presidential-speeches/january-20-1972-state-union-address,0,President Truman,person,favorable,judgment-full-20260720,president truman,President Truman,person,neutral,opus-judgment-r2-20260722,False
/the-presidency/presidential-speeches/january-20-1972-state-union-address,0,Speaker Albert,person,neutral,judgment-full-20260720,speaker albert,Speaker Albert,person,favorable,opus-judgment-r2-20260722,False
/the-presidency/presidential-speeches/january-20-1977-inaugural-address,0,Julia Coleman,person,favorable,judgment-r2-20260720,julia coleman,Julia Coleman,person,favorable,opus-judgment-20260721,True
/the-presidency/presidential-speeches/january-20-1997-second-inaugural,12,Martin Luther King,person,favorable,judgment-full-20260720,martin luther king,Martin Luther King,person,favorable,opus-judgment-20260721,True
/the-presidency/presidential-speeches/january-20-1997-second-inaugural,13,Congress,institution,neutral,judgment-full-20260720,congress,Congress,institution,neutral,opus-judgment-20260721,True
/the-presidency/presidential-speeches/january-20-1997-second-inaugural,13,Martin Luther King,person,favorable,judgment-full-20260720,martin luther king,Martin Luther King,person,favorable,opus-judgment-20260721,True
/the-presidency/presidential-speeches/january-20-1997-second-inaugural,14,Cardinal Bernardin,person,favorable,judgment-full-20260720,cardinal bernardin,Cardinal Bernardin,person,favorable,opus-judgment-20260721,True
/the-presidency/presidential-speeches/january-20-2015-2015-state-union-address,18,Tennessee,other,favorable,judgment-full-20260720,tennessee,Tennessee,other,favorable,opus-judgment-20260721,True
/the-presidency/presidential-speeches/january-20-2015-2015-state-union-address,19,Jill Biden,person,favorable,judgment-full-20260720,jill biden,Jill Biden,person,favorable,opus-judgment-20260721,True
/the-presidency/presidential-speeches/january-20-2015-2015-state-union-address,21,China,nation,adversarial,judgment-full-20260720,china,China,nation,adversarial,opus-judgment-20260721,True
/the-presidency/presidential-speeches/january-20-2015-2015-state-union-address,22,China,nation,adversarial,judgment-full-20260720,china,China,nation,adversarial,opus-judgment-20260721,True
/the-presidency/presidential-speeches/january-20-2015-2015-state-union-address,24,Scott Kelly,person,favorable,judgment-full-20260720,scott kelly,Scott Kelly,person,favorable,opus-judgment-20260721,True
/the-presidency/presidential-speeches/january-20-2015-2015-state-union-address,25,lobbyists,group,adversarial,judgment-full-20260720,lobbyists,lobbyists,group,adversarial,opus-judgment-20260721,True
/the-presidency/presidential-speeches/january-20-2015-2015-state-union-address,28,terrorists,group,adversarial,judgment-full-20260720,terrorists,terrorists,group,adversarial,opus-judgment-20260721,True
/the-presidency/presidential-speeches/january-20-2015-2015-state-union-address,29,ISIL,group,adversarial,judgment-full-20260720,isil,ISIL,group,adversarial,opus-judgment-20260721,True
/the-presidency/presidential-speeches/january-20-2015-2015-state-union-address,30,ISIL,group,adversarial,judgment-full-20260720,isil,ISIL,group,adversarial,opus-judgment-20260721,True
/the-presidency/presidential-speeches/january-20-2015-2015-state-union-address,30,NATO,institution,favorable,judgment-full-20260720,nato,NATO,institution,favorable,opus-judgment-20260721,True
/the-presidency/presidential-speeches/january-20-2015-2015-state-union-address,30,Putin,person,adversarial,judgment-full-20260720,putin,Putin,person,adversarial,opus-judgment-20260721,True
/the-presidency/presidential-speeches/january-20-2015-2015-state-union-address,30,Russia,nation,adversarial,judgment-full-20260720,russia,Russia,nation,adversarial,opus-judgment-20260721,True
/the-presidency/presidential-speeches/january-20-2015-2015-state-union-address,31,Cuba,nation,neutral,judgment-full-20260720,cuba,Cuba,nation,neutral,opus-judgment-20260721,True
/the-presidency/presidential-speeches/january-20-2015-2015-state-union-address,31,Russia,nation,adversarial,judgment-full-20260720,russia,Russia,nation,adversarial,opus-judgment-20260721,True
/the-presidency/presidential-speeches/january-20-2015-2015-state-union-address,32,Alan Gross,person,favorable,judgment-full-20260720,alan gross,Alan Gross,person,favorable,opus-judgment-20260721,True
/the-presidency/presidential-speeches/january-20-2015-2015-state-union-address,32,Iran,nation,adversarial,judgment-full-20260720,iran,Iran,nation,adversarial,opus-judgment-20260721,True
/the-presidency/presidential-speeches/january-20-2015-2015-state-union-address,32,Israel,nation,favorable,judgment-full-20260720,israel,Israel,nation,favorable,opus-judgment-20260721,True
/the-presidency/presidential-speeches/january-20-2015-2015-state-union-address,32,Pope Francis,person,favorable,judgment-full-20260720,pope francis,Pope Francis,person,favorable,opus-judgment-20260721,True
/the-presidency/presidential-speeches/january-20-2015-2015-state-union-address,33,Iran,nation,adversarial,judgment-full-20260720,iran,Iran,nation,adversarial,opus-judgment-20260721,True
/the-presidency/presidential-speeches/january-20-2015-2015-state-union-address,37,China,nation,neutral,judgment-full-20260720,china,China,nation,neutral,opus-judgment-20260721,True
/the-presidency/presidential-speeches/january-20-2025-inaugural-address,0,Vance,person,favorable,judgment-full-20260720,vance,Vance,person,favorable,opus-judgment-r2-20260722,True
/the-presidency/presidential-speeches/january-20-2025-inaugural-address,1,Justice Department,institution,adversarial,judgment-full-20260720,justice department,Justice Department,institution,adversarial,opus-judgment-r2-20260722,True
/the-presidency/presidential-speeches/january-20-2025-inaugural-address,3,radical and corrupt establishment,group,adversarial,judgment-full-20260720,radical and corrupt establishment,radical and corrupt establishment,group,adversarial,opus-judgment-r2-20260722,True
/the-presidency/presidential-speeches/january-20-2025-inaugural-address,4,the government,institution,adversarial,judgment-full-20260720,the government,the government,institution,adversarial,opus-judgment-r2-20260722,True
/the-presidency/presidential-speeches/january-20-2025-inaugural-address,8,Those who wish to stop our cause,group,adversarial,judgment-full-20260720,those who wish to stop our cause,Those who wish to stop our cause,group,adversarial,opus-judgment-r2-20260722,True
/the-presidency/presidential-speeches/january-20-2025-inaugural-address,11,Martin Luther King,person,favorable,judgment-full-20260720,martin luther king,Martin Luther King,person,favorable,opus-judgment-r2-20260722,True
/the-presidency/presidential-speeches/january-20-2025-inaugural-address,14,foreign gangs,group,adversarial,judgment-full-20260720,foreign gangs,foreign gangs,group,adversarial,opus-judgment-r2-20260722,True
/the-presidency/presidential-speeches/january-20-2025-inaugural-address,20,the state,institution,adversarial,judgment-full-20260720,the state,the state,institution,adversarial,opus-judgment-r2-20260722,True
/the-presidency/presidential-speeches/january-20-2025-inaugural-address,24,William McKinley,person,favorable,judgment-full-20260720,william mckinley,William McKinley,person,favorable,opus-judgment-r2-20260722,True
/the-presidency/presidential-speeches/january-20-2025-inaugural-address,25,Panama,nation,neutral,judgment-full-20260720,panama,Panama,nation,neutral,opus-judgment-r2-20260722,True
/the-presidency/presidential-speeches/january-20-2025-inaugural-address,25,Teddy Roosevelt,person,favorable,judgment-full-20260720,teddy roosevelt,Teddy Roosevelt,person,favorable,opus-judgment-r2-20260722,True
/the-presidency/presidential-speeches/january-20-2025-inaugural-address,26,Panama,nation,adversarial,judgment-full-20260720,panama,Panama,nation,adversarial,opus-judgment-r2-20260722,True
/the-presidency/presidential-speeches/january-20-2025-inaugural-address,27,China,nation,adversarial,judgment-full-20260720,china,China,nation,adversarial,opus-judgment-r2-20260722,True
/the-presidency/presidential-speeches/january-20-2025-inaugural-address,27,Panama,nation,adversarial,judgment-full-20260720,panama,Panama,nation,neutral,opus-judgment-r2-20260722,False
/the-presidency/presidential-speeches/january-23-1973-address-nation-announcing-agreement-ending-war,0,Democratic Republic of Vietnam,nation,neutral,judgment-full-20260720,democratic republic of vietnam,Democratic Republic of Vietnam,nation,neutral,opus-judgment-20260721,True
/the-presidency/presidential-speeches/january-23-1973-address-nation-announcing-agreement-ending-war,0,Henry Kissinger,person,favorable,judgment-full-20260720,henry kissinger,Henry Kissinger,person,favorable,opus-judgment-20260721,True
/the-presidency/presidential-speeches/january-23-1973-address-nation-announcing-agreement-ending-war,2,President Thieu,person,favorable,judgment-full-20260720,president thieu,President Thieu,person,favorable,opus-judgment-20260721,True
/the-presidency/presidential-speeches/january-23-1973-address-nation-announcing-agreement-ending-war,2,Republic of Vietnam,nation,favorable,judgment-full-20260720,republic of vietnam,Republic of Vietnam,nation,favorable,opus-judgment-20260721,True
/the-presidency/presidential-speeches/january-23-1973-address-nation-announcing-agreement-ending-war,3,Republic of Vietnam,nation,favorable,judgment-full-20260720,republic of vietnam,Republic of Vietnam,nation,favorable,opus-judgment-20260721,True
/the-presidency/presidential-speeches/january-23-1973-address-nation-announcing-agreement-ending-war,4,South Vietnam,nation,favorable,judgment-full-20260720,south vietnam,South Vietnam,nation,favorable,opus-judgment-20260721,True
/the-presidency/presidential-speeches/january-23-1973-address-nation-announcing-agreement-ending-war,5,North Vietnam,nation,neutral,judgment-full-20260720,north vietnam,North Vietnam,nation,neutral,opus-judgment-20260721,True
/the-presidency/presidential-speeches/january-23-1973-address-nation-announcing-agreement-ending-war,6,North Vietnam,nation,adversarial,judgment-full-20260720,north vietnam,North Vietnam,nation,neutral,opus-judgment-20260721,False
/the-presidency/presidential-speeches/january-23-1973-address-nation-announcing-agreement-ending-war,8,President Johnson,person,favorable,judgment-full-20260720,president johnson,President Johnson,person,favorable,opus-judgment-20260721,True
/the-presidency/presidential-speeches/january-24-1995-state-union-address,3,Franklin Roosevelt,person,favorable,judgment-full-20260720,franklin roosevelt,Franklin Roosevelt,person,favorable,opus-judgment-20260721,True
/the-presidency/presidential-speeches/january-24-1995-state-union-address,3,Harry Truman,person,favorable,judgment-full-20260720,harry truman,Harry Truman,person,favorable,opus-judgment-20260721,True
/the-presidency/presidential-speeches/january-24-1995-state-union-address,3,Lincoln,person,favorable,judgment-full-20260720,lincoln,Lincoln,person,favorable,opus-judgment-20260721,True
/the-presidency/presidential-speeches/january-24-1995-state-union-address,3,Ronald Reagan,person,favorable,judgment-full-20260720,ronald reagan,Ronald Reagan,person,favorable,opus-judgment-20260721,True
/the-presidency/presidential-speeches/january-24-1995-state-union-address,3,Theodore Roosevelt,person,favorable,judgment-full-20260720,theodore roosevelt,Theodore Roosevelt,person,favorable,opus-judgment-20260721,True
/the-presidency/presidential-speeches/january-24-1995-state-union-address,3,Woodrow Wilson,person,favorable,judgment-full-20260720,woodrow wilson,Woodrow Wilson,person,favorable,opus-judgment-20260721,True
/the-presidency/presidential-speeches/january-24-1995-state-union-address,15,lobbyists,group,adversarial,judgment-full-20260720,lobbyists,lobbyists,group,adversarial,opus-judgment-20260721,True
/the-presidency/presidential-speeches/january-24-1995-state-union-address,19,John Kennedy,person,neutral,judgment-full-20260720,john kennedy,John Kennedy,person,neutral,opus-judgment-20260721,True
/the-presidency/presidential-speeches/january-24-1995-state-union-address,20,Vice President Gore,person,favorable,judgment-full-20260720,vice president gore,Vice President Gore,person,favorable,opus-judgment-20260721,True
/the-presidency/presidential-speeches/january-24-1995-state-union-address,21,FEMA,institution,favorable,judgment-full-20260720,fema,FEMA,institution,favorable,opus-judgment-20260721,True
/the-presidency/presidential-speeches/january-24-1995-state-union-address,32,Reagan administration,institution,favorable,judgment-full-20260720,reagan administration,Reagan administration,institution,favorable,opus-judgment-20260721,True
/the-presidency/presidential-speeches/january-24-1995-state-union-address,35,Lynn Woolsey,person,favorable,judgment-full-20260720,lynn woolsey,Lynn Woolsey,person,favorable,opus-judgment-20260721,True
/the-presidency/presidential-speeches/january-24-1995-state-union-address,41,Barbara Jordan,person,favorable,judgment-full-20260720,barbara jordan,Barbara Jordan,person,favorable,opus-judgment-20260721,True
/the-presidency/presidential-speeches/january-24-1995-state-union-address,57,Senator Dole,person,favorable,judgment-full-20260720,senator dole,Senator Dole,person,favorable,opus-judgment-20260721,True
/the-presidency/presidential-speeches/january-24-1995-state-union-address,60,Mexico,nation,neutral,judgment-full-20260720,mexico,Mexico,nation,neutral,opus-judgment-20260721,True
/the-presidency/presidential-speeches/january-24-1995-state-union-address,63,North Korea,nation,adversarial,judgment-full-20260720,north korea,North Korea,nation,adversarial,opus-judgment-20260721,True
/the-presidency/presidential-speeches/january-24-1995-state-union-address,64,Israel,nation,favorable,judgment-full-20260720,israel,Israel,nation,favorable,opus-judgment-20260721,True
/the-presidency/presidential-speeches/january-24-1995-state-union-address,65,terrorist organizations,group,adversarial,judgment-full-20260720,terrorist organizations,terrorist organizations,group,adversarial,opus-judgment-20260721,True
/the-presidency/presidential-speeches/january-24-1995-state-union-address,79,Cindy Perry,person,favorable,judgment-full-20260720,cindy perry,Cindy Perry,person,favorable,opus-judgment-20260721,True
/the-presidency/presidential-speeches/january-24-1995-state-union-address,80,Gregory Depestre,person,favorable,judgment-full-20260720,gregory depestre,Gregory Depestre,person,favorable,opus-judgment-20260721,True
/the-presidency/presidential-speeches/january-24-1995-state-union-address,80,Stephen Bishop,person,favorable,judgment-full-20260720,stephen bishop,Stephen Bishop,person,favorable,opus-judgment-20260721,True
/the-presidency/presidential-speeches/january-24-1995-state-union-address,82,Reverend Cherry,person,favorable,judgment-full-20260720,reverend cherry,Reverend Cherry,person,favorable,opus-judgment-20260721,True
/the-presidency/presidential-speeches/january-24-1995-state-union-address,83,Jack Lucas,person,favorable,judgment-full-20260720,jack lucas,Jack Lucas,person,favorable,opus-judgment-20260721,True
/the-presidency/presidential-speeches/january-25-1972-address-nation-plan-peace-vietnam,0,South Vietnam,nation,favorable,judgment-full-20260720,south vietnam,South Vietnam,nation,favorable,opus-judgment-20260721,True
/the-presidency/presidential-speeches/january-25-1972-address-nation-plan-peace-vietnam,4,Le Duc Tho,person,neutral,judgment-full-20260720,le duc tho,Le Duc Tho,person,neutral,opus-judgment-20260721,True
/the-presidency/presidential-speeches/january-25-1972-address-nation-plan-peace-vietnam,4,Xuan Thuy,person,neutral,judgment-full-20260720,xuan thuy,Xuan Thuy,person,neutral,opus-judgment-20260721,True
/the-presidency/presidential-speeches/january-25-1972-address-nation-plan-peace-vietnam,5,the other side,group,adversarial,judgment-full-20260720,the other side,the other side,nation,adversarial,opus-judgment-20260721,True
/the-presidency/presidential-speeches/january-25-1972-address-nation-plan-peace-vietnam,6,North Vietnamese,nation,adversarial,judgment-full-20260720,north vietnamese,North Vietnamese,nation,adversarial,opus-judgment-20260721,True
/the-presidency/presidential-speeches/january-25-1972-address-nation-plan-peace-vietnam,6,Vietcong,group,adversarial,judgment-full-20260720,vietcong,Vietcong,group,adversarial,opus-judgment-20260721,True
/the-presidency/presidential-speeches/january-25-1972-address-nation-plan-peace-vietnam,7,North Vietnamese,nation,adversarial,judgment-full-20260720,north vietnamese,North Vietnamese,nation,adversarial,opus-judgment-20260721,True
/the-presidency/presidential-speeches/january-25-1972-address-nation-plan-peace-vietnam,8,North Vietnamese,nation,adversarial,judgment-full-20260720,north vietnamese,North Vietnamese,nation,adversarial,opus-judgment-20260721,True
/the-presidency/presidential-speeches/january-25-1972-address-nation-plan-peace-vietnam,9,North Vietnamese,nation,adversarial,judgment-full-20260720,north vietnamese,North Vietnamese,nation,adversarial,opus-judgment-20260721,True
/the-presidency/presidential-speeches/january-25-1972-address-nation-plan-peace-vietnam,10,Le Duc Tho,person,neutral,judgment-full-20260720,le duc tho,Le Duc Tho,person,neutral,opus-judgment-20260721,True
/the-presidency/presidential-speeches/january-25-1972-address-nation-plan-peace-vietnam,10,North Vietnamese,nation,adversarial,judgment-full-20260720,north vietnamese,North Vietnamese,nation,adversarial,opus-judgment-20260721,True
/the-presidency/presidential-speeches/january-25-1972-address-nation-plan-peace-vietnam,12,Hanoi,nation,adversarial,judgment-full-20260720,hanoi,Hanoi,nation,adversarial,opus-judgment-20260721,True
/the-presidency/presidential-speeches/january-25-1972-address-nation-plan-peace-vietnam,12,National Liberation Front,group,neutral,judgment-full-20260720,national liberation front,National Liberation Front,group,neutral,opus-judgment-20260721,True
/the-presidency/presidential-speeches/january-25-1972-address-nation-plan-peace-vietnam,15,North Vietnam,nation,adversarial,judgment-full-20260720,north vietnam,North Vietnam,nation,neutral,opus-judgment-20260721,False
/the-presidency/presidential-speeches/january-25-1972-address-nation-plan-peace-vietnam,15,South Vietnam,nation,favorable,judgment-full-20260720,south vietnam,South Vietnam,nation,favorable,opus-judgment-20260721,True
/the-presidency/presidential-speeches/january-25-1972-address-nation-plan-peace-vietnam,17,the enemy,group,adversarial,judgment-full-20260720,the enemy,the enemy,nation,adversarial,opus-judgment-20260721,True
/the-presidency/presidential-speeches/january-25-1983-state-union-address,5,Howard Baker,person,favorable,judgment-full-20260720,howard baker,Howard Baker,person,favorable,opus-judgment-20260721,True
/the-presidency/presidential-speeches/january-25-1983-state-union-address,5,Tip O'Neill,person,favorable,judgment-full-20260720,tip o'neill,Tip O'Neill,person,favorable,opus-judgment-20260721,True
/the-presidency/presidential-speeches/january-25-1983-state-union-address,6,Franklin Delano Roosevelt,person,favorable,judgment-full-20260720,franklin delano roosevelt,Franklin Delano Roosevelt,person,favorable,opus-judgment-20260721,True
/the-presidency/presidential-speeches/january-25-1983-state-union-address,26,Japan,nation,neutral,judgment-full-20260720,japan,Japan,nation,neutral,opus-judgment-20260721,True
/the-presidency/presidential-speeches/january-25-1983-state-union-address,29,Civil Rights Commission,institution,favorable,judgment-full-20260720,civil rights commission,Civil Rights Commission,institution,favorable,opus-judgment-20260721,True
/the-presidency/presidential-speeches/january-25-1983-state-union-address,39,International Monetary Fund,institution,neutral,judgment-full-20260720,international monetary fund,International Monetary Fund,institution,favorable,opus-judgment-20260721,False
/the-presidency/presidential-speeches/january-25-1983-state-union-address,42,PLO,group,adversarial,judgment-full-20260720,plo,PLO,group,adversarial,opus-judgment-20260721,True
/the-presidency/presidential-speeches/january-25-1983-state-union-address,45,Soviet Union,nation,adversarial,judgment-full-20260720,soviet union,Soviet Union,nation,adversarial,opus-judgment-20260721,True
/the-presidency/presidential-speeches/january-25-1983-state-union-address,46,Soviet Union,nation,adversarial,judgment-full-20260720,soviet union,Soviet Union,nation,adversarial,opus-judgment-20260721,True
/the-presidency/presidential-speeches/january-25-1983-state-union-address,47,Soviets,nation,adversarial,judgment-full-20260720,soviets,Soviets,nation,adversarial,opus-judgment-20260721,True
/the-presidency/presidential-speeches/january-25-1983-state-union-address,48,Bernard Baruch,person,favorable,judgment-full-20260720,bernard baruch,Bernard Baruch,person,favorable,opus-judgment-20260721,True
/the-presidency/presidential-speeches/january-27-2000-state-union-address,7,Theodore Roosevelt,person,favorable,judgment-full-20260720,theodore roosevelt,Theodore Roosevelt,person,favorable,opus-judgment-20260721,True
/the-presidency/presidential-speeches/january-27-2000-state-union-address,12,Lloyd Bentsen,person,favorable,judgment-full-20260720,lloyd bentsen,Lloyd Bentsen,person,favorable,opus-judgment-20260721,True
/the-presidency/presidential-speeches/january-27-2000-state-union-address,23,Vice President Gore,person,favorable,judgment-full-20260720,vice president gore,Vice President Gore,person,favorable,opus-judgment-20260721,True
/the-presidency/presidential-speeches/january-27-2000-state-union-address,26,Tipper Gore,person,favorable,judgment-full-20260720,tipper gore,Tipper Gore,person,favorable,opus-judgment-20260721,True
/the-presidency/presidential-speeches/january-27-2000-state-union-address,34,Carlos Rosas,person,favorable,judgment-full-20260720,carlos rosas,Carlos Rosas,person,favorable,opus-judgment-20260721,True
/the-presidency/presidential-speeches/january-27-2000-state-union-address,36,Hillary,person,favorable,judgment-full-20260720,hillary,Hillary,person,favorable,opus-judgment-20260721,True
/the-presidency/presidential-speeches/january-27-2000-state-union-address,38,the House,institution,adversarial,judgment-full-20260720,the house,the House,institution,adversarial,opus-judgment-20260721,True
/the-presidency/presidential-speeches/january-27-2000-state-union-address,38,the gun lobby,group,adversarial,judgment-full-20260720,the gun lobby,the gun lobby,group,adversarial,opus-judgment-20260721,True
/the-presidency/presidential-speeches/january-27-2000-state-union-address,39,Tom Mauser,person,favorable,judgment-full-20260720,tom mauser,Tom Mauser,person,favorable,opus-judgment-20260721,True
/the-presidency/presidential-speeches/january-27-2000-state-union-address,47,Jesse Jackson,person,favorable,judgment-full-20260720,jesse jackson,Jesse Jackson,person,favorable,opus-judgment-20260721,True
/the-presidency/presidential-speeches/january-27-2000-state-union-address,55,China,nation,adversarial,judgment-full-20260720,china,China,nation,neutral,opus-judgment-20260721,False
/the-presidency/presidential-speeches/january-27-2000-state-union-address,55,Russia,nation,neutral,judgment-full-20260720,russia,Russia,nation,neutral,opus-judgment-20260721,True
/the-presidency/presidential-speeches/january-27-2000-state-union-address,56,China,nation,neutral,judgment-full-20260720,china,China,nation,neutral,opus-judgment-20260721,True
/the-presidency/presidential-speeches/january-27-2000-state-union-address,56,Russia,nation,neutral,judgment-full-20260720,russia,Russia,nation,neutral,opus-judgment-20260721,True
/the-presidency/presidential-speeches/january-27-2000-state-union-address,57,China,nation,neutral,judgment-full-20260720,china,China,nation,neutral,opus-judgment-20260721,True
/the-presidency/presidential-speeches/january-27-2000-state-union-address,57,Russia,nation,neutral,judgment-full-20260720,russia,Russia,nation,neutral,opus-judgment-20260721,True
/the-presidency/presidential-speeches/january-27-2000-state-union-address,59,Slobodan Milosevic,person,adversarial,judgment-full-20260720,slobodan milosevic,Slobodan Milosevic,person,adversarial,opus-judgment-20260721,True
/the-presidency/presidential-speeches/january-27-2000-state-union-address,60,Iran,nation,adversarial,judgment-full-20260720,iran,Iran,nation,adversarial,opus-judgment-20260721,True
/the-presidency/presidential-speeches/january-27-2000-state-union-address,60,Iraq,nation,adversarial,judgment-full-20260720,iraq,Iraq,nation,adversarial,opus-judgment-20260721,True
/the-presidency/presidential-speeches/january-27-2000-state-union-address,60,North Korea,nation,adversarial,judgment-full-20260720,north korea,North Korea,nation,adversarial,opus-judgment-20260721,True
/the-presidency/presidential-speeches/january-27-2000-state-union-address,63,Colombia,nation,favorable,judgment-full-20260720,colombia,Colombia,nation,favorable,opus-judgment-20260721,True
/the-presidency/presidential-speeches/january-27-2000-state-union-address,63,narcotraffickers,group,adversarial,judgment-full-20260720,narcotraffickers,narcotraffickers,group,adversarial,opus-judgment-20260721,True
/the-presidency/presidential-speeches/january-27-2000-state-union-address,64,drug barons,group,adversarial,judgment-full-20260720,drug barons,drug barons,group,adversarial,opus-judgment-20260721,True
/the-presidency/presidential-speeches/january-27-2000-state-union-address,68,Bill Cohen,person,favorable,judgment-full-20260720,bill cohen,Bill Cohen,person,favorable,opus-judgment-20260721,True
/the-presidency/presidential-speeches/january-27-2000-state-union-address,68,Janet Cohen,person,favorable,judgment-full-20260720,janet cohen,Janet Cohen,person,favorable,opus-judgment-20260721,True
/the-presidency/presidential-speeches/january-27-2000-state-union-address,72,Senator Lott,person,neutral,judgment-full-20260720,senator lott,Senator Lott,person,neutral,opus-judgment-20260721,True
/the-presidency/presidential-speeches/january-27-2000-state-union-address,87,Hank Aaron,person,favorable,judgment-full-20260720,hank aaron,Hank Aaron,person,favorable,opus-judgment-20260721,True
/the-presidency/presidential-speeches/january-27-2000-state-union-address,88,Hillary,person,favorable,judgment-full-20260720,hillary,Hillary,person,favorable,opus-judgment-20260721,True
/the-presidency/presidential-speeches/january-27-2000-state-union-address,91,Benjamin Franklin,person,favorable,judgment-full-20260720,benjamin franklin,Benjamin Franklin,person,favorable,opus-judgment-20260721,True
/the-presidency/presidential-speeches/january-28-1861-message-resolutions-virginia,0,Virginia,other,favorable,judgment-full-20260720,virginia,Virginia,institution,favorable,opus-judgment-20260721,True
/the-presidency/presidential-speeches/january-28-1861-message-resolutions-virginia,1,John Robertson,person,neutral,judgment-full-20260720,john robertson,John Robertson,person,neutral,opus-judgment-20260721,True
/the-presidency/presidential-speeches/january-28-1861-message-resolutions-virginia,1,John Tyler,person,favorable,judgment-full-20260720,john tyler,John Tyler,person,favorable,opus-judgment-20260721,True
/the-presidency/presidential-speeches/january-28-1861-message-resolutions-virginia,1,South Carolina,other,neutral,judgment-full-20260720,south carolina,South Carolina,institution,neutral,opus-judgment-20260721,True
/the-presidency/presidential-speeches/january-28-1861-message-resolutions-virginia,1,Virginia,other,favorable,judgment-full-20260720,virginia,Virginia,institution,favorable,opus-judgment-20260721,True
/the-presidency/presidential-speeches/january-28-1861-message-resolutions-virginia,2,Congress,institution,neutral,judgment-full-20260720,congress,Congress,institution,neutral,opus-judgment-20260721,True
/the-presidency/presidential-speeches/january-28-1861-message-resolutions-virginia,3,Congress,institution,neutral,judgment-full-20260720,congress,Congress,institution,favorable,opus-judgment-20260721,False
/the-presidency/presidential-speeches/january-28-1861-message-resolutions-virginia,3,Virginia,other,favorable,judgment-full-20260720,virginia,Virginia,institution,favorable,opus-judgment-20260721,True
/the-presidency/presidential-speeches/january-28-1861-message-resolutions-virginia,4,Virginia,other,favorable,judgment-full-20260720,virginia,Virginia,institution,favorable,opus-judgment-20260721,True
/the-presidency/presidential-speeches/january-29-1993-press-conference-gays-military,0,Joint Chiefs of Staff,institution,neutral,judgment-full-20260720,joint chiefs of staff,Joint Chiefs of Staff,institution,neutral,opus-judgment-20260721,True
/the-presidency/presidential-speeches/january-29-1993-press-conference-gays-military,0,Senator Mitchell,person,neutral,judgment-full-20260720,senator mitchell,Senator Mitchell,person,neutral,opus-judgment-20260721,True
/the-presidency/presidential-speeches/january-29-1993-press-conference-gays-military,0,Senator Nunn,person,neutral,judgment-full-20260720,senator nunn,Senator Nunn,person,neutral,opus-judgment-20260721,True
/the-presidency/presidential-speeches/january-29-1993-press-conference-gays-military,2,Secretary of Defense,institution,neutral,judgment-full-20260720,secretary of defense,Secretary of Defense,institution,neutral,opus-judgment-20260721,True
/the-presidency/presidential-speeches/january-29-1993-press-conference-gays-military,3,Joint Chiefs of Staff,institution,favorable,judgment-full-20260720,joint chiefs of staff,Joint Chiefs of Staff,institution,favorable,opus-judgment-20260721,True
/the-presidency/presidential-speeches/january-29-1993-press-conference-gays-military,4,Department of Justice,institution,neutral,judgment-full-20260720,department of justice,Department of Justice,institution,neutral,opus-judgment-20260721,True
/the-presidency/presidential-speeches/january-29-1993-press-conference-gays-military,5,Senator Mitchell,person,favorable,judgment-full-20260720,senator mitchell,Senator Mitchell,person,favorable,opus-judgment-20260721,True
/the-presidency/presidential-speeches/january-29-1993-press-conference-gays-military,5,Senator Nunn,person,favorable,judgment-full-20260720,senator nunn,Senator Nunn,person,favorable,opus-judgment-20260721,True
/the-presidency/presidential-speeches/january-29-1993-press-conference-gays-military,6,First Lady,person,favorable,judgment-full-20260720,first lady,First Lady,person,favorable,opus-judgment-20260721,True
/the-presidency/presidential-speeches/january-29-1993-press-conference-gays-military,7,Senator Mitchell,person,favorable,judgment-full-20260720,senator mitchell,Senator Mitchell,person,favorable,opus-judgment-20260721,True
/the-presidency/presidential-speeches/january-29-1993-press-conference-gays-military,7,Senator Nunn,person,favorable,judgment-full-20260720,senator nunn,Senator Nunn,person,favorable,opus-judgment-20260721,True
/the-presidency/presidential-speeches/january-29-1993-press-conference-gays-military,10,Joint Chiefs of Staff,institution,favorable,judgment-full-20260720,joint chiefs of staff,Joint Chiefs of Staff,institution,favorable,opus-judgment-20260721,True
/the-presidency/presidential-speeches/january-29-1993-press-conference-gays-military,13,United States Senate,institution,adversarial,judgment-full-20260720,united states senate,United States Senate,institution,adversarial,opus-judgment-20260721,True
/the-presidency/presidential-speeches/january-29-2013-remarks-immigration-reform,0,Hilda Solis,person,favorable,judgment-full-20260720,hilda solis,Hilda Solis,person,favorable,opus-judgment-20260721,True
/the-presidency/presidential-speeches/january-29-2013-remarks-immigration-reform,0,Janet Napolitano,person,favorable,judgment-full-20260720,janet napolitano,Janet Napolitano,person,favorable,opus-judgment-20260721,True
/the-presidency/presidential-speeches/january-29-2013-remarks-immigration-reform,0,Ken Salazar,person,favorable,judgment-full-20260720,ken salazar,Ken Salazar,person,favorable,opus-judgment-20260721,True
/the-presidency/presidential-speeches/january-29-2013-remarks-immigration-reform,12,George W. Bush,person,favorable,judgment-full-20260720,george w. bush,George W. Bush,person,favorable,opus-judgment-20260721,True
/the-presidency/presidential-speeches/january-29-2013-remarks-immigration-reform,12,Ted Kennedy,person,favorable,judgment-full-20260720,ted kennedy,Ted Kennedy,person,favorable,opus-judgment-20260721,True
/the-presidency/presidential-speeches/january-29-2013-remarks-immigration-reform,13,Congress,institution,neutral,judgment-full-20260720,congress,Congress,institution,neutral,opus-judgment-20260721,True
/the-presidency/presidential-speeches/january-29-2013-remarks-immigration-reform,18,Ken Salazar,person,favorable,judgment-full-20260720,ken salazar,Ken Salazar,person,favorable,opus-judgment-20260721,True
/the-presidency/presidential-speeches/january-5-1957-eisenhower-doctrine,3,International Communism,group,adversarial,judgment-r2-20260720,international communism,International Communism,group,adversarial,opus-judgment-r2-20260722,True
/the-presidency/presidential-speeches/january-5-1957-eisenhower-doctrine,3,Israel,nation,neutral,judgment-r2-20260720,israel,Israel,nation,neutral,opus-judgment-r2-20260722,True
/the-presidency/presidential-speeches/january-5-1957-eisenhower-doctrine,4,Russia,nation,adversarial,judgment-r2-20260720,russia,Russia,nation,adversarial,opus-judgment-r2-20260722,True
/the-presidency/presidential-speeches/january-5-1957-eisenhower-doctrine,4,Soviet Union,nation,adversarial,judgment-r2-20260720,soviet union,Soviet Union,nation,adversarial,opus-judgment-r2-20260722,True
/the-presidency/presidential-speeches/january-5-1957-eisenhower-doctrine,7,International Communism,group,adversarial,judgment-r2-20260720,international communism,International Communism,group,adversarial,opus-judgment-r2-20260722,True
/the-presidency/presidential-speeches/january-5-1957-eisenhower-doctrine,8,Soviet Union,nation,adversarial,judgment-r2-20260720,soviet union,Soviet Union,nation,adversarial,opus-judgment-r2-20260722,True
/the-presidency/presidential-speeches/january-5-1957-eisenhower-doctrine,9,Hungary,nation,favorable,judgment-r2-20260720,hungary,Hungary,nation,favorable,opus-judgment-r2-20260722,True
/the-presidency/presidential-speeches/january-5-1957-eisenhower-doctrine,9,International Communism,group,adversarial,judgment-r2-20260720,international communism,International Communism,group,adversarial,opus-judgment-r2-20260722,True
/the-presidency/presidential-speeches/january-5-1957-eisenhower-doctrine,9,Soviet Union,nation,adversarial,judgment-r2-20260720,soviet union,Soviet Union,nation,adversarial,opus-judgment-r2-20260722,True
/the-presidency/presidential-speeches/january-5-1957-eisenhower-doctrine,9,Stalin,person,adversarial,judgment-r2-20260720,stalin,Stalin,person,adversarial,opus-judgment-r2-20260722,True
/the-presidency/presidential-speeches/january-5-1957-eisenhower-doctrine,10,United Nations,institution,neutral,judgment-r2-20260720,united nations,United Nations,institution,favorable,opus-judgment-r2-20260722,False
/the-presidency/presidential-speeches/january-5-1957-eisenhower-doctrine,11,Soviet Union,nation,adversarial,judgment-r2-20260720,soviet union,Soviet Union,nation,adversarial,opus-judgment-r2-20260722,True
/the-presidency/presidential-speeches/january-5-1957-eisenhower-doctrine,11,United Nations,institution,neutral,judgment-r2-20260720,united nations,United Nations,institution,favorable,opus-judgment-r2-20260722,False
/the-presidency/presidential-speeches/january-5-1957-eisenhower-doctrine,12,International Communism,group,adversarial,judgment-r2-20260720,international communism,International Communism,group,adversarial,opus-judgment-r2-20260722,True
/the-presidency/presidential-speeches/january-5-1957-eisenhower-doctrine,14,International Communism,group,adversarial,judgment-r2-20260720,international communism,International Communism,group,adversarial,opus-judgment-r2-20260722,True
/the-presidency/presidential-speeches/january-5-1957-eisenhower-doctrine,15,International Communism,group,adversarial,judgment-r2-20260720,international communism,International Communism,group,adversarial,opus-judgment-r2-20260722,True
/the-presidency/presidential-speeches/january-5-1957-eisenhower-doctrine,15,United Nations,institution,neutral,judgment-r2-20260720,united nations,United Nations,institution,favorable,opus-judgment-r2-20260722,False
/the-presidency/presidential-speeches/january-5-1957-eisenhower-doctrine,16,International Communism,group,adversarial,judgment-r2-20260720,international communism,International Communism,group,adversarial,opus-judgment-r2-20260722,True
/the-presidency/presidential-speeches/january-5-1957-eisenhower-doctrine,17,United Nations,institution,neutral,judgment-r2-20260720,united nations,United Nations,institution,favorable,opus-judgment-r2-20260722,False
/the-presidency/presidential-speeches/january-5-1957-eisenhower-doctrine,19,Secretary Dulles,person,favorable,judgment-r2-20260720,secretary dulles,Secretary Dulles,person,favorable,opus-judgment-r2-20260722,True
/the-presidency/presidential-speeches/january-5-1957-eisenhower-doctrine,19,United Nations,institution,neutral,judgment-r2-20260720,united nations,United Nations,institution,favorable,opus-judgment-r2-20260722,False
/the-presidency/presidential-speeches/january-5-1957-eisenhower-doctrine,22,United Nations,institution,neutral,judgment-r2-20260720,united nations,United Nations,institution,favorable,opus-judgment-r2-20260722,False
/the-presidency/presidential-speeches/january-5-1957-eisenhower-doctrine,23,Communists,group,adversarial,judgment-r2-20260720,communists,Communists,group,adversarial,opus-judgment-r2-20260722,True
/the-presidency/presidential-speeches/january-7-1954-state-union-address,3,France,nation,favorable,judgment-chunk25-20260720,france,France,nation,favorable,opus-judgment-20260721,True
/the-presidency/presidential-speeches/january-7-1954-state-union-address,6,world Communist conspiracy,group,adversarial,judgment-chunk25-20260720,world communist conspiracy,world Communist conspiracy,group,adversarial,opus-judgment-20260721,True
/the-presidency/presidential-speeches/january-7-1954-state-union-address,7,France,nation,favorable,judgment-chunk25-20260720,france,France,nation,favorable,opus-judgment-20260721,True
/the-presidency/presidential-speeches/january-7-1954-state-union-address,7,Nationalist Government of China,nation,favorable,judgment-chunk25-20260720,nationalist government of china,Nationalist Government of China,nation,favorable,opus-judgment-20260721,True
/the-presidency/presidential-speeches/january-7-1954-state-union-address,7,Republic of Korea,nation,favorable,judgment-chunk25-20260720,republic of korea,Republic of Korea,nation,favorable,opus-judgment-20260721,True
/the-presidency/presidential-speeches/january-7-1954-state-union-address,8,Communist China,nation,adversarial,judgment-chunk25-20260720,communist china,Communist China,nation,adversarial,opus-judgment-20260721,True
/the-presidency/presidential-speeches/january-7-1954-state-union-address,9,North Atlantic Treaty,other,favorable,judgment-chunk25-20260720,north atlantic treaty,North Atlantic Treaty,institution,favorable,opus-judgment-20260721,True
/the-presidency/presidential-speeches/january-7-1954-state-union-address,10,United Nations,institution,favorable,judgment-chunk10-20260720,united nations,United Nations,institution,favorable,opus-judgment-20260721,True
/the-presidency/presidential-speeches/january-7-1954-state-union-address,15,Soviet Union,nation,adversarial,judgment-chunk10-20260720,soviet union,Soviet Union,nation,neutral,opus-judgment-20260721,False
/the-presidency/presidential-speeches/january-7-1954-state-union-address,15,United Nations General Assembly,institution,neutral,judgment-chunk10-20260720,united nations general assembly,United Nations General Assembly,institution,neutral,opus-judgment-20260721,True
/the-presidency/presidential-speeches/january-7-1954-state-union-address,21,Canada,nation,favorable,judgment-chunk10-20260720,canada,Canada,nation,favorable,opus-judgment-20260721,True
/the-presidency/presidential-speeches/january-7-1954-state-union-address,23,Joint Chiefs of Staff,institution,favorable,judgment-chunk10-20260720,joint chiefs of staff,Joint Chiefs of Staff,institution,favorable,opus-judgment-20260721,True
/the-presidency/presidential-speeches/january-7-1954-state-union-address,27,Attorney General,institution,neutral,judgment-chunk10-20260720,attorney general,Attorney General,person,favorable,opus-judgment-20260721,False
/the-presidency/presidential-speeches/january-7-1954-state-union-address,39,Commodity Credit Corporation,institution,neutral,judgment-chunk10-20260720,commodity credit corporation,Commodity Credit Corporation,institution,neutral,opus-judgment-20260721,True
/the-presidency/presidential-speeches/january-7-1954-state-union-address,59,Veterans Administration,institution,favorable,judgment-chunk10-20260720,veterans administration,Veterans Administration,institution,favorable,opus-judgment-20260721,True
/the-presidency/presidential-speeches/january-8-1861-message-threats-peace-and-existence-union,8,South Carolina,nation,adversarial,judgment-full-20260720,south carolina,South Carolina,nation,adversarial,opus-judgment-20260721,True
/the-presidency/presidential-speeches/january-8-1861-message-threats-peace-and-existence-union,11,Major Anderson,person,favorable,judgment-full-20260720,major anderson,Major Anderson,person,favorable,opus-judgment-20260721,True
/the-presidency/presidential-speeches/january-8-1861-message-threats-peace-and-existence-union,11,South Carolina,nation,adversarial,judgment-full-20260720,south carolina,South Carolina,nation,adversarial,opus-judgment-20260721,True
/the-presidency/presidential-speeches/january-8-1861-message-threats-peace-and-existence-union,12,James L. Orr,person,neutral,judgment-full-20260720,james l. orr,James L. Orr,person,neutral,opus-judgment-20260721,True
/the-presidency/presidential-speeches/january-8-1861-message-threats-peace-and-existence-union,12,Major Anderson,person,favorable,judgment-full-20260720,major anderson,Major Anderson,person,favorable,opus-judgment-20260721,True
/the-presidency/presidential-speeches/january-8-1861-message-threats-peace-and-existence-union,12,R.W. Barnwell,person,neutral,judgment-full-20260720,r.w. barnwell,R.W. Barnwell,person,neutral,opus-judgment-20260721,True
/the-presidency/presidential-speeches/january-8-1861-message-threats-peace-and-existence-union,12,South Carolina,nation,adversarial,judgment-full-20260720,south carolina,South Carolina,nation,neutral,opus-judgment-20260721,False
/the-presidency/presidential-speeches/january-8-2020-statement-iran,0,Iran,nation,adversarial,judgment-full-20260720,iran,Iran,nation,adversarial,opus-judgment-r2-20260722,True
/the-presidency/presidential-speeches/january-9-1958-state-union-address,4,communist imperialism,group,adversarial,judgment-full-20260720,communist imperialism,communist imperialism,group,adversarial,opus-judgment-r2-20260722,True
/the-presidency/presidential-speeches/january-9-1958-state-union-address,5,Soviet Union,nation,adversarial,judgment-full-20260720,soviet union,Soviet Union,nation,adversarial,opus-judgment-r2-20260722,True
/the-presidency/presidential-speeches/january-9-1958-state-union-address,10,Soviets,nation,adversarial,judgment-full-20260720,soviets,Soviets,nation,adversarial,opus-judgment-r2-20260722,True
/the-presidency/presidential-speeches/january-9-1958-state-union-address,13,Soviet Union,nation,adversarial,judgment-full-20260720,soviet union,Soviet Union,nation,adversarial,opus-judgment-r2-20260722,True
/the-presidency/presidential-speeches/january-9-1958-state-union-address,15,communist imperialists,group,adversarial,judgment-full-20260720,communist imperialists,communist imperialists,group,adversarial,opus-judgment-r2-20260722,True
/the-presidency/presidential-speeches/january-9-1958-state-union-address,16,Soviets,nation,adversarial,judgment-full-20260720,soviets,Soviets,nation,adversarial,opus-judgment-r2-20260722,True
/the-presidency/presidential-speeches/january-9-1958-state-union-address,32,communist imperialism,group,adversarial,judgment-full-20260720,communist imperialism,communist imperialism,group,adversarial,opus-judgment-r2-20260722,True
/the-presidency/presidential-speeches/january-9-1958-state-union-address,33,communist imperialists,group,adversarial,judgment-full-20260720,communist imperialists,communist imperialists,group,adversarial,opus-judgment-r2-20260722,True
/the-presidency/presidential-speeches/january-9-1958-state-union-address,47,Soviet government,nation,neutral,judgment-full-20260720,soviet government,Soviet government,nation,neutral,opus-judgment-r2-20260722,True
/the-presidency/presidential-speeches/january-9-1958-state-union-address,48,Soviets,nation,neutral,judgment-full-20260720,soviets,Soviets,nation,neutral,opus-judgment-r2-20260722,True
/the-presidency/presidential-speeches/january-9-1958-state-union-address,51,Soviets,nation,adversarial,judgment-full-20260720,soviets,Soviets,nation,adversarial,opus-judgment-r2-20260722,True
/the-presidency/presidential-speeches/january-9-1958-state-union-address,51,United Nations,institution,neutral,judgment-full-20260720,united nations,United Nations,institution,favorable,opus-judgment-r2-20260722,False
/the-presidency/presidential-speeches/july-1-1968-remarks-signing-nuclear-nonproliferation-treaty,3,United States,nation,favorable,judgment-r2-20260720,united states,United States,nation,favorable,opus-judgment-20260721,True
/the-presidency/presidential-speeches/july-1-1968-remarks-signing-nuclear-nonproliferation-treaty,4,United States,nation,favorable,judgment-r2-20260720,united states,United States,nation,favorable,opus-judgment-20260721,True
/the-presidency/presidential-speeches/july-1-1968-remarks-signing-nuclear-nonproliferation-treaty,5,International Atomic Energy Agency,institution,favorable,judgment-r2-20260720,international atomic energy agency,International Atomic Energy Agency,institution,favorable,opus-judgment-20260721,True
/the-presidency/presidential-speeches/july-1-1968-remarks-signing-nuclear-nonproliferation-treaty,5,United States,nation,favorable,judgment-r2-20260720,united states,United States,nation,favorable,opus-judgment-20260721,True
/the-presidency/presidential-speeches/july-1-1968-remarks-signing-nuclear-nonproliferation-treaty,6,Union of Soviet Socialist Republics,nation,neutral,judgment-r2-20260720,union of soviet socialist republics,Union of Soviet Socialist Republics,nation,neutral,opus-judgment-20260721,True
/the-presidency/presidential-speeches/july-1-1968-remarks-signing-nuclear-nonproliferation-treaty,6,United States,nation,favorable,judgment-r2-20260720,united states,United States,nation,favorable,opus-judgment-20260721,True
/the-presidency/presidential-speeches/july-1-1968-remarks-signing-nuclear-nonproliferation-treaty,7,United States,nation,favorable,judgment-r2-20260720,united states,United States,nation,favorable,opus-judgment-20260721,True
/the-presidency/presidential-speeches/july-10-1795-proclamation-pardons-western-pennsylvania,1,George Washington,person,favorable,judgment-full-20260720,george washington,George Washington,person,neutral,opus-judgment-20260721,False
/the-presidency/presidential-speeches/july-14-1870-message-regarding-us-international-relations,0,Senate,institution,neutral,judgment-full-20260720,senate,Senate,institution,neutral,opus-judgment-r2-20260722,True
/the-presidency/presidential-speeches/july-14-1870-message-regarding-us-international-relations,0,U. S. Grant,person,neutral,judgment-full-20260720,u. s. grant,U. S. Grant,person,neutral,opus-judgment-r2-20260722,True
/the-presidency/presidential-speeches/july-14-1870-message-regarding-us-international-relations,3,France,nation,neutral,judgment-full-20260720,france,France,nation,favorable,opus-judgment-r2-20260722,False
/the-presidency/presidential-speeches/july-14-1870-message-regarding-us-international-relations,3,Great Britain,nation,neutral,judgment-full-20260720,great britain,Great Britain,nation,neutral,opus-judgment-r2-20260722,True
/the-presidency/presidential-speeches/july-14-1870-message-regarding-us-international-relations,4,Russia,nation,neutral,judgment-full-20260720,russia,Russia,nation,favorable,opus-judgment-r2-20260722,False
/the-presidency/presidential-speeches/july-14-1870-message-regarding-us-international-relations,4,Spain,nation,neutral,judgment-full-20260720,spain,Spain,nation,neutral,opus-judgment-r2-20260722,True
/the-presidency/presidential-speeches/july-14-1870-message-regarding-us-international-relations,7,France,nation,neutral,judgment-full-20260720,france,France,nation,neutral,opus-judgment-r2-20260722,True
/the-presidency/presidential-speeches/july-14-1870-message-regarding-us-international-relations,8,Barbary States,nation,adversarial,judgment-full-20260720,barbary states,Barbary States,nation,adversarial,opus-judgment-r2-20260722,True
/the-presidency/presidential-speeches/july-14-1870-message-regarding-us-international-relations,8,Great Britain,nation,adversarial,judgment-full-20260720,great britain,Great Britain,nation,adversarial,opus-judgment-r2-20260722,True
/the-presidency/presidential-speeches/july-14-1870-message-regarding-us-international-relations,8,Prussia,nation,neutral,judgment-full-20260720,prussia,Prussia,nation,favorable,opus-judgment-r2-20260722,False
/the-presidency/presidential-speeches/july-14-1870-message-regarding-us-international-relations,9,Spain,nation,neutral,judgment-full-20260720,spain,Spain,nation,neutral,opus-judgment-r2-20260722,True
/the-presidency/presidential-speeches/july-14-1870-message-regarding-us-international-relations,10,Spain,nation,neutral,judgment-full-20260720,spain,Spain,nation,neutral,opus-judgment-r2-20260722,True
/the-presidency/presidential-speeches/july-14-1870-message-regarding-us-international-relations,11,Washington,person,favorable,judgment-full-20260720,washington,Washington,person,favorable,opus-judgment-r2-20260722,True
/the-presidency/presidential-speeches/july-14-1870-message-regarding-us-international-relations,12,Aaron Burr,person,adversarial,judgment-full-20260720,aaron burr,Aaron Burr,person,adversarial,opus-judgment-r2-20260722,True
/the-presidency/presidential-speeches/july-14-1870-message-regarding-us-international-relations,12,Miranda,person,neutral,judgment-full-20260720,miranda,Miranda,person,neutral,opus-judgment-r2-20260722,True
/the-presidency/presidential-speeches/july-14-1870-message-regarding-us-international-relations,14,Spain,nation,neutral,judgment-full-20260720,spain,Spain,nation,neutral,opus-judgment-r2-20260722,True
/the-presidency/presidential-speeches/july-14-1870-message-regarding-us-international-relations,15,John Quincy Adams,person,favorable,judgment-full-20260720,john quincy adams,John Quincy Adams,person,favorable,opus-judgment-r2-20260722,True
/the-presidency/presidential-speeches/july-14-1870-message-regarding-us-international-relations,15,Russia,nation,neutral,judgment-full-20260720,russia,Russia,nation,neutral,opus-judgment-r2-20260722,True
/the-presidency/presidential-speeches/july-14-1870-message-regarding-us-international-relations,15,Spain,nation,neutral,judgment-full-20260720,spain,Spain,nation,neutral,opus-judgment-r2-20260722,True
/the-presidency/presidential-speeches/july-14-1870-message-regarding-us-international-relations,16,Holy Alliance,group,adversarial,judgment-full-20260720,holy alliance,Holy Alliance,group,adversarial,opus-judgment-r2-20260722,True
/the-presidency/presidential-speeches/july-14-1870-message-regarding-us-international-relations,16,John Quincy Adams,person,favorable,judgment-full-20260720,john quincy adams,John Quincy Adams,person,favorable,opus-judgment-r2-20260722,True
/the-presidency/presidential-speeches/july-14-1870-message-regarding-us-international-relations,17,Monroe,person,favorable,judgment-full-20260720,monroe,Monroe,person,favorable,opus-judgment-r2-20260722,True
/the-presidency/presidential-speeches/july-14-1870-message-regarding-us-international-relations,18,Great Britain,nation,adversarial,judgment-full-20260720,great britain,Great Britain,nation,adversarial,opus-judgment-r2-20260722,True
/the-presidency/presidential-speeches/july-14-1870-message-regarding-us-international-relations,20,Bolivar,person,neutral,judgment-full-20260720,bolivar,Bolivar,person,favorable,opus-judgment-r2-20260722,False
/the-presidency/presidential-speeches/july-14-1870-message-regarding-us-international-relations,20,Spain,nation,neutral,judgment-full-20260720,spain,Spain,nation,neutral,opus-judgment-r2-20260722,True
/the-presidency/presidential-speeches/july-14-1870-message-regarding-us-international-relations,21,Adams,person,neutral,judgment-full-20260720,adams,Adams,person,favorable,opus-judgment-r2-20260722,False
/the-presidency/presidential-speeches/july-14-1870-message-regarding-us-international-relations,21,Clay,person,neutral,judgment-full-20260720,clay,Clay,person,favorable,opus-judgment-r2-20260722,False
/the-presidency/presidential-speeches/july-14-1870-message-regarding-us-international-relations,24,Colombia,nation,neutral,judgment-full-20260720,colombia,Colombia,nation,favorable,opus-judgment-r2-20260722,False
/the-presidency/presidential-speeches/july-14-1870-message-regarding-us-international-relations,25,Brazil,nation,neutral,judgment-full-20260720,brazil,Brazil,nation,favorable,opus-judgment-r2-20260722,False
/the-presidency/presidential-speeches/july-14-1870-message-regarding-us-international-relations,25,Honduras,nation,neutral,judgment-full-20260720,honduras,Honduras,nation,favorable,opus-judgment-r2-20260722,False
/the-presidency/presidential-speeches/july-14-1870-message-regarding-us-international-relations,25,Nicaragua,nation,neutral,judgment-full-20260720,nicaragua,Nicaragua,nation,favorable,opus-judgment-r2-20260722,False
/the-presidency/presidential-speeches/july-14-1870-message-regarding-us-international-relations,27,Spain,nation,neutral,judgment-full-20260720,spain,Spain,nation,neutral,opus-judgment-r2-20260722,True
/the-presidency/presidential-speeches/july-14-1870-message-regarding-us-international-relations,28,Cuba,nation,neutral,judgment-full-20260720,cuba,Cuba,nation,neutral,opus-judgment-r2-20260722,True
/the-presidency/presidential-speeches/july-14-1870-message-regarding-us-international-relations,30,Spain,nation,adversarial,judgment-full-20260720,spain,Spain,nation,neutral,opus-judgment-r2-20260722,False
/the-presidency/presidential-speeches/july-14-1870-message-regarding-us-international-relations,31,Great Britain,nation,adversarial,judgment-full-20260720,great britain,Great Britain,nation,neutral,opus-judgment-r2-20260722,False
/the-presidency/presidential-speeches/july-14-1870-message-regarding-us-international-relations,32,Great Britain,nation,adversarial,judgment-full-20260720,great britain,Great Britain,nation,neutral,opus-judgment-r2-20260722,False
/the-presidency/presidential-speeches/july-14-1870-message-regarding-us-international-relations,36,Hamilton Fish,person,neutral,judgment-full-20260720,hamilton fish,Hamilton Fish,person,neutral,opus-judgment-r2-20260722,True
/the-presidency/presidential-speeches/july-18-1868-message-proposing-constitutional-amendments,2,President Jackson,person,favorable,judgment-full-20260720,president jackson,President Jackson,person,favorable,opus-judgment-20260721,True
/the-presidency/presidential-speeches/july-18-1868-message-proposing-constitutional-amendments,3,President Jackson,person,favorable,judgment-full-20260720,president jackson,President Jackson,person,favorable,opus-judgment-20260721,True
/the-presidency/presidential-speeches/july-18-1868-message-proposing-constitutional-amendments,4,President Jackson,person,favorable,judgment-full-20260720,president jackson,President Jackson,person,favorable,opus-judgment-20260721,True
/the-presidency/presidential-speeches/july-18-1868-message-proposing-constitutional-amendments,6,President Jackson,person,favorable,judgment-full-20260720,president jackson,President Jackson,person,favorable,opus-judgment-20260721,True
/the-presidency/presidential-speeches/july-18-1877-message-regarding-railroad-strike,0,Baltimore and Ohio Railroad,institution,neutral,judgment-full-20260720,baltimore and ohio railroad,Baltimore and Ohio Railroad,institution,neutral,opus-judgment-20260721,True
/the-presidency/presidential-speeches/july-18-1877-message-regarding-railroad-strike,0,West Virginia,institution,neutral,judgment-full-20260720,west virginia,West Virginia,institution,neutral,opus-judgment-20260721,True
/the-presidency/presidential-speeches/july-18-1877-message-regarding-railroad-strike,2,F. W. Seward,person,neutral,judgment-full-20260720,f. w. seward,F. W. Seward,person,neutral,opus-judgment-20260721,True
/the-presidency/presidential-speeches/july-18-1877-message-regarding-railroad-strike,2,R. B. Hayes,person,neutral,judgment-full-20260720,r. b. hayes,R. B. Hayes,person,neutral,opus-judgment-20260721,True
/the-presidency/presidential-speeches/july-19-1940-democratic-national-convention,11,Henry Wallace,person,favorable,judgment-full-20260720,henry wallace,Henry Wallace,person,favorable,opus-judgment-20260721,True
/the-presidency/presidential-speeches/july-19-1940-democratic-national-convention,12,Jim Farley,person,favorable,judgment-full-20260720,jim farley,Jim Farley,person,favorable,opus-judgment-20260721,True
/the-presidency/presidential-speeches/july-19-1940-democratic-national-convention,19,Republican Party,group,adversarial,judgment-full-20260720,republican party,Republican Party,group,adversarial,opus-judgment-20260721,True
/the-presidency/presidential-speeches/july-19-1940-democratic-national-convention,21,Lincoln,person,favorable,judgment-full-20260720,lincoln,Lincoln,person,favorable,opus-judgment-20260721,True
/the-presidency/presidential-speeches/july-19-1940-democratic-national-convention,23,Secretary Hull,person,favorable,judgment-full-20260720,secretary hull,Secretary Hull,person,favorable,opus-judgment-20260721,True
/the-presidency/presidential-speeches/july-19-1940-democratic-national-convention,23,appeaser fifth columnists,group,adversarial,judgment-full-20260720,appeaser fifth columnists,appeaser fifth columnists,group,adversarial,opus-judgment-20260721,True
/the-presidency/presidential-speeches/july-19-2006-remarks-stem-cell-research-policy,9,Dave Weldon,person,favorable,judgment-full-20260720,dave weldon,Dave Weldon,person,favorable,opus-judgment-r2-20260722,True
/the-presidency/presidential-speeches/july-19-2006-remarks-stem-cell-research-policy,9,Nathan Deal,person,favorable,judgment-full-20260720,nathan deal,Nathan Deal,person,favorable,opus-judgment-r2-20260722,True
/the-presidency/presidential-speeches/july-19-2006-remarks-stem-cell-research-policy,9,Senator Brownback,person,favorable,judgment-full-20260720,senator brownback,Senator Brownback,person,favorable,opus-judgment-r2-20260722,True
/the-presidency/presidential-speeches/july-19-2006-remarks-stem-cell-research-policy,9,Senator Santorum,person,favorable,judgment-full-20260720,senator santorum,Senator Santorum,person,favorable,opus-judgment-r2-20260722,True
/the-presidency/presidential-speeches/july-19-2006-remarks-stem-cell-research-policy,10,Arlen Specter,person,favorable,judgment-full-20260720,arlen specter,Arlen Specter,person,favorable,opus-judgment-r2-20260722,True
/the-presidency/presidential-speeches/july-19-2006-remarks-stem-cell-research-policy,10,Roscoe Bartlett,person,favorable,judgment-full-20260720,roscoe bartlett,Roscoe Bartlett,person,favorable,opus-judgment-r2-20260722,True
/the-presidency/presidential-speeches/july-19-2006-remarks-stem-cell-research-policy,10,Senator Santorum,person,favorable,judgment-full-20260720,senator santorum,Senator Santorum,person,favorable,opus-judgment-r2-20260722,True
/the-presidency/presidential-speeches/july-19-2006-remarks-stem-cell-research-policy,12,Congress,institution,adversarial,judgment-full-20260720,congress,Congress,institution,neutral,opus-judgment-r2-20260722,False
/the-presidency/presidential-speeches/july-19-2006-remarks-stem-cell-research-policy,12,National Institutes of Health,institution,neutral,judgment-full-20260720,national institutes of health,National Institutes of Health,institution,favorable,opus-judgment-r2-20260722,False
/the-presidency/presidential-speeches/july-19-2006-remarks-stem-cell-research-policy,12,Secretary Leavitt,person,favorable,judgment-full-20260720,secretary leavitt,Secretary Leavitt,person,favorable,opus-judgment-r2-20260722,True
/the-presidency/presidential-speeches/july-19-2006-remarks-stem-cell-research-policy,13,Congress,institution,adversarial,judgment-full-20260720,congress,Congress,institution,neutral,opus-judgment-r2-20260722,False
/the-presidency/presidential-speeches/july-2-1964-remarks-upon-signing-civil-rights-bill,3,Democrats,group,favorable,judgment-chunk25-20260720,democrats,Democrats,group,favorable,opus-judgment-20260721,True
/the-presidency/presidential-speeches/july-2-1964-remarks-upon-signing-civil-rights-bill,3,Republicans,group,favorable,judgment-chunk25-20260720,republicans,Republicans,group,favorable,opus-judgment-20260721,True
/the-presidency/presidential-speeches/july-2-1964-remarks-upon-signing-civil-rights-bill,4,LeRoy Collins,person,favorable,judgment-chunk25-20260720,leroy collins,LeRoy Collins,person,favorable,opus-judgment-20260721,True
/the-presidency/presidential-speeches/july-20-1944-democratic-national-convention,0,Germany,nation,adversarial,judgment-full-20260720,germany,Germany,nation,adversarial,opus-judgment-20260721,True
/the-presidency/presidential-speeches/july-20-1944-democratic-national-convention,0,Japan,nation,adversarial,judgment-full-20260720,japan,Japan,nation,adversarial,opus-judgment-20260721,True
/the-presidency/presidential-speeches/july-20-1944-democratic-national-convention,1,Democrats,group,favorable,judgment-full-20260720,democrats,Democrats,group,favorable,opus-judgment-20260721,True
/the-presidency/presidential-speeches/july-20-1944-democratic-national-convention,1,Republicans,group,neutral,judgment-full-20260720,republicans,Republicans,group,favorable,opus-judgment-20260721,False
/the-presidency/presidential-speeches/july-20-1944-democratic-national-convention,5,Germany,nation,adversarial,judgment-full-20260720,germany,Germany,nation,adversarial,opus-judgment-20260721,True
/the-presidency/presidential-speeches/july-20-1944-democratic-national-convention,5,Japan,nation,adversarial,judgment-full-20260720,japan,Japan,nation,adversarial,opus-judgment-20260721,True
/the-presidency/presidential-speeches/july-20-1944-democratic-national-convention,9,those who opposed lend-lease,group,adversarial,judgment-full-20260720,those who opposed lend-lease,those who opposed lend-lease,group,adversarial,opus-judgment-20260721,True
/the-presidency/presidential-speeches/july-20-1944-democratic-national-convention,10,those in high places,group,adversarial,judgment-full-20260720,those in high places,those in high places,group,adversarial,opus-judgment-20260721,True
/the-presidency/presidential-speeches/july-24-1866-message-restoring-tennessee-former-status,0,Tennessee,nation,neutral,judgment-full-20260720,tennessee,Tennessee,nation,neutral,opus-judgment-20260721,True
/the-presidency/presidential-speeches/july-24-1866-message-restoring-tennessee-former-status,2,Tennessee,nation,favorable,judgment-full-20260720,tennessee,Tennessee,nation,neutral,opus-judgment-20260721,False
/the-presidency/presidential-speeches/july-24-1866-message-restoring-tennessee-former-status,4,Congress,institution,adversarial,judgment-full-20260720,congress,Congress,institution,neutral,opus-judgment-20260721,False
/the-presidency/presidential-speeches/july-24-1866-message-restoring-tennessee-former-status,4,Tennessee,nation,neutral,judgment-full-20260720,tennessee,Tennessee,nation,neutral,opus-judgment-20260721,True
/the-presidency/presidential-speeches/july-24-1866-message-restoring-tennessee-former-status,7,Tennessee,nation,neutral,judgment-full-20260720,tennessee,Tennessee,nation,neutral,opus-judgment-20260721,True
/the-presidency/presidential-speeches/july-24-1866-message-restoring-tennessee-former-status,8,Congress,institution,adversarial,judgment-full-20260720,congress,Congress,institution,neutral,opus-judgment-20260721,False
/the-presidency/presidential-speeches/july-24-1866-message-restoring-tennessee-former-status,8,Tennessee,nation,neutral,judgment-full-20260720,tennessee,Tennessee,nation,favorable,opus-judgment-20260721,False
/the-presidency/presidential-speeches/july-24-1866-message-restoring-tennessee-former-status,9,Tennessee,nation,neutral,judgment-full-20260720,tennessee,Tennessee,nation,neutral,opus-judgment-20260721,True
/the-presidency/presidential-speeches/july-24-1866-message-restoring-tennessee-former-status,10,Tennessee,nation,favorable,judgment-full-20260720,tennessee,Tennessee,nation,favorable,opus-judgment-20260721,True
/the-presidency/presidential-speeches/july-24-1929-address-kellogg-briand-pact,0,France,nation,neutral,judgment-full-20260720,france,France,nation,favorable,opus-judgment-20260721,False
/the-presidency/presidential-speeches/july-24-1929-address-kellogg-briand-pact,0,Secretary Kellogg,person,favorable,judgment-full-20260720,secretary kellogg,Secretary Kellogg,person,favorable,opus-judgment-20260721,True
/the-presidency/presidential-speeches/july-24-1929-address-kellogg-briand-pact,3,Aristide Briand,person,favorable,judgment-full-20260720,aristide briand,Aristide Briand,person,favorable,opus-judgment-20260721,True
/the-presidency/presidential-speeches/july-24-1929-address-kellogg-briand-pact,3,Frank B. Kellogg,person,favorable,judgment-full-20260720,frank b. kellogg,Frank B. Kellogg,person,favorable,opus-judgment-20260721,True
/the-presidency/presidential-speeches/july-24-1929-address-kellogg-briand-pact,3,Stimson,person,neutral,judgment-full-20260720,stimson,Stimson,person,favorable,opus-judgment-20260721,False
/the-presidency/presidential-speeches/july-24-1929-address-kellogg-briand-pact,4,Kellogg,person,favorable,judgment-full-20260720,kellogg,Kellogg,person,favorable,opus-judgment-20260721,True
/the-presidency/presidential-speeches/july-24-1929-address-kellogg-briand-pact,4,President Coolidge,person,favorable,judgment-full-20260720,president coolidge,President Coolidge,person,favorable,opus-judgment-20260721,True
/the-presidency/presidential-speeches/july-24-1929-address-kellogg-briand-pact,5,Herbert Hoover,person,favorable,judgment-full-20260720,herbert hoover,Herbert Hoover,person,favorable,opus-judgment-20260721,True
/the-presidency/presidential-speeches/july-24-1929-remarks-upon-proclaiming-treaty-renunciation-war,0,France,nation,neutral,judgment-full-20260720,france,France,nation,favorable,opus-judgment-20260721,False
/the-presidency/presidential-speeches/july-24-1929-remarks-upon-proclaiming-treaty-renunciation-war,0,Secretary Kellogg,person,favorable,judgment-full-20260720,secretary kellogg,Secretary Kellogg,person,favorable,opus-judgment-20260721,True
/the-presidency/presidential-speeches/july-24-1929-remarks-upon-proclaiming-treaty-renunciation-war,5,Aristide Briand,person,favorable,judgment-full-20260720,aristide briand,Aristide Briand,person,favorable,opus-judgment-20260721,True
/the-presidency/presidential-speeches/july-24-1929-remarks-upon-proclaiming-treaty-renunciation-war,5,Frank B. Kellogg,person,favorable,judgment-full-20260720,frank b. kellogg,Frank B. Kellogg,person,favorable,opus-judgment-20260721,True
/the-presidency/presidential-speeches/july-24-1929-remarks-upon-proclaiming-treaty-renunciation-war,6,Mr. Stimson,person,favorable,judgment-full-20260720,mr. stimson,Mr. Stimson,person,favorable,opus-judgment-20260721,True
/the-presidency/presidential-speeches/july-24-1929-remarks-upon-proclaiming-treaty-renunciation-war,7,President Coolidge,person,favorable,judgment-full-20260720,president coolidge,President Coolidge,person,favorable,opus-judgment-20260721,True
/the-presidency/presidential-speeches/july-24-1929-remarks-upon-proclaiming-treaty-renunciation-war,7,Senators Borah and Swanson,person,favorable,judgment-full-20260720,senators borah and swanson,Senators Borah and Swanson,person,favorable,opus-judgment-20260721,True
/the-presidency/presidential-speeches/july-24-1929-remarks-upon-proclaiming-treaty-renunciation-war,11,Herbert Hoover,person,favorable,judgment-full-20260720,herbert hoover,Herbert Hoover,person,favorable,opus-judgment-20260721,True
/the-presidency/presidential-speeches/july-24-1964-press-conference-state-department,0,Strategic Air Command,institution,favorable,judgment-full-20260720,strategic air command,Strategic Air Command,institution,neutral,opus-judgment-20260721,False
/the-presidency/presidential-speeches/july-24-1964-press-conference-state-department,1,Strategic Air Command,institution,favorable,judgment-full-20260720,strategic air command,Strategic Air Command,institution,neutral,opus-judgment-20260721,False
/the-presidency/presidential-speeches/july-24-1964-press-conference-state-department,4,Department of Agriculture,institution,neutral,judgment-full-20260720,department of agriculture,Department of Agriculture,institution,neutral,opus-judgment-20260721,True
/the-presidency/presidential-speeches/july-24-1964-press-conference-state-department,6,Chancellor Erhard,person,favorable,judgment-full-20260720,chancellor erhard,Chancellor Erhard,person,favorable,opus-judgment-20260721,True
/the-presidency/presidential-speeches/july-24-1964-press-conference-state-department,6,President Segni,person,favorable,judgment-full-20260720,president segni,President Segni,person,favorable,opus-judgment-20260721,True
/the-presidency/presidential-speeches/july-24-1964-press-conference-state-department,6,Prime Minister Home,person,favorable,judgment-full-20260720,prime minister home,Prime Minister Home,person,favorable,opus-judgment-20260721,True
/the-presidency/presidential-speeches/july-24-1964-press-conference-state-department,7,Ambassador Taylor,person,favorable,judgment-full-20260720,ambassador taylor,Ambassador Taylor,person,favorable,opus-judgment-20260721,True
/the-presidency/presidential-speeches/july-24-1964-press-conference-state-department,7,Prime Minister Khanh,person,favorable,judgment-full-20260720,prime minister khanh,Prime Minister Khanh,person,favorable,opus-judgment-20260721,True
/the-presidency/presidential-speeches/july-24-1964-press-conference-state-department,9,those who practice terror,group,adversarial,judgment-full-20260720,those who practice terror,those who practice terror,group,adversarial,opus-judgment-20260721,True
/the-presidency/presidential-speeches/july-24-1964-press-conference-state-department,14,extremist elements,group,adversarial,judgment-full-20260720,extremist elements,extremist elements,group,adversarial,opus-judgment-20260721,True
/the-presidency/presidential-speeches/july-24-1964-press-conference-state-department,15,Senator Goldwater,person,neutral,judgment-full-20260720,senator goldwater,Senator Goldwater,person,neutral,opus-judgment-20260721,True
/the-presidency/presidential-speeches/july-24-1964-press-conference-state-department,16,President de Gaulle,person,neutral,judgment-full-20260720,president de gaulle,President de Gaulle,person,neutral,opus-judgment-20260721,True
/the-presidency/presidential-speeches/july-24-1964-press-conference-state-department,18,Republican Convention,institution,neutral,judgment-full-20260720,republican convention,Republican Convention,group,neutral,opus-judgment-20260721,True
/the-presidency/presidential-speeches/july-24-1964-press-conference-state-department,18,Senator Goldwater,person,neutral,judgment-full-20260720,senator goldwater,Senator Goldwater,person,neutral,opus-judgment-20260721,True
/the-presidency/presidential-speeches/july-24-1964-press-conference-state-department,22,Senator Goldwater,person,neutral,judgment-full-20260720,senator goldwater,Senator Goldwater,person,neutral,opus-judgment-20260721,True
/the-presidency/presidential-speeches/july-24-1964-press-conference-state-department,23,Democrats,group,favorable,judgment-full-20260720,democrats,Democrats,group,favorable,opus-judgment-20260721,True
/the-presidency/presidential-speeches/july-24-1964-press-conference-state-department,23,Republicans,group,favorable,judgment-full-20260720,republicans,Republicans,group,favorable,opus-judgment-20260721,True
/the-presidency/presidential-speeches/july-24-1964-press-conference-state-department,24,Republican Party,group,adversarial,judgment-full-20260720,republican party,Republican Party,group,neutral,opus-judgment-20260721,False
/the-presidency/presidential-speeches/july-24-1964-press-conference-state-department,24,Senator Goldwater,person,adversarial,judgment-full-20260720,senator goldwater,Senator Goldwater,person,neutral,opus-judgment-20260721,False
/the-presidency/presidential-speeches/july-24-1964-press-conference-state-department,26,Senator Goldwater,person,adversarial,judgment-full-20260720,senator goldwater,Senator Goldwater,person,neutral,opus-judgment-20260721,False
/the-presidency/presidential-speeches/july-24-1964-press-conference-state-department,26,bigots,group,adversarial,judgment-full-20260720,bigots,bigots,group,adversarial,opus-judgment-20260721,True
/the-presidency/presidential-speeches/july-24-1964-press-conference-state-department,32,Senator Goldwater,person,neutral,judgment-full-20260720,senator goldwater,Senator Goldwater,person,neutral,opus-judgment-20260721,True
/the-presidency/presidential-speeches/july-24-1964-press-conference-state-department,36,Senator Goldwater,person,neutral,judgment-full-20260720,senator goldwater,Senator Goldwater,person,neutral,opus-judgment-20260721,True
/the-presidency/presidential-speeches/july-24-1964-press-conference-state-department,42,Democratic Party,group,favorable,judgment-full-20260720,democratic party,Democratic Party,group,favorable,opus-judgment-20260721,True
/the-presidency/presidential-speeches/july-24-1964-press-conference-state-department,43,Senator Goldwater,person,neutral,judgment-full-20260720,senator goldwater,Senator Goldwater,person,neutral,opus-judgment-20260721,True
/the-presidency/presidential-speeches/july-24-1964-press-conference-state-department,44,Governor Wallace,person,neutral,judgment-full-20260720,governor wallace,Governor Wallace,person,neutral,opus-judgment-20260721,True
/the-presidency/presidential-speeches/july-24-1964-press-conference-state-department,46,Mr. Hoover,person,favorable,judgment-full-20260720,mr. hoover,Mr. Hoover,person,favorable,opus-judgment-20260721,True
/the-presidency/presidential-speeches/july-24-1964-press-conference-state-department,46,extremist elements,group,adversarial,judgment-full-20260720,extremist elements,extremist elements,group,adversarial,opus-judgment-20260721,True
/the-presidency/presidential-speeches/july-24-1964-press-conference-state-department,47,Senator Goldwater,person,neutral,judgment-full-20260720,senator goldwater,Senator Goldwater,person,neutral,opus-judgment-20260721,True
/the-presidency/presidential-speeches/july-24-1964-press-conference-state-department,49,Senator Goldwater,person,neutral,judgment-full-20260720,senator goldwater,Senator Goldwater,person,neutral,opus-judgment-20260721,True
/the-presidency/presidential-speeches/july-24-1964-press-conference-state-department,50,Senator Goldwater,person,favorable,judgment-full-20260720,senator goldwater,Senator Goldwater,person,neutral,opus-judgment-20260721,False
/the-presidency/presidential-speeches/july-24-2018-speech-veterans-foreign-wars-national-convention,1,George Brett,person,favorable,judgment-full-20260720,george brett,George Brett,person,favorable,opus-judgment-20260721,True
/the-presidency/presidential-speeches/july-24-2018-speech-veterans-foreign-wars-national-convention,2,Robert Wilkie,person,favorable,judgment-full-20260720,robert wilkie,Robert Wilkie,person,favorable,opus-judgment-20260721,True
/the-presidency/presidential-speeches/july-24-2018-speech-veterans-foreign-wars-national-convention,3,Wilkie,person,favorable,judgment-full-20260720,wilkie,Wilkie,person,favorable,opus-judgment-20260721,True
/the-presidency/presidential-speeches/july-24-2018-speech-veterans-foreign-wars-national-convention,4,Peter O'Rourke,person,favorable,judgment-full-20260720,peter o'rourke,Peter O'Rourke,person,favorable,opus-judgment-20260721,True
/the-presidency/presidential-speeches/july-24-2018-speech-veterans-foreign-wars-national-convention,5,Josh Hawley,person,favorable,judgment-full-20260720,josh hawley,Josh Hawley,person,favorable,opus-judgment-20260721,True
/the-presidency/presidential-speeches/july-24-2018-speech-veterans-foreign-wars-national-convention,5,Kevin Yoder,person,favorable,judgment-full-20260720,kevin yoder,Kevin Yoder,person,favorable,opus-judgment-20260721,True
/the-presidency/presidential-speeches/july-24-2018-speech-veterans-foreign-wars-national-convention,6,Josh Hawley,person,favorable,judgment-full-20260720,josh hawley,Josh Hawley,person,favorable,opus-judgment-20260721,True
/the-presidency/presidential-speeches/july-24-2018-speech-veterans-foreign-wars-national-convention,7,Donald Trump,person,favorable,judgment-full-20260720,donald trump,Donald Trump,person,favorable,opus-judgment-20260721,True
/the-presidency/presidential-speeches/july-24-2018-speech-veterans-foreign-wars-national-convention,10,Mike Parson,person,favorable,judgment-full-20260720,mike parson,Mike Parson,person,favorable,opus-judgment-20260721,True
/the-presidency/presidential-speeches/july-24-2018-speech-veterans-foreign-wars-national-convention,11,ISIS,group,adversarial,judgment-full-20260720,isis,ISIS,group,adversarial,opus-judgment-20260721,True
/the-presidency/presidential-speeches/july-24-2018-speech-veterans-foreign-wars-national-convention,12,Israel,nation,favorable,judgment-full-20260720,israel,Israel,nation,favorable,opus-judgment-20260721,True
/the-presidency/presidential-speeches/july-24-2018-speech-veterans-foreign-wars-national-convention,13,David Friedman,person,favorable,judgment-full-20260720,david friedman,David Friedman,person,favorable,opus-judgment-20260721,True
/the-presidency/presidential-speeches/july-24-2018-speech-veterans-foreign-wars-national-convention,16,evangelicals,group,favorable,judgment-full-20260720,evangelicals,evangelicals,group,favorable,opus-judgment-20260721,True
/the-presidency/presidential-speeches/july-24-2018-speech-veterans-foreign-wars-national-convention,17,Iran,nation,adversarial,judgment-full-20260720,iran,Iran,nation,adversarial,opus-judgment-20260721,True
/the-presidency/presidential-speeches/july-24-2018-speech-veterans-foreign-wars-national-convention,17,North Korea,nation,neutral,judgment-full-20260720,north korea,North Korea,nation,neutral,opus-judgment-20260721,True
/the-presidency/presidential-speeches/july-24-2018-speech-veterans-foreign-wars-national-convention,17,previous administration,institution,adversarial,judgment-full-20260720,previous administration,previous administration,institution,adversarial,opus-judgment-20260721,True
/the-presidency/presidential-speeches/july-24-2018-speech-veterans-foreign-wars-national-convention,20,George Washington,person,favorable,judgment-full-20260720,george washington,George Washington,person,favorable,opus-judgment-20260721,True
/the-presidency/presidential-speeches/july-24-2018-speech-veterans-foreign-wars-national-convention,20,VFW,institution,favorable,judgment-full-20260720,vfw,VFW,institution,favorable,opus-judgment-20260721,True
/the-presidency/presidential-speeches/july-24-2018-speech-veterans-foreign-wars-national-convention,25,MacArthur,person,favorable,judgment-full-20260720,macarthur,MacArthur,person,favorable,opus-judgment-20260721,True
/the-presidency/presidential-speeches/july-24-2018-speech-veterans-foreign-wars-national-convention,26,VFW,institution,favorable,judgment-full-20260720,vfw,VFW,institution,favorable,opus-judgment-20260721,True
/the-presidency/presidential-speeches/july-24-2018-speech-veterans-foreign-wars-national-convention,30,VFW,institution,favorable,judgment-full-20260720,vfw,VFW,institution,favorable,opus-judgment-20260721,True
/the-presidency/presidential-speeches/july-24-2018-speech-veterans-foreign-wars-national-convention,35,China,nation,adversarial,judgment-full-20260720,china,China,nation,adversarial,opus-judgment-20260721,True
/the-presidency/presidential-speeches/july-24-2018-speech-veterans-foreign-wars-national-convention,35,European Union,nation,adversarial,judgment-full-20260720,european union,European Union,institution,adversarial,opus-judgment-20260721,True
/the-presidency/presidential-speeches/july-24-2018-speech-veterans-foreign-wars-national-convention,36,CNN,institution,adversarial,judgment-full-20260720,cnn,CNN,institution,adversarial,opus-judgment-20260721,True
/the-presidency/presidential-speeches/july-24-2018-speech-veterans-foreign-wars-national-convention,36,NBC,institution,adversarial,judgment-full-20260720,nbc,NBC,institution,adversarial,opus-judgment-20260721,True
/the-presidency/presidential-speeches/july-24-2018-speech-veterans-foreign-wars-national-convention,37,China,nation,adversarial,judgment-full-20260720,china,China,nation,adversarial,opus-judgment-20260721,True
/the-presidency/presidential-speeches/july-24-2018-speech-veterans-foreign-wars-national-convention,38,European Union,nation,adversarial,judgment-full-20260720,european union,European Union,institution,adversarial,opus-judgment-20260721,True
/the-presidency/presidential-speeches/july-24-2018-speech-veterans-foreign-wars-national-convention,43,Claire McCaskill,person,adversarial,judgment-full-20260720,claire mccaskill,Claire McCaskill,person,adversarial,opus-judgment-20260721,True
/the-presidency/presidential-speeches/july-24-2018-speech-veterans-foreign-wars-national-convention,47,Chrysler,institution,favorable,judgment-full-20260720,chrysler,Chrysler,institution,favorable,opus-judgment-20260721,True
/the-presidency/presidential-speeches/july-24-2018-speech-veterans-foreign-wars-national-convention,47,Japan,nation,neutral,judgment-full-20260720,japan,Japan,nation,favorable,opus-judgment-20260721,False
/the-presidency/presidential-speeches/july-24-2018-speech-veterans-foreign-wars-national-convention,48,Democrats,group,adversarial,judgment-full-20260720,democrats,Democrats,group,adversarial,opus-judgment-20260721,True
/the-presidency/presidential-speeches/july-24-2018-speech-veterans-foreign-wars-national-convention,51,ICE,institution,favorable,judgment-full-20260720,ice,ICE,institution,favorable,opus-judgment-20260721,True
/the-presidency/presidential-speeches/july-24-2018-speech-veterans-foreign-wars-national-convention,51,MS-13,group,adversarial,judgment-full-20260720,ms-13,MS-13,group,adversarial,opus-judgment-20260721,True
/the-presidency/presidential-speeches/july-24-2018-speech-veterans-foreign-wars-national-convention,52,Democrats,group,adversarial,judgment-full-20260720,democrats,Democrats,group,adversarial,opus-judgment-20260721,True
/the-presidency/presidential-speeches/july-24-2018-speech-veterans-foreign-wars-national-convention,52,ICE,institution,favorable,judgment-full-20260720,ice,ICE,institution,favorable,opus-judgment-20260721,True
/the-presidency/presidential-speeches/july-24-2018-speech-veterans-foreign-wars-national-convention,52,MS-13,group,adversarial,judgment-full-20260720,ms-13,MS-13,group,adversarial,opus-judgment-20260721,True
/the-presidency/presidential-speeches/july-24-2018-speech-veterans-foreign-wars-national-convention,53,ICE,institution,favorable,judgment-full-20260720,ice,ICE,institution,favorable,opus-judgment-20260721,True
/the-presidency/presidential-speeches/july-24-2018-speech-veterans-foreign-wars-national-convention,53,Maxine Waters,person,adversarial,judgment-full-20260720,maxine waters,Maxine Waters,person,adversarial,opus-judgment-20260721,True
/the-presidency/presidential-speeches/july-24-2018-speech-veterans-foreign-wars-national-convention,53,Nancy Pelosi,person,adversarial,judgment-full-20260720,nancy pelosi,Nancy Pelosi,person,adversarial,opus-judgment-20260721,True
/the-presidency/presidential-speeches/july-24-2018-speech-veterans-foreign-wars-national-convention,55,Democrats,group,adversarial,judgment-full-20260720,democrats,Democrats,group,adversarial,opus-judgment-20260721,True
/the-presidency/presidential-speeches/july-24-2018-speech-veterans-foreign-wars-national-convention,56,Border Patrol,institution,favorable,judgment-full-20260720,border patrol,Border Patrol,institution,favorable,opus-judgment-20260721,True
/the-presidency/presidential-speeches/july-24-2018-speech-veterans-foreign-wars-national-convention,56,ICE,institution,favorable,judgment-full-20260720,ice,ICE,institution,favorable,opus-judgment-20260721,True
/the-presidency/presidential-speeches/july-24-2018-speech-veterans-foreign-wars-national-convention,56,VFW,institution,favorable,judgment-full-20260720,vfw,VFW,institution,favorable,opus-judgment-20260721,True
/the-presidency/presidential-speeches/july-24-2018-speech-veterans-foreign-wars-national-convention,57,Allen Jones,person,favorable,judgment-full-20260720,allen jones,Allen Jones,person,favorable,opus-judgment-20260721,True
/the-presidency/presidential-speeches/july-24-2018-speech-veterans-foreign-wars-national-convention,58,Allen Jones,person,favorable,judgment-full-20260720,allen jones,Allen Jones,person,favorable,opus-judgment-20260721,True
/the-presidency/presidential-speeches/july-24-2018-speech-veterans-foreign-wars-national-convention,59,Allen Jones,person,favorable,judgment-full-20260720,allen jones,Allen Jones,person,favorable,opus-judgment-20260721,True
/the-presidency/presidential-speeches/july-24-2018-speech-veterans-foreign-wars-national-convention,60,Allen Jones,person,favorable,judgment-full-20260720,allen jones,Allen Jones,person,favorable,opus-judgment-20260721,True
/the-presidency/presidential-speeches/july-24-2018-speech-veterans-foreign-wars-national-convention,61,Allen Jones,person,favorable,judgment-full-20260720,allen jones,Allen Jones,person,favorable,opus-judgment-20260721,True
/the-presidency/presidential-speeches/july-24-2018-speech-veterans-foreign-wars-national-convention,62,Allen Jones,person,favorable,judgment-full-20260720,allen jones,Allen Jones,person,favorable,opus-judgment-20260721,True
/the-presidency/presidential-speeches/july-24-2018-speech-veterans-foreign-wars-national-convention,65,VFW,institution,favorable,judgment-full-20260720,vfw,VFW,institution,favorable,opus-judgment-20260721,True
/the-presidency/presidential-speeches/july-26-1990-remarks-signing-americans-disabilities-act,2,Congress,institution,favorable,judgment-r2-20260720,congress,Congress,institution,favorable,opus-judgment-r2-20260722,True
/the-presidency/presidential-speeches/july-26-1990-remarks-signing-americans-disabilities-act,4,Japan,nation,neutral,judgment-r2-20260720,japan,Japan,nation,favorable,opus-judgment-r2-20260722,False
/the-presidency/presidential-speeches/july-26-1990-remarks-signing-americans-disabilities-act,4,Soviet Union,nation,neutral,judgment-r2-20260720,soviet union,Soviet Union,nation,favorable,opus-judgment-r2-20260722,False
/the-presidency/presidential-speeches/july-26-1990-remarks-signing-americans-disabilities-act,4,Sweden,nation,neutral,judgment-r2-20260720,sweden,Sweden,nation,favorable,opus-judgment-r2-20260722,False
/the-presidency/presidential-speeches/july-26-1990-remarks-signing-americans-disabilities-act,7,Lisa Carl,person,favorable,judgment-r2-20260720,lisa carl,Lisa Carl,person,favorable,opus-judgment-r2-20260722,True
/the-presidency/presidential-speeches/july-27-1967-speech-nation-civil-disorders,0,John Lindsay,person,neutral,judgment-full-20260720,john lindsay,John Lindsay,person,favorable,opus-judgment-r2-20260722,False
/the-presidency/presidential-speeches/july-27-1967-speech-nation-civil-disorders,0,Otto Kerner,person,neutral,judgment-full-20260720,otto kerner,Otto Kerner,person,favorable,opus-judgment-r2-20260722,False
/the-presidency/presidential-speeches/july-27-1967-speech-nation-civil-disorders,1,FBI,institution,favorable,judgment-full-20260720,fbi,FBI,institution,favorable,opus-judgment-r2-20260722,True
/the-presidency/presidential-speeches/july-27-1967-speech-nation-civil-disorders,1,Roy Wilkins,person,neutral,judgment-full-20260720,roy wilkins,Roy Wilkins,person,favorable,opus-judgment-r2-20260722,False
/the-presidency/presidential-speeches/july-27-1967-speech-nation-civil-disorders,2,FBI,institution,favorable,judgment-full-20260720,fbi,FBI,institution,favorable,opus-judgment-r2-20260722,True
/the-presidency/presidential-speeches/july-27-1967-speech-nation-civil-disorders,4,National Guard,institution,favorable,judgment-full-20260720,national guard,National Guard,institution,favorable,opus-judgment-r2-20260722,True
/the-presidency/presidential-speeches/july-27-1967-speech-nation-civil-disorders,4,Secretary of Defense,person,neutral,judgment-full-20260720,secretary of defense,Secretary of Defense,institution,favorable,opus-judgment-r2-20260722,False
/the-presidency/presidential-speeches/july-27-1967-speech-nation-civil-disorders,7,House of Representatives,institution,adversarial,judgment-full-20260720,house of representatives,House of Representatives,institution,adversarial,opus-judgment-r2-20260722,True
/the-presidency/presidential-speeches/july-28-1965-press-conference,3,Communist China,nation,adversarial,judgment-full-20260720,communist china,Communist China,nation,adversarial,opus-judgment-20260721,True
/the-presidency/presidential-speeches/july-28-1965-press-conference,3,North Viet-Nam,nation,adversarial,judgment-full-20260720,north viet-nam,North Viet-Nam,nation,adversarial,opus-judgment-20260721,True
/the-presidency/presidential-speeches/july-28-1965-press-conference,5,Hitler,person,adversarial,judgment-full-20260720,hitler,Hitler,person,adversarial,opus-judgment-20260721,True
/the-presidency/presidential-speeches/july-28-1965-press-conference,6,South Viet-Nam,nation,favorable,judgment-full-20260720,south viet-nam,South Viet-Nam,nation,favorable,opus-judgment-20260721,True
/the-presidency/presidential-speeches/july-28-1965-press-conference,10,General Westmoreland,person,favorable,judgment-full-20260720,general westmoreland,General Westmoreland,person,favorable,opus-judgment-20260721,True
/the-presidency/presidential-speeches/july-28-1965-press-conference,10,the Communists,group,adversarial,judgment-full-20260720,the communists,the Communists,group,adversarial,opus-judgment-20260721,True
/the-presidency/presidential-speeches/july-28-1965-press-conference,12,Ambassador Lodge,person,favorable,judgment-full-20260720,ambassador lodge,Ambassador Lodge,person,favorable,opus-judgment-20260721,True
/the-presidency/presidential-speeches/july-28-1965-press-conference,12,South Viet-Nam,nation,favorable,judgment-full-20260720,south viet-nam,South Viet-Nam,nation,favorable,opus-judgment-20260721,True
/the-presidency/presidential-speeches/july-28-1965-press-conference,15,the Communists,group,adversarial,judgment-full-20260720,the communists,the Communists,group,adversarial,opus-judgment-20260721,True
/the-presidency/presidential-speeches/july-28-1965-press-conference,16,Hanoi,nation,adversarial,judgment-full-20260720,hanoi,Hanoi,nation,neutral,opus-judgment-20260721,False
/the-presidency/presidential-speeches/july-28-1965-press-conference,16,South Viet-Nam,nation,favorable,judgment-full-20260720,south viet-nam,South Viet-Nam,nation,favorable,opus-judgment-20260721,True
/the-presidency/presidential-speeches/july-28-1965-press-conference,17,United Nations,institution,favorable,judgment-full-20260720,united nations,United Nations,institution,favorable,opus-judgment-20260721,True
/the-presidency/presidential-speeches/july-28-1965-press-conference,18,Ambassador Goldberg,person,favorable,judgment-full-20260720,ambassador goldberg,Ambassador Goldberg,person,favorable,opus-judgment-20260721,True
/the-presidency/presidential-speeches/july-28-1965-press-conference,18,U Thant,person,neutral,judgment-full-20260720,u thant,U Thant,person,favorable,opus-judgment-20260721,False
/the-presidency/presidential-speeches/july-28-1965-press-conference,19,South Viet-Nam,nation,favorable,judgment-full-20260720,south viet-nam,South Viet-Nam,nation,favorable,opus-judgment-20260721,True
/the-presidency/presidential-speeches/july-28-1965-press-conference,19,the Communists,group,adversarial,judgment-full-20260720,the communists,the Communists,group,adversarial,opus-judgment-20260721,True
/the-presidency/presidential-speeches/july-28-1965-press-conference,20,Eugene Black,person,favorable,judgment-full-20260720,eugene black,Eugene Black,person,favorable,opus-judgment-20260721,True
/the-presidency/presidential-speeches/july-28-1965-press-conference,26,John Chancellor,person,favorable,judgment-full-20260720,john chancellor,John Chancellor,person,favorable,opus-judgment-20260721,True
/the-presidency/presidential-speeches/july-28-1965-press-conference,27,John Chancellor,person,favorable,judgment-full-20260720,john chancellor,John Chancellor,person,favorable,opus-judgment-20260721,True
/the-presidency/presidential-speeches/july-28-1965-press-conference,28,Abe Fortas,person,favorable,judgment-full-20260720,abe fortas,Abe Fortas,person,favorable,opus-judgment-20260721,True
/the-presidency/presidential-speeches/july-28-1965-press-conference,29,Abe Fortas,person,favorable,judgment-full-20260720,abe fortas,Abe Fortas,person,favorable,opus-judgment-20260721,True
/the-presidency/presidential-speeches/july-28-1965-press-conference,30,Abe Fortas,person,favorable,judgment-full-20260720,abe fortas,Abe Fortas,person,favorable,opus-judgment-20260721,True
/the-presidency/presidential-speeches/july-28-1965-press-conference,31,Abe Fortas,person,favorable,judgment-full-20260720,abe fortas,Abe Fortas,person,favorable,opus-judgment-20260721,True
/the-presidency/presidential-speeches/july-28-1965-press-conference,33,Donald Johnson,person,neutral,judgment-full-20260720,donald johnson,Donald Johnson,person,neutral,opus-judgment-20260721,True
/the-presidency/presidential-speeches/july-28-1965-press-conference,43,Dobrynin,person,neutral,judgment-full-20260720,dobrynin,Dobrynin,person,neutral,opus-judgment-20260721,True
/the-presidency/presidential-speeches/july-28-1965-press-conference,43,Gromyko,person,neutral,judgment-full-20260720,gromyko,Gromyko,person,neutral,opus-judgment-20260721,True
/the-presidency/presidential-speeches/july-28-1965-press-conference,43,Soviet Union,nation,neutral,judgment-full-20260720,soviet union,Soviet Union,nation,neutral,opus-judgment-20260721,True
/the-presidency/presidential-speeches/july-28-1965-press-conference,44,Soviet Union,nation,neutral,judgment-full-20260720,soviet union,Soviet Union,nation,neutral,opus-judgment-20260721,True
/the-presidency/presidential-speeches/july-28-1965-press-conference,46,United Nations,institution,favorable,judgment-full-20260720,united nations,United Nations,institution,favorable,opus-judgment-20260721,True
/the-presidency/presidential-speeches/july-28-1965-press-conference,47,Ambassador Goldberg,person,favorable,judgment-full-20260720,ambassador goldberg,Ambassador Goldberg,person,favorable,opus-judgment-20260721,True
/the-presidency/presidential-speeches/july-28-1965-press-conference,49,Governor Hatfield,person,adversarial,judgment-full-20260720,governor hatfield,Governor Hatfield,person,neutral,opus-judgment-20260721,False
/the-presidency/presidential-speeches/july-28-1965-press-conference,50,Governor Hatfield,person,adversarial,judgment-full-20260720,governor hatfield,Governor Hatfield,person,neutral,opus-judgment-20260721,False
/the-presidency/presidential-speeches/july-28-1965-press-conference,51,Governor Hatfield,person,neutral,judgment-full-20260720,governor hatfield,Governor Hatfield,person,neutral,opus-judgment-20260721,True
/the-presidency/presidential-speeches/july-28-1965-press-conference,56,Hanoi,nation,adversarial,judgment-full-20260720,hanoi,Hanoi,nation,adversarial,opus-judgment-20260721,True
/the-presidency/presidential-speeches/july-28-1965-press-conference,56,Viet Cong,group,adversarial,judgment-full-20260720,viet cong,Viet Cong,group,adversarial,opus-judgment-20260721,True
/the-presidency/presidential-speeches/july-28-1965-press-conference,59,Secretary Celebrezze,person,favorable,judgment-full-20260720,secretary celebrezze,Secretary Celebrezze,person,favorable,opus-judgment-20260721,True
/the-presidency/presidential-speeches/july-31-1991-press-conference-mikhail-gorbachev,10,Baker,person,neutral,judgment-r2-20260720,baker,Baker,person,neutral,opus-judgment-20260721,True
/the-presidency/presidential-speeches/july-31-1991-press-conference-mikhail-gorbachev,10,Bessmertnykh,person,neutral,judgment-r2-20260720,bessmertnykh,Bessmertnykh,person,neutral,opus-judgment-20260721,True
/the-presidency/presidential-speeches/july-31-1991-press-conference-mikhail-gorbachev,11,United States,nation,neutral,judgment-r2-20260720,united states,United States,nation,neutral,opus-judgment-20260721,True
/the-presidency/presidential-speeches/july-31-1991-press-conference-mikhail-gorbachev,15,Yugoslavia,nation,neutral,judgment-r2-20260720,yugoslavia,Yugoslavia,nation,neutral,opus-judgment-20260721,True
/the-presidency/presidential-speeches/july-31-1991-press-conference-mikhail-gorbachev,21,Barbara,person,favorable,judgment-r2-20260720,barbara,Barbara,person,favorable,opus-judgment-20260721,True
/the-presidency/presidential-speeches/july-31-1991-press-conference-mikhail-gorbachev,21,Gorbachev,person,favorable,judgment-r2-20260720,gorbachev,Gorbachev,person,favorable,opus-judgment-20260721,True
/the-presidency/presidential-speeches/july-31-1991-press-conference-mikhail-gorbachev,22,U.S. Congress,institution,neutral,judgment-r2-20260720,u.s. congress,U.S. Congress,institution,neutral,opus-judgment-20260721,True
/the-presidency/presidential-speeches/july-31-1991-press-conference-mikhail-gorbachev,23,Israel,nation,neutral,judgment-r2-20260720,israel,Israel,nation,neutral,opus-judgment-20260721,True
/the-presidency/presidential-speeches/july-31-1991-press-conference-mikhail-gorbachev,24,Bessmertnykh,person,neutral,judgment-r2-20260720,bessmertnykh,Bessmertnykh,person,neutral,opus-judgment-20260721,True
/the-presidency/presidential-speeches/july-31-1991-press-conference-mikhail-gorbachev,24,Israel,nation,neutral,judgment-r2-20260720,israel,Israel,nation,neutral,opus-judgment-20260721,True
/the-presidency/presidential-speeches/july-31-1991-press-conference-mikhail-gorbachev,25,Yugoslavia,nation,neutral,judgment-r2-20260720,yugoslavia,Yugoslavia,nation,neutral,opus-judgment-20260721,True
/the-presidency/presidential-speeches/july-31-1991-press-conference-mikhail-gorbachev,26,Yugoslavia,nation,neutral,judgment-r2-20260720,yugoslavia,Yugoslavia,nation,neutral,opus-judgment-20260721,True
/the-presidency/presidential-speeches/july-31-1991-press-conference-mikhail-gorbachev,27,CSCE,institution,neutral,judgment-r2-20260720,csce,CSCE,institution,favorable,opus-judgment-20260721,False
/the-presidency/presidential-speeches/july-31-1991-press-conference-mikhail-gorbachev,27,European Community,institution,neutral,judgment-r2-20260720,european community,European Community,institution,favorable,opus-judgment-20260721,False
/the-presidency/presidential-speeches/july-31-1991-press-conference-mikhail-gorbachev,28,Baker,person,neutral,judgment-r2-20260720,baker,Baker,person,favorable,opus-judgment-20260721,False
/the-presidency/presidential-speeches/july-31-1991-press-conference-mikhail-gorbachev,28,Shamir,person,neutral,judgment-r2-20260720,shamir,Shamir,person,neutral,opus-judgment-20260721,True
/the-presidency/presidential-speeches/july-31-1991-press-conference-mikhail-gorbachev,34,Lithuania,nation,neutral,judgment-r2-20260720,lithuania,Lithuania,nation,neutral,opus-judgment-20260721,True
/the-presidency/presidential-speeches/july-31-1991-press-conference-mikhail-gorbachev,35,Byelorussia,nation,neutral,judgment-r2-20260720,byelorussia,Byelorussia,nation,neutral,opus-judgment-20260721,True
/the-presidency/presidential-speeches/july-31-1991-press-conference-mikhail-gorbachev,35,Lithuania,nation,neutral,judgment-r2-20260720,lithuania,Lithuania,nation,neutral,opus-judgment-20260721,True
/the-presidency/presidential-speeches/july-31-1991-press-conference-mikhail-gorbachev,36,Armenia,nation,neutral,judgment-r2-20260720,armenia,Armenia,nation,neutral,opus-judgment-20260721,True
/the-presidency/presidential-speeches/july-31-1991-press-conference-mikhail-gorbachev,36,Azerbaijan,nation,neutral,judgment-r2-20260720,azerbaijan,Azerbaijan,nation,neutral,opus-judgment-20260721,True
/the-presidency/presidential-speeches/july-31-1991-press-conference-mikhail-gorbachev,39,G-7,institution,neutral,judgment-r2-20260720,g-7,G-7,institution,neutral,opus-judgment-20260721,True
/the-presidency/presidential-speeches/july-31-1991-press-conference-mikhail-gorbachev,41,G-7,institution,neutral,judgment-r2-20260720,g-7,G-7,institution,neutral,opus-judgment-20260721,True
/the-presidency/presidential-speeches/july-31-1991-press-conference-mikhail-gorbachev,45,renegades,group,adversarial,judgment-r2-20260720,renegades,renegades,group,adversarial,opus-judgment-20260721,True
/the-presidency/presidential-speeches/july-31-1991-press-conference-mikhail-gorbachev,68,Baker,person,neutral,judgment-r2-20260720,baker,Baker,person,neutral,opus-judgment-20260721,True
/the-presidency/presidential-speeches/july-31-1991-press-conference-mikhail-gorbachev,68,Bessmertnykh,person,neutral,judgment-r2-20260720,bessmertnykh,Bessmertnykh,person,neutral,opus-judgment-20260721,True
/the-presidency/presidential-speeches/july-31-1991-press-conference-mikhail-gorbachev,69,United States,nation,neutral,judgment-r2-20260720,united states,United States,nation,neutral,opus-judgment-20260721,True
/the-presidency/presidential-speeches/july-31-1991-press-conference-mikhail-gorbachev,73,Yugoslavia,nation,neutral,judgment-r2-20260720,yugoslavia,Yugoslavia,nation,neutral,opus-judgment-20260721,True
/the-presidency/presidential-speeches/july-31-1991-press-conference-mikhail-gorbachev,79,Barbara,person,favorable,judgment-r2-20260720,barbara,Barbara,person,favorable,opus-judgment-20260721,True
/the-presidency/presidential-speeches/july-31-1991-press-conference-mikhail-gorbachev,79,Gorbachev,person,favorable,judgment-r2-20260720,gorbachev,Gorbachev,person,favorable,opus-judgment-20260721,True
/the-presidency/presidential-speeches/july-31-1991-press-conference-mikhail-gorbachev,81,Israel,nation,neutral,judgment-r2-20260720,israel,Israel,nation,neutral,opus-judgment-20260721,True
/the-presidency/presidential-speeches/july-31-1991-press-conference-mikhail-gorbachev,82,Bessmertnykh,person,neutral,judgment-r2-20260720,bessmertnykh,Bessmertnykh,person,neutral,opus-judgment-20260721,True
/the-presidency/presidential-speeches/july-31-1991-press-conference-mikhail-gorbachev,82,Israel,nation,neutral,judgment-r2-20260720,israel,Israel,nation,neutral,opus-judgment-20260721,True
/the-presidency/presidential-speeches/july-31-1991-press-conference-mikhail-gorbachev,83,Yugoslavia,nation,neutral,judgment-r2-20260720,yugoslavia,Yugoslavia,nation,neutral,opus-judgment-20260721,True
/the-presidency/presidential-speeches/july-31-1991-press-conference-mikhail-gorbachev,84,Yugoslavia,nation,neutral,judgment-r2-20260720,yugoslavia,Yugoslavia,nation,neutral,opus-judgment-20260721,True
/the-presidency/presidential-speeches/july-31-1991-press-conference-mikhail-gorbachev,85,CSCE,institution,neutral,judgment-r2-20260720,csce,CSCE,institution,favorable,opus-judgment-20260721,False
/the-presidency/presidential-speeches/july-31-1991-press-conference-mikhail-gorbachev,85,European Community,institution,neutral,judgment-r2-20260720,european community,European Community,institution,favorable,opus-judgment-20260721,False
/the-presidency/presidential-speeches/july-31-1991-press-conference-mikhail-gorbachev,86,Baker,person,neutral,judgment-r2-20260720,baker,Baker,person,favorable,opus-judgment-20260721,False
/the-presidency/presidential-speeches/july-31-1991-press-conference-mikhail-gorbachev,86,Shamir,person,neutral,judgment-r2-20260720,shamir,Shamir,person,neutral,opus-judgment-20260721,True
/the-presidency/presidential-speeches/july-31-1991-press-conference-mikhail-gorbachev,92,Lithuania,nation,neutral,judgment-r2-20260720,lithuania,Lithuania,nation,neutral,opus-judgment-20260721,True
/the-presidency/presidential-speeches/july-31-1991-press-conference-mikhail-gorbachev,93,Byelorussia,nation,neutral,judgment-r2-20260720,byelorussia,Byelorussia,nation,neutral,opus-judgment-20260721,True
/the-presidency/presidential-speeches/july-31-1991-press-conference-mikhail-gorbachev,93,Lithuania,nation,neutral,judgment-r2-20260720,lithuania,Lithuania,nation,neutral,opus-judgment-20260721,True
/the-presidency/presidential-speeches/july-31-1991-press-conference-mikhail-gorbachev,94,Armenia,nation,neutral,judgment-r2-20260720,armenia,Armenia,nation,neutral,opus-judgment-20260721,True
/the-presidency/presidential-speeches/july-31-1991-press-conference-mikhail-gorbachev,94,Azerbaijan,nation,neutral,judgment-r2-20260720,azerbaijan,Azerbaijan,nation,neutral,opus-judgment-20260721,True
/the-presidency/presidential-speeches/july-31-1991-press-conference-mikhail-gorbachev,97,G-7,institution,neutral,judgment-r2-20260720,g-7,G-7,institution,neutral,opus-judgment-20260721,True
/the-presidency/presidential-speeches/july-31-1991-press-conference-mikhail-gorbachev,99,G-7,institution,neutral,judgment-r2-20260720,g-7,G-7,institution,neutral,opus-judgment-20260721,True
/the-presidency/presidential-speeches/july-31-1991-press-conference-mikhail-gorbachev,103,renegades,group,adversarial,judgment-r2-20260720,renegades,renegades,group,adversarial,opus-judgment-20260721,True
/the-presidency/presidential-speeches/july-4-1914-fourth-july-address,10,Department of State,institution,neutral,judgment-full-20260720,department of state,Department of State,institution,neutral,opus-judgment-20260721,True
/the-presidency/presidential-speeches/july-4-1914-fourth-july-address,12,Mexico,nation,neutral,judgment-full-20260720,mexico,Mexico,nation,neutral,opus-judgment-20260721,True
/the-presidency/presidential-speeches/july-4-1914-fourth-july-address,13,Mexico,nation,neutral,judgment-full-20260720,mexico,Mexico,nation,neutral,opus-judgment-20260721,True
/the-presidency/presidential-speeches/july-5-1966-press-conference-lbj-ranch,0,Andy Goodpaster,person,neutral,judgment-full-20260720,andy goodpaster,Andy Goodpaster,person,favorable,opus-judgment-r2-20260722,False
/the-presidency/presidential-speeches/july-5-1966-press-conference-lbj-ranch,0,Averell Harriman,person,neutral,judgment-full-20260720,averell harriman,Averell Harriman,person,favorable,opus-judgment-r2-20260722,False
/the-presidency/presidential-speeches/july-5-1966-press-conference-lbj-ranch,0,John Reed,person,neutral,judgment-full-20260720,john reed,John Reed,person,neutral,opus-judgment-r2-20260722,True
/the-presidency/presidential-speeches/july-5-1966-press-conference-lbj-ranch,0,Walt Rostow,person,neutral,judgment-full-20260720,walt rostow,Walt Rostow,person,favorable,opus-judgment-r2-20260722,False
/the-presidency/presidential-speeches/july-5-1966-press-conference-lbj-ranch,1,Eisenhower,person,neutral,judgment-full-20260720,eisenhower,Eisenhower,person,neutral,opus-judgment-r2-20260722,True
/the-presidency/presidential-speeches/july-5-1966-press-conference-lbj-ranch,2,Vietcong,group,adversarial,judgment-full-20260720,vietcong,Vietcong,group,adversarial,opus-judgment-r2-20260722,True
/the-presidency/presidential-speeches/july-5-1966-press-conference-lbj-ranch,5,Komer,person,favorable,judgment-full-20260720,komer,Komer,person,favorable,opus-judgment-r2-20260722,True
/the-presidency/presidential-speeches/july-5-1966-press-conference-lbj-ranch,6,McNamara,person,neutral,judgment-full-20260720,mcnamara,McNamara,person,favorable,opus-judgment-r2-20260722,False
/the-presidency/presidential-speeches/july-5-1966-press-conference-lbj-ranch,7,Clark Clifford,person,neutral,judgment-full-20260720,clark clifford,Clark Clifford,person,favorable,opus-judgment-r2-20260722,False
/the-presidency/presidential-speeches/july-5-1966-press-conference-lbj-ranch,7,Robert B. Bowie,person,favorable,judgment-full-20260720,robert b. bowie,Robert B. Bowie,person,favorable,opus-judgment-r2-20260722,True
/the-presidency/presidential-speeches/july-5-1966-press-conference-lbj-ranch,12,Rostow,person,neutral,judgment-full-20260720,rostow,Rostow,person,favorable,opus-judgment-r2-20260722,False
/the-presidency/presidential-speeches/july-5-1966-press-conference-lbj-ranch,12,Rusk,person,neutral,judgment-full-20260720,rusk,Rusk,person,favorable,opus-judgment-r2-20260722,False
/the-presidency/presidential-speeches/july-5-1966-press-conference-lbj-ranch,13,McNamara,person,neutral,judgment-full-20260720,mcnamara,McNamara,person,favorable,opus-judgment-r2-20260722,False
/the-presidency/presidential-speeches/july-5-1966-press-conference-lbj-ranch,14,McNamara,person,neutral,judgment-full-20260720,mcnamara,McNamara,person,favorable,opus-judgment-r2-20260722,False
/the-presidency/presidential-speeches/july-5-1966-press-conference-lbj-ranch,15,the aggressor,other,adversarial,judgment-full-20260720,the aggressor,the aggressor,group,adversarial,opus-judgment-r2-20260722,True
/the-presidency/presidential-speeches/july-5-1966-press-conference-lbj-ranch,16,Earle G. Wheeler,person,favorable,judgment-full-20260720,earle g. wheeler,Earle G. Wheeler,person,favorable,opus-judgment-r2-20260722,True
/the-presidency/presidential-speeches/july-5-1966-press-conference-lbj-ranch,17,McNamara,person,favorable,judgment-full-20260720,mcnamara,McNamara,person,favorable,opus-judgment-r2-20260722,True
/the-presidency/presidential-speeches/july-5-1966-press-conference-lbj-ranch,23,North Vietnam,nation,adversarial,judgment-full-20260720,north vietnam,North Vietnam,nation,adversarial,opus-judgment-r2-20260722,True
/the-presidency/presidential-speeches/july-5-1966-press-conference-lbj-ranch,26,Burke Marshall,person,favorable,judgment-full-20260720,burke marshall,Burke Marshall,person,favorable,opus-judgment-r2-20260722,True
/the-presidency/presidential-speeches/july-5-1966-press-conference-lbj-ranch,26,Oveta Culp Hobby,person,favorable,judgment-full-20260720,oveta culp hobby,Oveta Culp Hobby,person,favorable,opus-judgment-r2-20260722,True
/the-presidency/presidential-speeches/july-5-1966-press-conference-lbj-ranch,26,Thomas Gates,person,favorable,judgment-full-20260720,thomas gates,Thomas Gates,person,favorable,opus-judgment-r2-20260722,True
/the-presidency/presidential-speeches/july-5-1966-press-conference-lbj-ranch,37,Eisenhower,person,neutral,judgment-full-20260720,eisenhower,Eisenhower,person,neutral,opus-judgment-r2-20260722,True
/the-presidency/presidential-speeches/july-5-1966-press-conference-lbj-ranch,42,opposing forces,group,adversarial,judgment-full-20260720,opposing forces,opposing forces,group,adversarial,opus-judgment-r2-20260722,True
/the-presidency/presidential-speeches/july-5-1966-press-conference-lbj-ranch,44,Communist countries,group,adversarial,judgment-full-20260720,communist countries,Communist countries,group,adversarial,opus-judgment-r2-20260722,True
/the-presidency/presidential-speeches/july-5-1966-press-conference-lbj-ranch,47,Communist countries,group,adversarial,judgment-full-20260720,communist countries,Communist countries,group,adversarial,opus-judgment-r2-20260722,True
/the-presidency/presidential-speeches/july-5-1966-press-conference-lbj-ranch,49,Westmoreland,person,favorable,judgment-full-20260720,westmoreland,Westmoreland,person,favorable,opus-judgment-r2-20260722,True
/the-presidency/presidential-speeches/july-5-1966-press-conference-lbj-ranch,54,Ho Chi Minh,person,neutral,judgment-full-20260720,ho chi minh,Ho Chi Minh,person,adversarial,opus-judgment-r2-20260722,False
/the-presidency/presidential-speeches/july-5-1966-press-conference-lbj-ranch,55,Soviet Union,nation,neutral,judgment-full-20260720,soviet union,Soviet Union,nation,neutral,opus-judgment-r2-20260722,True
/the-presidency/presidential-speeches/july-8-1894-proclamation-regarding-railroad-strike,1,Grover Cleveland,person,favorable,judgment-full-20260720,grover cleveland,Grover Cleveland,person,neutral,opus-judgment-r2-20260722,False
/the-presidency/presidential-speeches/july-8-1894-proclamation-regarding-railroad-strike,2,riotous mob,group,adversarial,judgment-full-20260720,riotous mob,riotous mob,group,adversarial,opus-judgment-r2-20260722,True
/the-presidency/presidential-speeches/july-8-1894-proclamation-regarding-railroad-strike,3,riotous mob,group,adversarial,judgment-full-20260720,riotous mob,riotous mob,group,adversarial,opus-judgment-r2-20260722,True
/the-presidency/presidential-speeches/july-8-1894-proclamation-regarding-railroad-strike,4,Grover Cleveland,person,favorable,judgment-full-20260720,grover cleveland,Grover Cleveland,person,neutral,opus-judgment-r2-20260722,False
/the-presidency/presidential-speeches/july-8-1894-proclamation-regarding-railroad-strike,4,W. Q. Gresham,person,neutral,judgment-full-20260720,w. q. gresham,W. Q. Gresham,person,neutral,opus-judgment-r2-20260722,True
/the-presidency/presidential-speeches/july-8-2021-speech-drawdown-us-forces-afghanistan,3,Osama Bin Laden,person,adversarial,judgment-r2-20260720,osama bin laden,Osama Bin Laden,person,adversarial,opus-judgment-20260721,True
/the-presidency/presidential-speeches/july-8-2021-speech-drawdown-us-forces-afghanistan,6,Ghani,person,neutral,judgment-r2-20260720,ghani,Ghani,person,neutral,opus-judgment-20260721,True
/the-presidency/presidential-speeches/july-8-2021-speech-drawdown-us-forces-afghanistan,15,Taliban,group,adversarial,judgment-r2-20260720,taliban,Taliban,group,adversarial,opus-judgment-20260721,True
/the-presidency/presidential-speeches/july-8-2021-speech-drawdown-us-forces-afghanistan,16,Taliban,group,adversarial,judgment-r2-20260720,taliban,Taliban,group,adversarial,opus-judgment-20260721,True
/the-presidency/presidential-speeches/july-8-2021-speech-drawdown-us-forces-afghanistan,21,China,nation,adversarial,judgment-r2-20260720,china,China,nation,neutral,opus-judgment-20260721,False
/the-presidency/presidential-speeches/july-8-2021-speech-drawdown-us-forces-afghanistan,23,Bin Laden,person,adversarial,judgment-r2-20260720,bin laden,Bin Laden,person,adversarial,opus-judgment-20260721,True
/the-presidency/presidential-speeches/july-8-2021-speech-drawdown-us-forces-afghanistan,26,Taliban,group,adversarial,judgment-r2-20260720,taliban,Taliban,group,adversarial,opus-judgment-20260721,True
/the-presidency/presidential-speeches/july-8-2021-speech-drawdown-us-forces-afghanistan,27,Taliban,group,adversarial,judgment-r2-20260720,taliban,Taliban,group,adversarial,opus-judgment-20260721,True
/the-presidency/presidential-speeches/july-8-2021-speech-drawdown-us-forces-afghanistan,28,Taliban,group,adversarial,judgment-r2-20260720,taliban,Taliban,group,adversarial,opus-judgment-20260721,True
/the-presidency/presidential-speeches/july-8-2021-speech-drawdown-us-forces-afghanistan,30,Osama bin Laden,person,adversarial,judgment-r2-20260720,osama bin laden,Osama bin Laden,person,adversarial,opus-judgment-20260721,True
/the-presidency/presidential-speeches/july-8-2021-speech-drawdown-us-forces-afghanistan,30,al Qaeda,group,adversarial,judgment-r2-20260720,al qaeda,al Qaeda,group,adversarial,opus-judgment-20260721,True
/the-presidency/presidential-speeches/july-8-2021-speech-drawdown-us-forces-afghanistan,34,Ghani,person,neutral,judgment-r2-20260720,ghani,Ghani,person,neutral,opus-judgment-20260721,True
/the-presidency/presidential-speeches/july-8-2021-speech-drawdown-us-forces-afghanistan,34,Taliban,group,adversarial,judgment-r2-20260720,taliban,Taliban,group,adversarial,opus-judgment-20260721,True
/the-presidency/presidential-speeches/july-8-2021-speech-drawdown-us-forces-afghanistan,35,Taliban,group,adversarial,judgment-r2-20260720,taliban,Taliban,group,adversarial,opus-judgment-20260721,True
/the-presidency/presidential-speeches/july-8-2021-speech-drawdown-us-forces-afghanistan,36,General Scott Miller,person,neutral,judgment-r2-20260720,general scott miller,General Scott Miller,person,neutral,opus-judgment-20260721,True
/the-presidency/presidential-speeches/july-8-2021-speech-drawdown-us-forces-afghanistan,36,Taliban,group,adversarial,judgment-r2-20260720,taliban,Taliban,group,adversarial,opus-judgment-20260721,True
/the-presidency/presidential-speeches/july-8-2021-speech-drawdown-us-forces-afghanistan,38,Taliban,group,adversarial,judgment-r2-20260720,taliban,Taliban,group,adversarial,opus-judgment-20260721,True
/the-presidency/presidential-speeches/july-8-2021-speech-drawdown-us-forces-afghanistan,40,Taliban,group,adversarial,judgment-r2-20260720,taliban,Taliban,group,adversarial,opus-judgment-20260721,True
/the-presidency/presidential-speeches/july-8-2021-speech-drawdown-us-forces-afghanistan,43,Osama bin Laden,person,adversarial,judgment-r2-20260720,osama bin laden,Osama bin Laden,person,adversarial,opus-judgment-20260721,True
/the-presidency/presidential-speeches/july-8-2021-speech-drawdown-us-forces-afghanistan,46,Taliban,group,adversarial,judgment-r2-20260720,taliban,Taliban,group,adversarial,opus-judgment-20260721,True
/the-presidency/presidential-speeches/july-8-2021-speech-drawdown-us-forces-afghanistan,48,Osama bin Laden,person,adversarial,judgment-r2-20260720,osama bin laden,Osama bin Laden,person,adversarial,opus-judgment-20260721,True
/the-presidency/presidential-speeches/july-8-2021-speech-drawdown-us-forces-afghanistan,49,Taliban,group,adversarial,judgment-r2-20260720,taliban,Taliban,group,adversarial,opus-judgment-20260721,True
/the-presidency/presidential-speeches/july-8-2021-speech-drawdown-us-forces-afghanistan,50,Taliban,group,adversarial,judgment-r2-20260720,taliban,Taliban,group,adversarial,opus-judgment-20260721,True
/the-presidency/presidential-speeches/june-1-1841-special-session-message-congress-regarding-general,3,Portugal,nation,neutral,judgment-full-20260720,portugal,Portugal,nation,neutral,opus-judgment-r2-20260722,True
/the-presidency/presidential-speeches/june-1-1841-special-session-message-congress-regarding-general,3,Spain,nation,neutral,judgment-full-20260720,spain,Spain,nation,neutral,opus-judgment-r2-20260722,True
/the-presidency/presidential-speeches/june-1-1841-special-session-message-congress-regarding-general,4,Great Britain,nation,neutral,judgment-full-20260720,great britain,Great Britain,nation,neutral,opus-judgment-r2-20260722,True
/the-presidency/presidential-speeches/june-1-1841-special-session-message-congress-regarding-general,19,a late President,person,adversarial,judgment-full-20260720,a late president,a late President,person,adversarial,opus-judgment-r2-20260722,True
/the-presidency/presidential-speeches/june-1-1841-special-session-message-congress-regarding-general,26,General Harrison,person,favorable,judgment-full-20260720,general harrison,General Harrison,person,favorable,opus-judgment-r2-20260722,True
/the-presidency/presidential-speeches/june-1-1841-special-session-message-congress-regarding-general,36,Monroe,person,favorable,judgment-full-20260720,monroe,Monroe,person,favorable,opus-judgment-r2-20260722,True
/the-presidency/presidential-speeches/june-1-1965-press-conference-east-room,0,Dominican Republic,nation,neutral,judgment-full-20260720,dominican republic,Dominican Republic,nation,neutral,opus-judgment-20260721,True
/the-presidency/presidential-speeches/june-1-1965-press-conference-east-room,0,Mora,person,favorable,judgment-full-20260720,mora,Mora,person,favorable,opus-judgment-20260721,True
/the-presidency/presidential-speeches/june-1-1965-press-conference-east-room,0,OAS,institution,favorable,judgment-full-20260720,oas,OAS,institution,favorable,opus-judgment-20260721,True
/the-presidency/presidential-speeches/june-1-1965-press-conference-east-room,1,Mora,person,favorable,judgment-full-20260720,mora,Mora,person,favorable,opus-judgment-20260721,True
/the-presidency/presidential-speeches/june-1-1965-press-conference-east-room,2,United Nations,institution,favorable,judgment-full-20260720,united nations,United Nations,institution,favorable,opus-judgment-20260721,True
/the-presidency/presidential-speeches/june-1-1965-press-conference-east-room,3,United Nations,institution,favorable,judgment-full-20260720,united nations,United Nations,institution,favorable,opus-judgment-20260721,True
/the-presidency/presidential-speeches/june-1-1965-press-conference-east-room,4,Congress,institution,neutral,judgment-full-20260720,congress,Congress,institution,neutral,opus-judgment-20260721,True
/the-presidency/presidential-speeches/june-1-1965-press-conference-east-room,4,United Nations,institution,favorable,judgment-full-20260720,united nations,United Nations,institution,favorable,opus-judgment-20260721,True
/the-presidency/presidential-speeches/june-1-1965-press-conference-east-room,5,enemies of freedom,group,adversarial,judgment-full-20260720,enemies of freedom,enemies of freedom,group,adversarial,opus-judgment-20260721,True
/the-presidency/presidential-speeches/june-1-1965-press-conference-east-room,6,Eugene Black,person,favorable,judgment-full-20260720,eugene black,Eugene Black,person,favorable,opus-judgment-20260721,True
/the-presidency/presidential-speeches/june-1-1965-press-conference-east-room,6,South Viet-Nam,nation,favorable,judgment-full-20260720,south viet-nam,South Viet-Nam,nation,favorable,opus-judgment-20260721,True
/the-presidency/presidential-speeches/june-1-1965-press-conference-east-room,7,South Viet-Nam,nation,favorable,judgment-full-20260720,south viet-nam,South Viet-Nam,nation,neutral,opus-judgment-20260721,False
/the-presidency/presidential-speeches/june-1-1965-press-conference-east-room,8,South Viet-Nam,nation,favorable,judgment-full-20260720,south viet-nam,South Viet-Nam,nation,neutral,opus-judgment-20260721,False
/the-presidency/presidential-speeches/june-1-1965-press-conference-east-room,9,aggressor,group,adversarial,judgment-full-20260720,aggressor,aggressor,group,adversarial,opus-judgment-20260721,True
/the-presidency/presidential-speeches/june-1-1965-press-conference-east-room,10,American Medical Association,institution,favorable,judgment-full-20260720,american medical association,American Medical Association,institution,favorable,opus-judgment-20260721,True
/the-presidency/presidential-speeches/june-1-1965-press-conference-east-room,13,Mora,person,favorable,judgment-full-20260720,mora,Mora,person,favorable,opus-judgment-20260721,True
/the-presidency/presidential-speeches/june-1-1965-press-conference-east-room,13,OAS,institution,favorable,judgment-full-20260720,oas,OAS,institution,favorable,opus-judgment-20260721,True
/the-presidency/presidential-speeches/june-1-1965-press-conference-east-room,14,Dominican Republic,nation,neutral,judgment-full-20260720,dominican republic,Dominican Republic,nation,neutral,opus-judgment-20260721,True
/the-presidency/presidential-speeches/june-1-1965-press-conference-east-room,14,OAS,institution,favorable,judgment-full-20260720,oas,OAS,institution,favorable,opus-judgment-20260721,True
/the-presidency/presidential-speeches/june-1-1965-press-conference-east-room,15,OAS,institution,favorable,judgment-full-20260720,oas,OAS,institution,favorable,opus-judgment-20260721,True
/the-presidency/presidential-speeches/june-1-1965-press-conference-east-room,16,OAS,institution,favorable,judgment-full-20260720,oas,OAS,institution,favorable,opus-judgment-20260721,True
/the-presidency/presidential-speeches/june-1-1965-press-conference-east-room,17,OAS,institution,favorable,judgment-full-20260720,oas,OAS,institution,favorable,opus-judgment-20260721,True
/the-presidency/presidential-speeches/june-1-1965-press-conference-east-room,18,OAS,institution,favorable,judgment-full-20260720,oas,OAS,institution,favorable,opus-judgment-20260721,True
/the-presidency/presidential-speeches/june-1-1965-press-conference-east-room,19,Dominican Republic,nation,neutral,judgment-full-20260720,dominican republic,Dominican Republic,nation,neutral,opus-judgment-20260721,True
/the-presidency/presidential-speeches/june-1-1965-press-conference-east-room,19,OAS,institution,favorable,judgment-full-20260720,oas,OAS,institution,favorable,opus-judgment-20260721,True
/the-presidency/presidential-speeches/june-1-1965-press-conference-east-room,20,Mora,person,favorable,judgment-full-20260720,mora,Mora,person,favorable,opus-judgment-20260721,True
/the-presidency/presidential-speeches/june-1-1965-press-conference-east-room,23,Viet Cong,group,adversarial,judgment-full-20260720,viet cong,Viet Cong,group,adversarial,opus-judgment-20260721,True
/the-presidency/presidential-speeches/june-1-1965-press-conference-east-room,24,General Taylor,person,neutral,judgment-full-20260720,general taylor,General Taylor,person,favorable,opus-judgment-20260721,False
/the-presidency/presidential-speeches/june-1-1965-press-conference-east-room,25,Communists,group,adversarial,judgment-full-20260720,communists,Communists,group,adversarial,opus-judgment-20260721,True
/the-presidency/presidential-speeches/june-1-1965-press-conference-east-room,26,Communist elements,group,adversarial,judgment-full-20260720,communist elements,Communist elements,group,adversarial,opus-judgment-20260721,True
/the-presidency/presidential-speeches/june-1-1965-press-conference-east-room,28,Supreme Court,institution,neutral,judgment-full-20260720,supreme court,Supreme Court,institution,neutral,opus-judgment-20260721,True
/the-presidency/presidential-speeches/june-1-1965-press-conference-east-room,29,Supreme Court,institution,neutral,judgment-full-20260720,supreme court,Supreme Court,institution,favorable,opus-judgment-20260721,False
/the-presidency/presidential-speeches/june-1-1965-press-conference-east-room,30,Congress,institution,neutral,judgment-full-20260720,congress,Congress,institution,neutral,opus-judgment-20260721,True
/the-presidency/presidential-speeches/june-1-1965-press-conference-east-room,33,communism,other,adversarial,judgment-full-20260720,communism,communism,group,adversarial,opus-judgment-20260721,True
/the-presidency/presidential-speeches/june-1-1965-press-conference-east-room,34,OAS,institution,favorable,judgment-full-20260720,oas,OAS,institution,favorable,opus-judgment-20260721,True
/the-presidency/presidential-speeches/june-1-1965-press-conference-east-room,34,communism,other,adversarial,judgment-full-20260720,communism,communism,group,adversarial,opus-judgment-20260721,True
/the-presidency/presidential-speeches/june-1-1965-press-conference-east-room,35,Juan Bosch,person,neutral,judgment-full-20260720,juan bosch,Juan Bosch,person,neutral,opus-judgment-20260721,True
/the-presidency/presidential-speeches/june-1-1965-press-conference-east-room,42,Communists,group,adversarial,judgment-full-20260720,communists,Communists,group,adversarial,opus-judgment-20260721,True
/the-presidency/presidential-speeches/june-1-1965-press-conference-east-room,43,OAS,institution,favorable,judgment-full-20260720,oas,OAS,institution,favorable,opus-judgment-20260721,True
/the-presidency/presidential-speeches/june-1-1965-press-conference-east-room,44,Congress,institution,neutral,judgment-full-20260720,congress,Congress,institution,neutral,opus-judgment-20260721,True
/the-presidency/presidential-speeches/june-1-1965-press-conference-east-room,44,OAS,institution,favorable,judgment-full-20260720,oas,OAS,institution,favorable,opus-judgment-20260721,True
/the-presidency/presidential-speeches/june-1-1965-press-conference-east-room,45,Armed Forces,institution,favorable,judgment-full-20260720,armed forces,Armed Forces,group,favorable,opus-judgment-20260721,True
/the-presidency/presidential-speeches/june-1-1965-press-conference-east-room,46,Solomon,person,favorable,judgment-full-20260720,solomon,Solomon,person,favorable,opus-judgment-20260721,True
/the-presidency/presidential-speeches/june-1-1965-press-conference-east-room,47,Dominican Republic,nation,neutral,judgment-full-20260720,dominican republic,Dominican Republic,nation,neutral,opus-judgment-20260721,True
/the-presidency/presidential-speeches/june-1-1965-press-conference-east-room,47,OAS,institution,favorable,judgment-full-20260720,oas,OAS,institution,favorable,opus-judgment-20260721,True
/the-presidency/presidential-speeches/june-1-2002-graduation-speech-west-point,0,Governor Pataki,person,neutral,judgment-full-20260720,governor pataki,Governor Pataki,person,neutral,opus-judgment-20260721,True
/the-presidency/presidential-speeches/june-1-2002-graduation-speech-west-point,1,Robert E. Lee,person,neutral,judgment-full-20260720,robert e. lee,Robert E. Lee,person,favorable,opus-judgment-20260721,False
/the-presidency/presidential-speeches/june-1-2002-graduation-speech-west-point,1,Ulysses S. Grant,person,neutral,judgment-full-20260720,ulysses s. grant,Ulysses S. Grant,person,favorable,opus-judgment-20260721,False
/the-presidency/presidential-speeches/june-1-2002-graduation-speech-west-point,2,Bradley,person,favorable,judgment-full-20260720,bradley,Bradley,person,favorable,opus-judgment-20260721,True
/the-presidency/presidential-speeches/june-1-2002-graduation-speech-west-point,2,Eisenhower,person,favorable,judgment-full-20260720,eisenhower,Eisenhower,person,favorable,opus-judgment-20260721,True
/the-presidency/presidential-speeches/june-1-2002-graduation-speech-west-point,2,MacArthur,person,favorable,judgment-full-20260720,macarthur,MacArthur,person,favorable,opus-judgment-20260721,True
/the-presidency/presidential-speeches/june-1-2002-graduation-speech-west-point,2,Patton,person,favorable,judgment-full-20260720,patton,Patton,person,favorable,opus-judgment-20260721,True
/the-presidency/presidential-speeches/june-1-2002-graduation-speech-west-point,3,George C. Marshall,person,favorable,judgment-full-20260720,george c. marshall,George C. Marshall,person,favorable,opus-judgment-20260721,True
/the-presidency/presidential-speeches/june-1-2002-graduation-speech-west-point,4,General Lennox,person,neutral,judgment-full-20260720,general lennox,General Lennox,person,neutral,opus-judgment-20260721,True
/the-presidency/presidential-speeches/june-1-2002-graduation-speech-west-point,6,Germany,nation,adversarial,judgment-full-20260720,germany,Germany,nation,adversarial,opus-judgment-20260721,True
/the-presidency/presidential-speeches/june-1-2002-graduation-speech-west-point,6,Japan,nation,adversarial,judgment-full-20260720,japan,Japan,nation,adversarial,opus-judgment-20260721,True
/the-presidency/presidential-speeches/june-1-2002-graduation-speech-west-point,6,imperial communism,group,adversarial,judgment-full-20260720,imperial communism,imperial communism,group,adversarial,opus-judgment-20260721,True
/the-presidency/presidential-speeches/june-1-2002-graduation-speech-west-point,7,Afghanistan,nation,neutral,judgment-full-20260720,afghanistan,Afghanistan,nation,neutral,opus-judgment-20260721,True
/the-presidency/presidential-speeches/june-1-2002-graduation-speech-west-point,8,terrorists and tyrants,group,adversarial,judgment-full-20260720,terrorists and tyrants,terrorists and tyrants,group,adversarial,opus-judgment-20260721,True
/the-presidency/presidential-speeches/june-1-2002-graduation-speech-west-point,10,terrorists,group,adversarial,judgment-full-20260720,terrorists,terrorists,group,adversarial,opus-judgment-20260721,True
/the-presidency/presidential-speeches/june-1-2002-graduation-speech-west-point,11,Our enemies,group,adversarial,judgment-full-20260720,our enemies,our enemies,group,adversarial,opus-judgment-20260721,True
/the-presidency/presidential-speeches/june-1-2002-graduation-speech-west-point,12,terrorist networks,group,adversarial,judgment-full-20260720,terrorist networks,terrorist networks,group,adversarial,opus-judgment-20260721,True
/the-presidency/presidential-speeches/june-1-2002-graduation-speech-west-point,12,unbalanced dictators,group,adversarial,judgment-full-20260720,unbalanced dictators,unbalanced dictators,group,adversarial,opus-judgment-20260721,True
/the-presidency/presidential-speeches/june-1-2002-graduation-speech-west-point,13,tyrants,group,adversarial,judgment-full-20260720,tyrants,tyrants,group,adversarial,opus-judgment-20260721,True
/the-presidency/presidential-speeches/june-1-2002-graduation-speech-west-point,14,FBI,institution,neutral,judgment-full-20260720,fbi,FBI,institution,favorable,opus-judgment-20260721,False
/the-presidency/presidential-speeches/june-1-2002-graduation-speech-west-point,15,regimes that sponsor terror,group,adversarial,judgment-full-20260720,regimes that sponsor terror,regimes that sponsor terror,group,adversarial,opus-judgment-20260721,True
/the-presidency/presidential-speeches/june-1-2002-graduation-speech-west-point,16,terrorists and tyrants,group,adversarial,judgment-full-20260720,terrorists and tyrants,terrorists and tyrants,group,adversarial,opus-judgment-20260721,True
/the-presidency/presidential-speeches/june-1-2002-graduation-speech-west-point,17,John F. Kennedy,person,favorable,judgment-full-20260720,john f. kennedy,John F. Kennedy,person,favorable,opus-judgment-20260721,True
/the-presidency/presidential-speeches/june-1-2002-graduation-speech-west-point,17,Ronald Reagan,person,favorable,judgment-full-20260720,ronald reagan,Ronald Reagan,person,favorable,opus-judgment-20260721,True
/the-presidency/presidential-speeches/june-1-2002-graduation-speech-west-point,17,lawless regimes,group,adversarial,judgment-full-20260720,lawless regimes,lawless regimes,group,adversarial,opus-judgment-20260721,True
/the-presidency/presidential-speeches/june-1-2002-graduation-speech-west-point,20,China,nation,neutral,judgment-full-20260720,china,China,nation,neutral,opus-judgment-20260721,True
/the-presidency/presidential-speeches/june-1-2002-graduation-speech-west-point,20,Japan,nation,favorable,judgment-full-20260720,japan,Japan,nation,favorable,opus-judgment-20260721,True
/the-presidency/presidential-speeches/june-1-2002-graduation-speech-west-point,20,NATO,institution,favorable,judgment-full-20260720,nato,NATO,institution,favorable,opus-judgment-20260721,True
/the-presidency/presidential-speeches/june-1-2002-graduation-speech-west-point,20,Russia,nation,favorable,judgment-full-20260720,russia,Russia,nation,favorable,opus-judgment-20260721,True
/the-presidency/presidential-speeches/june-1-2002-graduation-speech-west-point,27,Dwight Eisenhower,person,favorable,judgment-full-20260720,dwight eisenhower,Dwight Eisenhower,person,favorable,opus-judgment-20260721,True
/the-presidency/presidential-speeches/june-1-2020-statement-protests-against-police-brutality,0,George Floyd,person,favorable,judgment-r2-20260720,george floyd,George Floyd,person,favorable,opus-judgment-20260721,True
/the-presidency/presidential-speeches/june-1-2020-statement-protests-against-police-brutality,0,angry mob,group,adversarial,judgment-r2-20260720,angry mob,angry mob,group,adversarial,opus-judgment-20260721,True
/the-presidency/presidential-speeches/june-1-2020-statement-protests-against-police-brutality,1,Antifa,group,adversarial,judgment-r2-20260720,antifa,Antifa,group,adversarial,opus-judgment-20260721,True
/the-presidency/presidential-speeches/june-1-2020-statement-protests-against-police-brutality,1,state and local governments,institution,adversarial,judgment-r2-20260720,state and local governments,state and local governments,institution,adversarial,opus-judgment-20260721,True
/the-presidency/presidential-speeches/june-1-2020-statement-protests-against-police-brutality,6,rioters,group,adversarial,judgment-r2-20260720,rioters,rioters,group,adversarial,opus-judgment-20260721,True
/the-presidency/presidential-speeches/june-1-2020-statement-protests-against-police-brutality,7,Antifa,group,adversarial,judgment-r2-20260720,antifa,Antifa,group,adversarial,opus-judgment-20260721,True
/the-presidency/presidential-speeches/june-12-1895-declaration-us-neutrality,0,Cuba,nation,neutral,judgment-full-20260720,cuba,Cuba,other,neutral,opus-judgment-20260721,True
/the-presidency/presidential-speeches/june-12-1895-declaration-us-neutrality,0,Spain,nation,neutral,judgment-full-20260720,spain,Spain,nation,favorable,opus-judgment-20260721,False
/the-presidency/presidential-speeches/june-12-1895-declaration-us-neutrality,1,Grover Cleveland,person,neutral,judgment-full-20260720,grover cleveland,Grover Cleveland,person,neutral,opus-judgment-20260721,True
/the-presidency/presidential-speeches/june-12-1895-declaration-us-neutrality,1,Richard Olney,person,neutral,judgment-full-20260720,richard olney,Richard Olney,person,neutral,opus-judgment-20260721,True
/the-presidency/presidential-speeches/june-12-1895-declaration-us-neutrality,1,Spain,nation,neutral,judgment-full-20260720,spain,Spain,nation,favorable,opus-judgment-20260721,False
/the-presidency/presidential-speeches/june-12-1987-address-brandenburg-gate-berlin-wall,0,Diepgen,person,neutral,judgment-full-20260720,diepgen,Diepgen,person,favorable,opus-judgment-r2-20260722,False
/the-presidency/presidential-speeches/june-12-1987-address-brandenburg-gate-berlin-wall,8,Moscow,nation,adversarial,judgment-full-20260720,moscow,Moscow,nation,adversarial,opus-judgment-20260721,True
/the-presidency/presidential-speeches/june-12-1987-address-brandenburg-gate-berlin-wall,9,Gorbachev,person,adversarial,judgment-full-20260720,gorbachev,Gorbachev,person,adversarial,opus-judgment-20260721,True
/the-presidency/presidential-speeches/june-12-1987-address-brandenburg-gate-berlin-wall,10,Soviets,nation,adversarial,judgment-full-20260720,soviets,Soviets,nation,adversarial,opus-judgment-20260721,True
/the-presidency/presidential-speeches/june-12-1987-address-brandenburg-gate-berlin-wall,11,NATO,institution,favorable,judgment-full-20260720,nato,NATO,institution,favorable,opus-judgment-20260721,True
/the-presidency/presidential-speeches/june-12-1987-address-brandenburg-gate-berlin-wall,13,Soviet Union,nation,adversarial,judgment-full-20260720,soviet union,Soviet Union,nation,adversarial,opus-judgment-20260721,True
/the-presidency/presidential-speeches/june-12-1987-address-brandenburg-gate-berlin-wall,14,Gorbachev,person,neutral,judgment-full-20260720,gorbachev,Gorbachev,person,neutral,opus-judgment-20260721,True
/the-presidency/presidential-speeches/june-12-1987-address-brandenburg-gate-berlin-wall,15,United Nations,institution,neutral,judgment-full-20260720,united nations,United Nations,institution,favorable,opus-judgment-20260721,False
/the-presidency/presidential-speeches/june-12-1987-address-brandenburg-gate-berlin-wall,18,East Germans,group,adversarial,judgment-full-20260720,east germans,East Germans,group,adversarial,opus-judgment-r2-20260722,True
/the-presidency/presidential-speeches/june-16-1858-house-divided-speech,7,friends of the measure,group,adversarial,judgment-full-20260720,friends of the measure,friends of the measure,group,adversarial,opus-judgment-r2-20260722,True
/the-presidency/presidential-speeches/june-16-1858-house-divided-speech,8,Dred Scott,person,neutral,judgment-full-20260720,dred scott,Dred Scott,person,neutral,opus-judgment-r2-20260722,True
/the-presidency/presidential-speeches/june-16-1858-house-divided-speech,9,Senator Trumbull,person,neutral,judgment-full-20260720,senator trumbull,Senator Trumbull,person,favorable,opus-judgment-r2-20260722,False
/the-presidency/presidential-speeches/june-16-1858-house-divided-speech,10,Mr. Buchanan,person,adversarial,judgment-full-20260720,mr. buchanan,Mr. Buchanan,person,adversarial,opus-judgment-r2-20260722,True
/the-presidency/presidential-speeches/june-16-1858-house-divided-speech,11,Supreme Court,institution,adversarial,judgment-full-20260720,supreme court,Supreme Court,institution,neutral,opus-judgment-r2-20260722,False
/the-presidency/presidential-speeches/june-16-1858-house-divided-speech,12,author of the Nebraska bill,person,adversarial,judgment-full-20260720,author of the nebraska bill,author of the Nebraska bill,person,adversarial,opus-judgment-r2-20260722,True
/the-presidency/presidential-speeches/june-16-1858-house-divided-speech,12,the President,person,adversarial,judgment-full-20260720,the president,the President,person,adversarial,opus-judgment-r2-20260722,True
/the-presidency/presidential-speeches/june-16-1858-house-divided-speech,13,Republicans,group,favorable,judgment-full-20260720,republicans,Republicans,group,favorable,opus-judgment-r2-20260722,True
/the-presidency/presidential-speeches/june-16-1858-house-divided-speech,14,Senator Douglas,person,adversarial,judgment-full-20260720,senator douglas,Senator Douglas,person,adversarial,opus-judgment-r2-20260722,True
/the-presidency/presidential-speeches/june-16-1858-house-divided-speech,17,Dred Scott,person,neutral,judgment-full-20260720,dred scott,Dred Scott,person,neutral,opus-judgment-r2-20260722,True
/the-presidency/presidential-speeches/june-16-1858-house-divided-speech,18,Dred Scott decision,institution,adversarial,judgment-full-20260720,dred scott decision,Dred Scott decision,other,adversarial,opus-judgment-r2-20260722,True
/the-presidency/presidential-speeches/june-16-1858-house-divided-speech,21,Franklin,person,adversarial,judgment-full-20260720,franklin,Franklin,person,adversarial,opus-judgment-r2-20260722,True
/the-presidency/presidential-speeches/june-16-1858-house-divided-speech,21,James,person,adversarial,judgment-full-20260720,james,James,person,adversarial,opus-judgment-r2-20260722,True
/the-presidency/presidential-speeches/june-16-1858-house-divided-speech,21,Roger,person,adversarial,judgment-full-20260720,roger,Roger,person,adversarial,opus-judgment-r2-20260722,True
/the-presidency/presidential-speeches/june-16-1858-house-divided-speech,21,Stephen,person,adversarial,judgment-full-20260720,stephen,Stephen,person,adversarial,opus-judgment-r2-20260722,True
/the-presidency/presidential-speeches/june-16-1858-house-divided-speech,23,Chief Justice Taney,person,adversarial,judgment-full-20260720,chief justice taney,Chief Justice Taney,person,adversarial,opus-judgment-r2-20260722,True
/the-presidency/presidential-speeches/june-16-1858-house-divided-speech,24,Chase,person,neutral,judgment-full-20260720,chase,Chase,person,favorable,opus-judgment-r2-20260722,False
/the-presidency/presidential-speeches/june-16-1858-house-divided-speech,24,Curtis,person,neutral,judgment-full-20260720,curtis,Curtis,person,favorable,opus-judgment-r2-20260722,False
/the-presidency/presidential-speeches/june-16-1858-house-divided-speech,24,McLean,person,neutral,judgment-full-20260720,mclean,McLean,person,favorable,opus-judgment-r2-20260722,False
/the-presidency/presidential-speeches/june-16-1858-house-divided-speech,25,Judge Nelson,person,neutral,judgment-full-20260720,judge nelson,Judge Nelson,person,neutral,opus-judgment-r2-20260722,True
/the-presidency/presidential-speeches/june-16-1858-house-divided-speech,26,Supreme Court,institution,adversarial,judgment-full-20260720,supreme court,Supreme Court,institution,adversarial,opus-judgment-r2-20260722,True
/the-presidency/presidential-speeches/june-16-1858-house-divided-speech,27,present political dynasty,group,adversarial,judgment-full-20260720,present political dynasty,present political dynasty,group,adversarial,opus-judgment-r2-20260722,True
/the-presidency/presidential-speeches/june-16-1858-house-divided-speech,28,Supreme Court,institution,adversarial,judgment-full-20260720,supreme court,Supreme Court,institution,adversarial,opus-judgment-r2-20260722,True
/the-presidency/presidential-speeches/june-16-1858-house-divided-speech,29,Senator Douglas,person,adversarial,judgment-full-20260720,senator douglas,Senator Douglas,person,adversarial,opus-judgment-r2-20260722,True
/the-presidency/presidential-speeches/june-16-1858-house-divided-speech,30,Judge Douglas,person,adversarial,judgment-full-20260720,judge douglas,Judge Douglas,person,adversarial,opus-judgment-r2-20260722,True
/the-presidency/presidential-speeches/june-16-1858-house-divided-speech,31,Douglas,person,adversarial,judgment-full-20260720,douglas,Douglas,person,adversarial,opus-judgment-r2-20260722,True
/the-presidency/presidential-speeches/june-16-1858-house-divided-speech,31,Douglas Democratic newspaper,institution,neutral,judgment-full-20260720,douglas democratic newspaper,Douglas Democratic newspaper,institution,adversarial,opus-judgment-r2-20260722,False
/the-presidency/presidential-speeches/june-16-1858-house-divided-speech,32,Douglas,person,adversarial,judgment-full-20260720,douglas,Douglas,person,adversarial,opus-judgment-r2-20260722,True
/the-presidency/presidential-speeches/june-16-1858-house-divided-speech,33,Senator Douglas,person,neutral,judgment-full-20260720,senator douglas,Senator Douglas,person,adversarial,opus-judgment-r2-20260722,False
/the-presidency/presidential-speeches/june-16-1858-house-divided-speech,34,Judge Douglas,person,neutral,judgment-full-20260720,judge douglas,Judge Douglas,person,adversarial,opus-judgment-r2-20260722,False
/the-presidency/presidential-speeches/june-16-1858-house-divided-speech,35,Republicans,group,favorable,judgment-full-20260720,republicans,Republicans,group,favorable,opus-judgment-r2-20260722,True
/the-presidency/presidential-speeches/june-16-1930-message-regarding-smoot-hawley-tariff-act,0,Republican Party,group,favorable,judgment-full-20260720,republican party,Republican Party,group,favorable,opus-judgment-r2-20260722,True
/the-presidency/presidential-speeches/june-16-1930-message-regarding-smoot-hawley-tariff-act,1,Tariff Commission,institution,neutral,judgment-full-20260720,tariff commission,Tariff Commission,institution,neutral,opus-judgment-r2-20260722,True
/the-presidency/presidential-speeches/june-16-1930-message-regarding-smoot-hawley-tariff-act,2,Tariff Commission,institution,neutral,judgment-full-20260720,tariff commission,Tariff Commission,institution,neutral,opus-judgment-r2-20260722,True
/the-presidency/presidential-speeches/june-16-1930-message-regarding-smoot-hawley-tariff-act,3,Tariff Commission,institution,neutral,judgment-full-20260720,tariff commission,Tariff Commission,institution,neutral,opus-judgment-r2-20260722,True
/the-presidency/presidential-speeches/june-16-1930-message-regarding-smoot-hawley-tariff-act,4,Congress,institution,neutral,judgment-full-20260720,congress,Congress,institution,neutral,opus-judgment-r2-20260722,True
/the-presidency/presidential-speeches/june-16-1930-message-regarding-smoot-hawley-tariff-act,6,Tariff Commission,institution,favorable,judgment-full-20260720,tariff commission,Tariff Commission,institution,favorable,opus-judgment-r2-20260722,True
/the-presidency/presidential-speeches/june-16-1930-message-regarding-smoot-hawley-tariff-act,7,Tariff Commission,institution,favorable,judgment-full-20260720,tariff commission,Tariff Commission,institution,favorable,opus-judgment-r2-20260722,True
/the-presidency/presidential-speeches/june-16-1930-message-regarding-smoot-hawley-tariff-act,9,President Roosevelt,person,neutral,judgment-full-20260720,president roosevelt,President Roosevelt,person,favorable,opus-judgment-r2-20260722,False
/the-presidency/presidential-speeches/june-16-1930-message-regarding-smoot-hawley-tariff-act,9,Tariff Commission,institution,favorable,judgment-full-20260720,tariff commission,Tariff Commission,institution,favorable,opus-judgment-r2-20260722,True
/the-presidency/presidential-speeches/june-17-1982-speech-united-nations-general-assembly,0,United Nations,institution,neutral,judgment-full-20260720,united nations,United Nations,institution,favorable,opus-judgment-20260721,False
/the-presidency/presidential-speeches/june-17-1982-speech-united-nations-general-assembly,1,United Nations,institution,neutral,judgment-full-20260720,united nations,United Nations,institution,favorable,opus-judgment-20260721,False
/the-presidency/presidential-speeches/june-17-1982-speech-united-nations-general-assembly,2,Eisenhower,person,favorable,judgment-full-20260720,eisenhower,Eisenhower,person,favorable,opus-judgment-20260721,True
/the-presidency/presidential-speeches/june-17-1982-speech-united-nations-general-assembly,4,United Nations,institution,favorable,judgment-full-20260720,united nations,United Nations,institution,favorable,opus-judgment-20260721,True
/the-presidency/presidential-speeches/june-17-1982-speech-united-nations-general-assembly,7,Pope Paul VI,person,favorable,judgment-full-20260720,pope paul vi,Pope Paul VI,person,favorable,opus-judgment-20260721,True
/the-presidency/presidential-speeches/june-17-1982-speech-united-nations-general-assembly,8,Soviet Union,nation,adversarial,judgment-full-20260720,soviet union,Soviet Union,nation,adversarial,opus-judgment-20260721,True
/the-presidency/presidential-speeches/june-17-1982-speech-united-nations-general-assembly,9,Soviet Union,nation,adversarial,judgment-full-20260720,soviet union,Soviet Union,nation,adversarial,opus-judgment-20260721,True
/the-presidency/presidential-speeches/june-17-1982-speech-united-nations-general-assembly,10,Eleanor Roosevelt,person,favorable,judgment-full-20260720,eleanor roosevelt,Eleanor Roosevelt,person,favorable,opus-judgment-20260721,True
/the-presidency/presidential-speeches/june-17-1982-speech-united-nations-general-assembly,10,Soviet Union,nation,adversarial,judgment-full-20260720,soviet union,Soviet Union,nation,adversarial,opus-judgment-20260721,True
/the-presidency/presidential-speeches/june-17-1982-speech-united-nations-general-assembly,11,Soviet Union,nation,adversarial,judgment-full-20260720,soviet union,Soviet Union,nation,adversarial,opus-judgment-20260721,True
/the-presidency/presidential-speeches/june-17-1982-speech-united-nations-general-assembly,13,Eisenhower,person,favorable,judgment-full-20260720,eisenhower,Eisenhower,person,favorable,opus-judgment-20260721,True
/the-presidency/presidential-speeches/june-17-1982-speech-united-nations-general-assembly,13,Soviet Union,nation,adversarial,judgment-full-20260720,soviet union,Soviet Union,nation,adversarial,opus-judgment-20260721,True
/the-presidency/presidential-speeches/june-17-1982-speech-united-nations-general-assembly,17,NATO,institution,favorable,judgment-full-20260720,nato,NATO,institution,favorable,opus-judgment-20260721,True
/the-presidency/presidential-speeches/june-17-1982-speech-united-nations-general-assembly,17,Soviet Union,nation,adversarial,judgment-full-20260720,soviet union,Soviet Union,nation,neutral,opus-judgment-20260721,False
/the-presidency/presidential-speeches/june-17-1982-speech-united-nations-general-assembly,17,Warsaw Pact,institution,adversarial,judgment-full-20260720,warsaw pact,Warsaw Pact,institution,neutral,opus-judgment-20260721,False
/the-presidency/presidential-speeches/june-17-1982-speech-united-nations-general-assembly,18,Soviet Union,nation,adversarial,judgment-full-20260720,soviet union,Soviet Union,nation,neutral,opus-judgment-20260721,False
/the-presidency/presidential-speeches/june-17-1982-speech-united-nations-general-assembly,19,Soviet Union,nation,adversarial,judgment-full-20260720,soviet union,Soviet Union,nation,neutral,opus-judgment-20260721,False
/the-presidency/presidential-speeches/june-17-1982-speech-united-nations-general-assembly,20,NATO,institution,favorable,judgment-full-20260720,nato,NATO,institution,favorable,opus-judgment-20260721,True
/the-presidency/presidential-speeches/june-17-1982-speech-united-nations-general-assembly,20,Warsaw Treaty Organization,institution,adversarial,judgment-full-20260720,warsaw treaty organization,Warsaw Treaty Organization,institution,neutral,opus-judgment-20260721,False
/the-presidency/presidential-speeches/june-17-1982-speech-united-nations-general-assembly,21,Soviet Union,nation,adversarial,judgment-full-20260720,soviet union,Soviet Union,nation,neutral,opus-judgment-20260721,False
/the-presidency/presidential-speeches/june-17-1982-speech-united-nations-general-assembly,21,Warsaw Pact,institution,adversarial,judgment-full-20260720,warsaw pact,Warsaw Pact,institution,neutral,opus-judgment-20260721,False
/the-presidency/presidential-speeches/june-17-1982-speech-united-nations-general-assembly,22,Soviet Union,nation,adversarial,judgment-full-20260720,soviet union,Soviet Union,nation,adversarial,opus-judgment-20260721,True
/the-presidency/presidential-speeches/june-17-1982-speech-united-nations-general-assembly,23,Laos,nation,adversarial,judgment-full-20260720,laos,Laos,nation,adversarial,opus-judgment-20260721,True
/the-presidency/presidential-speeches/june-17-1982-speech-united-nations-general-assembly,23,Soviet Union,nation,adversarial,judgment-full-20260720,soviet union,Soviet Union,nation,adversarial,opus-judgment-20260721,True
/the-presidency/presidential-speeches/june-17-1982-speech-united-nations-general-assembly,23,Vietnam,nation,adversarial,judgment-full-20260720,vietnam,Vietnam,nation,adversarial,opus-judgment-20260721,True
/the-presidency/presidential-speeches/june-17-1982-speech-united-nations-general-assembly,25,Soviet Union,nation,adversarial,judgment-full-20260720,soviet union,Soviet Union,nation,adversarial,opus-judgment-20260721,True
/the-presidency/presidential-speeches/june-17-1982-speech-united-nations-general-assembly,26,Soviet Union,nation,adversarial,judgment-full-20260720,soviet union,Soviet Union,nation,neutral,opus-judgment-20260721,False
/the-presidency/presidential-speeches/june-17-1982-speech-united-nations-general-assembly,28,Soviet Union,nation,adversarial,judgment-full-20260720,soviet union,Soviet Union,nation,neutral,opus-judgment-20260721,False
/the-presidency/presidential-speeches/june-17-1982-speech-united-nations-general-assembly,29,NATO,institution,favorable,judgment-full-20260720,nato,NATO,institution,favorable,opus-judgment-20260721,True
/the-presidency/presidential-speeches/june-17-1982-speech-united-nations-general-assembly,29,United Nations,institution,favorable,judgment-full-20260720,united nations,United Nations,institution,favorable,opus-judgment-20260721,True
/the-presidency/presidential-speeches/june-17-1982-speech-united-nations-general-assembly,29,Warsaw Pact,institution,adversarial,judgment-full-20260720,warsaw pact,Warsaw Pact,institution,neutral,opus-judgment-20260721,False
/the-presidency/presidential-speeches/june-17-1982-speech-united-nations-general-assembly,30,United Nations,institution,neutral,judgment-full-20260720,united nations,United Nations,institution,favorable,opus-judgment-20260721,False
/the-presidency/presidential-speeches/june-17-1982-speech-united-nations-general-assembly,31,United Nations,institution,favorable,judgment-full-20260720,united nations,United Nations,institution,favorable,opus-judgment-20260721,True
/the-presidency/presidential-speeches/june-17-1982-speech-united-nations-general-assembly,32,Harry Truman,person,favorable,judgment-full-20260720,harry truman,Harry Truman,person,favorable,opus-judgment-20260721,True
/the-presidency/presidential-speeches/june-17-1982-speech-united-nations-general-assembly,33,Harry Truman,person,favorable,judgment-full-20260720,harry truman,Harry Truman,person,favorable,opus-judgment-20260721,True
/the-presidency/presidential-speeches/june-17-1982-speech-united-nations-general-assembly,34,Pope John Paul II,person,favorable,judgment-full-20260720,pope john paul ii,Pope John Paul II,person,favorable,opus-judgment-20260721,True
/the-presidency/presidential-speeches/june-17-1982-speech-united-nations-general-assembly,35,Hammarskjold,person,favorable,judgment-full-20260720,hammarskjold,Hammarskjold,person,favorable,opus-judgment-20260721,True
/the-presidency/presidential-speeches/june-19-1812-proclamation-state-war-great-britain,0,Congress of the United States,institution,neutral,judgment-full-20260720,congress of the united states,Congress of the United States,institution,neutral,opus-judgment-20260721,True
/the-presidency/presidential-speeches/june-19-1812-proclamation-state-war-great-britain,0,James Madison,person,favorable,judgment-full-20260720,james madison,James Madison,person,neutral,opus-judgment-20260721,False
/the-presidency/presidential-speeches/june-19-1812-proclamation-state-war-great-britain,1,James Madison,person,neutral,judgment-full-20260720,james madison,James Madison,person,neutral,opus-judgment-20260721,True
/the-presidency/presidential-speeches/june-19-1812-proclamation-state-war-great-britain,1,James Monroe,person,neutral,judgment-full-20260720,james monroe,James Monroe,person,neutral,opus-judgment-20260721,True
/the-presidency/presidential-speeches/june-19-1890-message-regarding-international-american,0,International American Conference,institution,favorable,judgment-full-20260720,international american conference,International American Conference,institution,favorable,opus-judgment-20260721,True
/the-presidency/presidential-speeches/june-20-1803-instructions-captain-lewis,0,Meriwether Lewis,person,favorable,judgment-full-20260720,meriwether lewis,Meriwether Lewis,person,favorable,opus-judgment-20260721,True
/the-presidency/presidential-speeches/june-20-1803-instructions-captain-lewis,2,France,nation,neutral,judgment-full-20260720,france,France,nation,neutral,opus-judgment-20260721,True
/the-presidency/presidential-speeches/june-20-1803-instructions-captain-lewis,2,Great Britain,nation,neutral,judgment-full-20260720,great britain,Great Britain,nation,neutral,opus-judgment-20260721,True
/the-presidency/presidential-speeches/june-20-1803-instructions-captain-lewis,2,Spain,nation,neutral,judgment-full-20260720,spain,Spain,nation,neutral,opus-judgment-20260721,True
/the-presidency/presidential-speeches/june-20-1803-instructions-captain-lewis,18,Th. Jefferson,person,neutral,judgment-full-20260720,th. jefferson,Th. Jefferson,person,neutral,opus-judgment-20260721,True
/the-presidency/presidential-speeches/june-20-1867-message-clarifying-reconstruction-acts,0,Attorney-General,institution,neutral,judgment-full-20260720,attorney-general,Attorney-General,person,neutral,opus-judgment-r2-20260722,True
/the-presidency/presidential-speeches/june-20-1867-message-clarifying-reconstruction-acts,12,E.D. TOWNSEND,person,neutral,judgment-full-20260720,e.d. townsend,E.D. Townsend,person,neutral,opus-judgment-r2-20260722,True
/the-presidency/presidential-speeches/june-20-1868-veto-message-regarding-regulations-confederate,0,Arkansas,nation,neutral,judgment-full-20260720,arkansas,Arkansas,nation,neutral,opus-judgment-20260721,True
/the-presidency/presidential-speeches/june-20-1868-veto-message-regarding-regulations-confederate,0,Congress,institution,adversarial,judgment-full-20260720,congress,Congress,institution,adversarial,opus-judgment-20260721,True
/the-presidency/presidential-speeches/june-20-1868-veto-message-regarding-regulations-confederate,1,Arkansas,nation,neutral,judgment-full-20260720,arkansas,Arkansas,nation,neutral,opus-judgment-20260721,True
/the-presidency/presidential-speeches/june-20-1868-veto-message-regarding-regulations-confederate,2,Congress,institution,adversarial,judgment-full-20260720,congress,Congress,institution,neutral,opus-judgment-20260721,False
/the-presidency/presidential-speeches/june-20-1868-veto-message-regarding-regulations-confederate,3,Arkansas,nation,neutral,judgment-full-20260720,arkansas,Arkansas,nation,neutral,opus-judgment-20260721,True
/the-presidency/presidential-speeches/june-20-1868-veto-message-regarding-regulations-confederate,4,Congress,institution,adversarial,judgment-full-20260720,congress,Congress,institution,adversarial,opus-judgment-20260721,True
/the-presidency/presidential-speeches/june-20-1868-veto-message-regarding-regulations-confederate,5,Congress,institution,adversarial,judgment-full-20260720,congress,Congress,institution,adversarial,opus-judgment-20260721,True
/the-presidency/presidential-speeches/june-20-1868-veto-message-regarding-regulations-confederate,8,Arkansas,nation,neutral,judgment-full-20260720,arkansas,Arkansas,nation,neutral,opus-judgment-20260721,True
/the-presidency/presidential-speeches/june-20-1947-veto-taft-hartley-bill,0,Congress,institution,neutral,judgment-full-20260720,congress,Congress,institution,neutral,opus-judgment-20260721,True
/the-presidency/presidential-speeches/june-20-1947-veto-taft-hartley-bill,0,Taft-Hartley bill,other,adversarial,judgment-full-20260720,taft-hartley bill,Taft-Hartley bill,other,adversarial,opus-judgment-20260721,True
/the-presidency/presidential-speeches/june-20-1947-veto-taft-hartley-bill,1,Taft-Hartley bill,other,adversarial,judgment-full-20260720,taft-hartley bill,Taft-Hartley bill,other,adversarial,opus-judgment-20260721,True
/the-presidency/presidential-speeches/june-20-1947-veto-taft-hartley-bill,2,Congressman Hartley,person,adversarial,judgment-full-20260720,congressman hartley,Congressman Hartley,person,adversarial,opus-judgment-20260721,True
/the-presidency/presidential-speeches/june-20-1947-veto-taft-hartley-bill,2,Taft-Hartley bill,other,adversarial,judgment-full-20260720,taft-hartley bill,Taft-Hartley bill,other,adversarial,opus-judgment-20260721,True
/the-presidency/presidential-speeches/june-20-1947-veto-taft-hartley-bill,3,House of Representatives,institution,neutral,judgment-full-20260720,house of representatives,House of Representatives,institution,neutral,opus-judgment-20260721,True
/the-presidency/presidential-speeches/june-20-1947-veto-taft-hartley-bill,3,Senate,institution,neutral,judgment-full-20260720,senate,Senate,institution,neutral,opus-judgment-20260721,True
/the-presidency/presidential-speeches/june-20-1947-veto-taft-hartley-bill,3,Taft-Hartley bill,other,adversarial,judgment-full-20260720,taft-hartley bill,Taft-Hartley bill,other,adversarial,opus-judgment-20260721,True
/the-presidency/presidential-speeches/june-20-1947-veto-taft-hartley-bill,4,Taft-Hartley bill,other,adversarial,judgment-full-20260720,taft-hartley bill,Taft-Hartley bill,other,adversarial,opus-judgment-20260721,True
/the-presidency/presidential-speeches/june-20-1947-veto-taft-hartley-bill,5,Taft-Hartley bill,other,adversarial,judgment-full-20260720,taft-hartley bill,Taft-Hartley bill,other,adversarial,opus-judgment-20260721,True
/the-presidency/presidential-speeches/june-20-1947-veto-taft-hartley-bill,5,Wagner Act,other,favorable,judgment-full-20260720,wagner act,Wagner Act,other,favorable,opus-judgment-20260721,True
/the-presidency/presidential-speeches/june-20-1947-veto-taft-hartley-bill,6,Taft-Hartley bill,other,adversarial,judgment-full-20260720,taft-hartley bill,Taft-Hartley bill,other,adversarial,opus-judgment-20260721,True
/the-presidency/presidential-speeches/june-20-1947-veto-taft-hartley-bill,7,Taft-Hartley bill,other,adversarial,judgment-full-20260720,taft-hartley bill,Taft-Hartley bill,other,adversarial,opus-judgment-20260721,True
/the-presidency/presidential-speeches/june-20-1947-veto-taft-hartley-bill,8,Taft-Hartley bill,other,adversarial,judgment-full-20260720,taft-hartley bill,Taft-Hartley bill,other,adversarial,opus-judgment-20260721,True
/the-presidency/presidential-speeches/june-20-1947-veto-taft-hartley-bill,9,Taft-Hartley bill,other,adversarial,judgment-full-20260720,taft-hartley bill,Taft-Hartley bill,other,adversarial,opus-judgment-20260721,True
/the-presidency/presidential-speeches/june-20-1947-veto-taft-hartley-bill,10,League of Women Voters,group,neutral,judgment-full-20260720,league of women voters,League of Women Voters,group,favorable,opus-judgment-20260721,False
/the-presidency/presidential-speeches/june-20-1947-veto-taft-hartley-bill,10,Taft-Hartley bill,other,adversarial,judgment-full-20260720,taft-hartley bill,Taft-Hartley bill,other,adversarial,opus-judgment-20260721,True
/the-presidency/presidential-speeches/june-20-1947-veto-taft-hartley-bill,11,Taft-Hartley bill,other,adversarial,judgment-full-20260720,taft-hartley bill,Taft-Hartley bill,other,adversarial,opus-judgment-20260721,True
/the-presidency/presidential-speeches/june-20-1947-veto-taft-hartley-bill,12,Congress,institution,neutral,judgment-full-20260720,congress,Congress,institution,neutral,opus-judgment-20260721,True
/the-presidency/presidential-speeches/june-20-1947-veto-taft-hartley-bill,12,Taft-Hartley bill,other,adversarial,judgment-full-20260720,taft-hartley bill,Taft-Hartley bill,other,adversarial,opus-judgment-20260721,True
/the-presidency/presidential-speeches/june-20-1947-veto-taft-hartley-bill,13,Taft-Hartley bill,other,adversarial,judgment-full-20260720,taft-hartley bill,Taft-Hartley bill,other,adversarial,opus-judgment-20260721,True
/the-presidency/presidential-speeches/june-22-1877-prohibition-federal-employees-political,0,R.B. HAYES,person,neutral,judgment-full-20260720,r.b. hayes,R.B. Hayes,person,neutral,opus-judgment-20260721,True
/the-presidency/presidential-speeches/june-22-1877-prohibition-federal-employees-political,0,Secretary of the Treasury,institution,neutral,judgment-full-20260720,secretary of the treasury,Secretary of the Treasury,person,neutral,opus-judgment-20260721,True
/the-presidency/presidential-speeches/june-26-1876-proclamation-celebrating-hundredth-anniversary,2,Hamilton Fish,person,neutral,judgment-full-20260720,hamilton fish,Hamilton Fish,person,neutral,opus-judgment-r2-20260722,True
/the-presidency/presidential-speeches/june-26-1876-proclamation-celebrating-hundredth-anniversary,2,U. S. Grant,person,neutral,judgment-full-20260720,u. s. grant,U. S. Grant,person,neutral,opus-judgment-r2-20260722,True
/the-presidency/presidential-speeches/june-29-1981-speech-naacp-annual-convention,0,Margaret Bush Wilson,person,favorable,judgment-full-20260720,margaret bush wilson,Margaret Bush Wilson,person,favorable,opus-judgment-20260721,True
/the-presidency/presidential-speeches/june-29-1981-speech-naacp-annual-convention,1,NAACP,institution,favorable,judgment-full-20260720,naacp,NAACP,institution,favorable,opus-judgment-20260721,True
/the-presidency/presidential-speeches/june-29-1981-speech-naacp-annual-convention,2,Ben Hooks,person,favorable,judgment-full-20260720,ben hooks,Ben Hooks,person,favorable,opus-judgment-20260721,True
/the-presidency/presidential-speeches/june-29-1981-speech-naacp-annual-convention,2,Margaret Bush Wilson,person,favorable,judgment-full-20260720,margaret bush wilson,Margaret Bush Wilson,person,favorable,opus-judgment-20260721,True
/the-presidency/presidential-speeches/june-29-1981-speech-naacp-annual-convention,4,racist groups,group,adversarial,judgment-full-20260720,racist groups,racist groups,group,adversarial,opus-judgment-20260721,True
/the-presidency/presidential-speeches/june-29-1981-speech-naacp-annual-convention,5,Peter Sweeney,person,neutral,judgment-full-20260720,peter sweeney,Peter Sweeney,person,neutral,opus-judgment-20260721,True
/the-presidency/presidential-speeches/june-29-1981-speech-naacp-annual-convention,6,FBI,institution,favorable,judgment-full-20260720,fbi,FBI,institution,favorable,opus-judgment-20260721,True
/the-presidency/presidential-speeches/june-29-1981-speech-naacp-annual-convention,6,Mayor Jackson,person,favorable,judgment-full-20260720,mayor jackson,Mayor Jackson,person,favorable,opus-judgment-20260721,True
/the-presidency/presidential-speeches/june-29-1981-speech-naacp-annual-convention,6,Vice President Bush,person,favorable,judgment-full-20260720,vice president bush,Vice President Bush,person,favorable,opus-judgment-20260721,True
/the-presidency/presidential-speeches/june-29-1981-speech-naacp-annual-convention,7,Attorney General,institution,neutral,judgment-full-20260720,attorney general,Attorney General,person,neutral,opus-judgment-20260721,True
/the-presidency/presidential-speeches/june-29-1981-speech-naacp-annual-convention,18,Langston Hughes,person,favorable,judgment-full-20260720,langston hughes,Langston Hughes,person,favorable,opus-judgment-20260721,True
/the-presidency/presidential-speeches/june-29-1981-speech-naacp-annual-convention,20,Harriet Tubman,person,favorable,judgment-full-20260720,harriet tubman,Harriet Tubman,person,favorable,opus-judgment-20260721,True
/the-presidency/presidential-speeches/june-29-1981-speech-naacp-annual-convention,21,Harriet Tubman,person,favorable,judgment-full-20260720,harriet tubman,Harriet Tubman,person,favorable,opus-judgment-20260721,True
/the-presidency/presidential-speeches/june-29-1981-speech-naacp-annual-convention,24,John F. Kennedy,person,favorable,judgment-full-20260720,john f. kennedy,John F. Kennedy,person,favorable,opus-judgment-20260721,True
/the-presidency/presidential-speeches/june-29-1981-speech-naacp-annual-convention,30,Benjamin Hooks,person,favorable,judgment-full-20260720,benjamin hooks,Benjamin Hooks,person,favorable,opus-judgment-20260721,True
/the-presidency/presidential-speeches/june-29-1981-speech-naacp-annual-convention,36,Margaret Bush Wilson,person,favorable,judgment-full-20260720,margaret bush wilson,Margaret Bush Wilson,person,favorable,opus-judgment-20260721,True
/the-presidency/presidential-speeches/june-29-1981-speech-naacp-annual-convention,38,Marva Collins,person,favorable,judgment-full-20260720,marva collins,Marva Collins,person,favorable,opus-judgment-20260721,True
/the-presidency/presidential-speeches/june-29-1981-speech-naacp-annual-convention,38,Wilson Riles,person,favorable,judgment-full-20260720,wilson riles,Wilson Riles,person,favorable,opus-judgment-20260721,True
/the-presidency/presidential-speeches/june-29-1981-speech-naacp-annual-convention,41,NAACP,institution,favorable,judgment-full-20260720,naacp,NAACP,institution,favorable,opus-judgment-20260721,True
/the-presidency/presidential-speeches/june-29-1981-speech-naacp-annual-convention,42,Garfield Langhorn,person,favorable,judgment-full-20260720,garfield langhorn,Garfield Langhorn,person,favorable,opus-judgment-20260721,True
/the-presidency/presidential-speeches/june-30-1966-remarks-omaha-nebraska,0,Governor Morrison,person,favorable,judgment-full-20260720,governor morrison,Governor Morrison,person,favorable,opus-judgment-20260721,True
/the-presidency/presidential-speeches/june-30-1966-remarks-omaha-nebraska,0,Lady Bird,person,favorable,judgment-full-20260720,lady bird,Lady Bird,person,favorable,opus-judgment-20260721,True
/the-presidency/presidential-speeches/june-30-1966-remarks-omaha-nebraska,0,Mayor Al Sorensen,person,favorable,judgment-full-20260720,mayor al sorensen,Mayor Al Sorensen,person,favorable,opus-judgment-20260721,True
/the-presidency/presidential-speeches/june-5-1944-fireside-chat-29-fall-rome,0,Axis,group,adversarial,judgment-full-20260720,axis,Axis,group,adversarial,opus-judgment-20260721,True
/the-presidency/presidential-speeches/june-5-1944-fireside-chat-29-fall-rome,0,United Nations,group,favorable,judgment-full-20260720,united nations,United Nations,institution,favorable,opus-judgment-20260721,True
/the-presidency/presidential-speeches/june-5-1944-fireside-chat-29-fall-rome,1,Vatican City,institution,favorable,judgment-full-20260720,vatican city,Vatican City,other,favorable,opus-judgment-20260721,True
/the-presidency/presidential-speeches/june-5-1944-fireside-chat-29-fall-rome,3,Germans,nation,adversarial,judgment-full-20260720,germans,Germans,nation,adversarial,opus-judgment-20260721,True
/the-presidency/presidential-speeches/june-5-1944-fireside-chat-29-fall-rome,3,Hitler,person,adversarial,judgment-full-20260720,hitler,Hitler,person,adversarial,opus-judgment-20260721,True
/the-presidency/presidential-speeches/june-5-1944-fireside-chat-29-fall-rome,3,Nazis,group,adversarial,judgment-full-20260720,nazis,Nazis,group,adversarial,opus-judgment-20260721,True
/the-presidency/presidential-speeches/june-5-1944-fireside-chat-29-fall-rome,5,Mussolini,person,adversarial,judgment-full-20260720,mussolini,Mussolini,person,adversarial,opus-judgment-20260721,True
/the-presidency/presidential-speeches/june-5-1944-fireside-chat-29-fall-rome,5,Nazi overlords,group,adversarial,judgment-full-20260720,nazi overlords,Nazi overlords,group,adversarial,opus-judgment-20260721,True
/the-presidency/presidential-speeches/june-5-1944-fireside-chat-29-fall-rome,6,Nazi soldiers,group,adversarial,judgment-full-20260720,nazi soldiers,Nazi soldiers,group,adversarial,opus-judgment-20260721,True
/the-presidency/presidential-speeches/june-5-1944-fireside-chat-29-fall-rome,6,Russian Allies,nation,favorable,judgment-full-20260720,russian allies,Russian Allies,nation,favorable,opus-judgment-20260721,True
/the-presidency/presidential-speeches/june-5-1944-fireside-chat-29-fall-rome,7,Germans,nation,adversarial,judgment-full-20260720,germans,Germans,nation,adversarial,opus-judgment-20260721,True
/the-presidency/presidential-speeches/june-5-1944-fireside-chat-29-fall-rome,8,Germany,nation,adversarial,judgment-full-20260720,germany,Germany,nation,adversarial,opus-judgment-20260721,True
/the-presidency/presidential-speeches/june-5-1944-fireside-chat-29-fall-rome,9,Mussolini,person,adversarial,judgment-full-20260720,mussolini,Mussolini,person,adversarial,opus-judgment-20260721,True
/the-presidency/presidential-speeches/june-5-1944-fireside-chat-29-fall-rome,10,Germans,nation,adversarial,judgment-full-20260720,germans,Germans,nation,adversarial,opus-judgment-20260721,True
/the-presidency/presidential-speeches/june-5-1944-fireside-chat-29-fall-rome,15,British,nation,favorable,judgment-full-20260720,british,British,nation,favorable,opus-judgment-20260721,True
/the-presidency/presidential-speeches/june-5-1944-fireside-chat-29-fall-rome,15,Germans,nation,adversarial,judgment-full-20260720,germans,Germans,nation,adversarial,opus-judgment-20260721,True
/the-presidency/presidential-speeches/june-5-1944-fireside-chat-29-fall-rome,17,General Alexander,person,favorable,judgment-full-20260720,general alexander,General Alexander,person,favorable,opus-judgment-20260721,True
/the-presidency/presidential-speeches/june-5-1944-fireside-chat-29-fall-rome,17,General Clark,person,favorable,judgment-full-20260720,general clark,General Clark,person,favorable,opus-judgment-20260721,True
/the-presidency/presidential-speeches/june-5-1944-fireside-chat-29-fall-rome,17,General Wilson,person,favorable,judgment-full-20260720,general wilson,General Wilson,person,favorable,opus-judgment-20260721,True
/the-presidency/presidential-speeches/june-5-1963-remarks-us-air-force-academy,12,NATO,institution,favorable,judgment-full-20260720,nato,NATO,institution,favorable,opus-judgment-20260721,True
/the-presidency/presidential-speeches/june-5-1963-remarks-us-air-force-academy,13,Cuba,nation,adversarial,judgment-full-20260720,cuba,Cuba,nation,adversarial,opus-judgment-20260721,True
/the-presidency/presidential-speeches/june-5-1963-remarks-us-air-force-academy,16,Communist power,group,adversarial,judgment-full-20260720,communist power,Communist power,group,adversarial,opus-judgment-20260721,True
/the-presidency/presidential-speeches/june-6-1984-40th-anniversary-d-day,9,Atlantic alliance,institution,favorable,judgment-full-20260720,atlantic alliance,Atlantic alliance,institution,favorable,opus-judgment-r2-20260722,True
/the-presidency/presidential-speeches/june-6-1984-40th-anniversary-d-day,9,Marshall plan,other,favorable,judgment-full-20260720,marshall plan,Marshall plan,other,favorable,opus-judgment-r2-20260722,True
/the-presidency/presidential-speeches/june-6-1984-40th-anniversary-d-day,10,Soviet troops,nation,adversarial,judgment-full-20260720,soviet troops,Soviet troops,group,adversarial,opus-judgment-r2-20260722,True
/the-presidency/presidential-speeches/june-6-1984-40th-anniversary-d-day,11,Soviet Union,nation,adversarial,judgment-full-20260720,soviet union,Soviet Union,nation,neutral,opus-judgment-r2-20260722,False
/the-presidency/presidential-speeches/june-6-1984-40th-anniversary-d-day,12,Soviet Union,nation,adversarial,judgment-full-20260720,soviet union,Soviet Union,nation,neutral,opus-judgment-r2-20260722,False
/the-presidency/presidential-speeches/june-6-2002-address-nation-department-homeland-security,2,Afghanistan,nation,neutral,judgment-full-20260720,afghanistan,Afghanistan,nation,neutral,opus-judgment-r2-20260722,True
/the-presidency/presidential-speeches/june-6-2002-address-nation-department-homeland-security,2,al Qaeda,group,adversarial,judgment-full-20260720,al qaeda,al Qaeda,group,adversarial,opus-judgment-r2-20260722,True
/the-presidency/presidential-speeches/june-6-2002-address-nation-department-homeland-security,3,Abu Zabedah,person,adversarial,judgment-full-20260720,abu zabedah,Abu Zabedah,person,adversarial,opus-judgment-r2-20260722,True
/the-presidency/presidential-speeches/june-6-2002-address-nation-department-homeland-security,3,al Qaeda,group,adversarial,judgment-full-20260720,al qaeda,al Qaeda,group,adversarial,opus-judgment-r2-20260722,True
/the-presidency/presidential-speeches/june-6-2002-address-nation-department-homeland-security,4,al Qaeda,group,adversarial,judgment-full-20260720,al qaeda,al Qaeda,group,adversarial,opus-judgment-r2-20260722,True
/the-presidency/presidential-speeches/june-6-2002-address-nation-department-homeland-security,7,Congress,institution,neutral,judgment-full-20260720,congress,Congress,institution,favorable,opus-judgment-r2-20260722,False
/the-presidency/presidential-speeches/june-6-2002-address-nation-department-homeland-security,8,CIA,institution,neutral,judgment-full-20260720,cia,CIA,institution,favorable,opus-judgment-r2-20260722,False
/the-presidency/presidential-speeches/june-6-2002-address-nation-department-homeland-security,8,FBI,institution,neutral,judgment-full-20260720,fbi,FBI,institution,favorable,opus-judgment-r2-20260722,False
/the-presidency/presidential-speeches/june-6-2002-address-nation-department-homeland-security,9,CIA,institution,favorable,judgment-full-20260720,cia,CIA,institution,favorable,opus-judgment-r2-20260722,True
/the-presidency/presidential-speeches/june-6-2002-address-nation-department-homeland-security,9,FBI,institution,favorable,judgment-full-20260720,fbi,FBI,institution,favorable,opus-judgment-r2-20260722,True
/the-presidency/presidential-speeches/june-6-2002-address-nation-department-homeland-security,10,Congress,institution,neutral,judgment-full-20260720,congress,Congress,institution,favorable,opus-judgment-r2-20260722,False
/the-presidency/presidential-speeches/june-6-2002-address-nation-department-homeland-security,10,Tom Ridge,person,favorable,judgment-full-20260720,tom ridge,Tom Ridge,person,favorable,opus-judgment-r2-20260722,True
/the-presidency/presidential-speeches/june-6-2002-address-nation-department-homeland-security,16,Congress,institution,neutral,judgment-full-20260720,congress,Congress,institution,favorable,opus-judgment-20260721,False
/the-presidency/presidential-speeches/june-7-1961-remarks-graduating-class-us-naval-academy,2,Woodrow Wilson,person,favorable,judgment-chunk10-20260720,woodrow wilson,Woodrow Wilson,person,favorable,opus-judgment-20260721,True
/the-presidency/presidential-speeches/june-7-1961-remarks-graduating-class-us-naval-academy,3,Woodrow Wilson,person,neutral,judgment-chunk10-20260720,woodrow wilson,Woodrow Wilson,person,favorable,opus-judgment-20260721,False
/the-presidency/presidential-speeches/june-7-1961-remarks-graduating-class-us-naval-academy,4,a faith committed to the destruction of liberal civilization,group,adversarial,judgment-chunk10-20260720,a faith committed to the destruction of liberal civilization,a faith committed to the destruction of liberal civilization,group,adversarial,opus-judgment-20260721,True
/the-presidency/presidential-speeches/june-7-1961-remarks-graduating-class-us-naval-academy,5,John Paul Jones,person,favorable,judgment-chunk10-20260720,john paul jones,John Paul Jones,person,favorable,opus-judgment-20260721,True
/the-presidency/presidential-speeches/june-7-1961-remarks-graduating-class-us-naval-academy,6,Admiral Burke,person,favorable,judgment-chunk10-20260720,admiral burke,Admiral Burke,person,favorable,opus-judgment-20260721,True
/the-presidency/presidential-speeches/june-7-1961-remarks-graduating-class-us-naval-academy,8,Woodrow Wilson,person,favorable,judgment-chunk10-20260720,woodrow wilson,Woodrow Wilson,person,favorable,opus-judgment-20260721,True
/the-presidency/presidential-speeches/june-8-1982-address-british-parliament,0,NATO,institution,favorable,judgment-full-20260720,nato,NATO,institution,favorable,opus-judgment-20260721,True
/the-presidency/presidential-speeches/june-8-1982-address-british-parliament,2,Berlin Wall regime,institution,adversarial,judgment-full-20260720,berlin wall regime,Berlin Wall regime,nation,adversarial,opus-judgment-20260721,True
/the-presidency/presidential-speeches/june-8-1982-address-british-parliament,3,Moscow,nation,adversarial,judgment-full-20260720,moscow,Moscow,nation,adversarial,opus-judgment-20260721,True
/the-presidency/presidential-speeches/june-8-1982-address-british-parliament,3,Poland,nation,favorable,judgment-full-20260720,poland,Poland,nation,favorable,opus-judgment-20260721,True
/the-presidency/presidential-speeches/june-8-1982-address-british-parliament,5,Soviet Union,nation,adversarial,judgment-full-20260720,soviet union,Soviet Union,nation,adversarial,opus-judgment-20260721,True
/the-presidency/presidential-speeches/june-8-1982-address-british-parliament,5,Winston Churchill,person,favorable,judgment-full-20260720,winston churchill,Winston Churchill,person,favorable,opus-judgment-20260721,True
/the-presidency/presidential-speeches/june-8-1982-address-british-parliament,10,Soviet Russia,nation,adversarial,judgment-full-20260720,soviet russia,Soviet Russia,nation,adversarial,opus-judgment-20260721,True
/the-presidency/presidential-speeches/june-8-1982-address-british-parliament,10,Winston Churchill,person,favorable,judgment-full-20260720,winston churchill,Winston Churchill,person,favorable,opus-judgment-20260721,True
/the-presidency/presidential-speeches/june-8-1982-address-british-parliament,11,Soviet Union,nation,adversarial,judgment-full-20260720,soviet union,Soviet Union,nation,adversarial,opus-judgment-20260721,True
/the-presidency/presidential-speeches/june-8-1982-address-british-parliament,12,Soviet Union,nation,adversarial,judgment-full-20260720,soviet union,Soviet Union,nation,adversarial,opus-judgment-20260721,True
/the-presidency/presidential-speeches/june-8-1982-address-british-parliament,13,Soviet Union,nation,adversarial,judgment-full-20260720,soviet union,Soviet Union,nation,adversarial,opus-judgment-20260721,True
/the-presidency/presidential-speeches/june-8-1982-address-british-parliament,14,Soviet forces,group,adversarial,judgment-full-20260720,soviet forces,Soviet forces,group,adversarial,opus-judgment-20260721,True
/the-presidency/presidential-speeches/june-8-1982-address-british-parliament,18,Israel,nation,adversarial,judgment-full-20260720,israel,Israel,nation,neutral,opus-judgment-20260721,False
/the-presidency/presidential-speeches/june-8-1982-address-british-parliament,18,Lebanon,nation,neutral,judgment-full-20260720,lebanon,Lebanon,nation,favorable,opus-judgment-20260721,False
/the-presidency/presidential-speeches/june-8-1982-address-british-parliament,19,Poland,nation,favorable,judgment-full-20260720,poland,Poland,nation,favorable,opus-judgment-20260721,True
/the-presidency/presidential-speeches/june-8-1982-address-british-parliament,20,Brezhnev,person,adversarial,judgment-full-20260720,brezhnev,Brezhnev,person,adversarial,opus-judgment-20260721,True
/the-presidency/presidential-speeches/june-8-1982-address-british-parliament,23,Soviet Union,nation,adversarial,judgment-full-20260720,soviet union,Soviet Union,nation,adversarial,opus-judgment-20260721,True
/the-presidency/presidential-speeches/june-8-1982-address-british-parliament,24,Democratic Party,group,neutral,judgment-full-20260720,democratic party,Democratic Party,institution,favorable,opus-judgment-20260721,False
/the-presidency/presidential-speeches/june-8-1982-address-british-parliament,24,Republican Party,group,neutral,judgment-full-20260720,republican party,Republican Party,institution,favorable,opus-judgment-20260721,False
/the-presidency/presidential-speeches/june-8-1982-address-british-parliament,25,Council of Europe,institution,neutral,judgment-full-20260720,council of europe,Council of Europe,institution,favorable,opus-judgment-20260721,False
/the-presidency/presidential-speeches/june-8-1982-address-british-parliament,26,Brezhnev,person,neutral,judgment-full-20260720,brezhnev,Brezhnev,person,neutral,opus-judgment-20260721,True
/the-presidency/presidential-speeches/june-8-1982-address-british-parliament,26,Soviet Union,nation,neutral,judgment-full-20260720,soviet union,Soviet Union,nation,adversarial,opus-judgment-20260721,False
/the-presidency/presidential-speeches/june-8-1982-address-british-parliament,27,Marxism-Leninism,other,adversarial,judgment-full-20260720,marxism-leninism,Marxism-Leninism,group,adversarial,opus-judgment-20260721,True
/the-presidency/presidential-speeches/june-8-1982-address-british-parliament,28,NATO,institution,favorable,judgment-full-20260720,nato,NATO,institution,favorable,opus-judgment-20260721,True
/the-presidency/presidential-speeches/june-8-1982-address-british-parliament,30,Winston Churchill,person,favorable,judgment-full-20260720,winston churchill,Winston Churchill,person,favorable,opus-judgment-20260721,True
/the-presidency/presidential-speeches/june-8-1982-address-british-parliament,31,Winston Churchill,person,favorable,judgment-full-20260720,winston churchill,Winston Churchill,person,favorable,opus-judgment-20260721,True
/the-presidency/presidential-speeches/june-9-1982-address-bundestag-west-germany,1,Germany,nation,favorable,judgment-full-20260720,germany,Germany,nation,favorable,opus-judgment-r2-20260722,True
/the-presidency/presidential-speeches/june-9-1982-address-bundestag-west-germany,3,Heinrich Heine,person,neutral,judgment-full-20260720,heinrich heine,Heinrich Heine,person,neutral,opus-judgment-r2-20260722,True
/the-presidency/presidential-speeches/june-9-1982-address-bundestag-west-germany,11,Germany,nation,favorable,judgment-full-20260720,germany,Germany,nation,favorable,opus-judgment-r2-20260722,True
/the-presidency/presidential-speeches/june-9-1982-address-bundestag-west-germany,17,Bundeswehr,institution,favorable,judgment-full-20260720,bundeswehr,Bundeswehr,institution,favorable,opus-judgment-r2-20260722,True
/the-presidency/presidential-speeches/june-9-1982-address-bundestag-west-germany,19,Heine,person,neutral,judgment-full-20260720,heine,Heine,person,neutral,opus-judgment-r2-20260722,True
/the-presidency/presidential-speeches/june-9-1982-address-bundestag-west-germany,20,Brezhnev,person,neutral,judgment-full-20260720,brezhnev,Brezhnev,person,neutral,opus-judgment-r2-20260722,True
/the-presidency/presidential-speeches/june-9-1982-address-bundestag-west-germany,22,United States,nation,favorable,judgment-full-20260720,united states,United States,nation,favorable,opus-judgment-r2-20260722,True
/the-presidency/presidential-speeches/june-9-1982-address-bundestag-west-germany,24,NATO,institution,favorable,judgment-full-20260720,nato,NATO,institution,favorable,opus-judgment-r2-20260722,True
/the-presidency/presidential-speeches/june-9-1982-address-bundestag-west-germany,24,U.S.S.R.,nation,adversarial,judgment-full-20260720,u.s.s.r.,U.S.S.R.,nation,adversarial,opus-judgment-r2-20260722,True
/the-presidency/presidential-speeches/june-9-1982-address-bundestag-west-germany,25,Soviets,nation,adversarial,judgment-full-20260720,soviets,Soviets,nation,neutral,opus-judgment-r2-20260722,False
/the-presidency/presidential-speeches/june-9-1982-address-bundestag-west-germany,27,NATO,institution,favorable,judgment-full-20260720,nato,NATO,institution,favorable,opus-judgment-r2-20260722,True
/the-presidency/presidential-speeches/june-9-1982-address-bundestag-west-germany,32,Soviet Union,nation,adversarial,judgment-full-20260720,soviet union,Soviet Union,nation,neutral,opus-judgment-r2-20260722,False
/the-presidency/presidential-speeches/march-1-1886-message-regarding-chinese-immigrant-workers,0,China,nation,neutral,judgment-full-20260720,china,China,nation,neutral,opus-judgment-20260721,True
/the-presidency/presidential-speeches/march-1-1886-message-regarding-chinese-immigrant-workers,1,China,nation,favorable,judgment-full-20260720,china,China,nation,neutral,opus-judgment-20260721,False
/the-presidency/presidential-speeches/march-1-1886-message-regarding-chinese-immigrant-workers,2,China,nation,favorable,judgment-full-20260720,china,China,nation,neutral,opus-judgment-20260721,False
/the-presidency/presidential-speeches/march-1-1886-message-regarding-chinese-immigrant-workers,2,wrongdoers,group,adversarial,judgment-full-20260720,wrongdoers,wrongdoers,group,adversarial,opus-judgment-20260721,True
/the-presidency/presidential-speeches/march-1-1886-message-regarding-chinese-immigrant-workers,3,China,nation,favorable,judgment-full-20260720,china,China,nation,neutral,opus-judgment-20260721,False
/the-presidency/presidential-speeches/march-1-1886-message-regarding-chinese-immigrant-workers,4,China,nation,favorable,judgment-full-20260720,china,China,nation,neutral,opus-judgment-20260721,False
/the-presidency/presidential-speeches/march-1-1886-message-regarding-chinese-immigrant-workers,7,China,nation,neutral,judgment-full-20260720,china,China,nation,neutral,opus-judgment-20260721,True
/the-presidency/presidential-speeches/march-1-1886-message-regarding-chinese-immigrant-workers,8,China,nation,neutral,judgment-full-20260720,china,China,nation,neutral,opus-judgment-20260721,True
/the-presidency/presidential-speeches/march-1-1886-message-regarding-chinese-immigrant-workers,9,China,nation,neutral,judgment-full-20260720,china,China,nation,neutral,opus-judgment-20260721,True
/the-presidency/presidential-speeches/march-1-1886-message-regarding-chinese-immigrant-workers,10,Secretary of State,person,favorable,judgment-full-20260720,secretary of state,Secretary of State,person,favorable,opus-judgment-20260721,True
/the-presidency/presidential-speeches/march-1-1886-message-regarding-chinese-immigrant-workers,10,authorities of Wyoming Territory,institution,adversarial,judgment-full-20260720,authorities of wyoming territory,authorities of Wyoming Territory,institution,adversarial,opus-judgment-20260721,True
/the-presidency/presidential-speeches/march-11-2020-statement-coronavirus,0,China,nation,neutral,judgment-full-20260720,china,China,nation,neutral,opus-judgment-20260721,True
/the-presidency/presidential-speeches/march-11-2020-statement-coronavirus,0,World Health Organization,institution,neutral,judgment-full-20260720,world health organization,World Health Organization,institution,neutral,opus-judgment-20260721,True
/the-presidency/presidential-speeches/march-11-2020-statement-coronavirus,2,China,nation,adversarial,judgment-full-20260720,china,China,nation,neutral,opus-judgment-20260721,False
/the-presidency/presidential-speeches/march-11-2020-statement-coronavirus,3,European Union,institution,adversarial,judgment-full-20260720,european union,European Union,institution,adversarial,opus-judgment-20260721,True
/the-presidency/presidential-speeches/march-11-2020-statement-coronavirus,5,China,nation,neutral,judgment-full-20260720,china,China,nation,neutral,opus-judgment-20260721,True
/the-presidency/presidential-speeches/march-11-2020-statement-coronavirus,5,South Korea,nation,neutral,judgment-full-20260720,south korea,South Korea,nation,neutral,opus-judgment-20260721,True
/the-presidency/presidential-speeches/march-11-2020-statement-coronavirus,5,United Kingdom,nation,neutral,judgment-full-20260720,united kingdom,United Kingdom,nation,favorable,opus-judgment-20260721,False
/the-presidency/presidential-speeches/march-11-2020-statement-coronavirus,7,CDC,institution,favorable,judgment-full-20260720,cdc,CDC,institution,favorable,opus-judgment-20260721,True
/the-presidency/presidential-speeches/march-11-2020-statement-coronavirus,12,Small Business Administration,institution,favorable,judgment-full-20260720,small business administration,Small Business Administration,institution,favorable,opus-judgment-20260721,True
/the-presidency/presidential-speeches/march-11-2020-statement-coronavirus,13,Congress,institution,neutral,judgment-full-20260720,congress,Congress,institution,neutral,opus-judgment-20260721,True
/the-presidency/presidential-speeches/march-11-2020-statement-coronavirus,13,Treasury Department,institution,neutral,judgment-full-20260720,treasury department,Treasury Department,institution,favorable,opus-judgment-20260721,False
/the-presidency/presidential-speeches/march-11-2020-statement-coronavirus,14,China,nation,neutral,judgment-full-20260720,china,China,nation,neutral,opus-judgment-20260721,True
/the-presidency/presidential-speeches/march-11-2020-statement-coronavirus,14,Congress,institution,neutral,judgment-full-20260720,congress,Congress,institution,neutral,opus-judgment-20260721,True
/the-presidency/presidential-speeches/march-14-1854-message-regarding-proposed-us-mexican-convention,0,United Mexican States,nation,neutral,judgment-full-20260720,united mexican states,United Mexican States,nation,neutral,opus-judgment-20260721,True
/the-presidency/presidential-speeches/march-14-1854-message-regarding-proposed-us-mexican-convention,2,Mexican Government,nation,neutral,judgment-full-20260720,mexican government,Mexican Government,institution,neutral,opus-judgment-20260721,True
/the-presidency/presidential-speeches/march-14-1854-message-regarding-proposed-us-mexican-convention,3,Great Britain,nation,neutral,judgment-full-20260720,great britain,Great Britain,nation,neutral,opus-judgment-20260721,True
/the-presidency/presidential-speeches/march-15-1952-columbia-scholastic-press-association,0,Dr. Murphy,person,neutral,judgment-full-20260720,dr. murphy,Dr. Murphy,person,neutral,opus-judgment-20260721,True
/the-presidency/presidential-speeches/march-15-1952-columbia-scholastic-press-association,1,Bryan,person,favorable,judgment-full-20260720,bryan,Bryan,person,favorable,opus-judgment-20260721,True
/the-presidency/presidential-speeches/march-15-1952-columbia-scholastic-press-association,2,Bryan,person,favorable,judgment-full-20260720,bryan,Bryan,person,favorable,opus-judgment-20260721,True
/the-presidency/presidential-speeches/march-15-1952-columbia-scholastic-press-association,2,Roosevelt,person,favorable,judgment-full-20260720,roosevelt,Roosevelt,person,favorable,opus-judgment-20260721,True
/the-presidency/presidential-speeches/march-15-1952-columbia-scholastic-press-association,3,Bryan,person,favorable,judgment-full-20260720,bryan,Bryan,person,favorable,opus-judgment-20260721,True
/the-presidency/presidential-speeches/march-15-1952-columbia-scholastic-press-association,3,some publications,group,adversarial,judgment-full-20260720,some publications,some publications,group,adversarial,opus-judgment-20260721,True
/the-presidency/presidential-speeches/march-15-1952-columbia-scholastic-press-association,4,Bryan,person,favorable,judgment-full-20260720,bryan,Bryan,person,favorable,opus-judgment-20260721,True
/the-presidency/presidential-speeches/march-15-1952-columbia-scholastic-press-association,4,Woodrow Wilson,person,favorable,judgment-full-20260720,woodrow wilson,Woodrow Wilson,person,favorable,opus-judgment-20260721,True
/the-presidency/presidential-speeches/march-15-1952-columbia-scholastic-press-association,5,Woodrow Wilson,person,favorable,judgment-full-20260720,woodrow wilson,Woodrow Wilson,person,favorable,opus-judgment-20260721,True
/the-presidency/presidential-speeches/march-15-1952-columbia-scholastic-press-association,13,Soviet Government,nation,adversarial,judgment-full-20260720,soviet government,Soviet Government,nation,adversarial,opus-judgment-20260721,True
/the-presidency/presidential-speeches/march-15-2010-speech-health-care-reform,1,Dennis Kucinich,person,favorable,judgment-full-20260720,dennis kucinich,Dennis Kucinich,person,favorable,opus-judgment-r2-20260722,True
/the-presidency/presidential-speeches/march-15-2010-speech-health-care-reform,1,Sherrod Brown,person,favorable,judgment-full-20260720,sherrod brown,Sherrod Brown,person,favorable,opus-judgment-r2-20260722,True
/the-presidency/presidential-speeches/march-15-2010-speech-health-care-reform,1,Ted Strickland,person,favorable,judgment-full-20260720,ted strickland,Ted Strickland,person,favorable,opus-judgment-r2-20260722,True
/the-presidency/presidential-speeches/march-15-2010-speech-health-care-reform,2,Betty Sutton,person,favorable,judgment-full-20260720,betty sutton,Betty Sutton,person,favorable,opus-judgment-r2-20260722,True
/the-presidency/presidential-speeches/march-15-2010-speech-health-care-reform,2,Marcia Fudge,person,favorable,judgment-full-20260720,marcia fudge,Marcia Fudge,person,favorable,opus-judgment-r2-20260722,True
/the-presidency/presidential-speeches/march-15-2010-speech-health-care-reform,2,Tim Ryan,person,favorable,judgment-full-20260720,tim ryan,Tim Ryan,person,favorable,opus-judgment-r2-20260722,True
/the-presidency/presidential-speeches/march-15-2010-speech-health-care-reform,2,Tom Perciak,person,favorable,judgment-full-20260720,tom perciak,Tom Perciak,person,favorable,opus-judgment-r2-20260722,True
/the-presidency/presidential-speeches/march-15-2010-speech-health-care-reform,5,insurance companies,group,adversarial,judgment-full-20260720,insurance companies,insurance companies,group,adversarial,opus-judgment-r2-20260722,True
/the-presidency/presidential-speeches/march-15-2010-speech-health-care-reform,6,insurance company,group,adversarial,judgment-full-20260720,insurance company,insurance company,group,adversarial,opus-judgment-r2-20260722,True
/the-presidency/presidential-speeches/march-15-2010-speech-health-care-reform,7,insurance company,group,adversarial,judgment-full-20260720,insurance company,insurance company,group,adversarial,opus-judgment-r2-20260722,True
/the-presidency/presidential-speeches/march-15-2010-speech-health-care-reform,13,insurance companies,group,adversarial,judgment-full-20260720,insurance companies,insurance companies,group,adversarial,opus-judgment-r2-20260722,True
/the-presidency/presidential-speeches/march-15-2010-speech-health-care-reform,19,insurance companies,group,adversarial,judgment-full-20260720,insurance companies,insurance companies,group,adversarial,opus-judgment-r2-20260722,True
/the-presidency/presidential-speeches/march-15-2010-speech-health-care-reform,21,Republicans,group,adversarial,judgment-full-20260720,republicans,Republicans,group,adversarial,opus-judgment-r2-20260722,True
/the-presidency/presidential-speeches/march-15-2010-speech-health-care-reform,22,Republicans,group,adversarial,judgment-full-20260720,republicans,Republicans,group,adversarial,opus-judgment-r2-20260722,True
/the-presidency/presidential-speeches/march-15-2010-speech-health-care-reform,22,insurance industry,group,adversarial,judgment-full-20260720,insurance industry,insurance industry,group,adversarial,opus-judgment-r2-20260722,True
/the-presidency/presidential-speeches/march-15-2010-speech-health-care-reform,24,insurance companies,group,adversarial,judgment-full-20260720,insurance companies,insurance companies,group,adversarial,opus-judgment-r2-20260722,True
/the-presidency/presidential-speeches/march-15-2010-speech-health-care-reform,31,colleagues on the other side of the aisle,group,adversarial,judgment-full-20260720,colleagues on the other side of the aisle,colleagues on the other side of the aisle,group,adversarial,opus-judgment-r2-20260722,True
/the-presidency/presidential-speeches/march-15-2010-speech-health-care-reform,31,insurance companies,group,adversarial,judgment-full-20260720,insurance companies,insurance companies,group,adversarial,opus-judgment-r2-20260722,True
/the-presidency/presidential-speeches/march-15-2010-speech-health-care-reform,32,Congressional Budget Office,institution,neutral,judgment-full-20260720,congressional budget office,Congressional Budget Office,institution,favorable,opus-judgment-r2-20260722,False
/the-presidency/presidential-speeches/march-15-2010-speech-health-care-reform,33,Congressional Budget Office,institution,neutral,judgment-full-20260720,congressional budget office,Congressional Budget Office,institution,favorable,opus-judgment-r2-20260722,False
/the-presidency/presidential-speeches/march-15-2010-speech-health-care-reform,34,opponents of reform,group,adversarial,judgment-full-20260720,opponents of reform,opponents of reform,group,adversarial,opus-judgment-r2-20260722,True
/the-presidency/presidential-speeches/march-15-2010-speech-health-care-reform,35,insurance companies,group,adversarial,judgment-full-20260720,insurance companies,insurance companies,group,adversarial,opus-judgment-r2-20260722,True
/the-presidency/presidential-speeches/march-15-2010-speech-health-care-reform,37,Dennis Kucinich,person,favorable,judgment-full-20260720,dennis kucinich,Dennis Kucinich,person,favorable,opus-judgment-r2-20260722,True
/the-presidency/presidential-speeches/march-23-1966-speech-foreign-institute,4,NATO,institution,favorable,judgment-full-20260720,nato,NATO,institution,favorable,opus-judgment-20260721,True
/the-presidency/presidential-speeches/march-23-1966-speech-foreign-institute,5,NATO,institution,favorable,judgment-full-20260720,nato,NATO,institution,favorable,opus-judgment-20260721,True
/the-presidency/presidential-speeches/march-23-1966-speech-foreign-institute,6,NATO,institution,favorable,judgment-full-20260720,nato,NATO,institution,favorable,opus-judgment-20260721,True
/the-presidency/presidential-speeches/march-23-1966-speech-foreign-institute,7,NATO,institution,favorable,judgment-full-20260720,nato,NATO,institution,favorable,opus-judgment-20260721,True
/the-presidency/presidential-speeches/march-23-1966-speech-foreign-institute,8,NATO,institution,favorable,judgment-full-20260720,nato,NATO,institution,favorable,opus-judgment-20260721,True
/the-presidency/presidential-speeches/march-23-1966-speech-foreign-institute,11,NATO,institution,favorable,judgment-full-20260720,nato,NATO,institution,favorable,opus-judgment-20260721,True
/the-presidency/presidential-speeches/march-23-1966-speech-foreign-institute,12,NATO,institution,favorable,judgment-full-20260720,nato,NATO,institution,favorable,opus-judgment-20260721,True
/the-presidency/presidential-speeches/march-23-1966-speech-foreign-institute,15,NATO,institution,favorable,judgment-full-20260720,nato,NATO,institution,favorable,opus-judgment-20260721,True
/the-presidency/presidential-speeches/march-24-1846-message-regarding-increase-military-force,1,Father of his Country,person,favorable,judgment-full-20260720,father of his country,Father of his Country,person,favorable,opus-judgment-20260721,True
/the-presidency/presidential-speeches/march-24-1846-message-regarding-increase-military-force,2,Great Britain,nation,adversarial,judgment-full-20260720,great britain,Great Britain,nation,adversarial,opus-judgment-20260721,True
/the-presidency/presidential-speeches/march-24-1846-message-regarding-increase-military-force,3,Great Britain,nation,adversarial,judgment-full-20260720,great britain,Great Britain,nation,adversarial,opus-judgment-20260721,True
/the-presidency/presidential-speeches/march-24-1846-message-regarding-increase-military-force,4,Great Britain,nation,adversarial,judgment-full-20260720,great britain,Great Britain,nation,neutral,opus-judgment-20260721,False
/the-presidency/presidential-speeches/march-24-1846-message-regarding-increase-military-force,5,Mexico,nation,adversarial,judgment-full-20260720,mexico,Mexico,nation,adversarial,opus-judgment-20260721,True
/the-presidency/presidential-speeches/march-24-1846-message-regarding-increase-military-force,6,Great Britain,nation,adversarial,judgment-full-20260720,great britain,Great Britain,nation,neutral,opus-judgment-20260721,False
/the-presidency/presidential-speeches/march-24-1846-message-regarding-increase-military-force,6,Mexico,nation,adversarial,judgment-full-20260720,mexico,Mexico,nation,neutral,opus-judgment-20260721,False
/the-presidency/presidential-speeches/march-25-1998-remarks-people-rwanda,0,Hillary,person,favorable,judgment-full-20260720,hillary,Hillary,person,favorable,opus-judgment-20260721,True
/the-presidency/presidential-speeches/march-25-1998-remarks-people-rwanda,1,Rwanda,nation,neutral,judgment-full-20260720,rwanda,Rwanda,nation,neutral,opus-judgment-20260721,True
/the-presidency/presidential-speeches/march-25-1998-remarks-people-rwanda,2,Government-led effort,institution,adversarial,judgment-full-20260720,government-led effort,Government-led effort,group,adversarial,opus-judgment-20260721,True
/the-presidency/presidential-speeches/march-25-1998-remarks-people-rwanda,2,Nazis,group,adversarial,judgment-full-20260720,nazis,Nazis,group,adversarial,opus-judgment-20260721,True
/the-presidency/presidential-speeches/march-25-1998-remarks-people-rwanda,8,Rwanda,nation,favorable,judgment-full-20260720,rwanda,Rwanda,nation,favorable,opus-judgment-20260721,True
/the-presidency/presidential-speeches/march-25-1998-remarks-people-rwanda,9,Rwanda,nation,favorable,judgment-full-20260720,rwanda,Rwanda,nation,favorable,opus-judgment-20260721,True
/the-presidency/presidential-speeches/march-25-1998-remarks-people-rwanda,10,Rwandan Government,institution,favorable,judgment-full-20260720,rwandan government,Rwandan Government,institution,favorable,opus-judgment-20260721,True
/the-presidency/presidential-speeches/march-25-1998-remarks-people-rwanda,11,International Criminal Tribunal for Rwanda,institution,neutral,judgment-full-20260720,international criminal tribunal for rwanda,International Criminal Tribunal for Rwanda,institution,favorable,opus-judgment-20260721,False
/the-presidency/presidential-speeches/march-25-1998-remarks-people-rwanda,11,United States,nation,favorable,judgment-full-20260720,united states,United States,nation,favorable,opus-judgment-20260721,True
/the-presidency/presidential-speeches/march-25-1998-remarks-people-rwanda,12,United Nations,institution,neutral,judgment-full-20260720,united nations,United Nations,institution,favorable,opus-judgment-20260721,False
/the-presidency/presidential-speeches/march-4-1805-second-inaugural-address,10,the press,institution,adversarial,judgment-r2-20260720,the press,the press,institution,adversarial,opus-judgment-r2-20260722,True
/the-presidency/presidential-speeches/march-4-1805-second-inaugural-address,11,the press,institution,adversarial,judgment-r2-20260720,the press,the press,institution,adversarial,opus-judgment-r2-20260722,True
/the-presidency/presidential-speeches/march-4-1813-second-inaugural-address,4,the enemy,nation,adversarial,judgment-full-20260720,the enemy,the enemy,nation,adversarial,opus-judgment-20260721,True
/the-presidency/presidential-speeches/march-4-1813-second-inaugural-address,5,British commanders,group,adversarial,judgment-full-20260720,british commanders,British commanders,group,adversarial,opus-judgment-20260721,True
/the-presidency/presidential-speeches/march-4-1813-second-inaugural-address,6,the enemy,nation,adversarial,judgment-full-20260720,the enemy,the enemy,nation,adversarial,opus-judgment-20260721,True
/the-presidency/presidential-speeches/march-4-1813-second-inaugural-address,7,British cabinet,institution,adversarial,judgment-full-20260720,british cabinet,British cabinet,institution,adversarial,opus-judgment-20260721,True
/the-presidency/presidential-speeches/march-4-1873-second-inaugural-address,5,Santo Domingo,nation,favorable,judgment-full-20260720,santo domingo,Santo Domingo,nation,neutral,opus-judgment-20260721,False
/the-presidency/presidential-speeches/march-4-1873-second-inaugural-address,10,Fort Sumter,other,neutral,judgment-full-20260720,fort sumter,Fort Sumter,other,neutral,opus-judgment-20260721,True
/the-presidency/presidential-speeches/march-4-1885-first-inaugural-address,7,Jefferson,person,favorable,judgment-r2-20260720,jefferson,Jefferson,person,favorable,opus-judgment-20260721,True
/the-presidency/presidential-speeches/march-4-1885-first-inaugural-address,7,Monroe,person,favorable,judgment-r2-20260720,monroe,Monroe,person,favorable,opus-judgment-20260721,True
/the-presidency/presidential-speeches/march-4-1885-first-inaugural-address,7,Washington,person,favorable,judgment-r2-20260720,washington,Washington,person,favorable,opus-judgment-20260721,True
/the-presidency/presidential-speeches/march-4-1897-first-inaugural-address,18,Washington,person,favorable,judgment-full-20260720,washington,Washington,person,favorable,opus-judgment-r2-20260722,True
/the-presidency/presidential-speeches/march-4-1897-first-inaugural-address,19,Great Britain,nation,neutral,judgment-full-20260720,great britain,Great Britain,nation,neutral,opus-judgment-r2-20260722,True
/the-presidency/presidential-speeches/march-4-1897-first-inaugural-address,20,Senate,institution,neutral,judgment-full-20260720,senate,Senate,institution,neutral,opus-judgment-r2-20260722,True
/the-presidency/presidential-speeches/march-4-1933-first-inaugural-address,3,money changers,group,adversarial,judgment-full-20260720,money changers,money changers,group,adversarial,opus-judgment-20260721,True
/the-presidency/presidential-speeches/march-7-1964-press-conference-white-house,0,King Paul,person,neutral,judgment-full-20260720,king paul,King Paul,person,neutral,opus-judgment-r2-20260722,True
/the-presidency/presidential-speeches/march-7-1964-press-conference-white-house,0,President Truman,person,neutral,judgment-full-20260720,president truman,President Truman,person,neutral,opus-judgment-r2-20260722,True
/the-presidency/presidential-speeches/march-7-1964-press-conference-white-house,1,Laurence K. Walrath,person,favorable,judgment-full-20260720,laurence k. walrath,Laurence K. Walrath,person,favorable,opus-judgment-r2-20260722,True
/the-presidency/presidential-speeches/march-7-1964-press-conference-white-house,1,Walter Tobriner,person,favorable,judgment-full-20260720,walter tobriner,Walter Tobriner,person,favorable,opus-judgment-r2-20260722,True
/the-presidency/presidential-speeches/march-7-1964-press-conference-white-house,2,Hugh Owens,person,favorable,judgment-full-20260720,hugh owens,Hugh Owens,person,favorable,opus-judgment-r2-20260722,True
/the-presidency/presidential-speeches/march-7-1964-press-conference-white-house,2,James L. Robertson,person,favorable,judgment-full-20260720,james l. robertson,James L. Robertson,person,favorable,opus-judgment-r2-20260722,True
/the-presidency/presidential-speeches/march-7-1964-press-conference-white-house,3,Frank Stanton,person,favorable,judgment-full-20260720,frank stanton,Frank Stanton,person,favorable,opus-judgment-r2-20260722,True
/the-presidency/presidential-speeches/march-7-1964-press-conference-white-house,6,President Kennedy,person,neutral,judgment-full-20260720,president kennedy,President Kennedy,person,neutral,opus-judgment-r2-20260722,True
/the-presidency/presidential-speeches/march-7-1964-press-conference-white-house,8,Michael E. DeBakey,person,favorable,judgment-full-20260720,michael e. debakey,Michael E. DeBakey,person,favorable,opus-judgment-r2-20260722,True
/the-presidency/presidential-speeches/march-7-1964-press-conference-white-house,10,Mrs. John F. Kennedy,person,favorable,judgment-full-20260720,mrs. john f. kennedy,Mrs. John F. Kennedy,person,favorable,opus-judgment-r2-20260722,True
/the-presidency/presidential-speeches/march-7-1964-press-conference-white-house,12,Carlos Sanz de Santamaria,person,favorable,judgment-full-20260720,carlos sanz de santamaria,Carlos Sanz de Santamaria,person,favorable,opus-judgment-r2-20260722,True
/the-presidency/presidential-speeches/march-7-1964-press-conference-white-house,12,Organization of American States,institution,neutral,judgment-full-20260720,organization of american states,Organization of American States,institution,favorable,opus-judgment-r2-20260722,False
/the-presidency/presidential-speeches/march-7-1964-press-conference-white-house,16,Soviet Union,nation,neutral,judgment-full-20260720,soviet union,Soviet Union,nation,neutral,opus-judgment-r2-20260722,True
/the-presidency/presidential-speeches/march-7-1964-press-conference-white-house,20,Robert Kennedy,person,favorable,judgment-full-20260720,robert kennedy,Robert Kennedy,person,favorable,opus-judgment-r2-20260722,True
/the-presidency/presidential-speeches/march-7-1964-press-conference-white-house,24,Soviet Union,nation,neutral,judgment-full-20260720,soviet union,Soviet Union,nation,neutral,opus-judgment-r2-20260722,True
/the-presidency/presidential-speeches/march-7-1964-press-conference-white-house,27,France,nation,favorable,judgment-full-20260720,france,France,nation,favorable,opus-judgment-r2-20260722,True
/the-presidency/presidential-speeches/march-7-1964-press-conference-white-house,29,President Eisenhower,person,neutral,judgment-full-20260720,president eisenhower,President Eisenhower,person,favorable,opus-judgment-r2-20260722,False
/the-presidency/presidential-speeches/march-7-1964-press-conference-white-house,29,Republicans,group,adversarial,judgment-full-20260720,republicans,Republicans,group,neutral,opus-judgment-r2-20260722,False
/the-presidency/presidential-speeches/march-7-1964-press-conference-white-house,30,Henry Cabot Lodge,person,neutral,judgment-full-20260720,henry cabot lodge,Henry Cabot Lodge,person,neutral,opus-judgment-r2-20260722,True
/the-presidency/presidential-speeches/march-7-1964-press-conference-white-house,31,Khrushchev,person,neutral,judgment-full-20260720,khrushchev,Khrushchev,person,neutral,opus-judgment-r2-20260722,True
/the-presidency/presidential-speeches/march-7-1964-press-conference-white-house,32,Soviet Union,nation,neutral,judgment-full-20260720,soviet union,Soviet Union,nation,neutral,opus-judgment-r2-20260722,True
/the-presidency/presidential-speeches/march-7-1964-press-conference-white-house,39,Kennedy administration,institution,neutral,judgment-full-20260720,kennedy administration,Kennedy administration,institution,neutral,opus-judgment-r2-20260722,True
/the-presidency/presidential-speeches/march-7-1964-press-conference-white-house,41,General Eisenhower,person,neutral,judgment-full-20260720,general eisenhower,General Eisenhower,person,neutral,opus-judgment-r2-20260722,True
/the-presidency/presidential-speeches/march-7-1964-press-conference-white-house,42,Senator Goldwater,person,adversarial,judgment-full-20260720,senator goldwater,Senator Goldwater,person,adversarial,opus-judgment-r2-20260722,True
/the-presidency/presidential-speeches/march-7-1964-press-conference-white-house,46,General Taylor,person,neutral,judgment-full-20260720,general taylor,General Taylor,person,neutral,opus-judgment-r2-20260722,True
/the-presidency/presidential-speeches/march-7-1964-press-conference-white-house,48,Mrs. Kennedy,person,favorable,judgment-full-20260720,mrs. kennedy,Mrs. Kennedy,person,favorable,opus-judgment-r2-20260722,True
/the-presidency/presidential-speeches/march-9-1977-remarks-president-carters-press-conference,5,Chile,nation,adversarial,judgment-full-20260720,chile,Chile,nation,neutral,opus-judgment-r2-20260722,False
/the-presidency/presidential-speeches/march-9-1977-remarks-president-carters-press-conference,6,Soviet Union,nation,neutral,judgment-full-20260720,soviet union,Soviet Union,nation,neutral,opus-judgment-r2-20260722,True
/the-presidency/presidential-speeches/march-9-1977-remarks-president-carters-press-conference,9,Allende government,nation,neutral,judgment-full-20260720,allende government,Allende government,institution,neutral,opus-judgment-r2-20260722,True
/the-presidency/presidential-speeches/march-9-1977-remarks-president-carters-press-conference,9,Church committee,institution,neutral,judgment-full-20260720,church committee,Church committee,institution,neutral,opus-judgment-r2-20260722,True
/the-presidency/presidential-speeches/march-9-1977-remarks-president-carters-press-conference,11,Israel,nation,favorable,judgment-full-20260720,israel,Israel,nation,neutral,opus-judgment-r2-20260722,False
/the-presidency/presidential-speeches/march-9-1977-remarks-president-carters-press-conference,12,Israel,nation,favorable,judgment-full-20260720,israel,Israel,nation,neutral,opus-judgment-r2-20260722,False
/the-presidency/presidential-speeches/march-9-1977-remarks-president-carters-press-conference,14,Israel,nation,favorable,judgment-full-20260720,israel,Israel,nation,favorable,opus-judgment-r2-20260722,True
/the-presidency/presidential-speeches/march-9-1977-remarks-president-carters-press-conference,15,Israel,nation,favorable,judgment-full-20260720,israel,Israel,nation,neutral,opus-judgment-r2-20260722,False
/the-presidency/presidential-speeches/march-9-1977-remarks-president-carters-press-conference,17,South Korea,nation,favorable,judgment-full-20260720,south korea,South Korea,nation,favorable,opus-judgment-r2-20260722,True
/the-presidency/presidential-speeches/march-9-1977-remarks-president-carters-press-conference,18,North Korea,nation,adversarial,judgment-full-20260720,north korea,North Korea,nation,adversarial,opus-judgment-r2-20260722,True
/the-presidency/presidential-speeches/march-9-1977-remarks-president-carters-press-conference,18,South Korea,nation,favorable,judgment-full-20260720,south korea,South Korea,nation,favorable,opus-judgment-r2-20260722,True
/the-presidency/presidential-speeches/march-9-1977-remarks-president-carters-press-conference,20,Israel,nation,neutral,judgment-full-20260720,israel,Israel,nation,neutral,opus-judgment-r2-20260722,True
/the-presidency/presidential-speeches/march-9-1977-remarks-president-carters-press-conference,29,President Ford,person,favorable,judgment-full-20260720,president ford,President Ford,person,favorable,opus-judgment-r2-20260722,True
/the-presidency/presidential-speeches/march-9-1977-remarks-president-carters-press-conference,31,Soviet Union,nation,neutral,judgment-full-20260720,soviet union,Soviet Union,nation,neutral,opus-judgment-r2-20260722,True
/the-presidency/presidential-speeches/march-9-1977-remarks-president-carters-press-conference,32,Joint Chiefs of Staff,institution,neutral,judgment-full-20260720,joint chiefs of staff,Joint Chiefs of Staff,institution,neutral,opus-judgment-r2-20260722,True
/the-presidency/presidential-speeches/march-9-1977-remarks-president-carters-press-conference,33,Soviet Union,nation,neutral,judgment-full-20260720,soviet union,Soviet Union,nation,neutral,opus-judgment-r2-20260722,True
/the-presidency/presidential-speeches/march-9-1977-remarks-president-carters-press-conference,33,opponents of Warnke,group,adversarial,judgment-full-20260720,opponents of warnke,opponents of Warnke,group,adversarial,opus-judgment-r2-20260722,True
/the-presidency/presidential-speeches/march-9-1977-remarks-president-carters-press-conference,46,Israel,nation,neutral,judgment-full-20260720,israel,Israel,nation,neutral,opus-judgment-r2-20260722,True
/the-presidency/presidential-speeches/march-9-1977-remarks-president-carters-press-conference,49,Soviet Union,nation,neutral,judgment-full-20260720,soviet union,Soviet Union,nation,neutral,opus-judgment-r2-20260722,True
/the-presidency/presidential-speeches/march-9-1977-remarks-president-carters-press-conference,50,Soviet Union,nation,neutral,judgment-full-20260720,soviet union,Soviet Union,nation,neutral,opus-judgment-r2-20260722,True
/the-presidency/presidential-speeches/march-9-1977-remarks-president-carters-press-conference,51,Soviets,nation,neutral,judgment-full-20260720,soviets,Soviets,nation,neutral,opus-judgment-r2-20260722,True
/the-presidency/presidential-speeches/march-9-1977-remarks-president-carters-press-conference,52,Soviets,nation,neutral,judgment-full-20260720,soviets,Soviets,nation,neutral,opus-judgment-r2-20260722,True
/the-presidency/presidential-speeches/may-12-1879-message-regarding-election-regulations,4,President Washington,person,favorable,judgment-full-20260720,president washington,President Washington,person,favorable,opus-judgment-20260721,True
/the-presidency/presidential-speeches/may-12-1879-message-regarding-election-regulations,5,President Jefferson,person,neutral,judgment-full-20260720,president jefferson,President Jefferson,person,favorable,opus-judgment-20260721,False
/the-presidency/presidential-speeches/may-12-1879-message-regarding-election-regulations,6,President Lincoln,person,favorable,judgment-full-20260720,president lincoln,President Lincoln,person,favorable,opus-judgment-20260721,True
/the-presidency/presidential-speeches/may-12-1879-message-regarding-election-regulations,8,President Jackson,person,favorable,judgment-full-20260720,president jackson,President Jackson,person,favorable,opus-judgment-20260721,True
/the-presidency/presidential-speeches/may-12-1879-message-regarding-election-regulations,8,President Jefferson,person,favorable,judgment-full-20260720,president jefferson,President Jefferson,person,favorable,opus-judgment-20260721,True
/the-presidency/presidential-speeches/may-12-1879-message-regarding-election-regulations,8,President Lincoln,person,favorable,judgment-full-20260720,president lincoln,President Lincoln,person,favorable,opus-judgment-20260721,True
/the-presidency/presidential-speeches/may-12-1879-message-regarding-election-regulations,8,President Washington,person,favorable,judgment-full-20260720,president washington,President Washington,person,favorable,opus-judgment-20260721,True
/the-presidency/presidential-speeches/may-14-1869-message-submitting-state-constitutions-vote,4,Hamilton Fish,person,neutral,judgment-full-20260720,hamilton fish,HAMILTON FISH,person,neutral,opus-judgment-20260721,True
/the-presidency/presidential-speeches/may-14-1869-message-submitting-state-constitutions-vote,4,U. S. Grant,person,neutral,judgment-full-20260720,u. s. grant,U. S. GRANT,person,neutral,opus-judgment-20260721,True
/the-presidency/presidential-speeches/may-17-1981-address-university-notre-dame,0,Father Hesburgh,person,favorable,judgment-full-20260720,father hesburgh,Father Hesburgh,person,favorable,opus-judgment-20260721,True
/the-presidency/presidential-speeches/may-17-1981-address-university-notre-dame,0,Governor Orr,person,neutral,judgment-full-20260720,governor orr,Governor Orr,person,neutral,opus-judgment-20260721,True
/the-presidency/presidential-speeches/may-17-1981-address-university-notre-dame,1,Nancy,person,favorable,judgment-full-20260720,nancy,Nancy,person,favorable,opus-judgment-20260721,True
/the-presidency/presidential-speeches/may-17-1981-address-university-notre-dame,1,Pat O'Brien,person,favorable,judgment-full-20260720,pat o'brien,Pat O'Brien,person,favorable,opus-judgment-20260721,True
/the-presidency/presidential-speeches/may-17-1981-address-university-notre-dame,2,Knute Rockne,person,favorable,judgment-full-20260720,knute rockne,Knute Rockne,person,favorable,opus-judgment-20260721,True
/the-presidency/presidential-speeches/may-17-1981-address-university-notre-dame,3,Pat O'Brien,person,favorable,judgment-full-20260720,pat o'brien,Pat O'Brien,person,favorable,opus-judgment-20260721,True
/the-presidency/presidential-speeches/may-17-1981-address-university-notre-dame,4,Knute Rockne,person,favorable,judgment-full-20260720,knute rockne,Knute Rockne,person,favorable,opus-judgment-20260721,True
/the-presidency/presidential-speeches/may-17-1981-address-university-notre-dame,9,Winston Churchill,person,favorable,judgment-full-20260720,winston churchill,Winston Churchill,person,favorable,opus-judgment-20260721,True
/the-presidency/presidential-speeches/may-17-1981-address-university-notre-dame,10,Knute Rockne,person,favorable,judgment-full-20260720,knute rockne,Knute Rockne,person,favorable,opus-judgment-20260721,True
/the-presidency/presidential-speeches/may-17-1981-address-university-notre-dame,11,Knute Rockne,person,favorable,judgment-full-20260720,knute rockne,Knute Rockne,person,favorable,opus-judgment-20260721,True
/the-presidency/presidential-speeches/may-17-1981-address-university-notre-dame,12,George Gipp,person,favorable,judgment-full-20260720,george gipp,George Gipp,person,favorable,opus-judgment-20260721,True
/the-presidency/presidential-speeches/may-17-1981-address-university-notre-dame,19,central government,institution,adversarial,judgment-full-20260720,central government,Central government,institution,adversarial,opus-judgment-20260721,True
/the-presidency/presidential-speeches/may-17-1981-address-university-notre-dame,20,government,institution,adversarial,judgment-full-20260720,government,government,institution,adversarial,opus-judgment-20260721,True
/the-presidency/presidential-speeches/may-17-1981-address-university-notre-dame,21,Notre Dame,institution,favorable,judgment-full-20260720,notre dame,Notre Dame,institution,favorable,opus-judgment-20260721,True
/the-presidency/presidential-speeches/may-17-1981-address-university-notre-dame,26,George Bush,person,favorable,judgment-full-20260720,george bush,George Bush,person,favorable,opus-judgment-20260721,True
/the-presidency/presidential-speeches/may-17-1981-address-university-notre-dame,27,William Faulkner,person,favorable,judgment-full-20260720,william faulkner,William Faulkner,person,favorable,opus-judgment-20260721,True
/the-presidency/presidential-speeches/may-17-1981-address-university-notre-dame,27,communism,other,adversarial,judgment-full-20260720,communism,communism,other,adversarial,opus-judgment-20260721,True
/the-presidency/presidential-speeches/may-17-1981-address-university-notre-dame,28,Pope John Paul II,person,favorable,judgment-full-20260720,pope john paul ii,Pope John Paul II,person,favorable,opus-judgment-20260721,True
/the-presidency/presidential-speeches/may-17-1981-address-university-notre-dame,29,totalitarian societies,group,adversarial,judgment-full-20260720,totalitarian societies,totalitarian societies,group,adversarial,opus-judgment-20260721,True
/the-presidency/presidential-speeches/may-17-1981-address-university-notre-dame,32,John Gorton,person,favorable,judgment-full-20260720,john gorton,John Gorton,person,favorable,opus-judgment-20260721,True
/the-presidency/presidential-speeches/may-19-1869-proclamation-establishing-eight-hour-workday,0,Congress,institution,neutral,judgment-full-20260720,congress,Congress,institution,neutral,opus-judgment-20260721,True
/the-presidency/presidential-speeches/may-19-1869-proclamation-establishing-eight-hour-workday,0,Hamilton Fish,person,neutral,judgment-full-20260720,hamilton fish,Hamilton Fish,person,neutral,opus-judgment-20260721,True
/the-presidency/presidential-speeches/may-19-1917-message-regarding-military-draft,4,Woodrow Wilson,person,neutral,judgment-full-20260720,woodrow wilson,Woodrow Wilson,person,neutral,opus-judgment-r2-20260722,True
/the-presidency/presidential-speeches/may-19-1917-message-regarding-military-draft,8,common foe,nation,adversarial,judgment-full-20260720,common foe,common foe,nation,adversarial,opus-judgment-r2-20260722,True
/the-presidency/presidential-speeches/may-25-1961-goal-sending-man-moon,2,adversaries of freedom,group,adversarial,judgment-full-20260720,adversaries of freedom,adversaries of freedom,group,adversarial,opus-judgment-r2-20260722,True
/the-presidency/presidential-speeches/may-25-1961-goal-sending-man-moon,3,adversaries of freedom,group,adversarial,judgment-full-20260720,adversaries of freedom,adversaries of freedom,group,adversarial,opus-judgment-r2-20260722,True
/the-presidency/presidential-speeches/may-25-1961-goal-sending-man-moon,30,Soviets,nation,adversarial,judgment-full-20260720,soviets,Soviets,nation,adversarial,opus-judgment-r2-20260722,True
/the-presidency/presidential-speeches/may-25-1961-goal-sending-man-moon,39,France,nation,favorable,judgment-full-20260720,france,France,nation,favorable,opus-judgment-r2-20260722,True
/the-presidency/presidential-speeches/may-25-2011-address-british-parliament,0,Nelson Mandela,person,favorable,judgment-full-20260720,nelson mandela,Nelson Mandela,person,favorable,opus-judgment-20260721,True
/the-presidency/presidential-speeches/may-25-2011-address-british-parliament,1,United Kingdom,nation,favorable,judgment-full-20260720,united kingdom,United Kingdom,nation,favorable,opus-judgment-20260721,True
/the-presidency/presidential-speeches/may-25-2011-address-british-parliament,1,United States,nation,favorable,judgment-full-20260720,united states,United States,nation,favorable,opus-judgment-20260721,True
/the-presidency/presidential-speeches/may-25-2011-address-british-parliament,2,United Kingdom,nation,favorable,judgment-full-20260720,united kingdom,United Kingdom,nation,favorable,opus-judgment-20260721,True
/the-presidency/presidential-speeches/may-25-2011-address-british-parliament,2,United States,nation,favorable,judgment-full-20260720,united states,United States,nation,favorable,opus-judgment-20260721,True
/the-presidency/presidential-speeches/may-25-2011-address-british-parliament,4,Winston Churchill,person,favorable,judgment-full-20260720,winston churchill,Winston Churchill,person,favorable,opus-judgment-20260721,True
/the-presidency/presidential-speeches/may-25-2011-address-british-parliament,6,NATO,institution,favorable,judgment-full-20260720,nato,NATO,institution,favorable,opus-judgment-20260721,True
/the-presidency/presidential-speeches/may-25-2011-address-british-parliament,6,Russia,nation,neutral,judgment-full-20260720,russia,Russia,nation,neutral,opus-judgment-20260721,True
/the-presidency/presidential-speeches/may-25-2011-address-british-parliament,6,Soviet Union,nation,neutral,judgment-full-20260720,soviet union,Soviet Union,nation,adversarial,opus-judgment-20260721,False
/the-presidency/presidential-speeches/may-25-2011-address-british-parliament,7,Osama bin Laden,person,adversarial,judgment-full-20260720,osama bin laden,Osama bin Laden,person,adversarial,opus-judgment-20260721,True
/the-presidency/presidential-speeches/may-25-2011-address-british-parliament,7,Taliban,group,adversarial,judgment-full-20260720,taliban,Taliban,group,adversarial,opus-judgment-20260721,True
/the-presidency/presidential-speeches/may-25-2011-address-british-parliament,7,al Qaeda,group,adversarial,judgment-full-20260720,al qaeda,al Qaeda,group,adversarial,opus-judgment-20260721,True
/the-presidency/presidential-speeches/may-25-2011-address-british-parliament,9,Brazil,nation,neutral,judgment-full-20260720,brazil,Brazil,nation,neutral,opus-judgment-20260721,True
/the-presidency/presidential-speeches/may-25-2011-address-british-parliament,9,China,nation,neutral,judgment-full-20260720,china,China,nation,neutral,opus-judgment-20260721,True
/the-presidency/presidential-speeches/may-25-2011-address-british-parliament,9,India,nation,neutral,judgment-full-20260720,india,India,nation,neutral,opus-judgment-20260721,True
/the-presidency/presidential-speeches/may-25-2011-address-british-parliament,10,United Kingdom,nation,favorable,judgment-full-20260720,united kingdom,United Kingdom,nation,favorable,opus-judgment-20260721,True
/the-presidency/presidential-speeches/may-25-2011-address-british-parliament,10,United States,nation,favorable,judgment-full-20260720,united states,United States,nation,favorable,opus-judgment-20260721,True
/the-presidency/presidential-speeches/may-25-2011-address-british-parliament,13,Brazil,nation,neutral,judgment-full-20260720,brazil,Brazil,nation,neutral,opus-judgment-20260721,True
/the-presidency/presidential-speeches/may-25-2011-address-british-parliament,13,China,nation,neutral,judgment-full-20260720,china,China,nation,neutral,opus-judgment-20260721,True
/the-presidency/presidential-speeches/may-25-2011-address-british-parliament,13,India,nation,neutral,judgment-full-20260720,india,India,nation,neutral,opus-judgment-20260721,True
/the-presidency/presidential-speeches/may-25-2011-address-british-parliament,20,Hitler,person,adversarial,judgment-full-20260720,hitler,Hitler,person,adversarial,opus-judgment-20260721,True
/the-presidency/presidential-speeches/may-25-2011-address-british-parliament,21,NATO,institution,favorable,judgment-full-20260720,nato,NATO,institution,favorable,opus-judgment-20260721,True
/the-presidency/presidential-speeches/may-25-2011-address-british-parliament,22,Osama bin Laden,person,adversarial,judgment-full-20260720,osama bin laden,Osama bin Laden,person,adversarial,opus-judgment-20260721,True
/the-presidency/presidential-speeches/may-25-2011-address-british-parliament,22,al Qaeda,group,adversarial,judgment-full-20260720,al qaeda,al Qaeda,group,adversarial,opus-judgment-20260721,True
/the-presidency/presidential-speeches/may-25-2011-address-british-parliament,23,Taliban,group,adversarial,judgment-full-20260720,taliban,Taliban,group,adversarial,opus-judgment-20260721,True
/the-presidency/presidential-speeches/may-25-2011-address-british-parliament,23,al Qaeda,group,adversarial,judgment-full-20260720,al qaeda,al Qaeda,group,adversarial,opus-judgment-20260721,True
/the-presidency/presidential-speeches/may-25-2011-address-british-parliament,24,NATO,institution,favorable,judgment-full-20260720,nato,NATO,institution,favorable,opus-judgment-20260721,True
/the-presidency/presidential-speeches/may-25-2011-address-british-parliament,25,Iran,nation,adversarial,judgment-full-20260720,iran,Iran,nation,adversarial,opus-judgment-20260721,True
/the-presidency/presidential-speeches/may-25-2011-address-british-parliament,25,North Korea,nation,adversarial,judgment-full-20260720,north korea,North Korea,nation,adversarial,opus-judgment-20260721,True
/the-presidency/presidential-speeches/may-25-2011-address-british-parliament,26,Israel,nation,favorable,judgment-full-20260720,israel,Israel,nation,favorable,opus-judgment-20260721,True
/the-presidency/presidential-speeches/may-25-2011-address-british-parliament,26,Palestine,nation,neutral,judgment-full-20260720,palestine,Palestine,nation,favorable,opus-judgment-20260721,False
/the-presidency/presidential-speeches/may-25-2011-address-british-parliament,26,Sudan,nation,neutral,judgment-full-20260720,sudan,Sudan,nation,neutral,opus-judgment-20260721,True
/the-presidency/presidential-speeches/may-25-2011-address-british-parliament,30,al Qaeda,group,adversarial,judgment-full-20260720,al qaeda,al Qaeda,group,adversarial,opus-judgment-20260721,True
/the-presidency/presidential-speeches/may-25-2011-address-british-parliament,31,Egypt,nation,favorable,judgment-full-20260720,egypt,Egypt,nation,favorable,opus-judgment-20260721,True
/the-presidency/presidential-speeches/may-25-2011-address-british-parliament,31,Tunisia,nation,favorable,judgment-full-20260720,tunisia,Tunisia,nation,favorable,opus-judgment-20260721,True
/the-presidency/presidential-speeches/may-25-2011-address-british-parliament,33,Libya,nation,neutral,judgment-full-20260720,libya,Libya,nation,neutral,opus-judgment-20260721,True
/the-presidency/presidential-speeches/may-25-2011-address-british-parliament,39,Churchill,person,favorable,judgment-full-20260720,churchill,Churchill,person,favorable,opus-judgment-20260721,True
/the-presidency/presidential-speeches/may-25-2011-address-british-parliament,39,Roosevelt,person,favorable,judgment-full-20260720,roosevelt,Roosevelt,person,favorable,opus-judgment-20260721,True
/the-presidency/presidential-speeches/may-25-2011-address-british-parliament,40,Churchill,person,favorable,judgment-full-20260720,churchill,Churchill,person,favorable,opus-judgment-20260721,True
/the-presidency/presidential-speeches/may-25-2011-address-british-parliament,41,Churchill,person,favorable,judgment-full-20260720,churchill,Churchill,person,favorable,opus-judgment-20260721,True
/the-presidency/presidential-speeches/may-26-2009-remarks-nominating-judge-sonia-sotomayor-us,1,Oliver Wendell Holmes,person,favorable,judgment-full-20260720,oliver wendell holmes,Oliver Wendell Holmes,person,favorable,opus-judgment-20260721,True
/the-presidency/presidential-speeches/may-26-2009-remarks-nominating-judge-sonia-sotomayor-us,2,Justice Souter,person,favorable,judgment-full-20260720,justice souter,Justice Souter,person,favorable,opus-judgment-20260721,True
/the-presidency/presidential-speeches/may-26-2009-remarks-nominating-judge-sonia-sotomayor-us,2,Senate Judiciary Committee,institution,neutral,judgment-full-20260720,senate judiciary committee,Senate Judiciary Committee,institution,neutral,opus-judgment-20260721,True
/the-presidency/presidential-speeches/may-26-2009-remarks-nominating-judge-sonia-sotomayor-us,3,George H.W. Bush,person,neutral,judgment-full-20260720,george h.w. bush,George H.W. Bush,person,neutral,opus-judgment-20260721,True
/the-presidency/presidential-speeches/may-26-2009-remarks-nominating-judge-sonia-sotomayor-us,3,Sonia Sotomayor,person,favorable,judgment-full-20260720,sonia sotomayor,Sonia Sotomayor,person,favorable,opus-judgment-20260721,True
/the-presidency/presidential-speeches/may-26-2009-remarks-nominating-judge-sonia-sotomayor-us,4,Bill Clinton,person,neutral,judgment-full-20260720,bill clinton,Bill Clinton,person,neutral,opus-judgment-20260721,True
/the-presidency/presidential-speeches/may-26-2009-remarks-nominating-judge-sonia-sotomayor-us,4,Sonia Sotomayor,person,favorable,judgment-full-20260720,sonia sotomayor,Sonia Sotomayor,person,favorable,opus-judgment-20260721,True
/the-presidency/presidential-speeches/may-26-2009-remarks-nominating-judge-sonia-sotomayor-us,5,Sonia Sotomayor,person,favorable,judgment-full-20260720,sonia sotomayor,Sonia Sotomayor,person,favorable,opus-judgment-20260721,True
/the-presidency/presidential-speeches/may-26-2009-remarks-nominating-judge-sonia-sotomayor-us,6,Robert Morgenthau,person,favorable,judgment-full-20260720,robert morgenthau,Robert Morgenthau,person,favorable,opus-judgment-20260721,True
/the-presidency/presidential-speeches/may-26-2009-remarks-nominating-judge-sonia-sotomayor-us,6,Sonia Sotomayor,person,favorable,judgment-full-20260720,sonia sotomayor,Sonia Sotomayor,person,favorable,opus-judgment-20260721,True
/the-presidency/presidential-speeches/may-26-2009-remarks-nominating-judge-sonia-sotomayor-us,7,Sonia Sotomayor,person,favorable,judgment-full-20260720,sonia sotomayor,Sonia Sotomayor,person,favorable,opus-judgment-20260721,True
/the-presidency/presidential-speeches/may-26-2009-remarks-nominating-judge-sonia-sotomayor-us,8,Sonia Sotomayor,person,favorable,judgment-full-20260720,sonia sotomayor,Sonia Sotomayor,person,favorable,opus-judgment-20260721,True
/the-presidency/presidential-speeches/may-26-2009-remarks-nominating-judge-sonia-sotomayor-us,9,Sonia Sotomayor,person,favorable,judgment-full-20260720,sonia sotomayor,Sonia Sotomayor,person,favorable,opus-judgment-20260721,True
/the-presidency/presidential-speeches/may-26-2009-remarks-nominating-judge-sonia-sotomayor-us,10,Senate,institution,neutral,judgment-full-20260720,senate,Senate,institution,neutral,opus-judgment-20260721,True
/the-presidency/presidential-speeches/may-26-2009-remarks-nominating-judge-sonia-sotomayor-us,10,Sonia Sotomayor,person,favorable,judgment-full-20260720,sonia sotomayor,Sonia Sotomayor,person,favorable,opus-judgment-20260721,True
/the-presidency/presidential-speeches/may-26-2009-remarks-nominating-judge-sonia-sotomayor-us,11,Sonia Sotomayor,person,favorable,judgment-full-20260720,sonia sotomayor,Sonia Sotomayor,person,favorable,opus-judgment-20260721,True
/the-presidency/presidential-speeches/may-27-1941-fireside-chat-17-unlimited-national-emergency,0,Pan American Union,institution,favorable,judgment-full-20260720,pan american union,Pan American Union,institution,favorable,opus-judgment-20260721,True
/the-presidency/presidential-speeches/may-27-1941-fireside-chat-17-unlimited-national-emergency,1,Nazis,group,adversarial,judgment-full-20260720,nazis,Nazis,group,adversarial,opus-judgment-20260721,True
/the-presidency/presidential-speeches/may-27-1941-fireside-chat-17-unlimited-national-emergency,2,Adolf Hitler,person,adversarial,judgment-full-20260720,adolf hitler,Adolf Hitler,person,adversarial,opus-judgment-20260721,True
/the-presidency/presidential-speeches/may-27-1941-fireside-chat-17-unlimited-national-emergency,2,Nazis,group,adversarial,judgment-full-20260720,nazis,Nazis,group,adversarial,opus-judgment-20260721,True
/the-presidency/presidential-speeches/may-27-1941-fireside-chat-17-unlimited-national-emergency,7,China,nation,favorable,judgment-full-20260720,china,China,nation,favorable,opus-judgment-20260721,True
/the-presidency/presidential-speeches/may-27-1941-fireside-chat-17-unlimited-national-emergency,7,Great Britain,nation,favorable,judgment-full-20260720,great britain,Great Britain,nation,favorable,opus-judgment-20260721,True
/the-presidency/presidential-speeches/may-27-1941-fireside-chat-17-unlimited-national-emergency,7,Nazi Germany,nation,adversarial,judgment-full-20260720,nazi germany,Nazi Germany,nation,adversarial,opus-judgment-20260721,True
/the-presidency/presidential-speeches/may-27-1941-fireside-chat-17-unlimited-national-emergency,8,Germany,nation,adversarial,judgment-full-20260720,germany,Germany,nation,adversarial,opus-judgment-20260721,True
/the-presidency/presidential-speeches/may-27-1941-fireside-chat-17-unlimited-national-emergency,8,Hitler,person,adversarial,judgment-full-20260720,hitler,Hitler,person,adversarial,opus-judgment-20260721,True
/the-presidency/presidential-speeches/may-27-1941-fireside-chat-17-unlimited-national-emergency,9,Hitler,person,adversarial,judgment-full-20260720,hitler,Hitler,person,adversarial,opus-judgment-20260721,True
/the-presidency/presidential-speeches/may-27-1941-fireside-chat-17-unlimited-national-emergency,10,dictatorships,group,adversarial,judgment-full-20260720,dictatorships,dictatorships,group,adversarial,opus-judgment-20260721,True
/the-presidency/presidential-speeches/may-27-1941-fireside-chat-17-unlimited-national-emergency,11,Nazis,group,adversarial,judgment-full-20260720,nazis,Nazis,group,adversarial,opus-judgment-20260721,True
/the-presidency/presidential-speeches/may-27-1941-fireside-chat-17-unlimited-national-emergency,11,Quislings,group,adversarial,judgment-full-20260720,quislings,Quislings,group,adversarial,opus-judgment-20260721,True
/the-presidency/presidential-speeches/may-27-1941-fireside-chat-17-unlimited-national-emergency,12,Hitler,person,adversarial,judgment-full-20260720,hitler,Hitler,person,adversarial,opus-judgment-20260721,True
/the-presidency/presidential-speeches/may-27-1941-fireside-chat-17-unlimited-national-emergency,13,Nazi,group,adversarial,judgment-full-20260720,nazi,Nazi,group,adversarial,opus-judgment-20260721,True
/the-presidency/presidential-speeches/may-27-1941-fireside-chat-17-unlimited-national-emergency,15,Communists,group,adversarial,judgment-full-20260720,communists,Communists,group,adversarial,opus-judgment-20260721,True
/the-presidency/presidential-speeches/may-27-1941-fireside-chat-17-unlimited-national-emergency,15,Nazis,group,adversarial,judgment-full-20260720,nazis,Nazis,group,adversarial,opus-judgment-20260721,True
/the-presidency/presidential-speeches/may-27-1941-fireside-chat-17-unlimited-national-emergency,16,Nazis,group,adversarial,judgment-full-20260720,nazis,Nazis,group,adversarial,opus-judgment-20260721,True
/the-presidency/presidential-speeches/may-27-1941-fireside-chat-17-unlimited-national-emergency,17,Nazi forces,group,adversarial,judgment-full-20260720,nazi forces,Nazi forces,group,adversarial,opus-judgment-20260721,True
/the-presidency/presidential-speeches/may-27-1941-fireside-chat-17-unlimited-national-emergency,18,Nazi forces,group,adversarial,judgment-full-20260720,nazi forces,Nazi forces,group,adversarial,opus-judgment-20260721,True
/the-presidency/presidential-speeches/may-27-1941-fireside-chat-17-unlimited-national-emergency,19,Axis,group,adversarial,judgment-full-20260720,axis,Axis,group,adversarial,opus-judgment-20260721,True
/the-presidency/presidential-speeches/may-27-1941-fireside-chat-17-unlimited-national-emergency,19,Britain,nation,favorable,judgment-full-20260720,britain,Britain,nation,favorable,opus-judgment-20260721,True
/the-presidency/presidential-speeches/may-27-1941-fireside-chat-17-unlimited-national-emergency,19,China,nation,favorable,judgment-full-20260720,china,China,nation,favorable,opus-judgment-20260721,True
/the-presidency/presidential-speeches/may-27-1941-fireside-chat-17-unlimited-national-emergency,20,Axis Powers,group,adversarial,judgment-full-20260720,axis powers,Axis Powers,group,adversarial,opus-judgment-20260721,True
/the-presidency/presidential-speeches/may-27-1941-fireside-chat-17-unlimited-national-emergency,20,Hitler,person,adversarial,judgment-full-20260720,hitler,Hitler,person,adversarial,opus-judgment-20260721,True
/the-presidency/presidential-speeches/may-27-1941-fireside-chat-17-unlimited-national-emergency,21,Axis Powers,group,adversarial,judgment-full-20260720,axis powers,Axis Powers,group,adversarial,opus-judgment-20260721,True
/the-presidency/presidential-speeches/may-27-1941-fireside-chat-17-unlimited-national-emergency,26,British Government,institution,favorable,judgment-full-20260720,british government,British Government,institution,favorable,opus-judgment-20260721,True
/the-presidency/presidential-speeches/may-27-1941-fireside-chat-17-unlimited-national-emergency,26,Nazi,group,adversarial,judgment-full-20260720,nazi,Nazi,group,adversarial,opus-judgment-20260721,True
/the-presidency/presidential-speeches/may-27-1941-fireside-chat-17-unlimited-national-emergency,27,Germany,nation,adversarial,judgment-full-20260720,germany,Germany,nation,adversarial,opus-judgment-20260721,True
/the-presidency/presidential-speeches/may-27-1941-fireside-chat-17-unlimited-national-emergency,28,Brazil,nation,favorable,judgment-full-20260720,brazil,Brazil,nation,favorable,opus-judgment-20260721,True
/the-presidency/presidential-speeches/may-27-1941-fireside-chat-17-unlimited-national-emergency,28,Germany,nation,adversarial,judgment-full-20260720,germany,Germany,nation,adversarial,opus-judgment-20260721,True
/the-presidency/presidential-speeches/may-27-1941-fireside-chat-17-unlimited-national-emergency,29,Nazis,group,adversarial,judgment-full-20260720,nazis,Nazis,group,adversarial,opus-judgment-20260721,True
/the-presidency/presidential-speeches/may-27-1941-fireside-chat-17-unlimited-national-emergency,30,dictators,group,adversarial,judgment-full-20260720,dictators,dictators,group,adversarial,opus-judgment-20260721,True
/the-presidency/presidential-speeches/may-27-1941-fireside-chat-17-unlimited-national-emergency,33,Nazi,group,adversarial,judgment-full-20260720,nazi,Nazi,group,adversarial,opus-judgment-20260721,True
/the-presidency/presidential-speeches/may-27-1941-fireside-chat-17-unlimited-national-emergency,35,Hitler,person,adversarial,judgment-full-20260720,hitler,Hitler,person,adversarial,opus-judgment-20260721,True
/the-presidency/presidential-speeches/may-27-1941-fireside-chat-17-unlimited-national-emergency,36,Britain,nation,favorable,judgment-full-20260720,britain,Britain,nation,favorable,opus-judgment-20260721,True
/the-presidency/presidential-speeches/may-27-1941-fireside-chat-17-unlimited-national-emergency,37,Canada,nation,favorable,judgment-full-20260720,canada,Canada,nation,favorable,opus-judgment-20260721,True
/the-presidency/presidential-speeches/may-27-1941-fireside-chat-17-unlimited-national-emergency,38,timid ones,group,adversarial,judgment-full-20260720,timid ones,timid ones,group,adversarial,opus-judgment-20260721,True
/the-presidency/presidential-speeches/may-27-1941-fireside-chat-17-unlimited-national-emergency,39,Axis,group,adversarial,judgment-full-20260720,axis,Axis,group,adversarial,opus-judgment-20260721,True
/the-presidency/presidential-speeches/may-27-1941-fireside-chat-17-unlimited-national-emergency,39,Bundists,group,adversarial,judgment-full-20260720,bundists,Bundists,group,adversarial,opus-judgment-20260721,True
/the-presidency/presidential-speeches/may-27-1941-fireside-chat-17-unlimited-national-emergency,39,Communists,group,adversarial,judgment-full-20260720,communists,Communists,group,adversarial,opus-judgment-20260721,True
/the-presidency/presidential-speeches/may-27-1941-fireside-chat-17-unlimited-national-emergency,39,Fascists,group,adversarial,judgment-full-20260720,fascists,Fascists,group,adversarial,opus-judgment-20260721,True
/the-presidency/presidential-speeches/may-27-1941-fireside-chat-17-unlimited-national-emergency,45,Hitler,person,adversarial,judgment-full-20260720,hitler,Hitler,person,adversarial,opus-judgment-20260721,True
/the-presidency/presidential-speeches/may-27-1941-fireside-chat-17-unlimited-national-emergency,48,American Republics,nation,favorable,judgment-full-20260720,american republics,American Republics,nation,favorable,opus-judgment-20260721,True
/the-presidency/presidential-speeches/may-27-1941-fireside-chat-17-unlimited-national-emergency,48,Canada,nation,favorable,judgment-full-20260720,canada,Canada,nation,favorable,opus-judgment-20260721,True
/the-presidency/presidential-speeches/may-29-1865-message-reestablishing-governments-former,0,Andrew Johnson,person,favorable,judgment-full-20260720,andrew johnson,Andrew Johnson,person,neutral,opus-judgment-20260721,False
/the-presidency/presidential-speeches/may-29-1865-message-reestablishing-governments-former,0,North Carolina,nation,neutral,judgment-full-20260720,north carolina,North Carolina,nation,neutral,opus-judgment-20260721,True
/the-presidency/presidential-speeches/may-29-1865-message-reestablishing-governments-former,1,North Carolina,nation,neutral,judgment-full-20260720,north carolina,North Carolina,nation,neutral,opus-judgment-20260721,True
/the-presidency/presidential-speeches/may-29-1865-message-reestablishing-governments-former,1,William W. Holden,person,favorable,judgment-full-20260720,william w. holden,William W. Holden,person,favorable,opus-judgment-20260721,True
/the-presidency/presidential-speeches/may-29-1865-message-reestablishing-governments-former,5,Andrew Johnson,person,favorable,judgment-full-20260720,andrew johnson,Andrew Johnson,person,neutral,opus-judgment-20260721,False
/the-presidency/presidential-speeches/may-29-1865-message-reestablishing-governments-former,5,William H. Seward,person,neutral,judgment-full-20260720,william h. seward,William H. Seward,person,neutral,opus-judgment-20260721,True
/the-presidency/presidential-speeches/may-31-1932-statement-national-economy,6,Senate Appropriations Committee,institution,favorable,judgment-full-20260720,senate appropriations committee,Senate Appropriations Committee,institution,neutral,opus-judgment-20260721,False
/the-presidency/presidential-speeches/may-31-1932-statement-national-economy,8,Senate Finance Committee,institution,neutral,judgment-full-20260720,senate finance committee,Senate Finance Committee,institution,neutral,opus-judgment-20260721,True
/the-presidency/presidential-speeches/may-31-1932-statement-national-economy,10,Senator Connally,person,neutral,judgment-full-20260720,senator connally,Senator Connally,person,neutral,opus-judgment-20260721,True
/the-presidency/presidential-speeches/may-31-1932-statement-national-economy,11,Secretary of the Treasury,person,neutral,judgment-full-20260720,secretary of the treasury,Secretary of the Treasury,person,neutral,opus-judgment-20260721,True
/the-presidency/presidential-speeches/may-31-1932-statement-national-economy,11,Ways and Means Committee,institution,neutral,judgment-full-20260720,ways and means committee,Ways and Means Committee,institution,neutral,opus-judgment-20260721,True
/the-presidency/presidential-speeches/may-31-1932-statement-national-economy,12,Senator Tom Connally,person,neutral,judgment-full-20260720,senator tom connally,Senator Tom Connally,person,neutral,opus-judgment-20260721,True
/the-presidency/presidential-speeches/may-31-1932-statement-national-economy,13,Reconstruction Finance Corporation,institution,favorable,judgment-full-20260720,reconstruction finance corporation,Reconstruction Finance Corporation,institution,favorable,opus-judgment-20260721,True
/the-presidency/presidential-speeches/may-31-1932-statement-national-economy,14,Federal Farm Board,institution,neutral,judgment-full-20260720,federal farm board,Federal Farm Board,institution,neutral,opus-judgment-20260721,True
/the-presidency/presidential-speeches/may-31-1932-statement-national-economy,14,Reconstruction Finance Corporation,institution,favorable,judgment-full-20260720,reconstruction finance corporation,Reconstruction Finance Corporation,institution,favorable,opus-judgment-20260721,True
/the-presidency/presidential-speeches/may-31-2024-remarks-middle-east,0,Donald Trump,person,adversarial,judgment-full-20260720,donald trump,Donald Trump,person,neutral,opus-judgment-20260721,False
/the-presidency/presidential-speeches/may-31-2024-remarks-middle-east,1,Donald Trump,person,adversarial,judgment-full-20260720,donald trump,Donald Trump,person,neutral,opus-judgment-20260721,False
/the-presidency/presidential-speeches/may-31-2024-remarks-middle-east,3,Hamas,group,adversarial,judgment-full-20260720,hamas,Hamas,group,adversarial,opus-judgment-20260721,True
/the-presidency/presidential-speeches/may-31-2024-remarks-middle-east,3,Israel,nation,favorable,judgment-full-20260720,israel,Israel,nation,favorable,opus-judgment-20260721,True
/the-presidency/presidential-speeches/may-31-2024-remarks-middle-east,4,Egypt,nation,neutral,judgment-full-20260720,egypt,Egypt,nation,neutral,opus-judgment-20260721,True
/the-presidency/presidential-speeches/may-31-2024-remarks-middle-east,4,Hamas,group,adversarial,judgment-full-20260720,hamas,Hamas,group,adversarial,opus-judgment-20260721,True
/the-presidency/presidential-speeches/may-31-2024-remarks-middle-east,4,Israel,nation,favorable,judgment-full-20260720,israel,Israel,nation,favorable,opus-judgment-20260721,True
/the-presidency/presidential-speeches/may-31-2024-remarks-middle-east,4,Qatar,nation,neutral,judgment-full-20260720,qatar,Qatar,nation,favorable,opus-judgment-20260721,False
/the-presidency/presidential-speeches/may-31-2024-remarks-middle-east,5,Israel,nation,neutral,judgment-full-20260720,israel,Israel,nation,neutral,opus-judgment-20260721,True
/the-presidency/presidential-speeches/may-31-2024-remarks-middle-east,7,Hamas,group,neutral,judgment-full-20260720,hamas,Hamas,group,neutral,opus-judgment-20260721,True
/the-presidency/presidential-speeches/may-31-2024-remarks-middle-east,7,Israel,nation,neutral,judgment-full-20260720,israel,Israel,nation,neutral,opus-judgment-20260721,True
/the-presidency/presidential-speeches/may-31-2024-remarks-middle-east,8,Egypt,nation,neutral,judgment-full-20260720,egypt,Egypt,nation,favorable,opus-judgment-20260721,False
/the-presidency/presidential-speeches/may-31-2024-remarks-middle-east,8,Hamas,group,neutral,judgment-full-20260720,hamas,Hamas,group,neutral,opus-judgment-20260721,True
/the-presidency/presidential-speeches/may-31-2024-remarks-middle-east,8,Israel,nation,neutral,judgment-full-20260720,israel,Israel,nation,neutral,opus-judgment-20260721,True
/the-presidency/presidential-speeches/may-31-2024-remarks-middle-east,8,Qatar,nation,neutral,judgment-full-20260720,qatar,Qatar,nation,favorable,opus-judgment-20260721,False
/the-presidency/presidential-speeches/may-31-2024-remarks-middle-east,8,United States,nation,favorable,judgment-full-20260720,united states,United States,nation,favorable,opus-judgment-20260721,True
/the-presidency/presidential-speeches/may-31-2024-remarks-middle-east,9,Hamas,group,adversarial,judgment-full-20260720,hamas,Hamas,group,adversarial,opus-judgment-20260721,True
/the-presidency/presidential-speeches/may-31-2024-remarks-middle-east,9,Israel,nation,favorable,judgment-full-20260720,israel,Israel,nation,favorable,opus-judgment-20260721,True
/the-presidency/presidential-speeches/may-31-2024-remarks-middle-east,10,Israel,nation,neutral,judgment-full-20260720,israel,Israel,nation,neutral,opus-judgment-20260721,True
/the-presidency/presidential-speeches/may-31-2024-remarks-middle-east,11,Iran,nation,adversarial,judgment-full-20260720,iran,Iran,nation,adversarial,opus-judgment-20260721,True
/the-presidency/presidential-speeches/may-31-2024-remarks-middle-east,11,Israel,nation,favorable,judgment-full-20260720,israel,Israel,nation,favorable,opus-judgment-20260721,True
/the-presidency/presidential-speeches/may-31-2024-remarks-middle-east,12,Hamas,group,adversarial,judgment-full-20260720,hamas,Hamas,group,adversarial,opus-judgment-20260721,True
/the-presidency/presidential-speeches/may-31-2024-remarks-middle-east,12,Israel,nation,neutral,judgment-full-20260720,israel,Israel,nation,favorable,opus-judgment-20260721,False
/the-presidency/presidential-speeches/may-31-2024-remarks-middle-east,13,Israel,nation,favorable,judgment-full-20260720,israel,Israel,nation,favorable,opus-judgment-20260721,True
/the-presidency/presidential-speeches/may-31-2024-remarks-middle-east,13,Lebanon,nation,neutral,judgment-full-20260720,lebanon,Lebanon,nation,neutral,opus-judgment-20260721,True
/the-presidency/presidential-speeches/may-31-2024-remarks-middle-east,13,United States,nation,favorable,judgment-full-20260720,united states,United States,nation,favorable,opus-judgment-20260721,True
/the-presidency/presidential-speeches/may-31-2024-remarks-middle-east,14,Hamas,group,adversarial,judgment-full-20260720,hamas,Hamas,group,adversarial,opus-judgment-20260721,True
/the-presidency/presidential-speeches/may-31-2024-remarks-middle-east,14,United States,nation,favorable,judgment-full-20260720,united states,United States,nation,favorable,opus-judgment-20260721,True
/the-presidency/presidential-speeches/may-31-2024-remarks-middle-east,15,Iran,nation,adversarial,judgment-full-20260720,iran,Iran,nation,adversarial,opus-judgment-20260721,True
/the-presidency/presidential-speeches/may-31-2024-remarks-middle-east,15,Israel,nation,favorable,judgment-full-20260720,israel,Israel,nation,favorable,opus-judgment-20260721,True
/the-presidency/presidential-speeches/may-31-2024-remarks-middle-east,15,Saudi Arabia,nation,neutral,judgment-full-20260720,saudi arabia,Saudi Arabia,nation,favorable,opus-judgment-20260721,False
/the-presidency/presidential-speeches/may-31-2024-remarks-middle-east,16,Israel,nation,favorable,judgment-full-20260720,israel,Israel,nation,favorable,opus-judgment-20260721,True
/the-presidency/presidential-speeches/may-31-2024-remarks-middle-east,16,United States,nation,favorable,judgment-full-20260720,united states,United States,nation,favorable,opus-judgment-20260721,True
/the-presidency/presidential-speeches/may-31-2024-remarks-middle-east,17,Egypt,nation,neutral,judgment-full-20260720,egypt,Egypt,nation,favorable,opus-judgment-20260721,False
/the-presidency/presidential-speeches/may-31-2024-remarks-middle-east,17,Hamas,group,adversarial,judgment-full-20260720,hamas,Hamas,group,adversarial,opus-judgment-20260721,True
/the-presidency/presidential-speeches/may-31-2024-remarks-middle-east,17,Israel,nation,neutral,judgment-full-20260720,israel,Israel,nation,favorable,opus-judgment-20260721,False
/the-presidency/presidential-speeches/may-31-2024-remarks-middle-east,17,Qatar,nation,neutral,judgment-full-20260720,qatar,Qatar,nation,favorable,opus-judgment-20260721,False
/the-presidency/presidential-speeches/may-31-2024-remarks-middle-east,17,United States,nation,favorable,judgment-full-20260720,united states,United States,nation,favorable,opus-judgment-20260721,True
/the-presidency/presidential-speeches/may-31-2024-remarks-middle-east,18,Hamas,group,adversarial,judgment-full-20260720,hamas,Hamas,group,adversarial,opus-judgment-20260721,True
/the-presidency/presidential-speeches/may-31-2024-remarks-middle-east,18,Israel,nation,neutral,judgment-full-20260720,israel,Israel,nation,favorable,opus-judgment-20260721,False
/the-presidency/presidential-speeches/may-31-2024-remarks-middle-east,19,Hamas,group,adversarial,judgment-full-20260720,hamas,Hamas,group,adversarial,opus-judgment-20260721,True
/the-presidency/presidential-speeches/may-31-2024-remarks-middle-east,19,Israel,nation,neutral,judgment-full-20260720,israel,Israel,nation,favorable,opus-judgment-20260721,False
/the-presidency/presidential-speeches/may-31-2024-remarks-middle-east,20,Israel,nation,neutral,judgment-full-20260720,israel,Israel,nation,neutral,opus-judgment-20260721,True
/the-presidency/presidential-speeches/may-31-2024-remarks-middle-east,21,Israel,nation,favorable,judgment-full-20260720,israel,Israel,nation,favorable,opus-judgment-20260721,True
/the-presidency/presidential-speeches/may-31-2024-remarks-middle-east,21,United States,nation,favorable,judgment-full-20260720,united states,United States,nation,favorable,opus-judgment-20260721,True
/the-presidency/presidential-speeches/may-31-2024-remarks-middle-east,22,Israel,nation,favorable,judgment-full-20260720,israel,Israel,nation,favorable,opus-judgment-20260721,True
/the-presidency/presidential-speeches/november-13-2008-speech-financial-markets-and-world-economy,0,Larry,person,neutral,judgment-full-20260720,larry,Larry,person,favorable,opus-judgment-20260721,False
/the-presidency/presidential-speeches/november-13-2008-speech-financial-markets-and-world-economy,0,Laura,person,favorable,judgment-full-20260720,laura,Laura,person,favorable,opus-judgment-20260721,True
/the-presidency/presidential-speeches/november-13-2008-speech-financial-markets-and-world-economy,2,Mayor Giuliani,person,favorable,judgment-full-20260720,mayor giuliani,Mayor Giuliani,person,favorable,opus-judgment-20260721,True
/the-presidency/presidential-speeches/november-13-2008-speech-financial-markets-and-world-economy,2,Mayor Koch,person,favorable,judgment-full-20260720,mayor koch,Mayor Koch,person,favorable,opus-judgment-20260721,True
/the-presidency/presidential-speeches/november-13-2008-speech-financial-markets-and-world-economy,2,Paul Singer,person,favorable,judgment-full-20260720,paul singer,Paul Singer,person,favorable,opus-judgment-20260721,True
/the-presidency/presidential-speeches/november-13-2008-speech-financial-markets-and-world-economy,2,Ray Kelly,person,favorable,judgment-full-20260720,ray kelly,Ray Kelly,person,favorable,opus-judgment-20260721,True
/the-presidency/presidential-speeches/november-13-2008-speech-financial-markets-and-world-economy,3,International Monetary Fund,institution,neutral,judgment-full-20260720,international monetary fund,International Monetary Fund,institution,neutral,opus-judgment-20260721,True
/the-presidency/presidential-speeches/november-13-2008-speech-financial-markets-and-world-economy,3,United Nations,institution,neutral,judgment-full-20260720,united nations,United Nations,institution,neutral,opus-judgment-20260721,True
/the-presidency/presidential-speeches/november-13-2008-speech-financial-markets-and-world-economy,3,World Bank,institution,neutral,judgment-full-20260720,world bank,World Bank,institution,neutral,opus-judgment-20260721,True
/the-presidency/presidential-speeches/november-13-2008-speech-financial-markets-and-world-economy,10,China,nation,neutral,judgment-full-20260720,china,China,nation,neutral,opus-judgment-20260721,True
/the-presidency/presidential-speeches/november-13-2008-speech-financial-markets-and-world-economy,10,IMF,institution,neutral,judgment-full-20260720,imf,IMF,institution,favorable,opus-judgment-20260721,False
/the-presidency/presidential-speeches/november-13-2008-speech-financial-markets-and-world-economy,10,Japan,nation,neutral,judgment-full-20260720,japan,Japan,nation,neutral,opus-judgment-20260721,True
/the-presidency/presidential-speeches/november-13-2008-speech-financial-markets-and-world-economy,10,South Korea,nation,neutral,judgment-full-20260720,south korea,South Korea,nation,neutral,opus-judgment-20260721,True
/the-presidency/presidential-speeches/november-13-2008-speech-financial-markets-and-world-economy,10,World Bank,institution,neutral,judgment-full-20260720,world bank,World Bank,institution,favorable,opus-judgment-20260721,False
/the-presidency/presidential-speeches/november-13-2008-speech-financial-markets-and-world-economy,14,IMF,institution,neutral,judgment-full-20260720,imf,IMF,institution,neutral,opus-judgment-20260721,True
/the-presidency/presidential-speeches/november-13-2008-speech-financial-markets-and-world-economy,14,World Bank,institution,neutral,judgment-full-20260720,world bank,World Bank,institution,neutral,opus-judgment-20260721,True
/the-presidency/presidential-speeches/november-13-2008-speech-financial-markets-and-world-economy,15,IMF,institution,neutral,judgment-full-20260720,imf,IMF,institution,neutral,opus-judgment-20260721,True
/the-presidency/presidential-speeches/november-13-2008-speech-financial-markets-and-world-economy,15,World Bank,institution,neutral,judgment-full-20260720,world bank,World Bank,institution,neutral,opus-judgment-20260721,True
/the-presidency/presidential-speeches/november-13-2008-speech-financial-markets-and-world-economy,16,Fannie Mae,institution,adversarial,judgment-full-20260720,fannie mae,Fannie Mae,institution,adversarial,opus-judgment-20260721,True
/the-presidency/presidential-speeches/november-13-2008-speech-financial-markets-and-world-economy,16,Freddie Mac,institution,adversarial,judgment-full-20260720,freddie mac,Freddie Mac,institution,adversarial,opus-judgment-20260721,True
/the-presidency/presidential-speeches/november-13-2008-speech-financial-markets-and-world-economy,20,Hong Kong,nation,favorable,judgment-full-20260720,hong kong,Hong Kong,other,favorable,opus-judgment-20260721,True
/the-presidency/presidential-speeches/november-13-2008-speech-financial-markets-and-world-economy,20,Japan,nation,favorable,judgment-full-20260720,japan,Japan,nation,favorable,opus-judgment-20260721,True
/the-presidency/presidential-speeches/november-13-2008-speech-financial-markets-and-world-economy,20,Singapore,nation,favorable,judgment-full-20260720,singapore,Singapore,nation,favorable,opus-judgment-20260721,True
/the-presidency/presidential-speeches/november-13-2008-speech-financial-markets-and-world-economy,20,South Korea,nation,favorable,judgment-full-20260720,south korea,South Korea,nation,favorable,opus-judgment-20260721,True
/the-presidency/presidential-speeches/november-13-2008-speech-financial-markets-and-world-economy,20,Taiwan,nation,favorable,judgment-full-20260720,taiwan,Taiwan,nation,favorable,opus-judgment-20260721,True
/the-presidency/presidential-speeches/november-13-2008-speech-financial-markets-and-world-economy,21,Cuba,nation,adversarial,judgment-full-20260720,cuba,Cuba,nation,adversarial,opus-judgment-20260721,True
/the-presidency/presidential-speeches/november-13-2008-speech-financial-markets-and-world-economy,21,Iran,nation,adversarial,judgment-full-20260720,iran,Iran,nation,adversarial,opus-judgment-20260721,True
/the-presidency/presidential-speeches/november-13-2008-speech-financial-markets-and-world-economy,24,Congress,institution,adversarial,judgment-full-20260720,congress,Congress,institution,neutral,opus-judgment-20260721,False
/the-presidency/presidential-speeches/november-13-2008-speech-financial-markets-and-world-economy,25,Colombia,nation,neutral,judgment-full-20260720,colombia,Colombia,nation,favorable,opus-judgment-20260721,False
/the-presidency/presidential-speeches/november-13-2008-speech-financial-markets-and-world-economy,25,Peru,nation,neutral,judgment-full-20260720,peru,Peru,nation,favorable,opus-judgment-20260721,False
/the-presidency/presidential-speeches/november-13-2008-speech-financial-markets-and-world-economy,25,South Korea,nation,neutral,judgment-full-20260720,south korea,South Korea,nation,favorable,opus-judgment-20260721,False
/the-presidency/presidential-speeches/november-17-1967-press-conference,0,Joint Chiefs of Staff,institution,neutral,judgment-full-20260720,joint chiefs of staff,Joint Chiefs of Staff,institution,favorable,opus-judgment-20260721,False
/the-presidency/presidential-speeches/november-17-1967-press-conference,1,General Westmoreland,person,neutral,judgment-full-20260720,general westmoreland,General Westmoreland,person,favorable,opus-judgment-20260721,False
/the-presidency/presidential-speeches/november-17-1967-press-conference,6,Dr. Gallup,person,neutral,judgment-full-20260720,dr. gallup,Dr. Gallup,person,neutral,opus-judgment-20260721,True
/the-presidency/presidential-speeches/november-17-1967-press-conference,6,President Truman,person,favorable,judgment-full-20260720,president truman,President Truman,person,favorable,opus-judgment-20260721,True
/the-presidency/presidential-speeches/november-17-1967-press-conference,8,North Vietnam,nation,adversarial,judgment-full-20260720,north vietnam,North Vietnam,nation,adversarial,opus-judgment-20260721,True
/the-presidency/presidential-speeches/november-17-1967-press-conference,9,Ho Chi Minh,person,adversarial,judgment-full-20260720,ho chi minh,Ho Chi Minh,person,adversarial,opus-judgment-20260721,True
/the-presidency/presidential-speeches/november-17-1967-press-conference,9,North Vietnam,nation,adversarial,judgment-full-20260720,north vietnam,North Vietnam,nation,adversarial,opus-judgment-20260721,True
/the-presidency/presidential-speeches/november-17-1967-press-conference,10,Ho Chi Minh,person,adversarial,judgment-full-20260720,ho chi minh,Ho Chi Minh,person,adversarial,opus-judgment-20260721,True
/the-presidency/presidential-speeches/november-17-1967-press-conference,11,Hanoi,nation,adversarial,judgment-full-20260720,hanoi,Hanoi,nation,adversarial,opus-judgment-20260721,True
/the-presidency/presidential-speeches/november-17-1967-press-conference,11,Vietcong,group,adversarial,judgment-full-20260720,vietcong,Vietcong,group,adversarial,opus-judgment-20260721,True
/the-presidency/presidential-speeches/november-17-1967-press-conference,12,Hanoi,nation,neutral,judgment-full-20260720,hanoi,Hanoi,nation,adversarial,opus-judgment-20260721,False
/the-presidency/presidential-speeches/november-17-1967-press-conference,12,Vietcong,group,neutral,judgment-full-20260720,vietcong,Vietcong,group,adversarial,opus-judgment-20260721,False
/the-presidency/presidential-speeches/november-17-1967-press-conference,17,Soviet Union,nation,neutral,judgment-full-20260720,soviet union,Soviet Union,nation,neutral,opus-judgment-20260721,True
/the-presidency/presidential-speeches/november-17-1967-press-conference,20,Ambassador Bunker,person,favorable,judgment-full-20260720,ambassador bunker,Ambassador Bunker,person,favorable,opus-judgment-20260721,True
/the-presidency/presidential-speeches/november-17-1967-press-conference,20,General Westmoreland,person,favorable,judgment-full-20260720,general westmoreland,General Westmoreland,person,favorable,opus-judgment-20260721,True
/the-presidency/presidential-speeches/november-17-1967-press-conference,21,Ambassador Bunker,person,favorable,judgment-full-20260720,ambassador bunker,Ambassador Bunker,person,favorable,opus-judgment-20260721,True
/the-presidency/presidential-speeches/november-17-1967-press-conference,21,General Westmoreland,person,favorable,judgment-full-20260720,general westmoreland,General Westmoreland,person,favorable,opus-judgment-20260721,True
/the-presidency/presidential-speeches/november-17-1967-press-conference,27,Ambassador Bunker,person,favorable,judgment-full-20260720,ambassador bunker,Ambassador Bunker,person,favorable,opus-judgment-20260721,True
/the-presidency/presidential-speeches/november-17-1967-press-conference,27,General Westmoreland,person,favorable,judgment-full-20260720,general westmoreland,General Westmoreland,person,favorable,opus-judgment-20260721,True
/the-presidency/presidential-speeches/november-17-1967-press-conference,29,Ho Chi Minh,person,adversarial,judgment-full-20260720,ho chi minh,Ho Chi Minh,person,adversarial,opus-judgment-20260721,True
/the-presidency/presidential-speeches/november-17-1967-press-conference,30,Hanoi,nation,adversarial,judgment-full-20260720,hanoi,Hanoi,nation,adversarial,opus-judgment-20260721,True
/the-presidency/presidential-speeches/november-17-1967-press-conference,32,Mr. Byrnes,person,adversarial,judgment-full-20260720,mr. byrnes,Mr. Byrnes,person,neutral,opus-judgment-20260721,False
/the-presidency/presidential-speeches/november-17-1967-press-conference,32,Mr. Mills,person,adversarial,judgment-full-20260720,mr. mills,Mr. Mills,person,neutral,opus-judgment-20260721,False
/the-presidency/presidential-speeches/november-17-1967-press-conference,32,Ways and Means Committee,institution,adversarial,judgment-full-20260720,ways and means committee,Ways and Means Committee,institution,neutral,opus-judgment-20260721,False
/the-presidency/presidential-speeches/november-17-1967-press-conference,33,Congress,institution,adversarial,judgment-full-20260720,congress,Congress,institution,adversarial,opus-judgment-20260721,True
/the-presidency/presidential-speeches/november-17-1967-press-conference,33,Mr. Ford,person,adversarial,judgment-full-20260720,mr. ford,Mr. Ford,person,adversarial,opus-judgment-20260721,True
/the-presidency/presidential-speeches/november-17-1967-press-conference,33,Mr. Mills,person,adversarial,judgment-full-20260720,mr. mills,Mr. Mills,person,adversarial,opus-judgment-20260721,True
/the-presidency/presidential-speeches/november-17-1967-press-conference,35,President Truman,person,favorable,judgment-full-20260720,president truman,President Truman,person,favorable,opus-judgment-20260721,True
/the-presidency/presidential-speeches/november-17-1967-press-conference,36,Congress,institution,adversarial,judgment-full-20260720,congress,Congress,institution,adversarial,opus-judgment-20260721,True
/the-presidency/presidential-speeches/november-17-1967-press-conference,38,Senator McCarthy,person,neutral,judgment-full-20260720,senator mccarthy,Senator McCarthy,person,neutral,opus-judgment-20260721,True
/the-presidency/presidential-speeches/november-17-1967-press-conference,40,Andrew Jackson,person,favorable,judgment-full-20260720,andrew jackson,Andrew Jackson,person,favorable,opus-judgment-20260721,True
/the-presidency/presidential-speeches/november-17-1967-press-conference,41,Lincoln,person,favorable,judgment-full-20260720,lincoln,Lincoln,person,favorable,opus-judgment-20260721,True
/the-presidency/presidential-speeches/november-17-1967-press-conference,42,President Roosevelt,person,favorable,judgment-full-20260720,president roosevelt,President Roosevelt,person,favorable,opus-judgment-20260721,True
/the-presidency/presidential-speeches/november-17-1967-press-conference,42,President Wilson,person,favorable,judgment-full-20260720,president wilson,President Wilson,person,favorable,opus-judgment-20260721,True
/the-presidency/presidential-speeches/november-17-1967-press-conference,43,Congress,institution,adversarial,judgment-full-20260720,congress,Congress,institution,adversarial,opus-judgment-20260721,True
/the-presidency/presidential-speeches/november-17-1967-press-conference,45,Congress,institution,adversarial,judgment-full-20260720,congress,Congress,institution,adversarial,opus-judgment-20260721,True
/the-presidency/presidential-speeches/november-17-1967-press-conference,53,Ambassador Bunker,person,favorable,judgment-full-20260720,ambassador bunker,Ambassador Bunker,person,favorable,opus-judgment-20260721,True
/the-presidency/presidential-speeches/november-17-1967-press-conference,53,General Westmoreland,person,favorable,judgment-full-20260720,general westmoreland,General Westmoreland,person,favorable,opus-judgment-20260721,True
/the-presidency/presidential-speeches/november-17-1967-press-conference,58,Hitler,person,adversarial,judgment-full-20260720,hitler,Hitler,person,adversarial,opus-judgment-20260721,True
/the-presidency/presidential-speeches/november-17-1967-press-conference,58,President Eisenhower,person,favorable,judgment-full-20260720,president eisenhower,President Eisenhower,person,favorable,opus-judgment-20260721,True
/the-presidency/presidential-speeches/november-17-1967-press-conference,58,Secretary Dulles,person,favorable,judgment-full-20260720,secretary dulles,Secretary Dulles,person,favorable,opus-judgment-20260721,True
/the-presidency/presidential-speeches/november-17-1967-press-conference,60,Senator Dirksen,person,neutral,judgment-full-20260720,senator dirksen,Senator Dirksen,person,neutral,opus-judgment-20260721,True
/the-presidency/presidential-speeches/november-17-1967-press-conference,60,Senator Kennedy,person,neutral,judgment-full-20260720,senator kennedy,Senator Kennedy,person,neutral,opus-judgment-20260721,True
/the-presidency/presidential-speeches/november-17-1967-press-conference,64,Champ Clark,person,adversarial,judgment-full-20260720,champ clark,Champ Clark,person,adversarial,opus-judgment-20260721,True
/the-presidency/presidential-speeches/november-17-1967-press-conference,64,Senator Vandenberg,person,favorable,judgment-full-20260720,senator vandenberg,Senator Vandenberg,person,favorable,opus-judgment-20260721,True
/the-presidency/presidential-speeches/november-17-1967-press-conference,66,United Nations,institution,neutral,judgment-full-20260720,united nations,United Nations,institution,favorable,opus-judgment-20260721,False
/the-presidency/presidential-speeches/november-17-1967-press-conference,67,Senate Foreign Relations Committee,institution,neutral,judgment-full-20260720,senate foreign relations committee,Senate Foreign Relations Committee,institution,neutral,opus-judgment-20260721,True
/the-presidency/presidential-speeches/november-17-1967-press-conference,68,United Nations,institution,neutral,judgment-full-20260720,united nations,United Nations,institution,favorable,opus-judgment-20260721,False
/the-presidency/presidential-speeches/november-3-2010-press-conference-after-2010-midterm-elections,0,Harry Reid,person,favorable,judgment-full-20260720,harry reid,Harry Reid,person,favorable,opus-judgment-20260721,True
/the-presidency/presidential-speeches/november-3-2010-press-conference-after-2010-midterm-elections,0,John Boehner,person,neutral,judgment-full-20260720,john boehner,John Boehner,person,neutral,opus-judgment-20260721,True
/the-presidency/presidential-speeches/november-3-2010-press-conference-after-2010-midterm-elections,0,Mitch McConnell,person,neutral,judgment-full-20260720,mitch mcconnell,Mitch McConnell,person,neutral,opus-judgment-20260721,True
/the-presidency/presidential-speeches/november-3-2010-press-conference-after-2010-midterm-elections,0,Nancy Pelosi,person,favorable,judgment-full-20260720,nancy pelosi,Nancy Pelosi,person,favorable,opus-judgment-20260721,True
/the-presidency/presidential-speeches/november-3-2010-press-conference-after-2010-midterm-elections,3,John Boehner,person,neutral,judgment-full-20260720,john boehner,John Boehner,person,neutral,opus-judgment-20260721,True
/the-presidency/presidential-speeches/november-3-2010-press-conference-after-2010-midterm-elections,3,Mitch McConnell,person,neutral,judgment-full-20260720,mitch mcconnell,Mitch McConnell,person,neutral,opus-judgment-20260721,True
/the-presidency/presidential-speeches/november-3-2010-press-conference-after-2010-midterm-elections,8,John Boehner,person,neutral,judgment-full-20260720,john boehner,John Boehner,person,neutral,opus-judgment-20260721,True
/the-presidency/presidential-speeches/november-3-2010-press-conference-after-2010-midterm-elections,12,John Boehner,person,neutral,judgment-full-20260720,john boehner,John Boehner,person,neutral,opus-judgment-20260721,True
/the-presidency/presidential-speeches/november-3-2010-press-conference-after-2010-midterm-elections,12,Mitch McConnell,person,neutral,judgment-full-20260720,mitch mcconnell,Mitch McConnell,person,neutral,opus-judgment-20260721,True
/the-presidency/presidential-speeches/november-3-2010-press-conference-after-2010-midterm-elections,16,Eric Cantor,person,neutral,judgment-full-20260720,eric cantor,Eric Cantor,person,favorable,opus-judgment-20260721,False
/the-presidency/presidential-speeches/november-3-2010-press-conference-after-2010-midterm-elections,25,China,nation,adversarial,judgment-full-20260720,china,China,nation,neutral,opus-judgment-20260721,False
/the-presidency/presidential-speeches/november-3-2010-press-conference-after-2010-midterm-elections,25,Singapore,nation,adversarial,judgment-full-20260720,singapore,Singapore,nation,neutral,opus-judgment-20260721,False
/the-presidency/presidential-speeches/november-3-2010-press-conference-after-2010-midterm-elections,26,China,nation,adversarial,judgment-full-20260720,china,China,nation,neutral,opus-judgment-20260721,False
/the-presidency/presidential-speeches/november-3-2010-press-conference-after-2010-midterm-elections,38,John Boehner,person,neutral,judgment-full-20260720,john boehner,John Boehner,person,neutral,opus-judgment-20260721,True
/the-presidency/presidential-speeches/november-3-2010-press-conference-after-2010-midterm-elections,38,Mitch McConnell,person,neutral,judgment-full-20260720,mitch mcconnell,Mitch McConnell,person,neutral,opus-judgment-20260721,True
/the-presidency/presidential-speeches/november-3-2010-press-conference-after-2010-midterm-elections,45,Admiral Mullen,person,favorable,judgment-full-20260720,admiral mullen,Admiral Mullen,person,favorable,opus-judgment-20260721,True
/the-presidency/presidential-speeches/november-3-2010-press-conference-after-2010-midterm-elections,45,Secretary Gates,person,favorable,judgment-full-20260720,secretary gates,Secretary Gates,person,favorable,opus-judgment-20260721,True
/the-presidency/presidential-speeches/november-3-2010-press-conference-after-2010-midterm-elections,53,BP,institution,adversarial,judgment-full-20260720,bp,BP,institution,neutral,opus-judgment-20260721,False
/the-presidency/presidential-speeches/november-3-2010-press-conference-after-2010-midterm-elections,58,Bill Clinton,person,neutral,judgment-full-20260720,bill clinton,Bill Clinton,person,favorable,opus-judgment-20260721,False
/the-presidency/presidential-speeches/november-3-2010-press-conference-after-2010-midterm-elections,58,Ronald Reagan,person,neutral,judgment-full-20260720,ronald reagan,Ronald Reagan,person,favorable,opus-judgment-20260721,False
/the-presidency/presidential-speeches/november-30-1995-address-employees-mackie-metal-plant,1,Andrew Jackson,person,neutral,judgment-full-20260720,andrew jackson,Andrew Jackson,person,favorable,opus-judgment-20260721,False
/the-presidency/presidential-speeches/november-30-1995-address-employees-mackie-metal-plant,1,John Fitzgerald Kennedy,person,neutral,judgment-full-20260720,john fitzgerald kennedy,John Fitzgerald Kennedy,person,favorable,opus-judgment-20260721,False
/the-presidency/presidential-speeches/november-30-1995-address-employees-mackie-metal-plant,6,John Hume,person,favorable,judgment-full-20260720,john hume,John Hume,person,favorable,opus-judgment-20260721,True
/the-presidency/presidential-speeches/november-30-1995-address-employees-mackie-metal-plant,6,Prime Minister Bruton,person,favorable,judgment-full-20260720,prime minister bruton,Prime Minister Bruton,person,favorable,opus-judgment-20260721,True
/the-presidency/presidential-speeches/november-30-1995-address-employees-mackie-metal-plant,6,Prime Minister Major,person,favorable,judgment-full-20260720,prime minister major,Prime Minister Major,person,favorable,opus-judgment-20260721,True
/the-presidency/presidential-speeches/november-30-1995-address-employees-mackie-metal-plant,7,Gerry Adams,person,favorable,judgment-full-20260720,gerry adams,Gerry Adams,person,favorable,opus-judgment-20260721,True
/the-presidency/presidential-speeches/november-30-1995-address-employees-mackie-metal-plant,8,Irish Republican Army,group,neutral,judgment-full-20260720,irish republican army,Irish Republican Army,group,neutral,opus-judgment-20260721,True
/the-presidency/presidential-speeches/november-30-1995-address-employees-mackie-metal-plant,10,International Fund for Ireland,institution,favorable,judgment-full-20260720,international fund for ireland,International Fund for Ireland,institution,favorable,opus-judgment-20260721,True
/the-presidency/presidential-speeches/november-30-1995-address-employees-mackie-metal-plant,19,International Fund for Ireland,institution,favorable,judgment-full-20260720,international fund for ireland,International Fund for Ireland,institution,favorable,opus-judgment-20260721,True
/the-presidency/presidential-speeches/november-4-1812-fourth-annual-message,1,Great Britain,nation,adversarial,judgment-full-20260720,great britain,Great Britain,nation,adversarial,opus-judgment-20260721,True
/the-presidency/presidential-speeches/november-4-1812-fourth-annual-message,2,Brigadier-General Hull,person,neutral,judgment-full-20260720,brigadier-general hull,Brigadier-General Hull,person,neutral,opus-judgment-20260721,True
/the-presidency/presidential-speeches/november-4-1812-fourth-annual-message,5,Brigadier-General Harrison,person,favorable,judgment-full-20260720,brigadier-general harrison,Brigadier-General Harrison,person,favorable,opus-judgment-20260721,True
/the-presidency/presidential-speeches/november-4-1812-fourth-annual-message,6,Major-General Van Rensselaer,person,favorable,judgment-full-20260720,major-general van rensselaer,Major-General Van Rensselaer,person,favorable,opus-judgment-20260721,True
/the-presidency/presidential-speeches/november-4-1812-fourth-annual-message,8,governors of Maine and Connecticut,person,adversarial,judgment-full-20260720,governors of maine and connecticut,governors of Maine and Connecticut,group,adversarial,opus-judgment-20260721,True
/the-presidency/presidential-speeches/november-4-1812-fourth-annual-message,9,Captain Hull,person,favorable,judgment-full-20260720,captain hull,Captain Hull,person,favorable,opus-judgment-20260721,True
/the-presidency/presidential-speeches/november-4-1812-fourth-annual-message,9,Commodore Rodgers,person,favorable,judgment-full-20260720,commodore rodgers,Commodore Rodgers,person,favorable,opus-judgment-20260721,True
/the-presidency/presidential-speeches/november-4-1812-fourth-annual-message,11,Great Britain,nation,adversarial,judgment-full-20260720,great britain,Great Britain,nation,neutral,opus-judgment-20260721,False
/the-presidency/presidential-speeches/november-4-1812-fourth-annual-message,12,Admiral Warren,person,neutral,judgment-full-20260720,admiral warren,Admiral Warren,person,neutral,opus-judgment-20260721,True
/the-presidency/presidential-speeches/november-4-1812-fourth-annual-message,13,France,nation,neutral,judgment-full-20260720,france,France,nation,neutral,opus-judgment-20260721,True
/the-presidency/presidential-speeches/november-4-1812-fourth-annual-message,14,Denmark,nation,favorable,judgment-full-20260720,denmark,Denmark,nation,favorable,opus-judgment-20260721,True
/the-presidency/presidential-speeches/november-4-1812-fourth-annual-message,14,Russia,nation,favorable,judgment-full-20260720,russia,Russia,nation,favorable,opus-judgment-20260721,True
/the-presidency/presidential-speeches/november-4-1812-fourth-annual-message,14,Sweden,nation,favorable,judgment-full-20260720,sweden,Sweden,nation,favorable,opus-judgment-20260721,True
/the-presidency/presidential-speeches/november-4-1812-fourth-annual-message,15,Algiers,nation,adversarial,judgment-full-20260720,algiers,Algiers,nation,adversarial,opus-judgment-20260721,True
/the-presidency/presidential-speeches/november-4-1812-fourth-annual-message,25,Great Britain,nation,adversarial,judgment-full-20260720,great britain,Great Britain,nation,adversarial,opus-judgment-20260721,True
/the-presidency/presidential-speeches/november-5-2020-remarks-2020-election,1,big media,institution,adversarial,judgment-full-20260720,big media,big media,group,adversarial,opus-judgment-20260721,True
/the-presidency/presidential-speeches/november-5-2020-remarks-2020-election,1,big tech,institution,adversarial,judgment-full-20260720,big tech,big tech,group,adversarial,opus-judgment-20260721,True
/the-presidency/presidential-speeches/november-5-2020-remarks-2020-election,1,pollsters,group,adversarial,judgment-full-20260720,pollsters,pollsters,group,adversarial,opus-judgment-20260721,True
/the-presidency/presidential-speeches/november-5-2020-remarks-2020-election,2,Democrats,group,adversarial,judgment-full-20260720,democrats,Democrats,group,adversarial,opus-judgment-20260721,True
/the-presidency/presidential-speeches/november-5-2020-remarks-2020-election,2,the media,institution,neutral,judgment-full-20260720,the media,the media,group,neutral,opus-judgment-20260721,True
/the-presidency/presidential-speeches/november-5-2020-remarks-2020-election,3,Kevin McCarthy,person,favorable,judgment-full-20260720,kevin mccarthy,Kevin McCarthy,person,favorable,opus-judgment-20260721,True
/the-presidency/presidential-speeches/november-5-2020-remarks-2020-election,3,Wall Street bankers,group,adversarial,judgment-full-20260720,wall street bankers,Wall Street bankers,group,adversarial,opus-judgment-20260721,True
/the-presidency/presidential-speeches/november-5-2020-remarks-2020-election,5,Democrats,group,adversarial,judgment-full-20260720,democrats,Democrats,group,adversarial,opus-judgment-20260721,True
/the-presidency/presidential-speeches/november-5-2020-remarks-2020-election,5,Mr. Biden,person,adversarial,judgment-full-20260720,mr. biden,Mr. Biden,person,adversarial,opus-judgment-20260721,True
/the-presidency/presidential-speeches/november-5-2020-remarks-2020-election,5,big tech,institution,adversarial,judgment-full-20260720,big tech,big tech,group,adversarial,opus-judgment-20260721,True
/the-presidency/presidential-speeches/november-5-2020-remarks-2020-election,6,Quinnipiac,institution,adversarial,judgment-full-20260720,quinnipiac,Quinnipiac,institution,adversarial,opus-judgment-20260721,True
/the-presidency/presidential-speeches/november-5-2020-remarks-2020-election,7,Democrats,group,adversarial,judgment-full-20260720,democrats,Democrats,group,adversarial,opus-judgment-20260721,True
/the-presidency/presidential-speeches/november-5-2020-remarks-2020-election,7,Washington Post,institution,adversarial,judgment-full-20260720,washington post,Washington Post,institution,adversarial,opus-judgment-20260721,True
/the-presidency/presidential-speeches/november-5-2020-remarks-2020-election,11,Democrats,group,adversarial,judgment-full-20260720,democrats,Democrats,group,adversarial,opus-judgment-20260721,True
/the-presidency/presidential-speeches/november-5-2020-remarks-2020-election,13,Democrats,group,adversarial,judgment-full-20260720,democrats,Democrats,group,adversarial,opus-judgment-20260721,True
/the-presidency/presidential-speeches/november-5-2020-remarks-2020-election,16,Detroit,other,adversarial,judgment-full-20260720,detroit,Detroit,other,adversarial,opus-judgment-20260721,True
/the-presidency/presidential-speeches/november-5-2020-remarks-2020-election,16,Philadelphia,other,adversarial,judgment-full-20260720,philadelphia,Philadelphia,other,adversarial,opus-judgment-20260721,True
/the-presidency/presidential-speeches/november-5-2020-remarks-2020-election,17,Democrats,group,adversarial,judgment-full-20260720,democrats,Democrats,group,adversarial,opus-judgment-20260721,True
/the-presidency/presidential-speeches/november-5-2020-remarks-2020-election,18,11th Circuit,institution,neutral,judgment-full-20260720,11th circuit,11th Circuit,institution,neutral,opus-judgment-20260721,True
/the-presidency/presidential-speeches/november-5-2020-remarks-2020-election,19,Democrat officials,group,adversarial,judgment-full-20260720,democrat officials,Democrat officials,group,adversarial,opus-judgment-20260721,True
/the-presidency/presidential-speeches/november-5-2020-remarks-2020-election,22,Detroit,other,adversarial,judgment-full-20260720,detroit,Detroit,other,adversarial,opus-judgment-20260721,True
/the-presidency/presidential-speeches/november-5-2020-remarks-2020-election,23,Detroit,other,adversarial,judgment-full-20260720,detroit,Detroit,other,adversarial,opus-judgment-20260721,True
/the-presidency/presidential-speeches/november-5-2020-remarks-2020-election,24,Detroit,other,adversarial,judgment-full-20260720,detroit,Detroit,other,adversarial,opus-judgment-20260721,True
/the-presidency/presidential-speeches/november-5-2020-remarks-2020-election,25,Biden,person,adversarial,judgment-full-20260720,biden,Biden,person,adversarial,opus-judgment-20260721,True
/the-presidency/presidential-speeches/november-5-2020-remarks-2020-election,25,Democrat-run locations,institution,adversarial,judgment-full-20260720,democrat-run locations,Democrat-run locations,group,adversarial,opus-judgment-20260721,True
/the-presidency/presidential-speeches/november-5-2020-remarks-2020-election,26,Joe,person,adversarial,judgment-full-20260720,joe,Joe,person,adversarial,opus-judgment-20260721,True
/the-presidency/presidential-speeches/november-8-1977-address-nation-energy,0,Congress,institution,neutral,judgment-full-20260720,congress,Congress,institution,favorable,opus-judgment-r2-20260722,False
/the-presidency/presidential-speeches/november-8-1977-address-nation-energy,0,Department of Energy,institution,neutral,judgment-full-20260720,department of energy,Department of Energy,institution,neutral,opus-judgment-r2-20260722,True
/the-presidency/presidential-speeches/november-8-1977-address-nation-energy,0,James Schlesinger,person,favorable,judgment-full-20260720,james schlesinger,James Schlesinger,person,favorable,opus-judgment-r2-20260722,True
/the-presidency/presidential-speeches/november-8-1977-address-nation-energy,1,Congress,institution,neutral,judgment-full-20260720,congress,Congress,institution,neutral,opus-judgment-r2-20260722,True
/the-presidency/presidential-speeches/november-8-1977-address-nation-energy,6,OPEC,group,adversarial,judgment-full-20260720,opec,OPEC,group,adversarial,opus-judgment-r2-20260722,True
/the-presidency/presidential-speeches/november-8-1977-address-nation-energy,8,Congress,institution,neutral,judgment-full-20260720,congress,Congress,institution,favorable,opus-judgment-r2-20260722,False
/the-presidency/presidential-speeches/november-8-1977-address-nation-energy,10,oil companies,group,adversarial,judgment-full-20260720,oil companies,oil companies,group,adversarial,opus-judgment-r2-20260722,True
/the-presidency/presidential-speeches/november-8-1977-address-nation-energy,11,oil companies,group,adversarial,judgment-full-20260720,oil companies,oil companies,group,adversarial,opus-judgment-r2-20260722,True
/the-presidency/presidential-speeches/november-8-1977-address-nation-energy,12,Congress,institution,neutral,judgment-full-20260720,congress,Congress,institution,neutral,opus-judgment-r2-20260722,True
/the-presidency/presidential-speeches/november-8-1977-address-nation-energy,13,Congress,institution,neutral,judgment-full-20260720,congress,Congress,institution,favorable,opus-judgment-r2-20260722,False
/the-presidency/presidential-speeches/november-8-1977-address-nation-energy,15,Congress,institution,favorable,judgment-full-20260720,congress,Congress,institution,favorable,opus-judgment-r2-20260722,True
/the-presidency/presidential-speeches/october-1-1888-message-regarding-chinese-exclusion-act,0,China,nation,neutral,judgment-full-20260720,china,China,nation,neutral,opus-judgment-r2-20260722,True
/the-presidency/presidential-speeches/october-1-1990-address-united-nations,0,Guido De Marco,person,favorable,judgment-r2-20260720,guido de marco,Guido De Marco,person,favorable,opus-judgment-20260721,True
/the-presidency/presidential-speeches/october-1-1990-address-united-nations,0,United Nations,institution,favorable,judgment-r2-20260720,united nations,United Nations,institution,favorable,opus-judgment-20260721,True
/the-presidency/presidential-speeches/october-1-1990-address-united-nations,3,Soviet Union,nation,favorable,judgment-r2-20260720,soviet union,Soviet Union,nation,favorable,opus-judgment-20260721,True
/the-presidency/presidential-speeches/october-1-1990-address-united-nations,4,Iraq,nation,adversarial,judgment-r2-20260720,iraq,Iraq,nation,adversarial,opus-judgment-20260721,True
/the-presidency/presidential-speeches/october-1-1990-address-united-nations,4,Soviet Union,nation,favorable,judgment-r2-20260720,soviet union,Soviet Union,nation,favorable,opus-judgment-20260721,True
/the-presidency/presidential-speeches/october-1-1990-address-united-nations,8,Arab League,institution,favorable,judgment-r2-20260720,arab league,Arab League,institution,favorable,opus-judgment-20260721,True
/the-presidency/presidential-speeches/october-1-1990-address-united-nations,8,Iraq,nation,adversarial,judgment-r2-20260720,iraq,Iraq,nation,adversarial,opus-judgment-20260721,True
/the-presidency/presidential-speeches/october-1-1990-address-united-nations,8,Kuwait,nation,favorable,judgment-r2-20260720,kuwait,Kuwait,nation,favorable,opus-judgment-20260721,True
/the-presidency/presidential-speeches/october-1-1990-address-united-nations,9,Iraq,nation,adversarial,judgment-r2-20260720,iraq,Iraq,nation,adversarial,opus-judgment-20260721,True
/the-presidency/presidential-speeches/october-1-1990-address-united-nations,9,the dictator,person,adversarial,judgment-r2-20260720,the dictator,the dictator,person,adversarial,opus-judgment-20260721,True
/the-presidency/presidential-speeches/october-1-1990-address-united-nations,11,Iraq,nation,neutral,judgment-r2-20260720,iraq,Iraq,nation,neutral,opus-judgment-20260721,True
/the-presidency/presidential-speeches/october-1-1990-address-united-nations,11,Israel,nation,neutral,judgment-r2-20260720,israel,Israel,nation,neutral,opus-judgment-20260721,True
/the-presidency/presidential-speeches/october-1-1990-address-united-nations,11,Kuwait,nation,neutral,judgment-r2-20260720,kuwait,Kuwait,nation,favorable,opus-judgment-20260721,False
/the-presidency/presidential-speeches/october-1-1990-address-united-nations,12,Iraq,nation,adversarial,judgment-r2-20260720,iraq,Iraq,nation,adversarial,opus-judgment-20260721,True
/the-presidency/presidential-speeches/october-1-1990-address-united-nations,13,Iraq,nation,adversarial,judgment-r2-20260720,iraq,Iraq,nation,adversarial,opus-judgment-20260721,True
/the-presidency/presidential-speeches/october-1-1990-address-united-nations,14,Soviet Union,nation,favorable,judgment-r2-20260720,soviet union,Soviet Union,nation,favorable,opus-judgment-20260721,True
/the-presidency/presidential-speeches/october-1-1990-address-united-nations,16,United Nations,institution,favorable,judgment-r2-20260720,united nations,United Nations,institution,favorable,opus-judgment-20260721,True
/the-presidency/presidential-speeches/october-1-1990-address-united-nations,22,United Nations,institution,favorable,judgment-r2-20260720,united nations,United Nations,institution,favorable,opus-judgment-20260721,True
/the-presidency/presidential-speeches/october-1-1990-address-united-nations,25,Republic of Korea,nation,favorable,judgment-r2-20260720,republic of korea,Republic of Korea,nation,favorable,opus-judgment-20260721,True
/the-presidency/presidential-speeches/october-1-1990-address-united-nations,26,Javier Perez de Cuellar,person,favorable,judgment-r2-20260720,javier perez de cuellar,Javier Perez de Cuellar,person,favorable,opus-judgment-20260721,True
/the-presidency/presidential-speeches/october-1-1990-address-united-nations,26,United Nations,institution,favorable,judgment-r2-20260720,united nations,United Nations,institution,favorable,opus-judgment-20260721,True
/the-presidency/presidential-speeches/october-1-1990-address-united-nations,27,United Nations,institution,favorable,judgment-r2-20260720,united nations,United Nations,institution,favorable,opus-judgment-20260721,True
/the-presidency/presidential-speeches/october-1-1990-address-united-nations,28,United Nations,institution,favorable,judgment-r2-20260720,united nations,United Nations,institution,favorable,opus-judgment-20260721,True
/the-presidency/presidential-speeches/october-12-1937-fireside-chat-10-new-legislation,0,enemies of democracy,group,adversarial,judgment-full-20260720,enemies of democracy,enemies of democracy,group,adversarial,opus-judgment-20260721,True
/the-presidency/presidential-speeches/october-12-1937-fireside-chat-10-new-legislation,1,those who do not like democracy,group,adversarial,judgment-full-20260720,those who do not like democracy,Those who do not like democracy,group,adversarial,opus-judgment-20260721,True
/the-presidency/presidential-speeches/october-12-1937-fireside-chat-10-new-legislation,10,big manufacturers,group,adversarial,judgment-full-20260720,big manufacturers,big manufacturers,group,adversarial,opus-judgment-20260721,True
/the-presidency/presidential-speeches/october-12-1937-fireside-chat-10-new-legislation,13,CCC,institution,favorable,judgment-full-20260720,ccc,CCC,institution,favorable,opus-judgment-20260721,True
/the-presidency/presidential-speeches/october-12-1937-fireside-chat-10-new-legislation,13,WPA,institution,favorable,judgment-full-20260720,wpa,WPA,institution,favorable,opus-judgment-20260721,True
/the-presidency/presidential-speeches/october-12-1937-fireside-chat-10-new-legislation,19,private monopolies and financial oligarchies,group,adversarial,judgment-full-20260720,private monopolies and financial oligarchies,private monopolies and financial oligarchies,group,adversarial,opus-judgment-20260721,True
/the-presidency/presidential-speeches/october-12-1937-fireside-chat-10-new-legislation,20,monopolies,group,adversarial,judgment-full-20260720,monopolies,monopolies,group,adversarial,opus-judgment-20260721,True
/the-presidency/presidential-speeches/october-12-1937-fireside-chat-10-new-legislation,23,China,nation,neutral,judgment-full-20260720,china,China,nation,neutral,opus-judgment-20260721,True
/the-presidency/presidential-speeches/october-12-1937-fireside-chat-10-new-legislation,23,Japan,nation,neutral,judgment-full-20260720,japan,Japan,nation,neutral,opus-judgment-20260721,True
/the-presidency/presidential-speeches/october-17-1966-remarks-departing-asia-pacific-trip,0,Dirksen,person,neutral,judgment-full-20260720,dirksen,Dirksen,person,neutral,opus-judgment-20260721,True
/the-presidency/presidential-speeches/october-17-1966-remarks-departing-asia-pacific-trip,0,Mansfield,person,neutral,judgment-full-20260720,mansfield,Mansfield,person,neutral,opus-judgment-20260721,True
/the-presidency/presidential-speeches/october-17-1966-remarks-departing-asia-pacific-trip,0,McCormack,person,neutral,judgment-full-20260720,mccormack,McCormack,person,neutral,opus-judgment-20260721,True
/the-presidency/presidential-speeches/october-17-1966-remarks-departing-asia-pacific-trip,0,Rusk,person,neutral,judgment-full-20260720,rusk,Rusk,person,neutral,opus-judgment-20260721,True
/the-presidency/presidential-speeches/october-17-1966-remarks-departing-asia-pacific-trip,1,Vietnam,nation,favorable,judgment-full-20260720,vietnam,Vietnam,nation,favorable,opus-judgment-20260721,True
/the-presidency/presidential-speeches/october-18-1931-message-regarding-unemployment-relief,1,Walter Gifford,person,favorable,judgment-r2-20260720,walter gifford,Walter Gifford,person,favorable,opus-judgment-20260721,True
/the-presidency/presidential-speeches/october-18-1931-message-regarding-unemployment-relief,4,Colonel Woods,person,favorable,judgment-r2-20260720,colonel woods,Colonel Woods,person,favorable,opus-judgment-20260721,True
/the-presidency/presidential-speeches/october-20-1903-message-convening-special-session-congress,0,Congress,institution,neutral,judgment-full-20260720,congress,Congress,institution,neutral,opus-judgment-20260721,True
/the-presidency/presidential-speeches/october-20-1903-message-convening-special-session-congress,0,Cuba,nation,neutral,judgment-full-20260720,cuba,Cuba,nation,favorable,opus-judgment-20260721,False
/the-presidency/presidential-speeches/october-20-1903-message-convening-special-session-congress,1,John Hay,person,neutral,judgment-full-20260720,john hay,John Hay,person,neutral,opus-judgment-20260721,True
/the-presidency/presidential-speeches/october-20-1903-message-convening-special-session-congress,1,Theodore Roosevelt,person,neutral,judgment-full-20260720,theodore roosevelt,Theodore Roosevelt,person,neutral,opus-judgment-20260721,True
/the-presidency/presidential-speeches/october-21-1932-campaign-speech-madison-square-garden,0,the opposition,group,adversarial,judgment-full-20260720,the opposition,the opposition,group,adversarial,opus-judgment-r2-20260722,True
/the-presidency/presidential-speeches/october-21-1932-campaign-speech-madison-square-garden,4,Democratic Party,group,adversarial,judgment-full-20260720,democratic party,Democratic Party,group,adversarial,opus-judgment-r2-20260722,True
/the-presidency/presidential-speeches/october-21-1932-campaign-speech-madison-square-garden,4,Senator LaFollette,person,adversarial,judgment-full-20260720,senator lafollette,Senator LaFollette,person,adversarial,opus-judgment-r2-20260722,True
/the-presidency/presidential-speeches/october-21-1932-campaign-speech-madison-square-garden,4,Senator Norris,person,adversarial,judgment-full-20260720,senator norris,Senator Norris,person,adversarial,opus-judgment-r2-20260722,True
/the-presidency/presidential-speeches/october-21-1932-campaign-speech-madison-square-garden,4,William R. Hearst,person,adversarial,judgment-full-20260720,william r. hearst,William R. Hearst,person,adversarial,opus-judgment-r2-20260722,True
/the-presidency/presidential-speeches/october-21-1932-campaign-speech-madison-square-garden,8,Farm Board,institution,favorable,judgment-full-20260720,farm board,Farm Board,institution,favorable,opus-judgment-r2-20260722,True
/the-presidency/presidential-speeches/october-21-1932-campaign-speech-madison-square-garden,8,Federal Reserve System,institution,favorable,judgment-full-20260720,federal reserve system,Federal Reserve System,institution,favorable,opus-judgment-r2-20260722,True
/the-presidency/presidential-speeches/october-21-1932-campaign-speech-madison-square-garden,12,Democratic House of Representatives,institution,adversarial,judgment-full-20260720,democratic house of representatives,Democratic House of Representatives,institution,adversarial,opus-judgment-r2-20260722,True
/the-presidency/presidential-speeches/october-21-1932-campaign-speech-madison-square-garden,12,Republican Party,group,favorable,judgment-full-20260720,republican party,Republican Party,group,favorable,opus-judgment-r2-20260722,True
/the-presidency/presidential-speeches/october-21-1932-campaign-speech-madison-square-garden,19,vote-seeking men,group,adversarial,judgment-full-20260720,vote-seeking men,vote-seeking men,group,adversarial,opus-judgment-r2-20260722,True
/the-presidency/presidential-speeches/october-21-1932-campaign-speech-madison-square-garden,21,Democratic House of Representatives,institution,adversarial,judgment-full-20260720,democratic house of representatives,Democratic House of Representatives,institution,adversarial,opus-judgment-r2-20260722,True
/the-presidency/presidential-speeches/october-21-1932-campaign-speech-madison-square-garden,21,Republican Administration,institution,favorable,judgment-full-20260720,republican administration,Republican Administration,institution,favorable,opus-judgment-r2-20260722,True
/the-presidency/presidential-speeches/october-21-1932-campaign-speech-madison-square-garden,23,Democratic Party,group,adversarial,judgment-full-20260720,democratic party,Democratic Party,group,adversarial,opus-judgment-r2-20260722,True
/the-presidency/presidential-speeches/october-21-1932-campaign-speech-madison-square-garden,24,Democratic House,institution,adversarial,judgment-full-20260720,democratic house,Democratic House,institution,adversarial,opus-judgment-r2-20260722,True
/the-presidency/presidential-speeches/october-21-1932-campaign-speech-madison-square-garden,24,Democratic Vice-Presidential candidate,person,adversarial,judgment-full-20260720,democratic vice-presidential candidate,Democratic Vice-Presidential candidate,person,adversarial,opus-judgment-r2-20260722,True
/the-presidency/presidential-speeches/october-21-1932-campaign-speech-madison-square-garden,25,Democratic control,group,adversarial,judgment-full-20260720,democratic control,Democratic control,group,adversarial,opus-judgment-r2-20260722,True
/the-presidency/presidential-speeches/october-21-1932-campaign-speech-madison-square-garden,25,George Washington,person,favorable,judgment-full-20260720,george washington,George Washington,person,favorable,opus-judgment-r2-20260722,True
/the-presidency/presidential-speeches/october-21-1932-campaign-speech-madison-square-garden,26,Democratic House,institution,adversarial,judgment-full-20260720,democratic house,Democratic House,institution,adversarial,opus-judgment-r2-20260722,True
/the-presidency/presidential-speeches/october-21-1932-campaign-speech-madison-square-garden,26,Democratic candidate,person,adversarial,judgment-full-20260720,democratic candidate,Democratic candidate,person,adversarial,opus-judgment-r2-20260722,True
/the-presidency/presidential-speeches/october-21-1932-campaign-speech-madison-square-garden,26,Republican Party,group,favorable,judgment-full-20260720,republican party,Republican Party,group,favorable,opus-judgment-r2-20260722,True
/the-presidency/presidential-speeches/october-21-1932-campaign-speech-madison-square-garden,27,Democratic National Committee,institution,adversarial,judgment-full-20260720,democratic national committee,Democratic National Committee,institution,adversarial,opus-judgment-r2-20260722,True
/the-presidency/presidential-speeches/october-21-1932-campaign-speech-madison-square-garden,27,Democratic Senators,group,adversarial,judgment-full-20260720,democratic senators,Democratic Senators,group,adversarial,opus-judgment-r2-20260722,True
/the-presidency/presidential-speeches/october-21-1932-campaign-speech-madison-square-garden,31,Democratic candidate,person,adversarial,judgment-full-20260720,democratic candidate,Democratic candidate,person,adversarial,opus-judgment-r2-20260722,True
/the-presidency/presidential-speeches/october-21-1932-campaign-speech-madison-square-garden,32,Democratic Party,group,adversarial,judgment-full-20260720,democratic party,Democratic Party,group,adversarial,opus-judgment-r2-20260722,True
/the-presidency/presidential-speeches/october-21-1932-campaign-speech-madison-square-garden,33,Governor Roosevelt,person,adversarial,judgment-full-20260720,governor roosevelt,Governor Roosevelt,person,adversarial,opus-judgment-r2-20260722,True
/the-presidency/presidential-speeches/october-21-1932-campaign-speech-madison-square-garden,34,Republican Party,group,favorable,judgment-full-20260720,republican party,Republican Party,group,favorable,opus-judgment-r2-20260722,True
/the-presidency/presidential-speeches/october-21-1932-campaign-speech-madison-square-garden,34,Supreme Court,institution,favorable,judgment-full-20260720,supreme court,Supreme Court,institution,favorable,opus-judgment-r2-20260722,True
/the-presidency/presidential-speeches/october-21-1932-campaign-speech-madison-square-garden,35,Democratic candidate,person,adversarial,judgment-full-20260720,democratic candidate,Democratic candidate,person,adversarial,opus-judgment-r2-20260722,True
/the-presidency/presidential-speeches/october-21-1932-campaign-speech-madison-square-garden,36,Democratic candidate,person,adversarial,judgment-full-20260720,democratic candidate,Democratic candidate,person,adversarial,opus-judgment-r2-20260722,True
/the-presidency/presidential-speeches/october-21-1932-campaign-speech-madison-square-garden,40,Samuel Gompers,person,favorable,judgment-full-20260720,samuel gompers,Samuel Gompers,person,favorable,opus-judgment-r2-20260722,True
/the-presidency/presidential-speeches/october-22-1952-rear-platform-remarks,0,Adlai Stevenson,person,favorable,judgment-full-20260720,adlai stevenson,Adlai Stevenson,person,favorable,opus-judgment-r2-20260722,True
/the-presidency/presidential-speeches/october-22-1952-rear-platform-remarks,0,Democratic Party,group,favorable,judgment-full-20260720,democratic party,Democratic Party,group,favorable,opus-judgment-r2-20260722,True
/the-presidency/presidential-speeches/october-22-1986-remarks-signing-tax-reform-act,1,Washington Post,institution,neutral,judgment-full-20260720,washington post,Washington Post,institution,neutral,opus-judgment-20260721,True
/the-presidency/presidential-speeches/october-22-1986-remarks-signing-tax-reform-act,11,Bob Dole,person,favorable,judgment-full-20260720,bob dole,Bob Dole,person,favorable,opus-judgment-20260721,True
/the-presidency/presidential-speeches/october-22-1986-remarks-signing-tax-reform-act,11,Bob Packwood,person,favorable,judgment-full-20260720,bob packwood,Bob Packwood,person,favorable,opus-judgment-20260721,True
/the-presidency/presidential-speeches/october-22-1986-remarks-signing-tax-reform-act,11,Dan Rostenkowski,person,favorable,judgment-full-20260720,dan rostenkowski,Dan Rostenkowski,person,favorable,opus-judgment-20260721,True
/the-presidency/presidential-speeches/october-22-1986-remarks-signing-tax-reform-act,11,Don Regan,person,favorable,judgment-full-20260720,don regan,Don Regan,person,favorable,opus-judgment-20260721,True
/the-presidency/presidential-speeches/october-22-1986-remarks-signing-tax-reform-act,11,Jack Kemp,person,favorable,judgment-full-20260720,jack kemp,Jack Kemp,person,favorable,opus-judgment-20260721,True
/the-presidency/presidential-speeches/october-22-1986-remarks-signing-tax-reform-act,11,Jim Baker,person,favorable,judgment-full-20260720,jim baker,Jim Baker,person,favorable,opus-judgment-20260721,True
/the-presidency/presidential-speeches/october-25-1791-third-annual-message-congress,2,Bank of the United States,institution,favorable,judgment-full-20260720,bank of the united states,Bank of the United States,institution,favorable,opus-judgment-20260721,True
/the-presidency/presidential-speeches/october-25-1791-third-annual-message-congress,4,Militia of Kentucke,group,favorable,judgment-full-20260720,militia of kentucke,Militia of Kentucke,group,favorable,opus-judgment-20260721,True
/the-presidency/presidential-speeches/october-25-1791-third-annual-message-congress,4,the refractory,group,adversarial,judgment-full-20260720,the refractory,the refractory,group,adversarial,opus-judgment-20260721,True
/the-presidency/presidential-speeches/october-25-1791-third-annual-message-congress,12,Holland,nation,neutral,judgment-full-20260720,holland,Holland,nation,neutral,opus-judgment-20260721,True
/the-presidency/presidential-speeches/october-25-1791-third-annual-message-congress,13,Cherokees,group,neutral,judgment-full-20260720,cherokees,Cherokees,group,neutral,opus-judgment-20260721,True
/the-presidency/presidential-speeches/october-25-1791-third-annual-message-congress,13,Six Nations,group,neutral,judgment-full-20260720,six nations,Six Nations,group,neutral,opus-judgment-20260721,True
/the-presidency/presidential-speeches/october-25-1913-address-congress-hall-philadelphia,7,George Washington,person,favorable,judgment-full-20260720,george washington,George Washington,person,favorable,opus-judgment-20260721,True
/the-presidency/presidential-speeches/october-27-1983-speech-nation-lebanon-and-grenada,7,Israel,nation,favorable,judgment-full-20260720,israel,Israel,nation,favorable,opus-judgment-r2-20260722,True
/the-presidency/presidential-speeches/october-27-1983-speech-nation-lebanon-and-grenada,7,PLO,group,adversarial,judgment-full-20260720,plo,PLO,group,adversarial,opus-judgment-r2-20260722,True
/the-presidency/presidential-speeches/october-27-1983-speech-nation-lebanon-and-grenada,8,Israel,nation,favorable,judgment-full-20260720,israel,Israel,nation,favorable,opus-judgment-r2-20260722,True
/the-presidency/presidential-speeches/october-27-1983-speech-nation-lebanon-and-grenada,8,Syria,nation,adversarial,judgment-full-20260720,syria,Syria,nation,adversarial,opus-judgment-r2-20260722,True
/the-presidency/presidential-speeches/october-27-1983-speech-nation-lebanon-and-grenada,9,Israel,nation,neutral,judgment-full-20260720,israel,Israel,nation,favorable,opus-judgment-r2-20260722,False
/the-presidency/presidential-speeches/october-27-1983-speech-nation-lebanon-and-grenada,9,Syria,nation,adversarial,judgment-full-20260720,syria,Syria,nation,adversarial,opus-judgment-r2-20260722,True
/the-presidency/presidential-speeches/october-27-1983-speech-nation-lebanon-and-grenada,14,terrorists,group,adversarial,judgment-full-20260720,terrorists,terrorists,group,adversarial,opus-judgment-r2-20260722,True
/the-presidency/presidential-speeches/october-27-1983-speech-nation-lebanon-and-grenada,15,terrorists,group,adversarial,judgment-full-20260720,terrorists,terrorists,group,adversarial,opus-judgment-r2-20260722,True
/the-presidency/presidential-speeches/october-27-1983-speech-nation-lebanon-and-grenada,19,Israel,nation,favorable,judgment-full-20260720,israel,Israel,nation,favorable,opus-judgment-r2-20260722,True
/the-presidency/presidential-speeches/october-27-1983-speech-nation-lebanon-and-grenada,20,Soviet bloc,nation,adversarial,judgment-full-20260720,soviet bloc,Soviet bloc,nation,adversarial,opus-judgment-r2-20260722,True
/the-presidency/presidential-speeches/october-27-1983-speech-nation-lebanon-and-grenada,25,Cuba,nation,adversarial,judgment-full-20260720,cuba,Cuba,nation,adversarial,opus-judgment-r2-20260722,True
/the-presidency/presidential-speeches/october-27-1983-speech-nation-lebanon-and-grenada,25,Fidel Castro,person,adversarial,judgment-full-20260720,fidel castro,Fidel Castro,person,adversarial,opus-judgment-r2-20260722,True
/the-presidency/presidential-speeches/october-27-1983-speech-nation-lebanon-and-grenada,25,Maurice Bishop,person,adversarial,judgment-full-20260720,maurice bishop,Maurice Bishop,person,adversarial,opus-judgment-r2-20260722,True
/the-presidency/presidential-speeches/october-27-1983-speech-nation-lebanon-and-grenada,30,Iran,nation,adversarial,judgment-full-20260720,iran,Iran,nation,adversarial,opus-judgment-r2-20260722,True
/the-presidency/presidential-speeches/october-27-1983-speech-nation-lebanon-and-grenada,31,Cubans,group,adversarial,judgment-full-20260720,cubans,Cubans,group,adversarial,opus-judgment-r2-20260722,True
/the-presidency/presidential-speeches/october-27-1983-speech-nation-lebanon-and-grenada,34,Eugenia Charles,person,favorable,judgment-full-20260720,eugenia charles,Eugenia Charles,person,favorable,opus-judgment-r2-20260722,True
/the-presidency/presidential-speeches/october-27-1983-speech-nation-lebanon-and-grenada,35,Castro,person,adversarial,judgment-full-20260720,castro,Castro,person,adversarial,opus-judgment-r2-20260722,True
/the-presidency/presidential-speeches/october-27-1983-speech-nation-lebanon-and-grenada,35,Cuba,nation,adversarial,judgment-full-20260720,cuba,Cuba,nation,adversarial,opus-judgment-r2-20260722,True
/the-presidency/presidential-speeches/october-27-1983-speech-nation-lebanon-and-grenada,35,Moscow,nation,adversarial,judgment-full-20260720,moscow,Moscow,nation,adversarial,opus-judgment-r2-20260722,True
/the-presidency/presidential-speeches/october-27-1983-speech-nation-lebanon-and-grenada,35,Soviet Union,nation,adversarial,judgment-full-20260720,soviet union,Soviet Union,nation,adversarial,opus-judgment-r2-20260722,True
/the-presidency/presidential-speeches/october-27-1983-speech-nation-lebanon-and-grenada,37,Sam Rayburn,person,favorable,judgment-full-20260720,sam rayburn,Sam Rayburn,person,favorable,opus-judgment-r2-20260722,True
/the-presidency/presidential-speeches/october-27-1983-speech-nation-lebanon-and-grenada,38,Democratic leaders,group,favorable,judgment-full-20260720,democratic leaders,Democratic leaders,group,favorable,opus-judgment-r2-20260722,True
/the-presidency/presidential-speeches/october-27-1983-speech-nation-lebanon-and-grenada,38,Republican colleagues,group,favorable,judgment-full-20260720,republican colleagues,Republican colleagues,group,favorable,opus-judgment-r2-20260722,True
/the-presidency/presidential-speeches/october-27-1983-speech-nation-lebanon-and-grenada,52,Israel,nation,favorable,judgment-full-20260720,israel,Israel,nation,favorable,opus-judgment-r2-20260722,True
/the-presidency/presidential-speeches/october-27-1983-speech-nation-lebanon-and-grenada,52,PLO,group,adversarial,judgment-full-20260720,plo,PLO,group,adversarial,opus-judgment-r2-20260722,True
/the-presidency/presidential-speeches/october-27-1983-speech-nation-lebanon-and-grenada,53,Israel,nation,favorable,judgment-full-20260720,israel,Israel,nation,favorable,opus-judgment-r2-20260722,True
/the-presidency/presidential-speeches/october-27-1983-speech-nation-lebanon-and-grenada,53,Syria,nation,adversarial,judgment-full-20260720,syria,Syria,nation,adversarial,opus-judgment-r2-20260722,True
/the-presidency/presidential-speeches/october-27-1983-speech-nation-lebanon-and-grenada,54,Israel,nation,neutral,judgment-full-20260720,israel,Israel,nation,favorable,opus-judgment-r2-20260722,False
/the-presidency/presidential-speeches/october-27-1983-speech-nation-lebanon-and-grenada,54,Syria,nation,adversarial,judgment-full-20260720,syria,Syria,nation,adversarial,opus-judgment-r2-20260722,True
/the-presidency/presidential-speeches/october-27-1983-speech-nation-lebanon-and-grenada,59,terrorists,group,adversarial,judgment-full-20260720,terrorists,terrorists,group,adversarial,opus-judgment-r2-20260722,True
/the-presidency/presidential-speeches/october-27-1983-speech-nation-lebanon-and-grenada,60,terrorists,group,adversarial,judgment-full-20260720,terrorists,terrorists,group,adversarial,opus-judgment-r2-20260722,True
/the-presidency/presidential-speeches/october-27-1983-speech-nation-lebanon-and-grenada,64,Israel,nation,favorable,judgment-full-20260720,israel,Israel,nation,favorable,opus-judgment-r2-20260722,True
/the-presidency/presidential-speeches/october-27-1983-speech-nation-lebanon-and-grenada,65,Soviet bloc,nation,adversarial,judgment-full-20260720,soviet bloc,Soviet bloc,nation,adversarial,opus-judgment-r2-20260722,True
/the-presidency/presidential-speeches/october-27-1983-speech-nation-lebanon-and-grenada,70,Cuba,nation,adversarial,judgment-full-20260720,cuba,Cuba,nation,adversarial,opus-judgment-r2-20260722,True
/the-presidency/presidential-speeches/october-27-1983-speech-nation-lebanon-and-grenada,70,Fidel Castro,person,adversarial,judgment-full-20260720,fidel castro,Fidel Castro,person,adversarial,opus-judgment-r2-20260722,True
/the-presidency/presidential-speeches/october-27-1983-speech-nation-lebanon-and-grenada,70,Maurice Bishop,person,adversarial,judgment-full-20260720,maurice bishop,Maurice Bishop,person,adversarial,opus-judgment-r2-20260722,True
/the-presidency/presidential-speeches/october-27-1983-speech-nation-lebanon-and-grenada,71,Bishop,person,adversarial,judgment-full-20260720,bishop,Bishop,person,adversarial,opus-judgment-r2-20260722,True
/the-presidency/presidential-speeches/october-27-1983-speech-nation-lebanon-and-grenada,75,Iran,nation,adversarial,judgment-full-20260720,iran,Iran,nation,adversarial,opus-judgment-r2-20260722,True
/the-presidency/presidential-speeches/october-27-1983-speech-nation-lebanon-and-grenada,76,Cubans,group,adversarial,judgment-full-20260720,cubans,Cubans,group,adversarial,opus-judgment-r2-20260722,True
/the-presidency/presidential-speeches/october-27-1983-speech-nation-lebanon-and-grenada,79,Eugenia Charles,person,favorable,judgment-full-20260720,eugenia charles,Eugenia Charles,person,favorable,opus-judgment-r2-20260722,True
/the-presidency/presidential-speeches/october-27-1983-speech-nation-lebanon-and-grenada,80,Castro,person,adversarial,judgment-full-20260720,castro,Castro,person,adversarial,opus-judgment-r2-20260722,True
/the-presidency/presidential-speeches/october-27-1983-speech-nation-lebanon-and-grenada,80,Cuba,nation,adversarial,judgment-full-20260720,cuba,Cuba,nation,adversarial,opus-judgment-r2-20260722,True
/the-presidency/presidential-speeches/october-27-1983-speech-nation-lebanon-and-grenada,80,Moscow,nation,adversarial,judgment-full-20260720,moscow,Moscow,nation,adversarial,opus-judgment-r2-20260722,True
/the-presidency/presidential-speeches/october-27-1983-speech-nation-lebanon-and-grenada,80,Soviet Union,nation,adversarial,judgment-full-20260720,soviet union,Soviet Union,nation,adversarial,opus-judgment-r2-20260722,True
/the-presidency/presidential-speeches/october-27-1983-speech-nation-lebanon-and-grenada,82,Sam Rayburn,person,favorable,judgment-full-20260720,sam rayburn,Sam Rayburn,person,favorable,opus-judgment-r2-20260722,True
/the-presidency/presidential-speeches/october-27-1983-speech-nation-lebanon-and-grenada,83,Democratic leaders,group,favorable,judgment-full-20260720,democratic leaders,Democratic leaders,group,favorable,opus-judgment-r2-20260722,True
/the-presidency/presidential-speeches/october-27-1983-speech-nation-lebanon-and-grenada,83,Republican colleagues,group,favorable,judgment-full-20260720,republican colleagues,Republican colleagues,group,favorable,opus-judgment-r2-20260722,True
/the-presidency/presidential-speeches/october-31-1968-remarks-cessation-bombing-north-vietnam,0,North Vietnam,nation,adversarial,judgment-full-20260720,north vietnam,North Vietnam,nation,adversarial,opus-judgment-20260721,True
/the-presidency/presidential-speeches/october-31-1968-remarks-cessation-bombing-north-vietnam,0,South Vietnam,nation,favorable,judgment-full-20260720,south vietnam,South Vietnam,nation,favorable,opus-judgment-20260721,True
/the-presidency/presidential-speeches/october-31-1968-remarks-cessation-bombing-north-vietnam,1,North Vietnam,nation,adversarial,judgment-full-20260720,north vietnam,North Vietnam,nation,adversarial,opus-judgment-20260721,True
/the-presidency/presidential-speeches/october-31-1968-remarks-cessation-bombing-north-vietnam,2,General Abrams,person,favorable,judgment-full-20260720,general abrams,General Abrams,person,favorable,opus-judgment-20260721,True
/the-presidency/presidential-speeches/october-31-1968-remarks-cessation-bombing-north-vietnam,2,North Vietnam,nation,adversarial,judgment-full-20260720,north vietnam,North Vietnam,nation,neutral,opus-judgment-20260721,False
/the-presidency/presidential-speeches/october-31-1968-remarks-cessation-bombing-north-vietnam,3,General Abrams,person,favorable,judgment-full-20260720,general abrams,General Abrams,person,favorable,opus-judgment-20260721,True
/the-presidency/presidential-speeches/october-31-1968-remarks-cessation-bombing-north-vietnam,3,North Vietnam,nation,adversarial,judgment-full-20260720,north vietnam,North Vietnam,nation,neutral,opus-judgment-20260721,False
/the-presidency/presidential-speeches/october-31-1968-remarks-cessation-bombing-north-vietnam,4,General Abrams,person,favorable,judgment-full-20260720,general abrams,General Abrams,person,favorable,opus-judgment-20260721,True
/the-presidency/presidential-speeches/october-31-1968-remarks-cessation-bombing-north-vietnam,4,Joint Chiefs of Staff,institution,favorable,judgment-full-20260720,joint chiefs of staff,Joint Chiefs of Staff,institution,favorable,opus-judgment-20260721,True
/the-presidency/presidential-speeches/october-31-1968-remarks-cessation-bombing-north-vietnam,5,Hanoi Government,nation,adversarial,judgment-full-20260720,hanoi government,Hanoi Government,institution,neutral,opus-judgment-20260721,False
/the-presidency/presidential-speeches/october-31-1968-remarks-cessation-bombing-north-vietnam,5,National Liberation Front,group,adversarial,judgment-full-20260720,national liberation front,National Liberation Front,group,adversarial,opus-judgment-20260721,True
/the-presidency/presidential-speeches/october-31-1968-remarks-cessation-bombing-north-vietnam,5,South Vietnam,nation,favorable,judgment-full-20260720,south vietnam,South Vietnam,nation,favorable,opus-judgment-20260721,True
/the-presidency/presidential-speeches/october-31-1968-remarks-cessation-bombing-north-vietnam,6,North Vietnam,nation,adversarial,judgment-full-20260720,north vietnam,North Vietnam,nation,adversarial,opus-judgment-20260721,True
/the-presidency/presidential-speeches/october-31-1968-remarks-cessation-bombing-north-vietnam,8,Hanoi,nation,adversarial,judgment-full-20260720,hanoi,Hanoi,institution,adversarial,opus-judgment-20260721,True
/the-presidency/presidential-speeches/october-31-1968-remarks-cessation-bombing-north-vietnam,9,President Thieu,person,favorable,judgment-full-20260720,president thieu,President Thieu,person,favorable,opus-judgment-20260721,True
/the-presidency/presidential-speeches/october-31-1968-remarks-cessation-bombing-north-vietnam,9,South Vietnam,nation,favorable,judgment-full-20260720,south vietnam,South Vietnam,nation,favorable,opus-judgment-20260721,True
/the-presidency/presidential-speeches/october-31-1968-remarks-cessation-bombing-north-vietnam,10,General Abrams,person,favorable,judgment-full-20260720,general abrams,General Abrams,person,favorable,opus-judgment-20260721,True
/the-presidency/presidential-speeches/october-31-1968-remarks-cessation-bombing-north-vietnam,10,General Westmoreland,person,favorable,judgment-full-20260720,general westmoreland,General Westmoreland,person,favorable,opus-judgment-20260721,True
/the-presidency/presidential-speeches/october-31-1968-remarks-cessation-bombing-north-vietnam,10,South Vietnam,nation,favorable,judgment-full-20260720,south vietnam,South Vietnam,nation,favorable,opus-judgment-20260721,True
/the-presidency/presidential-speeches/october-5-1830-proclamation-regarding-opening-united-states,0,Great Britain,nation,neutral,judgment-full-20260720,great britain,Great Britain,nation,neutral,opus-judgment-r2-20260722,True
/the-presidency/presidential-speeches/october-5-1830-proclamation-regarding-opening-united-states,1,Great Britain,nation,neutral,judgment-full-20260720,great britain,Great Britain,nation,neutral,opus-judgment-r2-20260722,True
/the-presidency/presidential-speeches/october-5-1830-proclamation-regarding-opening-united-states,2,Great Britain,nation,neutral,judgment-full-20260720,great britain,Great Britain,nation,neutral,opus-judgment-r2-20260722,True
/the-presidency/presidential-speeches/october-5-1830-proclamation-regarding-opening-united-states,3,Andrew Jackson,person,neutral,judgment-full-20260720,andrew jackson,Andrew Jackson,person,neutral,opus-judgment-r2-20260722,True
/the-presidency/presidential-speeches/october-5-1830-proclamation-regarding-opening-united-states,3,Great Britain,nation,neutral,judgment-full-20260720,great britain,Great Britain,nation,neutral,opus-judgment-r2-20260722,True
/the-presidency/presidential-speeches/october-7-1960-debate-richard-nixon-washington-dc,0,John F. Kennedy,person,neutral,judgment-full-20260720,john f. kennedy,John F. Kennedy,person,neutral,opus-judgment-r2-20260722,True
/the-presidency/presidential-speeches/october-7-1960-debate-richard-nixon-washington-dc,0,Richard M. Nixon,person,neutral,judgment-full-20260720,richard m. nixon,Richard M. Nixon,person,neutral,opus-judgment-r2-20260722,True
/the-presidency/presidential-speeches/october-7-1960-debate-richard-nixon-washington-dc,3,Cuba,nation,neutral,judgment-full-20260720,cuba,Cuba,nation,neutral,opus-judgment-r2-20260722,True
/the-presidency/presidential-speeches/october-7-1960-debate-richard-nixon-washington-dc,3,Kennedy,person,adversarial,judgment-full-20260720,kennedy,Kennedy,person,adversarial,opus-judgment-r2-20260722,True
/the-presidency/presidential-speeches/october-7-1960-debate-richard-nixon-washington-dc,3,Truman Administration,institution,adversarial,judgment-full-20260720,truman administration,Truman Administration,institution,adversarial,opus-judgment-r2-20260722,True
/the-presidency/presidential-speeches/october-7-1960-debate-richard-nixon-washington-dc,4,Batista,person,adversarial,judgment-full-20260720,batista,Batista,person,neutral,opus-judgment-r2-20260722,False
/the-presidency/presidential-speeches/october-7-1960-debate-richard-nixon-washington-dc,4,Cuba,nation,neutral,judgment-full-20260720,cuba,Cuba,nation,neutral,opus-judgment-r2-20260722,True
/the-presidency/presidential-speeches/october-7-1960-debate-richard-nixon-washington-dc,4,Kennedy,person,adversarial,judgment-full-20260720,kennedy,Kennedy,person,adversarial,opus-judgment-r2-20260722,True
/the-presidency/presidential-speeches/october-7-1960-debate-richard-nixon-washington-dc,5,Kennedy,person,adversarial,judgment-full-20260720,kennedy,Kennedy,person,adversarial,opus-judgment-r2-20260722,True
/the-presidency/presidential-speeches/october-7-1960-debate-richard-nixon-washington-dc,5,Organization of American States,institution,neutral,judgment-full-20260720,organization of american states,Organization of American States,institution,neutral,opus-judgment-r2-20260722,True
/the-presidency/presidential-speeches/october-7-1960-debate-richard-nixon-washington-dc,6,Cuba,nation,neutral,judgment-full-20260720,cuba,Cuba,nation,neutral,opus-judgment-r2-20260722,True
/the-presidency/presidential-speeches/october-7-1960-debate-richard-nixon-washington-dc,6,Kennedy,person,adversarial,judgment-full-20260720,kennedy,Kennedy,person,adversarial,opus-judgment-r2-20260722,True
/the-presidency/presidential-speeches/october-7-1960-debate-richard-nixon-washington-dc,7,Batista,person,adversarial,judgment-full-20260720,batista,Batista,person,adversarial,opus-judgment-r2-20260722,True
/the-presidency/presidential-speeches/october-7-1960-debate-richard-nixon-washington-dc,7,Nixon,person,adversarial,judgment-full-20260720,nixon,Nixon,person,adversarial,opus-judgment-r2-20260722,True
/the-presidency/presidential-speeches/october-7-1960-debate-richard-nixon-washington-dc,8,Batista,person,adversarial,judgment-full-20260720,batista,Batista,person,neutral,opus-judgment-r2-20260722,False
/the-presidency/presidential-speeches/october-7-1960-debate-richard-nixon-washington-dc,8,Castro,person,adversarial,judgment-full-20260720,castro,Castro,person,adversarial,opus-judgment-r2-20260722,True
/the-presidency/presidential-speeches/october-7-1960-debate-richard-nixon-washington-dc,9,Khrushchev,person,adversarial,judgment-full-20260720,khrushchev,Khrushchev,person,adversarial,opus-judgment-r2-20260722,True
/the-presidency/presidential-speeches/october-7-1960-debate-richard-nixon-washington-dc,9,Lodge,person,neutral,judgment-full-20260720,lodge,Lodge,person,neutral,opus-judgment-r2-20260722,True
/the-presidency/presidential-speeches/october-7-1960-debate-richard-nixon-washington-dc,9,Nixon,person,adversarial,judgment-full-20260720,nixon,Nixon,person,adversarial,opus-judgment-r2-20260722,True
/the-presidency/presidential-speeches/october-7-1960-debate-richard-nixon-washington-dc,10,Eisenhower Administration,institution,adversarial,judgment-full-20260720,eisenhower administration,Eisenhower Administration,institution,neutral,opus-judgment-r2-20260722,False
/the-presidency/presidential-speeches/october-7-1960-debate-richard-nixon-washington-dc,10,Herter,person,neutral,judgment-full-20260720,herter,Herter,person,neutral,opus-judgment-r2-20260722,True
/the-presidency/presidential-speeches/october-7-1960-debate-richard-nixon-washington-dc,10,Nixon,person,adversarial,judgment-full-20260720,nixon,Nixon,person,adversarial,opus-judgment-r2-20260722,True
/the-presidency/presidential-speeches/october-7-1960-debate-richard-nixon-washington-dc,11,Soviet Union,nation,neutral,judgment-full-20260720,soviet union,Soviet Union,nation,neutral,opus-judgment-r2-20260722,True
/the-presidency/presidential-speeches/october-7-1960-debate-richard-nixon-washington-dc,11,Theodore Roosevelt,person,favorable,judgment-full-20260720,theodore roosevelt,Theodore Roosevelt,person,favorable,opus-judgment-r2-20260722,True
/the-presidency/presidential-speeches/october-7-1960-debate-richard-nixon-washington-dc,13,Kennedy,person,adversarial,judgment-full-20260720,kennedy,Kennedy,person,adversarial,opus-judgment-r2-20260722,True
/the-presidency/presidential-speeches/october-7-1960-debate-richard-nixon-washington-dc,13,Khrushchev,person,adversarial,judgment-full-20260720,khrushchev,Khrushchev,person,adversarial,opus-judgment-r2-20260722,True
/the-presidency/presidential-speeches/october-7-1960-debate-richard-nixon-washington-dc,14,Kennedy,person,adversarial,judgment-full-20260720,kennedy,Kennedy,person,adversarial,opus-judgment-r2-20260722,True
/the-presidency/presidential-speeches/october-7-1960-debate-richard-nixon-washington-dc,14,Khrushchev,person,adversarial,judgment-full-20260720,khrushchev,Khrushchev,person,adversarial,opus-judgment-r2-20260722,True
/the-presidency/presidential-speeches/october-7-1960-debate-richard-nixon-washington-dc,15,Khrushchev,person,adversarial,judgment-full-20260720,khrushchev,Khrushchev,person,adversarial,opus-judgment-r2-20260722,True
/the-presidency/presidential-speeches/october-7-1960-debate-richard-nixon-washington-dc,18,Kennedy,person,adversarial,judgment-full-20260720,kennedy,Kennedy,person,adversarial,opus-judgment-r2-20260722,True
/the-presidency/presidential-speeches/october-7-1960-debate-richard-nixon-washington-dc,21,Nixon,person,adversarial,judgment-full-20260720,nixon,Nixon,person,adversarial,opus-judgment-20260721,True
/the-presidency/presidential-speeches/october-7-1960-debate-richard-nixon-washington-dc,26,Communists,group,adversarial,judgment-full-20260720,communists,Communists,group,adversarial,opus-judgment-20260721,True
/the-presidency/presidential-speeches/october-7-1960-debate-richard-nixon-washington-dc,29,Kennedy,person,adversarial,judgment-full-20260720,kennedy,Kennedy,person,adversarial,opus-judgment-20260721,True
/the-presidency/presidential-speeches/october-7-1960-debate-richard-nixon-washington-dc,30,Democratic Congress,institution,adversarial,judgment-full-20260720,democratic congress,Democratic Congress,institution,adversarial,opus-judgment-20260721,True
/the-presidency/presidential-speeches/october-7-1960-debate-richard-nixon-washington-dc,30,Johnson,person,adversarial,judgment-full-20260720,johnson,Johnson,person,adversarial,opus-judgment-20260721,True
/the-presidency/presidential-speeches/october-7-1960-debate-richard-nixon-washington-dc,30,Kennedy,person,adversarial,judgment-full-20260720,kennedy,Kennedy,person,adversarial,opus-judgment-20260721,True
/the-presidency/presidential-speeches/october-7-1960-debate-richard-nixon-washington-dc,33,Kennedy,person,adversarial,judgment-full-20260720,kennedy,Kennedy,person,adversarial,opus-judgment-20260721,True
/the-presidency/presidential-speeches/october-7-1960-debate-richard-nixon-washington-dc,33,Khrushchev,person,adversarial,judgment-full-20260720,khrushchev,Khrushchev,person,adversarial,opus-judgment-20260721,True
/the-presidency/presidential-speeches/october-7-1960-debate-richard-nixon-washington-dc,35,Democratic Congresses,institution,adversarial,judgment-full-20260720,democratic congresses,Democratic Congresses,institution,adversarial,opus-judgment-20260721,True
/the-presidency/presidential-speeches/october-7-1960-debate-richard-nixon-washington-dc,35,Kennedy,person,adversarial,judgment-full-20260720,kennedy,Kennedy,person,adversarial,opus-judgment-20260721,True
/the-presidency/presidential-speeches/october-7-1960-debate-richard-nixon-washington-dc,38,Red China,nation,adversarial,judgment-full-20260720,red china,Red China,nation,adversarial,opus-judgment-20260721,True
/the-presidency/presidential-speeches/october-7-1960-debate-richard-nixon-washington-dc,38,Soviet Union,nation,adversarial,judgment-full-20260720,soviet union,Soviet Union,nation,adversarial,opus-judgment-20260721,True
/the-presidency/presidential-speeches/october-7-1960-debate-richard-nixon-washington-dc,39,Chinese Communists,nation,adversarial,judgment-full-20260720,chinese communists,Chinese Communists,nation,adversarial,opus-judgment-20260721,True
/the-presidency/presidential-speeches/october-7-1960-debate-richard-nixon-washington-dc,39,Soviet Union,nation,adversarial,judgment-full-20260720,soviet union,Soviet Union,nation,adversarial,opus-judgment-20260721,True
/the-presidency/presidential-speeches/october-7-1960-debate-richard-nixon-washington-dc,40,Cuba,nation,neutral,judgment-full-20260720,cuba,Cuba,nation,neutral,opus-judgment-20260721,True
/the-presidency/presidential-speeches/october-7-1960-debate-richard-nixon-washington-dc,41,Communists,group,adversarial,judgment-full-20260720,communists,Communists,group,adversarial,opus-judgment-20260721,True
/the-presidency/presidential-speeches/october-7-1960-debate-richard-nixon-washington-dc,41,Laos,nation,neutral,judgment-full-20260720,laos,Laos,nation,neutral,opus-judgment-20260721,True
/the-presidency/presidential-speeches/october-7-1960-debate-richard-nixon-washington-dc,43,Communists,group,adversarial,judgment-full-20260720,communists,Communists,group,adversarial,opus-judgment-r2-20260722,True
/the-presidency/presidential-speeches/october-7-1960-debate-richard-nixon-washington-dc,45,Kennedy,person,adversarial,judgment-full-20260720,kennedy,Kennedy,person,neutral,opus-judgment-r2-20260722,False
/the-presidency/presidential-speeches/october-7-1960-debate-richard-nixon-washington-dc,46,Communists,group,adversarial,judgment-full-20260720,communists,Communists,group,adversarial,opus-judgment-r2-20260722,True
/the-presidency/presidential-speeches/october-7-1960-debate-richard-nixon-washington-dc,47,Communists,group,adversarial,judgment-full-20260720,communists,Communists,group,adversarial,opus-judgment-r2-20260722,True
/the-presidency/presidential-speeches/october-7-1960-debate-richard-nixon-washington-dc,49,Kennedy,person,adversarial,judgment-full-20260720,kennedy,Kennedy,person,neutral,opus-judgment-r2-20260722,False
/the-presidency/presidential-speeches/october-7-1960-debate-richard-nixon-washington-dc,53,Nixon,person,adversarial,judgment-full-20260720,nixon,Nixon,person,adversarial,opus-judgment-r2-20260722,True
/the-presidency/presidential-speeches/october-7-1960-debate-richard-nixon-washington-dc,54,Nixon,person,adversarial,judgment-full-20260720,nixon,Nixon,person,adversarial,opus-judgment-r2-20260722,True
/the-presidency/presidential-speeches/october-7-1960-debate-richard-nixon-washington-dc,56,Eisenhower,person,neutral,judgment-full-20260720,eisenhower,Eisenhower,person,neutral,opus-judgment-r2-20260722,True
/the-presidency/presidential-speeches/october-7-1960-debate-richard-nixon-washington-dc,56,Nixon,person,neutral,judgment-full-20260720,nixon,Nixon,person,neutral,opus-judgment-r2-20260722,True
/the-presidency/presidential-speeches/october-7-1960-debate-richard-nixon-washington-dc,57,Nixon,person,adversarial,judgment-full-20260720,nixon,Nixon,person,adversarial,opus-judgment-r2-20260722,True
/the-presidency/presidential-speeches/october-7-1960-debate-richard-nixon-washington-dc,58,Nixon,person,adversarial,judgment-full-20260720,nixon,Nixon,person,adversarial,opus-judgment-r2-20260722,True
/the-presidency/presidential-speeches/october-7-1960-debate-richard-nixon-washington-dc,59,Castro,person,adversarial,judgment-full-20260720,castro,Castro,person,adversarial,opus-judgment-r2-20260722,True
/the-presidency/presidential-speeches/october-7-1960-debate-richard-nixon-washington-dc,59,Nixon,person,adversarial,judgment-full-20260720,nixon,Nixon,person,adversarial,opus-judgment-r2-20260722,True
/the-presidency/presidential-speeches/october-7-1960-debate-richard-nixon-washington-dc,60,Communists,group,adversarial,judgment-full-20260720,communists,Communists,group,adversarial,opus-judgment-r2-20260722,True
/the-presidency/presidential-speeches/october-7-1960-debate-richard-nixon-washington-dc,60,Nixon,person,adversarial,judgment-full-20260720,nixon,Nixon,person,adversarial,opus-judgment-r2-20260722,True
/the-presidency/presidential-speeches/october-7-1960-debate-richard-nixon-washington-dc,61,Kennedy,person,adversarial,judgment-full-20260720,kennedy,Kennedy,person,adversarial,opus-judgment-r2-20260722,True
/the-presidency/presidential-speeches/october-7-1960-debate-richard-nixon-washington-dc,62,Kennedy,person,adversarial,judgment-full-20260720,kennedy,Kennedy,person,adversarial,opus-judgment-r2-20260722,True
/the-presidency/presidential-speeches/october-7-1960-debate-richard-nixon-washington-dc,62,Truman Administration,institution,adversarial,judgment-full-20260720,truman administration,Truman Administration,institution,adversarial,opus-judgment-r2-20260722,True
/the-presidency/presidential-speeches/october-7-1960-debate-richard-nixon-washington-dc,63,Kennedy,person,adversarial,judgment-full-20260720,kennedy,Kennedy,person,adversarial,opus-judgment-r2-20260722,True
/the-presidency/presidential-speeches/october-7-1960-debate-richard-nixon-washington-dc,64,Khrushchev,person,neutral,judgment-full-20260720,khrushchev,Khrushchev,person,adversarial,opus-judgment-r2-20260722,False
/the-presidency/presidential-speeches/october-7-1960-debate-richard-nixon-washington-dc,64,Macmillan,person,neutral,judgment-full-20260720,macmillan,Macmillan,person,neutral,opus-judgment-r2-20260722,True
/the-presidency/presidential-speeches/october-7-1960-debate-richard-nixon-washington-dc,65,Khrushchev,person,adversarial,judgment-full-20260720,khrushchev,Khrushchev,person,adversarial,opus-judgment-r2-20260722,True
/the-presidency/presidential-speeches/october-7-1960-debate-richard-nixon-washington-dc,66,Khrushchev,person,adversarial,judgment-full-20260720,khrushchev,Khrushchev,person,adversarial,opus-judgment-r2-20260722,True
/the-presidency/presidential-speeches/october-7-1960-debate-richard-nixon-washington-dc,67,Khrushchev,person,adversarial,judgment-full-20260720,khrushchev,Khrushchev,person,adversarial,opus-judgment-r2-20260722,True
/the-presidency/presidential-speeches/october-7-1960-debate-richard-nixon-washington-dc,68,Nixon,person,neutral,judgment-full-20260720,nixon,Nixon,person,favorable,opus-judgment-r2-20260722,False
/the-presidency/presidential-speeches/october-7-1960-debate-richard-nixon-washington-dc,69,Khrushchev,person,adversarial,judgment-full-20260720,khrushchev,Khrushchev,person,adversarial,opus-judgment-r2-20260722,True
/the-presidency/presidential-speeches/october-7-1960-debate-richard-nixon-washington-dc,69,Nixon,person,neutral,judgment-full-20260720,nixon,Nixon,person,neutral,opus-judgment-r2-20260722,True
/the-presidency/presidential-speeches/october-7-1960-debate-richard-nixon-washington-dc,73,Soviet Union,nation,adversarial,judgment-full-20260720,soviet union,Soviet Union,nation,neutral,opus-judgment-r2-20260722,False
/the-presidency/presidential-speeches/october-7-1960-debate-richard-nixon-washington-dc,76,Kennedy,person,adversarial,judgment-full-20260720,kennedy,Kennedy,person,adversarial,opus-judgment-r2-20260722,True
/the-presidency/presidential-speeches/october-7-1960-debate-richard-nixon-washington-dc,79,Communist China,nation,adversarial,judgment-full-20260720,communist china,Communist China,nation,adversarial,opus-judgment-r2-20260722,True
/the-presidency/presidential-speeches/october-7-1960-debate-richard-nixon-washington-dc,79,Kennedy,person,adversarial,judgment-full-20260720,kennedy,Kennedy,person,adversarial,opus-judgment-r2-20260722,True
/the-presidency/presidential-speeches/october-7-1960-debate-richard-nixon-washington-dc,79,Truman Administration,institution,adversarial,judgment-full-20260720,truman administration,Truman Administration,institution,adversarial,opus-judgment-r2-20260722,True
/the-presidency/presidential-speeches/october-7-1960-debate-richard-nixon-washington-dc,80,Kennedy,person,adversarial,judgment-full-20260720,kennedy,Kennedy,person,adversarial,opus-judgment-r2-20260722,True
/the-presidency/presidential-speeches/october-7-1960-debate-richard-nixon-washington-dc,80,Khrushchev,person,neutral,judgment-full-20260720,khrushchev,Khrushchev,person,adversarial,opus-judgment-r2-20260722,False
/the-presidency/presidential-speeches/october-7-1960-debate-richard-nixon-washington-dc,82,Kennedy,person,adversarial,judgment-full-20260720,kennedy,Kennedy,person,adversarial,opus-judgment-r2-20260722,True
/the-presidency/presidential-speeches/october-7-1960-debate-richard-nixon-washington-dc,83,Benson,person,neutral,judgment-full-20260720,benson,Benson,person,neutral,opus-judgment-r2-20260722,True
/the-presidency/presidential-speeches/october-7-1960-debate-richard-nixon-washington-dc,84,Nixon,person,adversarial,judgment-full-20260720,nixon,Nixon,person,adversarial,opus-judgment-r2-20260722,True
/the-presidency/presidential-speeches/october-7-1960-debate-richard-nixon-washington-dc,87,Chiang Kai-shek,person,neutral,judgment-full-20260720,chiang kai-shek,Chiang Kai-shek,person,neutral,opus-judgment-r2-20260722,True
/the-presidency/presidential-speeches/october-7-1960-debate-richard-nixon-washington-dc,87,Herter,person,neutral,judgment-full-20260720,herter,Herter,person,neutral,opus-judgment-r2-20260722,True
/the-presidency/presidential-speeches/october-7-1960-debate-richard-nixon-washington-dc,87,Red China,nation,adversarial,judgment-full-20260720,red china,Red China,nation,adversarial,opus-judgment-r2-20260722,True
/the-presidency/presidential-speeches/october-7-1960-debate-richard-nixon-washington-dc,91,Acheson,person,adversarial,judgment-full-20260720,acheson,Acheson,person,adversarial,opus-judgment-r2-20260722,True
/the-presidency/presidential-speeches/october-7-1960-debate-richard-nixon-washington-dc,91,Kennedy,person,adversarial,judgment-full-20260720,kennedy,Kennedy,person,adversarial,opus-judgment-r2-20260722,True
/the-presidency/presidential-speeches/october-7-1960-debate-richard-nixon-washington-dc,92,Communists,group,adversarial,judgment-full-20260720,communists,Communists,group,adversarial,opus-judgment-r2-20260722,True
/the-presidency/presidential-speeches/october-7-1960-debate-richard-nixon-washington-dc,92,Kennedy,person,adversarial,judgment-full-20260720,kennedy,Kennedy,person,adversarial,opus-judgment-r2-20260722,True
/the-presidency/presidential-speeches/october-7-1960-debate-richard-nixon-washington-dc,94,Kennedy,person,neutral,judgment-full-20260720,kennedy,Kennedy,person,neutral,opus-judgment-r2-20260722,True
/the-presidency/presidential-speeches/october-7-1960-debate-richard-nixon-washington-dc,95,Kennedy,person,neutral,judgment-full-20260720,kennedy,Kennedy,person,neutral,opus-judgment-r2-20260722,True
/the-presidency/presidential-speeches/october-7-1960-debate-richard-nixon-washington-dc,96,Kennedy,person,adversarial,judgment-full-20260720,kennedy,Kennedy,person,adversarial,opus-judgment-r2-20260722,True
/the-presidency/presidential-speeches/october-7-1960-debate-richard-nixon-washington-dc,97,Democratic party,group,favorable,judgment-full-20260720,democratic party,Democratic party,group,favorable,opus-judgment-r2-20260722,True
/the-presidency/presidential-speeches/october-7-1960-debate-richard-nixon-washington-dc,97,Republican party,group,adversarial,judgment-full-20260720,republican party,Republican party,group,adversarial,opus-judgment-r2-20260722,True
/the-presidency/presidential-speeches/september-11-1941-fireside-chat-18-greer-incident,0,Germany,nation,adversarial,judgment-full-20260720,germany,Germany,nation,adversarial,opus-judgment-r2-20260722,True
/the-presidency/presidential-speeches/september-11-1941-fireside-chat-18-greer-incident,0,Hitler,person,adversarial,judgment-full-20260720,hitler,Hitler,person,adversarial,opus-judgment-r2-20260722,True
/the-presidency/presidential-speeches/september-11-1941-fireside-chat-18-greer-incident,3,Nazi Government,nation,adversarial,judgment-full-20260720,nazi government,Nazi Government,nation,adversarial,opus-judgment-r2-20260722,True
/the-presidency/presidential-speeches/september-11-1941-fireside-chat-18-greer-incident,4,Panama,nation,favorable,judgment-full-20260720,panama,Panama,nation,favorable,opus-judgment-r2-20260722,True
/the-presidency/presidential-speeches/september-11-1941-fireside-chat-18-greer-incident,5,Germany,nation,adversarial,judgment-full-20260720,germany,Germany,nation,adversarial,opus-judgment-r2-20260722,True
/the-presidency/presidential-speeches/september-11-1941-fireside-chat-18-greer-incident,5,Panama,nation,favorable,judgment-full-20260720,panama,Panama,nation,favorable,opus-judgment-r2-20260722,True
/the-presidency/presidential-speeches/september-11-1941-fireside-chat-18-greer-incident,8,Hitler Government,nation,adversarial,judgment-full-20260720,hitler government,Hitler Government,nation,adversarial,opus-judgment-r2-20260722,True
/the-presidency/presidential-speeches/september-11-1941-fireside-chat-18-greer-incident,9,Hitler,person,adversarial,judgment-full-20260720,hitler,Hitler,person,adversarial,opus-judgment-r2-20260722,True
/the-presidency/presidential-speeches/september-11-1941-fireside-chat-18-greer-incident,9,Uruguay,nation,favorable,judgment-full-20260720,uruguay,Uruguay,nation,favorable,opus-judgment-r2-20260722,True
/the-presidency/presidential-speeches/september-11-1941-fireside-chat-18-greer-incident,10,Argentina,nation,favorable,judgment-full-20260720,argentina,Argentina,nation,favorable,opus-judgment-r2-20260722,True
/the-presidency/presidential-speeches/september-11-1941-fireside-chat-18-greer-incident,10,Bolivia,nation,neutral,judgment-full-20260720,bolivia,Bolivia,nation,neutral,opus-judgment-r2-20260722,True
/the-presidency/presidential-speeches/september-11-1941-fireside-chat-18-greer-incident,10,Colombia,nation,neutral,judgment-full-20260720,colombia,Colombia,nation,neutral,opus-judgment-r2-20260722,True
/the-presidency/presidential-speeches/september-11-1941-fireside-chat-18-greer-incident,10,Hitler,person,adversarial,judgment-full-20260720,hitler,Hitler,person,adversarial,opus-judgment-r2-20260722,True
/the-presidency/presidential-speeches/september-11-1941-fireside-chat-18-greer-incident,11,Axis powers,nation,adversarial,judgment-full-20260720,axis powers,Axis powers,group,adversarial,opus-judgment-r2-20260722,True
/the-presidency/presidential-speeches/september-11-1941-fireside-chat-18-greer-incident,11,British Navy,institution,favorable,judgment-full-20260720,british navy,British Navy,institution,favorable,opus-judgment-r2-20260722,True
/the-presidency/presidential-speeches/september-11-1941-fireside-chat-18-greer-incident,13,Germany,nation,adversarial,judgment-full-20260720,germany,Germany,nation,adversarial,opus-judgment-r2-20260722,True
/the-presidency/presidential-speeches/september-11-1941-fireside-chat-18-greer-incident,13,Hitler,person,adversarial,judgment-full-20260720,hitler,Hitler,person,adversarial,opus-judgment-r2-20260722,True
/the-presidency/presidential-speeches/september-11-1941-fireside-chat-18-greer-incident,14,Nazis,group,adversarial,judgment-full-20260720,nazis,Nazis,group,adversarial,opus-judgment-r2-20260722,True
/the-presidency/presidential-speeches/september-11-1941-fireside-chat-18-greer-incident,15,Hitler,person,adversarial,judgment-full-20260720,hitler,Hitler,person,adversarial,opus-judgment-r2-20260722,True
/the-presidency/presidential-speeches/september-11-1941-fireside-chat-18-greer-incident,16,Hitler,person,adversarial,judgment-full-20260720,hitler,Hitler,person,adversarial,opus-judgment-r2-20260722,True
/the-presidency/presidential-speeches/september-11-1941-fireside-chat-18-greer-incident,17,Hitlerism,other,adversarial,judgment-full-20260720,hitlerism,Hitlerism,other,adversarial,opus-judgment-r2-20260722,True
/the-presidency/presidential-speeches/september-11-1941-fireside-chat-18-greer-incident,19,John Adams,person,favorable,judgment-full-20260720,john adams,John Adams,person,favorable,opus-judgment-r2-20260722,True
/the-presidency/presidential-speeches/september-11-1941-fireside-chat-18-greer-incident,20,Germany,nation,adversarial,judgment-full-20260720,germany,Germany,nation,adversarial,opus-judgment-r2-20260722,True
/the-presidency/presidential-speeches/september-11-1941-fireside-chat-18-greer-incident,20,Italy,nation,adversarial,judgment-full-20260720,italy,Italy,nation,adversarial,opus-judgment-r2-20260722,True
/the-presidency/presidential-speeches/september-11-1941-fireside-chat-18-greer-incident,20,Thomas Jefferson,person,favorable,judgment-full-20260720,thomas jefferson,Thomas Jefferson,person,favorable,opus-judgment-r2-20260722,True
/the-presidency/presidential-speeches/september-11-1941-fireside-chat-18-greer-incident,21,Germany,nation,adversarial,judgment-full-20260720,germany,Germany,nation,adversarial,opus-judgment-r2-20260722,True
/the-presidency/presidential-speeches/september-13-1993-remarks-signing-israeli-palestinian,0,Arafat,person,favorable,judgment-full-20260720,arafat,Arafat,person,favorable,opus-judgment-20260721,True
/the-presidency/presidential-speeches/september-13-1993-remarks-signing-israeli-palestinian,0,Bush,person,favorable,judgment-full-20260720,bush,Bush,person,favorable,opus-judgment-20260721,True
/the-presidency/presidential-speeches/september-13-1993-remarks-signing-israeli-palestinian,0,Carter,person,favorable,judgment-full-20260720,carter,Carter,person,favorable,opus-judgment-20260721,True
/the-presidency/presidential-speeches/september-13-1993-remarks-signing-israeli-palestinian,0,Peres,person,favorable,judgment-full-20260720,peres,Peres,person,favorable,opus-judgment-20260721,True
/the-presidency/presidential-speeches/september-13-1993-remarks-signing-israeli-palestinian,0,Rabin,person,favorable,judgment-full-20260720,rabin,Rabin,person,favorable,opus-judgment-20260721,True
/the-presidency/presidential-speeches/september-13-1993-remarks-signing-israeli-palestinian,0,Russia,nation,favorable,judgment-full-20260720,russia,Russia,nation,favorable,opus-judgment-20260721,True
/the-presidency/presidential-speeches/september-13-1993-remarks-signing-israeli-palestinian,1,Anwar Sadat,person,favorable,judgment-full-20260720,anwar sadat,Anwar Sadat,person,favorable,opus-judgment-20260721,True
/the-presidency/presidential-speeches/september-13-1993-remarks-signing-israeli-palestinian,1,Jimmy Carter,person,favorable,judgment-full-20260720,jimmy carter,Jimmy Carter,person,favorable,opus-judgment-20260721,True
/the-presidency/presidential-speeches/september-13-1993-remarks-signing-israeli-palestinian,1,Menachem Begin,person,favorable,judgment-full-20260720,menachem begin,Menachem Begin,person,favorable,opus-judgment-20260721,True
/the-presidency/presidential-speeches/september-13-1993-remarks-signing-israeli-palestinian,2,Egypt,nation,neutral,judgment-full-20260720,egypt,Egypt,nation,favorable,opus-judgment-20260721,False
/the-presidency/presidential-speeches/september-13-1993-remarks-signing-israeli-palestinian,2,George Bush,person,favorable,judgment-full-20260720,george bush,George Bush,person,favorable,opus-judgment-20260721,True
/the-presidency/presidential-speeches/september-13-1993-remarks-signing-israeli-palestinian,2,Harry Truman,person,favorable,judgment-full-20260720,harry truman,Harry Truman,person,favorable,opus-judgment-20260721,True
/the-presidency/presidential-speeches/september-13-1993-remarks-signing-israeli-palestinian,2,Israel,nation,favorable,judgment-full-20260720,israel,Israel,nation,favorable,opus-judgment-20260721,True
/the-presidency/presidential-speeches/september-13-1993-remarks-signing-israeli-palestinian,3,Israel,nation,favorable,judgment-full-20260720,israel,Israel,nation,favorable,opus-judgment-20260721,True
/the-presidency/presidential-speeches/september-13-1993-remarks-signing-israeli-palestinian,3,Norway,nation,favorable,judgment-full-20260720,norway,Norway,nation,favorable,opus-judgment-20260721,True
/the-presidency/presidential-speeches/september-13-1993-remarks-signing-israeli-palestinian,3,Palestine Liberation Organization,group,neutral,judgment-full-20260720,palestine liberation organization,Palestine Liberation Organization,institution,favorable,opus-judgment-20260721,False
/the-presidency/presidential-speeches/september-13-1993-remarks-signing-israeli-palestinian,4,Arafat,person,favorable,judgment-full-20260720,arafat,Arafat,person,favorable,opus-judgment-20260721,True
/the-presidency/presidential-speeches/september-13-1993-remarks-signing-israeli-palestinian,4,Peres,person,favorable,judgment-full-20260720,peres,Peres,person,favorable,opus-judgment-20260721,True
/the-presidency/presidential-speeches/september-13-1993-remarks-signing-israeli-palestinian,4,Rabin,person,favorable,judgment-full-20260720,rabin,Rabin,person,favorable,opus-judgment-20260721,True
/the-presidency/presidential-speeches/september-13-1993-remarks-signing-israeli-palestinian,4,enemies of peace,group,adversarial,judgment-full-20260720,enemies of peace,enemies of peace,group,adversarial,opus-judgment-20260721,True
/the-presidency/presidential-speeches/september-13-1993-remarks-signing-israeli-palestinian,5,Rabin,person,favorable,judgment-full-20260720,rabin,Rabin,person,favorable,opus-judgment-20260721,True
/the-presidency/presidential-speeches/september-13-1993-remarks-signing-israeli-palestinian,6,Arafat,person,favorable,judgment-full-20260720,arafat,Arafat,person,favorable,opus-judgment-20260721,True
/the-presidency/presidential-speeches/september-13-1993-remarks-signing-israeli-palestinian,6,Rabin,person,favorable,judgment-full-20260720,rabin,Rabin,person,favorable,opus-judgment-20260721,True
/the-presidency/presidential-speeches/september-13-1993-remarks-signing-israeli-palestinian,6,United States,nation,favorable,judgment-full-20260720,united states,United States,nation,favorable,opus-judgment-20260721,True
/the-presidency/presidential-speeches/september-14-1901-announcement-death-president-mckinley,1,Theodore Roosevelt,person,neutral,judgment-full-20260720,theodore roosevelt,Theodore Roosevelt,person,neutral,opus-judgment-20260721,True
/the-presidency/presidential-speeches/september-14-1901-announcement-death-president-mckinley,2,John Hay,person,neutral,judgment-full-20260720,john hay,John Hay,person,neutral,opus-judgment-20260721,True
/the-presidency/presidential-speeches/september-14-1901-announcement-death-president-mckinley,2,Theodore Roosevelt,person,neutral,judgment-full-20260720,theodore roosevelt,Theodore Roosevelt,person,neutral,opus-judgment-20260721,True
/the-presidency/presidential-speeches/september-17-1978-president-carters-remarks-joint-statement,1,Begin,person,favorable,judgment-full-20260720,begin,Begin,person,favorable,opus-judgment-20260721,True
/the-presidency/presidential-speeches/september-17-1978-president-carters-remarks-joint-statement,1,Sadat,person,favorable,judgment-full-20260720,sadat,Sadat,person,favorable,opus-judgment-20260721,True
/the-presidency/presidential-speeches/september-17-1978-president-carters-remarks-joint-statement,2,Egypt,nation,favorable,judgment-full-20260720,egypt,Egypt,nation,favorable,opus-judgment-20260721,True
/the-presidency/presidential-speeches/september-17-1978-president-carters-remarks-joint-statement,2,Israel,nation,favorable,judgment-full-20260720,israel,Israel,nation,favorable,opus-judgment-20260721,True
/the-presidency/presidential-speeches/september-17-1978-president-carters-remarks-joint-statement,2,Sadat,person,favorable,judgment-full-20260720,sadat,Sadat,person,favorable,opus-judgment-20260721,True
/the-presidency/presidential-speeches/september-17-1978-president-carters-remarks-joint-statement,3,Egypt,nation,neutral,judgment-full-20260720,egypt,Egypt,nation,neutral,opus-judgment-20260721,True
/the-presidency/presidential-speeches/september-17-1978-president-carters-remarks-joint-statement,3,Israel,nation,neutral,judgment-full-20260720,israel,Israel,nation,neutral,opus-judgment-20260721,True
/the-presidency/presidential-speeches/september-17-1978-president-carters-remarks-joint-statement,3,Knesset,institution,neutral,judgment-full-20260720,knesset,Knesset,institution,neutral,opus-judgment-20260721,True
/the-presidency/presidential-speeches/september-23-1976-debate-president-gerald-ford-domestic-issues,0,Gerald R. Ford,person,neutral,judgment-full-20260720,gerald r. ford,Gerald R. Ford,person,neutral,opus-judgment-20260721,True
/the-presidency/presidential-speeches/september-23-1976-debate-president-gerald-ford-domestic-issues,0,Jimmy Carter,person,neutral,judgment-full-20260720,jimmy carter,Jimmy Carter,person,neutral,opus-judgment-20260721,True
/the-presidency/presidential-speeches/september-23-1976-debate-president-gerald-ford-domestic-issues,0,League of Women Voters Education Fund,institution,neutral,judgment-full-20260720,league of women voters education fund,League of Women Voters Education Fund,institution,neutral,opus-judgment-20260721,True
/the-presidency/presidential-speeches/september-23-1976-debate-president-gerald-ford-domestic-issues,10,Democratic platform,group,adversarial,judgment-full-20260720,democratic platform,Democratic platform,group,adversarial,opus-judgment-20260721,True
/the-presidency/presidential-speeches/september-23-1976-debate-president-gerald-ford-domestic-issues,17,Congress,institution,adversarial,judgment-full-20260720,congress,Congress,institution,neutral,opus-judgment-20260721,False
/the-presidency/presidential-speeches/september-23-1976-debate-president-gerald-ford-domestic-issues,21,Nixon,person,adversarial,judgment-full-20260720,nixon,Nixon,person,adversarial,opus-judgment-20260721,True
/the-presidency/presidential-speeches/september-23-1976-debate-president-gerald-ford-domestic-issues,21,Republican Party,group,adversarial,judgment-full-20260720,republican party,Republican Party,group,adversarial,opus-judgment-20260721,True
/the-presidency/presidential-speeches/september-23-1976-debate-president-gerald-ford-domestic-issues,28,Democratic platform,group,adversarial,judgment-full-20260720,democratic platform,Democratic platform,group,adversarial,opus-judgment-20260721,True
/the-presidency/presidential-speeches/september-23-1976-debate-president-gerald-ford-domestic-issues,31,Nixon,person,neutral,judgment-full-20260720,nixon,Nixon,person,neutral,opus-judgment-20260721,True
/the-presidency/presidential-speeches/september-23-1976-debate-president-gerald-ford-domestic-issues,33,Nixon,person,neutral,judgment-full-20260720,nixon,Nixon,person,neutral,opus-judgment-20260721,True
/the-presidency/presidential-speeches/september-23-1976-debate-president-gerald-ford-domestic-issues,34,Nixon,person,neutral,judgment-full-20260720,nixon,Nixon,person,neutral,opus-judgment-20260721,True
/the-presidency/presidential-speeches/september-23-1976-debate-president-gerald-ford-domestic-issues,42,Nixon,person,adversarial,judgment-full-20260720,nixon,Nixon,person,adversarial,opus-judgment-20260721,True
/the-presidency/presidential-speeches/september-23-1976-debate-president-gerald-ford-domestic-issues,60,Democratic platform,group,adversarial,judgment-full-20260720,democratic platform,Democratic platform,group,adversarial,opus-judgment-20260721,True
/the-presidency/presidential-speeches/september-23-1976-debate-president-gerald-ford-domestic-issues,61,Alf Landon,person,adversarial,judgment-full-20260720,alf landon,Alf Landon,person,adversarial,opus-judgment-20260721,True
/the-presidency/presidential-speeches/september-23-1976-debate-president-gerald-ford-domestic-issues,61,Herbert Hoover,person,adversarial,judgment-full-20260720,herbert hoover,Herbert Hoover,person,adversarial,opus-judgment-20260721,True
/the-presidency/presidential-speeches/september-23-1976-debate-president-gerald-ford-domestic-issues,61,Nixon,person,adversarial,judgment-full-20260720,nixon,Nixon,person,adversarial,opus-judgment-20260721,True
/the-presidency/presidential-speeches/september-23-1976-debate-president-gerald-ford-domestic-issues,61,Republicans,group,adversarial,judgment-full-20260720,republicans,Republicans,group,adversarial,opus-judgment-20260721,True
/the-presidency/presidential-speeches/september-23-1976-debate-president-gerald-ford-domestic-issues,62,Nixon,person,adversarial,judgment-full-20260720,nixon,Nixon,person,adversarial,opus-judgment-20260721,True
/the-presidency/presidential-speeches/september-23-1976-debate-president-gerald-ford-domestic-issues,67,Nixon,person,neutral,judgment-full-20260720,nixon,Nixon,person,neutral,opus-judgment-20260721,True
/the-presidency/presidential-speeches/september-23-1976-debate-president-gerald-ford-domestic-issues,70,Republican administration,institution,adversarial,judgment-full-20260720,republican administration,Republican administration,group,adversarial,opus-judgment-20260721,True
/the-presidency/presidential-speeches/september-23-1976-debate-president-gerald-ford-domestic-issues,81,Congress,institution,adversarial,judgment-full-20260720,congress,Congress,institution,adversarial,opus-judgment-20260721,True
/the-presidency/presidential-speeches/september-23-1976-debate-president-gerald-ford-domestic-issues,85,Nixon,person,neutral,judgment-full-20260720,nixon,Nixon,person,neutral,opus-judgment-20260721,True
/the-presidency/presidential-speeches/september-23-1976-debate-president-gerald-ford-domestic-issues,88,Nixon,person,adversarial,judgment-full-20260720,nixon,Nixon,person,adversarial,opus-judgment-20260721,True
/the-presidency/presidential-speeches/september-23-1976-debate-president-gerald-ford-domestic-issues,89,Nixon,person,adversarial,judgment-full-20260720,nixon,Nixon,person,adversarial,opus-judgment-20260721,True
/the-presidency/presidential-speeches/september-23-1976-debate-president-gerald-ford-domestic-issues,98,Democrats,group,adversarial,judgment-full-20260720,democrats,Democrats,group,adversarial,opus-judgment-20260721,True
/the-presidency/presidential-speeches/september-23-1976-debate-president-gerald-ford-domestic-issues,99,Daniel Schorr,person,neutral,judgment-full-20260720,daniel schorr,Daniel Schorr,person,neutral,opus-judgment-20260721,True
/the-presidency/presidential-speeches/september-23-1976-debate-president-gerald-ford-domestic-issues,99,House Ethics Committee,institution,neutral,judgment-full-20260720,house ethics committee,House Ethics Committee,institution,neutral,opus-judgment-20260721,True
/the-presidency/presidential-speeches/september-23-1976-debate-president-gerald-ford-domestic-issues,101,Congress,institution,adversarial,judgment-full-20260720,congress,Congress,institution,adversarial,opus-judgment-20260721,True
/the-presidency/presidential-speeches/september-23-1976-debate-president-gerald-ford-domestic-issues,101,majority party,group,adversarial,judgment-full-20260720,majority party,majority party,group,adversarial,opus-judgment-20260721,True
/the-presidency/presidential-speeches/september-23-1976-debate-president-gerald-ford-domestic-issues,102,Congress,institution,adversarial,judgment-full-20260720,congress,Congress,institution,adversarial,opus-judgment-20260721,True
/the-presidency/presidential-speeches/september-23-1976-debate-president-gerald-ford-domestic-issues,103,Congress,institution,adversarial,judgment-full-20260720,congress,Congress,institution,adversarial,opus-judgment-20260721,True
/the-presidency/presidential-speeches/september-23-1976-debate-president-gerald-ford-domestic-issues,107,Democratic Congress,institution,adversarial,judgment-full-20260720,democratic congress,Democratic Congress,institution,adversarial,opus-judgment-20260721,True
/the-presidency/presidential-speeches/september-23-1976-debate-president-gerald-ford-domestic-issues,108,Eisenhower,person,favorable,judgment-full-20260720,eisenhower,Eisenhower,person,favorable,opus-judgment-20260721,True
/the-presidency/presidential-speeches/september-23-1976-debate-president-gerald-ford-domestic-issues,108,Nixon,person,neutral,judgment-full-20260720,nixon,Nixon,person,favorable,opus-judgment-20260721,False
/the-presidency/presidential-speeches/september-23-1976-debate-president-gerald-ford-domestic-issues,110,Nixon administration,institution,adversarial,judgment-full-20260720,nixon administration,Nixon administration,institution,adversarial,opus-judgment-20260721,True
/the-presidency/presidential-speeches/september-23-1976-debate-president-gerald-ford-domestic-issues,114,Arthur Burns,person,neutral,judgment-full-20260720,arthur burns,Arthur Burns,person,neutral,opus-judgment-20260721,True
/the-presidency/presidential-speeches/september-23-1976-debate-president-gerald-ford-domestic-issues,115,Republican administration,institution,adversarial,judgment-full-20260720,republican administration,Republican administration,group,adversarial,opus-judgment-20260721,True
/the-presidency/presidential-speeches/september-23-1976-debate-president-gerald-ford-domestic-issues,120,Congress,institution,adversarial,judgment-full-20260720,congress,Congress,institution,neutral,opus-judgment-20260721,False
/the-presidency/presidential-speeches/september-23-1976-debate-president-gerald-ford-domestic-issues,121,George Bush,person,favorable,judgment-full-20260720,george bush,George Bush,person,favorable,opus-judgment-20260721,True
/the-presidency/presidential-speeches/september-23-1976-debate-president-gerald-ford-domestic-issues,130,Democratic platform,group,adversarial,judgment-full-20260720,democratic platform,Democratic platform,group,adversarial,opus-judgment-20260721,True
/the-presidency/presidential-speeches/september-23-1976-debate-president-gerald-ford-domestic-issues,135,League of Women Voters Education Fund,institution,neutral,judgment-full-20260720,league of women voters education fund,League of Women Voters Education Fund,institution,neutral,opus-judgment-20260721,True
/the-presidency/presidential-speeches/september-24-2019-remarks-united-nations-general-assembly,8,Canada,nation,favorable,judgment-r2-20260720,canada,Canada,nation,favorable,opus-judgment-20260721,True
/the-presidency/presidential-speeches/september-24-2019-remarks-united-nations-general-assembly,8,Mexico,nation,favorable,judgment-r2-20260720,mexico,Mexico,nation,favorable,opus-judgment-20260721,True
/the-presidency/presidential-speeches/september-24-2019-remarks-united-nations-general-assembly,9,United Kingdom,nation,favorable,judgment-r2-20260720,united kingdom,United Kingdom,nation,favorable,opus-judgment-20260721,True
/the-presidency/presidential-speeches/september-24-2019-remarks-united-nations-general-assembly,10,China,nation,adversarial,judgment-r2-20260720,china,China,nation,adversarial,opus-judgment-20260721,True
/the-presidency/presidential-speeches/september-24-2019-remarks-united-nations-general-assembly,11,China,nation,adversarial,judgment-r2-20260720,china,China,nation,adversarial,opus-judgment-20260721,True
/the-presidency/presidential-speeches/september-24-2019-remarks-united-nations-general-assembly,11,Micron Technology,institution,favorable,judgment-r2-20260720,micron technology,Micron Technology,institution,favorable,opus-judgment-20260721,True
/the-presidency/presidential-speeches/september-24-2019-remarks-united-nations-general-assembly,12,China,nation,adversarial,judgment-r2-20260720,china,China,nation,adversarial,opus-judgment-20260721,True
/the-presidency/presidential-speeches/september-24-2019-remarks-united-nations-general-assembly,12,World Trade Organization,institution,adversarial,judgment-r2-20260720,world trade organization,World Trade Organization,institution,adversarial,opus-judgment-20260721,True
/the-presidency/presidential-speeches/september-24-2019-remarks-united-nations-general-assembly,13,China,nation,adversarial,judgment-r2-20260720,china,China,nation,adversarial,opus-judgment-20260721,True
/the-presidency/presidential-speeches/september-24-2019-remarks-united-nations-general-assembly,14,China,nation,neutral,judgment-r2-20260720,china,China,nation,neutral,opus-judgment-20260721,True
/the-presidency/presidential-speeches/september-24-2019-remarks-united-nations-general-assembly,14,Hong Kong,other,neutral,judgment-r2-20260720,hong kong,Hong Kong,other,neutral,opus-judgment-20260721,True
/the-presidency/presidential-speeches/september-24-2019-remarks-united-nations-general-assembly,15,Iran,nation,adversarial,judgment-r2-20260720,iran,Iran,nation,adversarial,opus-judgment-20260721,True
/the-presidency/presidential-speeches/september-24-2019-remarks-united-nations-general-assembly,16,Iran,nation,adversarial,judgment-r2-20260720,iran,Iran,nation,adversarial,opus-judgment-20260721,True
/the-presidency/presidential-speeches/september-24-2019-remarks-united-nations-general-assembly,16,Saudi Arabia,nation,neutral,judgment-r2-20260720,saudi arabia,Saudi Arabia,nation,favorable,opus-judgment-20260721,False
/the-presidency/presidential-speeches/september-24-2019-remarks-united-nations-general-assembly,17,Iran,nation,adversarial,judgment-r2-20260720,iran,Iran,nation,adversarial,opus-judgment-20260721,True
/the-presidency/presidential-speeches/september-24-2019-remarks-united-nations-general-assembly,18,Iran,nation,adversarial,judgment-r2-20260720,iran,Iran,nation,adversarial,opus-judgment-20260721,True
/the-presidency/presidential-speeches/september-24-2019-remarks-united-nations-general-assembly,18,Israel,nation,favorable,judgment-r2-20260720,israel,Israel,nation,favorable,opus-judgment-20260721,True
/the-presidency/presidential-speeches/september-24-2019-remarks-united-nations-general-assembly,19,Israel,nation,favorable,judgment-r2-20260720,israel,Israel,nation,favorable,opus-judgment-20260721,True
/the-presidency/presidential-speeches/september-24-2019-remarks-united-nations-general-assembly,20,Iran,nation,adversarial,judgment-r2-20260720,iran,Iran,nation,adversarial,opus-judgment-20260721,True
/the-presidency/presidential-speeches/september-24-2019-remarks-united-nations-general-assembly,21,Kim Jong Un,person,neutral,judgment-r2-20260720,kim jong un,Kim Jong Un,person,neutral,opus-judgment-20260721,True
/the-presidency/presidential-speeches/september-24-2019-remarks-united-nations-general-assembly,21,North Korea,nation,neutral,judgment-r2-20260720,north korea,North Korea,nation,neutral,opus-judgment-20260721,True
/the-presidency/presidential-speeches/september-24-2019-remarks-united-nations-general-assembly,22,Taliban,group,adversarial,judgment-r2-20260720,taliban,Taliban,group,adversarial,opus-judgment-20260721,True
/the-presidency/presidential-speeches/september-24-2019-remarks-united-nations-general-assembly,24,coyotes,group,adversarial,judgment-r2-20260720,coyotes,coyotes,group,adversarial,opus-judgment-20260721,True
/the-presidency/presidential-speeches/september-24-2019-remarks-united-nations-general-assembly,25,open border activists,group,adversarial,judgment-r2-20260720,open border activists,open border activists,group,adversarial,opus-judgment-20260721,True
/the-presidency/presidential-speeches/september-24-2019-remarks-united-nations-general-assembly,26,López Obrador,person,favorable,judgment-r2-20260720,lópez obrador,López Obrador,person,favorable,opus-judgment-20260721,True
/the-presidency/presidential-speeches/september-24-2019-remarks-united-nations-general-assembly,26,Mexico,nation,favorable,judgment-r2-20260720,mexico,Mexico,nation,favorable,opus-judgment-20260721,True
/the-presidency/presidential-speeches/september-24-2019-remarks-united-nations-general-assembly,27,smugglers,group,adversarial,judgment-r2-20260720,smugglers,smugglers,group,adversarial,opus-judgment-20260721,True
/the-presidency/presidential-speeches/september-24-2019-remarks-united-nations-general-assembly,29,Cuba,nation,adversarial,judgment-r2-20260720,cuba,Cuba,nation,adversarial,opus-judgment-20260721,True
/the-presidency/presidential-speeches/september-24-2019-remarks-united-nations-general-assembly,29,Nicaragua,nation,adversarial,judgment-r2-20260720,nicaragua,Nicaragua,nation,adversarial,opus-judgment-20260721,True
/the-presidency/presidential-speeches/september-24-2019-remarks-united-nations-general-assembly,29,Venezuela,nation,adversarial,judgment-r2-20260720,venezuela,Venezuela,nation,neutral,opus-judgment-20260721,False
/the-presidency/presidential-speeches/september-24-2019-remarks-united-nations-general-assembly,30,Cuba,nation,adversarial,judgment-r2-20260720,cuba,Cuba,nation,adversarial,opus-judgment-20260721,True
/the-presidency/presidential-speeches/september-24-2019-remarks-united-nations-general-assembly,30,Maduro,person,adversarial,judgment-r2-20260720,maduro,Maduro,person,adversarial,opus-judgment-20260721,True
/the-presidency/presidential-speeches/september-24-2019-remarks-united-nations-general-assembly,30,Venezuela,nation,neutral,judgment-r2-20260720,venezuela,Venezuela,nation,favorable,opus-judgment-20260721,False
/the-presidency/presidential-speeches/september-24-2019-remarks-united-nations-general-assembly,34,media and academic institutions,institution,adversarial,judgment-r2-20260720,media and academic institutions,media and academic institutions,institution,adversarial,opus-judgment-20260721,True
/the-presidency/presidential-speeches/september-24-2019-remarks-united-nations-general-assembly,34,permanent political class,group,adversarial,judgment-r2-20260720,permanent political class,permanent political class,group,adversarial,opus-judgment-20260721,True
/the-presidency/presidential-speeches/september-24-2019-remarks-united-nations-general-assembly,34,social media platforms,institution,adversarial,judgment-r2-20260720,social media platforms,social media platforms,institution,adversarial,opus-judgment-20260721,True
/the-presidency/presidential-speeches/september-24-2019-remarks-united-nations-general-assembly,38,United Nations,institution,adversarial,judgment-r2-20260720,united nations,United Nations,institution,adversarial,opus-judgment-20260721,True
/the-presidency/presidential-speeches/september-25-2018-address-73rd-session-united-nations-general,6,Kim Jong Un,person,neutral,judgment-r2-20260720,kim jong un,Kim Jong Un,person,favorable,opus-judgment-20260721,False
/the-presidency/presidential-speeches/september-25-2018-address-73rd-session-united-nations-general,6,North Korea,nation,neutral,judgment-r2-20260720,north korea,North Korea,nation,neutral,opus-judgment-20260721,True
/the-presidency/presidential-speeches/september-25-2018-address-73rd-session-united-nations-general,9,Saudi Arabia,nation,favorable,judgment-r2-20260720,saudi arabia,Saudi Arabia,nation,favorable,opus-judgment-20260721,True
/the-presidency/presidential-speeches/september-25-2018-address-73rd-session-united-nations-general,10,Qatar,nation,favorable,judgment-r2-20260720,qatar,Qatar,nation,favorable,opus-judgment-20260721,True
/the-presidency/presidential-speeches/september-25-2018-address-73rd-session-united-nations-general,10,Saudi Arabia,nation,favorable,judgment-r2-20260720,saudi arabia,Saudi Arabia,nation,favorable,opus-judgment-20260721,True
/the-presidency/presidential-speeches/september-25-2018-address-73rd-session-united-nations-general,10,UAE,nation,favorable,judgment-r2-20260720,uae,UAE,nation,favorable,opus-judgment-20260721,True
/the-presidency/presidential-speeches/september-25-2018-address-73rd-session-united-nations-general,11,ISIS,group,adversarial,judgment-r2-20260720,isis,ISIS,group,adversarial,opus-judgment-20260721,True
/the-presidency/presidential-speeches/september-25-2018-address-73rd-session-united-nations-general,12,Assad regime,nation,adversarial,judgment-r2-20260720,assad regime,Assad regime,institution,adversarial,opus-judgment-20260721,True
/the-presidency/presidential-speeches/september-25-2018-address-73rd-session-united-nations-general,12,Jordan,nation,favorable,judgment-r2-20260720,jordan,Jordan,nation,favorable,opus-judgment-20260721,True
/the-presidency/presidential-speeches/september-25-2018-address-73rd-session-united-nations-general,13,Iran,nation,adversarial,judgment-r2-20260720,iran,Iran,nation,adversarial,opus-judgment-20260721,True
/the-presidency/presidential-speeches/september-25-2018-address-73rd-session-united-nations-general,13,Jordan,nation,favorable,judgment-r2-20260720,jordan,Jordan,nation,favorable,opus-judgment-20260721,True
/the-presidency/presidential-speeches/september-25-2018-address-73rd-session-united-nations-general,15,Iran,nation,adversarial,judgment-r2-20260720,iran,Iran,nation,adversarial,opus-judgment-20260721,True
/the-presidency/presidential-speeches/september-25-2018-address-73rd-session-united-nations-general,16,Iran,nation,adversarial,judgment-r2-20260720,iran,Iran,nation,adversarial,opus-judgment-20260721,True
/the-presidency/presidential-speeches/september-25-2018-address-73rd-session-united-nations-general,17,Iran,nation,adversarial,judgment-r2-20260720,iran,Iran,nation,adversarial,opus-judgment-20260721,True
/the-presidency/presidential-speeches/september-25-2018-address-73rd-session-united-nations-general,17,Israel,nation,favorable,judgment-r2-20260720,israel,Israel,nation,favorable,opus-judgment-20260721,True
/the-presidency/presidential-speeches/september-25-2018-address-73rd-session-united-nations-general,18,Israel,nation,favorable,judgment-r2-20260720,israel,Israel,nation,favorable,opus-judgment-20260721,True
/the-presidency/presidential-speeches/september-25-2018-address-73rd-session-united-nations-general,21,World Trade Organization,institution,adversarial,judgment-r2-20260720,world trade organization,World Trade Organization,institution,neutral,opus-judgment-20260721,False
/the-presidency/presidential-speeches/september-25-2018-address-73rd-session-united-nations-general,22,China,nation,adversarial,judgment-r2-20260720,china,China,nation,adversarial,opus-judgment-20260721,True
/the-presidency/presidential-speeches/september-25-2018-address-73rd-session-united-nations-general,23,China,nation,adversarial,judgment-r2-20260720,china,China,nation,adversarial,opus-judgment-20260721,True
/the-presidency/presidential-speeches/september-25-2018-address-73rd-session-united-nations-general,24,Nikki Haley,person,favorable,judgment-r2-20260720,nikki haley,Nikki Haley,person,favorable,opus-judgment-20260721,True
/the-presidency/presidential-speeches/september-25-2018-address-73rd-session-united-nations-general,24,U.N. Human Rights Council,institution,adversarial,judgment-r2-20260720,u.n. human rights council,U.N. Human Rights Council,institution,adversarial,opus-judgment-20260721,True
/the-presidency/presidential-speeches/september-25-2018-address-73rd-session-united-nations-general,25,International Criminal Court,institution,adversarial,judgment-r2-20260720,international criminal court,International Criminal Court,institution,adversarial,opus-judgment-20260721,True
/the-presidency/presidential-speeches/september-25-2018-address-73rd-session-united-nations-general,27,OPEC,group,adversarial,judgment-r2-20260720,opec,OPEC,institution,adversarial,opus-judgment-20260721,True
/the-presidency/presidential-speeches/september-25-2018-address-73rd-session-united-nations-general,28,Germany,nation,neutral,judgment-r2-20260720,germany,Germany,nation,neutral,opus-judgment-20260721,True
/the-presidency/presidential-speeches/september-25-2018-address-73rd-session-united-nations-general,28,Poland,nation,favorable,judgment-r2-20260720,poland,Poland,nation,favorable,opus-judgment-20260721,True
/the-presidency/presidential-speeches/september-25-2018-address-73rd-session-united-nations-general,28,Russia,nation,adversarial,judgment-r2-20260720,russia,Russia,nation,adversarial,opus-judgment-20260721,True
/the-presidency/presidential-speeches/september-25-2018-address-73rd-session-united-nations-general,32,Cuba,nation,adversarial,judgment-r2-20260720,cuba,Cuba,nation,adversarial,opus-judgment-20260721,True
/the-presidency/presidential-speeches/september-25-2018-address-73rd-session-united-nations-general,32,Maduro regime,nation,adversarial,judgment-r2-20260720,maduro regime,Maduro regime,institution,adversarial,opus-judgment-20260721,True
/the-presidency/presidential-speeches/september-25-2018-address-73rd-session-united-nations-general,32,Venezuela,nation,neutral,judgment-r2-20260720,venezuela,Venezuela,nation,neutral,opus-judgment-20260721,True
/the-presidency/presidential-speeches/september-25-2018-address-73rd-session-united-nations-general,33,Maduro,person,adversarial,judgment-r2-20260720,maduro,Maduro,person,adversarial,opus-judgment-20260721,True
/the-presidency/presidential-speeches/september-25-2018-address-73rd-session-united-nations-general,33,Venezuela,nation,neutral,judgment-r2-20260720,venezuela,Venezuela,nation,neutral,opus-judgment-20260721,True
/the-presidency/presidential-speeches/september-25-2018-address-73rd-session-united-nations-general,34,Mike Pompeo,person,favorable,judgment-r2-20260720,mike pompeo,Mike Pompeo,person,favorable,opus-judgment-20260721,True
/the-presidency/presidential-speeches/september-25-2018-address-73rd-session-united-nations-general,35,United Nations,institution,neutral,judgment-r2-20260720,united nations,United Nations,institution,favorable,opus-judgment-20260721,False
/the-presidency/presidential-speeches/september-25-2018-address-73rd-session-united-nations-general,38,India,nation,favorable,judgment-r2-20260720,india,India,nation,favorable,opus-judgment-20260721,True
/the-presidency/presidential-speeches/september-25-2018-address-73rd-session-united-nations-general,39,Israel,nation,favorable,judgment-r2-20260720,israel,Israel,nation,favorable,opus-judgment-20260721,True
/the-presidency/presidential-speeches/september-25-2018-address-73rd-session-united-nations-general,39,King Salman,person,favorable,judgment-r2-20260720,king salman,King Salman,person,favorable,opus-judgment-20260721,True
/the-presidency/presidential-speeches/september-25-2018-address-73rd-session-united-nations-general,39,Poland,nation,favorable,judgment-r2-20260720,poland,Poland,nation,favorable,opus-judgment-20260721,True
/the-presidency/presidential-speeches/september-25-2018-address-73rd-session-united-nations-general,39,Saudi Arabia,nation,favorable,judgment-r2-20260720,saudi arabia,Saudi Arabia,nation,favorable,opus-judgment-20260721,True
/the-presidency/presidential-speeches/september-26-1988-address-united-nations,5,United Nations,institution,favorable,judgment-full-20260720,united nations,United Nations,institution,favorable,opus-judgment-20260721,True
/the-presidency/presidential-speeches/september-26-1988-address-united-nations,6,Soviet Union,nation,neutral,judgment-full-20260720,soviet union,Soviet Union,nation,neutral,opus-judgment-20260721,True
/the-presidency/presidential-speeches/september-26-1988-address-united-nations,7,Gorbachev,person,neutral,judgment-full-20260720,gorbachev,Gorbachev,person,neutral,opus-judgment-20260721,True
/the-presidency/presidential-speeches/september-26-1988-address-united-nations,8,Gorbachev,person,neutral,judgment-full-20260720,gorbachev,Gorbachev,person,neutral,opus-judgment-20260721,True
/the-presidency/presidential-speeches/september-26-1988-address-united-nations,9,Soviet Union,nation,neutral,judgment-full-20260720,soviet union,Soviet Union,nation,neutral,opus-judgment-20260721,True
/the-presidency/presidential-speeches/september-26-1988-address-united-nations,10,League of Nations,institution,neutral,judgment-full-20260720,league of nations,League of Nations,institution,neutral,opus-judgment-20260721,True
/the-presidency/presidential-speeches/september-26-1988-address-united-nations,11,United Nations,institution,favorable,judgment-full-20260720,united nations,United Nations,institution,favorable,opus-judgment-20260721,True
/the-presidency/presidential-speeches/september-26-1988-address-united-nations,14,Managua,other,adversarial,judgment-full-20260720,managua,Managua,other,adversarial,opus-judgment-20260721,True
/the-presidency/presidential-speeches/september-26-1988-address-united-nations,14,South Africa,nation,adversarial,judgment-full-20260720,south africa,South Africa,nation,adversarial,opus-judgment-20260721,True
/the-presidency/presidential-speeches/september-26-1988-address-united-nations,14,Soviet Union,nation,adversarial,judgment-full-20260720,soviet union,Soviet Union,nation,adversarial,opus-judgment-20260721,True
/the-presidency/presidential-speeches/september-26-1988-address-united-nations,15,Cuba,nation,adversarial,judgment-full-20260720,cuba,Cuba,nation,adversarial,opus-judgment-20260721,True
/the-presidency/presidential-speeches/september-26-1988-address-united-nations,15,Fidel Castro,person,adversarial,judgment-full-20260720,fidel castro,Fidel Castro,person,adversarial,opus-judgment-20260721,True
/the-presidency/presidential-speeches/september-26-1988-address-united-nations,17,Iran,nation,neutral,judgment-full-20260720,iran,Iran,nation,neutral,opus-judgment-20260721,True
/the-presidency/presidential-speeches/september-26-1988-address-united-nations,17,Iraq,nation,neutral,judgment-full-20260720,iraq,Iraq,nation,neutral,opus-judgment-20260721,True
/the-presidency/presidential-speeches/september-26-1988-address-united-nations,18,Afghan freedom fighters,group,favorable,judgment-full-20260720,afghan freedom fighters,Afghan freedom fighters,group,favorable,opus-judgment-20260721,True
/the-presidency/presidential-speeches/september-26-1988-address-united-nations,19,Angola,nation,neutral,judgment-full-20260720,angola,Angola,nation,neutral,opus-judgment-20260721,True
/the-presidency/presidential-speeches/september-26-1988-address-united-nations,19,Cuba,nation,adversarial,judgment-full-20260720,cuba,Cuba,nation,neutral,opus-judgment-20260721,False
/the-presidency/presidential-speeches/september-26-1988-address-united-nations,19,South Africa,nation,neutral,judgment-full-20260720,south africa,South Africa,nation,neutral,opus-judgment-20260721,True
/the-presidency/presidential-speeches/september-26-1988-address-united-nations,20,Khmer Rouge,group,adversarial,judgment-full-20260720,khmer rouge,Khmer Rouge,group,adversarial,opus-judgment-20260721,True
/the-presidency/presidential-speeches/september-26-1988-address-united-nations,20,Vietnam,nation,adversarial,judgment-full-20260720,vietnam,Vietnam,nation,adversarial,opus-judgment-20260721,True
/the-presidency/presidential-speeches/september-26-1988-address-united-nations,23,Nicaragua,nation,adversarial,judgment-full-20260720,nicaragua,Nicaragua,nation,adversarial,opus-judgment-20260721,True
/the-presidency/presidential-speeches/september-26-1988-address-united-nations,25,Sandinista regime,group,adversarial,judgment-full-20260720,sandinista regime,Sandinista regime,group,adversarial,opus-judgment-20260721,True
/the-presidency/presidential-speeches/september-26-1988-address-united-nations,25,Soviet Union,nation,adversarial,judgment-full-20260720,soviet union,Soviet Union,nation,neutral,opus-judgment-20260721,False
/the-presidency/presidential-speeches/september-26-1988-address-united-nations,26,Soviet Union,nation,neutral,judgment-full-20260720,soviet union,Soviet Union,nation,neutral,opus-judgment-20260721,True
/the-presidency/presidential-speeches/september-26-1988-address-united-nations,31,Shevardnadze,person,neutral,judgment-full-20260720,shevardnadze,Shevardnadze,person,neutral,opus-judgment-20260721,True
/the-presidency/presidential-speeches/september-26-1988-address-united-nations,31,Shultz,person,neutral,judgment-full-20260720,shultz,Shultz,person,neutral,opus-judgment-20260721,True
/the-presidency/presidential-speeches/september-26-1988-address-united-nations,32,United Nations,institution,favorable,judgment-full-20260720,united nations,United Nations,institution,favorable,opus-judgment-20260721,True
/the-presidency/presidential-speeches/september-26-1988-address-united-nations,33,World Health Organization,institution,favorable,judgment-full-20260720,world health organization,World Health Organization,institution,favorable,opus-judgment-20260721,True
/the-presidency/presidential-speeches/september-26-1988-address-united-nations,34,drug traffickers,group,adversarial,judgment-full-20260720,drug traffickers,drug traffickers,group,adversarial,opus-judgment-20260721,True
/the-presidency/presidential-speeches/september-26-1988-address-united-nations,40,Dag Hammarskjold,person,favorable,judgment-full-20260720,dag hammarskjold,Dag Hammarskjold,person,favorable,opus-judgment-20260721,True
/the-presidency/presidential-speeches/september-26-1988-address-united-nations,41,Benjamin Franklin,person,favorable,judgment-full-20260720,benjamin franklin,Benjamin Franklin,person,favorable,opus-judgment-20260721,True
/the-presidency/presidential-speeches/september-26-1988-address-united-nations,41,Lincoln,person,favorable,judgment-full-20260720,lincoln,Lincoln,person,favorable,opus-judgment-20260721,True
/the-presidency/presidential-speeches/september-3-1892-speech-accepting-republican-nomination,0,Republican national convention,institution,favorable,judgment-full-20260720,republican national convention,Republican national convention,institution,favorable,opus-judgment-20260721,True
/the-presidency/presidential-speeches/september-3-1892-speech-accepting-republican-nomination,0,"William McKinley, Jr.",person,neutral,judgment-full-20260720,"william mckinley, jr.","William McKinley, Jr.",person,neutral,opus-judgment-20260721,True
/the-presidency/presidential-speeches/september-3-1892-speech-accepting-republican-nomination,1,Democratic House of Representatives,institution,adversarial,judgment-full-20260720,democratic house of representatives,Democratic House of Representatives,institution,adversarial,opus-judgment-20260721,True
/the-presidency/presidential-speeches/september-3-1892-speech-accepting-republican-nomination,1,Fifty-first Congress,institution,favorable,judgment-full-20260720,fifty-first congress,Fifty-first Congress,institution,favorable,opus-judgment-20260721,True
/the-presidency/presidential-speeches/september-3-1892-speech-accepting-republican-nomination,2,Democratic party,group,adversarial,judgment-full-20260720,democratic party,Democratic party,group,adversarial,opus-judgment-20260721,True
/the-presidency/presidential-speeches/september-3-1892-speech-accepting-republican-nomination,2,Republican party,group,favorable,judgment-full-20260720,republican party,Republican party,group,favorable,opus-judgment-20260721,True
/the-presidency/presidential-speeches/september-3-1892-speech-accepting-republican-nomination,3,Democratic party,group,adversarial,judgment-full-20260720,democratic party,Democratic party,group,adversarial,opus-judgment-20260721,True
/the-presidency/presidential-speeches/september-3-1892-speech-accepting-republican-nomination,5,Democratic party,group,adversarial,judgment-full-20260720,democratic party,Democratic party,group,adversarial,opus-judgment-20260721,True
/the-presidency/presidential-speeches/september-3-1892-speech-accepting-republican-nomination,9,Democratic party,group,adversarial,judgment-full-20260720,democratic party,Democratic party,group,adversarial,opus-judgment-20260721,True
/the-presidency/presidential-speeches/september-3-1892-speech-accepting-republican-nomination,11,Mr. Elaine,person,favorable,judgment-full-20260720,mr. elaine,Mr. Elaine,person,favorable,opus-judgment-20260721,True
/the-presidency/presidential-speeches/september-3-1892-speech-accepting-republican-nomination,12,British board of trade,institution,adversarial,judgment-full-20260720,british board of trade,British board of trade,institution,adversarial,opus-judgment-20260721,True
/the-presidency/presidential-speeches/september-3-1892-speech-accepting-republican-nomination,19,Democratic party,group,adversarial,judgment-full-20260720,democratic party,Democratic party,group,adversarial,opus-judgment-20260721,True
/the-presidency/presidential-speeches/september-3-1892-speech-accepting-republican-nomination,21,Democratic party,group,adversarial,judgment-full-20260720,democratic party,Democratic party,group,adversarial,opus-judgment-20260721,True
/the-presidency/presidential-speeches/september-3-1892-speech-accepting-republican-nomination,21,Jackson,person,favorable,judgment-full-20260720,jackson,Jackson,person,favorable,opus-judgment-20260721,True
/the-presidency/presidential-speeches/september-3-1892-speech-accepting-republican-nomination,21,Jefferson,person,favorable,judgment-full-20260720,jefferson,Jefferson,person,favorable,opus-judgment-20260721,True
/the-presidency/presidential-speeches/september-3-1892-speech-accepting-republican-nomination,23,Democratic party,group,adversarial,judgment-full-20260720,democratic party,Democratic party,group,adversarial,opus-judgment-20260721,True
/the-presidency/presidential-speeches/september-3-1892-speech-accepting-republican-nomination,28,Democratic party,group,adversarial,judgment-full-20260720,democratic party,Democratic party,group,adversarial,opus-judgment-20260721,True
/the-presidency/presidential-speeches/september-3-1892-speech-accepting-republican-nomination,28,Welsh producers,group,adversarial,judgment-full-20260720,welsh producers,Welsh producers,group,adversarial,opus-judgment-20260721,True
/the-presidency/presidential-speeches/september-3-1892-speech-accepting-republican-nomination,40,Kolb party,group,favorable,judgment-full-20260720,kolb party,Kolb party,group,favorable,opus-judgment-20260721,True
/the-presidency/presidential-speeches/september-3-1892-speech-accepting-republican-nomination,40,white Democrats,group,adversarial,judgment-full-20260720,white democrats,white Democrats,group,adversarial,opus-judgment-20260721,True
/the-presidency/presidential-speeches/september-3-1892-speech-accepting-republican-nomination,43,Republican party,group,favorable,judgment-full-20260720,republican party,Republican party,group,favorable,opus-judgment-20260721,True
/the-presidency/presidential-speeches/september-3-1892-speech-accepting-republican-nomination,48,Democratic party,group,adversarial,judgment-full-20260720,democratic party,Democratic party,group,adversarial,opus-judgment-20260721,True
/the-presidency/presidential-speeches/september-3-1892-speech-accepting-republican-nomination,50,Chile,nation,neutral,judgment-full-20260720,chile,Chile,nation,favorable,opus-judgment-20260721,False
/the-presidency/presidential-speeches/september-3-1892-speech-accepting-republican-nomination,51,Mr. Egan,person,favorable,judgment-full-20260720,mr. egan,Mr. Egan,person,favorable,opus-judgment-20260721,True
/the-presidency/presidential-speeches/september-3-1892-speech-accepting-republican-nomination,54,anarchist,group,adversarial,judgment-full-20260720,anarchist,anarchist,group,adversarial,opus-judgment-20260721,True
/the-presidency/presidential-speeches/september-3-1892-speech-accepting-republican-nomination,55,Democratic party,group,adversarial,judgment-full-20260720,democratic party,Democratic party,group,adversarial,opus-judgment-20260721,True
/the-presidency/presidential-speeches/september-3-1892-speech-accepting-republican-nomination,57,Democratic party,group,adversarial,judgment-full-20260720,democratic party,Democratic party,group,adversarial,opus-judgment-20260721,True
/the-presidency/presidential-speeches/september-3-1892-speech-accepting-republican-nomination,57,Republican party,group,favorable,judgment-full-20260720,republican party,Republican party,group,favorable,opus-judgment-20260721,True
/the-presidency/presidential-speeches/september-4-1837-special-session-message,9,Great Britain,nation,neutral,judgment-full-20260720,great britain,Great Britain,nation,neutral,opus-judgment-r2-20260722,True
/the-presidency/presidential-speeches/september-4-1837-special-session-message,10,Great Britain,nation,neutral,judgment-full-20260720,great britain,Great Britain,nation,neutral,opus-judgment-r2-20260722,True
/the-presidency/presidential-speeches/september-4-1837-special-session-message,15,Bank of the United States,institution,adversarial,judgment-full-20260720,bank of the united states,Bank of the United States,institution,adversarial,opus-judgment-r2-20260722,True
/the-presidency/presidential-speeches/september-4-1837-special-session-message,15,Great Britain,nation,neutral,judgment-full-20260720,great britain,Great Britain,nation,neutral,opus-judgment-r2-20260722,True
/the-presidency/presidential-speeches/september-4-1837-special-session-message,26,Bank of the United States,institution,adversarial,judgment-full-20260720,bank of the united states,Bank of the United States,institution,adversarial,opus-judgment-r2-20260722,True
/the-presidency/presidential-speeches/september-4-1837-special-session-message,81,M. Van Buren,person,neutral,judgment-full-20260720,m. van buren,M. Van Buren,person,neutral,opus-judgment-r2-20260722,True
/the-presidency/presidential-speeches/september-5-1901-speech-buffalo-new-york,0,Cuba,nation,neutral,judgment-full-20260720,cuba,Cuba,nation,favorable,opus-judgment-20260721,False
/the-presidency/presidential-speeches/september-5-1901-speech-buffalo-new-york,0,Mexico,nation,favorable,judgment-full-20260720,mexico,Mexico,nation,favorable,opus-judgment-20260721,True
/the-presidency/presidential-speeches/september-5-1901-speech-buffalo-new-york,0,Puerto Rico,nation,neutral,judgment-full-20260720,puerto rico,Puerto Rico,other,favorable,opus-judgment-20260721,False
/the-presidency/presidential-speeches/september-5-1901-speech-buffalo-new-york,5,England,nation,neutral,judgment-full-20260720,england,England,nation,neutral,opus-judgment-20260721,True
/the-presidency/presidential-speeches/september-5-1901-speech-buffalo-new-york,5,General Jackson,person,neutral,judgment-full-20260720,general jackson,General Jackson,person,neutral,opus-judgment-20260721,True
/the-presidency/presidential-speeches/september-5-1901-speech-buffalo-new-york,6,General Miles,person,favorable,judgment-full-20260720,general miles,General Miles,person,favorable,opus-judgment-20260721,True
/the-presidency/presidential-speeches/september-5-1901-speech-buffalo-new-york,6,Spain,nation,adversarial,judgment-full-20260720,spain,Spain,nation,neutral,opus-judgment-20260721,False
/the-presidency/presidential-speeches/september-5-1901-speech-buffalo-new-york,7,China,nation,adversarial,judgment-full-20260720,china,China,nation,neutral,opus-judgment-20260721,False
/the-presidency/presidential-speeches/september-5-1901-speech-buffalo-new-york,14,Blaine,person,favorable,judgment-full-20260720,blaine,Blaine,person,favorable,opus-judgment-20260721,True
/the-presidency/presidential-speeches/september-5-1901-speech-buffalo-new-york,14,Mexico,nation,neutral,judgment-full-20260720,mexico,Mexico,nation,favorable,opus-judgment-20260721,False
/the-presidency/presidential-speeches/september-5-1983-speech-soviet-attack-korean-airliner,0,Kathryn McDonald,person,favorable,judgment-full-20260720,kathryn mcdonald,Kathryn McDonald,person,favorable,opus-judgment-20260721,True
/the-presidency/presidential-speeches/september-5-1983-speech-soviet-attack-korean-airliner,0,Soviet Union,nation,adversarial,judgment-full-20260720,soviet union,Soviet Union,nation,adversarial,opus-judgment-20260721,True
/the-presidency/presidential-speeches/september-5-1983-speech-soviet-attack-korean-airliner,1,Soviet Union,nation,adversarial,judgment-full-20260720,soviet union,Soviet Union,nation,adversarial,opus-judgment-20260721,True
/the-presidency/presidential-speeches/september-5-1983-speech-soviet-attack-korean-airliner,2,Soviet Union,nation,adversarial,judgment-full-20260720,soviet union,Soviet Union,nation,adversarial,opus-judgment-20260721,True
/the-presidency/presidential-speeches/september-5-1983-speech-soviet-attack-korean-airliner,3,Soviet Union,nation,adversarial,judgment-full-20260720,soviet union,Soviet Union,nation,adversarial,opus-judgment-20260721,True
/the-presidency/presidential-speeches/september-5-1983-speech-soviet-attack-korean-airliner,9,Soviet pilots,group,adversarial,judgment-full-20260720,soviet pilots,Soviet pilots,group,adversarial,opus-judgment-20260721,True
/the-presidency/presidential-speeches/september-5-1983-speech-soviet-attack-korean-airliner,10,Soviet pilot,person,adversarial,judgment-full-20260720,soviet pilot,Soviet pilot,person,adversarial,opus-judgment-20260721,True
/the-presidency/presidential-speeches/september-5-1983-speech-soviet-attack-korean-airliner,11,Soviet Union,nation,adversarial,judgment-full-20260720,soviet union,Soviet Union,nation,adversarial,opus-judgment-20260721,True
/the-presidency/presidential-speeches/september-5-1983-speech-soviet-attack-korean-airliner,14,Congress,institution,neutral,judgment-full-20260720,congress,Congress,institution,favorable,opus-judgment-20260721,False
/the-presidency/presidential-speeches/september-5-1983-speech-soviet-attack-korean-airliner,15,Aeroflot,institution,adversarial,judgment-full-20260720,aeroflot,Aeroflot,institution,adversarial,opus-judgment-20260721,True
/the-presidency/presidential-speeches/september-5-1983-speech-soviet-attack-korean-airliner,15,Canada,nation,favorable,judgment-full-20260720,canada,Canada,nation,favorable,opus-judgment-20260721,True
/the-presidency/presidential-speeches/september-5-1983-speech-soviet-attack-korean-airliner,16,Congress,institution,neutral,judgment-full-20260720,congress,Congress,institution,favorable,opus-judgment-20260721,False
/the-presidency/presidential-speeches/september-5-1983-speech-soviet-attack-korean-airliner,18,Soviet Union,nation,adversarial,judgment-full-20260720,soviet union,Soviet Union,nation,adversarial,opus-judgment-20260721,True
/the-presidency/presidential-speeches/september-5-1983-speech-soviet-attack-korean-airliner,19,Gromyko,person,adversarial,judgment-full-20260720,gromyko,Gromyko,person,adversarial,opus-judgment-20260721,True
/the-presidency/presidential-speeches/september-5-1983-speech-soviet-attack-korean-airliner,19,Secretary Shultz,person,favorable,judgment-full-20260720,secretary shultz,Secretary Shultz,person,favorable,opus-judgment-20260721,True
/the-presidency/presidential-speeches/september-5-1983-speech-soviet-attack-korean-airliner,19,Soviet Union,nation,adversarial,judgment-full-20260720,soviet union,Soviet Union,nation,adversarial,opus-judgment-20260721,True
/the-presidency/presidential-speeches/september-5-1983-speech-soviet-attack-korean-airliner,20,Congress,institution,neutral,judgment-full-20260720,congress,Congress,institution,favorable,opus-judgment-20260721,False
/the-presidency/presidential-speeches/september-5-1983-speech-soviet-attack-korean-airliner,21,Henry Jackson,person,favorable,judgment-full-20260720,henry jackson,Henry Jackson,person,favorable,opus-judgment-20260721,True
/the-presidency/presidential-speeches/september-5-1983-speech-soviet-attack-korean-airliner,21,Soviet Union,nation,adversarial,judgment-full-20260720,soviet union,Soviet Union,nation,adversarial,opus-judgment-20260721,True
/the-presidency/presidential-speeches/september-5-1983-speech-soviet-attack-korean-airliner,22,John F. Kennedy,person,neutral,judgment-full-20260720,john f. kennedy,John F. Kennedy,person,neutral,opus-judgment-20260721,True
/the-presidency/presidential-speeches/september-5-1983-speech-soviet-attack-korean-airliner,22,Soviet Union,nation,adversarial,judgment-full-20260720,soviet union,Soviet Union,nation,adversarial,opus-judgment-20260721,True
/the-presidency/presidential-speeches/september-5-1983-speech-soviet-attack-korean-airliner,23,Ambassador Nitze,person,favorable,judgment-full-20260720,ambassador nitze,Ambassador Nitze,person,favorable,opus-judgment-20260721,True
/the-presidency/presidential-speeches/september-5-1983-speech-soviet-attack-korean-airliner,24,Soviet Union,nation,adversarial,judgment-full-20260720,soviet union,Soviet Union,nation,adversarial,opus-judgment-20260721,True
/the-presidency/presidential-speeches/september-5-1983-speech-soviet-attack-korean-airliner,25,Abraham Lincoln,person,favorable,judgment-full-20260720,abraham lincoln,Abraham Lincoln,person,favorable,opus-judgment-20260721,True
/the-presidency/presidential-speeches/september-7-2020-labor-day-press-conference,3,Biden,person,adversarial,judgment-full-20260720,biden,Biden,person,adversarial,opus-judgment-20260721,True
/the-presidency/presidential-speeches/september-7-2020-labor-day-press-conference,5,Biden,person,adversarial,judgment-full-20260720,biden,Biden,person,adversarial,opus-judgment-20260721,True
/the-presidency/presidential-speeches/september-7-2020-labor-day-press-conference,9,Senator Scott,person,favorable,judgment-full-20260720,senator scott,Senator Scott,person,favorable,opus-judgment-20260721,True
/the-presidency/presidential-speeches/september-7-2020-labor-day-press-conference,10,Democrats,group,adversarial,judgment-full-20260720,democrats,Democrats,group,adversarial,opus-judgment-20260721,True
/the-presidency/presidential-speeches/september-7-2020-labor-day-press-conference,10,Joe Biden,person,adversarial,judgment-full-20260720,joe biden,Joe Biden,person,adversarial,opus-judgment-20260721,True
/the-presidency/presidential-speeches/september-7-2020-labor-day-press-conference,11,Biden,person,adversarial,judgment-full-20260720,biden,Biden,person,adversarial,opus-judgment-20260721,True
/the-presidency/presidential-speeches/september-7-2020-labor-day-press-conference,12,Biden,person,adversarial,judgment-full-20260720,biden,Biden,person,adversarial,opus-judgment-20260721,True
/the-presidency/presidential-speeches/september-7-2020-labor-day-press-conference,15,Biden,person,adversarial,judgment-full-20260720,biden,Biden,person,adversarial,opus-judgment-20260721,True
/the-presidency/presidential-speeches/september-7-2020-labor-day-press-conference,15,China,nation,adversarial,judgment-full-20260720,china,China,nation,adversarial,opus-judgment-20260721,True
/the-presidency/presidential-speeches/september-7-2020-labor-day-press-conference,16,China,nation,adversarial,judgment-full-20260720,china,China,nation,adversarial,opus-judgment-20260721,True
/the-presidency/presidential-speeches/september-7-2020-labor-day-press-conference,17,China,nation,adversarial,judgment-full-20260720,china,China,nation,adversarial,opus-judgment-20260721,True
/the-presidency/presidential-speeches/september-7-2020-labor-day-press-conference,18,China,nation,adversarial,judgment-full-20260720,china,China,nation,adversarial,opus-judgment-20260721,True
/the-presidency/presidential-speeches/september-7-2020-labor-day-press-conference,19,Biden,person,adversarial,judgment-full-20260720,biden,Biden,person,adversarial,opus-judgment-20260721,True
/the-presidency/presidential-speeches/september-7-2020-labor-day-press-conference,19,China,nation,adversarial,judgment-full-20260720,china,China,nation,adversarial,opus-judgment-20260721,True
/the-presidency/presidential-speeches/september-7-2020-labor-day-press-conference,20,Germany,nation,adversarial,judgment-full-20260720,germany,Germany,nation,adversarial,opus-judgment-20260721,True
/the-presidency/presidential-speeches/september-7-2020-labor-day-press-conference,20,NATO,institution,neutral,judgment-full-20260720,nato,NATO,institution,neutral,opus-judgment-20260721,True
/the-presidency/presidential-speeches/september-7-2020-labor-day-press-conference,20,Obama,person,neutral,judgment-full-20260720,obama,Obama,person,neutral,opus-judgment-20260721,True
/the-presidency/presidential-speeches/september-7-2020-labor-day-press-conference,21,Biden,person,adversarial,judgment-full-20260720,biden,Biden,person,adversarial,opus-judgment-20260721,True
/the-presidency/presidential-speeches/september-7-2020-labor-day-press-conference,23,Biden,person,adversarial,judgment-full-20260720,biden,Biden,person,adversarial,opus-judgment-20260721,True
/the-presidency/presidential-speeches/september-7-2020-labor-day-press-conference,24,Biden,person,adversarial,judgment-full-20260720,biden,Biden,person,adversarial,opus-judgment-20260721,True
/the-presidency/presidential-speeches/september-7-2020-labor-day-press-conference,25,ISIS,group,adversarial,judgment-full-20260720,isis,ISIS,group,adversarial,opus-judgment-20260721,True
/the-presidency/presidential-speeches/september-7-2020-labor-day-press-conference,26,Biden,person,adversarial,judgment-full-20260720,biden,Biden,person,adversarial,opus-judgment-20260721,True
/the-presidency/presidential-speeches/september-7-2020-labor-day-press-conference,26,China,nation,adversarial,judgment-full-20260720,china,China,nation,adversarial,opus-judgment-20260721,True
/the-presidency/presidential-speeches/september-7-2020-labor-day-press-conference,27,China,nation,adversarial,judgment-full-20260720,china,China,nation,adversarial,opus-judgment-20260721,True
/the-presidency/presidential-speeches/september-7-2020-labor-day-press-conference,27,Democrats,group,adversarial,judgment-full-20260720,democrats,Democrats,group,adversarial,opus-judgment-20260721,True
/the-presidency/presidential-speeches/september-7-2020-labor-day-press-conference,28,Biden,person,adversarial,judgment-full-20260720,biden,Biden,person,adversarial,opus-judgment-20260721,True
/the-presidency/presidential-speeches/september-7-2020-labor-day-press-conference,28,Germany,nation,neutral,judgment-full-20260720,germany,Germany,nation,neutral,opus-judgment-20260721,True
/the-presidency/presidential-speeches/september-7-2020-labor-day-press-conference,28,Japan,nation,neutral,judgment-full-20260720,japan,Japan,nation,neutral,opus-judgment-20260721,True
/the-presidency/presidential-speeches/september-7-2020-labor-day-press-conference,29,Biden,person,adversarial,judgment-full-20260720,biden,Biden,person,adversarial,opus-judgment-20260721,True
/the-presidency/presidential-speeches/september-7-2020-labor-day-press-conference,29,China,nation,adversarial,judgment-full-20260720,china,China,nation,adversarial,opus-judgment-20260721,True
/the-presidency/presidential-speeches/september-7-2020-labor-day-press-conference,30,Biden,person,adversarial,judgment-full-20260720,biden,Biden,person,adversarial,opus-judgment-20260721,True
/the-presidency/presidential-speeches/september-7-2020-labor-day-press-conference,30,China,nation,adversarial,judgment-full-20260720,china,China,nation,adversarial,opus-judgment-20260721,True
/the-presidency/presidential-speeches/september-7-2020-labor-day-press-conference,30,New York Times,institution,neutral,judgment-full-20260720,new york times,New York Times,institution,favorable,opus-judgment-20260721,False
/the-presidency/presidential-speeches/september-7-2020-labor-day-press-conference,31,China,nation,adversarial,judgment-full-20260720,china,China,nation,adversarial,opus-judgment-20260721,True
/the-presidency/presidential-speeches/september-7-2020-labor-day-press-conference,32,Biden,person,adversarial,judgment-full-20260720,biden,Biden,person,adversarial,opus-judgment-20260721,True
/the-presidency/presidential-speeches/september-7-2020-labor-day-press-conference,32,China,nation,adversarial,judgment-full-20260720,china,China,nation,adversarial,opus-judgment-20260721,True
/the-presidency/presidential-speeches/september-7-2020-labor-day-press-conference,33,Biden,person,adversarial,judgment-full-20260720,biden,Biden,person,adversarial,opus-judgment-20260721,True
/the-presidency/presidential-speeches/september-7-2020-labor-day-press-conference,33,China,nation,adversarial,judgment-full-20260720,china,China,nation,adversarial,opus-judgment-20260721,True
/the-presidency/presidential-speeches/september-7-2020-labor-day-press-conference,34,China,nation,adversarial,judgment-full-20260720,china,China,nation,adversarial,opus-judgment-20260721,True
/the-presidency/presidential-speeches/september-7-2020-labor-day-press-conference,35,China,nation,adversarial,judgment-full-20260720,china,China,nation,adversarial,opus-judgment-20260721,True
/the-presidency/presidential-speeches/september-7-2020-labor-day-press-conference,38,John McCain,person,adversarial,judgment-full-20260720,john mccain,John McCain,person,adversarial,opus-judgment-20260721,True
/the-presidency/presidential-speeches/september-7-2020-labor-day-press-conference,39,FBI,institution,neutral,judgment-full-20260720,fbi,FBI,institution,neutral,opus-judgment-20260721,True
/the-presidency/presidential-speeches/september-7-2020-labor-day-press-conference,39,John McCain,person,adversarial,judgment-full-20260720,john mccain,John McCain,person,adversarial,opus-judgment-20260721,True
/the-presidency/presidential-speeches/september-7-2020-labor-day-press-conference,41,The Atlantic,institution,adversarial,judgment-full-20260720,the atlantic,The Atlantic,institution,adversarial,opus-judgment-20260721,True
/the-presidency/presidential-speeches/september-7-2020-labor-day-press-conference,41,Zach Fuentes,person,favorable,judgment-full-20260720,zach fuentes,Zach Fuentes,person,favorable,opus-judgment-20260721,True
/the-presidency/presidential-speeches/september-7-2020-labor-day-press-conference,43,John Bolton,person,neutral,judgment-full-20260720,john bolton,John Bolton,person,favorable,opus-judgment-20260721,False
/the-presidency/presidential-speeches/september-7-2020-labor-day-press-conference,49,U.S. Marshals,institution,favorable,judgment-full-20260720,u.s. marshals,U.S. Marshals,institution,favorable,opus-judgment-20260721,True
/the-presidency/presidential-speeches/september-7-2020-labor-day-press-conference,51,Antifa,group,adversarial,judgment-full-20260720,antifa,Antifa,group,adversarial,opus-judgment-20260721,True
/the-presidency/presidential-speeches/september-7-2020-labor-day-press-conference,51,Black Lives Matter,group,adversarial,judgment-full-20260720,black lives matter,Black Lives Matter,group,adversarial,opus-judgment-20260721,True
/the-presidency/presidential-speeches/september-7-2020-labor-day-press-conference,57,Pelosi,person,adversarial,judgment-full-20260720,pelosi,Pelosi,person,adversarial,opus-judgment-20260721,True
/the-presidency/presidential-speeches/september-7-2020-labor-day-press-conference,57,Schumer,person,adversarial,judgment-full-20260720,schumer,Schumer,person,adversarial,opus-judgment-20260721,True
/the-presidency/presidential-speeches/september-7-2020-labor-day-press-conference,58,Democrats,group,adversarial,judgment-full-20260720,democrats,Democrats,group,adversarial,opus-judgment-20260721,True
/the-presidency/presidential-speeches/september-7-2020-labor-day-press-conference,60,Meadows,person,favorable,judgment-full-20260720,meadows,Meadows,person,favorable,opus-judgment-20260721,True
/the-presidency/presidential-speeches/september-7-2020-labor-day-press-conference,60,Mnuchin,person,favorable,judgment-full-20260720,mnuchin,Mnuchin,person,favorable,opus-judgment-20260721,True
/the-presidency/presidential-speeches/september-7-2020-labor-day-press-conference,61,Democrats,group,adversarial,judgment-full-20260720,democrats,Democrats,group,adversarial,opus-judgment-20260721,True
/the-presidency/presidential-speeches/september-7-2020-labor-day-press-conference,63,Biden,person,adversarial,judgment-full-20260720,biden,Biden,person,adversarial,opus-judgment-20260721,True
/the-presidency/presidential-speeches/september-7-2020-labor-day-press-conference,63,Obama,person,adversarial,judgment-full-20260720,obama,Obama,person,adversarial,opus-judgment-20260721,True
/the-presidency/presidential-speeches/september-7-2020-labor-day-press-conference,65,Biden,person,adversarial,judgment-full-20260720,biden,Biden,person,adversarial,opus-judgment-20260721,True
/the-presidency/presidential-speeches/september-7-2020-labor-day-press-conference,65,Christopher Steele,person,adversarial,judgment-full-20260720,christopher steele,Christopher Steele,person,adversarial,opus-judgment-20260721,True
/the-presidency/presidential-speeches/september-7-2020-labor-day-press-conference,65,Hillary Clinton,person,adversarial,judgment-full-20260720,hillary clinton,Hillary Clinton,person,adversarial,opus-judgment-20260721,True
/the-presidency/presidential-speeches/september-7-2020-labor-day-press-conference,65,Obama,person,adversarial,judgment-full-20260720,obama,Obama,person,adversarial,opus-judgment-20260721,True
/the-presidency/presidential-speeches/september-7-2020-labor-day-press-conference,66,Obama,person,adversarial,judgment-full-20260720,obama,Obama,person,adversarial,opus-judgment-20260721,True
/the-presidency/presidential-speeches/september-7-2020-labor-day-press-conference,67,Obama,person,adversarial,judgment-full-20260720,obama,Obama,person,adversarial,opus-judgment-20260721,True
/the-presidency/presidential-speeches/september-7-2020-labor-day-press-conference,68,Republican senators,group,neutral,judgment-full-20260720,republican senators,Republican senators,group,adversarial,opus-judgment-20260721,False
/the-presidency/presidential-speeches/september-7-2020-labor-day-press-conference,70,Carolyn Maloney,person,adversarial,judgment-full-20260720,carolyn maloney,Carolyn Maloney,person,adversarial,opus-judgment-20260721,True
/the-presidency/presidential-speeches/september-7-2020-labor-day-press-conference,71,DeJoy,person,favorable,judgment-full-20260720,dejoy,DeJoy,person,favorable,opus-judgment-20260721,True
/the-presidency/presidential-speeches/september-7-2020-labor-day-press-conference,72,DeJoy,person,favorable,judgment-full-20260720,dejoy,DeJoy,person,favorable,opus-judgment-20260721,True
/the-presidency/presidential-speeches/september-7-2020-labor-day-press-conference,75,Mueller,person,adversarial,judgment-full-20260720,mueller,Mueller,person,adversarial,opus-judgment-20260721,True
/the-presidency/presidential-speeches/september-7-2020-labor-day-press-conference,76,Russia,nation,adversarial,judgment-full-20260720,russia,Russia,nation,neutral,opus-judgment-20260721,False
/the-presidency/presidential-speeches/september-7-2020-labor-day-press-conference,77,Germany,nation,neutral,judgment-full-20260720,germany,Germany,nation,neutral,opus-judgment-20260721,True
/the-presidency/presidential-speeches/september-7-2020-labor-day-press-conference,77,Russia,nation,adversarial,judgment-full-20260720,russia,Russia,nation,adversarial,opus-judgment-20260721,True
/the-presidency/presidential-speeches/september-7-2020-labor-day-press-conference,78,Germany,nation,adversarial,judgment-full-20260720,germany,Germany,nation,adversarial,opus-judgment-20260721,True
/the-presidency/presidential-speeches/september-7-2020-labor-day-press-conference,78,NATO,institution,neutral,judgment-full-20260720,nato,NATO,institution,neutral,opus-judgment-20260721,True
/the-presidency/presidential-speeches/september-7-2020-labor-day-press-conference,79,Germany,nation,adversarial,judgment-full-20260720,germany,Germany,nation,neutral,opus-judgment-20260721,False
/the-presidency/presidential-speeches/september-7-2020-labor-day-press-conference,79,Russia,nation,adversarial,judgment-full-20260720,russia,Russia,nation,adversarial,opus-judgment-20260721,True
/the-presidency/presidential-speeches/september-7-2020-labor-day-press-conference,80,John Kelly,person,neutral,judgment-full-20260720,john kelly,John Kelly,person,favorable,opus-judgment-20260721,False
/the-presidency/presidential-speeches/september-7-2020-labor-day-press-conference,80,Zach Fuentes,person,favorable,judgment-full-20260720,zach fuentes,Zach Fuentes,person,favorable,opus-judgment-20260721,True
/the-presidency/presidential-speeches/september-7-2020-labor-day-press-conference,82,Joe Biden,person,adversarial,judgment-full-20260720,joe biden,Joe Biden,person,adversarial,opus-judgment-20260721,True
/the-presidency/presidential-speeches/september-7-2020-labor-day-press-conference,82,Kamala Harris,person,adversarial,judgment-full-20260720,kamala harris,Kamala Harris,person,adversarial,opus-judgment-20260721,True
/the-presidency/presidential-speeches/september-7-2020-labor-day-press-conference,85,Obama,person,neutral,judgment-full-20260720,obama,Obama,person,neutral,opus-judgment-20260721,True
/the-presidency/presidential-speeches/september-7-2020-labor-day-press-conference,94,China,nation,adversarial,judgment-full-20260720,china,China,nation,adversarial,opus-judgment-20260721,True
/the-presidency/presidential-speeches/september-8-1943-fireside-chat-26-armistice-italy,1,United Nations,group,favorable,judgment-full-20260720,united nations,United Nations,institution,favorable,opus-judgment-20260721,True
/the-presidency/presidential-speeches/september-8-1943-fireside-chat-26-armistice-italy,2,Germans,group,adversarial,judgment-full-20260720,germans,Germans,group,adversarial,opus-judgment-20260721,True
/the-presidency/presidential-speeches/september-8-1943-fireside-chat-26-armistice-italy,2,Italy,nation,favorable,judgment-full-20260720,italy,Italy,nation,favorable,opus-judgment-20260721,True
/the-presidency/presidential-speeches/september-8-1943-fireside-chat-26-armistice-italy,2,Nazis,group,adversarial,judgment-full-20260720,nazis,Nazis,group,adversarial,opus-judgment-20260721,True
/the-presidency/presidential-speeches/september-8-1943-fireside-chat-26-armistice-italy,2,United Nations,group,favorable,judgment-full-20260720,united nations,United Nations,institution,favorable,opus-judgment-20260721,True
/the-presidency/presidential-speeches/september-8-1943-fireside-chat-26-armistice-italy,3,Berlin,other,adversarial,judgment-full-20260720,berlin,Berlin,other,adversarial,opus-judgment-20260721,True
/the-presidency/presidential-speeches/september-8-1943-fireside-chat-26-armistice-italy,3,General Eisenhower,person,favorable,judgment-full-20260720,general eisenhower,General Eisenhower,person,favorable,opus-judgment-20260721,True
/the-presidency/presidential-speeches/september-8-1943-fireside-chat-26-armistice-italy,3,Tokyo,other,adversarial,judgment-full-20260720,tokyo,Tokyo,other,adversarial,opus-judgment-20260721,True
/the-presidency/presidential-speeches/september-8-1943-fireside-chat-26-armistice-italy,4,Mr. Churchill,person,favorable,judgment-full-20260720,mr. churchill,Mr. Churchill,person,favorable,opus-judgment-20260721,True
/the-presidency/presidential-speeches/september-8-1943-fireside-chat-26-armistice-italy,5,Japs,group,adversarial,judgment-full-20260720,japs,Japs,group,adversarial,opus-judgment-20260721,True
/the-presidency/presidential-speeches/september-8-1943-fireside-chat-26-armistice-italy,5,United Nations,group,favorable,judgment-full-20260720,united nations,United Nations,institution,favorable,opus-judgment-20260721,True
/the-presidency/presidential-speeches/september-8-1943-fireside-chat-26-armistice-italy,11,Germany,nation,adversarial,judgment-full-20260720,germany,Germany,nation,adversarial,opus-judgment-20260721,True
/the-presidency/presidential-speeches/september-8-1943-fireside-chat-26-armistice-italy,11,Japan,nation,adversarial,judgment-full-20260720,japan,Japan,nation,adversarial,opus-judgment-20260721,True
/the-presidency/presidential-speeches/september-9-2021-remarks-fighting-covid-19-pandemic,10,FDA,institution,favorable,judgment-r2-20260720,fda,FDA,institution,favorable,opus-judgment-r2-20260722,True
/the-presidency/presidential-speeches/september-9-2021-remarks-fighting-covid-19-pandemic,12,Department of Labor,institution,neutral,judgment-r2-20260720,department of labor,Department of Labor,institution,favorable,opus-judgment-r2-20260722,False
/the-presidency/presidential-speeches/september-9-2021-remarks-fighting-covid-19-pandemic,12,Disney,institution,favorable,judgment-r2-20260720,disney,Disney,institution,favorable,opus-judgment-r2-20260722,True
/the-presidency/presidential-speeches/september-9-2021-remarks-fighting-covid-19-pandemic,12,Fox News,institution,favorable,judgment-r2-20260720,fox news,Fox News,institution,neutral,opus-judgment-r2-20260722,False
/the-presidency/presidential-speeches/september-9-2021-remarks-fighting-covid-19-pandemic,12,United Airlines,institution,favorable,judgment-r2-20260720,united airlines,United Airlines,institution,favorable,opus-judgment-r2-20260722,True
/the-presidency/presidential-speeches/september-9-2021-remarks-fighting-covid-19-pandemic,15,Department of Labor,institution,neutral,judgment-r2-20260720,department of labor,Department of Labor,institution,favorable,opus-judgment-r2-20260722,False
/the-presidency/presidential-speeches/september-9-2021-remarks-fighting-covid-19-pandemic,21,CDC,institution,favorable,judgment-r2-20260720,cdc,CDC,institution,favorable,opus-judgment-r2-20260722,True
/the-presidency/presidential-speeches/september-9-2021-remarks-fighting-covid-19-pandemic,21,FDA,institution,favorable,judgment-r2-20260720,fda,FDA,institution,favorable,opus-judgment-r2-20260722,True
/the-presidency/presidential-speeches/september-9-2021-remarks-fighting-covid-19-pandemic,26,FDA,institution,favorable,judgment-r2-20260720,fda,FDA,institution,favorable,opus-judgment-r2-20260722,True
/the-presidency/presidential-speeches/september-9-2021-remarks-fighting-covid-19-pandemic,30,Department of Education,institution,favorable,judgment-r2-20260720,department of education,Department of Education,institution,favorable,opus-judgment-r2-20260722,True
/the-presidency/presidential-speeches/september-9-2021-remarks-fighting-covid-19-pandemic,31,Amazon,institution,favorable,judgment-r2-20260720,amazon,Amazon,institution,favorable,opus-judgment-r2-20260722,True
/the-presidency/presidential-speeches/september-9-2021-remarks-fighting-covid-19-pandemic,31,Walmart,institution,favorable,judgment-r2-20260720,walmart,Walmart,institution,favorable,opus-judgment-r2-20260722,True
/the-presidency/presidential-speeches/september-9-2021-remarks-fighting-covid-19-pandemic,33,TSA,institution,neutral,judgment-r2-20260720,tsa,TSA,institution,favorable,opus-judgment-r2-20260722,False
/the-presidency/presidential-speeches/september-9-2021-remarks-fighting-covid-19-pandemic,36,CDC,institution,neutral,judgment-r2-20260720,cdc,CDC,institution,favorable,opus-judgment-r2-20260722,False
/the-presidency/presidential-speeches/september-9-2021-remarks-fighting-covid-19-pandemic,36,FEMA,institution,neutral,judgment-r2-20260720,fema,FEMA,institution,favorable,opus-judgment-r2-20260722,False
/the-presidency/presidential-speeches/september-9-2021-remarks-fighting-covid-19-pandemic,37,conspiracy theorists,group,adversarial,judgment-r2-20260720,conspiracy theorists,conspiracy theorists,group,adversarial,opus-judgment-r2-20260722,True
/the-presidency/presidential-speeches/september-9-2021-remarks-fighting-covid-19-pandemic,39,China,nation,neutral,judgment-r2-20260720,china,China,nation,neutral,opus-judgment-r2-20260722,True
/the-presidency/presidential-speeches/september-9-2021-remarks-fighting-covid-19-pandemic,39,Russia,nation,neutral,judgment-r2-20260720,russia,Russia,nation,neutral,opus-judgment-r2-20260722,True
february-1-2018-remarks-house-and-senate-republican-member,0,Jim Justice,person,favorable,judgment-full-20260720,jim justice,Jim Justice,person,favorable,opus-judgment-20260721,True
february-1-2018-remarks-house-and-senate-republican-member,0,Republican Party,group,favorable,judgment-full-20260720,republican party,Republican Party,group,favorable,opus-judgment-20260721,True
february-1-2018-remarks-house-and-senate-republican-member,1,Steve Scalise,person,favorable,judgment-full-20260720,steve scalise,Steve Scalise,person,favorable,opus-judgment-20260721,True
february-1-2018-remarks-house-and-senate-republican-member,3,John Cornyn,person,favorable,judgment-full-20260720,john cornyn,John Cornyn,person,favorable,opus-judgment-20260721,True
february-1-2018-remarks-house-and-senate-republican-member,3,Kevin McCarthy,person,favorable,judgment-full-20260720,kevin mccarthy,Kevin McCarthy,person,favorable,opus-judgment-20260721,True
february-1-2018-remarks-house-and-senate-republican-member,3,Mitch McConnell,person,favorable,judgment-full-20260720,mitch mcconnell,Mitch McConnell,person,favorable,opus-judgment-20260721,True
february-1-2018-remarks-house-and-senate-republican-member,3,Steve Scalise,person,favorable,judgment-full-20260720,steve scalise,Steve Scalise,person,favorable,opus-judgment-20260721,True
february-1-2018-remarks-house-and-senate-republican-member,4,Paul Ryan,person,favorable,judgment-full-20260720,paul ryan,Paul Ryan,person,favorable,opus-judgment-20260721,True
february-1-2018-remarks-house-and-senate-republican-member,4,Republican Party,group,favorable,judgment-full-20260720,republican party,Republican Party,group,favorable,opus-judgment-20260721,True
february-1-2018-remarks-house-and-senate-republican-member,5,Paul Ryan,person,favorable,judgment-full-20260720,paul ryan,Paul Ryan,person,favorable,opus-judgment-20260721,True
february-1-2018-remarks-house-and-senate-republican-member,6,Republican Party,group,favorable,judgment-full-20260720,republican party,Republican Party,group,favorable,opus-judgment-20260721,True
february-1-2018-remarks-house-and-senate-republican-member,12,Democrats,group,adversarial,judgment-full-20260720,democrats,Democrats,group,adversarial,opus-judgment-20260721,True
february-1-2018-remarks-house-and-senate-republican-member,17,Don Young,person,favorable,judgment-full-20260720,don young,Don Young,person,favorable,opus-judgment-20260721,True
february-1-2018-remarks-house-and-senate-republican-member,18,Orrin Hatch,person,favorable,judgment-full-20260720,orrin hatch,Orrin Hatch,person,favorable,opus-judgment-20260721,True
february-1-2018-remarks-house-and-senate-republican-member,19,Kevin Brady,person,favorable,judgment-full-20260720,kevin brady,Kevin Brady,person,favorable,opus-judgment-20260721,True
february-1-2018-remarks-house-and-senate-republican-member,21,Nancy Pelosi,person,adversarial,judgment-full-20260720,nancy pelosi,Nancy Pelosi,person,adversarial,opus-judgment-20260721,True
february-1-2018-remarks-house-and-senate-republican-member,23,opposing party,group,adversarial,judgment-full-20260720,opposing party,opposing party,group,adversarial,opus-judgment-20260721,True
february-1-2018-remarks-house-and-senate-republican-member,24,Apple,institution,favorable,judgment-full-20260720,apple,Apple,institution,favorable,opus-judgment-20260721,True
february-1-2018-remarks-house-and-senate-republican-member,24,Tim Cook,person,neutral,judgment-full-20260720,tim cook,Tim Cook,person,favorable,opus-judgment-20260721,False
february-1-2018-remarks-house-and-senate-republican-member,25,ExxonMobil,institution,favorable,judgment-full-20260720,exxonmobil,ExxonMobil,institution,favorable,opus-judgment-20260721,True
february-1-2018-remarks-house-and-senate-republican-member,25,Tim Scott,person,favorable,judgment-full-20260720,tim scott,Tim Scott,person,favorable,opus-judgment-20260721,True
february-1-2018-remarks-house-and-senate-republican-member,32,Scott Gottlieb,person,favorable,judgment-full-20260720,scott gottlieb,Scott Gottlieb,person,favorable,opus-judgment-20260721,True
february-1-2018-remarks-house-and-senate-republican-member,37,Democrats,group,adversarial,judgment-full-20260720,democrats,Democrats,group,adversarial,opus-judgment-20260721,True
february-1-2018-remarks-house-and-senate-republican-member,37,Republican Party,group,favorable,judgment-full-20260720,republican party,Republican Party,group,favorable,opus-judgment-20260721,True
february-1-2018-remarks-house-and-senate-republican-member,38,Democrats,group,adversarial,judgment-full-20260720,democrats,Democrats,group,adversarial,opus-judgment-20260721,True
february-1-2018-remarks-house-and-senate-republican-member,41,Bob Goodlatte,person,favorable,judgment-full-20260720,bob goodlatte,Bob Goodlatte,person,favorable,opus-judgment-20260721,True
february-1-2018-remarks-house-and-senate-republican-member,41,David Perdue,person,favorable,judgment-full-20260720,david perdue,David Perdue,person,favorable,opus-judgment-20260721,True
february-1-2018-remarks-house-and-senate-republican-member,41,John Cornyn,person,favorable,judgment-full-20260720,john cornyn,John Cornyn,person,favorable,opus-judgment-20260721,True
february-1-2018-remarks-house-and-senate-republican-member,41,Tom Cotton,person,favorable,judgment-full-20260720,tom cotton,Tom Cotton,person,favorable,opus-judgment-20260721,True
february-1-2018-remarks-house-and-senate-republican-member,42,Obama,person,adversarial,judgment-full-20260720,obama,Obama,person,adversarial,opus-judgment-20260721,True
february-1-2018-remarks-house-and-senate-republican-member,43,the other side,group,adversarial,judgment-full-20260720,the other side,the other side,group,adversarial,opus-judgment-20260721,True
february-1-2018-remarks-house-and-senate-republican-member,45,Democrats,group,adversarial,judgment-full-20260720,democrats,Democrats,group,adversarial,opus-judgment-20260721,True
february-1-2018-remarks-house-and-senate-republican-member,48,Democrats,group,adversarial,judgment-full-20260720,democrats,Democrats,group,adversarial,opus-judgment-20260721,True
february-1-2018-remarks-house-and-senate-republican-member,49,Democrats,group,adversarial,judgment-full-20260720,democrats,Democrats,group,adversarial,opus-judgment-20260721,True
february-1-2018-remarks-house-and-senate-republican-member,51,Mitch McConnell,person,favorable,judgment-full-20260720,mitch mcconnell,Mitch McConnell,person,favorable,opus-judgment-20260721,True
february-1-2018-remarks-house-and-senate-republican-member,54,terrorists,group,adversarial,judgment-full-20260720,terrorists,terrorists,group,adversarial,opus-judgment-20260721,True
february-4-2020-state-union-address,9,Tim Scott,person,favorable,judgment-r2-20260720,tim scott,Tim Scott,person,favorable,opus-judgment-r2-20260722,True
february-4-2020-state-union-address,10,Tony Rankins,person,favorable,judgment-r2-20260720,tony rankins,Tony Rankins,person,favorable,opus-judgment-r2-20260722,True
february-4-2020-state-union-address,16,China,nation,adversarial,judgment-r2-20260720,china,China,nation,adversarial,opus-judgment-r2-20260722,True
february-4-2020-state-union-address,17,China,nation,adversarial,judgment-r2-20260720,china,China,nation,adversarial,opus-judgment-r2-20260722,True
february-4-2020-state-union-address,19,Juan Guaidó,person,favorable,judgment-r2-20260720,juan guaidó,Juan Guaidó,person,favorable,opus-judgment-r2-20260722,True
february-4-2020-state-union-address,20,NATO,institution,neutral,judgment-r2-20260720,nato,NATO,institution,neutral,opus-judgment-r2-20260722,True
february-4-2020-state-union-address,21,Iain Lanphier,person,favorable,judgment-r2-20260720,iain lanphier,Iain Lanphier,person,favorable,opus-judgment-r2-20260722,True
february-4-2020-state-union-address,22,Charles McGee,person,favorable,judgment-r2-20260720,charles mcgee,Charles McGee,person,favorable,opus-judgment-r2-20260722,True
february-4-2020-state-union-address,23,Charles McGee,person,favorable,judgment-r2-20260720,charles mcgee,Charles McGee,person,favorable,opus-judgment-r2-20260722,True
february-4-2020-state-union-address,26,Janiyah Davis,person,favorable,judgment-r2-20260720,janiyah davis,Janiyah Davis,person,favorable,opus-judgment-r2-20260722,True
february-4-2020-state-union-address,26,Pennsylvania's governor,person,adversarial,judgment-r2-20260720,pennsylvania's governor,Pennsylvania's governor,person,adversarial,opus-judgment-r2-20260722,True
february-4-2020-state-union-address,28,Melania,person,favorable,judgment-r2-20260720,melania,Melania,person,favorable,opus-judgment-r2-20260722,True
february-4-2020-state-union-address,33,California,nation,adversarial,judgment-r2-20260720,california,California,other,adversarial,opus-judgment-r2-20260722,True
february-4-2020-state-union-address,35,Chuck Grassley,person,favorable,judgment-r2-20260720,chuck grassley,Chuck Grassley,person,favorable,opus-judgment-r2-20260722,True
february-4-2020-state-union-address,38,Rush Limbaugh,person,favorable,judgment-r2-20260720,rush limbaugh,Rush Limbaugh,person,favorable,opus-judgment-r2-20260722,True
february-4-2020-state-union-address,39,Rush Limbaugh,person,favorable,judgment-r2-20260720,rush limbaugh,Rush Limbaugh,person,favorable,opus-judgment-r2-20260722,True
february-4-2020-state-union-address,40,Ellie Schneider,person,favorable,judgment-r2-20260720,ellie schneider,Ellie Schneider,person,favorable,opus-judgment-r2-20260722,True
february-4-2020-state-union-address,44,John Barrasso,person,favorable,judgment-r2-20260720,john barrasso,John Barrasso,person,favorable,opus-judgment-r2-20260722,True
february-4-2020-state-union-address,46,New York,institution,adversarial,judgment-r2-20260720,new york,New York,other,adversarial,opus-judgment-r2-20260722,True
february-4-2020-state-union-address,46,radical politicians,group,adversarial,judgment-r2-20260720,radical politicians,radical politicians,group,adversarial,opus-judgment-r2-20260722,True
february-4-2020-state-union-address,47,California,nation,adversarial,judgment-r2-20260720,california,California,other,adversarial,opus-judgment-r2-20260722,True
february-4-2020-state-union-address,50,Thom Tillis,person,favorable,judgment-r2-20260720,thom tillis,Thom Tillis,person,favorable,opus-judgment-r2-20260722,True
february-4-2020-state-union-address,53,Raul Ortiz,person,favorable,judgment-r2-20260720,raul ortiz,Raul Ortiz,person,favorable,opus-judgment-r2-20260722,True
february-4-2020-state-union-address,54,Brett Kavanaugh,person,favorable,judgment-r2-20260720,brett kavanaugh,Brett Kavanaugh,person,favorable,opus-judgment-r2-20260722,True
february-4-2020-state-union-address,54,Mitch McConnell,person,favorable,judgment-r2-20260720,mitch mcconnell,Mitch McConnell,person,favorable,opus-judgment-r2-20260722,True
february-4-2020-state-union-address,54,Neil Gorsuch,person,favorable,judgment-r2-20260720,neil gorsuch,Neil Gorsuch,person,favorable,opus-judgment-r2-20260722,True
february-4-2020-state-union-address,58,ISIS,group,adversarial,judgment-r2-20260720,isis,ISIS,group,adversarial,opus-judgment-r2-20260722,True
february-4-2020-state-union-address,58,Kayla Mueller,person,favorable,judgment-r2-20260720,kayla mueller,Kayla Mueller,person,favorable,opus-judgment-r2-20260722,True
february-4-2020-state-union-address,58,al-Baghdadi,person,adversarial,judgment-r2-20260720,al-baghdadi,al-Baghdadi,person,adversarial,opus-judgment-r2-20260722,True
february-4-2020-state-union-address,59,Mark Milley,person,neutral,judgment-r2-20260720,mark milley,Mark Milley,person,favorable,opus-judgment-r2-20260722,False
february-4-2020-state-union-address,60,Christopher Hake,person,favorable,judgment-r2-20260720,christopher hake,Christopher Hake,person,favorable,opus-judgment-r2-20260722,True
february-4-2020-state-union-address,62,Qasem Soleimani,person,adversarial,judgment-r2-20260720,qasem soleimani,Qasem Soleimani,person,adversarial,opus-judgment-r2-20260722,True
february-4-2020-state-union-address,66,Amy Williams,person,favorable,judgment-r2-20260720,amy williams,Amy Williams,person,favorable,opus-judgment-r2-20260722,True
february-4-2020-state-union-address,67,Townsend Williams,person,favorable,judgment-r2-20260720,townsend williams,Townsend Williams,person,favorable,opus-judgment-r2-20260722,True
january-19-2019-remarks-about-us-southern-border,2,cartels and gangs,group,adversarial,judgment-full-20260720,cartels and gangs,cartels and gangs,group,adversarial,opus-judgment-20260721,True
january-19-2019-remarks-about-us-southern-border,2,coyotes,group,adversarial,judgment-full-20260720,coyotes,coyotes,group,adversarial,opus-judgment-20260721,True
january-19-2019-remarks-about-us-southern-border,3,criminal aliens,group,adversarial,judgment-full-20260720,criminal aliens,criminal aliens,group,adversarial,opus-judgment-20260721,True
january-19-2019-remarks-about-us-southern-border,5,extreme voices,group,adversarial,judgment-full-20260720,extreme voices,extreme voices,group,adversarial,opus-judgment-20260721,True
january-19-2019-remarks-about-us-southern-border,8,the radical left,group,adversarial,judgment-full-20260720,the radical left,the radical left,group,adversarial,opus-judgment-20260721,True
january-19-2019-remarks-about-us-southern-border,10,"criminals, drug smugglers, gangs, and traffickers",group,adversarial,judgment-full-20260720,"criminals, drug smugglers, gangs, and traffickers","criminals, drug smugglers, gangs, and traffickers",group,adversarial,opus-judgment-20260721,True
january-19-2019-remarks-about-us-southern-border,11,Democrats,group,neutral,judgment-full-20260720,democrats,Democrats,group,neutral,opus-judgment-20260721,True
january-19-2019-remarks-about-us-southern-border,13,Mitch McConnell,person,favorable,judgment-full-20260720,mitch mcconnell,Mitch McConnell,person,favorable,opus-judgment-20260721,True
january-3-2026-statement-us-action-venezuela,0,Nicolas Maduro,person,adversarial,judgment-full-20260720,nicolas maduro,Nicolas Maduro,person,adversarial,opus-judgment-20260721,True
january-3-2026-statement-us-action-venezuela,1,Iran,nation,adversarial,judgment-full-20260720,iran,Iran,nation,adversarial,opus-judgment-20260721,True
january-3-2026-statement-us-action-venezuela,1,Soleimani,person,adversarial,judgment-full-20260720,soleimani,Soleimani,person,adversarial,opus-judgment-20260721,True
january-3-2026-statement-us-action-venezuela,1,al-Baghdadi,person,adversarial,judgment-full-20260720,al-baghdadi,al-Baghdadi,person,adversarial,opus-judgment-20260721,True
january-3-2026-statement-us-action-venezuela,2,Cilia Flores,person,adversarial,judgment-full-20260720,cilia flores,Cilia Flores,person,adversarial,opus-judgment-20260721,True
january-3-2026-statement-us-action-venezuela,3,Jimmy Carter,person,adversarial,judgment-full-20260720,jimmy carter,Jimmy Carter,person,adversarial,opus-judgment-20260721,True
january-3-2026-statement-us-action-venezuela,5,Venezuela,nation,adversarial,judgment-full-20260720,venezuela,Venezuela,nation,adversarial,opus-judgment-20260721,True
january-3-2026-statement-us-action-venezuela,6,Venezuela,nation,neutral,judgment-full-20260720,venezuela,Venezuela,nation,favorable,opus-judgment-20260721,False
january-3-2026-statement-us-action-venezuela,7,Venezuela,nation,neutral,judgment-full-20260720,venezuela,Venezuela,nation,neutral,opus-judgment-20260721,True
january-3-2026-statement-us-action-venezuela,9,Venezuela,nation,favorable,judgment-full-20260720,venezuela,Venezuela,nation,favorable,opus-judgment-20260721,True
january-3-2026-statement-us-action-venezuela,10,Cartel De Los Soles,group,adversarial,judgment-full-20260720,cartel de los soles,Cartel De Los Soles,group,adversarial,opus-judgment-20260721,True
january-3-2026-statement-us-action-venezuela,13,Tren de Aragua,group,adversarial,judgment-full-20260720,tren de aragua,Tren de Aragua,group,adversarial,opus-judgment-20260721,True
january-3-2026-statement-us-action-venezuela,14,National Guard,institution,favorable,judgment-full-20260720,national guard,National Guard,institution,favorable,opus-judgment-20260721,True
january-3-2026-statement-us-action-venezuela,15,National Guard,institution,favorable,judgment-full-20260720,national guard,National Guard,institution,favorable,opus-judgment-20260721,True
january-3-2026-statement-us-action-venezuela,18,Tren de Aragua,group,adversarial,judgment-full-20260720,tren de aragua,Tren de Aragua,group,adversarial,opus-judgment-20260721,True
january-3-2026-statement-us-action-venezuela,19,Jocelyn Nungaray,person,favorable,judgment-full-20260720,jocelyn nungaray,Jocelyn Nungaray,person,favorable,opus-judgment-20260721,True
january-3-2026-statement-us-action-venezuela,19,Tren de Aragua,group,adversarial,judgment-full-20260720,tren de aragua,Tren de Aragua,group,adversarial,opus-judgment-20260721,True
january-3-2026-statement-us-action-venezuela,20,Maduro regime,institution,adversarial,judgment-full-20260720,maduro regime,Maduro regime,group,adversarial,opus-judgment-20260721,True
january-3-2026-statement-us-action-venezuela,21,Venezuela,nation,adversarial,judgment-full-20260720,venezuela,Venezuela,nation,adversarial,opus-judgment-20260721,True
january-3-2026-statement-us-action-venezuela,24,Trump administration,institution,favorable,judgment-full-20260720,trump administration,Trump administration,group,favorable,opus-judgment-20260721,True
january-3-2026-statement-us-action-venezuela,25,cartels,group,adversarial,judgment-full-20260720,cartels,cartels,group,adversarial,opus-judgment-20260721,True
january-3-2026-statement-us-action-venezuela,25,other presidents,group,adversarial,judgment-full-20260720,other presidents,Other presidents,group,adversarial,opus-judgment-20260721,True
january-3-2026-statement-us-action-venezuela,26,Venezuela,nation,favorable,judgment-full-20260720,venezuela,Venezuela,nation,favorable,opus-judgment-20260721,True
january-3-2026-statement-us-action-venezuela,27,Pete Hegseth,person,favorable,judgment-full-20260720,pete hegseth,Pete Hegseth,person,favorable,opus-judgment-20260721,True
january-6-2022-remarks-anniversary-january-6th-assault-us,3,radical faction,group,adversarial,judgment-r2-20260720,radical faction,radical faction,group,adversarial,opus-judgment-20260721,True
january-6-2022-remarks-anniversary-january-6th-assault-us,6,Capitol Police,institution,favorable,judgment-r2-20260720,capitol police,Capitol Police,institution,favorable,opus-judgment-20260721,True
january-6-2022-remarks-anniversary-january-6th-assault-us,6,National Guard,institution,favorable,judgment-r2-20260720,national guard,National Guard,institution,favorable,opus-judgment-20260721,True
january-6-2022-remarks-anniversary-january-6th-assault-us,9,Joe Biden,person,favorable,judgment-r2-20260720,joe biden,Joe Biden,person,favorable,opus-judgment-20260721,True
january-6-2022-remarks-anniversary-january-6th-assault-us,10,Capitol Police,institution,favorable,judgment-r2-20260720,capitol police,Capitol Police,institution,favorable,opus-judgment-20260721,True
january-6-2022-remarks-anniversary-january-6th-assault-us,11,Abraham Lincoln,person,favorable,judgment-r2-20260720,abraham lincoln,Abraham Lincoln,person,favorable,opus-judgment-20260721,True
january-6-2022-remarks-anniversary-january-6th-assault-us,12,Rioters,group,adversarial,judgment-r2-20260720,rioters,Rioters,group,adversarial,opus-judgment-20260721,True
january-6-2022-remarks-anniversary-january-6th-assault-us,13,police officers,group,favorable,judgment-r2-20260720,police officers,police officers,group,favorable,opus-judgment-20260721,True
january-6-2022-remarks-anniversary-january-6th-assault-us,14,former president,person,adversarial,judgment-r2-20260720,former president,former president,person,adversarial,opus-judgment-20260721,True
january-6-2022-remarks-anniversary-january-6th-assault-us,16,former president,person,adversarial,judgment-r2-20260720,former president,former president,person,adversarial,opus-judgment-20260721,True
january-6-2022-remarks-anniversary-january-6th-assault-us,17,Lincoln,person,favorable,judgment-r2-20260720,lincoln,Lincoln,person,favorable,opus-judgment-20260721,True
january-6-2022-remarks-anniversary-january-6th-assault-us,17,Reagan,person,favorable,judgment-r2-20260720,reagan,Reagan,person,favorable,opus-judgment-20260721,True
january-6-2022-remarks-anniversary-january-6th-assault-us,17,Republican Party,group,adversarial,judgment-r2-20260720,republican party,Republican Party,group,adversarial,opus-judgment-20260721,True
january-6-2022-remarks-anniversary-january-6th-assault-us,18,Republicans,group,adversarial,judgment-r2-20260720,republicans,Republicans,group,adversarial,opus-judgment-20260721,True
january-6-2022-remarks-anniversary-january-6th-assault-us,18,former president,person,adversarial,judgment-r2-20260720,former president,former president,person,adversarial,opus-judgment-20260721,True
january-6-2022-remarks-anniversary-january-6th-assault-us,19,former president,person,adversarial,judgment-r2-20260720,former president,former president,person,adversarial,opus-judgment-20260721,True
january-6-2022-remarks-anniversary-january-6th-assault-us,20,former president,person,adversarial,judgment-r2-20260720,former president,former president,person,adversarial,opus-judgment-20260721,True
january-6-2022-remarks-anniversary-january-6th-assault-us,21,former president,person,adversarial,judgment-r2-20260720,former president,former President,person,adversarial,opus-judgment-20260721,True
january-6-2022-remarks-anniversary-january-6th-assault-us,22,former president,person,adversarial,judgment-r2-20260720,former president,former president,person,adversarial,opus-judgment-20260721,True
january-6-2022-remarks-anniversary-january-6th-assault-us,23,former president,person,adversarial,judgment-r2-20260720,former president,former president,person,adversarial,opus-judgment-20260721,True
january-6-2022-remarks-anniversary-january-6th-assault-us,24,former President,person,adversarial,judgment-r2-20260720,former president,former President,person,adversarial,opus-judgment-20260721,True
january-6-2022-remarks-anniversary-january-6th-assault-us,27,China,nation,adversarial,judgment-r2-20260720,china,China,nation,adversarial,opus-judgment-20260721,True
january-6-2022-remarks-anniversary-january-6th-assault-us,27,Russia,nation,adversarial,judgment-r2-20260720,russia,Russia,nation,adversarial,opus-judgment-20260721,True
january-6-2022-remarks-anniversary-january-6th-assault-us,29,former President,person,adversarial,judgment-r2-20260720,former president,former President,person,adversarial,opus-judgment-20260721,True
january-6-2022-remarks-anniversary-january-6th-assault-us,30,Billy Evans,person,favorable,judgment-r2-20260720,billy evans,Billy Evans,person,favorable,opus-judgment-20260721,True
january-6-2022-remarks-anniversary-january-6th-assault-us,30,Brian Sicknick,person,favorable,judgment-r2-20260720,brian sicknick,Brian Sicknick,person,favorable,opus-judgment-20260721,True
october-27-2019-statement-death-abu-bakr-al-baghdadi,0,Abu Bakr al-Baghdadi,person,adversarial,judgment-full-20260720,abu bakr al-baghdadi,Abu Bakr al-Baghdadi,person,adversarial,opus-judgment-20260721,True
october-27-2019-statement-death-abu-bakr-al-baghdadi,0,ISIS,group,adversarial,judgment-full-20260720,isis,ISIS,group,adversarial,opus-judgment-20260721,True
october-27-2019-statement-death-abu-bakr-al-baghdadi,0,United States,nation,favorable,judgment-full-20260720,united states,United States,nation,favorable,opus-judgment-20260721,True
october-27-2019-statement-death-abu-bakr-al-baghdadi,1,Baghdadi,person,adversarial,judgment-full-20260720,baghdadi,Baghdadi,person,adversarial,opus-judgment-20260721,True
october-27-2019-statement-death-abu-bakr-al-baghdadi,2,Baghdadi,person,adversarial,judgment-full-20260720,baghdadi,Baghdadi,person,adversarial,opus-judgment-20260721,True
october-27-2019-statement-death-abu-bakr-al-baghdadi,2,Hamza Bin Laden,person,adversarial,judgment-full-20260720,hamza bin laden,Hamza Bin Laden,person,adversarial,opus-judgment-20260721,True
october-27-2019-statement-death-abu-bakr-al-baghdadi,2,Osama Bin Laden,person,adversarial,judgment-full-20260720,osama bin laden,Osama Bin Laden,person,adversarial,opus-judgment-20260721,True
october-27-2019-statement-death-abu-bakr-al-baghdadi,3,Al Qaeda,group,adversarial,judgment-full-20260720,al qaeda,Al Qaeda,group,adversarial,opus-judgment-20260721,True
october-27-2019-statement-death-abu-bakr-al-baghdadi,3,Baghdadi,person,adversarial,judgment-full-20260720,baghdadi,Baghdadi,person,adversarial,opus-judgment-20260721,True
october-27-2019-statement-death-abu-bakr-al-baghdadi,3,ISIS,group,adversarial,judgment-full-20260720,isis,ISIS,group,adversarial,opus-judgment-20260721,True
october-27-2019-statement-death-abu-bakr-al-baghdadi,4,Baghdadi,person,adversarial,judgment-full-20260720,baghdadi,Baghdadi,person,adversarial,opus-judgment-20260721,True
october-27-2019-statement-death-abu-bakr-al-baghdadi,4,ISIS,group,adversarial,judgment-full-20260720,isis,ISIS,group,adversarial,opus-judgment-20260721,True
october-27-2019-statement-death-abu-bakr-al-baghdadi,4,Jim Foley,person,favorable,judgment-full-20260720,jim foley,Jim Foley,person,favorable,opus-judgment-20260721,True
october-27-2019-statement-death-abu-bakr-al-baghdadi,4,Kayla Mueller,person,favorable,judgment-full-20260720,kayla mueller,Kayla Mueller,person,favorable,opus-judgment-20260721,True
october-27-2019-statement-death-abu-bakr-al-baghdadi,4,Peter Kassig,person,favorable,judgment-full-20260720,peter kassig,Peter Kassig,person,favorable,opus-judgment-20260721,True
october-27-2019-statement-death-abu-bakr-al-baghdadi,4,Steven Sotloff,person,favorable,judgment-full-20260720,steven sotloff,Steven Sotloff,person,favorable,opus-judgment-20260721,True
october-27-2019-statement-death-abu-bakr-al-baghdadi,6,Iraq,nation,neutral,judgment-full-20260720,iraq,Iraq,nation,favorable,opus-judgment-20260721,False
october-27-2019-statement-death-abu-bakr-al-baghdadi,6,Joint Chiefs of Staff,institution,favorable,judgment-full-20260720,joint chiefs of staff,Joint Chiefs of Staff,institution,favorable,opus-judgment-20260721,True
october-27-2019-statement-death-abu-bakr-al-baghdadi,6,Russia,nation,neutral,judgment-full-20260720,russia,Russia,nation,favorable,opus-judgment-20260721,False
october-27-2019-statement-death-abu-bakr-al-baghdadi,6,Syria,nation,neutral,judgment-full-20260720,syria,Syria,nation,favorable,opus-judgment-20260721,False
october-27-2019-statement-death-abu-bakr-al-baghdadi,6,Syrian Kurds,group,favorable,judgment-full-20260720,syrian kurds,Syrian Kurds,group,favorable,opus-judgment-20260721,True
october-27-2019-statement-death-abu-bakr-al-baghdadi,6,Turkey,nation,neutral,judgment-full-20260720,turkey,Turkey,nation,favorable,opus-judgment-20260721,False
october-27-2019-statement-death-abu-bakr-al-baghdadi,7,Baghdadi,person,adversarial,judgment-full-20260720,baghdadi,Baghdadi,person,adversarial,opus-judgment-20260721,True
september-19-2017-address-united-nations-general-assembly,3,Rogue regimes,nation,adversarial,judgment-full-20260720,rogue regimes,rogue regimes,group,adversarial,opus-judgment-20260721,True
september-19-2017-address-united-nations-general-assembly,4,International criminal networks,group,adversarial,judgment-full-20260720,international criminal networks,International criminal networks,group,adversarial,opus-judgment-20260721,True
september-19-2017-address-united-nations-general-assembly,6,United Nations,institution,neutral,judgment-full-20260720,united nations,United Nations,institution,favorable,opus-judgment-20260721,False
september-19-2017-address-united-nations-general-assembly,17,rogue regimes,nation,adversarial,judgment-full-20260720,rogue regimes,rogue regimes,group,adversarial,opus-judgment-20260721,True
september-19-2017-address-united-nations-general-assembly,18,North Korea,nation,adversarial,judgment-full-20260720,north korea,North Korea,nation,adversarial,opus-judgment-20260721,True
september-19-2017-address-united-nations-general-assembly,18,Otto Warmbier,person,favorable,judgment-full-20260720,otto warmbier,Otto Warmbier,person,favorable,opus-judgment-20260721,True
september-19-2017-address-united-nations-general-assembly,19,North Korea,nation,adversarial,judgment-full-20260720,north korea,North Korea,nation,adversarial,opus-judgment-20260721,True
september-19-2017-address-united-nations-general-assembly,20,North Korea,nation,adversarial,judgment-full-20260720,north korea,North Korea,nation,adversarial,opus-judgment-20260721,True
september-19-2017-address-united-nations-general-assembly,20,Rocket Man,person,adversarial,judgment-full-20260720,rocket man,Rocket Man,person,adversarial,opus-judgment-20260721,True
september-19-2017-address-united-nations-general-assembly,21,China,nation,neutral,judgment-full-20260720,china,China,nation,favorable,opus-judgment-20260721,False
september-19-2017-address-united-nations-general-assembly,21,North Korea,nation,adversarial,judgment-full-20260720,north korea,North Korea,nation,adversarial,opus-judgment-20260721,True
september-19-2017-address-united-nations-general-assembly,21,Russia,nation,neutral,judgment-full-20260720,russia,Russia,nation,favorable,opus-judgment-20260721,False
september-19-2017-address-united-nations-general-assembly,22,Iran,nation,adversarial,judgment-full-20260720,iran,Iran,nation,adversarial,opus-judgment-20260721,True
september-19-2017-address-united-nations-general-assembly,23,Bashar al-Assad,person,adversarial,judgment-full-20260720,bashar al-assad,Bashar al-Assad,person,adversarial,opus-judgment-20260721,True
september-19-2017-address-united-nations-general-assembly,23,Hezbollah,group,adversarial,judgment-full-20260720,hezbollah,Hezbollah,group,adversarial,opus-judgment-20260721,True
september-19-2017-address-united-nations-general-assembly,24,Iran,nation,adversarial,judgment-full-20260720,iran,Iran,nation,adversarial,opus-judgment-20260721,True
september-19-2017-address-united-nations-general-assembly,24,Iran Deal,other,adversarial,judgment-full-20260720,iran deal,Iran Deal,other,adversarial,opus-judgment-20260721,True
september-19-2017-address-united-nations-general-assembly,25,Iran,nation,adversarial,judgment-full-20260720,iran,Iran,nation,adversarial,opus-judgment-20260721,True
september-19-2017-address-united-nations-general-assembly,27,Saudi Arabia,nation,favorable,judgment-full-20260720,saudi arabia,Saudi Arabia,nation,favorable,opus-judgment-20260721,True
september-19-2017-address-united-nations-general-assembly,28,Hezbollah,group,adversarial,judgment-full-20260720,hezbollah,Hezbollah,group,adversarial,opus-judgment-20260721,True
september-19-2017-address-united-nations-general-assembly,28,Taliban,group,adversarial,judgment-full-20260720,taliban,Taliban,group,adversarial,opus-judgment-20260721,True
september-19-2017-address-united-nations-general-assembly,28,al Qaeda,group,adversarial,judgment-full-20260720,al qaeda,al Qaeda,group,adversarial,opus-judgment-20260721,True
september-19-2017-address-united-nations-general-assembly,29,terrorists,group,adversarial,judgment-full-20260720,terrorists,terrorists,group,adversarial,opus-judgment-20260721,True
september-19-2017-address-united-nations-general-assembly,30,Bashar al-Assad,person,adversarial,judgment-full-20260720,bashar al-assad,Bashar al-Assad,person,adversarial,opus-judgment-20260721,True
september-19-2017-address-united-nations-general-assembly,30,ISIS,group,adversarial,judgment-full-20260720,isis,ISIS,group,adversarial,opus-judgment-20260721,True
september-19-2017-address-united-nations-general-assembly,31,Jordan,nation,favorable,judgment-full-20260720,jordan,Jordan,nation,favorable,opus-judgment-20260721,True
september-19-2017-address-united-nations-general-assembly,31,Lebanon,nation,favorable,judgment-full-20260720,lebanon,Lebanon,nation,favorable,opus-judgment-20260721,True
september-19-2017-address-united-nations-general-assembly,31,Turkey,nation,favorable,judgment-full-20260720,turkey,Turkey,nation,favorable,opus-judgment-20260721,True
september-19-2017-address-united-nations-general-assembly,32,G20,institution,neutral,judgment-full-20260720,g20,G20,institution,favorable,opus-judgment-20260721,False
september-19-2017-address-united-nations-general-assembly,34,African Union,institution,favorable,judgment-full-20260720,african union,African Union,institution,favorable,opus-judgment-20260721,True
september-19-2017-address-united-nations-general-assembly,34,United Nations,institution,favorable,judgment-full-20260720,united nations,United Nations,institution,favorable,opus-judgment-20260721,True
september-19-2017-address-united-nations-general-assembly,35,United Nations,institution,neutral,judgment-full-20260720,united nations,United Nations,institution,neutral,opus-judgment-20260721,True
september-19-2017-address-united-nations-general-assembly,37,United Nations,institution,neutral,judgment-full-20260720,united nations,United Nations,institution,neutral,opus-judgment-20260721,True
september-19-2017-address-united-nations-general-assembly,42,Cuba,nation,adversarial,judgment-full-20260720,cuba,Cuba,nation,adversarial,opus-judgment-20260721,True
september-19-2017-address-united-nations-general-assembly,42,Soviet Union,nation,adversarial,judgment-full-20260720,soviet union,Soviet Union,nation,adversarial,opus-judgment-20260721,True
september-19-2017-address-united-nations-general-assembly,42,Venezuela,nation,adversarial,judgment-full-20260720,venezuela,Venezuela,nation,adversarial,opus-judgment-20260721,True
september-19-2017-address-united-nations-general-assembly,48,John Adams,person,favorable,judgment-full-20260720,john adams,John Adams,person,favorable,opus-judgment-20260721,True
september-25-2019-press-conference,1,Japan,nation,favorable,judgment-full-20260720,japan,Japan,nation,favorable,opus-judgment-20260721,True
september-25-2019-press-conference,1,Larry Kudlow,person,favorable,judgment-full-20260720,larry kudlow,Larry Kudlow,person,favorable,opus-judgment-20260721,True
september-25-2019-press-conference,2,Kevin McCarthy,person,favorable,judgment-full-20260720,kevin mccarthy,Kevin McCarthy,person,favorable,opus-judgment-20260721,True
september-25-2019-press-conference,2,Republicans,group,favorable,judgment-full-20260720,republicans,Republicans,group,favorable,opus-judgment-20260721,True
september-25-2019-press-conference,2,the whistleblower,person,adversarial,judgment-full-20260720,the whistleblower,the whistleblower,person,adversarial,opus-judgment-20260721,True
september-25-2019-press-conference,3,Joe Biden,person,adversarial,judgment-full-20260720,joe biden,Joe Biden,person,adversarial,opus-judgment-20260721,True
september-25-2019-press-conference,4,Democrats,group,adversarial,judgment-full-20260720,democrats,Democrats,group,adversarial,opus-judgment-20260721,True
september-25-2019-press-conference,5,Democrats,group,adversarial,judgment-full-20260720,democrats,Democrats,group,adversarial,opus-judgment-20260721,True
september-25-2019-press-conference,5,President of Ukraine,person,neutral,judgment-full-20260720,president of ukraine,President of Ukraine,person,favorable,opus-judgment-20260721,False
september-25-2019-press-conference,7,Patrick Leahy,person,adversarial,judgment-full-20260720,patrick leahy,Patrick Leahy,person,adversarial,opus-judgment-20260721,True
september-25-2019-press-conference,7,Richard Durbin,person,adversarial,judgment-full-20260720,richard durbin,Richard Durbin,person,adversarial,opus-judgment-20260721,True
september-25-2019-press-conference,7,Robert Menendez,person,adversarial,judgment-full-20260720,robert menendez,Robert Menendez,person,adversarial,opus-judgment-20260721,True
september-25-2019-press-conference,8,Chris Murphy,person,adversarial,judgment-full-20260720,chris murphy,Chris Murphy,person,adversarial,opus-judgment-20260721,True
september-25-2019-press-conference,9,Joseph Maguire,person,favorable,judgment-full-20260720,joseph maguire,Joseph Maguire,person,favorable,opus-judgment-20260721,True
september-25-2019-press-conference,10,Joseph Maguire,person,favorable,judgment-full-20260720,joseph maguire,Joseph Maguire,person,favorable,opus-judgment-20260721,True
september-25-2019-press-conference,10,Washington Post,institution,adversarial,judgment-full-20260720,washington post,Washington Post,institution,adversarial,opus-judgment-20260721,True
september-25-2019-press-conference,11,Joseph Maguire,person,favorable,judgment-full-20260720,joseph maguire,Joseph Maguire,person,favorable,opus-judgment-20260721,True
september-25-2019-press-conference,12,China,nation,adversarial,judgment-full-20260720,china,China,nation,adversarial,opus-judgment-20260721,True
september-25-2019-press-conference,15,Boris Johnson,person,favorable,judgment-full-20260720,boris johnson,Boris Johnson,person,favorable,opus-judgment-20260721,True
september-25-2019-press-conference,15,United Kingdom,nation,favorable,judgment-full-20260720,united kingdom,United Kingdom,nation,favorable,opus-judgment-20260721,True
september-25-2019-press-conference,16,Japan,nation,favorable,judgment-full-20260720,japan,Japan,nation,favorable,opus-judgment-20260721,True
september-25-2019-press-conference,17,India,nation,neutral,judgment-full-20260720,india,India,nation,neutral,opus-judgment-20260721,True
september-25-2019-press-conference,17,Pakistan,nation,neutral,judgment-full-20260720,pakistan,Pakistan,nation,neutral,opus-judgment-20260721,True
september-25-2019-press-conference,18,Poland,nation,favorable,judgment-full-20260720,poland,Poland,nation,favorable,opus-judgment-20260721,True
september-25-2019-press-conference,19,Poland,nation,favorable,judgment-full-20260720,poland,Poland,nation,favorable,opus-judgment-20260721,True
september-25-2019-press-conference,19,Singapore,nation,favorable,judgment-full-20260720,singapore,Singapore,nation,favorable,opus-judgment-20260721,True
september-25-2019-press-conference,21,El Salvador,nation,favorable,judgment-full-20260720,el salvador,El Salvador,nation,favorable,opus-judgment-20260721,True
september-25-2019-press-conference,21,Guatemala,nation,favorable,judgment-full-20260720,guatemala,Guatemala,nation,favorable,opus-judgment-20260721,True
september-25-2019-press-conference,21,Honduras,nation,favorable,judgment-full-20260720,honduras,Honduras,nation,favorable,opus-judgment-20260721,True
september-25-2019-press-conference,22,Democrats,group,adversarial,judgment-full-20260720,democrats,Democrats,group,adversarial,opus-judgment-20260721,True
september-25-2019-press-conference,22,Lopez Obrador,person,favorable,judgment-full-20260720,lopez obrador,Lopez Obrador,person,favorable,opus-judgment-20260721,True
september-25-2019-press-conference,23,Democrats,group,adversarial,judgment-full-20260720,democrats,Democrats,group,adversarial,opus-judgment-20260721,True
september-25-2019-press-conference,24,Democrats,group,adversarial,judgment-full-20260720,democrats,Democrats,group,adversarial,opus-judgment-20260721,True
september-25-2019-press-conference,26,Democrats,group,adversarial,judgment-full-20260720,democrats,Democrats,group,adversarial,opus-judgment-20260721,True
september-25-2019-press-conference,27,Mexico,nation,favorable,judgment-full-20260720,mexico,Mexico,nation,favorable,opus-judgment-20260721,True
september-25-2019-press-conference,28,Ted Cruz,person,favorable,judgment-full-20260720,ted cruz,Ted Cruz,person,favorable,opus-judgment-20260721,True
september-25-2019-press-conference,31,Iran,nation,adversarial,judgment-full-20260720,iran,Iran,nation,adversarial,opus-judgment-20260721,True
september-25-2019-press-conference,31,Venezuela,nation,adversarial,judgment-full-20260720,venezuela,Venezuela,nation,adversarial,opus-judgment-20260721,True
september-25-2019-press-conference,32,unelected bureaucrats,group,adversarial,judgment-full-20260720,unelected bureaucrats,unelected bureaucrats,group,adversarial,opus-judgment-20260721,True
september-25-2019-press-conference,33,Mexico,nation,favorable,judgment-full-20260720,mexico,Mexico,nation,favorable,opus-judgment-20260721,True
september-25-2019-press-conference,36,Barack Obama,person,adversarial,judgment-full-20260720,barack obama,Barack Obama,person,neutral,opus-judgment-20260721,False
september-25-2019-press-conference,38,Biden,person,adversarial,judgment-full-20260720,biden,Biden,person,adversarial,opus-judgment-20260721,True
september-25-2019-press-conference,40,Biden,person,adversarial,judgment-full-20260720,biden,Biden,person,adversarial,opus-judgment-20260721,True
september-25-2019-press-conference,43,Nancy Pelosi,person,adversarial,judgment-full-20260720,nancy pelosi,Nancy Pelosi,person,adversarial,opus-judgment-20260721,True
september-25-2019-press-conference,44,Iran,nation,adversarial,judgment-full-20260720,iran,Iran,nation,adversarial,opus-judgment-20260721,True
september-25-2019-press-conference,45,Iran,nation,adversarial,judgment-full-20260720,iran,Iran,nation,adversarial,opus-judgment-20260721,True
september-25-2019-press-conference,46,Iran,nation,adversarial,judgment-full-20260720,iran,Iran,nation,adversarial,opus-judgment-20260721,True
september-25-2019-press-conference,48,China,nation,adversarial,judgment-full-20260720,china,China,nation,adversarial,opus-judgment-20260721,True
september-25-2019-press-conference,49,China,nation,adversarial,judgment-full-20260720,china,China,nation,neutral,opus-judgment-20260721,False
september-25-2019-press-conference,51,China,nation,adversarial,judgment-full-20260720,china,China,nation,adversarial,opus-judgment-20260721,True
september-25-2019-press-conference,52,China,nation,neutral,judgment-full-20260720,china,China,nation,neutral,opus-judgment-20260721,True
september-25-2019-press-conference,53,China,nation,adversarial,judgment-full-20260720,china,China,nation,adversarial,opus-judgment-20260721,True
september-25-2019-press-conference,53,World Trade Organization,institution,adversarial,judgment-full-20260720,world trade organization,World Trade Organization,institution,adversarial,opus-judgment-20260721,True
september-25-2019-press-conference,55,Dan Bishop,person,favorable,judgment-full-20260720,dan bishop,Dan Bishop,person,favorable,opus-judgment-20260721,True
september-25-2019-press-conference,56,Al Green,person,adversarial,judgment-full-20260720,al green,Al Green,person,adversarial,opus-judgment-20260721,True
september-25-2019-press-conference,58,fake-news media,institution,adversarial,judgment-full-20260720,fake-news media,fake-news media,institution,adversarial,opus-judgment-20260721,True
september-25-2019-press-conference,59,Lindsey Graham,person,favorable,judgment-full-20260720,lindsey graham,Lindsey Graham,person,favorable,opus-judgment-20260721,True
september-25-2019-press-conference,60,Ukraine,nation,neutral,judgment-full-20260720,ukraine,Ukraine,nation,favorable,opus-judgment-20260721,False
september-25-2019-press-conference,61,Corey Lewandowski,person,favorable,judgment-full-20260720,corey lewandowski,Corey Lewandowski,person,favorable,opus-judgment-20260721,True
september-25-2019-press-conference,61,Democrats,group,adversarial,judgment-full-20260720,democrats,Democrats,group,adversarial,opus-judgment-20260721,True
september-25-2019-press-conference,61,Mueller,person,adversarial,judgment-full-20260720,mueller,Mueller,person,adversarial,opus-judgment-20260721,True
september-25-2019-press-conference,62,Joe Biden,person,adversarial,judgment-full-20260720,joe biden,Joe Biden,person,adversarial,opus-judgment-20260721,True
september-25-2019-press-conference,62,Mueller,person,adversarial,judgment-full-20260720,mueller,Mueller,person,adversarial,opus-judgment-20260721,True
september-25-2019-press-conference,65,Adam Schiff,person,adversarial,judgment-full-20260720,adam schiff,Adam Schiff,person,adversarial,opus-judgment-20260721,True
september-25-2019-press-conference,66,Mark Levin,person,favorable,judgment-full-20260720,mark levin,Mark Levin,person,favorable,opus-judgment-20260721,True
september-25-2019-press-conference,66,Rush Limbaugh,person,favorable,judgment-full-20260720,rush limbaugh,Rush Limbaugh,person,favorable,opus-judgment-20260721,True
september-25-2019-press-conference,66,Sean Hannity,person,favorable,judgment-full-20260720,sean hannity,Sean Hannity,person,favorable,opus-judgment-20260721,True
september-25-2019-press-conference,68,Venezuela,nation,neutral,judgment-full-20260720,venezuela,Venezuela,nation,neutral,opus-judgment-20260721,True
september-25-2019-press-conference,69,Maduro,person,adversarial,judgment-full-20260720,maduro,Maduro,person,adversarial,opus-judgment-20260721,True
september-25-2019-press-conference,69,North Korea,nation,adversarial,judgment-full-20260720,north korea,North Korea,nation,adversarial,opus-judgment-20260721,True
september-25-2019-press-conference,69,Russia,nation,adversarial,judgment-full-20260720,russia,Russia,nation,adversarial,opus-judgment-20260721,True
september-25-2019-press-conference,70,Maduro,person,adversarial,judgment-full-20260720,maduro,Maduro,person,adversarial,opus-judgment-20260721,True
september-25-2019-press-conference,72,Maduro,person,adversarial,judgment-full-20260720,maduro,Maduro,person,adversarial,opus-judgment-20260721,True
september-25-2019-press-conference,72,Venezuela,nation,neutral,judgment-full-20260720,venezuela,Venezuela,nation,favorable,opus-judgment-20260721,False
september-25-2019-press-conference,73,Guaidó,person,neutral,judgment-full-20260720,guaidó,Guaidó,person,favorable,opus-judgment-20260721,False
september-25-2019-press-conference,73,Russia,nation,adversarial,judgment-full-20260720,russia,Russia,nation,adversarial,opus-judgment-20260721,True
